img_id,blood_name
100009,小迪克孙X小迪克孙女
100201,多利号回血
100205,多利号多重回血
10045,
100459,
100460,名鸽178直子
100535,
100583,山普森x永胜系x台詹森x电脑
100585,电脑x詹森x陈焰公棚14名
100589,恩格斯178系377外孙
100591,山普森直子X山普森母亲889
100614,西北全能女王号母子近血
100867,
100870,
100900,彼特·文斯特拉
100924,
101010,兰色火箭系
101015,兰色火箭系
101048,
101069,
101124,桑杰士
101126,桑杰士X慕利门
10164,鲁道克拉森
101747,西北全能女王号母子近血
101762,恩格斯377子/范德佛拉斯124
101911,
101924,
101925,
101942,
102077,
102332,恩格斯231系X李军恩格斯
10261,
10264,
102658,凡龙.银影
102659,凡龙.银影
102660,凡龙.银影
102706,胡本
102709,甘纳斯
102710,甘纳斯
102711,甘纳斯
102712,甘纳斯
102713,好莱坞
102714,黄金配对
102719,苍白骑士
102745,红卡多*芬尼卡5000*红狐731
102798,
102800,
102803,
102804,
102847,速霸龙
103074,大内高手*奇米号
103085,胆小二号
103099,大内高手155”孙X“国家1号”直孙女
103100,桑杰士1999KBDB中距离鸽王全国冠军直子
103224,永胜系
103245,永胜系
103380,兴祥电脑戈马力家族
103403,兴祥五关鸽王
103442,七星麦克斯近亲直孙
103443,速霸龙
103570,詹森
103631,德拉帕
103833,乔斯.托内
103892,
103905,
103909,
103910,
103911,
103919,
103976,红狐731直孙*81红狐直女
103990,
104014,
104084,胡本
104100,克拉克
104103,詹森飞毛腿
10414,
104537,电脑二号桑杰士
10466,桑杰士
104745,林波尔系
104751,林波尔系
104758,林波尔系
104768,火箭691直女
104854,总统163直子
104855,总统163直女
104963,飞戈悍将031配山普森特比环冠军
10497,卡尔.穆利门
105026,勃默德配狄尔巴017646
105041,勃默德017786
105125,
105407,彼特·文斯特拉
105408,苏斯通国际冠军家族
105430,苏斯通国际冠军家族
105431,苏斯通国际冠军家族
105501,彼得米卫
105578,藩塔尼
10558,桑杰士
105915,100%多利号血统
105941,瓦特*库瑞斯
105951,琥珀
106059,乔斯.佛卡门
106064,乔斯.佛卡门
10610,纯杨·龚多拉斯
106470,速霸龙
10649,万候
10650,桑杰士
106502,罗恩.范维格父子.慕伦418公里7位
106511,彼得•文斯特拉原棚.
106515,奥林匹克03直子X杨直女
10653,万候
10666,万候.尤特霍芬
106693,戈马利
106694,戈马利
106737,
106742,乔斯.佛卡门
106744,乔斯.佛卡门
106814,詹森系
106815,德拉帕
106819,德拉帕
106932,考夫曼
107109,
107113,
107114,
107118,
107119,
107216,戈马利
107327,德拉帕
107386,桑杰士狼狗号
107404,麦克斯X桑杰士
107418,麦克斯X桑杰士
107471,荷兰爱亚卡普詹森
107572,飞戈
107576,飞戈
107584,飞戈
10764,考夫曼
10765,路易士.凡龙
107779,速霸龙
107786,速霸龙
108048,速霸龙.原棚梦想家近亲
108058,乔斯.佛卡门贝克汉姆.直孙
108059,全能配对”代表直女
108061,杨.胡曼斯.原舍.哈利”直女
108067,文斯特拉.美好人生全兄弟
108068,文斯特拉.香奈儿5号直子
108069,盖比传奇大铭鸽“闪电号”直子
108073,乔斯.佛卡门.巴可X凯蒂”孙女
108074,速霸龙.鹰眼少侠
108075,梦追山568号
108076,罗尼-凡瑞特桑杰士
108078,佛卡门.贝克汉姆.外孙女
108084,
108092,
108105,沙奇士原舍鲁道.克拉森.小白12号直孙女
108218,佛科克
108265,沙奇士原舍小白59号克拉克69
108266,超级克拉克天才X小白12号直女
108267,阿曼德-史古梅斯.桑杰士
108268,盖比铭鸽“白腹号”近亲直孙
108270,法兰斯号”近亲.直孙女
108271,荷兰.全国鸽王亚军
108273,杨.胡曼斯.大铭鸽“哈利”直孙
108274,荷兰.佛科克父子.原舍
108275,速霸龙.福雷迪.原舍
108322,英格斯
108330,英格斯
108331,英格斯
108332,福禄.英格斯
108333,福禄.英格斯
108334,福禄.英格斯
108335,福禄.英格斯
108341,福禄.英格斯
108348,福禄.英格斯
108357,速霸龙
108490,克拉克
108636,考夫曼
108638,福洛·福沃特×考夫曼
108646,“罗纳尔多”X“玛蒂尔德”
108650,帝卢速霸龙
108653,布洛坎普
108786,桑杰士狼狗号
108787,桑杰士狼狗号
108817,詹森老白眼*德国RV联合会冠军
108818,詹森断胸骨直孙
108984,福雷迪.范西.原舍.扳机指.直子
108987,速霸龙超级.新贵福雷迪
108988,乔斯.佛卡门原舍.巴可X凯蒂”孙女
108990,速霸龙.百万富翁.孙女
108992,速霸龙.福雷迪.范希原舍
108993,大铭鸽.无缺陷.桑杰士.
108994,辽宁忠盛VIP决赛143名
108996,盖比.凡得那比.白腹号直孙女
108997,速霸龙.三关鸽王总冠军
108998,林伯格鹰眼.直孙女
108999,沙奇士原舍鲁道.克拉森.小白12号直子
109001,凡戴克原舍.全国鸽王8位半姐妹
109003,克利斯.赫博瑞
109010,幕利门军校生
109161,盖比“闪电号直子X海王星直女”
109402,克拉克斗士613回血
109511,
109514,
109638,“狮王号”
109639,詹森白羽号*德国RV联合会冠军
109640,“狮王号”
109646,詹森白羽号*詹森小火箭
109674,“小迪克”
109797,山普森姐弟配对
109800,山普森姐弟配对《非卖品》
109805,蒙特卢肯号
109810,詹森*奶酪小子
109816,速霸龙X吉尔特
109817,019X速霸龙
109819,速霸龙X鲁道克拉森
109820,速霸龙X鲁道克拉森
109905,帝卢—速霸龙
109927,帝卢—速霸龙
109952,
110016,帝卢-速霸龙
110018,帝卢-速霸龙
110019,帝卢-速霸龙
110020,帝卢-速霸龙
110021,帝卢-速霸龙
110024,考夫曼
110027,考夫曼
110085,考夫曼
110114,胡本
110116,胡本
110118,胡本
110137,佛科克
110138,佛科克
110480,凡龙
110486,凡龙
11064,
110676,考夫曼
110705,桑杰士
110706,桑杰士
110707,胡本
110848,＂罗森波斯＂桑杰仕
110849,＂罗森波斯＂桑杰仕
110850,＂罗森波斯＂桑杰仕
110879,爱亚卡普-詹森
111065,林波尔
111074,林波尔奇迹“189”
111079,奇迹“32”第四代
111081,林波尔
111087,速霸龙
111110,林波尔
111137,
111163,
111269,
111314,年轻麦克斯直孙X019直孙女
111337,佛卡门.双关汽车大奖赛总冠军
111341,河北点将台公棚决赛65名
111347,
111355,瓦特
111357,
111730,詹森红魔王x漂亮石板
111808,詹森
111809,詹森*火箭
111831,
111834,
111838,
111840,
111841,
111843,
111845,
111847,林波尔
111853,林波尔
111854,林波尔
111857,
111859,林波尔
111860,
111868,林波尔
111869,林波尔
111886,
111890,詹森
111971,考夫曼
112069,戴扶连特
112077,佛科克
112079,瑞克赫尔曼×佛科克
112081,吐尼尔
112093,盖比*凡龙
112113,贝克詹森
112118,詹森
112119,詹森*爱坐者曾孙女
112120,詹森原舍种鸽*荷比对抗赛冠军近亲孙女
112121,詹森原舍种鸽*荷比对抗赛冠军近亲孙女
112122,詹森原舍种鸽*詹森大铭鸽019曾孙
112123,詹森原舍种鸽*03晚生红狐
112125,路易斯.凡龙原舍
112289,佛科克
11229,桑杰士
112402,火箭龙
112409,英格斯
112435,考夫曼
11250,桑杰士
112601,贝克．詹森
112609,红狐520
112697,德国RV亚军*荷兰NPO冠军
112699,詹森麦克斯多重回血
1127,
112735,佛科克
112792,
112868,佛科克
112881,
112944,胡本年轻艺术家之孙
112995,
113049,
113052,
113054,
113139,帝卢速霸龙
113229,帝卢速霸龙
113249,桑杰士
113297,瓦特
113353,帝卢-速霸龙
113441,
113454,
113483,盖比X凡龙73
113538,
113550,飞戈
113551,飞戈
113560,飞戈
113562,飞戈
113567,飞戈
113819,胡本小海尔比
113824,
113862,年轻巴龙直子×詹森麦克斯
113863,年轻巴龙直子×年轻巴龙直孙女
113894,胡本近血
113927,罗森波斯
113951,速霸龙
113953,速霸龙
113969,胡本近血
114041,年轻艺术家直孙
114043,桑杰士
114144,詹森
114188,米卫*桑杰士
114201,胡本
114262,罗森波斯
114265,
114269,戈马力
114481,詹森*90#卡特利斯*冯莱尔
114551,胡本
114578,胡本
114584,胡本
114585,胡本
114586,速霸龙
114587,速霸龙
114615,空军*凡布利安娜*59系
114618,空军*凡布利安娜*凡代克*考夫曼
114619,詹森*凡代克*考夫曼
114702,
114719,59系*山普森*冯莱尔*詹森
114758,
114770,
114771,
114784,
114916,漂亮秃头王子X胡本海尔比
114917,速霸龙“夢幻配對”利蒙治号双重近亲
114919,速霸龙“夢幻配對”利蒙治号
11499,
11501,电脑戈马利
11502,电脑戈马利
115104,甘纳斯*詹森*阿列维什
115135,顶级公牛“55“第四代
115144,山普森X佛尔布文X詹森
115327,桑杰士计算机X五次冠军
115630,苍白近亲
115714,戈马利原棚008大脚趾贝隆
115715,电脑戈马利原棚008贝隆祖孙回血934
115716,瓦特直系
11574,魯道克拉森
115894,克拉克
115895,克拉克
115902,瓦特.德累克
115903,瓦特.德累克
115951,赫尔曼斯.赫斯特*范德库克
115961,爱亚卡普-詹森
116055,黑杰克
116056,国家一号
116071,胡本
116072,詹森*90号*卡特利斯
116086,詹森*修肯斯.冯莱尔
116105,风雨詹森
116146,詹森传奇146回血
116152,詹森白羽号多重回血
116167,
116477,苏维八关王直女
116479,公牛“280”直女
116480,顶级公牛“55”直女
116481,苏维八关王第三代
116484,
116489,
116703,苏维八关王直女
116704,苏维八关王直女
116706,
116707,
116722,“苏维八关王”×南非41名直子
11677,乔斯.佛卡门
116773,顶级公牛“524“第三代
116820,黑金刚
116855,胡本
116877,胡本
116879,胡本
116881,胡本
116926,芬尼卡5000
116940,詹森红狐
116998,兰色奥尔良
117009,100号
117011,100号
117130,凡龙配克拉克詹森
117194,
117207,
11727,魯道克拉森
117322,
117330,苍白骑士
11735,慕利门*霍夫肯
117637,020
117813,顶级公牛“55”直子
117822,顶级公牛“55”直子
117825,苏维八关王直子
117828,顶级公牛“55”直女
117880,顶级公牛“55”直女
117976,顶级公牛“55”直子
117978,苏维八关王直子
117979,奇迹“32”第五代
117980,顶级公牛“280”第三代
117985,顶级公牛“55“直子
117986,苏维八关王第三代
117989,
117990,
117991,公牛“280”第三代
117994,拿破仑973（拿破仑王子配拿破仑大公主）
118006,乔斯托内100%拿破仑血统近亲作出的超级种雌
118172,超级483”超级484近亲直子
118173,奥林匹克03直子X奥林匹克03直女
118174,杨欧瓦克超级484直孙
118176,吉林克斯白头席维斯特直子X桑杰士
118178,爱亚卡普.皮特直子X欧元直女
118269,100%乔斯托内黄金血统拿破仑系始终领跑全兄弟姐妹
118270,100%乔斯托内黄金血统拿破仑系始终领跑全兄弟姐妹
118272,拿破仑王子兄弟配始终领跑
118274,拿破仑107皇家威龙全妹（王子配嘉比）
118378,年轻巴龙
118379,武器号近血直孙女
118417,年轻巴龙
118419,白翼巴龙
118421,白翼巴龙
118423,
11845,红詹森
118544,乔斯托内
118547,乔斯托内
118560,红旭、詹森019
118567,速霸龙近亲回血
118568,速霸龙＼詹森０１９
118570,速霸龙近亲回血
118571,速霸龙近亲回血
118580,云南红旭速霸龙
118581,狄尔巴、速霸龙、詹森019
118586,乔斯托内、速霸龙
118588,德拉帕
118591,詹森０１９
118655,詹森０１９＼年轻麦克斯
118658,詹森麦克斯＼詹森０１９
118659,詹森０１９
118663,乔斯托内＼速霸龙
118670,凡龙詹森
118742,苏维八关王第三代
118744,林波尔苏维
118765,盖比*詹森
119144,电脑戈马力
119145,电脑戈马力
119148,电脑戈马力
119152,电脑戈马力
119155,胡本
119198,
119203,苍白骑士直孙
119237,贺伯特
119238,路伊迪克
119432,司翠克鲍特
119761,考夫曼
119854,培英红
120117,
120165,盖比.国家赛8名X巴可X凯蒂直女
120166,辽宁琪阳公棚决赛462名
12026,詹森019曾孙，极品詹森001号直子
12030,任秀夫詹森019系（019直孙）
12031,范氏詹森系(公棚决赛31名外祖父)
12033,凡布了安娜2号系
12034,纯凡布里安娜系
12038,保罗西翁系+罗伯特西翁系
12042,日本花尻充由华--“势山系”！（魔鬼系）
120459,100%乔斯托内黄金血统拿破仑系
12046,万德卫根系（花花公子号之后）×古柏系
12056,克拉克/詹森系
120570,100%乔斯托内黄金血统拿破仑系
120571,100%乔斯托内黄金血统拿破仑系
120572,100%乔斯托内黄金血统拿破仑系
120582,100%乔斯托内黄金血统拿破仑系
12061,詹森019之孙，回血种鸽（子×孙配）
120692,桑杰士近亲回血
120706,盖比
120743,詹森系
120744,90#卡特利斯*詹森
120747,90#卡特利斯*詹森
120748,戈登*90#杨阿腾
12080,克拉克詹森019系
12087,三关鸽王之父
120894,群鹰系
120895,群鹰系
120896,群鹰系
120898,桑杰士
120899,群鹰系ｘ桑杰士
120900,群鹰系
120901,群鹰闪电
120902,群鹰系Ｘ桑杰士
120908,桑杰士
120909,群鹰系
120912,红狐Ｘ桑杰士
12092,詹森20次冠军019号直孙
12093,纯凡布里安娜系
120975,
12098,老西翁系多重回血种鸽
121044,
121101,雷德曼X罗尔林克
12128,纯日本罗伯特西翁系
12133,卡尔.穆利门
12139,瓦特.德累克
121509,
121537,詹森老火箭
121575,佛卡门
121649,德拉帕
121681,吐尼尔原舍种鸽
121746,利奥赫尔曼斯
121747,吐尼尔
121770,100%乔斯托内黄金血统拿破仑系
121771,100%乔斯托内黄金血统拿破仑系
121772,100%乔斯托内黄金血统拿破仑系
121773,100%乔斯托内黄金血统拿破仑系
121774,始终领跑直子
121775,始终领跑直女
121776,100%乔斯托内黄金血统拿破仑系
121777,100%乔斯托内黄金血统拿破仑系
121778,100%乔斯托内黄金血统拿破仑系
121812,吐尼尔
121813,利奥赫尔曼斯
121817,吐尼尔
121826,速霸龙
121902,詹森019*詹森老白眼
121903,詹森019*速霸龙
121904,詹森０１９＊狄尔巴
121905,钻石王＊詹森０１９
121906,詹森麦克斯＊云南森林黑
121916,詹森019
121918,电脑戈马利
121919,电脑戈马利
121920,电脑戈马利
121921,胡本
121923,胡本
121924,胡本
121946,雷德曼X罗尔林克
121951,派翠西亞超級配對直子
122074,詹森
12209,荷兰虎后
122644,速霸龙.大铭鸽.法兰斯号近亲
122651,佛卡门【巴可X凯蒂】直女
122652,凡戴克原舍.全国鸽王8位半兄弟”
122699,桑杰第一武士狼狗号近亲
122700,桑杰士第一武士狼狗号近亲
122746,瓦特.德雷克
122768,速霸龙
122783,
122909,速霸龙.双关鸽王总冠军
122912,辽宁琪阳俱乐部决赛242名
122957,
123017,盖比
123023,盖比
123081,风雨詹森回血鸽
123086,风雨詹森回血鸽
123087,风雨詹森回血鸽
123089,风雨詹森回血鸽
123244,黑金刚X扬阿腾
123333,
123608,葛斯顿“奶酪小子.孙女
123749,博克斯曼
123919,“Figo”飞戈家族
124086,
124100,西格穆勒
124101,桑杰仕＂晚生汤姆＂
124102,桑杰仕＂晚生汤姆＂
124104,西格穆勒
124112,乔斯托内原舍
124133,英格斯
124164,詹森*罗森波斯
124207,杨欧瓦克超级83直子
124211,杨欧瓦克超级鸽王84号直女
124219,夏拉肯/杨欧瓦克/佛科克
124220,夏拉肯/杨欧瓦克/佛科克
124276,出自“利蒙治号”配其女儿
12431,詹森名鸽“019号”曾孙女、詹森名鸽“威洛号”的曾曾孙女
124353,100%乔斯托内黄金血统拿破仑系
124386,冠军布罗伊斯之子，冠军查特卢克之子，梦想家多重回血
124387,帝卢速霸龙精品血统
124388,法兰斯直孙，托宝之子
124645,乳酪小子
124646,赫伯特鸽王冠军
124653,100%乔斯托内黄金血统拿破仑系
125017,成功王子系
125020,成功王子系
125097,詹森019系
12514,任秀夫戈登×花尻充由华普利蚊子系
12515,詹森019红狐系
12522,任秀夫詹森019系
125266,
125267,
125270,
125271,
125292,戈马力
12540,任秀夫詹森麦克斯019号曾孙
12541,布鲁克系+詹森019系+范德菲拉斯系
12542,詹森&西翁系
12547,考夫曼系超级名鸽“爱拓者号”孙×詹森019系
12548,詹森019系多重回血
12549,詹森019系的回血种鸽
125511,桑杰士X爱亚卡普詹森
125513,李鸟配吴淞
12556,西翁系
12557,纯魔鬼系
125599,詹森系
125813,詹森
125890,
125896,詹森
125898,里奇100号
125899,福雷迪.范西.原舍.扳机指.直女
125918,罗恩.范维格父子.慕伦418公里亚军
125919,罗恩.范维格.中距离鸽王17位
125948,吐尼尔
125956,
126045,
12626,纯杨.龚格拉斯近血
126283,速霸龙-利蒙治号
12631,
126320,桑杰士*贝克詹森
126446,戈马力
126447,戈马力
126449,戈马力
126450,胡本
126574,100%乔斯托内黄金血统拿破仑系
126575,100%乔斯托内黄金血统拿破仑系
126576,100%乔斯托内黄金血统拿破仑系
126919,胡本
126996,“国王号”X“皇后号”
127049,
127310,罗恩.范维格父子.南图365公里4位
127364,帝卢-速霸龙X盖比X林伯格
127366,詹森红狐
127378,世界名血
127408,考夫曼
12746,考夫曼凡龙詹森系×克拉克詹森+019系
12747,克拉克/詹森系
127625,戈马利008脚趾号贝隆血统
127626,戈马利原棚008脚趾号贝隆血统
127627,电脑戈马利008脚趾号贝隆血统
127628,电脑戈马利008脚趾号贝隆血统
127629,电脑戈马利008大脚趾贝隆血统
127631,飞戈*速霸龙
127720,戈马利原棚008脚趾号贝隆直子
127721,戈马利原棚008脚趾号贝隆祖孙回血直子
127731,胡本家族
128055,路易士.凡戴克所向无敌近亲
128169,凡龙高级种鸽
128170,凡龙高级种鸽
128207,威力。万福
128293,钻石王.直女.超级种雌，
128294,罗森392直子-霍夫肯直女
128296,盖比'664-霍夫肯直女超级种母，
128475,法拉利*真命天子
128476,速霸龙ｘ速度鸽系卡尔.哈夫肯
128478,乔斯托内×夏拉肯丝丝号近亲
128510,乔斯托内×夏拉肯丝丝号近亲
128859,安德烈勃默德
128887,隆吉尔胡本
128941,胡本
129312,桑杰仕＂晚生汤姆＂
129346,鲁道.克拉森.小白12号直女
129347,利奥.奥林匹克003”近亲直孙
129354,罗恩.范维格.全能鸽王冠军
129405,盖比闪电号直女
129564,
129578,▲.摩利斯.卡萨.
129635,电脑戈马利008贝隆血统
129645,詹森*秃头
129708,
129727,胡本原舍
129738,安德烈.鲁道夫血统
129739,飞戈.芮娜
129740,芮娜(雷纳特父女)原舍
129742,芮娜原棚
129749,芮娜原棚
129774,彼德·文斯特拉.原棚
129775,艾米尔·丹尼斯原舍
129776,乔斯.佛卡门.原舍
129778,辽宁隆翔公棚决赛39名
129810,考夫曼(公主)3代
129865,匹克
129887,中国匹克
129894,詹森系
129905,超级种鸽
129983,
130013,
130022,
13006,大名鸽“迅雷”直孙，“灰杰克”外孙
130063,艾迪。卢太慈
130069,艾迪。卢太慈
130071,艾迪。卢太慈
130075,艾迪。卢太慈
130078,艾迪。卢太慈
130084,詹森X艾迪。卢太慈
130092,路易。凡龙
130128,爱亚卡普詹森系
130137,凡龙系列
130141,
130143,路易。凡龙
130146,路易。凡龙
130148,路易。凡龙
130149,路易。凡龙
130150,路易。凡龙
130187,马克罗森斯
130212,
130227,罗森.波斯原棚
130258,里彭斯诺尔
130306,
13035,克拉克/詹森019系
130385,凡龙X詹森X慕利门
130447,詹森019
130449,詹森019
130570,
130604,17号配对直子
130606,阿布瑞契
130613,亚温.凡.纳门.原舍
130662,沙奇士原舍鲁道.克拉森.小白12号直孙女
130664,
130736,帝卢速霸龙近亲
130745,
130783,桑杰仕＂晚生汤姆＂
130784,桑杰仕＂晚生汤姆
130801,所向无敌直孙
130861,100%乔斯托内黄金血统拿破仑系
130893,100%乔斯托内黄金血统拿破仑系
130910,苍白骑士
130914,100%乔斯托内黄金血统拿破仑系
130921,100%乔斯托内黄金血统拿破仑系
130928,
130934,100%乔斯托内黄金血统拿破仑系
130941,100%乔斯托内黄金血统拿破仑系
130972,山普森X佛尔布文X詹森
131033,瓦特.德累克小红号
131208,
131343,苍白女王配苍白滚桶，兆尊杀手
131386,佛科克
131394,佛科克X飞戈
131397,佛科克
131447,杨欧瓦克
131465,杨欧瓦克
131472,杨欧瓦克
131473,杨欧瓦克
13149,克拉克*凡龙*戈马利
131518,英格斯
131526,桑杰士X考夫曼X詹森X克拉克X盖比X凡代克X电脑
131529,英格斯
131571,荷兰高手雅克.史多腾原舍
131615,胡本*凡布利安娜*凡代克*考夫曼
131807,超级种鸽
132058,橡树园凡龙083曾孙女
132076,超级73配金马顿丝
132266,胡本
132285,胡本原舍
132291,考夫曼
132292,詹森配菲戈
132294,考夫曼配电脑
132364,吉诺原棚-飞戈血统
132378,爱亚卡普年轻将军之子X戈马利
13240,路易士.凡戴克
132408,爱亚卡普詹森
132409,爱亚卡普詹森
132410,“钻石王老五”近亲回血
13245,凡布里安娜系
132464,克拉克，
132522,罗恩.范维格.尼尔吉尼250公里11位
132547,
132558,群鹰红狐系
132561,群鹰闪电系
132595,
132599,凡龙詹森
132660,戈马利008脚趾号贝隆血统
132664,戈马利008脚趾号贝隆血统
132668,戈马利008大脚趾贝隆
132672,
132736,爱亚卡普X戈马利X桑杰士X乔斯佛卡门
132799,
132801,
132861,凡龙克拉克沃巴斯46
132956,苍白骑士
132958,苍白骑士
132971,舍伦斯X盖比X飞戈
133022,苍白骑士
133074,爱亚卡普詹森X桑杰士
133096,电脑戈马利008贝隆直孙女。弗雷迪直女
133104,“乌诺”X“飞戈”
133134,
133302,闪电号直子
133307,瑞克．库尔斯
133308,瑞克．库尔斯
133388,波西瓦X飞戈
133390,“乌诺”X“飞戈”
133391,波西瓦
133599,马克.罗森斯
133639,
133713,桑杰士
133729,土尼尔配阿隆索
133757,
13378,威廉.吉尔特
13379,威廉.吉尔特
133808,“飞戈”X“飞戈”
133809,波西瓦
13402,罗森波斯桑杰士
134063,乔斯.佛卡门.巴可X凯蒂”直孙
134077,沙奇士原舍鲁道.克拉森.小白12号直孙
134100,
134114,佛雷迪.范西
134120,马克.罗森斯
134142,速霸龙-利蒙治号
134183,北京卓越星公棚决赛347名
134396,红狐
134421,闪电桑杰士
134445,帝卢速霸龙
13446,克拉克原棚
134469,
13447,克拉克原棚
134499,
13452,桑杰士
134593,乔斯托内
134601,利奥.奥林匹克03直女
134602,乔斯.托内.相扑男孩
134788,NPO全国冠军*季军
134851,
134874,桑杰士321X桑杰士160
134909,超级73
134912,超级73
134915,桑杰士
135046,芬妮卡5000系回血侄子
135049,芬妮卡5000
135089,超级73
135147,超级73
135212,
135213,世界品牌国际和平号血统
135284,爱亚卡普007X传奇05x电脑瓦特
135286,电脑x瓦特
135294,
135304,爱亚卡普
135305,爱亚卡普007x传奇05X汉斯号
135306,爱亚卡普青年将军直子X007x传奇05
135315,爱亚卡普007x传奇05X电脑瓦特
135367,速霸龙
135383,钢铁战士X闪电娇龙
135409,福雷迪范西
135542,虎后—哈姆·沃德维德
135582,乳酪小子直孙
135585,乳酪小子直孙
135594,乳酪小子直孙
135643,摩利斯卡萨强者056*赢家015
135676,苍白骑士
135702,英格斯
135776,胡本
135786,100%乔斯托内黄金血统拿破仑系
135787,福雷迪.范西
135795,帝卢·速霸龙
135823,考夫曼
135859,恩格斯
135881,
135899,
135911,
135917,第一武士直系
135919,法蘭斯.速霸龍
135921,福雷迪.范西
135926,福雷迪.范西
135927,福雷迪.范西
136008,詹森＊爱亚卡普詹森
136012,佛斯特拉X范德帕斯
136031,爱亚卡普詹森*英格斯
136085,超级73
136117,福雷迪.范西
136118,福雷迪.范西
136124,福雷迪.范西
136127,福雷迪.范西
136192,
136223,桑杰仕＂晚生汤姆＂
136371,爱亚卡普詹森X桑杰士
136388,王老五近亲
136391,爱亚卡普年青将军*戈马利配胡本*王老五
136589,安帝公×小克芮/帝卢.速霸龙
136714,凡龙
136758,凡龙古柏巴塞罗那1、2号血统
136780,铁血巡航
136851,胡本
136936,詹森
136980,詹森919+515直孙447直孙女
137018,速霸龙
137023,
137028,
137035,
137079,考夫曼
137181,
137235,桑杰士
137246,国家一号*桑杰士
137261,德拉帕
137272,詹森019
137287,
137322,苍白近亲
137323,苍白骑士
137391,阿曼德-史古梅斯.桑杰士
137396,杨欧瓦克超级种雄“483”回血
137399,佛卡门维奇Ⅰ.直子
137400,第七大区B区幼鸽鸽王9位
137402,阿曼德.斯古梅斯
137443,阿连栋克詹森
137445,爱亚卡普詹森-邦德近亲作出
137461,速霸龙
137462,速霸龙
137464,速霸龙
137468,速霸龙X鲁道夫詹森
137472,苍白X速霸龙
137474,速霸龙
137486,速霸龙
137508,国际和平号家族
137540,凡龙詹森
137586,波西瓦所向无敌近亲
137649,詹森
137724,德拉帕冠军号直女
137747,{完美苍白X速霸龙小飞侠}
137748,詹森红狐
13797,
137980,待续
137982,超级531国际和平号姨母04-036
137985,超级詹森凡龙配胡本索尼直系
138147,福洛.恩格斯
138505,待续
138586,甘纳斯X鲁道克拉森
138637,苍白骑士*甘纳斯699
138645,
138707,伟大的佛雷迪孙女
138748,苍白之巅直子配兆尊苍白
138769,国际和平号配胡本凡龙
138844,巡航苍白配兆尊苍白
138845,巡航苍白配兆尊苍白
138886,詹森*爱亚卡普詹森*NPO全国冠军*季军
138927,威廉.迪布恩*万侯
139081,
139084,
139146,国家2号x白雪公主全姐妹
139188,罗森.波斯
139191,飞戈
139193,飞戈
139225,飞戈
139535,桑杰士
139638,飞戈*乌诺
139640,飞戈
139693,世界品牌国际和平号血统
139708,
139950,御林军
140026,
140034,
140045,
140048,
140126,桑杰士*麦克斯
140155,乔治波利
140169,美国
140175,西佛托依*美国
1403,杨阿腾
140335,
140426,德国鸽王蓝天力量*未来力量直女
140448,詹森
140494,桑杰士X胡本
140504,爱亚卡普.凡龙
140622,年轻艺术家曾孙
14069,
14070,
14071,
14073,
14076,
140787,
14079,
140798,
14080,
14081,
140814,福乐
140824,福乐
14083,
14084,
140845,
14086,
141396,福乐
141398,福乐
141400,福乐
141403,福乐
141404,福乐
141410,福乐
141413,福乐
141416,
141420,
141434,天体
141457,天体
141458,天体
141460,天体
141616,吐尼尔系
141627,盖比闪电号·夏拉肯丝丝
141717,考夫曼*詹森
141732,考夫曼*盖比
141819,小迪克近血直孙
141972,5000
141977,5000
142047,后起之秀*晚生红狐
142096,速霸龙
142098,速霸龙
142137,盖比
142159,盖比闪电号·夏拉肯丝丝
142183,考夫曼速霸龙(梦想家)孙女
142213,盖比
142215,2010年天鹿鸽王*天鹿13名
14226,
142432,桑杰士X英格斯
142450,桑杰士
142471,桑杰士X戈马力
142483,苍白骑士
142518,桑杰士X詹森
142567,桑杰士
142630,盖比
142757,佛科克X赫拉夫
142758,盖比.凡徳那比'664-钻石王直女.956优秀直女。
142790,廸沃斯近血/西北全能女王号
142799,飞戈悍将031配侄女
142816,11-29-198154
142824,恩格斯/电脑
142849,待续
142864,待续
142866,待续
142869,待续
142872,大鹅岛季军通指冠军直女
142874,待续
142880,待续
142884,苍白鸟冠
142885,待续
142893,待续
142912,恩格斯178系x玛丽克系
142914,恩格斯734直子x（淡色鸽王号x玛丽克）直女
142916,恩格斯黄金配对直子x（亚精顿号x玛丽克）直女
142917,速霸龙x恩格斯“178”系
142932,詹森红狐x奇迹32
142935,飞戈悍将031配山普森特比环冠军
142940,山普森x台詹森x电脑
142942,范德佛拉斯x威联吉尔特
142950,佛布利
143005,詹森凡龙胡本苍白骑士威廉吉尔特
143025,戈马利
143056,国家一号
143111,桑杰士
143115,戈马力X桑杰士
143133,詹森X桑杰士
143244,凡登.帕斯*秦始皇
143329,“钢铁利摩日”直子
143398,桑杰士
143400,桑杰士
143403,桑杰士
143404,桑杰士X凡龙
143406,桑杰士
143412,福洛·英格斯
143463,苍白
14347,
14348,
143497,桑杰士X5次冠军
143503,
143505,纯戈马利
143507,
143696,胡本
143839,鸽王“达芬奇”的回血
143856,胡本
144152,“杰克·吐尼尔”
144177,
144192,
144194,“杰克·吐尼尔”
144335,100%考夫曼
144375,
144389,灰先生X百万小姐
144467,胡本原舍
144470,胡本原舍
144604,
144607,
144609,
144660,
144671,桑杰士
144690,威力万福X詹森X凡龙
144714,灰先生X克莉斯托
144835,佛科克，
144909,福瑞克-阿伦夫妇
144993,爱亚卡普詹森X佛尔布文
144997,爱亚卡普詹森X桑杰士
145003,爱亚卡普年青将军*戈马利配胡本
145186,林波尔
145211,
145381,天体
145476,波西瓦血统
145561,福洛·福沃特×考夫曼
145764,
145780,
145781,
145817,凡龙天体
145919,天体近亲
145962,电脑戈马力秃头199近亲
145992,
146193,“闪电号”直孙女
146194,
146207,
146209,
146214,
146372,出自神奇种公“麦克斯”X考夫曼雌鸽“贝莉”！
146815,福雷迪.范西
146817,芬妮卡5000
146931,爱亚卡普詹森
14695,
147258,纯种幕利门
147260,纯种慕利门
147270,纯种慕利门
147309,詹森冠军969和358格林钻石号孙女麦克盖诺斯*考夫曼
147369,杨格多拉斯
147372,杨格多拉斯
147573,詹森
147578,詹森
147654,大名鸽99晚生红狐直子
147656,大名鸽99晚生红狐直女
147657,詹森大名鸽克兰普外孙
147659,詹森大名鸽克兰普外孙女
147660,詹森六次冠军断胸骨曾孙
147661,断胸骨X年轻白羽号X红狐
148178,
148190,钻石王*詹森019
148205,场迪汉
148282,
148324,詹森系列
148474,
148489,(艾迪.夏拉肯)鸽王直系血统+成绩
14851,盖比
148515,卡曼
148523,年轻麦克斯
148528,年轻麦克斯X红狐
148532,胡本血统
148543,胡本血统
148594,钻石王*詹森019
148602,
148761,詹森
148783,卡杜斯
148788,卡杜斯
148844,胡本
148895,洛可
149410,“天摇地动”直子×”金麒麟”直女
149421,乔斯托内
149596,凡龙X詹森
149610,詹森
149613,詹森
149661,詹森
149697,詹森
149742,卢克.丹斯
149745,克莱伯
149746,克莱伯
149781,超级73魔术师
149809,
149810,考夫曼
149833,年轻麦克斯
149866,弗雷迪
149867,克拉克
149869,克拉克
150018,甘纳斯*电脑*风雨詹森
150153,卡萨配电脑
150158,
150161,凡龙天体
150451,
150461,克里斯克莱伯特
150516,杨阿腾
150526,詹森
150535,安德烈勃默德
150566,杨阿腾
150569,詹森麦克斯X019
150572,100%乔斯托内黄金血统拿破仑系
150581,安德烈勃默德
150606,盖比
150618,
150623,
150625,
150634,
150643,克拉克詹森x夏拉肯
150673,群鹰石板系
150675,群鹰石板
150680,群鹰
150681,群鹰石板系
150684,群鹰闪电系
150685,群鹰闪电系
150697,比利时.凡代克所向无敌直孙
150718,詹森
150739,群鹰闪电系
150740,群鹰石板系
150747,群鹰系
150754,群鹰鸽系
150758,群鹰鸽系
150770,群鹰鸽系
150790,桑杰士系
150856,
150931,乔斯.佛卡门
150932,麦克斯
150933,詹森
150934,詹森
150937,詹森麦克斯
150943,詹森麦克斯X红狐
151084,詹森兄弟系
151191,白眼闪电金童直子
151227,闪电金童X威廉吉尔特
151235,不败王子X闪电娇娃
151257,詹森系
151276,
151291,戈马利
15150,魔星
151537,杨格配詹森
151545,詹森×盖比
151574,克拉克詹森
151603,凡龙
151628,彼得.米卫
151981,
151986,桑杰士
152077,利奥·贺尔曼斯
152133,
152138,
152166,利奥•贺尔尔曼斯
152171,利奥·贺尔曼斯
152201,御林军
152234,万侯
152314,老白眼闪电金童
152475,司翠克鲍特X佛斯特拉
152559,奶酪铭鸽灰劳瑞尔019号
152714,利奥·贺尔曼斯
152724,利奥•贺尔曼斯
152727,利奥•贺尔曼斯
152799,艾迪.卢腾兹
152800,电脑
152803,桑杰士X电脑
152806,詹森X凡龙X汉斯.威利理奇
152849,御林军
152856,利奥·贺尔曼斯
152858,德拉帕
152861,福雷迪.范西
152862,福雷迪.范西
152880,利奥•贺尔曼斯
152881,利奥•贺尔曼斯
152929,克拉克X詹森X苍白
152934,电脑X凡龙X詹森X波西瓦
152935,凡龙X詹森X慕利门
152938,詹森X凡龙X慕利门
152942,凡龙X詹森X波西瓦
152946,詹森X速霸龙
152957,凡龙X电脑
152964,凡龙X瓦特
152967,凡龙X瓦特
153179,利奥·贺尔曼斯
153189,红色男孩直子
153190,红色男孩直子
153200,利奥•贺尔曼斯
153258,泰山号
153259,泰山号
153264,泰山号
153337,泰山号
153338,詹森
153339,泰山号
153340,詹森
153376,速霸龙
153379,泰山号
153394,胡本
153402,
153511,
153512,奶酪小子直孙女
153533,泰山号
153656,彼特·文斯特拉
153657,泰山号
153713,
153744,詹森
153762,詹森
15381,桑杰士
153854,御林军
15388,詹森
153904,詹森红狐
154206,御林军红狐
154210,御林军红狐
154216,御林军红狐
154220,御林军
154222,御林军
154227,御林军
154240,御林军
154241,御林军
154274,凡龙X电脑X詹森X慕利门
154284,凡龙X詹森X慕利门
154314,詹森X凡龙X慕利门
154318,胡本X莫里斯.沃特
154319,霍夫肯X甘纳斯
154322,詹森X克拉克X盖比X凡代克
154324,吐尼尔X苍白X凡龙X甘纳斯
154336,凡龙X甘纳斯
154338,詹森X速霸龙
154339,凡龙X电脑
154343,詹森X克拉克X盖比X凡代克
154356,
154359,詹森X凡龙X慕利门
154365,詹森X克拉克X盖比X凡代克X电脑
154368,电脑X瓦特X凡龙
154371,电脑X詹森X甘纳斯
154374,詹森X克拉克X盖比X凡代克
15439,超级冠军
154393,桑杰士X电脑
154463,东方不败直子配东方不败直女
154469,詹森
154538,詹森X芬尼卡
154670,桑吉士X贝克詹森
154673,桑吉士X贝克詹森
154762,桑杰士
154767,胡本
154841,
15491,极品詹森019号近亲回血
154937,胡本
154952,詹森
154953,700KM亚军*500KM殿军
155051,速霸龙
155052,速霸龙
155059,速霸龙
155061,速霸龙*鲁道克拉森
155120,小迪克之子，最后女郎之子
155126,哈利之女
155132,考夫曼家族
155135,考夫曼家族
155393,强速189*秃头199*法拉利*桑杰士
155764,公主号*阿德里安*公牛号*奇迹32
155809,万富系
155810,613半平辈直系X613直系
155813,世界品牌国际和平号血统
155859,路易士·詹森
156297,凡龙克拉克
156340,富雷迪
15641,林波尔
156414,詹森系、
156415,
156416,
156440,利奥·贺尔曼斯
156446,利奥·贺尔曼斯
156455,利奥·贺尔曼斯
156456,利奥·贺尔曼斯
156609,“飞鹰号”直子
156612,夏拉肯
156614,詹森
156623,夏拉肯
156632,夏拉肯
156639,夏拉肯
156642,速霸龙
156644,夏拉肯
156654,詹森
156695,
156713,惠翔冠军国际和平号同父母
156732,克拉克
156759,
156788,凡龙
156876,亨瑞格肯太阳女伯爵*瓦季卡694
156882,路易士-凡龙
156883,路易士—凡龙
157012,
15707,詹森019系多重回血
157105,速霸龙
157108,速霸龙
157109,电脑戈马力
157246,德拉帕皇室回血
157391,桑杰仕＂晚生汤姆＂
157413,戈马力
157824,利奥·贺尔曼斯
157832,
157836,
157933,胡本
157964,
158023,爱亚卡普凡龙
158142,戴扶连特
158147,戴扶连特
158158,詹森“冬日男孩”
158177,胡本
158191,凡.艾尔扎克
158232,
158311,迪斯美特。马太伊斯
158327,迪斯美特。马太伊斯
158365,迪斯美特。马太伊斯
158378,胡本原棚“皮诺曹”大毛腿外孙直女
158388,
158397,【速霸龙梦幻配对直孙】*【双惠电脑008大脚趾】
158549,
158557,
15858,威力.万富
158667,
158736,速霸龙
158747,100%乔斯托内黄金血统拿破仑系
158748,100%乔斯托内黄金血统拿破仑系
158822,
158826,佛科克
158966,
158967,178
158979,
158986,戈马利
159177,电脑·戈马利
159181,
159397,
159544,詹森老火箭同父异母回血
159545,詹森冬日男孩回血
159546,詹森老火箭*白羽号
159548,詹森红狐*冬日男孩
159604,詹森
159683,帝卢·速霸龙
159685,小鬼当家
159689,帝卢·速霸龙
159693,艾亚卡普
159697,幕利门
159711,宝玛·犹德
159712,夏拉肯
159714,飞戈
159740,红狐“红色浪漫”*盖比“谁主沉浮”直系
159747,帝卢·速霸龙
159754,速霸龙
159800,苍白骑士“兆尊小苍白×兆尊金娃”
159817,盖比
159850,詹森老火箭*白羽号
159964,宝玛·尤德
159965,宝玛·尤德
160008,彼得-文斯特拉
160010,飞戈
160017,杨欧瓦克
160041,小鬼当家
160101,桑杰士
16050,年轻艺术家直孙119
160586,桑杰士
160635,瓦特.德累克小红号
160639,瓦特.德累克小红号
160658,德国
160810,勃默德
160827,
160831,
160834,凡龙/詹森
160835,凡龙/詹森
160837,凡龙/詹森
160838,凡龙
160845,帝卢速霸龙
160847,帝卢速霸龙
160856,勃默德
160857,勃默德
160870,超级钻石王
160871,钻石王
160873,钻石王
160874,钻石王
160875,钻石王
160876,钻石王、乔斯托内
160878,钻石王
160879,钻石王
160908,苍白骑士“梦幻145“直子
160996,诺尔.利本斯著名的“伟大号”近血
161002,利奥·贺尔曼斯
161033,钻石王
161034,詹森019直系X流星一号孙女
161035,胡本X戈马利
161077,戈马利X胡本
161081,詹森麦克斯
161089,钻石王“爆米花”X詹森019直系
161095,凡龙
161118,戈马利X胡本
161162,红狐*白羽号
161164,詹森冬日男孩回血
161166,詹森“019、麦克斯”多重回血
161181,钻石王“爆米花”X詹森019直系
161333,詹森麦克斯回血
161383,“67年火箭号”的回血
161394,
161397,波西瓦*波基
161399,波西瓦*飞戈
161402,吐尼尔
161523,胡本
161524,胡本
161525,胡本
161526,胡本
161527,胡本
161528,胡本
161539,胡本
161541,胡本
161568,爱亚卡普“罗马里奥”直系
161585,凡龙
161728,詹森老火箭*白羽号
161758,钻石王“爆米花”X詹森019直系
161798,考夫曼*速霸龙
161821,胡本
161822,胡本
161950,苍白骑士“兆尊宝马”直女
162012,蓝色火箭
162017,蓝色火箭
162018,蓝色火箭
162019,蓝色火箭
162020,蓝色火箭
162021,蓝色火箭
162025,蓝色火箭
162218,马歇尔.阿布瑞契
162230,马歇尔.阿布瑞契
162231,马歇尔.阿布瑞契
162238,马歇尔.阿布瑞契
162239,马歇尔.阿布瑞契
162276,海王星直子
162283,海王星直女
162288,飞戈*速霸龙
162289,凡布利安娜*愛力克.林伯格
162290,速霸龙
162318,英格斯178*胖雄584直女
162468,兆尊苍白系
162479,
162493,胡本
162494,胡本
162499,胡本
162845,詹森断胸骨*詹森小火箭
162848,福雷迪.范西-速霸龙
162850,福雷迪.范西-速霸龙
162851,詹森红狐731*白羽号
162852,考夫曼配卡萨
162861,福雷迪.范西-速霸龙
162867,詹森RV联合会亚军*詹森麦克斯
162911,电脑戈马力020*008*199
162968,苍白骑士
162971,苍白骑士
162972,苍白骑士
162973,苍白骑士已售
162981,福雷迪.范西-速霸龙
162989,福雷迪.范西-速霸龙
162990,福雷迪.范西-速霸龙
162991,福雷迪.范西-速霸龙
162992,福雷迪.范西-速霸龙
162993,福雷迪.范西-速霸龙
162994,福雷迪.范西-速霸龙
163001,福雷迪.范西-速霸龙
163014,福雷迪.范西-速霸龙
163015,福雷迪.范西-速霸龙
163030,年轻艺术家孙女
163031,年轻艺术家孙女
163063,詹森
163071,英格斯178号直女
163074,佛卡门
163078,佛卡门
163082,福雷迪.范西-速霸龙
163085,福雷迪.范西-速霸龙
163088,贝克汉姆*黄金配对直女
163100,福雷迪.范西-速霸龙
163113,福雷迪.范西-速霸龙
163114,福雷迪.范西-速霸龙
163128,福雷迪.范西-速霸龙
163129,福雷迪.范西-速霸龙
163136,福雷迪.范西-速霸龙
163139,福雷迪.范西-速霸龙
163144,速霸龙
163145,速霸龙
163261,福雷迪.范西-速霸龙
163386,
163401,
163525,佛洛-英格斯
163617,彼特·文斯特拉
163620,彼特·文斯特拉
163681,彼得—文斯特拉（考夫曼）
163683,彼得—文斯特拉（考夫曼）
163688,利奥—赫尔曼斯
163694,利奥—赫尔曼斯
163739,奶酪小子直子X240直女
163758,
163761,国家一号近亲直孙
163763,国家一号近亲直孙
163764,国家一号近亲直孙
163765,国家一号近亲直孙
163777,小红号直孙
163778,小红号直孙女
163781,詹森
163796,
164101,皇太子“艾尔沙克
164105,马绍尔·山格斯鹰眼”冯志伟所有
164151,彼特·文斯特拉
164221,
164322,波西瓦
164327,爱亚卡普詹森*皮埃尔.瓦森
164330,爱亚卡普詹森*皮埃尔.瓦森
164332,爱亚卡普詹森*皮埃尔.瓦森
164367,爱亚卡普詹森*佛洛.英格斯
164405,胡本艺术家回血
164446,胡本
164447,胡本
16454,詹森X慕利门
16460,芬妮卡福洛572*福洛711直子
164611,佛布利
16462,芬妮卡福洛572*福洛711直子
164709,胡本
164976,苍白骑士
165082,考夫曼*风雨詹森
165198,爱亚卡普凡龙*詹森
165251,路易斯.凡龙原舍
165252,路易斯.凡龙原舍
165293,詹森红狐520直孙
165341,
165402,盖比
165415,盖比
165432,盖比
165439,小不点22之子，年轻超级克拉克外孙女
165457,盖比
165537,爱亚卡普凡龙“超级军旗”亲孙
165579,盖比
165580,盖比
165585,盖比.凡德纳比
165587,盖比.凡德纳比
165611,凡龙克拉克沃巴斯46
165616,
165970,盖比.凡德纳比
166020,
166092,考夫曼*风雨詹森
166157,爱亚卡普凡龙
166188,胡本.戈马利
166211,爱亚卡普凡龙*詹森
166221,甘纳斯-总统．道波*魔星．小妞
166234,爱亚卡普凡龙“超级军旗”亲孙女
166236,甘纳斯*爱亚卡普凡龙
166254,甘纳斯*爱亚卡普V穆．皮
166335,电脑.戈马力
166369,盖比.凡德纳比
166370,盖比.凡德纳比
166371,盖比.凡德纳比
166379,
166425,恩格斯178直孙x詹森系
166426,恩格斯178直孙x(山普森x台詹森)
166427,恩格斯178直孙x(山普森x台詹森)
166428,詹森红狐x范德佛拉斯近血
166430,飞戈王子直子X利噢
166433,恩格斯亚精顿系343女
166458,法拉利*老霍夫肯
166561,利奥.贺尔曼斯“欧元号”
166666,
166760,晚生汤姆血系
166825,桑杰士*贝克詹森
167036,詹森配卡萨
167099,东方不败近亲直孙
167167,
167223,乳酪小子
167339,
167346,盖比闪电号直子
167656,世界品牌国际和平号血统
167706,旺仔*苍白公主直子
167714,旺仔*苍白公主直女
167715,盖比白腹号近血外孙
16794,迅雷X贝妮莎（詹森X夏拉肯SISI）
16796,盖比白腹号，娇小号
168064,闪电号直女
168066,白腹号直孙
168067,詹森兄弟名种冬日男孩直子
168068,大力水手直子X闪电号直孙女
168246,詹森兄弟名种冬日男孩直子
168252,宝马.优德
168291,彼特.文斯特拉
168294,“胡本”近血（龚方芳作育）
168297,凡龙
168298,“胡本”近血（龚方芳作翔）
168305,“凡龙X胡本”
168317,“兆尊苍白”胡维奇先生作育
168336,考夫曼成基直子
168404,未来力量桑杰士还血最佳直子之一
168455,啊特玛超级53
168456,啊特玛超级53
168457,啊特玛超级53
168507,利奥.贺尔曼斯
168508,利奥.贺尔曼斯
168517,比利时芮娜父女飞戈全兄弟
168521,德国鸽王蓝天力量直女
168533,詹森兄弟019小斑342直子
168563,詹森
168686,詹森
168688,詹森老火箭*白羽号
168725,
168730,芬尼卡5000
168801,甘纳斯总爱．麦孙×“699子”x“奇子x总女”女
168842,甘纳斯-总统．爱康*麦克近亲×皮埃尔．瓦森《慕里门×凡龙》
168844,桑杰士
168847,
16900,勃默德配詹森邦德007029125
169120,詹森兄弟名种相框320直子
169126,詹森荷比对抗331直子
169191,罗尼凡瑞特
169192,罗尼凡瑞特
169195,罗尼凡瑞特
169197,罗尼凡瑞特
169198,罗尼凡瑞特
169199,帝卢-速霸龙
169292,罗尼凡瑞特
169293,罗尼凡瑞特
169294,罗尼凡瑞特
169301,詹森兄弟019小斑342直子
169325,冬日可兰普直女
169415,100号
169418,100号
169423,100
169427,100号
169428,100号
169450,詹森兄弟
169454,无冕之王
169455,无冕之王X王中王
169456,无冕之王X王中王
169458,王中王
169461,王中王
169566,100号
169577,杨迪汉
169589,100号
169715,
16995,考夫曼，迪库克
170023,胡本家族
170024,胡本家族
170027,胡本家族
170111,凡龙
170117,詹森白羽号*冬日男孩
170122,胡本家族
170124,胡本家族
170144,胡本家族
170155,胡本家族
170157,胡本家族
170162,胡本家族
170164,胡本家族
170168,胡本家族
170185,詹森老火箭同父异母回血
170187,德国一岁鸽王双亚军*詹森白羽号
170250,幕力门火凤凰
170281,电脑戈马力
170284,电脑戈马力
170285,年青艺术家血系
170292,胡本家族
170293,胡本家族
170294,胡本家族
170295,胡本家族
170309,胡本家族
170317,胡本家族
170318,兰色奥尔良
170321,胡本家族
170323,兰色奥尔良
170325,兰色奥尔
170328,兰色奥尔良
170330,兰色奥尔良
170333,兰色奥尔良
170335,詹森兄弟原舍
170352,
170372,詹森
170411,村松辉南白鸽
170412,杨迪汉佛卡门
170414,佛卡门“巴可*凯蒂*狮王”直子
170415,乔斯佛卡门
170416,乔斯佛卡门*史多西斯
170425,红色杨迪汉*彼得曼德斯
170435,苍白骑士*艾力克林伯格*苍白骑士
170472,盖比詹森狄尔巴
170482,乔治波里X詹森
170495,苍白花英雄*艾力克林伯格冠军626
170498,杨迪汉*佛卡门
170521,乔斯佛卡门巴可*凯蒂
170576,利奥.贺尔曼斯
170639,悍将×飞戈
170667,史多西斯
170698,胡本家族
170732,戈马力×林波尔
170803,电脑配桑杰士
170808,
170908,克拉克詹森
170943,白鸽
170945,村松辉南白鸽
171075,奇迹灰直子x火箭号近亲直女
171076,699．格兰吉钻石”x“奇迹灰直子．总统直女”
171240,盖斯彼得斯
171306,鸽王杨
171312,鸽王杨
171369,依天迪沃斯大名鸽迪迪号
171370,依天迪沃斯大名鸽迪迪号孙代
171407,荷兰林波尔
171413,詹森兄弟冬日男孩直女
171434,詹森名种冬日男孩孙
171448,盖比原舍
171451,万侯
171468,荷兰林波尔
171469,詹森狮王101直女
171470,白鸽
171500,胡本
171570,
171621,桑杰士
171719,罗曼詹森
171720,NPO全国总冠军*荷兰“海斯特”22031羽53位
171723,小迪克
17175,
171809,詹森红魔王*詹森白羽号
171877,
17188,
171887,
17189,
171890,
171940,王者之王
171960,德拉帕
171962,凡龙
171963,德拉帕
171964,德拉帕
171968,德拉帕
172129,胡本年轻艺术家孙女
172132,胡本大铭鸽＂匹诺曹＂
172187,詹森
172252,波西瓦x凡龙
172425,波西瓦
172550,乌诺游龙直系
172556,詹森
172557,范伯曼配詹森
172560,范伯曼
172561,范伯曼配詹森
172567,范伯曼
172568,詹森红狐
172569,范伯曼配詹森
172572,詹森配摩利斯卡萨
172624,乔斯托内国家二号
172626,
172686,詹森*奶酪
172699,范伯曼
172703,戈马利.桑杰士
172724,波西瓦(乌诺游龙直系)
17273,
17276,
172994,詹森
172999,马克罗森斯Ｘ范伯曼.詹森
173000,爱亚卡普詹森
173133,佛卡门
173192,老艺术家孙代
173193,年轻艺术家X匹诺曹
173194,年轻艺术家X匹诺曹
173196,胡本原环索尼号直孙
173197,老胡本
173202,
173203,苍白公主直女
173205,
173207,
173209,
173316,马克.罗森斯
173319,马克.罗森斯
17335,
173432,胡本
173442,
173445,波西瓦
173456,波西瓦
173547,“友谊号”554
173587,百分百林波爾系統
173605,盖斯·彼得斯
173623,盖斯·彼得斯
173624,盖斯·彼得斯
173671,胡本
173762,桑杰士福雷迪范西血统
173779,纯詹森血统
174030,
174043,
174045,
17407,胡本
174140,詹森
174245,鸽王凯撒
174375,
174570,倚天.梅尔浪
174571,闪电号直孙
174577,桑杰士“狼狗号”直系
174578,桑杰士“狼狗号”直系
174579,爱亚卡普穆勒X桑杰士
174580,桑杰士X爱亚卡普詹森
174643,
174645,90号*卡特里斯*詹森
174775,始终领跑直子
174782,始终领跑直子
174784,始终领跑直女
174785,始终领跑直子
174825,
174889,
174890,
174891,
174892,
174895,
174896,
174897,
174900,
174901,
175031,詹森红狐
175040,恩格斯322系X恩格斯377系
175047,百分百沃克父子
175113,胡本
175125,芬妮卡5000
175206,出自神奇配对“达芬奇”x“特殊灰”
17526,詹森对克拉克
175428,
175468,乔斯佛卡门
175486,
175507,
175535,文斯特拉.彼特
175536,文斯特拉.彼特
175538,文斯特拉.彼特
175583,黑豹*狮王*阿拉丁
175749,多利号
175753,杨阿腾
175754,多利号
175915,
175939,苍白女王系
175952,史基勒父子
175954,史基勒父子
175955,盖比·凡得纳比
175956,盖比血系
175966,克罗姆家族
175970,盖比·凡得纳比
176048,林波尔:飞毛腿*狮子王
176159,林波尔:飞毛腿*狮子王
176174,
176226,詹森兄弟原舍
176227,詹森兄弟原舍
176228,詹森兄弟原舍
176229,詹森兄弟原舍
176231,詹森兄弟原舍
176237,
176311,
176449,罗森.波斯
176486,出自“重拳出击直子”x“灰艾莉卡”
176523,詹森019
176570,杨阿腾
176725,考夫曼
176778,速霸龙
176827,乔斯佛卡门*史多西斯
176832,100%乔斯佛卡门
177016,帝卢速霸龙
177017,帝卢速霸龙
177067,乔斯佛卡门
177211,瓦特波西瓦血统
177256,海霸王946
177267,克拉克系
177269,海霸王946
177270,海霸王946
177271,海霸王946
177275,海霸王946
177287,海霸王946
177331,“蓝波”“所向无敌”近亲
177333,“所向无敌侄儿”*“所向无敌直女
177361,马克罗森斯
177362,马克罗森斯
177496,奇迹
177522,苍白骑士“梦幻145直子×梦幻145”
177553,浅斑眼直孙X所向无敌近亲
177756,葛斯顿·“奶酪小子”多重回血
178072,电脑戈马力
178175,克利斯.赫博瑞.原舍
178177,克利斯.赫博瑞“爱克”直子
178241,村松辉南白鸽
178242,
17833,彼得文斯特拉
178446,闪电号直子X考夫曼硬汉
178504,
178793,辣灯X东方不败
178813,
178825,东方不败129之孙
179053,伯马-佑德
179054,伯马-佑德
179269,
179332,
179333,
179389,詹森红狐狸
179575,盖比
179598,盖比x盖比
17964,勃默德010613
179795,詹森兄弟原舍
179955,出自“年轻自由斗士”×“欧元直女”
179979,福雷迪.范西
180009,凡龙
180010,凡龙
180236,战斗机×红蝴蝶
180239,战斗机·红蝴蝶
180240,战斗机·红蝴蝶
180245,战斗机·红蝴蝶
180248,桑杰士第一武士血统
180249,桑杰士第一武士
180251,林波尔
180268,
180337,鲁道夫詹森
180594,桑杰士【第-武士血统】
180714,“将军”X“莉莎爱神”
180717,欧洲先生”X“迅雷贝妮莎”！
180922,乔斯.佛卡门
180924,詹森兄弟原舍
180940,梦想家直子X07-09年荷兰3年评选鸽王17位
181011,战斗机·红蝴蝶
181015,林波尔
181016,林波尔奇迹32血统
181170,詹森
181171,德拉帕*芬妮卡5000
181176,
181203,桑杰士
181213,利奥-赫尔曼斯
181334,麦克斯*小荷兰*克拉克
181444,战斗机·红蝴蝶*克拉克
181450,＂气魄＂家族
181486,桑杰士
181602,盖比*盖比
181634,弗雷德X佛斯特拉
181683,万得维根
181742,强龙族系
181829,福洛恩格斯
181830,范伯曼配詹森
181865,飞戈，安东瑞娜
181866,泰山号近亲！
181878,考夫曼梦想家
181931,瓦季卡詹森交配万得伟根
181956,林波尔交配万得伟根
182095,波品纳直子与邯郸冠军
182336,
182476,胡本
182478,速霸龙
182529,克拉克613
182832,
182871,罗杰、弗洛利宗X派伦
182873,鲁道克拉森
182890,胡本
182893,胡本
182907,胡本
182913,胡本
182929,乔斯托内
182939,胡本
182940,乔斯托内
182943,速霸龙
182953,胡本（此鸽10万元拍出）
182960,胡本
182962,胡本
182971,胡本
182972,胡本
182975,速霸龙
182976,速霸龙
182977,电脑·戈马力
182987,凡龙
182989,乔斯托内
182992,乔斯托内
182997,詹森系
182998,速霸龙
183003,克拉克
183006,克拉克
183094,桑杰士（第一武士）
183102,林波尔
183134,泰伦配杨阿腾
183231,江海灰王配多利直系
183290,盖比白腹号
183291,盖比
183293,沃迪沃德*盖比
183294,考夫曼
183444,盖比白腹号
183488,王中王X无冕之王
183496,王中王
183503,无冕之王
183504,电脑
183514,王中王X无冕之王
183515,王中王X无冕之王
183545,爱亚卡普詹森X乔斯佛卡门
183627,501直子(突变琼思）/501
183635,詹森系
183739,“秃头199”
183752,戈马力·“秃头199”
183898,盖比白腹号
183907,
183979,乳酪小子
183986,100%乔斯佛卡门
184046,杰夫范温克
184083,胡本
184102,
184112,武器号近亲直孙
184139,胡本
184189,胡本
184216,乔斯托内
184244,胡本
184279,100%乔斯佛卡门
184305,白腹号血系
184314,超人血系
184317,乔斯托内
184407,
184425,佛科克
184447,佛科克
184590,
184692,速霸龙
184697,詹森
184702,詹森
184703,詹森
184717,詹森
184718,杨阿腾
184777,胡本
184779,胡本
184783,胡本
184812,詹森
184820,福雷迪.范西
184827,胡本
184834,詹森交配杨阿腾
184836,杨阿腾
184837,詹森
184851,胡本
184956,菏比对抗*欧文贝克
184981,瓦特
185037,HeremansLeo
185087,村松白
185230,林波尔*马克迪库克
185255,凡龙
185257,考夫曼
185265,考夫曼
185270,蒂姆.海格原舍
185271,詹森
185294,荷兰林波尔奇迹32
185337,荷兰林波尔奇迹32
185422,苍白骑士
185437,爱亚卡普將军x007x传奇05近亲
185486,
185575,巴腾伯格X詹森
18574,亚普詹森斯托克
18575,亚普
185786,克拉克
185787,速霸龙*胡本
185788,克拉克
185789,克拉克
185792,克拉克
185795,克拉克
185825,克拉克
185835,凡龙
185925,马克罗森斯.詹森配苍白
185966,乔斯托内“新超人”直系
185967,林波尔x马克迪库克
185979,凡龙银影
186022,格斗士
186024,吉林克斯“年轻格斗士”
186054,芮娜
186174,德国鸽王蓝天力量直子*极速飞戈9次冠军直女
186222,鲁道.克拉森
186302,
186304,马克罗森斯
186516,胡本
186530,胡本家族完美号直女
186570,苍白
186581,盖比
186584,盖比白腹号
186591,乔斯托内
18661,甘纳斯
18664,甘纳斯
186678,凡龙
18668,甘纳斯
186697,主斯特拉.佛巴斯46
186698,杨迪汉
18673,甘纳斯
18674,甘纳斯
18675,甘纳斯
186836,100%乔斯托内拿破仑血统高辈分近血作出
186843,盖比白腹号
186854,盖比白腹号
186877,
18712,桑洁士
18716,桑洁士
187186,彼德曼德斯869
187258,彼得曼德斯869
187259,乔斯、佛卡门
187274,胡本
187275,胡本
187276,芬妮卡5000
187301,乔斯托内“新超人”直系
187303,福洛、福沃特
187306,福洛572X福洛711
187333,战斗机·红蝴蝶
187371,彼得、曼得斯869X福洛711
187389,:彼得、曼得斯869
187421,传奇866直女
187451,彼得、曼得斯869回血直女
187454,彼得、曼得斯869最后直女
187459,彼得、曼得斯869直子X双德国鸽王直女
187465,利奥、贺尓曼斯
187527,福洛X戈马力
187592,山普森X佛尔布文
187664,MeirlaenEtienne（梅尔浪倚天）
187673,彼德、曼德斯869
187679,
187740,古斯特。詹森
187791,詹森019
187896,托尼克莫利斯（冠军源头直女）
188068,托尼克莫利斯（冠军源头）
188089,詹森
188129,
188131,
188134,
188135,
188197,
188287,芬尼卡5000
188308,008贝隆
188345,佛尔布文X范登伯格
188492,胡本*VIP詹森
188493,胡本
188520,胡本
188523,令狐冲*东方不败
188564,胡本
188619,詹森·桑杰士·凡龙
188625,胡本
188627,胡本
188658,詹森*桑杰士
188660,
18879,714直女，584外孙女
188957,苍白骑士
188976,吉林克斯“黑神奇”桑杰士配鲁道克拉森
189180,速霸龙
189233,托尼克莫利斯（冠军源头直子)
189243,托尼克莫利斯（冠军源头直子)
189247,托尼克莫利斯（冠军源头直子)
189265,桑杰士*詹森
189427,
189452,
189467,
189499,泰山直孙！
189500,乔斯，佛卡门
189514,胡本
189575,盖比664直子超级种雄X罗森波斯392直女超级金母。
189635,钢针鸽
189658,迪克.凡戴克
189682,史密斯x戈马力
189709,詹森
189714,胡本年轻艺术家
189717,
189745,胡本
189747,
189756,胡本年轻艺术家
189773,胡本年轻艺术家
189789,詹森
189798,詹森
189806,詹森
189811,詹森*吉尔特
189815,詹森*吉尔特
189818,詹森*吉尔特
189828,桑杰士
189851,
189959,飞戈
189963,胡本年轻艺术家
189972,胡本年轻艺术家
190031,詹森
190074,桑杰士
190149,胡本
190197,考夫曼
190202,100%乔斯托内拿破仑血统高辈分近血作出
190461,佛科克
190499,速霸龙
190506,考夫曼
190578,桑杰士*贝克詹森
190579,桑杰士*贝克詹森
190625,凡龙
190636,胡本
190679,胡本
190681,胡本
190682,胡本
190698,路易斯凡龙
190702,飞戈X桑杰士
190706,飞戈X桑杰士
190709,波西瓦
190732,“波基配对”·马里奥
190735,“波基配对”·马里奥
190788,“飞戈”X“飞戈”
190789,“飞戈”X“飞戈”
190836,飞戈胡本血统
190839,弗雷迪血统
190854,戈马力·秃头“199”
190883,波西瓦
190942,凡龙*詹森
190989,国家二号
191008,爱亚卡普詹森
191070,
19114,荷兰怪杰鲁道·克拉森系
19126,盖比
191339,
19143,鲁道.克拉森
191577,李鸟配吴淞
191578,李鸟配吴淞
191582,李鸟配吴淞
191589,佛洛·片佛沃特
191594,速霸龙
191604,速霸龙
191736,狄尔巴
191781,詹森麦克斯黄金号
191784,詹森麦克斯黄金号
191786,詹森麦克斯黄金号
191793,电脑大毛脚
191835,100%乔斯托内拿破仑血统高辈分近血作出
191852,瓦特
191866,电脑大毛脚
191868,
191885,
191969,鲁道克拉森
191983,詹森冬季男孩直孙
191985,詹森冬季男孩直孙
192200,佛卡门
192203,佛卡门
192206,福洛福沃特
192261,瓦特.德雷克
192262,瓦特.德雷克
192264,史帝文宾尼
192380,利奥·贺尔曼斯
192381,苍白骑士直系
192469,777公牛
192470,詹森
192484,V．D．Dressche
192506,V．D．Drirssche凡登.德瑞莎
192508,777公牛
192515,GanusJanssen
192563,超级73/凡龙
192564,超级73/詹森
192582,凡龙/超级73
192785,摩利斯.卡萨
192791,
192819,芮娜飞戈
192826,芮娜飞戈
192851,芮娜飞戈
192969,摩利斯.卡萨
19301,詹森
193145,“芬妮卡5000号==胡本
193147,胡本
193148,摩利斯．卡萨
193149,速霸龙
193151,里欧.赫尔曼
193155,速霸龙
193157,速霸龙
193159,奶酪小子
193163,（詹森兄弟）作育
193164,胡本
193193,吉林克斯
193194,吉林克斯
193268,利奥.贺尔曼斯
193270,飞戈
193273,飞戈
193277,利奥.贺尔曼斯
193282,利奥.贺尔曼斯
193305,威力.艾佛拉桑杰仕
193324,“所向无敌”
193331,“所向无敌”
193333,“所向无敌”
193346,“所向无敌”
193354,“奥林匹克003”
193359,桑杰士
193361,“奥林匹克003”
193367,“欧元”
193373,“奥林匹克003”
193376,“乳酪小子”
193380,“乳酪小子”
193433,甘纳斯
193470,摩利斯.卡萨
193486,利奥.贺尔曼斯
193488,利奥.贺尔曼斯
193498,利奥.贺尔曼斯
193500,利奥.贺尔曼斯
193524,胡本
193533,胡本
193638,摩利斯.卡萨
193667,摩利斯卡萨
193668,摩利斯卡萨
193831,
193851,比利时猛虎克里斯赫伯瑞x山普森
193993,苍白骑士
194222,乔斯.佛卡门
194312,闪电金童近亲.桑杰士
194317,闪电金童近亲.桑杰士
194322,林波尔-法拉利*北极女王-真命天子
194324,闪电金童近亲直孙.桑杰士
194343,桑杰士
194422,＂气魄＂
194435,苍白骑士及翔冠金狐近亲
194441,苍白骑士近亲
194443,苍白骑士及翔冠金狐近亲
194451,苍白骑士及翔冠金狐近亲
194456,苍白骑士及翔冠金狐近亲
194493,英格斯231直系×盖比白腹号近亲
194592,啊特玛超级53
194597,啊特玛超级53
194704,电脑秃头胡本海尔比
194710,詹森麦克斯胡本
194716,詹森麦克斯胡本
194718,班尼史蒂文
194719,詹森麦克斯胡本
194724,詹森麦克斯电脑
194746,爱亚卡普詹森X戈马利X英格斯
194748,电脑大毛脚
194749,小迪克
194750,电脑大毛脚
194753,电脑大毛脚
194755,电脑大毛脚
194762,战斗机·红蝴蝶
194770,亚普柯霍恩
194773,亚普柯霍恩
194787,电脑戈马利胡本
194835,
194912,胡本海尔比
194914,胡本海尔比
194926,胡本
194927,电脑年轻巴龙
194928,胡本
194987,红公泰伦（）
195011,100%乔斯托内拿破仑血统高辈分近血作出
195050,沃特
195054,沃特
195056,胡本
195124,麦克斯黄金号
195127,麦克斯黄金号
195128,乔斯托内漂亮巨人近血作出
195129,麦克斯黄金号
195130,村松辉南
195139,乔斯.佛卡门
195140,电脑大毛脚
195149,电脑年轻巴龙电脑毛脚
195150,电脑年轻巴龙麦克斯黄金899
195153,电脑年轻巴龙电脑大毛脚
195154,电脑年轻巴龙
195156,胡本海尔比电脑
195180,鲁道克拉森超级69
195243,100%乔斯托内拿破仑血统高辈分近血作出
195305,范德佛拉斯叔叔X姪女
195313,飞戈X西北全能女王号
195362,胡本
195404,胡本
195420,亚普
195509,电脑大毛脚
195530,亚普
195534,鸽友通:
195535,恩格斯231系X李军恩格斯
195657,
195658,巴可直子X巴可直孙女
195735,869直子X869直女（同父异母配）
195932,
195935,冠军芬妮卡5000
19594,桑杰士
195944,三关王*桑杰士
195953,福乐*潘塔尼
195965,林波尔狮子王*奇迹32
195993,胡本
195997,詹森老白眼
196001,胡本
196037,莱克父子
196041,莱克父子
196076,施奈德
196102,凡瑞特桑杰士
196112,福洛。福沃特
196124,克里斯德巴克
196212,
196233,苍白X宝马
196358,史多西斯
196359,史多西斯*金钱豹
196369,杨阿腾多利
196407,佛科克，里奥，赫尔曼
196415,荷兰-林波尔狮子王奇迹32
196423,100%乔斯托内拿破仑血统高辈分近血作出
196424,100%乔斯托内拿破仑血统高辈分近血作出
196434,100%乔斯托内拿破仑血统高辈分近血作出
196449,乔斯托内凡赛尔世界鸽王阿诺德斯直孙女
196454,100%乔斯托内拿破仑血统高辈分近血作出
196461,利奥·贺尔曼斯
196486,极速飞戈9次冠军直女*德国鸽王蓝天力量直子
196534,汉士、威利理奇（汤夕寒赠送)
196557,
196599,
196934,
196937,东方不败闪电桑杰士
196962,瑞克·赫尔曼
196994,佛科克
197067,安德烈、德拉怕
197080,苍白女王配苍白滚桶，兆尊杀手
197096,
197221,＂气魄＂
197223,
197230,卡洛斯近亲回血
197236,卡洛斯
197238,苍白配速霸龙已售
197240,乔斯托内漂亮巨人近血作出
197242,鹏程火箭
197245,乔斯托内漂亮巨人近血作出
197251,鹏程火箭
197252,冬日男孩血统
197260,鹏程火箭
197273,戴扶连特
197276,戴扶连特
197280,戴扶连特
197291,胡本×范登帕斯
197310,爱亚卡普詹森X戈马利X英格斯
197313,瑞克赫尔曼×凡代客
197580,瑞克·赫尔曼×凡代客
197612,佛科克
197792,
197813,皮埃尔瓦森
197897,
197899,
197938,波西瓦血统*大脚趾008
197982,
198179,
198203,
198223,
198240,
198314,极速飞戈9次冠军直子*德国鸽王蓝天力量直女
198330,极速飞戈9次冠军*蓝天力量直女
198374,极速飞戈九次冠军外孙（已转让）
19842,凡龙156464
198612,凡龙
198621,凡龙
198622,威廉迪布恩
198730,
198996,盖比邦德007
199173,威尔那胡伯纳*“南西北”鸽王亚军母子回血
199178,德国威尔那胡伯纳*“南西北”鸽王亚军母子回血鸽
199184,考夫曼*詹森“神奇“666”
199265,【双惠008大脚趾】
199297,盖比
199323,极速飞戈9次冠军直女*德国鸽王蓝天力量直
199526,麦斯1号曾孙
199632,凡龙
199742,兆尊小苍白
199751,乔斯托内血统
199759,乔斯托内原棚
199767,
199769,乔斯托内原棚
199770,乔斯托内原棚
199777,福洛英格斯原棚
199830,德瓦。亚伯特
199896,帝卢速霸龙
199933,英格斯亚精顿全国冠军直子
199950,克拉克原棚
200007,詹森019
200008,詹森019
200078,极速飞戈9次冠军外孙女
200090,天体近亲
200194,凡龙
200199,威廉.吉尔特原舍
200201,威廉.吉尔特原舍
200204,威廉.吉尔特原舍
200206,威廉.吉尔特原舍
200212,盖比
200260,凡德玛伦.宋妮娅
200261,凡德玛伦.宋妮娅
200267,凡德玛伦.宋妮娅
200276,
200291,
200297,
200308,
200311,
200319,
200321,
200352,
200356,
200360,
200370,
200373,
200388,
200411,
200501,考夫曼秦始皇
200537,林波尔X凡龙
200541,凡龙X绝世无双
200553,
200564,极速飞戈9次冠军*蓝天力量直女
200572,詹森
200616,极速飞戈9次冠军直女*德国鸽王蓝天力量直子
200617,桑杰士
200618,桑杰士
200619,桑杰士
200694,德国鸽王蓝天力量直子*极速飞戈9次冠军直女
200998,飞戈悍将金红砂X中荣50名
201000,贝克詹森x雅片
201002,恩格斯322系宗亲
201133,
201209,詹森万德维根
201380,詹森
201433,詹森老白眼
20146,杨.龚多拉斯
20147,贺尔梅斯
201497,芮娜飞戈
201505,芮娜飞戈
201525,名典林波尔
201527,林波尔
201532,林波尔
201535,杨阿腾
201537,詹森X林波尔
201538,詹森
201539,詹森X万得维根
201540,林波尔
201541,白腹号近亲”外孙
201563,红色杨阿腾
201564,红色杨阿腾
201568,詹森
201572,詹森
201608,小迪克
201667,林波尔
201699,戴扶连特“罪魁祸首”
201738,詹森老白眼回血
201777,麦克斯X白眼
201837,DeCockMarc（迪库克马克）
201869,盖比
201887,凡龙*艾迪.卢太慈
201889,速霸龙
201899,胡本鸽皇号直子
201900,胡本鸽皇号直子
202063,“东方不败”直系
202125,
202146,
202220,佛巴特
202229,詹森
202291,福瑞克-阿伦
202336,波斯玛X范德维恩
20235,爱亚卡普凡龙
20239,爱亚卡普凡龙
202452,詹森飞毛腿
20259,
202690,杨迪汉
202767,詹森
202768,闪电紫光詹森系
202791,艾迪.格罗原舍
20290,爱亚卡普凡龙
202913,克里斯.克雷宝
203013,利奥.贺尔曼斯
203029,胡普.海尔曼（HuubHermans）原舍
203067,艾尔辛加原棚
203070,杨迪汉
203122,胡本
20315,詹森
203160,葛斯顿“奶酪小子”系
203165,巴特和安德烈.雷德曼兄弟鸽舍
203174,钢铁利摩日直女
203210,速霸龙*速霸龙
203340,卡曼兄弟
203352,卡曼兄弟
203360,卡曼兄弟
203523,达伦-维嘉特联合鸽舍
203529,胡伯特.史罗恩斯原舍
203534,卡曼兄弟（Comb.J&J.Kaman）原舍
203549,凡.艾尔沙克-吉普森原舍
20362,威廉.吉尔特
203685,克拉克詹森
203713,亚普王与金母狄尔巴直女
203720,瓦特特比号系
203748,吉尔特X红狐
203752,速霸龙X鲁道克拉森
203795,金裕实战
203797,芮娜—“飞戈”
203798,金裕实战
203800,中国第一黄金配对大红袍配虹桥闪电极端近亲直孙
203802,虎王之孙女，大红袍近亲
203937,狄荷夫父子原舍（D.deHooghenZn）
203941,利摩日
203979,国家一号
204126,闪电紫光詹森系
204143,“明珠英雄”977
204203,盖比.凡德那比勒原舍
204210,白腹号”X“玛莉丝卡
204215,超人”X“希尔德
204274,苍白骑士
204277,胡本X国家一号
204311,钢铁利摩日*东方不败
204363,盖比.凡德纳比
204488,
204498,
204517,
204674,胡本艺术家回血
204675,胡本艺术家回血
204676,胡本原舍[罗宾汉孙女]
204677,胡本原舍【宇宙】孙女
204678,胡本原舍【完美号直孙】
204680,胡本
204700,芮娜“飞戈”
204701,芮娜“飞戈”
204721,盖比
204764,所向无敌系
20480,血统-钻石王老五×戈马利
204815,苍白
204819,苍白
204822,苍白
204826,苍白
204831,桑杰士近亲
204894,詹森火箭
204904,苍白
204913,苍白
204923,胡本艺术家外孙【多拉多直子】【已售】
205092,麦克斯*林波尔
205103,苍白
205106,苍白
205107,詹森×胡本
205109,苍白
205115,苍白
205120,考夫曼鸽王直子配红狐
205123,詹森火箭
205199,詹森麦克斯
205202,詹森
205271,苍白
205275,苍白
205281,桑杰士配凡代克
205472,索普波尔父子联合鸽舍（DouweenPeterSoepboer）
205483,约翰.波尔
205523,胡本/贺伯特
205524,纯电脑戈马利
205525,胡本/贺伯特
205538,胡本/贺伯特
205541,胡本/贺伯特
205547,胡本/贺伯特
205568,胡本/贺伯特
205583,克里斯，赫伯端
205634,100%乔斯托内拿破仑血统高辈分近血作出
205639,荷兰林勇雄鹰号孙X杨欧瓦克超级84孙女
205787,桑杰士（第一武士）
205830,霍夫肯/波西瓦
205841,克拉克/詹森
205858,克拉克/詹森
20588,
20590,
205960,胡本
205986,桑杰士/詹森
206003,VIP雄鹰
206006,“VIP
206010,“VIP
206093,詹森/凡龙/贺伯特
206102,吉瓦特·凡舒瑞/波尔曼斯·瓦勒瑞
206115,范德伍德/贺伯特
206117,苍白系
206118,苍白系
206122,苍白系
206123,苍白系
206124,苍白系
206125,苍白系
206126,苍白系
206139,苍白系
206141,苍白系
206143,苍白系
206144,胡本/贺伯特
206153,苍白系
206157,苍白系
206165,苍白系
206171,苍白系
206209,胡本/贺伯特
206212,詹森/胡本/贺伯特
206222,苍白系
206234,苍白系
206235,苍白系
206369,卡尔
206383,里奇/胡本/贺伯特
206385,里奇/胡本/贺伯特
206422,林波尔
206459,鲁迪·狄尔斯
206641,红狐*凡龙
206649,小迪克
206650,“超级种公”X“皇家公主”！
206680,
206684,
206692,贺伯特/菲利普·吉尔特
206736,考夫曼，山格斯
206753,詹森
206754,詹森
206755,詹森
206756,詹森
206757,詹森
206766,林波尔
206773,林波尔
206784,詹森
206829,
206834,
206887,考夫曼
206893,胡本/贺伯特
206894,考夫曼
20690,鲁道克拉森
206955,
206978,黄金女郎直子”X“灰钻石
207051,咸亨028+蓝盔661
207066,电脑戈马力詹森麦克斯
207074,杨公多拉斯+杨阿腾
207075,威恩罗伊/詹森×“金母717”
207077,桑杰士+詹森
207094,卢克·克拉克/电脑·戈马力
207098,里奇/胡本/贺伯特
207113,“无敌号”直孙
207139,詹森×威廉迪布恩
207286,考夫曼，马歇尔山格斯
207312,苍白
207315,苍白
207318,苍白
207331,苍白
207333,苍白
207338,苍白
207341,苍白
207360,苍白
207365,苍白
207370,苍白
207385,苍白
207391,苍白
207426,桑杰士近亲
207502,考夫曼鸽王直子配红狐
207522,小艺术家
207547,“白腹号X小全省号”直孙女
207548,盖比最新招牌种雄.“所向无敌”曾外孙
207551,“小迪克外孙X长矛号直女”
207553,凡龙“第一黄金配对”玄孙女
207565,“基础雌”/“`03花头”近亲
207596,
207601,“年青艺术家”多重近亲
207608,桑杰士X詹森
207635,麦克斯*速霸龙
207684,詹森*克拉克
207685,恩格斯
207686,英格斯231直孙
207705,杨阿腾多利直系
207707,杨阿腾多利直系
207728,杨阿腾多利直系
207729,杨阿腾多利直系
207730,林波尔
207732,林波尔
207734,詹森
207741,虎王之子
207748,虎王之子
207750,虎王之子，亚普战神之子
207764,麦斯499配詹森
207802,电脑戈马利*凡龙
207817,
207820,
207830,桑杰士不败小子*桑杰士
207831,克拉克，佛尔布文
207863,丹尼斯之子
207940,苍白骑士*翔冠金狐
207943,苍白*克拉克
207947,苍白*翔冠金狐
207965,苍白骑士*翔冠金狐
20798,胡本、苍白
207984,宝钻*芬妮卡111503
208032,凡龙028直女
208051,苍白
208054,苍白回血
208055,财神系列
208057,财神系列
208071,福洛英格斯
20809,红卡多
208141,
208149,
208150,
208183,虎王之子，麦斯美女之子
208202,麦斯美女直孙，虎公主之子
208206,詹森老白眼
208213,
208329,苍白*斯古梅斯配苍白骑士
208333,斯古梅斯*詹森019
208334,财神系列
208346,克拉克*佛科克
208350,丹尼斯之子
208415,丹尼斯之孙
208417,财神系列
208420,
208431,斯古梅斯*苍白近亲
208432,苍白骑士*翔冠金狐
208433,翔冠金狐*范内
208443,咸亨028+蓝盔661
208452,100%乔斯托内拿破仑血统高辈分近血作出
208453,100%乔斯托内拿破仑血统高辈分近血作出
208603,摩利斯．卡萨
208606,摩利斯．卡萨
208610,摩利斯．卡萨
208614,摩利斯．卡萨
208616,摩利斯．卡萨
208619,摩利斯．卡萨
208620,摩利斯．卡萨
208625,摩利斯.卡萨
208627,摩利斯.卡萨
208628,摩利斯.卡萨
208630,摩利斯.卡萨
208636,林伯尔
208637,林伯尔
208686,法兰斯直子X法兰斯直女
208701,所向无敌
208731,卡洛斯*林波尔
208733,财神系列
208734,翔冠金狐*金狐
208739,苍白
208740,翔冠金狐*苍白
208741,宝钻*芬妮卡5000
208776,胡本
208778,詹森019
208855,嘉兴-盖比
208856,盖比-夏拉肯
208857,盖比-夏拉肯
208858,100%盖比
208882,奇迹500孙女
208896,桑杰士-罗森波斯
208971,老桃花X林波尔
208980,战斗机红蝴蝶*凡龙
208995,
209047,苍白骑士近亲回血
209048,克拉克613直系
209053,苍白骑士近亲回血
209118,戈马力
209126,夏拉肯·盖比
209161,飞戈
209191,红詹森
209393,林波尔X詹森019
209394,
209395,
209397,杨公多拉斯+杨阿腾
209404,“征服者”×“蓝盔331”直女
209438,克拉克
209442,
209483,特比亚军X速霸龙
209487,法兰斯直子X法兰斯直女
209514,秃头199近血直孙
209518,020直孙
209522,020近血直孙女
209524,020直孙女
209589,财神系列孙代
209599,财神系列
209707,
209712,
209733,100%乔斯托内拿破仑血统高辈分近血作出
209769,电脑戈马利199多重近亲做出
209780,
209801,“双林034”×“金母717”
209808,威恩罗伊/詹森＋“金母717”
209872,爱亚卡普凡龙X詹森
210114,苍白系
210116,苍白系
210118,东方不败
210119,钻石吐尼尔
210120,魅影骑士家族X奶酪小子家族
21018,浩瀚宇宙银河系
210189,詹森X小迪迪
21020,国际和平号直孙
210260,克拉克*翔冠金狐
210270,摩利斯．卡萨
210293,慕利门
210312,
210494,
210548,林波尔X詹森019
210624,舒马赫原舍
210629,摩利斯．卡萨
210632,杨森斯–波恩+英格兰.罗杰
210644,摩利斯.卡萨
210648,
210649,
210650,
21088,黄昆蒂
210916,凡得那比
210940,
210967,林波尔X甘纳斯X兆尊罗马
211016,友谊号554直孙女
211095,电脑戈马利（秃头199）
21114,胡本年轻艺术家直孙
211238,摩利斯.卡萨
211241,摩利斯卡萨
211271,电脑戈马力
211396,桑杰士
211401,桑杰士
211474,摩利斯卡萨
21149,帝卢·速霸龙
211499,大将军
211528,凡龙*林波尔
211529,戈玛利
211559,战斗机·红蝴蝶
211577,盖比“詹姆斯.邦德”
211645,詹森红狐狸X林波尔X甘纳斯
211904,戈马利
211934,苍白
211967,财神系列
211975,翔冠金狐*金狐
212076,詹森019
212089,
212090,
212093,
212111,
212168,黄金配对近亲直子X所向无敌直孙女”
21217,
212217,飞戈
212238,
212246,马克.范登伯格
212275,纯戈马利008贝隆血统
212412,威廉.迪布恩[小灰女]
21247,
212823,翔冠金狐*瓦特钻石王老五
21287,老桃花
21288,老桃花X黑太原X老灰子
21291,好公仔直子
21295,独行侠直女
21296,好公仔直系
212992,胡本
213003,电脑戈马利（近亲）
213216,胡本
213241,戈马力秃头199
213268,飞戈电脑血统
213271,008贝隆血统
213273,【双惠电脑008大脚趾】
213499,
213504,
213527,
21353,戈马利Ｘ胡本
21357,
213620,闪电王子配远程金母
213641,克拉克x凡龙超级73
213653,克拉克x凡龙超级73
213681,凡龙超级73x克拉克
21374,
213951,利奥·贺尔曼斯奥林匹克003
213952,利奥·贺尔曼斯奥林匹克003
213954,
213973,凡龙超级73x凡龙
214016,凡龙超级73
214019,超级37x东方不败
214027,胡本x罗杰富雷卡x红狐731
214063,戈马利.佛布鲁根
214088,
21413,修士肯·冯莱尔
214179,詹森交配万得维根
214183,林波尔
214184,杨阿腾多利
214187,江海灰王杨阿腾
214189,万得维根X杨阿腾
214271,杨龚多拉斯+桑杰士
214275,《冬日男孩》后代
214362,飞戈
214364,60次冠军×泰山男孩二、三代还血
214367,飞戈
214377,桑杰士
214380,桑杰士
214394,小松弘－杨阿滕三代
214415,克拉克05
214448,詹森飞毛腿
214468,詹森飞毛腿
214487,利奥·贺尔曼斯原舍
214740,戈马利199
214741,戈马利199
214870,渥夫纲超级名鸽K金133家族
214892,林波尔X甘纳斯X国家一号
214908,世界名鸽“K金133”
214909,渥夫纲超级名鸽K金133家族
214933,渥夫纲
214935,
214958,詹森
215083,渥夫纲K金133家族
215087,渥夫纲K金133家族
215089,渥夫纲K金133家族
215090,渥夫纲K金133家族
215092,渥夫纲K金133家族
215167,詹森
215243,渥夫纲K金133家族
215258,渥夫纲
215260,渥夫纲K金133家族
215267,
215271,渥夫纲K金133家族
215277,渥夫纲
215278,渥夫纲K金133家族
215293,比利时杰夫.范云克原舍
215299,戈马利
215362,狮子王回血孙代
215416,宝玛尤德
215418,宝玛·犹德
215419,詹吉
215420,小鬼当家
215421,詹吉
215425,詹吉
215431,詹吉
215434,
215437,詹吉
215439,万德维根
215441,万德唯根
215450,比利时杰夫.范云克原舍
215452,奥林匹克003直子
215524,哈姆。沃迪维得
21558,莫氏“黑太原”X“老桃花”
215583,天马配丝丝
215605,电脑戈马力
215608,电脑戈马力
215609,电脑戈马力
215651,超级马力欧*阿斯克
215670,飞戈近亲直孙
215677,摩利斯.卡萨
215678,摩利斯.卡萨
215690,帝王一号*铁血狂龙
215727,林波尔:狮子王**狮子王
215735,完美号直子
215756,万德唯根
215766,万德唯根
215770,万德唯根
215774,万德唯根
215778,万德唯根
215780,万德唯根
215802,帝王一号*铁血狂龙
216006,凡龙
216064,詹森
216096,“无敌号”二、四代还血
216304,贝壳詹森
216323,万德维根
216324,万德维根
216326,万德维根
216327,万德维根
216329,万德维根
216361,非卖品
216451,
216455,
216465,乌诺号
216469,乌诺号
216564,利奥·贺尔曼斯“奥林匹克003”
216681,电脑*戈马力199直系
216695,
216771,詹森019
216772,飞戈悍将
216773,詹森
216796,
216923,
216927,拿破仑*电脑
216935,电脑008贝隆血统
216938,大脚趾008*波西瓦血统
216946,速霸龙
217079,
217082,
217085,
217202,100%乔斯托内拿破仑血统高辈分近血作出
217217,气魄家族
217219,气魄家族
217220,气魄家族
217222,气魄家族
217230,胡本
217239,霍夫肯
217249,林波尔X甘纳斯X国家一号
217474,
217650,波西瓦
217655,电脑戈马力
217671,爱亚卡普-詹森配胡本
217678,爱亚卡普-詹森X桑杰士
217690,爱亚卡普詹森X桑杰士
217734,金伟鱼行；常胜将军系
217743,金伟鱼行常胜将军系
217748,金伟鱼行；常胜将军系
217781,杰普斯.万德维根
217834,盖比
217849,“闪电号X巴利瑞娜”直孙
217868,“闪电号直子X利蒙治国王曾孙女”
217984,老胡本，苗条汉
218109,
218144,秃头199X008
218149,秃头199X教父020X008
218238,考夫曼[黄金女郎直女]
218294,缔造者*玛利公主女儿
218402,速霸龙
218420,020
218421,020
218425,武器号
218484,摩利斯.卡萨
218513,摩利斯.卡萨
218516,摩利斯.卡萨
218670,丹尼·凡戴克“加农炮111”直女
218677,万候
218681,贺伯特
218715,夏拉肯
218717,夏拉肯
218795,恩格斯
218797,速霸龙
218799,恩格斯
218809,沃夫岡
218889,艾力克·林伯格
218905,“奥林匹克003”
218909,亨纳斯·克里斯汀
218912,亨纳斯·克里斯汀
218915,莫利斯卡萨
218919,葛斯顿·“奶酪小子”
218921,葛斯顿·“奶酪小子”
218924,约翰·德贝尔瑟
218926,葛斯顿·“奶酪小子”
218929,莫利斯卡萨
218930,莫利斯卡萨
218931,约翰·德贝尔瑟
218933,葛斯顿·“奶酪小子”
218934,亨纳斯·克里斯汀
218937,万候
218939,恩格斯
218940,丹尼·凡戴克“加农炮”全兄妹
218941,考夫曼X国家一号
218945,
218962,丹尼·凡戴克“加农炮112”直子
219069,考夫曼X国家一号
219091,“超级百万号”直子
219093,恩格斯
219099,贺伯特
219144,＂气魄＂家族
219148,马克詹森
219171,小卡萨
219173,
219177,丹尼·凡戴克“加农炮”全平辈
219179,“超级百万号”直子
219180,丹尼·凡戴克“加农炮”全兄弟
219182,万候
219184,丹尼·凡戴克“加农炮111”直子
219185,夏拉肯
219187,夏拉肯
219188,夏拉肯
219191,贺伯特
219192,小卡萨
219196,丹尼凡戴克
219198,小卡萨
219199,贺伯特
219200,恩格斯
219203,丹尼·凡戴克“加农炮112”直女
219205,恩格斯
219319,【詹森红狐】X【波斯家族】
219468,速霸龙
219523,
219801,爱亚卡普詹森X乔斯佛卡门
219802,爱亚卡普詹森X乔斯佛卡门
219805,金伟鱼行常胜将军系
219806,金伟鱼行常胜将军系
219828,
219849,乔斯、佛卡门“巴克X基蒂”直孙
219988,万德维根
219989,万德维根
220108,爱亚卡普-詹森X桑杰士
220158,极速飞戈9次冠军直子*德国鸽王蓝天力量直女
220159,极速飞戈9次冠军直子*德国鸽王蓝天力量直女
220160,极速飞戈9次冠军直女*德国鸽王蓝天力量直子
220197,
220514,全国鸽王冠军
220635,乔斯.托内
220684,
220734,霍夫肯直子*克拉克
220745,霍夫肯X十冠王
220769,
220833,能全十冠王419系X克拉克直女
220914,利奥·贺尔曼斯
220977,速霸龙
220986,定时炸弹回血X鬼魅※马蒂
220992,419X克拉克直女
220996,绝密武器※霍夫肯X鬼魅※马蒂
220999,419X克拉克直女
22100,詹森
221074,波西瓦
221121,世界大铭鸽“小飞戈”直子
221122,乔斯·托内
221191,
221229,翡翠Ⅱ号
221264,瓦特
22143,凡龙威廉基尔特
221466,霍夫肯X十冠王
221499,霍夫肯X十冠王
221518,十冠王*马蒂
221703,
221757,
221760,
221762,
221763,
221884,摩利斯.卡萨
221885,摩利斯.卡萨
222028,圭多
222210,凡龙超级73回血
222263,
222422,威姆.迪特洛伊
222426,威姆.迪特洛伊
22256,红狐狸*黄金种母300号
22257,小火箭的直子*红狐狸的直女
222632,詹森
222633,银色詹森
222644,盖比系（闪电号直子）
222650,本舍基础种鸽
222654,
222664,彼得、曼得斯869X福洛711
222667,彼得、曼得斯869回血直女
222669,托尼克莫利斯
222683,万侯系
222689,万侯（“黄金男孩”孙女）
222692,万侯系
222706,桑杰士（第一武士）
222709,乔斯·佛卡门“潘特”
222802,甘纳斯X林波尔
222827,万侯系
222844,万侯（年轻邦格二号品系）
222853,万侯（年轻邦格二号直孙女）
22301,芬妮卡5000直孙
223054,利奥·贺尔曼斯
223137,“黑斑小鸽王全兄弟”X“奥林匹克号直女”
223285,100%盖比·凡德纳比
223423,考夫曼
223556,佛卡门
223759,幕利门军校生
223762,幕利门军校生
223770,幕利门军校生
223774,幕利门军校生
223776,幕利门军校生
223779,幕利门军校生
223783,幕利门军校生
223816,PIPA与巴藤伯格-米卫联合作育
223818,巴藤伯格-米卫
223840,幕利门军校生
223842,幕利门军校生
223847,幕利门军校生
223876,吉拉德.范图尔
223950,气魄家族
223951,气魄家族
223952,班尼。史帝文
223977,吉拉德.范图尔
223989,吉拉德.范图尔
223990,吉拉德.范图尔
223991,吉拉德.范图尔
223994,吉拉德.范图尔
223997,吉拉德.范图尔
224012,吉拉德.范图尔
224019,吉拉德.范图尔
224040,吉拉德.范图尔
224042,吉拉德.范图尔
224260,盖比
224625,摩利斯.卡萨
224626,摩利斯.卡萨
224638,佛科克父子×考夫曼父子
224726,银色詹森
224732,战斗机*（麦克斯*乔斯托内）
224734,麦克斯*乔斯托内
224853,考夫曼
225059,狄尔巴
225106,杨啊腾。詹森
225154,速霸龙*克拉克*佛尔布文
225241,本舍基础种鸽
225445,胡本
225457,胡本
225782,翡翠Ⅱ号
225875,
225894,白鸽
225895,村松辉南白鸽
225925,利奥.贺尔曼斯“奥林匹克003”直子
225933,利奥.贺尔曼斯“奥林匹克003”直女
22610,马瑞克X231
226111,全国幼鸽鸽王冠军
226123,‘奥林匹克王子'x'杨直女512号’
226151,“阿多尼斯直子”x“杨同父半妹”
226153,
226246,杨直孙”X“帅气加百列直女
226252,里欧·贺尔曼
226256,
226257,
226258,
226260,中距离鸽王冠军“鸽王号”X“银狐派翠西娅
226333,里欧.贺尔曼
226396,詹森万羽大赛十名直女
226398,詹森老火箭
226464,甘纳斯
226472,甘纳斯
226492,兆尊苍白
226506,贝壳詹森X桑杰士
226508,贝克詹森X桑杰士
226515,贝克詹森*桑杰士
226532,兆尊苍白
226542,兆尊苍白
226555,
226558,胡本
226570,兆尊苍白
226589,兆尊苍白
226590,兆尊苍白
226613,兆尊苍白
226614,兆尊苍白
226628,桑杰士
226657,兆尊苍白
226676,兆尊滚筒
226680,兆尊苍白
226841,苍白系
226885,芬妮卡
226887,葛斯顿·“奶酪小子”
226890,葛斯顿·“奶酪小子”
227048,苍白系
227086,莫利斯·哈森栋克
227127,003直孙
227298,胡本
227494,胡本
227502,胡本
227615,福洛恩格斯
227646,利奥.贺尔曼斯
227659,胡本*风雨詹森
227866,
227867,
228030,“狮王家族”
228124,葛斯顿.范德瓦尔
228144,詹森紫光系
228173,
228187,钻石王
228188,钻石王
228194,戴扶连特
228196,戴扶连特
228201,戴扶连特
228206,戴扶连特
228226,
228474,桑杰士
228555,詹森老白眼*荷比冠军
228558,詹森红魔王*詹森白羽号
228559,詹森红狐狸*詹森冬日男孩
228572,葛斯顿·“奶酪小子”多重回血
228609,速霸龙
228664,詹森019
228778,电脑*戈马力
228779,“奥林匹克003”
228787,詹森*电脑*罗宾
228793,里欧.贺尔曼
228794,里欧.贺尔曼
228876,利奥.贺尔曼斯
228910,克拉克詹森斗士613*詹森冬日男孩
228937,乔斯.佛卡门
228981,
228987,
229019,
229151,霍夫肯系
229155,“利曼斯季军X超级022”
229161,“超级种鸽直孙X`07长距离鸽王冠军”
229162,“利曼斯季军X超级022”
229167,“联盟鸽王冠军X杜丹阿冠军直孙女”
229168,
229183,
229186,“`92KF鸽王外孙X荷比对抗冠军曾孙女”
229187,里欧.贺尔曼
229319,利奥.贺尔曼斯
229335,
229388,利奥.贺尔曼斯
229389,利奥.贺尔曼斯
229398,利奥.贺尔曼斯
229467,利奥.贺尔曼斯
229532,电脑戈马力X奶酪小子
229537,电脑戈马力
229540,奶酪小子
229613,福洛·英格斯
229636,KBDB鸽王七位
229637,
229763,詹森老火箭回血
229764,奶酪小子*詹森麦克斯
229766,詹森白羽号回血
229767,詹森老白眼*詹森斗士613
229768,詹森年轻麦克斯多重回血
229769,詹森*奶酪小子
229836,詹森
22985,桑杰士
229887,速霸龙
22989,
229921,金翼明星直女
229924,“金翼明星”直子
230079,战斗机·红蝴蝶
230194,利奥·贺尔曼斯
23025,
230364,无环号
230429,速霸龙
230633,
230710,
230767,詹森红狐狸回血
230769,詹森红狐狸回血
230778,詹森蒙娜丽莎同母异父回血
230780,詹森红狐狸回血
230781,詹森红魔王*詹森冬日男孩
230782,爱迪生配阿隆索
230787,考夫曼配詹森
230793,詹森配考夫曼
230794,考夫曼
230795,琥珀配考夫曼
230796,考夫曼配琥珀
230797,考夫曼
230845,詹森
230846,阿隆索配詹森
230847,阿隆索配桑杰士
230848,阿隆索
230849,怒马配詹森
230851,爱迪生
230853,爱迪生配阿隆索
230863,阿隆索配詹森
230868,阿隆索
230908,100%乔斯托内拿破仑血统高辈分近血作出
230910,100%乔斯托内拿破仑血统高辈分近血作出
230911,100%乔斯托内拿破仑血统高辈分近血作出
230962,里欧.贺尔曼
230964,里欧.贺尔曼
230974,
230979,里欧.贺尔曼
230980,
230984,里欧.贺尔曼
230988,里欧.贺尔曼
230991,
231079,苍白骑士
231225,东方不败
231226,东方不败
231328,伯纳德.范兰特翰
231384,爱亚卡普·凡龙
231600,倚天*迪沃斯
231601,倚天迪沃斯
231603,倚天迪沃斯
231630,布尔父子×卢克.范卡本诺
231747,
231748,
231969,凡瑞特桑杰士*帝卢速霸龙
231970,凡瑞特桑杰士*帝卢速霸龙
232275,
232298,林波尔
232301,提诺.伯格曼
232414,戈马力
232552,
232619,
232625,国家一号
232719,麒麟花[艾迪]配[強速未來號直女]
232742,戈马力775-胡本900号.
232848,盖比原舍闪电号】孙代
232917,100%乔斯托内拿破仑血统高辈分近血作出
232924,胡本
232991,狄尔巴
233142,[強速189]、[紅狐家族]近親做出
233143,
233156,胡本
233177,胡本
233259,盖比
233260,盖比
233262,马克罗森斯.范伯曼.詹森
233266,马克罗森斯.詹森
233293,
233316,
233414,胡本
233457,盖比*盖比
233514,哈姆·福尔福德
233529,詹森019、麦克斯多重回血
233549,葛斯顿·“奶酪小子”
233714,019X速霸龙
233774,【019X速霸龙】
233870,凡王路易
233877,凡王路易
233880,凡王路易
233901,大力士直子
233902,乔斯·乔森
23401,浩瀚宇宙银河系始祖
23402,浩瀚宇宙银河系
234346,盖比*盖比
234352,詹森/盖比
234430,速/霸龙
234441,
234451,海霸王
234466,超级73/凡龙
234615,苍白鸽系
234700,超级73/凡龙
234883,超级73/凡龙
234990,詹森
235114,马克罗森斯.范伯曼.詹森
235184,凡登.德瑞莎
235200,戈马力
235202,
235247,超级73/凡龙
235295,凡登.德瑞莎/詹森
235315,詹森019*詹森老火箭
235316,詹森老白眼*万羽八位
235335,
235357,詹森白羽号、克拉克詹森斗士613双重回血
23601,鑽石
236383,
236702,“所向无敌近亲”
23688,林波尔系
23689,林波尔系X詹森019系
236922,
236939,詹森紫光系
236940,詹森紫光系
237024,
237034,小迪克近亲回血孙女
237042,派特米为
237073,扬啊腾
237140,兆尊132*兆尊112
237187,兆尊馆胡维奇
237317,胡维奇
237341,盖比*詹森
237343,甘纳斯鸽王699
237853,
237934,佛科克
237936,考夫曼
238195,彼得·文斯特拉
238436,范登帕斯
238444,
238532,罗尼桑杰士武器号
238645,佛科克
238715,奶酪小子直孙女
238797,沃斯燕纳斯
238805,武器号*桑杰士多重近亲作出
238830,速霸龙
238831,速霸龙
238872,佛科克
238947,福洛·福沃特×凡代客
238948,佛科克
238949,佛科克
238951,詹森
238952,佛科克×考夫曼
238953,佛科克
238997,佛科克
238998,佛科克×詹森
239013,佛科克
239015,瑞克赫尔曼×佛科克
239057,克拉森
239081,文斯特拉×卡尔
23917,任詹森019系×胡詹森019系
239239,佛科克
23924,魔鬼系
239248,佛科克
23925,凡布里安娜系
239254,佛科克
239265,福洛·福沃特×佛科克
239326,鲁道—克拉森
239554,詹森×佛科克
239579,佛科克
239731,德拉帕
239733,德拉帕
24006,电脑
24032,詹森X凡龙X慕利门X桑杰士X电脑
24033,詹森X凡龙X慕利门
24035,詹森X克拉克X凡代克X盖比X吐尼尔X苍白X凡龙X甘纳斯
24042,电脑X凡龙X詹森X慕利门
24044,凡龙X詹森X慕利门
24046,霍夫肯X甘纳斯X凡龙X瓦特
24047,电脑X凡龙X詹森X慕利门
24049,詹森X凡龙X慕利门
24050,詹森X凡龙X慕利门X桑杰士X电脑
240549,盖斯彼得斯完美号
240550,盖斯彼得斯
240552,悍将×飞戈
240554,盖斯彼得斯
240596,英格斯
240684,
240778,乔斯佛卡门
240984,考夫曼-小迪克家族
241110,【詹森小火箭指定配对】
241134,德拉帕
241239,克拉克詹森斗士613*詹森白羽号回血
241404,苍白骑士“梦幻307”直女【兆尊金花】
241475,桑杰士
241507,悍将×飞戈直女513（海妮）
241508,悍将
241509,基斯波西瓦原棚
241510,悍将×凡龙
241751,考夫曼X速霸龙
241945,利肯斯
241946,利肯斯
241947,利肯斯
242346,
242509,
242598,CHN2014-08-060885
242599,葛斯顿·“奶酪小子”多重回血
242601,詹森老火箭
242602,德国一岁鸽王双亚军*詹森红狐狸
242603,奶酪小子*詹森麦克斯
242610,克拉克詹森斗士613*詹森白羽号
242611,詹森红狐狸回血
242614,德国一岁鸽王双亚军*詹森红狐狸
242615,詹森万羽八位直女
242616,奶酪小子直孙*奶酪小子直孙女
24264,亚精顿直子
242891,速霸龙
243176,
243177,天一欢喜号回血
243428,
243823,村松辉南白鸽
243887,杨.欧瓦克
243888,杨.欧瓦克
243889,杨.欧瓦克
243891,杨.欧瓦克
243892,杨.欧瓦克
243960,杨.欧瓦克
243961,杨.欧瓦克
243962,杨.欧瓦克
243964,杨.欧瓦克
243967,杨.欧瓦克
243969,杨.欧瓦克
243972,杨.欧瓦克
243973,杨.欧瓦克
244075,杨.欧瓦克
244077,杨.欧瓦克
244078,杨.欧瓦克
244089,詹森红狐狸回血
244172,桑杰士
244249,天一电脑戈马利//天一欢喜超级回血
244252,天一金母X天一电脑
244309,
244454,詹森/万候
244764,詹森万羽十位*詹森019
244838,罗尼桑杰士武器号
244846,100%乔斯托内拿破仑血统高辈分近血作出
244859,中长距离鸽王*詹森小火箭
244863,欧洲钻石血系
244868,盖比
244907,
244919,杨.欧瓦克
244921,杨.欧瓦克
244922,杨.欧瓦克
244923,杨.欧瓦克
244924,杨.欧瓦克
244928,杨.欧瓦克
245671,速霸龙/考夫曼
245702,考夫曼/詹森
245783,胡本海尔比
245785,胡本史多西斯*阳光家园
245824,
245915,财神系列
245978,宝马.优德
246046,
246159,佛科克
246193,万德维根
246266,
246299,詹森红狐狸
246534,凡龙
2466,安德烈.勃默德公棚冠军631
246733,
246811,居斯特.詹森
246822,鹏程火箭
246827,鹏程火箭
246859,鹏程火箭
246893,鹏程火箭
246936,所向无敌孙
247007,居斯特.詹森
247133,
247138,华普利X凡龙
247190,夏拉肯/詹森
247215,国家一号
247268,“欧洲之星802直子X802全兄弟直女“
247326,乔斯.佛卡门
247329,葛斯顿.范德瓦尔
247344,胡本原舍【匹诺曹】直孙
247392,勃默德配詹森邦德007
247418,老白眼*战斗机
247469,乔斯.佛卡门（老潘特直孙）
247470,乔斯.佛卡门（老潘特直孙）
247471,乔斯.佛卡门（老潘特直孙女）
247472,乔斯.佛卡门（鸽王寇斯达直子）
247474,乔斯.佛卡门（钻石潘特直孙女）
24754,桑杰士
24755,桑杰士
247627,凡龙第二黄金配对直孙
247640,詹森红狐731
247668,胡本
247681,麦克斯*盖比
247739,凡龙
247740,桑杰士
247749,银色詹森
247780,桑杰士
247798,卢太兹父子
247901,钢针家族
247960,詹森红狐狸
247988,麦克斯回血
248040,霍夫肯
248134,第一武士*白眼
248215,速霸龙
248312,马克罗森斯赵子龙
248325,
248338,（戈登*彼得米卫）*（胡本*考夫曼）
248354,
248445,全能配对*卡曼兄弟*HK詹森*克拉克
248737,考夫曼×瑞克赫尔曼
248740,福洛.英格斯
248856,桑杰士“晚生汤姆”家族
249042,海王星X闪电号直系
249045,闪电号直孙X海啸115直女
249071,村松辉南白鸽
249108,黄金甲
249145,村松白
249150,范登帕斯×瑞克赫尔曼
249165,胡本
249189,盖比白腹号
249194,佛科克
249225,佛卡门
249229,渥夫纲K金133家族
249232,渥夫纲K金133家族
2493,勃默德花蝴蝶
249373,
249387,佛卡门*胡本
249396,罗尼-凡瑞特武器号家族
249401,丹尼斯X亚精顿小姐
249402,100%盖比.凡德那比血统
249432,卡奥尔X辣灯
249438,胡本
249441,奥丁X爱芙罗黛蒂
249442,利摩日
249445,利摩日
249469,詹森红狐狸
249515,丹尼斯X英格丽保曼
249523,比利亚X丹尼斯
249525,普波x（辣灯x东方不败）
249550,奥丁X爱芙罗黛蒂
249559,
249644,詹森冬日男孩回血
249656,詹森冬日男孩回血
249720,金卡实战家族
249740,卡曼兄弟×克拉克×HK詹森
249769,盖比原舍:大铭鸽【闪电号】直子，
249803,艾迪.卢腾兹*盖比
249814,瓦特
249818,第一武士*盖比
250027,桑杰士第一武士
25006,18次冠军019詹森系（回血特留种鸽）
25008,詹森019号孙女
250092,盖比
250119,桑杰士第一武士
250142,桑杰士第一武士
250155,桑杰士第一武士
250177,胡本
250217,林波尔
250218,马克罗森斯
250228,詹森
250362,杨阿腾
250407,胡本
250410,第一武士*凡龙
250413,胡本
250429,桑杰士第一武士
250440,凡龙*卡洛斯
250458,詹森*盖斯顿
250474,胡本
250477,速霸龙*胡本
250478,胡本
250526,桑杰士第一武士
250527,伊万斯多克曼
250539,桑杰士第一武士
250661,【小迪克】直子×【小迪克】直女兄妹近亲回血作出
250724,
250725,桑杰士第一武士
250726,桑杰士第一武士
250728,桑杰士第一武士
250735,桑杰士第一武士
250750,桑杰士第一武士
250755,桑杰士第一武士
250823,爱亚卡普凡龙
250835,桑杰士第一武士
250865,桑杰士第一武士
250879,桑杰士第一武士
250884,桑杰士第一武士
250886,桑杰士第一武士
250889,桑杰士第一武士
251020,范伯曼X詹森
251063,葛斯顿·凡德瓦
251066,秃头199*强速189*钻石公*金母
251096,詹森X林波尔
251196,马力欧*速霸龙
251200,马力欧*速霸龙
251229,
251394,乔斯.佛卡门
251395,乔斯.佛卡门
251400,卡沙特-塞内沙
251469,
251476,天一电脑戈马利
251510,苍白骑士近亲直孙
251517,苍白骑士近亲直孙
251523,苍白骑士外孙
251526,苍白*滚桶
251596,路易号近亲孙女
251600,考夫曼
251680,
251725,甘纳斯总统
251774,艾迪。卢太兹
251837,英格斯
251843,
251889,
251927,史密斯父子
251934,皮特。米卫
251964,鹏程火箭
251965,詹森大铭鸽冬日男孩直孙女
251968,
251973,鹏程火箭
251975,鹏程火箭
252013,鹏程火箭
252027,鹏程火箭
252036,鹏程火箭
252037,贺伯特国家一号x国王号
252069,考夫曼X盖比
252113,詹森/凡龙
252152,
252194,速霸龙
252196,超级73/凡龙
2522,
252200,帝卢·速霸龙
252203,帝卢·速霸龙
252207,
252209,
252238,凡龙银影
252239,凡龙银影
252329,奥林匹克003
252363,亚利.帝克特拉原舍
252428,
252515,派翠克091X汉江之女098
252523,超级73*	超级73
252639,“奥林匹克003”
252659,超级73/公牛
252669,林波尔*乔斯托内
252706,电脑I戈马原舍种鸽-大秃头直子
252756,
252938,詹森
253098,
253113,战斗机*林波尔
253140,爱亚卡普詹森
253142,爱亚卡普将军
253244,德拉帕
253245,德拉帕
25325,范德菲拉斯詹森系红蝴蝶×战斗机之孙
253294,
253295,
253298,胡本原舍
253309,胡本原舍
253321,胡本原舍
253403,“狮王”
253405,林波尔（公牛）
253432,林波尔公牛
253433,林波尔（公牛）
253440,林波尔（公牛）
253500,胡本原舍
253514,詹森/凡龙
253533,胡本原舍
253541,胡本原舍
253727,桑杰士闪电号
253795,盖比
253835,摩利斯。卡萨原舍
253853,詹森
253923,
253931,盖比回血
253957,盖比“黄金白腹号直孙X詹姆斯.邦德直女”
254026,突尼尔
254044,詹森
254061,戈马利教父直孙女
254170,公牛
254245,胡本
254312,
254319,
254320,
254322,
254323,
254423,詹森
254429,詹森
254480,苍白
254482,苍白
254499,
254500,
254631,爱亚卡普詹森“罗马里奥”X胡本
254738,FFL
254750,德拉帕
254753,德拉帕
254768,
254833,
254918,安德烈·佛巴塞特
254957,安德烈·佛巴塞特
254966,帝卢－速霸龙血统
255046,比利时猛虎克里斯贺伯瑞
255080,詹森/凡龙
255104,杨.欧瓦【灰818】直孙×【金姆】直女
255119,速霸龙
255144,
255145,芮娜飞戈
255169,速霸龙回血
255191,桥普+胡本雷诺
255214,彼得米卫
255291,帝卢－速霸龙血统
255304,
255306,詹森
255335,潘塔尼*福乐
255442,米卫*苍白骑士
255454,米卫*苍白骑士
255527,
255550,速霸龙X胡本
255563,帝卢－速霸龙血统
255573,帝卢-速霸龙血统
255683,桑杰士
255732,苍白
255744,超级73/詹森
255801,阳光家园胡本
255808,阳光家园胡本
256010,林波尔X凡龙
256022,考夫曼×瑞克赫尔曼
256115,荣格父女原舍
256196,501近亲获奖鸽
256214,菏比对抗*断胸骨
256230,菏比对抗*断胸骨*米卫
256326,桑杰仕
256327,
256328,电脑戈马力x德拉帕
256329,速霸龙x飞戈
256361,501最佳直子*501
256363,
256394,超级73“小魔术师*超级73“绝版号”
256396,
256403,
256431,超级73/凡龙
256464,菏比对抗*断胸骨
256465,菏比对抗*020
256466,菏比对抗*020
256470,飞戈x桑杰仕
256473,詹森白羽*烟囱号
256604,桑杰士
256607,凡龙
256617,年青将军直孙女只供欣赏
256621,凡龙x桑杰士
256629,VIP
256696,贵族强龙
256937,凡代克
256947,凡戴克
257089,桑杰士
257145,罗森.波斯原
257146,詹森
257148,詹森
257162,詹森
257169,克里斯何博瑞.考夫曼
257239,
257240,
257377,詹森×杨龚多拉斯
257501,汉斯.布列霍斯特
257502,汉斯.布列霍斯特
257533,【镭射硬汉半兄弟X小迪克直孙女】
257547,乔斯.托内
257573,米卫X佛尔布文
257590,凡龙
257641,
257645,
257652,
257743,天威1号
25776,帝卢.速霸龙
257768,天威1号
257771,天威1号
257778,天威1号
257782,天威1号
257820,天威4号
257829,天威6号种鸽
257854,天威5号
257857,桑杰士
257887,钢针家族
257934,
257938,蓋比
257992,里欧.贺尔曼
257995,里欧.贺尔曼
257999,里欧.贺尔曼
258001,里欧.贺尔曼
258017,超级红·詹森
258038,桑杰士
258098,鲁道克拉森*博翔号
258142,桑杰士
258143,
258197,
258198,凡龙
258204,潘塔尼*福乐
258210,
258373,林波尔
258386,林波尔
258402,林波尔
258412,芬尼卡
258486,
25849,白腹号曾孙女
258500,
258610,纳斯达克
258611,
258613,纳斯达克
258614,纳斯达克
258618,
258624,纳斯达克
258660,无冕之王
258673,荷兰高.凡多米连作
258682,荷兰高.凡多米连作
258861,林波尔“公牛”×詹森
258864,长城勇士X漂亮健将
258899,七冠王哥55名X金方舟3名
258986,乔斯.托内
258988,小迪克外孙女
259065,将军
259068,第一基础配对“安帝公×小柯芮”家族
259234,乔斯佛卡门
259240,胡本X东方不败
259242,吐尼尔
259284,白雪公主直系
259315,克拉克詹森斗士613*白羽号
259572,桑杰士
259605,桑杰仕
259627,詹森x桑杰仕
259659,詹森
259674,
259790,电脑戈马力巴龙号
259794,电脑I戈马原舍种鸽-白翼巴龙直孙
259801,克拉克
259807,电脑I戈马原舍种鸽-白翼巴龙直孙
259817,
259849,马克.罗森斯
259850,
259854,
259858,米卫“梦幻配对”近亲直孙
259859,
259861,
259870,米卫X卡萨
259876,马克罗森斯
259878,
259890,
259892,
259893,
259898,米卫X詹森X慕利门
259904,考夫曼
259908,苍白
259909,苍白
259913,苍白
259972,所向无敌（直子X直女）回血
259984,詹森
260012,利奥·贺尔曼原舍
260043,利奥·贺尔曼原舍
260069,白眼*战斗机红蝴蝶
260094,利奥·贺尔曼原舍
260422,詹森/杨龚多拉斯/超远程血系
260483,
260484,
260485,盖比-钻石王直女一詹森588-盖比3626
260486,
260518,速霸龙
260526,盖比“闪电”直孙女
260570,速霸龙
260732,福雷迪&雅克.范希
260739,戈登*考夫曼*盖比*夏拉肯
260743,考夫曼同系远亲鸽
260754,速霸龙
260766,林波尔
260827,德雷克.瓦特“灰鸽王”最佳直子“
260857,
260859,
260866,神灯公主直孙
260889,詹森麦克斯多重回血
260897,东方不败.桑杰士
260920,林波尔奇迹32
260948,
261005,林勇雄鹰号直子配苏维英格利保曼
261007,林勇雄鹰号直子配苏维英格利保曼
261012,鲁道.克拉森。
261018,比利时猛虎克里斯贺伯瑞
261025,
261026,
261093,电脑戈马利
261117,奥尔良900号外孙
261118,吐尼尔
26114,考夫曼，詹森
261220,芬妮卡
26126,
26127,
261319,
261322,霍夫肯*瓦特
26133,速霸龙
261333,电脑
261423,胡本
261425,胡本
26143,凡龙
261447,【不败王子*闪电娇娃】
261498,红贝克直女
261507,公牛
261535,黄眼詹森*波西瓦
261544,凡龙
261565,
261578,
261579,詹森X克拉克
261816,詹森019
261866,詹森老火箭
261935,天一电脑*毛脚冠军
261939,
261941,天一电脑*电脑毛脚冠军
261949,奖金王*冠军母亲
261978,丹尼斯
261981,凡龙
262069,飞翔至尊鸽王家族公棚实战
262104,飞翔至尊顶级近血直子
262124,飞翔至尊近血孙代
262134,飞翔520直子
262226,德国RV联合会冠军*詹森黑珍珠
262261,詹森断胸骨回血
262303,詹森X克拉克
262560,盖比×乔治波里
262904,胡本原舎迪莫斯直子.辛巴直孙
262905,胡本原舎年青花花公子
262906,胡本原舎漂亮完美号
262919,胡本原舎【冠军直女】伊莱克特拉直女罗纳尔多孙代
262920,胡本
262921,胡本原舎宇宙号孙代
262922,胡本
262923,胡本
263011,摩利斯.卡萨
263084,利奥·贺尔曼原舍
263088,
263092,利奥·贺尔曼原舍
263106,利奥·贺尔曼原舍
263189,詹森红狐狸*詹森白羽号
263377,胡本
263393,胡本
263516,詹森*桑杰士
263521,詹森
263541,詹森
263553,飞天家族
263554,飞天家族
263573,胡本
263578,胡本
263579,胡本
26363,电脑
263675,詹森*桑杰士
263686,霍夫肯
263774,凡龙*桑杰士
263941,魔鬼*苍白
263942,佛科克，飞戈
264056,霍夫肯
264057,霍夫肯
264172,纯电脑戈马利
264195,
264301,胡本
264632,
264717,
264718,
264747,
264759,
264772,詹森红魔王*詹森白羽号
264774,胡本
264860,超级73/詹森
264960,克拉克詹森斗士613*白羽号
264992,詹森红狐狸
264995,詹森019*詹森传奇05
265153,凡龙友谊号
265156,电脑
265158,霍夫肯X甘纳斯X凡龙X电脑X詹森X克拉克
265161,凡龙X电脑X胡本
265162,詹森X甘纳斯
265171,凡龙X电脑X詹森X慕利门
265173,凡龙X电脑X汉斯.威利理奇
265176,凡龙X电脑X詹森X慕利门
265187,詹森X苍白X凡龙X瓦特X桑杰士X电脑
265190,吐尼尔X苍白X凡龙X詹森X甘纳斯X慕利门
265191,詹森X凡龙X苍白
265204,大卫佛马森
265208,
265210,
265216,凡龙X詹森X慕利门X胡本
265220,吐尼尔X苍白X凡龙X桑杰士X电脑
265221,詹森019*詹森黑珍珠
265228,詹森红狐狸回血
265234,詹森X克拉克X凡代克X盖比X林波尔X速霸龙
265235,詹森麦克斯多重回血
265238,詹森X凡龙X慕利门X桑杰士X电脑X汉斯.威利理奇
265240,凡龙X詹森X苍白
265302,谢氏詹森
265306,谢氏詹森
265335,奶酪*克拉克詹森
265342,奖金王*电脑8名
265345,海尔曼.席令x皮埃尔.瓦森
265350,
265352,
265370,天鹿七名家族X红轮精英家族
265372,
265376,
265381,
265394,
265398,
265405,
265414,
265416,
265421,
265433,王者之王
26548,马克，迪库克，艾立克，林伯格
265510,
265881,詹森麦克斯
265909,奶酪*詹森
265925,“|友谊号”554
265940,詹森麦克斯*詹森黑珍珠
265966,林波尔
265967,迪克.凡戴克
266004,考夫曼
266113,
266178,戈玛力×海尔曼.席令
266211,
266221,
266282,考夫曼
266313,
266319,
266320,
266444,奖金王直子X金卡406金母
266561,
266563,万侯*乔斯托内
266599,
266630,
266714,
266721,迪克凡戴克
266819,桑杰士
266845,凡戴克佛洛佛沃特
266858,速霸龙
266862,速霸龙
266872,桑杰士
266980,第一武士*凡龙
267000,摩利斯．卡萨
26702,
267026,
267027,
267047,丹尼.凡戴克
267050,戈马力
267057,胡本
267059,胡本
267063,克拉克詹森*詹森传奇05
267065,葛斯顿·“奶酪小子”
267066,葛斯顿·“奶酪小子”多重回血
267126,鹏程火箭
267127,克拉克/杨·贺尔曼
267128,鲁道·克拉森
267129,鹏程火箭
267208,胡本/贺伯特/里奇
267211,胡本/贺伯特/里奇
267381,凡龙
267392,范登伯格父子
267498,摩利斯.卡萨
267522,盖比白腹号直孙
267549,戈马力
267553,
267554,红狐x桑杰士
267558,红狐x桑杰士
267562,
267564,桑吉士
267565,胡本
267566,胡本
267567,胡本
267569,胡本
267570,胡本
267571,胡本
267572,号本
267576,速霸龍
267577,
267612,
267770,摩利斯卡萨
267801,摩利斯.卡萨
267814,摩利斯.卡萨
267843,摩利斯.卡萨
267885,盖比白腹号
267931,
267936,桑杰士/胡本
267939,
268014,凡龙
268030,贺伯特兄弟
268042,
268052,凡龙
268059,考夫曼
268150,贵族强龙
268177,超级73回血×友谊号554直女
268182,超级73回血×友谊号554直女
268183,超级73回血×友谊号554直女
268195,“|友谊号”超级554×明珠英雄977回血
268198,“|友谊号”超级554×小海蒂
268200,天体近亲
268210,贝壳詹森
268342,戈马力白翼巴龙直系
268361,
268369,
268399,凡龙X胡本
268404,
268411,
268492,盖斯彼得斯
268516,魔鬼系
268517,魔鬼*苍白
268734,战斗机*麦克斯
268851,里欧·贺尔曼
268940,利奥·贺尔曼原舍
268963,利奥•贺尔曼原舍
268990,佛科克，考夫曼
269215,乔斯*佛卡门*马丽利斯系列
269286,帝卢-速霸龙
269294,帝卢-速霸龙
269310,帝卢-速霸龙
269328,新福雷迪
269333,新福雷迪
269395,
269426,奶酪小子多重回血
269436,詹森红狐520*詹森荷比对抗冠军
269438,奶酪小子、吉林克斯169双重回血
269531,飞戈
269626,西翁
269631,战斗机*桑杰士
269646,葛斯顿-范德瓦尔-奶酪小子
269690,卧龙长距离家族
269692,荷比对抗冠军*冬日男孩
269702,佛科克，夏拉肯
269723,胡本原舍【匹诺曹】外孙女
269753,詹森
269786,亚普
269804,亚普王与金母狄尔巴直子
269805,小飞戈双重回血
269834,麦斯270配金母狄尔巴
269841,麦斯1号极端近亲曾孙
269937,电脑戈马利
269944,詹森
269945,电脑戈马利
269966,速霸龙
269968,速霸龙
269977,速霸龙
269980,
269983,速霸龙
270018,奶酪小子同父异母兄妹回血
270075,
270082,
270090,詹森*电脑020
270092,詹森麦克斯*白羽号
270093,
270108,
270119,
270120,
270163,
270165,
270167,
270214,林波尔X甘纳斯
270283,速霸龙
270285,速霸龙
270356,考夫曼
270382,完美号×盖斯悍将飞戈
270548,
270566,林波尔
270698,天体
270701,天体近亲
270719,苍白
270727,苍白
270731,苍白
270736,苍白
270742,苍白
270777,苍白
270813,詹森红狐狸*詹森老火箭
270918,
270952,
270955,
270965,
270977,
270996,奶酪小子直孙*老火箭直女
2710,桑杰士
271089,拿破仑
271233,法拉利*北极女王
271263,卧龙冠军系
271375,强龙
271388,林波尔法拉利*北极女王*亨利古斯特
271570,摩利斯。卡萨
271583,摩利斯。卡萨
271760,
271806,
271882,马克罗森斯。范伯曼。詹森
272194,虎王之子
272283,
272284,
272285,电脑回血
272350,里滕伯格
272351,利滕伯格
272883,利奥原舍鸽作出
272907,胡本原舍
272910,胡本原舍
273060,超级73/詹森
273334,公牛
273354,桑杰士
273371,詹森x桑杰士
2734,
273409,利奥·贺尔曼
273422,超级73
273468,鲁道克拉森(白)
273698,克拉克斗士613*马克.罗森斯
273699,奶酪小子多重回血
273702,詹森019*詹森黑珍珠
273856,詹森-阿连栋克×克拉克系
273860,斯托姆斯•威姆作出
273862,贝尔斯尔•约翰作出
273867,杰夫.卢克&娜蒂娅.胡本原舍
274028,公牛/凡龙
274327,胡本
274474,
274542,穆利门X詹森
274632,桑杰士
274802,詹森/凡龙
274873,凡戴克
274890,桑杰士X电脑
275003,凡戴克
275009,鸽友通:
275023,克拉克
275032,克拉克
275034,克拉克
275038,克拉克
275063,胡本
275068,胡本
275075,戈马力范布鲁根
275112,阿隆索
275155,
275168,
275173,
275281,山普森X胡本
275343,飞戈
275384,电脑戈马利
275386,凡戴克
275399,
275412,爱亚卡普凡龙
275438,爱亚卡普詹森
275443,爱亚卡普凡龙只供欣赏
275453,克拉克詹森配金母狄尔巴外孙女
275493,爱亚卡普凡龙
275528,王者归来X铁血丹心（中国超远程）
275637,帝卢·速霸龙
275642,乔斯佛卡门*红狐
27571,戈马力、电脑
27572,
27573,戈马力
275742,速霸龙×盖比
275764,
275840,詹森冬日男孩
275971,
275996,
276057,爱亚卡普-詹森
276155,
276166,电脑-戈马力
276204,凡戴克
276285,乳酪小子
276335,兆尊苍白麦克史密斯
276345,戴扶连特
276366,胡本/贺伯特
276560,万德维根
276562,林波尔*詹森
276602,胡本
276603,
276650,克拉克X米为
276687,詹森
276722,
276781,
276787,
276836,詹森红狐
276855,
276887,
276891,
276895,
276958,摩利斯．卡萨
277091,摩利斯．卡萨
277094,小卡萨
277112,小卡萨
277128,小卡萨
277566,千里红
277568,
277587,
277718,
277783,
277797,阿隆索配冠军红狐
277883,
277934,
278068,詹森原舍
278103,杨·范德帕斯
278167,凡德纳比盖比
278244,慕利门
278345,020直孙（查特鲁直子）
278382,019
278391,戈马力
27878,
27879,乔思托内“白鹰太子”
278944,詹森.麦克斯·红狐
278949,詹森.麦克斯·红狐
278951,詹森.麦克斯
278954,詹森.麦克斯
278955,詹森.麦克斯
278998,凡龙
279065,VIP飞鹰号+全国银剑
279127,
279129,
279131,
279132,
279135,
279137,
279139,
279409,菲戈原棚*天一速霸龙
279557,乔斯.佛卡门原舍
279585,
279586,
279593,
279594,
27960,帝卢·速霸龙
279694,东方不败*辣灯
279709,东方不败*令狐冲
279712,东方不败*辣灯
279713,东方不败*辣灯
279823,白羽巴龙回血
280058,大脚趾贝隆
280505,德国威尔那胡伯纳*瑞士詹森神奇666
280507,谢氏詹森*风雨詹森
280508,3鸽王组合
280510,胡本*詹森
280665,阳光实战系
280775,利奥·贺尔曼
280804,利奥·贺尔曼
280821,德国威尔那胡伯纳*瑞士“詹森神奇666”近血
280828,戈登*考夫曼*盖比*阿德凡登（彼得米卫）
280841,风雨詹森远亲鸽
280860,
280877,利奥·贺尔曼
281016,
281073,福洛.英格斯兄弟
281088,盖比
281105,盖比
281197,
281200,
281398,艾力克、林伯格、
281412,老白眼闪电金童X艾力克
281663,戈马利X速霸龙
281665,
281684,乔斯佛卡门
281808,
281917,詹森麦克斯
281928,速霸龙
281941,速霸龙
281944,019X速霸龙
281970,吉尔特X速霸龙
281974,【考夫曼X速霸龙】
281976,苍白X速霸龙
281980,【吉尔特X速霸龙】
281986,考夫曼
282081,苍白
282083,苍白
282086,汉斯威力理奇詹森X克拉克詹森
282203,速霸龙
282212,速霸龙
282226,速霸龙
282235,速霸龙
282242,（万瑞特温克X马赛利斯）X詹森传奇05
282251,速霸龙
282257,速霸龙
282269,速霸龙
282349,瓦特直孙女
282370,桑杰士
282381,桑杰士
282388,桑杰士
282393,桑杰士
282395,桑杰士
282397,桑杰士
282404,桑杰士
282411,乔斯*佛卡门
282433,008脚趾号贝隆
282436,詹森
282437,白眼*胡本弗雷迪范西
282439,桑杰士
282451,桑杰士
282456,桑杰士
282463,非卖品
282464,桑杰士
282465,桑杰士
282469,桑杰士
282486,桑杰士
282497,桑杰士
282498,桑杰士
282500,桑杰士
282591,佛科克
282601,佛科克
282603,佛科克
282610,阿尔伯特.马赛利斯詹森X乔斯.托内
282664,“速度之王”莫利斯·哈森栋克原舍
282666,“速度之王”莫利斯·哈森栋克原舍
282667,“速度之王”莫利斯·哈森栋克原舍
282668,“速度之王”莫利斯·哈森栋克原舍
282669,“速度之王”莫利斯·哈森栋克原舍
282670,“速度之王”莫利斯·哈森栋克原舍
282672,“速度之王”莫利斯·哈森栋克原舍
282673,沃特斯.马塞尔原舍
282723,纯血凡吉尔“玉嘴多利”+“007”近血育出
282949,葛斯顿•范德瓦尔
283029,胡本X克拉克
283233,林波尔
283250,甘纳斯
283319,凡龙
283321,公牛
283346,卢太兹
283355,班尼。史蒂文
28344,考夫曼
283512,
283547,战斗机回血
283643,戈马利
283748,夏拉肯
283930,杨龚多拉斯×贺尔梅斯
283970,詹森
284107,奶酪小子
284111,林波尔
284117,林波尔
284119,林波尔
284123,里欧·贺尔曼（杨）
284289,菲戈*速霸龙
284295,老白眼
284436,
284483,电脑戈马利
284606,凡代克
284687,飞戈
284691,万德维根x罗森波斯
284693,盖比x罗森波斯
284737,
285068,
285077,佛罗·恩格斯
285078,克拉克613
285079,克拉克613
285082,克拉克胡本
285086,克拉克胡本
285091,克拉克613
285124,桑杰士
285135,摩利斯.卡萨
285257,桑杰士
285281,电脑戈马力
285293,凡戴克
285301,詹森
285304,凡戴克
285309,
285312,鲁道.克拉森
285324,詹森
285337,
285340,詹森红狐
285436,林波尔X詹森
285489,林波尔X甘纳斯
285550,869直子x869直女
285552,869直子x869直女
285556,彼德、曼德斯869孙女
285562,彼得、曼德斯869
285563,彼得、曼德斯869
285564,卡曼原舍
285572,
285573,桑杰士第一武士
286023,
286035,巴滕伯格白腹号直孙X罗伯特.摩瑞尔
286060,国家一号
286086,
286095,
286113,“晚生汤姆”桑杰仕
286135,“晚生汤姆”桑杰士
286143,桑杰士
286150,乔司托内国家二号
286180,乔司佛卡门
286238,比利时猛虎大白鲨之女
286249,杨欧瓦克“黄金龙”x“金凤凰”！
286251,杨欧瓦克“黄金龙”x“金凤凰”！
286288,电脑020曾孙
286290,电脑020曾孙
286299,电脑020曾孙
286442,林波尔X苍白骑士近亲
286608,彼得、曼德斯869直孙女
286610,詹森原舍
286616,詹森原舍
286652,
286725,74红狐X汉士、威利理奇
286747,胡本X马赛利斯詹森
286774,
286804,麦克斯
286808,詹森
286885,威廉吉尔特
287070,苍白
287090,威姆.迪特洛伊
287188,詹森原舍
287208,香妃直女
287225,
287229,
287234,
287237,
287242,
287246,
287247,
287250,
287251,
287261,
287272,
287306,凡龙954直子
287318,凡龙原舍
287320,凡龙129X凡龙189
287323,凡龙原舍
287325,凡龙原舍
287326,凡龙原舍
287418,戈马利
287421,戈马利
287422,戈马利
287424,戈马利
287429,乔斯佛卡门
287446,凡瑞特
287476,（钢铁利摩日X原配夫人）X范登伯格
287477,芬妮卡X桑杰士
287495,
287513,
287522,
287523,
287524,武器号直孙X武器号外孙女
287678,
287719,考夫曼战神号
287726,詹森
287757,普波号X（辣灯X东方不败）
287809,奥丁X雅典娜
287861,
28787,杰夫·迪瑞达（速霸龙起源鸽系）
287983,
288013,
288021,
288035,
288059,
288060,
288078,
288102,
288112,杨.欧瓦克
288116,杨.欧瓦克
288127,杨.欧瓦克
288134,杨.欧瓦克
288136,考夫曼X纽文豪斯
288240,战斗机·红蝴蝶
288311,超级组合
288356,乔斯佛卡门
288392,詹森X慕利门
288505,克拉克詹森X（桑杰士X詹森传奇05）
288579,苍白骑士
288582,苍白骑士
288603,吐尼尔
288618,英格斯兄弟
288622,英格斯兄弟
288682,电脑
288688,杨.欧瓦克
288691,杨.欧瓦克
288694,杨.欧瓦克
288696,杨.欧瓦克
288697,杨.欧瓦克
288703,杨.欧瓦克
288714,林伯格爱力克
288727,
288732,詹森X桑杰士
288736,
288883,考夫曼
288884,迪克.凡戴克
288885,超级69外孙女，金白外孙女
288915,苍白
288919,圭多
288984,胡本X凡戴克
288994,“聪明之翼”X亚精顿小姐
289026,杨.欧瓦克
289028,杨.欧瓦克
289030,杨.欧瓦克
289035,杨.欧瓦克
289040,克拉克X宋尼亚
289051,詹森X凡龙
289054,
289059,
289113,胡本罗宾硬汉
289231,瓦特*电脑
289235,菲戈*速霸龙
289242,波西瓦“精灵号*贝隆
289246,戈马利
289249,波西瓦“精灵号*贝隆
289348,杨.欧瓦克
289349,杨.欧瓦克
289352,杨.欧瓦克
289355,杨.欧瓦克
289359,杨.欧瓦克
289360,杨.欧瓦克
289362,杨.欧瓦克
289366,杨.欧瓦克
289367,杨.欧瓦克
289368,杨.欧瓦克
289384,杨.欧瓦克
289404,杨.欧瓦克
289405,杨.欧瓦克
289428,杨.欧瓦克
289433,杨.欧瓦克
289436,杨.欧瓦克
289441,杨.欧瓦克
289529,桑杰士X戈马力
289594,翡翠族系配桑杰士鸽系作出
289630,詹森
289657,桑杰士
289664,杨.欧瓦克
289665,杨.欧瓦克
289670,杨.欧瓦克
289671,杨.欧瓦克
289673,杨.欧瓦克
289675,杨.欧瓦克
289676,杨.欧瓦克
289677,杨.欧瓦克
289789,考夫曼
289794,罗森.波斯
289866,乔斯.托内原舍
289873,乔斯.托内原舍
289877,马克罗森斯
289878,马克罗森斯
290035,荷兰杨.欧瓦克
290293,
290294,
290420,
290421,
290424,小卡萨
290470,国家一号，点击本站新闻看视屏
290471,国家一号，点击本站新闻看视屏
290472,罗森波斯，桑杰士，，已售
290473,罗森波斯，桑杰士
290484,东方不败近亲回血，非卖品
290546,小卡萨
290714,佛洛英格斯
290724,盖比白腹号
290780,戈马力
290798,林波尔X甘纳斯
290809,“年轻所向无敌”X“年轻小柯克雌”
290820,“年轻所向无敌”X“年轻小柯克雌”
290823,波西瓦-所向无敌
290827,“年轻所向无敌”X“年轻小柯克雌”
290833,胡本
290835,胡本
290882,戈马力
290884,史多西斯
290885,胡本
290889,
290891,胡本
290896,胡本
290908,胡本配戈马力
290910,胡本配戈马力
290913,胡本配戈马力
290921,胡本配戈马力
290925,史多西斯
290927,史多西斯
290930,胡本配戈马力
290932,胡本配戈马力
290934,胡本配戈马力
290937,史多西斯
290942,史多西斯配胡本
290944,胡本配戈马力
290947,史多西斯配胡本
290951,胡本配戈马力
290952,胡本配戈马力
290954,史多西斯配胡本
290959,史多西斯配胡本
290978,胡本配戈马力
290979,胡本配戈马力
290980,阳光少年配胡本
290983,胡本配史多西斯
290992,史多西斯配019
291000,史多西斯配胡本
291003,史多西斯配胡本
291008,胡本配戈马力
291010,史多西斯配019
291011,史多西斯配胡本
291015,史多西斯配胡本
291016,史多西斯配019
291017,史多西斯配胡本
291018,胡本配史多西斯
291019,史多西斯配胡本
291020,史多西斯配胡本
291021,史多西斯配胡本
291022,胡本配史多西斯
291023,史多西斯配胡本
291024,胡本配史多西斯
291025,胡本配史多西斯
291026,胡本配史多西斯
291028,史多西斯配戈马力
291031,胡本配史多西斯
291036,阳光家园配胡本
291041,胡本配史多西斯
291042,桑杰士鸽系近亲作出
291043,阳光家园配史多西斯
291045,胡本配史多西斯
291048,胡本配史多西斯
291052,胡本配史多西斯
291054,胡本配史多西斯
291055,阳光家园配史多西斯
291056,史多西斯配胡本
291057,胡本配史多西斯
291060,胡本配史多西斯
291065,胡本配史多西斯
291067,胡本配史多西斯
291068,胡本配史多西斯
291071,胡本
291078,胡本配史多西斯
291227,
291241,
291283,
291393,胡本
291394,瑞克赫尔曼×范登帕斯
291395,佛科克
291407,
291420,瑞克赫尔曼×佛科克
291422,福洛·福沃特×佛科克
291425,佛科克
291426,佛科克
291427,范登帕斯×凡代客
291429,佛科克
291441,佛科克
291447,佛科克
291448,佛科克
291449,佛科克×芬妮卡
291450,佛科克
291451,佛科克×凡代客
291458,詹森兄弟
291465,佛科克
291480,居斯特.詹森
291486,林波尔X苍白骑士近亲
291496,老桃花X林波尔
291571,桑杰士鸽系近亲作出
291587,“明珠英雄”977全国冠军直女
291588,悍将近亲孙女
291589,涡轮族系配桑杰士鸽系作出
291882,佛科克
292021,
292026,电脑贝隆*精灵号
292041,荷兰波西瓦
292095,速霸龙
292137,利奥奥林匹克03
292177,桑杰士鸽系近亲作出
292183,桑杰士鸽系近亲作出
292294,国家一号X戈马力X桑杰士
292438,甘纳斯世界鸽王冠军家族
292476,甘纳斯世界鸽王冠军家族
29249,胡本
292550,甘纳斯世界鸽王冠军家族
292618,迪克.凡戴克
292624,红阿比*詹森*桑杰士*
292632,VIP
292668,
292705,利奥·贺尔曼血统
292730,利奥·贺尔曼血统
292738,荷兰波西瓦
292739,瓦特-德累克
292752,贺伯特“国王号”
292757,贺伯特“国王号”
292760,
292816,胡本
292921,杨.欧瓦克
292923,杨.欧瓦克
292928,杨.欧瓦克
293124,林波尔X苍白骑士近亲
293140,福洛、福沃特
293185,桑杰士鸽系近亲作出
293214,桑杰士鸽系近亲作出
293236,桑杰士鸽系近亲作出
293248,彼得、曼德斯869
293269,甘纳斯世界鸽王冠军
293297,甘纳斯世界鸽王冠军家族
293387,桑杰士鸽系近亲作出
293444,奇迹32*狮王777
293446,林波尔狮王777近血作出
293447,
293454,修士肯*万瑞尔
293473,
293733,冠军号侄女
293996,乔治波里*林波尔
294000,桑杰士
294008,隆盛鸽舍
294079,阿布瑞奇
294140,阿连栋克詹森系种鸽
294302,
294303,
294312,宝马优德
294313,宝马优德
294314,宝马优德
294316,宝马优德
294317,宝马优德
294318,宝马优德
294319,宝马优德
294320,宝马优德
294321,宝马优德
294322,宝马优德
294323,宝马优德
294324,宝马优德
294327,宝马优德
294331,乔斯佛卡门
294337,乔斯佛卡门
294457,
294528,万德维根
294529,万德维根
294838,詹森
294980,麦克斯荷比双重回血
29500,奶酪小子直孙*詹森麦克斯
29501,詹森冬日女孩直孙女
29504,断胸骨回血
29507,葛斯顿-范德瓦尔-奶酪小子
29509,詹森铭鸽“冬日男孩”全兄弟直孙
29510,红狐狸直孙*加强者孙
295137,盖斯彼得斯完美号直子
29514,詹森黑珍珠*白羽号
295161,凡龙
295172,尤利·莱蒙斯（格斯特）
295181,天宝直孙
29519,葛斯顿·“奶酪小子”多重回血
295202,天宝近亲回血
295277,詹森黑珍珠同父异母兄妹回血
29528,詹森白羽号*冬日男孩
29529,詹森铭种年轻白羽号直子
29530,詹森红狐狸多重回血
295321,红蝴蝶×战斗机
29533,詹森小火箭*詹森白羽号
29534,詹森白羽号.断胸骨双重回血
295386,“双林034”×“金母717”
295412,佛科克×詹森
295472,年轻刽子手
295477,
295491,范登帕斯×考夫曼
295493,文斯特拉×卡尔
295495,戈马力×瑞克赫尔曼
295499,瑞克赫尔曼×范登帕斯
295501,戈马力×瑞克赫尔曼
295502,佛科克×考夫曼
295504,戈马力×范登帕斯
295505,范登帕斯×瑞克赫尔曼
295506,盖比·凡得那比
295507,佛科克
295508,考夫曼×佛科克
295509,盖比·凡得那比
295510,盖比·凡得那比
295511,哈姆·福尔福德
295543,获奖鸽
29565,詹森
29566,詹森*凡龙
29577,小火箭孙*019孙
295933,弗雷迪范西兄弟
295939,弗雷迪X辉煌之光
295940,弗雷迪X辉煌之光
295943,奇迹32
296164,
296166,
296302,詹森断胸骨回血
296303,詹森黑珍珠同父异母回血
296309,葛斯顿-范德瓦尔-奶酪小子
296351,詹森传奇146回血
296633,爱亚卡普邦德
296810,银色动力
296818,里奥-赫尔曼斯X速霸龙
296928,福洛恩格斯*摩利斯卡萨
297053,詹森麦克斯
297226,
297236,
297301,林波尔“公牛”系×布劳
29737,德拉帕
297679,速霸龙*福乐
297724,威廉
297831,
298118,
298129,
298157,奶酪小子
298363,詹森老白眼闪电金童
29840,闪电桑杰士x强龙族系
298417,凡戴克波治号后代
298435,克拉克斗士613*詹森老火箭
298436,詹森019多重回血
298447,涡轮国王直子
298580,詹森红狐
298619,鲁道克拉森
298742,指挥官詹森
298950,盖比
298968,
298978,55名X金方舟3名
299099,万侯
29917,詹森黑珍珠*白羽号
299246,
299255,
299290,
299414,詹森019
299419,詹森红狐520
299545,爱力克.林伯格“鹰眼”
299628,世界珍贵血系“芬尼卡5000”血系X芮娜
299635,6次冠军超级891直孙
299639,幼鸽鸽王冠军641
299649,幼鸽鸽王冠军641
299651,幼鸽鸽王冠军641
299654,幼鸽鸽王冠军641
299843,超远程国血极品
29996,
300005,
300011,詹森白羽号、克拉克詹森斗士613双重回血
300012,詹森
300061,小迪克、所向无敌
300147,
30022,修士肯．馮萊爾x詹森
300246,福雷迪.范西
300248,福雷迪.范西
30038,德拉帕
300461,奥尔良号
300463,考夫曼X苍白骑士
300464,桑杰士
3005,
30051,爱亚卡普银影
300563,胡本
300568,胡本
300569,胡本
300570,胡本
300572,胡本
300575,胡本
300576,胡本
300577,胡本
300580,年轻艺术家直孙
300583,胡本
300587,胡本
300593,卡萨原舍
300594,速霸龙
300595,卡萨X速霸龙
300698,桑杰士X速霸龙
300699,桑杰士X速霸龙
300817,
300895,奥布德比克x考夫曼
300903,德拉帕x吉林克斯
300907,桑杰仕x冠军“森斯小姐”
300913,KBDB中距离鸽王全国冠军百万号
300957,范伯曼.詹森
301037,詹森
301042,钢针家族
301049,帝卢速霸龙
301051,鲁道克拉森
301202,摩利斯.卡萨
301217,八关王
301272,
301417,考夫曼*西翁*风雨詹森
301505,盖比
30160,慕力门X吐尼尔
30162,佛斯特拉X詹森
301730,
301821,闪电号直子
302262,摩利斯．卡萨
302312,胡本年轻艺术家近血
302627,慕利门系
302658,
302661,
302662,
302664,
302665,
302666,
302715,佛卡门
302720,
302722,
302790,
302932,彼得米卫*詹森红狐
302936,彼得米卫
303085,100%彼得米卫917直系
303099,彼得米卫*迪威詹森
303255,米卫X詹森
303344,德拉帕
303345,德拉帕
30337,詹森斯托克
303399,
30357,詹森斯托克
303761,
303770,宝马优德
303837,杨龚多拉斯*艾尔扎克*胡本*凡代克*考夫曼
303839,杨龚多拉斯*胡本*詹森*凡代克*考夫曼
303840,中荣八关赛直系
303842,德拉帕罗纳尔多
303843,德拉帕罗纳尔多
303844,德拉帕罗纳尔多
303845,狄尔巴
303846,德拉帕闪电号
303881,
303897,
303903,普波号X利摩日979
303904,
303906,
303925,威廉吉尔特
303934,
303942,
303945,
303997,摩利斯．卡萨
304040,（聪明之翼X亚精顿小姐）直子X雅典娜之女
30425,
304250,胡本
304251,胡本
304678,金环红狐99直子
304679,金环红狐99直女
304776,
304850,詹森黑珍珠同父异母回血
305016,
305025,
305218,詹森X超级73X胡本
305242,吐尼尔X詹森
305294,
305305,
305462,广益
305584,
305599,广益汽配
305623,桑杰士
305625,桑杰士
305626,桑杰士
305629,桑杰士
305632,桑杰土x慕利门
305635,桑杰士
305636,五次冠军直女242
305637,超级种鸽非卖品
305650,吐尼尔X詹森麦克斯
305653,吐尼尔X詹森
305705,杰夫-胡本
305725,超级73X胡本
305726,詹森X倚天X桑杰士
305767,丹尼·凡戴克“加农炮112”直女
305768,丹尼·凡戴克“加农炮112”直女
305787,
305829,
30583,
30584,皮特米卫X凡代克
305849,胡本
305933,詹森麦克斯
305971,智者回血X卡萨特
306152,吐尼尔X福洛佛沃特
306156,
306299,詹森
306364,丹尼·凡戴克“加农炮”全平辈
306369,丹尼·凡戴克“加农炮”全兄弟
306451,凯斯.波西瓦
306719,速霸龙
306722,凡代克
306737,速霸龙X詹森麦克斯
306748,吐尼尔X凡龙
306749,丹尼·凡戴克“加农炮111”直女
30690,艾迪.卢太兹
306919,詹森
306934,詹森019多重回血
307014,飞戈
307018,
307019,
30749,胡本X詹森
307523,速霸龙
307528,戈马利
307540,
307542,
307545,夏拉肯
307663,
307665,
307671,
307675,
307716,电脑-戈马力
307740,波西瓦
307747,桑杰士
307749,桑杰士
307831,詹森
307839,
307853,
307855,
307860,
307861,
307948,詹森万羽十位*蒙娜丽莎
307959,沃克.斯宾德
307961,沃克.斯宾德
308001,詹森万羽八位直子
308047,
308048,
308192,
308363,詹森
308366,詹森
308390,
308391,
308568,
308688,
308692,
30880,桑杰士狼狗
308840,詹森小火箭*白羽号
308850,詹森红狐520*白羽号
308851,胡本*詹森
308868,詹森老白眼回血
308892,
308991,杨•欧瓦克
308996,杨•欧瓦克
309049,詹森白羽号多重回血
309057,国家一号
309093,胡本
309131,
309307,凡戴克
309312,盖比.凡得那比
309318,
309319,
309322,
309380,王后号
309394,
309445,
309660,胡本
309666,
309698,佛巴斯46*康普休斯05
309715,胡本
309730,胡本
309733,胡本
309734,胡本
309743,胡本
309747,胡本*西冷丝
309748,
309757,
309790,
309804,
309820,
309839,佛卡门
309905,
310219,
310221,
310446,幕利门
310558,
310560,万侯
310766,克拉克詹森X范内詹森
310882,闪电女王*（闪电娇娃*速霸龙）
311006,
311079,苍白
311080,苍白
311081,苍白
311084,所向无敌X奶酪小子近亲
311085,奶酪小子近亲曾孙
311087,奶酪小子X速霸龙
311102,超人
311103,弗雷迪家族
311109,万德维根
311111,万德维根
311340,电脑戈马力
311388,（马赛利斯X乔斯托内）X詹森
311400,群鹰达利系
311408,群鹰达利系
311411,群鹰闪电系
311468,
311479,钢针家族
311485,钢针家族
311509,大卫
311512,钢针家族
311603,胡本原舍:“艾乐米”直女
311640,广益
311708,鸽友通:
311709,鸽友通:
311712,鸽友通:
311755,桑杰士
311796,戈马力
311798,戈马力
311802,戈马力
311815,卡萨.詹森X苍白
311846,戈马力
312011,胡本
312012,胡本
312050,桑杰士
312067,桑杰士×詹森
312100,桑杰士×詹森
312118,摩利斯．卡萨
312122,
312237,速霸龙
31235,范内系“马达号”回血种鸽
31237,任秀夫戈登×花尻充由华普利蚊子系
312450,桑杰士×詹森
312596,桑杰士×胡本
312600,桑杰士×胡本
312692,苍白
312697,苍白
312750,桑杰士
312833,佛卡门
313142,詹森传奇146回血
3132,
313316,超级73/凡龙
31338,杨欧瓦克/波西瓦/奥林匹克沃克父子
313438,罗森-波斯
313509,
313512,杨欧瓦克
313517,迪斯美特·马太伊斯
313541,马歇尔·山格斯
313543,马歇尔·山格斯
313544,马歇尔·山格斯
313546,马歇尔·山格斯
313552,帝卢－速霸龙
313565,桑杰士
313580,马歇尔·山格斯
313581,马歇尔·山格斯
313583,马歇尔·山格斯
313584,马歇尔·山格斯
313585,马歇尔·山格斯
313616,
313618,福洛恩格斯原环
313619,福洛恩格斯原环
313626,福洛恩格斯
313627,
313634,
313639,
313660,
313710,詹森荷比对抗冠军123直孙
313711,詹森荷比对抗冠军123直孙
313712,詹森荷比对抗冠军123直孙
313714,
313716,荷比冠军男孩331直孙
313718,詹森007之子
313719,断胸骨麦克斯092
313724,詹森007之女
313725,詹森荷比对抗冠军123直孙女
313726,詹森007之女
313727,荷比断胸骨960
313739,克里斯贺博瑞
313741,克里斯贺博瑞
313742,克里斯贺博瑞
313743,克里斯贺博瑞
313745,克里斯贺博瑞
313746,克里斯贺博瑞
313747,克里斯贺博瑞
313749,克里斯贺博瑞
313750,克里斯贺博瑞
313853,
313872,詹森黑珍珠*红狐狸
313873,詹森019*詹森传奇05
313883,克里斯贺博瑞
313888,帝卢-速霸龙
313948,
313952,
313956,詹森红狐狸*冬日男孩
313957,
313958,
313959,
313960,
313962,
314002,纯种克拉克
314003,戈马力
314004,克拉克蓝精灵王x蓝精灵王后
314005,电脑戈马力
314006,克拉克蓝精灵王x蓝精灵王同父异母妹妹
314008,电脑戈马力朗克
314016,电脑戈马力020
314018,电脑戈马力
314019,灰美人电脑戈马力
314020,电脑戈马力
314021,戈马力
314022,电脑戈马力
314023,电脑戈马力花木兰
314024,戈马力年轻巴龙
314028,电脑戈马力朗克
314029,百万富翁戈马力
314030,戈马力百万富翁
314031,百万富翁电脑戈马力
314032,电脑戈马力朗克
314050,桑杰士
314052,桑杰士
314053,桑杰士
314055,桑杰士×胡本
314056,桑杰士×詹森
314057,桑杰士
314058,桑杰士
314078,卡萨特
314114,
314121,
314192,
31423,詹森
314237,
314262,电脑戈马力020
314264,戈马力020
31431,詹森
314320,
314325,
314326,
314328,
314334,卓越油人877“决赛15名之父”
31436,詹森
314463,罗尼桑杰士*乔斯托内白雪公主系
314466,电脑戈马力秃头199
314467,朗克电脑戈马力秃头199
314468,戈马力
314469,戈马力
314470,
314471,
314472,
314473,惠友黄金配对
314474,黄金配对
314475,百万富翁戈马力
314476,
314477,朗克电脑戈马力秃头199
314478,戈马力
314480,朗克电脑戈马力秃头199
314485,
314486,百万富翁戈马力
314493,年轻艺术家直孙
314537,詹森年轻麦克斯回血
314538,丝丝X林波尔
314551,詹森传奇05*詹森019
314590,
314591,
314607,荷比之星646直子
314626,乔斯.佛卡门大名鸽
314677,秃头199朗克
314686,B09-4018012
314704,“鼻祖号”孙代
314858,荷比之星646近亲直子
314983,荷比之星646直子
314992,荷比之星646近亲直女
314994,荷比之星646近亲直女
314995,荷比之星646近亲直女
314996,荷比之星646直女
314997,荷比之星646直女
314998,荷比之星646直女
315001,荷比之星646直子
315002,荷比661直女【冠军之母】
315003,荷比661直女
315004,荷比661直女
315265,詹森斗士613*詹森红狐520
315344,荷比661直子
315351,荷比661直子
315355,荷比661直子
315412,
315416,
315417,戈马力秃头199
315418,朗克秃头199戈马力
315419,戈马力020
315420,戈马力教父
315421,戈马力020
315553,钻石王老五直女，点击本站新闻看视频
315630,荷比661直子
315631,荷比661直子
315632,荷比661直子
315633,荷比661直女
315647,罗森-波斯
315707,戈马力
315837,考夫曼X詹吉
315976,22次冠军健将直女
315989,詹森
315996,
316072,荷比303直子
316075,荷比303直子
316077,荷比303直子
316080,荷比303直女
316085,荷比303直女
316088,荷比303直女
316242,胡本
316277,詹森红魔王
316303,无名家族
316329,
316442,本舍特留种鸽
316446,本舍基础种鸽
316474,依万
316507,红狐狸詹森红鸽王詹森大铭鸽红狐731近血作出
316520,詹森
316522,修士肯·冯莱尔詹森·冯莱尔
316527,修士肯·冯莱尔修士肯X詹森
316528,修士肯·冯莱尔
316529,詹森X冯莱尔纯修士肯·冯莱尔
316530,修士肯X詹森修士肯·冯莱尔
316531,修士肯·冯莱尔詹森X克拉克
316533,纯修士肯·冯莱尔修士肯X詹森
316534,詹森X冯莱尔纯修士肯·冯莱尔
316569,苍白
316570,苍白
316710,乔斯托内.拿破仑直孙
316714,菲利普.诺曼
316717,宝马优德
316733,艾米尔丹尼斯
316882,桑杰士第一武士*林波尔奇迹32
316901,盖比/詹森/马太伊斯
316909,盖比/詹森/马太伊斯
316910,盖比/詹森（沃特斯）
316911,沃特斯詹森/凡戴克/考夫曼
316912,詹森/凡戴克/考夫曼
316913,盖比/詹森
31695,电脑.戈马利
316968,桑杰士
316989,帝卢-速霸龙
317133,葛斯顿-范德瓦尔
317139,
317140,“白头席维斯特直女”
317150,飞戈
317162,詹森
317169,英格斯231
317175,波西瓦
317181,
317221,电脑戈马力
317264,胡本艺术家4重回血
31732,甘诺斯
31738,
317459,"甘纳斯""总统号"""
31746,
317461,甘纳斯
317462,甘纳斯
317463,甘纳斯‘总统号’
317467,甘纳斯
317468,甘纳斯
317472,甘纳斯
317473,甘纳斯
317475,甘纳斯
317488,詹森老白眼回血
31749,甘纳斯爱康/969
31751,甘纳斯爱康/969自由钻石
317520,帝卢-速霸龙
31774,甘纳斯699
31776,速霸龙/巴塞罗纳冠军
317786,百分之百纯詹森修士肯X詹森
317799,修士肯X詹森詹森X修士肯
317805,詹森修士肯X詹森
317809,百分之百纯詹森詹森X克拉克
317813,詹森·冯莱尔詹森
317816,詹森·冯莱尔修士肯X詹森
317830,詹森
317831,詹森X修士肯詹森
317832,詹森·冯莱尔
317837,百分之百詹森詹森小火箭
317838,詹森
317840,修士肯X詹森詹森X冯莱尔
317841,修士肯X詹森
317843,居斯特·詹森詹森
317846,居斯特·詹森詹森
317851,居斯特·詹森詹森X冯莱尔
317855,鲁道克拉森红狐731X鲁道克拉森
317856,鲁道克拉森X红狐731
317858,鲁道克拉森X红狐731
317859,红狐731X鲁道克拉森
317860,红狐731X鲁道克拉森
317915,国家一号X桑杰士
317967,甘纳斯
317968,甘纳斯
318013,摩利斯.卡萨
318015,100%杨阿腾
318033,国家一号
318071,福雷迪.范西速霸龙
318079,詹森黑珍珠*红狐狸
318088,桑杰士
318091,桑杰士
318122,利奥.贺尔曼-世界名鸽“奥林匹克003”
318161,
31823,
31824,
31825,
318400,速霸龙
318420,
318426,德拉帕
318432,速霸龙
318442,爱亚卡普詹森
318551,詹森冬日男孩多重回血
318562,利奥赫尔曼斯原舍
318578,利奥·贺尔曼斯“奥林匹克003”高代近亲
318580,吉林-克斯桑杰士
318609,荷比对抗赛冠军
318623,利奥赫尔曼斯原舍
318628,佛巴特46曾孙X飞戈女郎
318629,佛巴特46曾孙X飞戈女郎
318630,詹森X飞戈
318632,詹森X飞戈
318633,白腹号
318645,詹森X盖比·范德那比
318647,詹森X盖比·范德那比
318654,飞戈
318661,国家一号X飞戈女郎
318662,国家一号X飞戈女郎
318668,波西瓦
318671,悍将X飞戈
318682,艾尔扎克
318719,速霸龙
318734,戈马力
318740,克里斯-赫伯瑞
318741,戈马力
318793,戈马利
318795,戈马利
318844,
318845,
318849,
318888,
318930,乔斯.佛卡门*胡本
318932,霍夫肯*谢氏詹森
318994,100%乔斯托内拿破仑血统高辈分近血作出
319050,红狐731
31914,詹森
319143,摩利斯.卡萨
319144,李鸟配吴淞
31919,詹森
319193,爱亚卡普詹森“罗马里奥”X胡本
31920,詹森
319209,帝卢速霸龙
31921,詹森
319215,帝卢速霸龙
319335,经典艺术家*詹森小火箭
319680,阳光实战系-电脑戈马利
319706,帝卢速霸龙
319708,帝卢速霸龙
31972,修士肯.馮萊爾
319720,戈马利
319723,
319808,盖比
319840,德国一岁鸽王双亚军*詹森白羽号
319844,林波尔
319879,米卫詹森
319923,乔斯.佛卡门
319999,“贝里X匹诺曹直孙女”
320006,胡本原棚种鸽
320026,霍夫肯*佛卡门
320031,山坦士
32005,詹森019系多重回血，种鸽用作出
320060,台湾金字塔X不败利摩日之女
320061,中佳23名X奥丁之女
320062,至尊号X普波之女
320113,卡奥尔全国3名X辣灯之女200
320114,灰博尔特X超级拿永号之女
320117,灰博尔特X超级拿永号之女
320118,“灰色波治”X“东方不败之女”
320119,灰博尔特X超级拿永号之女
320121,丹尼斯X英格丽保曼
320122,辣灯直子X友祥公主号
320123,辣灯直子X友祥公主号
320125,比利亚X丹尼斯之女865
320127,辣灯直子055X信天游冠军之女
320129,辣灯X友祥115
320134,太阳女伯爵兄弟X鸽王一位
320135,奥丁X武器号之女
320136,令狐冲直子X鸽王一位
320181,摩利斯.卡萨
320182,摩利斯.卡萨
320185,葛斯顿范德瓦尔
320186,葛斯顿。范德瓦尔
320199,范德瓦尔葛斯顿
320200,帝卢·速霸龙
320203,范德瓦尔葛斯顿
320205,考夫曼X鲁道克拉森
320206,范德瓦尔葛斯顿
320208,范德瓦尔葛斯顿
320209,范德瓦尔葛斯顿
320213,范德瓦尔葛斯顿
320214,范德瓦尔葛斯顿
320219,范德瓦尔葛斯顿
320222,范德瓦尔葛斯顿
320224,奥丁X《（辣灯X东方不败）之女》
320226,辣灯X友祥115
320228,丹尼斯直子X花王
320230,中佳23名X奥丁之女
32029,詹森019系多重回血种鸽
320295,葛斯顿。范德瓦尔
320308,凡戴克所向无敌
320392,幕利门军校生
320395,詹森81红狐狸红狐731
320399,国家一号X国家一号回血
320403,国家二号X悍将
320406,波西瓦
320407,波西瓦
320434,
320500,红狐731孙女
320509,麦克斯回血
320585,瓦特
320854,盖比·凡得那比
320911,飞戈近亲回血
321125,桑杰士
321139,速霸龙
321159,米卫詹森
321162,凡戴克原舍
321193,国家一号
321260,摩利斯.卡萨
321261,摩利斯.卡萨
32133,福乐、佛沃特
321400,
321407,利奥贺尔曼斯x飞戈近亲
321408,
321506,胡本
321517,“天睿”直子
321564,林伯格
321566,林伯格203
321785,
321787,
321799,克里斯何博瑞X亨利古斯特
321813,
321839,国家一号
32185,芬妮卡
32188,芬妮卡5000
321886,
321887,
322020,
322021,
322022,
322023,威廉（帽子号）X安琪
322024,桑杰士
322026,“天睿”直子X“天睿”孙女
322028,
322031,
322038,
322039,
322040,
322065,
322068,
322072,“明珠英雄”977全国冠军直女
322074,悍将侄子X悍将直女
322089,
322093,
322094,环宇号*考夫曼*詹森990
322121,
322152,
322240,
322245,
322253,詹森万羽十位*詹森019
322286,桑杰士
322331,
322338,桑杰士
322357,乔斯佛卡门原棚
322361,乔斯佛卡门
322374,
322375,
322378,
322456,
322458,
322462,
322463,
322464,
322487,
322489,
32252,大铭鸽金翼号直女
322545,所向无敌X奶酪小子近亲
322570,
322635,威力万富
322637,比利时蛟龙—威力万富
322646,威力万富
322651,比利时蛟龙—威力万富
322652,比利时蛟龙—威力万富
322654,比利时蛟龙—威力万富
322657,比利时蛟龙—威力万富
322658,比利时蛟龙—威力万富
322679,
322742,
322765,葛斯顿.范德瓦尔“奶酪小子”家族臻藏
322767,葛斯顿.范德瓦尔“奶酪小子”
322768,葛斯顿.范德瓦尔“奶酪小子”
322769,葛斯顿.范德瓦尔“奶酪小子”家族臻藏
322776,恩格斯亚精顿系343子
322809,罗尼·凡瑞特
322820,
322821,
322898,利奥·贺尔曼斯
322900,奥林匹克003
322901,“鸽王杨”
322902,詹森
322903,詹森铭鸽年轻白羽号同父异母兄妹回血
322904,迪-卡普利奥
322909,詹森019多重回血
322918,红魔王
322926,迪卡普里奥
322927,迪-卡普利奥
322929,迪卡普里奥
322931,迪卡普里奥
322933,迪卡普里奥
322935,迪卡普里奥
323026,康比X戈马利X盖比
323028,葛斯顿·范德瓦尔
323071,爱亚卡普VIP
323086,飞戈*胡本
323094,胡本
323104,詹森
323113,詹森
323227,钻石配对*冠军组合
323336,鹏程火箭
323337,鹏程火箭
323339,鹏程火箭
323356,鹏程火箭
323358,鹏程火箭
323365,鹏程火箭
323366,鹏程火箭
323381,
323425,詹森019
323428,爱亚卡普通鑫俱乐部鸽王7名直子
323571,盖比闪电孙女
323606,福雷迪.范西速霸龙
323610,100%杨阿腾
323623,盖斯顿
323669,贝隆”008“大脚趾”
323673,波西瓦贝隆
323777,戴扶连特
32378,大铭鸽金翼号直子
323837,爱亚卡普指挥官*帕斯
323838,爱亚卡普指挥官回血
323859,波拉5000
323861,波拉5000
323870,极端近亲麦斯
323923,胡本*奶酪
324096,英格斯*爱亚卡普詹森（已转让）
324130,慕利门[回血]
32428,詹森019系多重回血，曾孙代特留种鸽
324519,波拉5000
324520,波拉5000
32453,胡本
324556,
324557,
324578,
324583,汉斯
324586,汉斯
324594,
324660,真命天子
324669,鸽王9名X杀手莫格娜
324700,红狐520*白羽号
324754,罗森波斯桑㚎杰士
324761,恩格斯231近亲直孙X国家二号直女
324767,罗森波斯桑杰士
324774,“恩格0139”X“奇迹阳光”
324776,贺伯特国家一号
324785,恩格斯231
324792,贺伯特国家一号
324799,贺伯特国家一号
324804,乔司佛卡门“维奇二号”
324805,恩格斯231
324809,私环0056
324811,恩格斯231
324812,恩格斯231
324814,恩格斯231
324815,芮娜飞戈
324816,贺伯特国家一号
324817,芮娜飞戈
324820,芮娜飞戈
324825,桑杰士
324831,乔司托内“国家二号”
324835,乔司托内:“国家二号”
324841,桑杰士“闪电金童”
324850,恩格斯231
324879,詹森老白眼*冬日男儿
324881,詹森老白眼*冬日男儿
324882,詹森老白眼*冬日男儿
324886,詹森老白眼*冬日男儿
324999,盖比“年轻闪电号”
325003,盖比凡德纳比.
325005,盖比.凡德纳比原舍.
325007,马歇尔.阿布瑞契【知名17配对】公”
325052,彼得米卫917
325347,林波尔
325350,杨阿腾多利直系
325352,万得维根X杨阿腾
325354,亚克.万德维根
325360,亚克.万德维根
325361,速霸龙X恩格斯X山普森
325431,
32548,林波尔奇迹32直系X詹森系
325633,罗森波斯·桑杰士
325642,莫利斯卡萨特
325644,莫利斯卡萨特
325645,罗森波斯桑杰士
325646,波森罗斯桑杰士
325650,罗森波斯
325694,比利时蛟龙—威力万富
325699,比利时蛟龙—威力万富
325701,比利时蛟龙—威力万富
325705,乔司托内国家二号
325706,乔司托内国家二号
326013,
326017,
326091,林波尔
326097,林波尔
326223,波西瓦
326245,甘纳斯699X总统号
32629,所向无敌直子
326324,范王路易X万德维根
326341,德累克。瓦特特比号
326342,金矿系列
326344,金矿系列
326345,陈国胜老白眼
326346,陈国胜老白眼
326347,德累克。瓦特特比号X甘纳斯道波
326349,陈国胜老白眼
326350,甘纳斯总统号
326351,贺夫肯
326355,
326361,全国冠军明珠英雄977
326403,灰费德尔
326430,
326438,
326461,爱亚卡普詹森*爱亚卡普“指挥官”
326466,
326477,
326478,
326479,
326480,
326486,
326541,
326547,超级73/凡龙
326645,总统号X德玉芙
326673,佛科克x麦克斯
326709,
326727,“年轻闪电号”x“迪克雌”
326761,
326773,天睿直孙
326823,波拉5000
326825,“天睿”直孙
326925,芬妮卡5000VS国家2号X白雪公主侄女
326939,
326999,白羽巴龙孙女.
327421,
327427,
327455,戈马利
327459,戈马利
32746,
327465,戈马利
327564,盖比x飞戈
327627,
327835,利奥.贺尔曼“欧元号”近亲直孙
327836,狼狗号X苍白
328029,鲁道.克拉森.
328054,（亚利帝克特拉）
328075,奶酪回血直孙女
328086,（皮特米卫原舍)
328090,
328149,丹尼凡戴克
328161,佛卡门X文斯特拉
328232,芬妮卡5000
328254,凡代克
328255,宾尼史蒂文
328293,迪卡普里奥
328453,
328607,
328732,戈登*彼得米卫）*（胡本*考夫曼）
328783,超级73/詹森
329016,阿隆索
329033,威廉配詹森
329038,阿隆索配吐尼尔
329114,芬妮卡5000
329158,5000
329163,芬妮卡5000
329168,5000
329174,5000
329223,5000
329231,超级73
329317,胡本
329410,钢针家族
329419,阿隆索配苏维
329438,阿隆索
32944,
329448,桑杰士
329462,芬妮卡5000
329473,考夫曼X鲁道克拉森
329476,考夫曼X鲁道克拉森X速霸龙
329491,芬妮卡5000
329495,芬妮卡5000
329498,芬妮卡5000
329505,芬妮卡5000
329582,芬妮卡5000
329623,芬妮卡5000
329630,芬妮卡5000
329649,芬妮卡5000
329662,芬妮卡5000
329670,芬妮卡5000
329809,
329824,瓦特近亲
329827,盖诺斯/公牛
329841,里欧.赫尔曼
329855,里欧.赫尔曼
32987,大铭鸽里瓦尔多直子
330007,吉林克斯-桑杰士
330062,
330074,世界珍贵血系“芬尼卡5000”血系X芮娜
330236,约翰.博克斯曼
330238,乳酪小子
330422,爱亚卡普詹森
330428,香妃直子
330441,93红狐直子X直孙女
330466,苍白骑士
330510,李鸟配吴淞
330555,5000
33082,詹森019
330842,奥尔良X盖比
330936,5000
331321,电脑
331343,凡代克
331371,钻石配对
331376,钻石配对
331385,
331388,吉林克斯
33145,分妮卡福乐.福沃特
331455,
33146,分妮卡福乐.福沃特
331549,胡本
331550,胡本
331613,阿里.凡比克
331616,阿里.凡比克
331618,阿里.凡比克
331619,阿里.凡比克
331620,阿里.凡比克
331651,詹森老白眼*冬日男儿
331658,詹森
331716,詹森老白眼*冬日男儿
33188,3000K冠军+凡部里安娜系
33189,魔鬼系+凡部里安娜系915
331906,考夫曼
331911,美国橡树园红詹森
331921,阿隆索配卡萨
331939,考夫曼配吐尼尔
331948,
331959,乔斯、佛卡门X彼得、曼德斯
331967,美国橡树园红詹森
331991,鲁道、克拉森
332245,桑杰士
332284,电脑冠军直女
332306,
332326,战斗机*麦克斯
332346,“阿德里安×公主号”
332421,盖比匹卡诺
332424,总统号
332429,贺夫肯
332431,贺夫肯
332443,盖比
332463,戴扶连特
332515,桑杰士
332550,詹森原舍
332553,詹森
332555,乔斯．乔森
332568,詹森
332688,詹森019
332731,戴扶连特
332761,詹森*金母3396
332989,“碧杨”x“邦加”回血雌鸽
332991,鲁道·克拉森
333002,克拉克原舍直子
333004,克拉克原舍直子
33301,威力。万富
333041,戈玛力
33307,凡龙
33311,凡龙
333144,
333201,“乔帝利蒙治号”
333233,胡本
333263,桑杰士
333269,詹森
33331,凡龙
33333,凡龙
33334,凡龙
333364,
333376,
333438,
333480,
333496,
333575,电脑Ⅱ号近亲（晚生汤姆×狼狗）
333612,科尔
333683,纯正的万达易速步
333707,
333728,
333739,
333744,
333904,狐狸号直女
334150,詹森
334178,利摩日
334184,詹森
334191,悍将侄子X悍将直女
334197,国家一号
334202,麻贝壳×红贝壳
334211,虎后X曼德斯
334265,克拉克-詹森-詹吉
334398,速霸龙
334408,宾尼·史蒂芬气魄
334616,麻贝壳×红贝壳
33464,威力。万富
334661,
334785,
334910,
334925,
334927,
334948,奥林匹克003直子
334949,奥利匹克003直女
334950,奥林匹克003直子
334951,奥林匹克003直女
334953,奥林匹克003直女
335115,佛卡门
335231,彼得.曼德斯
335291,金伟鱼行“百万将军”系
33535,凡龙
335385,霍夫肯*詹森
335388,红狐
335402,迪.卡普里奥直子X格斗士直女
335415,杨欧瓦克483直子X484直孙女
335500,桑杰士第一武士
335525,【蓋比凡德哪比】.
335573,小卡萨
335700,霍夫肯.
335701,乔斯仛内-瓦特-林波尔.
335702,罗森波斯-霍夫肯-蓋比-乳酪.
335703,林波尔-瓦特.
335706,巴腾伯格米卫-戈马力.
335709,霍夫肯
335710,霍夫肯.克拉克
335711,戈马力
335741,钻石王X霍夫肯X公牛524.
335763,林波尔-凡艾尔查克.
335767,德雷克.瓦特.
335768,乔斯.乔森
335769,乔斯乔森
335770,乔斯.乔森
335772,乔斯.乔森
335781,佛罗恩格斯
335788,佛罗恩格斯
33579,威力。万富
335790,佛罗恩格斯
335791,佛罗恩格斯
335796,盖比.凡徳那比.664-英格.
335913,盖比.凡徳那比'664-钻石王直女.956优秀直女。
335915,盖比.凡徳那比'664-钻石王直女.956优秀直女。
335917,瓦特-花鸽王.鲁道克拉森
335920,盖比.凡徳那比'664-钻石王直女.956优秀直女。
335921,罗森波斯392-凡龙780.
335923,钻石王X霍夫肯X公牛524..
335924,盖比.664-钻石王直女.956.
335925,蓋比-凡龙
335928,林波尔-霍夫肯.
335972,瓦特.钻石王.霍夫肯X公牛524.
335977,
335979,盖比.凡德纳比-瓦特.
335981,五关亚军x五关冠军
336002,林波尔-凡龙
336116,
336126,盖比.凡德纳比”
336191,胡本
336388,彼得米卫917
336537,大铭鸽“速度号”直女
336573,大铭鸽“速度号”直女
336590,大铭鸽“速度号”直女
336601,大铭鸽“速度号”直女
336608,乔斯乔森
336610,大铭鸽“速度号”直子
336611,乔斯.乔森
336612,乔斯乔森
336613,乔斯.乔森
336615,乔斯.乔森
336620,大铭鸽“速度号”直子
33677,贺伯特--国家一号X皇后号
33680,国家一号X电脑戈马力
336800,
33681,贺伯特--国家一号X皇后号
336967,宾尼.史帝文
336972,宾尼.史帝文
337049,
337050,利奥贺尔曼斯
337059,
337063,瓦特.钻石王.霍夫肯X公牛524...
337064,速霸龙17配对.
337068,盖比
337070,蓋比-乳酪.
337077,瓦特-霍夫肯-戈马力.
337119,金伟鱼行“百万将军”系
337122,金伟鱼行“百万将军”系
337130,
337153,宾尼.史帝文
337196,盖比闪电号
337411,
337478,凡龙系
337527,林波尔*东方不败
337550,利奥-赫尔曼斯
337576,詹森系
337766,
337776,盖比-卡萨
337833,凡登帕斯
337882,天威1号
337883,天威1号
337884,天威1号
337888,▲.摩利斯.卡萨.
337892,詹森系
337896,桑杰士
337899,天威2号
337922,爱亚卡普王者之王
338238,橡树园凡龙083五代孙
338290,杨欧瓦克*考夫曼
338298,考夫曼
338311,考夫曼
338312,戈马力
338426,
338442,588平辈
338446,
338530,盖比凡德纳比原舍种
338533,桑杰士计算机2号
338535,戈马力
338549,桑杰士
338567,胡本*悍将
338674,大铭鸽“小飞戈”直女
338724,甘纳斯699
338736,创造者X总统
338787,乔斯乔森
338792,乔斯乔森
338837,乔斯.乔森
338842,乔斯.乔森
338861,
338894,鸽友通:
338897,桑杰士
338905,桑杰士X桑杰士
338913,桑杰士*不败王子*闪电娇娃
338977,卧龙大赢家配鸽王6666
339002,波西瓦
339011,乔斯乔森
339014,乔斯乔森
339016,胡本原舍
339017,胡本原舍
339018,凡龙超级73
339019,胡本原舍
339021,胡本原舍
339023,胡本原舍
339025,胡本原舍
339027,胡本原舍
339029,胡本原舍
339033,胡本原舍
339035,胡本原舍
339042,林波尔*东方不败
339123,最后的詹森红狐
339127,白雪公主
339131,最后的詹森红狐
339134,最后的詹森红狐
339187,天一鸽王
339190,天一鸽王
339192,“杨欧瓦克”
339193,天一速霸龙
339199,天一速霸龙
339200,“杨欧瓦克”
339202,天一速霸龙
339204,“杨欧瓦克”
339206,
339209,天一点奥
339213,“杨欧瓦克”
339214,天一电脑/天一速霸龙
339215,天一电脑
339218,“杨欧瓦克”
339220,天一教父
339222,天一电脑
339238,天一欢喜
339241,天一电脑/天一欢喜
339251,天一电脑
339269,盖比
339273,盖比
339274,波西瓦乌诺
339349,
339366,约瑟夫斯塔尔“桑杰士”
339402,詹森019X荷兰冠军系
339467,凡龙超级73
339518,
339519,
339568,白雪公主
339718,
339781,
339807,
339810,
339813,
339815,
339891,英格斯
339892,雷腾兄弟
339927,英格斯
339928,克拉克
339929,贝壳詹森X盖斯灰美人
340025,荷兰安东露西万德维根“马拉松二世”直子
340030,荷兰安东露西万德维根“欧洲人”儿子
340035,荷兰安东露西万德维根达克斯冠军“斯德克”儿子
340041,
340043,
340059,盖比
340255,林波尔
34035,瓦特
340390,
340505,速霸龙
340506,速霸龙
340512,速霸龙
340576,英格斯*爱亚卡普詹森
340581,乔斯佛卡门
340584,
340606,悍将*飞戈
34068,纯日本魔鬼系
34070,全国冠军直孙
34072,大名鸽“波特”近血，两次冠军直女
34073,桑杰士
340772,戈马力x鲁道夫詹森
34079,桑杰士
340811,
340815,鲁道夫X万侯X彼得文斯特拉
340832,鲁道.克拉森.首席爱将.世界大铭鸽;野笛.直子
340886,友谊号554X悍将直女
340942,“奶酪小子”近血
340945,桑杰士
341241,【吉林克斯】
341302,卢太兹
341550,克拉克詹森
341851,鲁迪直女
341964,芮娜飞戈
341966,詹森·雅典娜
342272,
342301,罗曼詹森
342351,
342451,杨.欧瓦克
342458,杨.欧瓦克
342469,速霸龙X钻石王.花鸽王
34248,
342512,
342531,詹森飞毛腿
342585,亚利.帝克特拉原舍
342594,恩格斯231系X李军恩格斯
342611,“鹰眼直子”X“百万梦想小姐”
342614,飞戈海蒂948直系/悍将金红砂女
342616,李军028凡龙奶酪X悍将
342618,恩格斯322配电脑375
342620,悍将电脑直子131X西北女王号
342621,廸沃斯近血
342623,“完美号”/飞戈X贝壳詹森西北女王号
342625,廸沃斯X（金底红砂X高红生电脑535女）儿子
342627,盖比.凡德纳比
342677,超级73詹森/国家一号/詹森凡龙
342789,帝卢-速霸龙
342800,
342816,恩格斯/悍将配汤母
342838,恩格斯系配电脑
342843,恩系377直子配恩系392直女
342848,020电脑X恩格斯威力公棚50名
342851,速霸龙X金底红砂女儿9名
342856,
342867,佛尔布文同母异父子代配
342872,
342875,电脑戈马利020曾孙
342881,恩格斯178系392X飞戈悍将
342891,速霸龙
34290,
343072,桑杰士配詹森
343081,超级73凡龙/
343144,桑杰士配詹森
34318,艾迪。卢太慈
343194,佛科克
343198,詹森麦克斯
343285,山普森/台詹森
343287,台詹森X电脑X佛尔布文
343290,西北女王子X李军554子/恩格斯威力50名
343292,恩格斯悍将X汤姆
343293,明珠凡龙
343294,山普森X迪沃斯
343295,奶酪小子
343296,汤姆多重近亲
343298,凡龙超级73X悍将
343301,飞戈金底红砂X恩系154
343302,捍将飞戈149配恩格斯322女
343303,电脑近血
343305,恩格斯系多重近亲
343307,悍将恩格斯配汤母
343384,詹森
343390,奶酪小子
343490,佛科克
343519,建宁汤母兄妹配近血
343520,盖比X世搏圣母
343522,飞戈悍将/盖比825
343532,艾尔扎克
343556,帝卢-速霸龙
343559,盖比
343563,速霸龙
343582,
343612,罗森波斯-桑杰士×杨公多拉斯
343618,
343627,
343629,詹森X波西瓦
343633,桑杰士第一武士近亲回血
343670,福洛森“13配对”直子
343676,
343749,彼得.曼得斯
343758,英国凡龙
343762,
343768,
343774,
343794,
343801,
343806,
343809,
343835,
343839,
343842,
343848,
343854,
343863,
343866,
343875,电脑戈马利
343878,电脑戈马利
343880,电脑戈马利
343991,超级73/凡龙
344038,威廉.吉尔特
344167,
344174,比德曼德斯
344184,詹森
344204,杨公多拉斯×甘拉斯
344304,盖比
344350,超级73/詹森
344393,
344401,
344412,超级73/凡龙
344432,
344465,迪克.凡戴克
344575,奶酪小子
344600,瓦特
344605,速霸龙
344612,速霸龙
344613,速霸龙
344614,速霸龙
344631,速霸龙
344643,速霸龙
344649,奶酪小子
344669,罗森波斯桑杰士729
344683,“百万将军”家族“常胜将军”血系
344694,“百万将军”家族“常胜将军”血系
344697,艾利克-林伯格
344700,“百万将军”家族“常胜将军”血系
344704,“百万将军”家族“常胜将军”血系
344707,
344708,凡龙*慕利门
344711,
344723,欧文贝克*欧文贝克
344732,
344735,
344787,
344790,
344797,
344804,
344838,
344962,恩格斯231近亲
345011,曼德斯
345013,胡本原棚“布兰妮同辈直子
345019,曼德斯X胡本
345027,詹森
345029,詹森
345030,
345043,詹森
345046,
345051,
345123,超级73
345142,戈马利
345413,霍夫肯
345489,凡艾尔沙克吉普森
345495,
345497,
345498,
345499,福洛森“13配对”直女
345509,福洛森
345514,
345517,凡艾尔沙克吉普森
345578,约翰.范海尔
345585,凡艾尔沙克吉普森
345628,福乐*桑杰士
345641,
345699,
345710,
345719,
345751,安东尼.本诺特“塞米”
345761,安东尼.本诺特“塞米”
345762,摩里斯、卡萨
345767,
345769,超级53
345783,恩格斯系343配山普森/（台詹森)
345788,超级73/詹森
345808,阿特玛兄弟“超级53”直孙
345812,恩格斯231系配020系电脑
345813,胡本*瓦特
345817,阿特玛兄弟“超级53”直孙女
345827,恩格斯392系/恩格斯377系近亲
345831,
345839,
345840,胡本x盖比
345849,金底红砂女677X迪沃斯孙
345858,飞戈海蒂948直系/盖比
345869,（金底红砂X电脑535女）X金底红砂女九名
345874,范德佛拉斯/威联吉尔特
345878,恩格斯178系X恩格斯231系
345904,林波尔系
345926,詹森系
345951,盖比
345975,速霸龙X里奥-赫尔曼斯
346145,
346168,
346221,超级73/詹森
346307,桑杰士
346312,桑杰士
346315,速霸龙
346325,芬尼卡5000
346335,班尼史蒂文
346337,詹森荷比冠军家族
346356,凡戴克+飞戈
346461,爱亚卡普詹森
346469,阿尔伯特.马赛利斯X詹森
346530,凡戴克
346532,凡戴克
346540,鲁道克拉森
346599,御林军
346896,詹森黄金血系
346900,
346903,
346935,
346988,超级73/凡龙
347008,
347012,
347028,佛罗.恩格斯
347030,佛罗.恩格斯
347034,佛罗.恩格斯
34704,
347044,佛罗.恩格斯
347052,佛罗.恩格斯
347062,佛罗.恩格斯
347064,佛罗.恩格斯
347075,佛罗.恩格斯
347099,佛罗.恩格斯
347129,
347136,胡本黄金血系
347138,詹森黄金血系
347141,黄金詹森血系
347142,詹森黄金血系
347145,胡本X詹森血系
347146,詹森黄金血系
347152,胡本黄金血系
347156,詹森黄金血系
347159,詹森黄金血系
347339,迪克、凡戴克
347353,
347561,
347563,
347566,
347571,
347578,
347584,
347585,
347637,东方不败
347746,阿特玛兄弟+考夫曼
347752,阿特玛兄弟+考夫曼
347828,
347852,胡本
347861,
347983,鲁道克拉森
347988,辉煌闪电号
347992,鲁道克拉森
347993,佛科克
347998,钢铁利摩日×东方不败
347999,帝卢·速霸龙
348004,钢针家族
348006,弗雷迪
348012,钢针家族
348021,瓦特
348042,
348048,
348073,
348095,超级73/凡龙
348174,英格斯黄金血系
348185,英格斯黄金血系
348189,盖比黄金血系
348196,詹森黄金血系
348207,詹森系种赛鸽
348218,胡本X詹森血系
348245,乔斯佛卡门
348564,
348596,杨.欧瓦克
348653,瓦特
348676,夏拉肯
348696,
348704,乔斯托内
348706,《花花公子》孙代
348711,
348712,《年轻艺术家》多重近亲
348714,《年轻艺术家》多重近亲
348715,《年轻艺术家》多重近亲
348731,
348932,速霸龙
348934,速霸龙
348985,超级73/凡龙
349008,乔斯.佛卡门
349022,
349038,
349100,
349172,超级73/詹森
349183,188*588
349203,德拉帕罗纳尔多多重近血直子
349205,德拉帕罗纳尔多多重近血直子（高级种鸽
349208,德拉帕罗纳尔多近血直孙
349224,德拉帕玛雅多重近血直女（高级种鸽）
349229,德拉帕罗纳尔多多重近血直子（高级种鸽
349235,德拉帕罗纳尔多多重近血直女（高级种鸽）
349240,德拉帕玛雅近血直孙
349244,德拉帕罗纳尔多多重近血直女（高级种鸽）
349247,德拉帕玛雅多重近血直子（高级种鸽）
349360,桑杰士（东方不败）
349412,桑杰士（东方不败）
349414,赫尔曼·布林克曼
349446,奶酪小子
349490,山普森
349545,
349567,盖比铭鸽“白腹号”近亲曾孙女
349647,51次获奖×东方不败直系
349724,胡本*瓦特
349726,
349766,
349913,凡龙
349919,凡龙
34999,
350101,凡龙
350161,钢铁战士直女
35023,
35026,
350353,新闪电直子
350358,盖比鲁迪直孙
350402,詹森
350437,阿特玛兄弟
350785,CHN2014-06-107916
350987,超级73
351071,马克罗森斯*詹森克拉克
351094,利奥003回血曾孙
351226,
351268,彼得米卫
351377,
351448,
351472,
351477,
351639,迪克*马丽利斯*直孙女
351691,
351885,大卫
351914,
351978,
351990,
351995,
352001,
352005,
352039,考夫曼小迪克配爱神
352113,
352124,100%乔斯托内拿破仑
352137,100%乔斯托内拿破仑
352148,100%乔斯托内拿破仑
352153,100%乔斯托内拿破仑
352205,
352219,
352230,
352303,
352343,
352373,麦克斯凡龙直孙&名鸽“白尾号”
352413,胡本名鸽金翼号直子
352506,
352551,奥林匹克03直孙X所向无敌直女
352563,奥林匹克03直孙X所向无敌直女
352571,奥林匹克03直孙X所向无敌直女
35260,詹森X克拉克X凡代克X盖比X吐尼尔X苍白X凡龙X甘纳斯
352604,波西瓦X“百万将军”系
352618,波西瓦
35266,电脑X汉斯.威利理奇
35267,电脑X詹森X甘纳斯
35270,霍夫肯X甘纳斯X凡龙X瓦特X电脑X詹森X慕利门
352749,辉煌闪电号
35275,詹森X速霸龙
352755,奥林匹克03直子x杨直女
352761,奥利匹克03X灰小鸽王
352840,奶酪小子
352845,
352848,
353027,
353085,勃默德配詹森邦德007079046
353094,勃默德配狄尔巴公棚10名
353097,勃默德配詹森邦德007
353104,勃默德079152
353108,勃默德配詹森邦德007同父异母出
353110,勃默德配邦德007配凡龙
353324,克拉克詹森
353368,
353394,克拉克詹森
353445,
353522,速霸龙
353525,速霸龙
353530,速霸龙
353532,速霸龙
353534,速霸龙
353537,速霸龙
35354,闪电桑洁士
353540,速霸龙
353606,阿玛尼直孙女
353616,阿玛尼
353620,飞毛腿
353622,强将号
353648,飞毛腿
35376,涡轮教父
353765,速霸龙
353769,速霸龙
353788,“迅雷”奥林匹克代表鸽冠军
353795,帝贝克.巴腾斯
353796,小狼狗号X七冠王女儿
353802,闪电号直子
353804,大英格斯孙代
353812,勃默德配狄尔巴180682
353824,勃默德配詹森邦德007182659
353825,勃默德配詹森邦德007182659
353828,
353830,勃默德197880
353837,勃默德197935
353848,甘纳斯鸽王699
353906,
353918,
353944,詹森*电脑020
353954,贺伯特
353960,
353961,
353968,帝卢速霸龙“幸运848号”
354004,帝卢·速霸龙＜马歇尔·阿布瑞契＞
354029,马歇尔．阿布瑞契:速霸龙
354151,勃默德配詹森邦德007276022
354153,勃默德276052
354157,勃默德371024
354248,勃默德187814
354264,勃默德配詹森邦德007187840
35427,胡本X莫里斯.沃特
354287,勃默德187842
354289,勃默德187843
354308,勃默德配詹森邦德007187865
35437,
35438,
354397,
354416,令狐冲
354438,100%乔斯托内拿破仑
354441,100%乔斯托内拿破仑
354471,100%乔斯托内拿破仑
354479,100%乔斯托内拿破仑
354488,100%乔斯托内拿破仑
354492,100%乔斯托内拿破仑
354494,100%乔斯托内拿破仑
354509,100%乔斯托内拿破仑
354513,100%乔斯托内拿破仑
354515,100%乔斯托内拿破仑
354529,佛布利*万德米尔
354561,乔斯托内白雪公主
354771,
354780,
354786,戈马力
354787,戈马力朗克
354810,戈马力花木兰
354816,戈马力灰美人
354824,戈马力
354958,“黑市拳王”家族
354960,“黑市拳王”家族
354961,花花公子*飞翔至尊直女
354963,“黑市拳王”家族
354964,“黑市拳王”家族
354969,飞翔520直子
355075,
355169,詹森
355302,詹森
355462,帝卢．速霸龙
355486,苍白骑士
355568,
355623,贺夫肯
355632,贺夫肯
355637,贺夫肯877x彼德曼得斯.詹森
355641,贺夫肯
355643,贺夫肯877x彼德曼得斯.詹森
355644,贺夫肯877x彼德曼得斯.詹森
355646,卧龙麒麟
355652,卧龙麒麟花
355658,贺夫肯
355660,总统号X瓦特
355704,天一戈马利
355706,天一戈马利
355728,天一戈马利
355736,天一戈马利
35574,
355742,天一戈马利
355752,天一戈马利
355756,天一戈马利
355761,天一戈马利
355767,天一戈马利
355770,天一戈马利
355771,甘纳斯699
355817,卧龙系
355887,
355889,
355893,
355894,
355907,
355909,
355911,
355914,
355926,摩利斯.卡萨
355951,摩利斯.卡萨
356032,盖比825
356034,廸沃斯416X廸沃斯855
356144,2011年比利时全国幼鸽鸽王4位
356177,戈马力
356179,戈马力
356185,盖比X詹森
356233,爱亚卡普年轻将军直孙
356242,爱亚卡普将军近亲
356244,盖比X林波尔詹森
356252,盖比X詹森
356258,盖比X詹森
35626,
356288,沃夫岡
356309,马克罗森斯
356372,乔斯·佛卡门
35645,波西瓦
356468,爱亚卡普詹森
356494,爱亚卡普将军
356570,詹森
356616,凡戴克
356677,凡戴克
356681,凡戴克
356711,迪克.凡戴克
35680,
356855,盖比X林波尔詹森
356857,考夫曼
35689,帝卢。速霸龙
356909,桑杰士
356911,桑杰士
356912,桑杰士
356995,马克罗森斯.范伯曼.詹森
35703,帝卢。速霸龙
357104,鸽王直子
357106,鸽王直子
357107,鸽王*丹尼斯
357116,
357302,爱亚卡普007X传奇05
357307,卧龙系
357323,凡龙x桑杰士
357334,爱亚卡普詹森
357392,戈马利
357493,金环红狐99直女
357512,帝王詹森
35754,七星号本尊
357629,飞戈悍将X山普森
357736,桑杰士
357783,戈马利
357785,戈马利
357786,戈马利
357793,林波尔
357843,
357845,
357923,（胡本X红狐）X马塞利斯詹森
357992,大卫
358069,凡德纳比盖比
358081,
358085,鸽友通:
358091,速霸龙
358103,速霸龙
358114,大名鸽“鹰眼”之妹
358124,奥林匹克鸽王X幸运85最最佳直女
358133,“鹰眼”全弟“希望号”直女
358146,林波尔:奇迹32系
35823,
35824,
358284,国家一号近亲回血已售西宁
358311,国家一号直孙回血:::已售
358329,桑杰士回血，，，已售
358394,东方不败*闪电娇娃::已售
358399,天一戈马利
358419,
358543,飞戈
358549,电脑戈马力x德拉帕
35858,凡龙
35859,凡龙
358603,鲁道克拉森
358604,鲁道克拉森
358613,
358626,戈马力
358632,爱亚卡普邦德
358681,
358824,狄瑞德原舍×爱克女儿
358831,杨龚王朝-滑铁卢
358838,胡本
358845,速霸龙
358851,桑杰士鸽系近亲作出
358856,桑杰士鸽系近亲作出
358873,
35889,
358920,胡本原舍
358944,桑杰士
358948,桑杰士
358982,闪电金童直孙女
358988,桑杰士
359047,彼得米卫
359061,彼得米卫
359118,瓦特
359122,胡本
359152,瓦特×詹森
359154,米卫917
359164,帝卢．速霸龙
359191,乔普号
359214,胡本
359217,胡本
359277,鲁道.克拉森
359279,鲁道克拉森
359326,卧龙系
359353,
359355,
359390,马赛利斯X（桑杰士X马赛利斯）
359394,红帅配桑杰士
359411,桑杰士
359421,宝狮族系配强龙系
359445,勃默德176415
359451,
359462,桑杰士X詹森传奇05
359474,蔡丰吉超级战将系
359479,蔡丰吉超级战将系
359481,蔡丰吉超级战将系
35968,凡龙
359737,沃夫岡
359751,考夫曼
359759,佛科克
359823,艾力克．林伯格
359869,詹森系
360041,东方不败桑杰士闪电娇娃X不败王子直系
360045,涡轮
360054,强龙族近亲作出
360057,强龙族系配桑杰士系
36008,乔斯托内
360082,国家一号xVIPx林波尔
360083,桑杰士近亲作出
360112,林波尔:幻想家族
360140,
360464,（克拉克X詹森传奇05）X克拉克613
36047,
360530,克拉克詹森X马赛利斯詹森
360542,利奥大铭鸽“欧元号”直子
360620,国家一号X戈马力X林波尔
360644,国家一号xVIPx林波尔
360858,不败金童桑杰士
360880,飞鸽X罗森波斯
360884,桑杰士X瓦特
360958,金特X约翰.凡赫
360977,
360982,
360986,
360995,奶酪小子
361076,红狐
361077,红狐
361078,盖比凡得那比
361094,盖比
361096,迪斯.梅克兄弟X鲁迪.狄尔斯
361131,桑杰士
361152,里奥纳多”x“蜻蜓姑娘
361154,瓦特
361254,盖比.664
361257,”【鲁道.克拉森】【杨.范德帕斯】
361259,林波尔-凡龙-盖比.
361263,盖比.664-钻石王直女3334.
361266,电脑.戈马利.x.霍夫肯.x.瓦特
36127,
361270,林波尔.524直子-卡萨.
361274,爱亚卡普-凡龙银影.
361277,盖比.凡德纳比.
361278,詹森
361280,詹森
361315,新福雷迪.
361318,瓦特-霍夫肯-戈马力.
361320,瓦特.钻石王.霍夫肯X公牛524.
361377,奥尔良
361401,奥尔良X詹森
361535,国家一号配凡龙
361696,杨.欧瓦克
361729,罗伯特.皮恩伯格
361875,东方不败桑杰士
361982,飞戈
362066,甘纳斯多重近亲回血
362122,华东探花X丹尼斯之女
362131,
36215,克拉克詹森
362155,丹尼斯X丹尼斯半姐妹
362159,丹尼斯直子X花王
362168,“灰色波治”X“东方不败之女”
362171,贝克詹森系
362173,贝克詹森系
362272,小男孩X（辣灯X东方不败）之女
362274,丹尼斯直子X花王
362278,中油冠军X“丹尼斯”之女
362334,桑杰士
362436,威廉·迪布恩
362438,乔司托内:国家二号
362442,福雷迪．速霸龙
362450,胡本
362455,奶酪小子直孙
362459,盖比
362464,盖比“闪电”
362504,盖比闪电
362788,阿连栋克詹森系
362816,
362835,东方不败直子500公里9名之父
363004,利奥.贺尔曼斯原舍:第一种雄“奥林匹克003”直子，作育
363049,（令狐冲*东方不败）*史多西斯
363056,令狐冲*东方不败
363082,波西瓦
363083,波西瓦
363094,威姆.布雷曼原舍
363100,甘纳斯
363102,甘纳斯
363143,吉林克斯
363190,麦克斯
363204,“世界先生×利奥.赫尔曼斯”
363254,福雷迪．速霸龙
363281,
363283,
363287,
363292,盖比“闪电”
363298,
363305,
363310,
363312,
363316,
363318,
363325,
363327,
363336,马塞尔.沃特斯
363387,速霸龙
363442,盖比凡得那比
363443,胡本
363454,
363519,胡本大名鸽冠军【那多】
363686,恐怖X林波尔X詹森
363817,鲁道克拉森
363818,利奥003直系
363885,胡本X詹森
363900,河北鹏翔-旋风家族
363901,天赐旋风
363918,大卫克劳辛
363923,大卫克劳辛
363925,胡本
363957,河北鹏翔旋风家族
364039,河北鹏翔旋风家族
364053,河北鹏翔旋风家族
364054,河北鹏翔旋风家族
364056,河北鹏翔旋风家族
364060,河北鹏翔旋风家族
364063,河北鹏翔旋风家族
364065,帝卢·速霸龙
364067,帝卢·速霸龙
364077,胡本家族X旋风家族
36410,
364113,胡本家族X旋风家族
36415,
364160,河北鹏翔旋风家族
364164,河北鹏翔旋风家族
364166,杨阿腾X米卫*卡萨
364176,河北鹏翔旋风家族
364178,河北鹏翔旋风家族
364183,河北鹏翔旋风家族
364198,比利时万候家族
36420,
364204,万候家族X旋风家族
364207,万候家族X旋风家族
364209,万候家族X旋风家族
36421,
364211,万候家族X旋风家族
364242,胡本家族X旋风家族
364243,河北鹏翔旋风家族
364283,西北公式
364338,比利时胡本原舍
364347,比利时胡本原舍
364350,比利时胡本原舍
364356,比利时胡本原舍
364409,于伯特.胡本
36445,凡瑞特
364466,摩利斯.卡萨
364486,于伯特.胡本
364489,于伯特.胡本
364494,河北鹏翔-凯旋家族
364555,彼得米卫917
364556,三鸽王直子
36459,福洛英格斯
36461,詹森*万得维根*吐尼尔
364618,林波尔X甘纳斯
364694,比利时万候家族
364703,比利时万候家族
364708,比利时万候家族
364709,比利时万候家族
364711,比利时万候家族
364712,比利时万候家族
364714,比利时万候家族
364717,比利时万候家族
364740,比利时万候家族
364741,比利时万候家族
364793,爱亚卡普.凡龙
364837,
365042,摩利斯戈登
365045,摩利斯戈登
365046,摩利斯戈登
365057,伯格曼-克拉克
365058,伯格曼-克拉克
365061,伯格曼-克拉克
365062,凡龙X桑杰士
365063,凡龙X桑杰士
365078,万候家族X旋风家族
365079,胡本家族X凯旋家族
365080,胡本家族X凯旋家族
365086,林波尔
365153,路易斯.凡龙
365154,凡龙X桑杰士
365309,林波尔X威廉吉尔特X理奇詹森
365319,
365320,
365331,冯莱尔X甘纳斯金马顿斯
365367,林波尔
365456,
365501,公棚拍卖鸽
365539,灰安东尼近血直孙
365546,灰安东尼直孙
365547,灰安东尼直孙女
365555,灰安东尼直孙
365594,克拉克X盖比
365610,詹森系
365616,詹森系
365660,瓦特
365664,桑杰士杰士
365665,桑杰士
365666,利奥.贺尔曼斯
365669,瓦特
365678,万候家族X旋风家族
365680,罗森波斯
365681,嘎斯顿-凡德瓦尔
365682,桑杰士
365692,马克罗森斯X戈马利
365742,凡龙
36577,全能十冠王X金母
365789,50%吉林克斯
365827,林波尔原舍.子代特留种鸽
365873,灰鸽王直孙女
365913,威廉-迪布恩
365926,菲利普·吉尔特
365950,佛科克
365981,
365983,
366004,“新奥林匹克号”直子
366006,盖比“费舍尔”X“新鸽王回血直女”
366057,宝马.优德原舍
366059,佛卡门大名鸽
366063,佛布利《阿隆索》直子
366067,电脑-戈马利
366081,电脑-戈马利
366093,瓦特
36617,鲁道克拉森
366207,桑杰士
366208,桑杰士
366215,芮娜-飞戈
366228,【戈马力*霍夫肯】
366284,红色贝罗佛
36643,
366442,比利时胡本
366443,比利时胡本
36649,
366498,乔治.波里
36653,
366533,
366536,
36657,
366714,乔治.波里
366847,
366876,老桃花X林波尔X国家一号
366888,超级林波尔
36697,凡布里安娜2号系
36698,詹森019号多重回血麦克斯系
367057,盖比
367058,福洛·福沃特×凡代客
367060,
367087,河北鹏翔-王牌家族
367115,杰克.克林肯宝
367116,杰克.克林肯宝
367142,瑞克赫尔曼×佛科克
367162,佛科克
367221,鲁道克拉森
367223,瑞克赫尔曼×范登帕斯
367224,凡龙系种鸽
367229,范登帕斯×凡代客
367255,
367272,佛科克
367359,利奥贺尔曼斯
367364,胡本
367366,利奥.贺尔曼斯
367370,胡本
367371,胡本
367378,佛科克×詹森
367382,瑞克赫尔曼×范登帕斯
367383,佛科克×考夫曼
367412,佛科克×詹森
367478,佛科克
367488,文斯特拉×卡尔
367586,桑杰士X万候
367643,公棚拍卖成绩鸽
367665,英格斯X万候
367687,飞戈X万候
367706,公棚拍卖成绩鸽
367727,灰安东尼近血直孙
367831,芮娜原舍作出“Figo”飞戈家族
367832,芮娜原舍作出“Figo”飞戈家族(1)
367836,瑞克·赫尔曼
367837,瑞克赫尔曼×凡代客
367839,佛科克
367988,戈马利
367990,戈马利
368002,瓦特X鲁道夫•克拉森
368005,瓦特X鲁道夫•克拉森
368070,凡龙
368212,盖比闪电
368266,宝马优德—独行侠家族
368268,宝马优德—独行侠家族
368270,约翰吐尼尔
368275,盖比*考夫曼
368277,盖比*考夫曼
368294,盖比*考夫曼
368341,胡本回血
368342,胡本82号+克拉克
368368,
368381,闪电号
368385,吉林克斯桑杰士
368409,电脑.戈马力
368439,电脑.戈马力
368586,“迪•卡普里奥”
368658,
368659,
368660,
368661,
368664,
368665,
368672,考夫曼
368673,考夫曼×詹吉
368691,凡代客
368702,佛科克
368706,詹森
368708,范登帕斯×凡代客
368712,佛科克×考夫曼
368730,范登帕斯
368776,考夫曼×范登帕斯
368824,詹森
368825,詹森
368829,考夫曼×瑞克赫尔曼
368830,范登帕斯
368831,佛科克
368841,福洛福沃特×佛科克
369237,山坦士【老雄】直子×桑杰士【凡瑞特】
369546,奶酪小子直孙女
369548,吉林克斯X全国冠军“乔瑟菲”
369673,佛科克×考夫曼
369723,盖比*凡龙血统
369726,考夫曼名鸽布兰科×小迪克直女
369727,鲁道克拉森
369731,鲁道克拉森
369798,
369814,吐尼尔/沃斯.燕纳斯
369818,吐尼尔/詹森
369827,吐尼尔
370144,盖比闪电号
370147,瑞克．库尔斯
370313,桑杰士
370486,
370491,钢铁利摩日X普波号之女
370615,荷兰考夫曼万德米尔系
370616,荷兰万德米尔
37062,七星号妹妹直孙
370712,摩利斯.卡萨
370738,世界名鸽“小迪克”直子
370898,
370904,
370913,
370914,
370915,
370926,
370931,
370932,
370998,北荷凡王路易（恒德利分支）高代
37110,
371103,超级53家族鼻祖种鸽
371122,克拉克詹森
371177,
371331,荷比冠军874直女
371371,
371379,
371406,超级53家族近亲
371484,考夫曼
371485,考夫曼
371488,桑杰士
37150,
371518,世界铭鸽“詹森019系”
371521,
371541,河北鹏翔-旋风家族
371589,奶酪家族
371609,盖比
371610,“友谊号”554直子×盖斯彼得斯
371665,芬妮卡5000
371666,芬妮卡5000
371769,飞鹰
372089,比利时-万候家族
372099,飞戈X万候
372245,
372285,
372290,
372345,桑杰士
372348,杨.欧瓦克483直子X484直孙女
372353,
372366,
372371,桑杰士100％
372381,山坦士
372404,
372405,河北鹏翔-旋风家族
372408,詹森
372413,乔治.波里
372500,“苍白骑士”之“梦幻145”直女
372519,佛斯特拉
372522,
372524,佛斯特拉
372525,佛斯特拉
372536,
372569,“考夫曼”X（凡龙X帕斯）
372751,乔汉.狄贝塞
372755,
372778,詹森X万得维根
372779,詹森X万得维根
372815,万得维根
37291,菲利浦吉尔特
37300,戈马力
373163,摩利斯.卡萨
373210,
373211,
373214,
373247,第一武士桑杰士闪电系东方不败狼狗号
373264,凡龙
373268,凡龙
373275,蓝天旋风
37328,华普利/势山系（魔鬼系）
37329,詹森系019之孙
373319,戈马力
37335,布鲁克/詹森/魔鬼系
373354,国家一号
373361,乔斯托内“搏鸽”血统
373367,
373372,杨森斯—波恩
373373,杨森斯—波恩原舍
373534,奥林匹克003近血
373596,“狮王”
373706,河北鹏翔-旋风家族
373724,乔斯托内“搏鸽”血统
373725,乔斯托内“搏鸽”血统
373822,詹森
373828,“奥林匹克王后”直子
373960,考夫曼
374037,
374038,
374039,
374042,
37409,魔鬼系
374148,奥林匹克
374275,
374277,
374517,钻石公*金母
374595,葛斯顿
374601,葛斯顿
374609,胡本
374610,胡本年轻艺术家
374645,葛斯顿
374918,桑杰士
375027,桑杰士
375039,胡本年轻艺术家
375092,
375221,维姆托依拳王家族
375234,胡本年轻艺术家多重近血
375239,胡本年轻艺术家多重近血
375271,胡本*克拉克
375283,
375284,胡本近亲！
375288,
375475,盖比-凡德那比
37548,保罗西翁系等
375497,“征服者”外孙女
375964,班尼.史蒂文
376103,林伯格
376105,林伯格
376107,鲁迪.迪尔斯
376110,鲁迪.迪尔斯
376129,丹尼.凡戴克
376184,盖比.凡德那比
376223,
376226,
376356,盖比
376360,盖比
376529,
376542,盖比.凡德那比
376543,天一戈马利
376696,金雄直子
376698,佛罗里松
376702,佛罗里松
376704,佛罗里松
376706,佛罗里松/派特米为
376708,佛罗里松/小迪克
376709,佛罗里松/桑吉士
376710,佛罗里松/桑吉士
376712,佛罗里松/派特米为
376715,佛罗里松/小迪克
376716,佛罗里松/小迪克
376718,佛罗里松/小迪克
376719,佛罗里松/桑吉士
376722,佛罗里松/小迪克
376729,红狐狸
376794,胡本
37690,詹森红狐
37691,布鲁克×詹森019曾孙女
376910,
37694,詹森019系回血种鸽
377084,帝卢.速霸龙
377225,苍白骑士*考夫曼
377248,
377278,瓦特
37731,克拉克詹森系
377342,嘎斯顿-凡德瓦尔
377343,噶斯栋-凡德瓦尔
377356,西格穆勒小迪迪
377358,狼狗号
37740,詹森019
377401,桑杰士
377402,米卫詹森
377404,罗森波斯
377410,芬妮卡5000
377480,海尔曼.比佛丹姆
377539,詹森
377540,詹森
377700,范德佛拉斯詹森
377706,葛斯顿-凡德瓦尔
377730,奶酪小子
377754,西格穆勒小迪迪
37777,魯道.克拉森
37781,魯道.克拉森
37807,超级克拉克69曾孙女
378090,【威廉吉尔特】
378178,
378369,恩格斯377系配迪沃斯近亲
378370,捍将飞戈032配电脑375
378371,捍将飞戈948
378627,范登帕斯×考夫曼
378642,范登帕斯×考夫曼
378648,福洛福沃特×佛科克
378650,桑杰士
378664,强龙鸽系
378708,振鲁教父x振鲁金母外孙
378709,振鲁教父x振鲁金母外孙
378712,速霸龙
378762,
379031,
379041,
379218,速霸龙
379244,吉林克斯桑吉士
379265,村松辉南
379300,乔治.波里
379344,詹森×山坦士
379428,凡代克
379432,凡代克
379434,恩系377配范系124
379435,恩格斯377配(山普森x台詹森)女儿
379488,胡本
379501,
379503,（林伯格爱力克）
379504,（考夫曼C&G）
379511,LimbourgErik（林伯格爱力克）
379517,（林伯格爱力克）
379518,（林伯格爱力克）“鹰眼”
379519,（林伯格爱力克）
379527,“黑市拳王”家族
379675,“鲁迪”直子
379711,速霸龙X019
379730,
379731,胡本
379769,贝克詹森配范德佛拉斯
379860,“鱼雷幸运422”x“飞鹰女孩”
37989,日本魔鬼系
379929,佛科克父子
379935,速霸龙
379936,佛科克父子
38007,保罗西翁系、罗伯特西翁系、詹森VOS系
380096,斯托克.依万.
38023,
380259,佛科克父子
380270,佛科克父子
380282,佛科克父子
380284,佛科克父子
380295,出自“路伯配对直子”×“佩姬”
380315,罗森波斯桑杰士
380317,罗森.波斯桑杰士
380515,
380516,盖比x吉林克斯
380526,考夫曼X鲁道
380574,速霸龙
380650,速霸龙
380662,盖比
380665,乳酪小子
380668,赫博瑞
380671,利奥赫尔曼
380675,利奥赫尔曼
380677,林伯格
380679,林伯格
380680,罗森波斯
380682,欧洲钻石血系
380683,欧洲钻石血系
380693,詹森
380694,詹森
380709,克拉克X桑杰士
380711,考夫曼X克拉克
380712,考夫曼X鲁道
380714,考夫曼X克拉克
380722,克拉克X桑杰士
380724,克拉克X桑杰士
380725,克拉克X桑杰士
380754,林波尔X苍白骑士
380756,卡尔
380776,德国瓦季卡*亨瑞格肯
380810,克里斯·赫伯瑞
380821,桑杰士
380854,杨.胡曼斯
380906,
380907,
380970,马克.罗森斯
380978,马克.罗森斯
381008,吉林.克斯
381031,佛科克父子
381149,电脑.戈马力
381171,桑杰士
381176,桑杰士
381191,戈马力
381197,电脑-戈马力
381202,鲁迪-直女
381211,鲁迪-直女
381222,鲁迪-直子
381230,詹森
381233,康比.佛布利
381252,
381253,
381254,
381255,
381257,
381258,
381259,
381260,
381262,
381263,
381266,
381267,
381268,
381270,
381271,
381272,
381273,
381274,
381275,
381277,
381278,
381280,
381281,
381282,
381286,
381289,
381291,
381315,克拉克*凡龙
381332,
381399,林波尔X甘纳斯X国家一号
38148,全能十冠王×铁骑金母
381578,公牛
381697,速霸龙
381744,芬妮卡5000
381802,福雷迪.范西
381814,
381816,
38188,苍白骑士
381889,悍将×海蒂
381892,悍将直孙
381955,速霸龙VS芬妮卡VS国家2号
381966,芬妮卡5000
381969,芬妮卡5000
381980,佛尔-布文兄弟
381983,佛尔-布文兄弟
381984,佛尔-布文兄弟
381985,佛尔-布文兄弟
381986,佛尔-布文兄弟
381988,佛尔-布文兄弟
381993,佛尔-布文兄弟
381994,福洛.佛沃特
381996,福洛.佛沃特
381998,福洛-佛沃特
382000,迪克-佛沃特
382001,福洛.佛沃特
382005,葛斯顿.凡德瓦尔
382006,葛斯顿.凡德瓦尔
382045,悍将飞戈
382136,周裕军
382179,考夫曼X鲁道
382264,
382304,飞戈配乌诺
382319,
382320,
382323,
383003,凡登.帕斯
383059,
383117,胡本
383202,马克.罗森斯
383535,天一电脑超级回血种鸽
383536,天一电脑超级种雄
383537,
383538,天一电脑超级回血种雄
383615,霸主/林波尔
383617,中国天一电脑×金母回血
383621,中国天一鸽王号×天一欢喜号
383624,詹森
383625,凶器号
383682,鲁道.克拉森
383683,利奥.贺尔曼x鲁道.克拉森
383726,佛巴斯46X05
383731,凡龙超级73/林波尔
383763,天一系（天一电脑回血）
383828,胡本
384148,盖比
384339,胡本X桑杰士
384376,葛斯顿奶酪直孙
384452,芬妮卡5000*国家二号*白雪公主全姐妹
384456,芬妮卡5000*国家二号*白雪公主全姐妹
384458,芬妮卡5000*国家二号*白雪公主全姐妹
384460,芬妮卡5000*国家二号*白雪公主全姐妹
384461,芬妮卡5000阿斯克回血直孙
384462,芬妮卡5000阿斯克回血直孙女
384464,芬妮卡5000
384465,芬妮卡5000*爱亚卡普詹森
384468,川湘鲁速霸龙系
384472,川湘鲁速霸龙系
384473,川湘鲁速霸龙系
384475,川湘鲁速霸龙系
384479,
384481,川湘鲁速霸龙系
384485,
384496,德拉帕冠军直子*芬妮卡500
384498,
384538,钻石公
384590,
384597,川湘鲁速霸龙系
384802,速霸龙配考夫曼
384808,
384867,葛斯顿奶酪小子
384883,葛斯顿奶酪小子
384884,葛斯顿奶酪小子
384921,
385004,雨点詹森
385125,詹森
385151,
385269,詹森红狐
38534,
385595,凡代克所向无敌
385623,
385655,葛斯顿.范德瓦尔“奶酪小子”直孙女
385726,七冠王哥55名X小迪克外孙女
385822,佛巴斯46X05
385846,
385848,福瑞迪直孙女
385849,
385852,
385889,奶酪小子
385891,葛斯顿.范德瓦尔“奶酪小子”家族
385925,
385933,
386035,戈马力
386049,戈马力
386058,戈马力
386059,
386188,戈马力
386193,戈马力
386306,盖比
386307,盖比
386308,盖比
386310,盖比
386325,银梭系
386329,
386335,
386440,
386532,佛巴斯46X05
386563,桑杰士
386583,瓦特
386586,瓦特
386595,瓦特
386621,
386723,安德烈德拉怕
386782,
386936,
386945,麦克斯
386976,麦克斯
387039,金矿宝典X白眼辣妹
387076,戈马力
387101,盖比
387105,
387131,本舍基础种鸽
387136,
387137,雷腾兄弟*波诺特.安东尼
387203,
387217,
387224,
387302,
387334,
387339,
387416,克里斯赫伯瑞
387417,克里斯赫伯瑞
387428,帝卢.速霸龙
387461,凡代克所向无敌
387462,凡代克所向无敌
387701,葛斯顿奶酪小子
387702,葛斯顿奶酪小子
388040,桑杰士
388055,麦克斯
388056,麦克斯
388062,苍白骑士*凡龙
388133,凡代克所向无敌
388139,凡代克所向无敌
38814,詹森红狐狸
388147,
38824,葛斯顿-范德瓦尔-奶酪小子
38827,白羽号
388313,蓝色奥尔良
388316,詹森
38832,詹森*凡龙
388401,
388408,
388409,
388422,
388423,
388424,
388428,沃斯.燕那斯
388439,
388445,
388450,福登霍芬
388507,
388574,国家1号
388576,国家1号
388577,国家1号
388578,国家1号
388579,詹森x国家1号
388581,国家1号
388713,芬妮卡5000
388780,戈马力
388783,戈马力
38880,盖比凡得那比
388818,戈马力
388838,戈马力
388840,戈马力
388842,戈马力
388844,戈马力
388851,戈马力
388858,天宝近亲回血
388859,戈马力
388864,
388876,戈马力
388878,戈马力
388883,葛斯顿奶酪小子
388884,葛斯顿奶酪小子
388904,超超73
388917,盖比
388938,
388944,
388972,戈马力
388989,
388994,戈马力
389000,
389025,超级73/凡龙
38905,
389067,胡本X电脑
389130,
389137,
389140,
389223,
389224,
389311,
389315,
389322,
389357,世界至尊
389445,胡本宇宙号直子
389451,荷兰凡王路易-安东范哈伦分支
389455,荷兰凡王路易-安东范哈伦分支
389456,“鲁迪”直女
389457,凡王路易-安东范哈伦
389524,
389525,飞戈
389806,
389811,
389814,
389856,甘纳斯X詹森019
389862,
389865,
389881,
389882,
389884,
3899,
389981,
389982,
389983,
389997,
390074,史多西斯
390116,
390141,史多西斯
390154,
390156,
390224,
390248,
390252,
390302,【布兰可孙X所向无敌之女】
390328,电脑年轻巴龙之孙
390336,年轻巴龙*小龙女
390338,
390339,
390342,
390343,
390371,林波尔奇迹32*威廉吉尔特鸽王系
390389,噶斯顿-奶酪
390413,
390419,
390420,
390457,
390459,
390461,
390463,
390534,王子鸽王号X罗茜”直女
390578,苍白骑士
390584,苍白骑士
390590,马克.罗森斯
390636,
390738,詹森
390779,电脑戈马力
390927,胡本
39094,100%格拉斯
390981,
390982,
391018,阳光家园胡本、百万金母直孙
39104,纯詹森019之孙
391085,葛斯顿奶酪小子
391107,飞戈
391115,
391126,
391265,葛斯顿奶酪小子
39145,威廉、迪布恩
391456,葛斯顿奶酪小子
391458,葛斯顿奶酪小子
39148,威廉、迪布恩
391509,苍白滚桶配苍白女王
39153,威廉、迪布恩
391545,
391546,出自“乳酪小子回血孙”x“若日号”回血雌“莱拉”
391568,
391570,戈马力
391622,戈马力×郭氏天马355“美安娜”
391657,郭氏天马083×郭氏天马488
391667,
391671,郭氏天马714×曼德斯詹森子代
391683,飞戈
39177,100%格拉斯
39179,鲁道克拉森超级闪电
391955,飞戈
391968,
392010,
39218,威廉、迪布恩
392282,
392295,佛斯特拉
392299,佛斯特拉已售
392429,盖比·凡得纳比
392518,奶酪
392519,克拉克
392542,摩利斯.卡萨
392543,摩利斯.卡萨
392544,摩利斯.卡萨
392545,摩利斯.卡萨
392546,摩利斯.卡萨
392547,摩利斯.卡萨
392551,摩利斯.卡萨
392553,摩利斯.卡萨
392554,摩利斯.卡萨
39256,詹森*克拉克詹森
39257,詹森冬日男孩*詹森白羽号
392576,乔斯托内
392630,
392651,
392706,詹森
392726,布鲁曼·萨布丽娜
392730,
392742,利奥.赫尔曼
392744,里奥.赫尔曼
392745,里奥.赫尔曼
392757,卡米尔.海沙特
392760,里奥.赫尔曼
392763,里奥.赫尔曼
392805,戴扶连特
392895,
392926,
392928,贝克詹森
392936,林波尔
392941,纯种“扬阿腾”
392942,纯种“扬阿腾”
392951,贝克詹森
392991,
393154,东方不败
393173,奶酪小子*詹森019
393183,桑杰士
393309,“晚生汤姆”近亲
393316,“晚生汤姆
393322,桑杰士鸽系鼻祖“晚生汤姆”近亲
393324,“晚生汤姆”近亲
393454,盖比
393474,卢帝.速霸龙
393475,卢帝.速霸龙
393482,桑杰士“晚生汤姆”近亲
393484,吉拉德.考夫曼
393486,吉拉德.考夫曼
393487,吉拉德.考夫曼
393558,郭氏天马078×郭氏天马598
39357,群鹰红狐
393570,林波尔奇迹32曾孙
393637,葛斯顿“乳酪小子”
393723,詹森血统成绩鸽
393731,电脑戈马利
393738,盖比
393898,电脑戈马利
393899,电脑戈马利
393900,电脑戈马利
393901,电脑戈马利
393905,电脑戈马利
393909,电脑戈马利
393910,电脑戈马利
393912,电脑戈马利
393914,电脑戈马利
393922,电脑戈马利
393923,电脑戈马利
393924,电脑戈马利
393927,电脑戈马利
393928,电脑戈马利
393929,电脑戈马利
393931,电脑戈马利
393932,电脑戈马利
393933,电脑戈马利
393934,电脑戈马利
393936,电脑戈马利
393940,电脑戈马利
393942,电脑戈马利
393985,乔斯托内白雪公主号*罗尼桑杰士武器号
394032,
394040,
394041,
394042,
394128,菲利朋斯.派翠克
394129,菲利朋斯.派翠克
394166,
394167,蓝盔种公×蓝盔种母
394174,蓝盔228×蓝盔种母
394211,菲利朋斯.派翠克
394215,菲利朋斯.派翠克
394216,菲利朋斯.派翠克
394217,菲利朋斯.派翠克
394218,菲利朋斯.派翠克
394221,菲利朋斯.派翠克
394223,
394224,菲利朋斯.派翠克
394226,菲利朋斯.派翠克
394232,菲利朋斯.派翠克
394235,菲利朋斯.派翠克
394240,菲利朋斯.派翠克
394243,
394245,菲利朋斯.派翠克
394250,菲利朋斯.派翠克
394251,菲利朋斯.派翠克
394263,戈马力199；020回血种鸽
394391,詹森系
394392,詹森系
394393,詹森系
394394,詹森系
394395,詹森系
394396,詹森系
394397,詹森系
394398,詹森系
394399,詹森系
394400,詹森系
394438,
394672,贺伯特
394675,胡本家族
394788,胡本家族
394789,胡本家族
394790,胡本家族
394791,胡本家族
394825,胡本家族
394826,胡本家族
39483,詹森麦克斯019系
394830,胡本家族
394940,迪卡普里奥直孙
394942,胡本
394978,吉林克斯
395093,盖比.凡得那比
395094,桑杰士“晚生汤姆”近亲
395095,桑杰士“晚生汤姆”近亲
395098,桑杰士“晚生汤姆”近亲
395099,桑杰士“晚生汤姆”近亲
395100,桑杰士“晚生汤姆”近亲
395101,
395111,波西瓦X国家2号
395116,詹森断胸骨
395117,詹森断胸骨
395119,詹森断胸骨
39518,CHN03-12-055977
395209,桑杰士“晚生汤姆”近亲
39521,群鹰红狐系
395213,里奥.贺尔曼
395214,里奥.贺尔曼
395227,里奥.贺尔曼
395229,里奥.赫尔曼
395233,桑杰士“晚生汤姆”近亲
395236,桑杰士“晚生汤姆”近亲
395240,桑杰士“晚生汤姆”近亲
395243,桑杰士“晚生汤姆”近亲
395245,桑杰士“晚生汤姆”近亲
395246,桑杰士“晚生汤姆”近亲
395248,桑杰士“晚生汤姆”近亲
395249,桑杰士“晚生汤姆”近亲
395252,
395253,桑杰士“晚生汤姆”近亲
395254,桑杰士“晚生汤姆”近亲
39529,CHN05-12-004142
395312,胡本原舍
395324,林波尔奇迹32
395326,林波尔奇迹32
395347,桑杰士“晚生汤姆”近亲
395349,桑杰士“晚生汤姆”近亲
395360,艾迪夏拉肯
39537,CHN05-12-048558
395400,胡本家族
395401,胡本家族
395402,胡本家族
395415,电脑年轻巴龙女*林波尔奇迹32
395421,林波尔奇迹32*电脑年轻巴龙
395443,威廉吉尔特*林波尔奇迹32*杨灰不利次
395494,美国凡龙*乔斯托内
395496,美国凡龙*乔思托内
395498,电脑年轻巴龙*美国凡龙
39551,白羽号
395555,英格斯
395558,英格斯
395581,
395598,勇士号×灵巧号
395601,
395604,
395605,
395618,鲁迪直子.直女
395623,甘纳斯世界鸽王冠军
395629,福雷迪.范西-速霸龙
395630,福雷迪.范西-速霸龙
395631,福雷迪.范西-速霸龙
395632,英格斯
395633,英格斯
395634,英格斯
395635,电脑戈马利
395636,电脑戈马利
395637,电脑戈马利
395638,电脑戈马利
395639,电脑戈马利
395640,电脑戈马利
395641,盖比
395642,盖比
395643,乔斯乔森
395761,盖比.凡得那比
395762,盖比.凡得那比
395763,盖比.凡得那比
395764,胡本家族
395765,胡本家族
395767,盖比.凡得那比
395768,盖比
395770,电脑戈马利
395772,电脑戈马利
395775,德拉帕
395781,乔斯乔森
395785,里奥.贺尔曼
395786,里奥赫尔曼
395788,里奥.贺尔曼
395789,里奥.贺尔曼
395790,詹森系
395791,詹森系
395793,盖比
395794,盖比
395795,盖比
395796,英格斯
395797,英格斯
395798,英格斯
395799,英格斯
395801,福雷迪.范西-速霸龙
395803,秦始皇
395804,秦始皇
395805,福雷迪.范西-速霸龙
395806,福雷迪.范西-速霸龙
395808,里奥.贺尔曼
395809,福雷迪.范西-速霸龙
395810,福雷迪.范西-速霸龙
395811,里奥.贺尔曼
395812,福雷迪.范西-速霸龙
395813,福雷迪.范西-速霸龙
395814,福雷迪.范西-速霸龙
395815,福雷迪.范西-速霸龙
395816,福雷迪.范西-速霸龙
395827,
395828,
395830,
395851,福雷迪.范西-速霸龙
395852,福雷迪.范西-速霸龙
395853,福雷迪.范西-速霸龙
395854,福雷迪.范西-速霸龙
395855,福雷迪.范西-速霸龙
395857,福雷迪.范西-速霸龙
395859,福雷迪.范西-速霸龙
395861,福雷迪.范西-速霸龙
395868,福雷迪.范西-速霸龙
395871,
395880,盖比
395882,盖比
395883,盖比
395885,盖比
395887,盖比
395890,盖比
395891,盖比
395913,詹森红狐多重回血
395914,詹森黑珍珠*詹森红狐狸
395916,詹森断胸骨同父异母、母配子多重回血
395921,詹森老白眼*德国RV联合会冠军
395977,幸运85*年轻巴龙
395978,幸运85*年轻巴龙
395983,桑杰士*电脑
39600,CCHN08-12-079282
396037,盖比闪电
396043,克里斯.赫伯瑞
396166,
396167,
396270,“鲁迪”直女
396273,盖比“鲁迪”直女
396293,佛巴斯46X05
396485,
396487,
396495,
396497,
396498,
396536,
396804,奥林匹克003直子X奥利匹克003直女
396893,考夫曼
397174,
397180,
397181,
397195,
397205,
397206,
397217,
397237,
397247,
397252,
397253,
397256,
397276,
397299,
397354,
397356,
397358,
397359,
397368,
397419,奥林匹克003直子X奥林匹克003直女
397426,
397452,詹森兄弟
397629,
39768,苍白骑士近亲回血
39774,鲁道.克拉森
397743,凡龙
397744,
39782,詹森019号外孙女
397833,詹森X凡龙
397849,詹森81红狐狸红狐731
397873,
397878,
397891,盖比
397895,盖比
397923,
397931,
397932,
397935,
397936,
397941,悍将近亲孙女
397949,吉林克斯
397954,
397966,
397969,
398000,
398002,盖比
398024,
398026,
398027,
398058,
398094,
398097,
398100,
398121,英格斯178原舍
398144,
398145,
398160,
398185,
398186,
398188,
398190,
398211,
398218,
398318,
398343,
398350,奶酪小子
398360,
398361,凡龙
398362,詹森X凡龙
398371,爱亚卡普詹森
398372,詹森X凡龙
398376,
398398,
398401,
398408,
398414,
398419,
398424,波西瓦
398527,
398531,
398546,
398568,
398600,
398602,
398603,
398604,
398608,
398609,
398624,
398637,
398639,
39865,詹森麦克斯多重回血
398662,“鲁迪”直子
398667,“鲁迪”直女
398668,
398669,“鲁迪”直子
398676,纯种詹吉
398677,詹吉原舍
398679,纯种詹吉
39868,威廉、迪布恩
398681,纯种詹吉系
398776,盖比.凡德纳比
398777,盖比.凡德纳比
398782,盖比
398783,盖比
398788,盖比
399074,
399132,闪电娇娃
399228,乔斯佛卡门
399245,
399247,盖比
399249,盖比
399250,盖比
399251,盖比
399252,盖比
399255,盖比
399256,盖比
399261,盖比
399265,盖比
399266,盖比
399269,盖比
399270,盖比
399271,盖比
399275,盖比
399278,盖比
399290,盖比
399297,盖比
399300,盖比
399313,克里斯.赫伯瑞
399316,克里斯.赫伯瑞
399330,克里斯.赫伯瑞
399459,
399523,
399524,
399591,杨欧瓦克
399615,胡本
399641,胡本
399654,乔斯托内
399656,胡本
399662,凡龙银影
399663,胡本
399691,盖比
399692,盖比
399693,盖比
399695,盖比
399705,
399708,盖比·凡得那比
399714,
399776,胡本海尔比
399779,
399780,克拉克613
399781,克拉克613
399782,克拉克613
399783,克拉克613
399784,
399785,克拉克613
399786,胡本海尔比
399788,克拉克613
399789,克拉克613
399791,盖比邦德007
399792,年轻克拉克613
399793,年轻克拉克613
399794,克拉克613
399795,詹森
399796,胡本海尔比
399797,胡本海尔比
399798,
399801,
399802,克拉克613
399803,盖比邦德007
399834,盖比.凡得那比
399843,盖比.凡得那比
399935,天一系（天一密码X天一金母）
399936,（天一系）天一电脑回血
399960,胡本海尔比
399961,胡本海尔比
399962,利奥
399963,利奥
399964,胡本海尔比
399965,利奥
400156,
400166,盖比·凡得那比
400170,盖比·凡得那比
400264,
400287,凡龙
400365,KBDB全国速度鸽王冠军X德国全国幼鸽鸽王亚军
400399,
400403,
400418,“幸运路克”
400427,“幸运路克”
400431,盖比
400433,摩利斯.卡萨
400500,钢铁利摩日
400697,
400766,北京千公里亚军之金母
400826,草原苍鹰X公棚10名
400885,东方不败直孙
400927,
400939,
400948,
400968,
401012,（桑杰士X詹森传奇05）X英格斯
401083,【詹森麦克斯】
401084,超级73/盖世
401108,
401110,
401111,
401112,超级73/凡龙
401114,【凡龙*盖诺斯*凡龙
401196,吉林克斯
401197,吉林克斯
401278,
401304,
40131,考夫曼
401317,桑杰士
401326,
401329,
401350,
401475,里奥赫尔曼欧元直子
401515,
401517,
40164,詹森黑珍珠*白羽号
401643,詹森X桑杰士
401645,凡代克所向无敌
401653,马克.罗森斯
401687,
401733,
401756,“小迪克直孙”X“自由斗士直女”
401967,
402009,利奥·贺尔曼斯
402011,利奥·贺尔曼斯
402014,
402043,罗尼—凡瑞特武器号家族
402060,利奥·贺尔曼斯
402079,利奥·贺尔曼斯
402081,利奥·贺尔曼斯
402095,利奥·贺尔曼斯
402115,利奥·贺尔曼斯
402116,利奥·贺尔曼斯
402125,利奥·贺尔曼斯
402373,鸽友通:
402402,戈马利-盖比-阳光实战系
402403,戈马利-盖比
402406,慕利门
402410,詹森
402411,詹森
402413,桑杰士
402701,
40276,克拉克斗士613
40277,詹森黑珍珠同父异母兄妹回血
402846,盖比
402860,
40294,米卫*艾迪.卢太兹
402946,胡本
402993,“天睿”直孙女
402994,超级73/盖比
402996,“天睿”直孙
403011,100%乔斯托内拿破仑
403023,绿野戈马力配圆环
403025,绿野戈马力
403031,芬妮卡5000
403036,芬妮卡5000
403121,波西瓦X林伯格
403198,芬妮卡5000
403200,芬妮卡5000
403213,芬妮卡5000
403224,芬妮卡5000
403225,芬妮卡5000
403232,速霸龙
403240,第一武士桑杰士闪电系东方不败狼狗号
403485,
403486,公牛
403648,苍白骑士
403914,杨欧瓦克
403933,郝伯特369x马克罗森斯369
404208,福禄.恩格斯
404209,福禄.恩格斯
404217,福禄.恩格斯
404312,福禄.恩格斯
404314,福禄.恩格斯
404318,福禄.恩格斯
404320,福禄.恩格斯
404321,福禄.恩格斯
404413,钢针家族
404496,东方不败
404658,佛罗·里松×范登帕斯
404694,
404774,【爱克】直子×【爱克】直女近亲作育
404779,胡本·年轻艺术家
404791,利奥
404844,詹森、麦克斯
404905,
404992,阿尔伯特.马赛利斯詹森X英格斯
405406,杨欧瓦克×盖比
405422,红狐x桑杰士
405423,红狐x桑杰士
405424,盖比
405425,盖比
405427,盖比
405430,盖比
405431,盖比
405435,盖比
405437,盖比
405442,盖比
405452,盖比
405453,盖比
405457,盖比
405458,盖比
405459,盖比
405460,盖比
405461,盖比
405462,盖比
405463,盖比
405465,红狐731
405467,红狐731
405468,红狐731
405472,红狐731
405473,詹森
405474,詹森
405480,詹森
405482,詹森
405485,詹森
405490,詹森
405499,詹森
405506,詹森
405507,詹森
405512,詹森
405515,詹森
405519,詹森
405520,飞戈
405566,凡爾亚罕X无敌红狐X凡龙
405573,飞戈
405574,飞戈
405579,飞戈
405581,飞戈
405585,夏拉肯
405587,夏拉肯
405589,夏拉肯
405591,
405594,夏拉肯
405595,戈马利
405596,戈马利
405598,戈马利
405599,戈马利
405600,戈马利
405601,戈马利
405602,戈马利
405603,戈马利
405638,
405639,
405679,罗森波斯
405680,罗森波斯
405682,罗森波斯
405688,罗森波斯
405693,万德唯根
405694,万德唯根
405696,万德唯根
405697,
405698,罗尼凡瑞特
405699,桑杰士
405700,桑杰士
405701,罗尼凡瑞特
405702,罗尼凡瑞特
405703,罗尼凡瑞特
405704,桑杰士
405705,桑杰士
405708,罗尼凡瑞特
405709,罗尼凡瑞特
405711,罗尼凡瑞特
405718,帝卢速霸龙
405720,凡龙银影
405724,凡龙银影
405725,凡龙银影
405726,凡龙银影
405727,凡龙银影
405729,凡龙银影
405730,凡龙银影
405731,万德唯根
405733,万德唯根
405735,万德唯根
405738,万德唯根
405743,帝卢速霸龙
405745,盖比
405748,盖比
405749,盖比
405751,盖比
405752,盖比
405754,盖比
405755,夏拉肯
405758,夏拉肯
405761,德唯根
405762,盖比
405766,万德唯根
405770,飞戈
405773,盖比
405779,至尊507*501近亲
405813,电脑·戈马力
405835,汉斯詹森X（万德维根X杨阿腾）
405923,詹森传奇05X桑杰士
405934,盖比·“尼诺-凯撒直子”X“白腹号”孙女
405959,
405961,
405986,詹森。红狐
405987,桑杰士！！！！已售！已售
406205,慕利门
406229,盖比
406230,盖比
406231,爱亚卡普詹森*桑杰士
406246,丹尼斯
406278,成吉思汉X欧洲皇冠
406279,威力小火箭
406287,威力小火箭
406290,阳光胡本
406296,胡本X欧洲皇冠
406377,芬妮卡5000
406406,芬妮卡5000
406410,芬妮卡5000
40646,鲁道.克拉森原舍
406481,芬妮卡5000
406521,芬妮卡5000
406522,芬妮卡5000
406531,芬妮卡5000
406532,芬妮卡5000
406544,芬妮卡5000
406556,芬妮卡5000
406558,芬妮卡5000
406581,芬妮卡5000
406637,芬妮卡5000
406689,芬妮卡5000
406691,芬妮卡5000
406694,芬妮卡5000
406699,
406701,钻石配对
406771,
406786,芬妮卡5000
406818,胡本年轻艺术家多重近血
406837,摩利斯．卡萨
406840,摩利斯．卡萨
406841,摩利斯．卡萨
406842,摩利斯．卡萨
406843,摩利斯．卡萨
406846,摩利斯．卡萨
406847,摩利斯．卡萨
406967,
407014,中国超远X（穆利门X詹森）
407044,
407050,
407077,
407079,
407101,
407121,
407140,
407141,
407145,詹森X（穆利门X修斯肯）
407181,詹森X（穆利门X修斯肯）
407198,摩利斯．卡萨
407200,摩利斯．卡萨
407207,摩利斯．卡萨
407293,七星号同父妹直子
407294,
407297,
407300,
407326,爱瓦多
407327,
407334,霍夫肯*乔斯佛卡门
407347,
407382,
407383,
407387,
407390,
407391,
407480,胡本
407487,
40751,詹森019系+范德菲拉斯詹森系
407514,5000
407540,芬妮卡5000
407565,乔治，希尔*曼德斯
407569,501直女
407573,乔治，希尔
407641,501近亲种鸽
407648,
407672,小卡萨
407988,飞翔至尊外孙*飞翔520直女
408015,摩利斯.卡萨
408016,摩利斯.卡萨
408017,摩利斯.卡萨
408116,5000
408123,
408347,
408390,万七仔钻石王老五
408411,利奥.贺尔曼斯（LeoHeremans）原舍
408428,马赛利斯詹森X乔斯.托内
408488,鹏程火箭
408514,鹏程火箭
408516,鹏程火箭
408519,冬日男孩
408520,慕利门
408522,鹏程火箭
408524,
408525,
408527,鹏程火箭
408528,
408530,皇帝335之女
408536,皇帝335直孙
408538,鹏程火箭
408617,爱亚卡普詹森
408886,
408904,
408971,万候胆小鬼二号万侯
408999,华尔，詹吉
409092,爱亚卡普詹森
409145,爱亚卡普詹森
409146,
409332,芮娜“刺马”直女
409383,霍夫肯*黄金女郎
409415,幕利门
409445,葛斯顿.范德瓦尔原舍
409483,爱亚卡普詹森x电脑瓦特
409638,群鹰闪电系
409707,芬妮卡5000
409767,天一系（天一金母X天一电脑）魅力绽放-实战精品
409768,天一系（天一速霸龙X天一金母）魅力绽放-实战精品
409769,天一系（天一密码X天一电脑）魅力绽放-实战精品
409770,天一系（天一速霸龙X天一密码）魅力绽放-实战精品
409887,
409889,
409891,
409892,
409894,
409897,
409906,詹森年轻麦克斯X传奇05
410002,DijkstraArie（亚利帝克特拉）
410004,DijkstraArie（亚利帝克特拉）
410024,佛科克父子×盖比
410051,海霸王
410131,100%克拉克
410211,克拉克詹森
41034,考夫曼
410523,阿尔伯特.马赛利斯詹森
410759,天下无敌直子
410951,英格斯
411195,德拉帕
411238,
411241,
411242,贺伯特父子
411248,
411253,艾米尔-丹尼斯
411255,
411260,菲利普-吉尔特
411274,桑杰士
411276,桑杰士
411308,沃斯.燕纳斯
411325,
411334,
411338,
411362,
411365,
411370,
411379,
411380,
411394,
411395,
411396,
411401,
411402,
411452,
411479,
411502,芬妮卡5000
411506,戈马力
411694,（詹森X胡本)X詹森系
41174,宝马优德
411944,史多西斯
41195,盖比
41204,赖铭沧
41209,詹森X考夫曼
41215,克里斯.赫伯瑞
412159,戈马力020X199
41217,宝马.优德
412329,佛尔布文
412352,国家一号
41265,不败金童
41273,盖比.凡的那比
412804,多利49X雅各布波特利
412812,
412826,多利49X雅各布波特利
41288,
412883,
412886,詹森
412953,海尔曼铅笔灰
41304,威力万富X凡德维肯
413092,
413103,
413108,
413113,
413126,
413127,
413133,
413193,凡代克系种鸽
41326,芬尼卡5000
413297,盖比×杨欧瓦克
413311,詹森
413313,詹森
41340,詹森019系+布鲁克系+阿比05系
413584,考夫曼，迪库克
413740,彼得米卫
413760,
413765,
413781,
413783,芮娜
413841,盖比.凡德纳比
413883,“宇宙之钻(波品纳国际14900羽冠军)近亲”
41395,七星号
413953,凡龙X克拉克
414113,小好手
414124,“欧元”近亲外孙女
414205,詹森
414208,詹森
414369,佛巴斯46×05
414371,佛巴斯46×05
414380,佛巴斯46×黑色桑杰士
414385,阿尔伯特.马赛利斯詹森X英格斯
414520,詹森
414527,詹森
414533,
414536,
414890,林波尔
414896,
414959,
414960,
415046,佛布利父子（Comb.Verbree）
415049,佛布利父子（Comb.Verbree）
415057,佛布利父子（Comb.Verbree）
415072,速霸龙招牌种雄“利蒙治号”外孙女！
415125,胡本年轻艺术家直子x盖比闪电号直女
415161,速霸龙
415165,速霸龙
415226,
415241,盖比【闪电侠】孙代
415356,
415357,
415363,
415364,
415386,速霸龙“梦幻配对肯尼号KBDB+芭杜号KBDB鸽王
415387,嘻嘻嘻
415390,速霸龙
415391,速霸龙
415524,摩利斯．卡萨
415529,摩利斯．卡萨
415530,摩利斯．卡萨
415598,摩利斯.卡萨
415638,极速飞戈家族*德国鸽王家族
415641,极速飞戈家族*德国鸽王家族
415685,电脑戈马力*林波尔
41630,万侯
416369,公牛/超级73凡龙
416390,
416393,
416394,
416495,红狐狸x荷比对抗x年轻麦克斯
416500,红狐狸x断胸骨
416555,范德瓦尔格斯顿
416557,【胡本】
416851,佛巴斯46×05
416854,佛巴斯46×05
416856,佛巴斯46×05
416897,乔斯托内X詹森
416913,乔斯托内X今井
417158,
417168,胡本完美号孙罗宾直孙【已售】
417169,塔萨尔直子
417170,艾尔.多拉多直孙史泰龙直子
417211,七星号重孙女
417255,盖比
417382,桑杰士X马赛利斯詹森
417386,皇家超人号
417438,佛克科西贡小姐回血
417448,佛科克西贡小姐回血
417451,佛科克不可能任务直女
417454,佛科克西贡小姐直孙
417458,佛科克奥林匹克索诺直孙
417505,德拉帕
417508,德拉帕
417527,德拉帕
417557,胡本
417576,金钻电脑
417598,电脑戈马利
417625,50万号X曼德斯
417638,曼德斯回血
417646,完美220X2008-04-158044
417732,
417743,葛斯顿至尊皇后号孙/罗纳尔
417781,派翠克
417819,CHN2015-01-0562168
417877,
417933,胡本
417972,
417997,米歇尔贝克
418017,米歇尔贝克
418058,克拉克詹森，佛巴斯46近亲
418129,电脑戈马利
418134,戈马利，本德尔
418245,
418264,飞戈王子直子
418269,芮那飞戈X乔斯佛卡门
418278,詹森年轻斑
418285,克利斯.赫博瑞
418287,克利斯.赫博瑞
418338,
418379,超级号×超级盖眼×千里红×科尔
418464,詹森019*欧洲之星无环号
418466,德国汉斯布略斯特原舍
418467,德国汉斯布略斯特原舍
418601,马歇尔·阿布瑞切
418605,马歇尔·阿布瑞切
418606,马歇尔·阿布瑞切
418629,
418770,
418796,克里斯.赫伯瑞
418944,詹森兄弟
419041,
419093,爱亚卡普詹森*戈马利
419123,
41917,克拉克/詹森019系
41918,
419195,爱亚卡普詹森
419206,爱亚卡普詹森近亲回血
419266,爱亚卡普詹森
419403,悍将直子
419404,悍将直孙女
419405,悍将直子
419412,虎后家族
419570,
419604,盖比
419607,
419621,指挥官*戈马力
419629,瓦特灰鸽王
419659,指挥官
419661,海尔曼.席令
419670,海尔曼.席令
419671,海尔曼.席令*威廉迪布恩
419688,凡登帕斯*指挥官
419691,桑杰士
419693,海尔曼.席令
419698,海尔曼.席令*指挥官
419709,指挥官*戈马力
419714,海尔曼.席令
419716,海尔曼.席令*指挥官
419718,指挥官
419722,指挥官*桑杰士
419724,史秒特*海尔曼席令
419742,戈马力
419751,指挥官
419753,海尔曼.席令*詹森
419754,戈马力
419758,戈马力*贝罗佛
419766,指挥官*戈马力
419767,海尔曼.席令*指挥官
419769,瓦特灰鸽王*詹森019
419776,爱亚卡普詹森*指挥官*海尔曼席令
419787,
419796,指挥官
419808,史妙特*指挥官
419811,爱亚卡普詹森近亲回血
419816,爱亚卡普詹森*海尔曼席令
419819,威廉迪布恩*克拉克
419822,贝罗佛
419826,海尔曼.席令*贝罗佛
419860,戈马力
419861,爱亚卡普詹森*海尔曼席令
420036,电脑戈马利
42004,
420078,佛巴斯46×神奇05
420242,考夫曼，迪库克，伯马
420405,山格斯，考夫曼，迪库克
420406,胡本·年轻艺术家多重近亲
420411,飞戈X乔斯佛卡门X爱亚卡普詹森
420483,盖比配大内高手155直女
42053,盖比.凡的那比
420547,
420565,山格斯，考夫曼，迪库克
420815,利奥·贺尔曼斯
420828,利奥·贺尔曼斯
420892,爱亚卡普詹森
420922,
421090,本舍基础种鸽
421120,
421171,范德沃尔.葛思顿
421251,本舍主力种鸽
421253,罗密欧号x超级泰瑞莎号
421262,本舍基础种鸽
421269,灰斯提巴26x新休杰特93
421273,灰白条053x漂亮晚生鸽040
421278,灰亚精顿353x两只断脚
421286,斑点杰罗姆x安吉维尔最快
421513,詹森原舍
421521,桑杰士
421588,
42174,罗杰.佛洛里松系.
421912,芮娜飞戈
421919,甘那斯
421930,电脑199曾外孙夺霸者X贵妃红狐
421931,夺霸者X无敌红狐
421941,夺霸者X大愿金刚孙女
422111,好一岁鸽直子*好一岁鸽孙女
422129,好一岁鸽回血
422139,威姆号*好一岁鸽直孙女
422148,碧姬直子*好一岁鸽直孙女
422149,好一岁鸽外孙*吉林克斯
422176,胡本
422179,乔斯.乔森
422180,乔斯.乔森
422208,德拉帕卡尔
422222,詹森-海尔曼
422233,彼得.米卫
422269,
422331,福洛福沃特×佛科克
422343,佛科克
422352,范登帕斯×考夫曼
422353,胡本原舍
422395,佛科克
422396,佛科克
422427,佛科克×考夫曼
422431,范登帕斯×瑞克赫尔曼
422560,
422596,
422665,100%盖比
422698,鲁道.克拉森-凡龙.花-瓦特.
422768,盖比.凡德纳比
422815,盖比.凡德纳比
422840,盖比.凡德纳比
422851,盖比.凡德纳比
422855,盖比.凡德纳比
422860,沃斯.燕纳斯
422863,盖比.凡德纳比
422884,胡本
423001,林波尔
423054,詹森“冬日男孩919”
42326,
42327,
423273,
423287,东方不败近亲直孙女
423293,东方不败直孙女
423308,
423310,
423419,
423432,卡萨
423444,卡萨
423499,卡萨
42388,布鲁克/詹森系×詹森019系
423895,
423950,盖比.凡德纳比
423961,盖比.凡德纳比
423976,卡萨
423982,卡萨
424014,波尔多雄*钻石配对
424034,卡萨
424246,
424288,奶酪小子
424305,
424342,“白腹号”
42435,布鲁克、詹森019系范德菲拉斯系等
424357,桑杰士
424376,班尼.史蒂芬—气魄家族
424380,詹森
424392,考夫曼配德拉帕
424416,詹森
424417,詹森
424437,
424458,
424480,葛斯顿-范德瓦尔
424508,所向无敌
42452,
424520,胡本·奶酪
424538,
424564,PIPA
424587,PIPA
42459,詹森红狐
424598,詹森
424607,胡本大名鸽“年轻上尉”直女
424626,019
424633,胡本·奶酪
424688,LIAO
424703,所向无敌
424819,“黑市拳王”家族
424851,乔斯·乔森
424863,乔斯·乔森
424875,吉诺x八冠王
424881,比利时“帮家”鸽族乔斯·乔森
424893,比利时“帮家”鸽族乔斯·乔森
424927,帝卢·速霸龙
424933,帝卢·速霸龙
424936,帝卢·速霸龙
424938,帝卢·速霸龙
424941,帝卢·速霸龙
425005,红狐-731
42523,年轻巴龙直子
425333,正大谢氏
425371,
425398,**
425403,乔斯佛卡门*霍夫肯
425406,速霸龙招牌种雄“！
425411,
425412,胡本SONI
425440,
425716,前行者奶酪
425858,胡本
425862,
425937,
425942,考夫曼
425989,盖比.凡德纳比
425990,盖比.凡德纳比
426033,
426039,胡本回血
42607,
426127,奶酪
426128,
426129,
426130,
426154,
426156,
426162,
426167,
426172,帝卢·速霸龙
426173,帝卢·速霸龙
426181,100%威廉.吉尔特
426227,
42635,涡轮族系
42639,强龙族系
42644,凡布里安娜2号直系的回血
426564,桑杰士闪电
426565,
426567,桑杰士闪电
426570,
426574,
426641,
426661,
426674,桑杰士X穆利门
42669,文斯特拉原舍
426765,
426774,考夫曼
426875,
426877,
426936,
426950,战神家族
426952,战神家族
426971,明珠红海蒂
427012,胡本
427033,胡本年青艺术家
427043,荷兰爱亚卡普
427048,荷兰爱亚卡普
427104,鹏程火箭
427121,胡本年轻艺术家近亲直孙x葛斯顿乳酪小子直女
42718,汉斯詹森X（万德维根X杨阿腾）
427266,飞戈X乔斯佛卡门X爱亚卡普詹森
427267,廊坊陈术林胡本铭鸽海尔比直孙
427587,
427699,胡本原舍
427711,
427736,
427753,
427767,
427770,
427819,美国凡龙*贺夫肯*电脑年轻巴龙*林波尔
428157,胡本
428293,波西瓦
428295,天一苏霸龙
428306,詹森*贝隆
428307,波西瓦*贝隆
428337,胡本
428363,戈玛力
428365,令狐冲·东方不败
428471,戈马力
428545,考夫曼近血鸽
428600,瑞克赫尔曼×范登帕斯
428604,考夫曼×胡本
428606,佛科克
428617,佛科克
428621,泰山
428659,
428665,
428730,盖比.凡得那比
428799,鲁道.克拉森-凡龙花-瓦特.
428802,林波尔-瓦特.凡瑞克.
428852,“鲁迪直女”
428858,
428875,
428878,奶酪小子血系*贺尔曼-裘斯特
428881,蓝布瑞切
428928,幕利门x路易迪克
428945,乔斯佛卡门*霍夫肯
428958,乔斯佛卡门
429065,桑杰士X桑杰士
429188,超远程国血精品
429190,福洛英格斯
429200,戈马力
429313,
429345,苍白
429348,苍白
429417,
429464,利奥003直孙配利奥003外孙女
429467,凡戴克所向无敌
429479,所向无敌直孙女
429482,
429532,
429543,文斯特拉
429560,创造者家族
429566,时间机器X好莱坞
429632,戈马力
429698,zzzzzz
429700,爱亚卡晋普36名-爱亚卡晋普5名.
429705,鲁道克拉森
429713,
42974,鲁道克拉森
429742,小迪克直孙
429744,考夫曼小迪克直孙
429746,考夫曼
42977,鲁道克拉森
42979,鲁道克拉森
42980,鲁道克拉森
429866,詹森
429987,699X道波
429996,699X爱康
430016,699X教父
430018,699X教父
430033,
430036,
430049,
430052,
430054,利奥.贺尔曼斯
430055,
430059,飞戈近亲
430060,
430079,
430080,
430083,
430085,
430086,道波X小迪克
430087,
430091,
430104,超级冠军X鲁道430
430185,
430217,阿隆索
430218,阿隆索配胡本
430244,钢针家族
430250,金马顿斯近血
430258,国王X火箭
430263,乔斯佛卡门
430269,福雷迪.范西
430274,白雪公主
430282,
430295,福雷迪.范西
430336,白雪公主
430343,詹森原舍
430355,福雷迪.范西
430523,
430534,利奥·贺尔曼斯
430535,战神家族
430539,利奥·贺尔曼斯
43078,红狐狸731*81老狐狸
430786,
430795,
43083,北极势山系
430836,桑杰士
430838,
43090,红卡多*红霹雳*芬尼卡5000
430903,万侯
430911,鲁道.克拉森
43092,法拉利
431044,战神家族
431063,恩系322直子配恩系377孙女
431064,迪沃斯近血X恩格斯377系
431066,电脑双八名女儿024配儿02
431067,焊将飞戈948直子配恩系154女
431109,林波尔
431110,林波尔
431112,林波尔
431156,盖比.凡德纳比
431182,盖比.凡德纳比
431210,
431213,盖比.凡德纳比
431217,凡龙
431310,战神家族
431408,白雪公主
431412,白雪公主
431497,战神家族
43151,兆尊苍白*兆尊滚桶
43159,詹森
43160,桑杰士
43162,桑杰士
43168,桑杰士
43169,桑杰士
43173,桑杰士
43174,桑杰士
43176,桑杰士
43177,桑杰士
43178,詹森
43179,桑杰士
43193,桑杰士
432118,范德佛拉斯近血
432119,“完美号”/飞戈X西北女王贝壳
432120,悍将廸沃斯X汤母
432121,山普森孙X山普森祖母
432123,西北女王号孙X飞戈悍将
432124,恩格斯178系377/范德佛拉斯124
432129,飞戈悍将金红砂X西北女王号
432130,恩格斯178系X恩格斯231系
432135,电脑/迪沃斯近血
432139,迪沃斯近血X恩格斯377系
432140,恩格斯377子/范德佛拉斯124
432142,汤姆多重近亲
432144,西北女王女儿X山普森近血
432145,速霸龙X恩格斯/电脑
432186,盖比
432243,大英格斯X小迪克
432308,
432316,
432353,瓦特
432356,詹森
432357,盖比
432359,欧洲钻石血系
432540,
432544,大英格斯X04詹森
432566,长城勇士X漂亮健将
432631,（55名X金方舟3名）
432661,
432669,
432673,“无敌号”沾血
432785,胡本
432842,
432863,乔斯托内
432907,
432910,乔斯托内
433020,
43310,凡龙/林森
433100,乔斯托内
433133,杨龚多拉斯*胡本*考夫曼*詹森
433261,狼狗号X02詹森
433263,乔斯托内
433268,狼狗号X02詹森
433279,长城勇士X漂亮健将
433284,盖比
433302,
433348,
433381,桑杰士汤姆公爵
433383,
43339,凡龙/林森
433427,丹尼斯·威利
433431,丹尼斯·威利
433436,丹尼斯·威利
433439,丹尼斯·威利
433443,丹尼斯·威利
433455,
433513,乔斯托内
433519,佛巴斯46×神奇05
433521,
433523,佛巴斯46×神奇05
433545,
433559,
433564,
433565,**
433576,胡本
433581,乔斯托内
433695,
433870,电脑.戈马利.秃头.199近亲.
433871,盖比.凡德纳比.
433879,凡代克.小所向无敌-文斯特拉.
433883,.钻石王【鲁道.克拉森】凡龙.
433899,霍夫肯027-花鸽王【鲁道.克拉森】
433903,凡龙-芬尼卡.
433905,霍夫肯一盖比一瓦特.
433906,瓦特.钻石王-吉林克斯【白头席维斯特】
433908,钻石王-
433915,盖比.闪电号-鲁迪”
433925,霍夫肯027-花鸽王【鲁道.克拉森】
433926,霍夫肯027【鲁道.克拉森】花鸽王
433928,【卡萨.强将Ⅰ号】
433930,戈玛力-胡本
433934,霍夫肯直-詹森X盖比3626'
433938,瓦特.钻石王.回血鸽.
433940,
433975,依天.梅尔浪
433978,依天.梅尔浪
433981,依天.梅尔浪
433983,依天.梅尔浪
434123,詹森冬日男孩×利奥003直系
434124,盖比闪电号×利奥欧元×003直系
434139,狼狗号X苍白
43422,
434226,
434238,
434287,
434301,血统-凡龙
434303,血统-凡龙
434304,血统-凡龙
434310,
434314,
434345,伟大的史多西斯
434396,桑杰士
434404,
434410,佛巴斯46×神奇05
434457,爱亚卡普詹森
434487,詹森
434491,詹森
434521,鲁迪直子X鲁迪直女
434535,长城勇士X漂亮健将
434579,速霸龙
434703,沃斯.燕纳斯
434753,比利时蛟龙—威力万富
434961,强速未来号*金钻天后
434969,钻石公*女人香
434985,超级飞戈
435049,乔斯佛卡门
435051,魔鬼王子X超级王子直女
435055,大帝最佳直子X鲁迪最佳孙女
435092,55名X小迪克外孙女
435318,胡本配恩格斯
435355,桑杰士配恩格斯
435362,
435402,麦克斯
435455,温州速见号血系
435458,温州速见号血系
435570,胡本配恩格斯
435591,************
435609,
435615,
435635,胡本配恩格斯
435819,群鹰红狐
435824,
435885,
435941,白眼669X金矿7号
435954,
435966,
435980,
435982,
435987,
435990,
435991,
435993,
435997,
436025,
436031,
436168,吉林克斯(桑杰士)
436178,爱克家族
436180,
436194,爱克家族
436197,爱克家族
436380,慕利门*米卫
436393,桑杰士
436402,詹森X凡龙
436403,凡龙
436405,无环号X所向无敌
436408,无环号X小迪克
436420,利奥X奶酪
436445,桑杰士
436448,桑杰士*米卫
436449,桑杰士*米卫
436451,桑杰士*米卫
436518,桑杰士
436525,冯莱尔*米卫
436584,
436588,
436590,
436600,
436604,
436615,
436621,
436622,
436627,
436629,
436654,
436681,沃斯-燕纳斯
436703,世界铭鸽戈马力·佛布鲁根原棚
436708,老鹰回血
436723,
436756,
436827,桑杰士*米卫
436834,
436842,桑杰士
436843,桑杰士*米卫
436866,彼得.米卫
436873,桑杰士
436874,冯莱尔*米卫
436875,冯莱尔*米卫
436877,冯莱尔*米卫
436880,冯莱尔*米卫
436900,乔斯.乔森
436979,乔斯.乔森
437019,钢针家族
437020,
437023,
437024,
437025,
437029,
437032,大帝最佳直子X鲁迪最佳孙女
437039,
437042,
437044,
437047,
437051,
437055,
437105,
437108,
437115,
437119,
437121,
437123,
437127,
437137,
437145,凡龙
437154,
437157,
437158,
437159,
437160,
437161,
437162,
437163,
437164,
437165,
437179,
437181,
437200,
437247,
437281,乔斯.乔森
437387,欧元X奶酪
437592,天威6号
437593,天威3号
437607,天威3号
437610,天威6号种鸽
437615,天威6号
437620,天威2号
437622,天威4号
437623,天威3号
437626,天威3号
437628,天威1号
437630,天威4号
437633,天威2号
437715,沃斯-燕纳斯
437764,爱亚卡普詹森
437779,波西瓦
437894,考夫曼配詹森
437901,阿隆索近亲
43798,电脑
437984,万候
438031,桑杰士“晚生汤姆”近亲
438364,速霸龙
438445,
438449,
438699,
438730,
438733,小卡萨
438784,戴维.吐尼尔
438879,林波尔:858×766
438929,杨欧瓦克
438986,林波尔:858×766
439005,国家一号
439007,胡本*克拉克詹森
439008,国家一号
439009,国家一号
439012,东方不败
439015,悍将直孙女
439016,东方不败
439018,东方不败
439020,戈马力*诺文帕森
43904,
439071,桑杰士
439073,桑杰士
439091,苍白骑士
439262,希勒-罗迪维克斯x吉林克斯
439312,布洛坎普
439317,帝卢·速霸龙
439383,
439387,
439389,
439516,奶酪小子
439555,
439557,
439580,
439590,
439615,
439818,速霸龙
439840,
439883,白马
439905,凡龙x桑杰士
439922,爱亚卡普凡龙
439932,50%盖比血统
439949,
439954,乳酪小子
440045,彼德曼得斯
440046,彼德曼得斯
440047,彼德曼得斯
440048,彼德曼得斯
440050,
440052,彼德曼得斯
440053,彼德曼得斯
440054,彼德曼得斯
440055,彼德曼得斯
440063,彼德曼得斯
440064,彼德曼得斯
440066,彼德曼得斯
440070,
440071,伊万.斯托克曼
440072,
440073,电脑戈马力
440077,彼德曼得斯
440078,彼德曼得斯
440081,彼德曼得斯
440083,彼德曼得斯
440084,彼德曼得斯
440085,彼德曼得斯
440087,彼德曼得斯
440089,彼德曼得斯
440091,彼德曼得斯
440093,彼德曼得斯
440095,彼德曼得斯
440096,彼德曼得斯
440097,彼德曼得斯
440100,彼德曼得斯
440112,
440132,利奥贺尔曼斯
440134,利奥贺尔曼斯
440136,利奥贺尔曼斯
440144,利奥贺尔曼斯
440159,彼德曼得斯
440191,慕利门
440341,瓦特
440354,阿隆索配桑杰士
440357,桑杰士
440376,阿隆索
440380,小卡萨
440511,詹森Ｘ盖比
440548,盖比原舍作育
440570,阿隆索回血
440574,阿隆索回血
440847,速霸龙弗雷迪外孙女
440855,盖比.凡得那比
440862,盖比.凡得那比
440865,盖比.凡得那比
440897,弗雷迪直孙
440898,东方不败
44095,麦克斯詹森019号的曾孙
441065,
441163,詹森原舍红狐
441300,盖比.凡得那比
441442,林波尔
44151,勃默德166046
441559,东方不败
441707,考夫曼
441721,马克.罗森斯
441728,考夫曼
441733,考夫曼
441745,马克.罗森斯
441746,马克.罗森斯
441932,
441934,
441936,
441937,
441938,
441943,NPO全国30018羽冠军回血
442139,
442140,
442145,
442162,
442164,
442402,乔司。佛卡门
442468,
442500,
442544,
442892,乳酪小子
442901,
442925,
443000,
443020,
443055,詹森飞毛腿
443116,杨.欧瓦克
443133,詹森小火箭
443229,提款机家族
443230,提款机家族
443235,苍白骑士
443255,福登·霍芬
443271,福登·霍芬
443274,福登·霍芬
443330,恩格斯
443332,恩格斯
443339,恩格斯
443344,恩格斯
443348,恩格斯
443356,恩格斯
443508,葛斯顿.范德瓦尔乳酪小子家族
443610,乳酪小子近血直孙
443618,胡本年轻艺术家近亲直孙x艺术家近亲直孙女
443656,
443658,
443662,
443665,
443692,盖比白羽直子
443798,波西瓦
443815,伊万斯托克曼
443816,伊万斯托克曼
443885,
443906,路易斯.凡龙原棚
444022,吐尼尔
444139,
444201,
444221,
444243,
444250,
444349,杨.欧瓦克
444398,爱亚卡普*路易凡龙
44463,保罗/罗伯特/海斯曼西翁系
444674,
444688,
44488,
444979,林波尔
444992,桑杰士第一武士
445005,凡龙
445008,凡龙
445009,凡龙
445010,凡龙
445017,桑杰士第一武士
445037,
445048,
445049,
445172,
445174,
445176,
445199,
445225,
445262,乔斯托内
445275,乔斯托内
445321,
445446,
445448,范德普特父子
445456,
445473,
445485,乔斯托内
445489,乔斯托内
445492,乔斯托内
445536,乔斯托内
445571,英格斯
445590,英格斯
445591,
445685,电脑戈马利
445692,盖比，闪电号，白腹号
445699,詹森919配林波尔
445702,詹森919配林波尔
445705,戈玛丽
445714,林波尔配米卫
445809,佛尔布文
445816,
445818,考夫曼(杰瑞森(尼特拉长距离奥林匹克鸽)*艾铎菈(NPO冠/亚军))
445822,HebberechtChris（赫博瑞克利斯）
445823,HebberechtChris（赫博瑞克利斯）
445908,第一武士
445926,第一武士
445932,第一武士
445950,林波尔X桑杰士
445974,胡本
445986,胡本
446028,乔斯托内
446036,噶斯顿-奶酪
446105,【胡本】
446107,葛斯顿·范德瓦尔
446109,葛斯顿·范德瓦尔
446111,葛斯顿·范德瓦尔
446127,葛斯顿·范德瓦尔
446129,葛斯顿·范德瓦尔
446130,葛斯顿·范德瓦尔
446132,葛斯顿·范德瓦尔
446135,葛斯顿·范德瓦尔
446140,鲁迪
446144,鲁迪
446216,诺尔·利本斯作出
446218,诺尔·利本斯作出
446268,爱亚卡普·詹森
446269,王者之王近亲回血
446294,乔斯托内
446295,乔斯托内
446299,乔斯托内
446304,蒂尔德&乔克·艾辛加
446355,凡·艾尔扎克X詹森*米卫*佛罗.恩格斯
446359,
446363,
446395,乔斯托内
446424,飞戈
446425,飞戈
446426,“飞戈”孙代
446431,飞戈直女
446436,“飞戈”孙代
446517,路易斯.凡龙
446522,东方不败
446526,东方不败
446528,东方不败
446576,葛斯顿·范德瓦尔
446579,葛斯顿·范德瓦尔
446582,葛斯顿·范德瓦尔
446584,葛斯顿·范德瓦尔
446591,葛斯顿·范德瓦尔
446593,葛斯顿·范德瓦尔
446599,葛斯顿·范德瓦尔
446604,葛斯顿·范德瓦尔
446606,葛斯顿·范德瓦尔
446615,葛斯顿·范德瓦尔
446619,葛斯顿·范德瓦尔
446623,葛斯顿·范德瓦尔
446631,葛斯顿·范德瓦尔
446633,葛斯顿·范德瓦尔
446768,速霸龙
44677,凡.王路易90系
446778,米卫*卡萨*詹森
446780,米卫*卡萨*詹森
446794,米卫*卡萨*詹森
446847,
446853,
446854,
446896,东方不败
446909,
446910,
447223,飞戈X马克罗森斯*克拉克詹森
447389,尤利.莱蒙斯
447390,
447403,克拉克*詹森
447614,奶酪小子
447711,
447713,
447719,
447786,盖比
44817,西佛托衣X红蝴蝶X战斗机
44818,西佛托衣X红蝴蝶X战斗机
448225,速霸龙
448463,出自“奶酪小子直子-罗尼×吉林克斯雌”
448478,
448520,机灵号波西瓦
448522,速霸龙
448555,纯种慕利门
44874,乔思托内
449291,
449335,中国
449373,杨.欧瓦克
449377,乔治波里×盖比
449391,速霸龙×盖比
449401,詹森×万侯
449405,山坦士×盖比
449578,安德烈.勃默德配詹森邦德007
449586,安德烈.勃默德配詹森邦德007
449588,
449620,
449624,波西瓦×彼得米卫
449723,詹森著名【公主号】外孙
449784,
44981,电脑X汉斯.威利理奇
44989,詹森X凡龙X慕利门X盖比X凡代克
449901,乔斯托内
449981,艾迪.夏拉肯
44999,任秀夫麦克斯詹森019系
450208,
450218,
450402,白雪公主，乔斯托内
450404,2000号直子
450410,考夫曼蓝色精灵
450411,考夫曼蓝色贵族
450423,罗曼佐罗直孙女x完美号
450485,
450488,扬阿腾
450592,小卡萨
450593,小卡萨
450597,荷兰万德米尔
450632,乔斯托内，白雪公主，
450697,文斯特拉X凡戴克
450702,詹森X万候
450715,（奥丁x雅典娜）外孙x威力冠军
450720,（利奥X速霸龙）X国家一号
450723,乔斯*万澳门
450728,
450777,林波尔-凡龙
450851,
450854,东方不败
450856,甘娜斯总统直系
450857,国家一号
450858,钢铁利摩日直女
450862,所向无敌X国家一号
450866,盖比
450869,盖比
450887,速霸龙X灰珍珠（文斯特拉）
451100,荷兰华尔詹吉原舍
451162,
451173,【吐尼尔】
451181,
451187,【凡龙】
451231,231直孙
451298,速霸龙
451329,英格斯178
45141,佛卡门
451542,
451546,
451565,
451571,考夫曼配波西瓦
451791,
451835,任秀夫原棚詹森019直孙女X速霸龙，
451836,罗伯特.皮恩伯格
451839,世界先生×利奥.赫尔曼斯”
451842,麦克斯
451843,恩格斯231系同父异母子代配
451844,恩格斯231系X威联
451846,詹森X电脑
451847,恩格斯白羽鸽王系X悍将飞戈
451851,
451854,吉林克斯原环
452011,凡.艾尔莎克
452013,
452043,所向无敌配国家一号
452646,波西瓦菲戈
452647,贝隆
452653,詹森
452654,008贝隆*波西瓦菲戈
452705,詹森老黄眼
452708,胡本原棚*弗雷迪原棚
452713,波西瓦*贝隆
452714,波西瓦*贝隆
452715,瓦特血统
452736,
452803,
452964,詹森
453007,【詹森红狐】
453107,
45332,主血:华普利蚊子系、范内系、桑杰士詹森系
453523,考夫曼配气魄
453702,华尔.詹吉X克拉克詹森
453727,华尔詹吉X克拉克詹森
453777,华尔詹吉X克拉克詹森
453901,伯马-佑德
454092,盖比.凡得纳比
454339,路易士-凡龙
454400,奇迹32直孙女
454625,迪尔巴x詹森
454629,迪尔巴x詹森
454630,迪尔巴x詹森
454635,梅尔浪x夏拉肯x波西瓦品系顶尖雄鸽
454665,欧洲钻石血系
454738,华尔詹吉X克拉克詹森
454740,华尔詹吉X克拉克詹森
454762,
454771,
454907,罗尼.凡瑞特
454909,桑杰士
454912,桑杰士
454913,桑杰士
454915,桑杰士
454917,桑杰士
454920,桑杰士
454922,桑杰士
454924,桑杰士
454925,桑杰士鸽舍
454929,桑杰士
454980,桑杰士
454982,桑杰士
454984,桑杰士
455000,盖比x凡戴克
455087,噶斯栋-凡德瓦尔
455088,嘎斯顿-凡德瓦尔
455096,凡龙
455209,
455327,詹森
455329,凡戴克
455349,
455427,中距离一岁鸽王冠军【超级罗密欧】直子
455464,阿特玛超级53系配爱尔扎克728*王者之王
455482,爱尔扎克冠军728配博克斯曼皇图
455504,葛斯顿范德瓦尔
455528,詹森兄弟原舍
455573,伊天·梅尔浪
455574,伊天·梅尔浪
455633,安德烈.德拉帕
455658,“范柯本”x“胡本”
455728,伯马.优德
455840,扬阿腾
455852,扬阿腾
455854,扬阿腾
455951,乔斯乔森原舍
456045,大英格斯直子X七冠王妹
456096,波西瓦
456192,
456193,玖万
456247,利奥贺尔曼斯
456432,福雷迪.范西
456502,海尔曼比佛丹姆x波拉5000x麦克斯
456572,速霸龙
456588,国家一号
456590,国家一号
456592,
456632,波西瓦
456657,
457211,路易斯·凡尔亚罕
457213,夺霸者孙女
457225,鲁道
457319,东方不败桑杰士闪电娇娃X不败王子直系
457320,东方不败桑杰士闪电娇娃X不败王子直系
457322,东方不败桑杰士闪电娇娃X不败王子直系
457323,第一武士桑杰士闪电系东方不败狼狗号
457327,东方不败桑杰士闪电娇娃X不败王子直系
457328,东方不败桑杰士闪电娇娃X不败王子直系
457330,第一武士桑杰士闪电系东方不败狼狗号
457338,詹森
457554,狙击手X吉尔特
457737,红狐X盖比
457754,国家一号
457755,
457756,国家一号
457768,速霸龙
45781,
45782,詹森019号的曾孙女
457951,
457983,辉煌闪电
45823,桑杰士
458240,杨龚多拉斯×贺尔梅斯
458241,杨格多拉斯*速霸龙
458242,速霸龙
458243,速霸龙
458518,
458585,
458587,
458593,帝卢·速霸龙
458874,【詹森红狐】
458946,
458959,鹰眼
458991,盖比
459002,盖比
459036,
459060,
459126,范登伯格X考夫曼
459142,赫尔曼斯*赫斯特
459165,盖比
459167,盖比
459273,“恒星Ⅱ号”直女
459279,“黑鹰”近血（孙子X孙女）
459283,“超级好手”X“莱拉阿里”
459286,
459287,“超级强手”直子
459366,“土星Ⅱ号”直女
459377,
459447,100%凡龙
459456,
459457,
459459,
459516,安德烈.勃默德配詹森邦德007
459517,
459525,詹吉X克拉克
459526,詹吉X克拉克
459527,超级44（贝洛尼冠军）直子X独行侠（荷兰冠军）直孙女
459659,汉斯·威力里奇
459703,
459706,鲁道.克拉森
459717,
45972,
45975,
45977,魯道.克拉森
459831,
459835,
45987,
459876,
45997,速霸龍
45998,法蘭斯.速霸龍
45999,
46000,速霸龍巨擘.阿布瑞契
46016,桑杰士
46017,桑杰士
460309,詹森红狐狸
460348,
460356,本舍主力种鸽
46038,速霸龍
460430,普拉帝尔父子
460475,桑杰士第一武士
460600,
46067,胡本
460676,
460858,甘纳斯世界鸽王冠军家族
46094,詹森019系的回血种鸽
461047,福麦尔贝根-威恩斯
461049,皮特-米卫原棚
461050,皮特-米卫原棚
461052,德尼夫·马尼克
461056,迪克.胡辛加
461062,巴特&南希.范欧克
461085,
461155,福雷迪.范希
461214,考夫曼魔术师
461225,
461247,
461248,
461250,
461251,
461252,
461253,
461254,
461256,
461257,
461258,
461260,
461261,
461262,
461263,
461264,
461268,
461269,
461270,
461272,
461273,
461274,
461275,
461276,
461277,
461280,
461282,
461283,
461284,
461286,
461287,
461289,
461291,
461292,
461294,
461295,
461301,
461302,
461303,
461305,
461310,
461311,
461312,
461313,
461315,
461316,
461317,
461319,
461320,
461325,
461326,
461327,
461328,
461329,
461330,
461331,
461332,
461334,
461335,
461337,
461338,
461339,
461340,
461341,
461342,
461343,
461344,
461345,
461346,
461347,
461349,
461350,
461351,
461352,
461353,
461354,
461355,
461450,苍白骑士
461451,詹森X苍白骑士
461568,
461573,
461753,恩格斯
461756,恩格斯
461758,詹森
461759,詹森
461778,恩格斯
461779,恩格斯
461960,
461979,
461980,
461987,
461989,
461990,
461993,
462005,出自“尼古拉斯”x”阿玛丽娅”
462009,冠军奶酪
462015,奶酪
462064,国家一号
46211,范内系超级名鸽“马达号直系”+罗杰弗洛里松范内系
462139,道波X黑根.克拉克
462195,克里斯.赫伯瑞
462251,詹森X幕利门
462539,出自“尼古拉斯”x”阿玛丽娅”
462552,范诺登尼克*鲁道
462553,
462556,出自著名“知名17号配对公”×“马赛号直女”
462565,佛科克父子
462720,
462724,出自“新福雷迪”x“桑德琳妮”
462749,夜骑士*艾玛
462823,盖比原舍
462868,佛巴斯46×05
462871,佛巴斯46X05
463134,
463237,乔斯、佛卡门X智者869
463248,
463293,杨.欧瓦克
463564,杨龚多拉斯
463584,盖比·凡德纳比
463587,
463589,
463593,
463602,
463613,丹尼·凡戴克
463616,丹尼·凡戴克
463617,丹尼·凡戴克
463622,丹尼·凡戴克
463623,丹尼·凡戴克
463639,万候.尤特豪芬
463641,万候.尤特豪芬
463654,吉林克斯原舍
463655,吉林克斯原舍
463656,
463658,电脑·戈马力
463659,电脑·戈马力
463660,电脑·戈马力
463661,电脑·戈马力
463663,电脑·戈马力
463667,
463669,电脑·戈马力
463670,电脑·戈马力
463672,电脑·戈马力
463674,电脑·戈马力
463676,电脑·戈马力
463680,电脑·戈马力
463681,电脑·戈马力
463683,电脑·戈马力
463684,电脑·戈马力
463685,电脑·戈马力
463686,电脑·戈马力
463928,盖比.凡得那比
463942,吉林克斯原舍
463962,威姆·迪特洛伊
463968,亨德瑞克.巴特（HenderickxBart）原舍
463970,
463977,亨德瑞克.巴特（HenderickxBart）原舍
463985,奥林匹克003近亲直女
46408,纯日本花尻充由魔鬼系
464086,罗森.波斯
464093,亨德瑞克.巴特（HenderickxBart）原舍
464104,
464110,哈迪·克鲁格
464114,哈迪·克鲁格
464115,哈迪·克鲁格
464117,哈迪·克鲁格
464182,吉林克斯父子
464235,
464242,万侯·尤特豪芬
464245,万侯·尤特豪芬
464248,万侯·尤特豪芬
464249,沃夫冈
464254,
464255,万侯·尤特豪芬
464256,诺尔—威洛克斯
464257,万侯·尤特豪芬
464259,胡本
464350,葛斯顿·范德瓦尔原舍
464468,克里斯.赫伯瑞
464476,诺尔—威洛克斯
464485,艾迪&马特.鲁腾兹
464487,狄布寇斯.马歇尔&迪迪
464488,阿让号
464489,阿让号
464537,
464573,伯恩哈德·克努拉
464700,考夫曼配佛卡门配恩格斯
464703,恩格斯配威廉吉尔特
464750,汉斯—保罗.伊塞尔
464751,汉斯—保罗.伊塞尔
464752,高.凡多米连
464755,乔斯.托内
464756,威尔.洛克斯鸽队
464786,苍白骑士
464818,波斯卡X大卫
46491,桑洁仕
464979,邦德X罗曼
464987,詹森X波斯卡
464997,哈贝尼斯X大卫
465184,乔斯.佛卡门
465186,乔斯.佛卡门
465188,乔斯.佛卡门
465189,乔斯.佛卡门
465190,乔斯.佛卡门
465191,乔斯.佛卡门
465197,狮王号
465207,乔斯.佛卡门
465217,特优号X狮王号
46528,胡本原舍
465342,德拉怕
465373,詹森
465387,白雪公主
465417,胡本
465420,胡本
465486,杨.欧瓦克×克里斯.赫伯瑞
465523,胡本
465582,甘纳斯世界鸽王冠军家族
465588,231之女
465614,匹诺曹直子
465648,李鸟配吴淞
465769,奥林匹克家族-佛科克
465772,奥林匹克家族-佛科克
465773,奥林匹克家族-佛科克
465901,盖比
465906,盖比
465908,
465911,米卫
466067,总统回血
466091,米卫
46616,安德烈.勃默德系
466523,佛科克
466546,桑杰士
466659,
466663,
46670,桑杰士
466756,卡尔.舍伦茨
466776,圭多
466778,圭多
466787,乳酪x金母203
466791,德国威廉.龚休尔
466792,乳酪x金母203
466954,桑杰士
466993,詹森919配林波尔
467069,桑杰士X第一武士
467076,桑杰士第一武士
467083,
467138,
467144,
467178,
467179,
467184,
467239,
467360,
467364,
467365,
467369,
467384,
467406,
46748,克拉克詹森
467522,吉尔特X速霸龙
467658,电脑戈马力
46769,考夫曼名鸽“拓者号”之孙×克拉克詹森845+詹森019系
467695,苍白冠军
46772,布鲁克系+詹森系+华普利/蚊子系
467874,威力.万富
468230,“蓝盔黑砂系”和“蓝盔灰黄系”为主枝
468248,超远程高奖位溶血
468307,
468392,戈玛丽
468445,
468500,
468525,戈玛丽X林波尔
468527,詹森919X桑杰士
468629,胡本
468632,胡本
468633,胡本
468806,火箭双重回血
468813,乔斯.乔森
46883,克拉克麦克斯詹森019系
46893,范德佛拉斯詹森超级红阿比血脉
469009,速霸龙
469040,噶斯顿·凡德瓦尔
469044,噶斯顿·凡德瓦尔
469191,利奥.贺尔曼斯原舍
469203,
469204,
469205,
469243,利奥.贺尔曼斯原舎
469248,利奥.贺尔曼斯原舎
469253,马塞尔.沃特斯原舍
469266,马塞尔.沃特斯原舍
469274,马塞尔.沃特斯原舍
469289,马塞尔.沃特斯原舍
469307,马塞尔.沃特斯原舍
469325,盖比.凡得那比原舍
469328,蓝盔灰砂系
469332,盖比.凡得那比原舍
469334,盖比.凡得那比原舍
469340,盖比.凡得那比原舍
469346,威廉.吉尔特原舍
469349,威廉.吉尔特原舎
469351,威廉.吉尔特原舎
469356,威廉.吉尔特
469360,库伯父子原舍
469365,罗尼-凡瑞特
469455,桑杰士电脑2号回血
469456,闪电金童⚡⚡⚡⚡非卖品
469558,蓝盔灰砂系
46963,任秀夫詹森麦克斯019系
469641,罗尼-凡瑞特
469667,“小好手全兄弟”
469704,003
469891,
46993,任秀夫詹森019红狐系
469936,桑杰士*詹森
469984,盖比鲁迪近亲
470070,杨阿腾
470110,飙友飞鹰号近亲回血作出
470125,VIP雄鹰号直子
470127,VIP雄鹰号直女
470135,欧洲之王直子
470137,欧洲之王直女
470138,欧洲之王直子
470141,飙友洛朗号直子
470143,飙友洛朗号直子
470152,飙友洛朗号直子
470251,桑杰士
470256,游龙
470263,迪克-凡戴克
470266,乔斯乔森
470332,胡本
470366,盖比
470413,詹森红狐血系
470573,电脑戈马利
470580,电脑戈马利
470685,噶斯顿·凡德瓦尔
470692,阿里维什
470770,黑市拳霸
470843,
470858,佛科克
470859,佛科克
470862,奶酪小子
470988,奶酪小子
471036,奶酪小子
471050,
471051,
471052,
471066,奶酪小子
471112,奶酪小子
471253,
471265,
471266,
471267,
471406,
471409,
471411,
471412,
471414,
471425,考夫曼
471437,盖比
471438,盖比
471440,盖比
47171,乔斯.托内
471738,克拉克05
471740,台湾赖铭居克拉克05
471904,詹森
471948,詹森
472058,斯多可曼依万
472060,斯多可曼依万
472062,斯多可曼依万
472063,凡.阿鸿.亨利和丹尼
472306,马克.迪库克大名鸽(令狐冲)直孙女
47233,波西瓦托依斯全国12名之女
47234,威廉吉尔特大名鸽马利1号曾孙代
47235,胡本原棚“皮诺曹”外孙
47237,波西瓦“精灵号”外孙
47238,瓦特波治全国冠军直孙
47239,瓦特*佛雷迪
47241,直孙女超级七姐妹之一。自身做出北京大运卓宸6000多羽决赛107名，其全妹做出2011年河北金海湾公棚三关鸽王亚军。
47244,戈马利008脚趾号.【直子做出戈马利2011年8月13日亚精顿550公里全国总冠军，被北京长城鸽业以110万收藏】
47245,电脑戈马利008
47247,飞戈【直女方圆工棚决赛5名】【直子郑州和平工棚决赛164名】
47254,瓦特直系
47268,电脑戈马利008系
472728,罗森.波斯桑杰士
472794,
472875,胡本
472896,景玉速霸龙
472898,景玉速霸龙
472902,速霸龙
472903,景玉速霸龙
472987,佛卡门
473023,速霸龙
473061,扬阿腾
473145,菲利普·吉尔特
473146,米歇尔-范林登
473147,米歇尔-范林登
473148,米歇尔-范林登
47330,法蘭斯.速霸龍
473500,詹森红狐
473501,詹森红狐
473503,詹森红狐
473558,盖比*完美家族《金母54号》
473579,甘纳斯
473586,甘纳斯
473601,桑杰士
473613,米卫
473614,桑杰士闪电娇娃直孙
473617,桑杰士配幕利门
473618,詹森配桑杰士
473619,桑杰士
473624,“新福雷迪x阿玛利亚”外孙
473763,
473924,佛科克
473925,佛科克
473994,罗尼-凡瑞特
473997,罗尼-凡瑞特
474000,罗尼.凡瑞特
474156,
47422,罗宾直子匹诺曹全兄弟
47441,飞戈直孙
474525,詹森原舍
474534,詹森原舍
474540,詹森原舍
474587,德拉帕皇室配对
474602,
474946,
474948,
47497,日本今井雅之输入系
475014,克拉克
475016,克拉克
475312,速霸龙
475321,詹森红狐狸
475326,詹森红狐狸
475328,詹森
475329,詹森019
475330,詹森019
475332,詹森
475335,詹森系
475339,詹森系
475366,超远程国血精品
475368,超远程国血精品
475370,超远程国血精品
475371,超远程国血精品
475372,超远程国血精品
475374,超远程国血精品
475375,超远程国血精品
475469,
475507,超远程国血精品
475509,超远程国血精品
475510,超远程国血精品
475511,超远程国血精品
475512,超远程国血精品
475521,詹森
475554,考夫曼
475557,考夫曼
475623,
475630,
475634,
475686,佛里克特-鲁腾-德普拉
475687,吉拉德.考夫曼
475935,
475936,
476031,PEC（PIPA菁英育种中心）
476033,
476039,
476040,
476041,
476075,奶酪小子直孙子X奶酪小子直孙女
476080,盖比
476081,盖比
476087,盖比
476163,伯特.布拉斯鹏X里奥.贺尔曼
476190,
476215,
476333,金伟鱼行“百万将军”血系
476384,乔斯.乔森
476385,乔斯.乔森
476388,乔斯.乔森
476392,乔斯.乔森
476401,
476403,
476404,
476406,
476408,
476409,
476410,
476412,
476416,盖比·凡得那比
476417,BELG2015-3150467
476430,乔斯.乔森
476433,乔斯.乔森
476434,乔斯.乔森
476440,乔斯.乔森
476441,乔斯.乔森
476448,乔斯.乔森
476453,乔斯.乔森
476457,乔斯.乔森
476461,乔斯.乔森
476469,乔斯.乔森
476478,乔斯.乔森
476479,乔斯.乔森
476512,盖比
476650,奶酪小子曾外直孙子X直孙女
476656,盖比
476691,狄萨尔父子
476692,狄萨尔
476699,赫伯瑞
476830,
476852,比利时胡本
476878,
476879,速霸龙
476913,
477167,
477170,
477172,
477178,电脑戈马利
477191,
477194,
477198,
477244,詹森019*詹森老火箭
477247,詹森传奇05*詹森019
477249,奶酪小子多重回血
477250,詹森红狐520
477251,詹森冬日男孩母子回血
477282,克里斯.赫伯瑞×赖铭沧
477302,
477596,
477622,
477642,
477674,
477739,
477743,
477744,
477745,
477746,
47777,比利時隆吉爾父子
477796,卡罗.范隆佩
477797,卡罗.范隆佩
477798,
478000,最后荷兰王子号林波尔
478111,狮王
478115,
478420,
478423,
478427,
478576,林波尔
478582,吉瓦特．兰努
478646,
478648,彼得米卫751X盖比
478651,米卫751X詹森小火箭
478654,米卫751X詹森
478669,波西瓦X威力9名
478678,米卫751X盖比X戈马利
47872,帝盧-速霸龍銘鴿夢想家(x(小迪克x愛神)
478724,速霸龙
478725,
478726,速霸龙x桑杰仕
478728,米卫751X盖比
478744,波西瓦X戈马利
478745,米卫751X詹森麦克斯
478747,詹森兄弟原舍
478748,彼得米卫751
478752,米卫751
478781,米卫751X盖比
478785,米卫751
478952,詹森麦克斯X詹森小火箭
478958,詹森麦克斯X詹森小火箭
478972,詹森修曼X詹森小火箭
478979,詹森小火箭
479008,亨得利90号
479010,奥尔良全国4位直子
479030,
47905,桑杰士*贝克詹森
479088,考夫曼“爱神号”
479091,考夫曼“爱神号”
479095,速霸龙
479096,戈马力近血
479100,电脑戈马利
479101,电脑戈马利
479102,电脑戈马利
47912,闪电教父X超级32
479152,凡戴克
479161,亨得利90
479171,世界最高代90号
479192,桑杰仕x杨欧瓦克
479193,速霸龙
479197,“闪电号”x飞戈
479199,文斯特拉x飞戈
479200,鲁道-克拉森近血
479201,爱力克林伯格速霸龙
479204,“闪电号”近血
479207,闪电号近血（叔侄配）
479210,考夫曼x速霸龙
479212,桑杰仕近血
479238,世界最高代90号
479395,电脑戈马力
479405,佛科克x桑杰仕
479408,速霸龙x德拉帕
479411,戴扶连特
479412,戴扶连特
479415,戴扶连特〈罪魁祸首〉
479429,桑杰仕x“传奇05”
479439,詹森小火箭X米卫751
479441,詹森修曼X曼德斯X詹森小火箭
479445,詹森X盖比
479449,詹森小火箭X盖比
479462,盖比X米卫751X詹森小火箭
479499,
479501,
479512,桑杰士
479565,
47957,红狐回血
47958,019X年轻麦克斯X红狐X老白眼
479580,米卫751X詹森
479593,
479600,震宇新锐(天王继承者1号)X威奇8名
479636,威力冠军同父母-黑色动力X考夫曼
479643,黑色动力X波西瓦
479655,冠军同父母黑色动力X考夫曼
479667,西北国际4名兄弟X友祥威力45名
479765,
479935,再现麦克斯X詹森小火箭
479938,帝卢·速霸龙
479945,震宇天王X震宇郡主
47997,福洛英格斯
480007,电脑戈马力
480032,米卫751X杨阿腾
480035,奥丁X雅典娜
480037,“奥丁”X“雅典娜”
480056,
480062,彼得米卫751X盖比
480100,电脑戈马利
480165,詹森公主号X电脑戈马力
48022,福禄.恩格斯
480227,桑杰士
480258,詹森
480284,胡本配威廉吉尔特
480288,福洛恩格斯
480290,胡本配恩格斯
480304,先锋号后代
480311,福雷迪.范西
48033,福禄.恩格斯
480338,
480339,
480342,盖比
480412,帝鲁-速霸龙
480454,乳酪小子
480501,
480509,
480569,爱亚卡普詹森*指挥官
480596,世界大名鸽“飞戈”直孙女
480606,安东.芮娜“小飞戈”
480616,甘纳斯世界鸽王冠军家族
480620,世界鸽王冠军家族
480641,安东.芮娜“小飞戈”
480670,凡登帕斯*指挥官*爱亚卡普詹森
480685,
480686,速霸龙X胡本
480687,胡本
480688,
480691,胡本X速霸龙
480692,胡本X速霸龙
480693,速霸龙X胡本
480695,胡本速霸龙
480700,速霸龙X胡本
480717,胡本X速霸龙
480718,
480723,速霸龙X胡本
480738,
480745,
480754,
480764,
480795,
480811,飞戈
480821,飞戈
480953,辉煌闪电号
480954,
480973,
481052,桑杰士电脑2号回血，，已售
481316,胡本
481318,甘纳斯世界鸽王冠军家族
481319,甘纳斯世界鸽王冠军家族
481324,林波尔
481337,桑杰士电脑2号*东方不败，，已售
481339,桑杰士电脑2号*东方不败，非卖品
481348,白雪公主*国家英雄近亲回血
481349,白雪公主*国家英雄近亲回血
481432,
481478,胡本原舍“莉娜”直女
481585,桑杰士电脑2号
481586,霍夫肯，黑猪::::非卖品
481593,桑杰士电脑2号绝版种鸽624配天使
481661,甘纳斯世界鸽王冠军家族
481669,甘纳斯世界鸽王冠军家族
481671,甘纳斯世界鸽王冠军家族
481673,甘纳斯世界鸽王冠军家族
48168,黑罗刚X彼得.米卫
48169,雨点詹森045X克拉克613
482256,甘纳斯世界鸽王冠军家族
482261,甘纳斯世界鸽王冠军家族
482262,詹森黑珍珠同父异母兄妹回血
482268,苍白骑士
482271,苍白骑士
482279,100%乔斯托内拿破仑
482280,100%乔斯托内拿破仑
482311,钢针家族
482313,福瑞克.雅伦夫妇
482316,帝卢·速霸龙
482365,詹森
482366,贝隆直子配机灵号
482373,速霸龙
482392,戈马利008贝隆
482396,菲戈回血
482403,胡本*胡本
482404,电脑菲戈
482406,马克罗森斯*波西瓦
482407,电脑菲戈
482409,戈马利008贝隆
482437,甘纳斯世界鸽王冠军家族
482438,甘纳斯世界鸽王冠军家族
482447,盖比鲁迪孙女
482454,芬尼卡x飞戈
482475,赖铭沧×盖比
482477,赖铭沧×盖比·凡得那比
482537,电脑戈马利
482539,电脑戈马利
482540,电脑戈马利
482543,帝卢·速霸龙
482590,大力士X钢针家族
482594,依天.梅尔浪
482602,
482603,
482604,
482606,
482608,
482609,
482610,
482611,
482614,
482616,
482617,
482653,甘纳斯世界鸽王冠军家族
482680,詹森**冠军组合*杨阿腾*金母3396
482727,福洛恩格斯配威廉吉尔特
482891,比利时杰夫胡本原舍
482911,波西瓦
482942,黑豹*狮王
482965,詹森X戈马力X凡尔亚罕
482971,比利时杰夫胡本原舍
482973,凡尔亚罕X夺霸者
483085,瓦特*扬啊藤*超级号詹森
483130,佛科克X乔治。卡度斯
483132,環宇號。詹森紅狐狸
483241,鲁道.克拉森.鲁道号直孙女
483243,佛科克父子原舍
483245,佛科克父子原舍
483246,威力.艾佛拉特桑杰士
483247,爱亚卡普-原舍“切”直孙女
483248,比利时吉林克斯.桑杰士
483290,
483305,詹森
483362,吉林克斯
48341,
483411,杨.欧瓦克×盖比
483439,
483448,詹森
483452,帮家/邦加(Bonga)
483456,罗尼-凡瑞特.桑杰士
483459,詹森X米卫751
483461,米卫751X詹森
483504,林波尔
483513,瓦特*教练号
483516,盖比*奶酪
483519,乔斯佛卡门
483568,冠军同父母黑色动力X考夫曼
483576,震宇新锐(天王继承者1号)X威奇8名
483578,威力冠军同父母-黑色动力X考夫曼
483583,詹森小火箭
483699,飞戈-克里克-吉诺
483709,飞戈-克里克-吉诺
483718,乔斯.佛卡门
483722,詹森红狐狸*詹森白羽号
483738,辉煌闪电
483744,詹森
483865,
483876,乔斯佛卡门
483878,爱亚卡普詹森
483879,爱亚卡普詹森
483883,佛科克父子原舍
483889,
483952,詹森白羽号*詹森冬日男孩
483989,利奥铭鸽“头名状元”直孙
483993,凡戴克-超级战将
483994,沙奇士原舍.鲁道.克拉森小白12直女
483995,威廉.迪布恩.杰洛X最爱号”直孙
484016,威力.艾佛特拉桑杰士
484200,东方不败*闪电娇娃，已售
484232,
484242,【鲁道.克拉森】
484243,瓦特-霍夫肯-盖比.
484278,盖比“闪电家族”
484308,盖比
484310,盖比
484315,胡本
484317,詹森*奶酪
484372,卢克·克里斯蒂安×杨欧瓦克
484388,盖比·凡得那比×佛科克
484613,乔斯.乔森
484646,林波尔
484699,千里红*超级号詹森
484702,戈马力-盖比
484703,瓦特钻石王-蓋比664直女
484806,乔斯.乔森
484982,凡龙X盖比
485006,克洛指挥官
485008,林波尔.-卡萨-霍夫肯
485122,爱亚卡普詹森X凡龙
485123,爱亚卡普詹森
485273,
485274,
485348,德菲斯-曼森联合鸽舍
485362,
485363,
48539,詹森系
485454,荷兰波西瓦
485500,克洛指挥官*（黄金2000）詹森*千里灰
485534,佛科克父子.决赛33名
485535,荷兰.佛科克父子.原舍
485654,芮娜飞戈
485672,
485751,佛科克父子×盖比.凡得那比
485753,詹森
485770,
485849,佛罗.恩格斯
485859,玉麒麟
485864,钢针家族
485919,
485921,
485923,
485926,
485927,
485928,
485929,
485931,
485958,乔斯佛卡门
485994,山西中奥鸽业“万德维根”原舍--本鸽业成功高价全部收购
486000,山西中奥鸽业“万德维根”原舍--本舍全部高价收购
486010,比利时丹尼斯·萨宾.桑杰士
486011,.速霸龙.辽宁忠盛决赛25名
486017,速霸龙.辽宁忠盛决赛322名
486018,威力-艾佛拉特桑杰士
486022,荷兰佛科克父子
486023,噶斯顿·大铭鸽奶酪小子近亲
486024,比利时丹尼斯•萨宾.桑杰士
486026,比利时丹尼斯•萨宾.桑杰士
486027,比利时丹尼斯·萨宾.桑杰士
486052,比利时丹尼斯•萨宾.桑杰士
486053,北京爱亚卡普550公里决赛309名
486073,佛科克.三关鸽王总冠军
486075,荷兰.佛科克父子.
486099,
486107,
486139,新奥林匹克王子X梦想女郎
486143,
48625,日本魔鬼系
486260,钻石配对
486263,钻石配对
486322,七星号直孙
486358,詹森019
486375,世界铭鸽“新福雷迪”全兄弟直子
486390,电脑——戈马力.佛布鲁根原舍
486409,电脑——戈马力.佛布鲁根原舍
486414,电脑——戈马力.佛布鲁根原舍
486421,杨.欧瓦克
48646,雷腾X弗洛英格斯
486517,
486541,电脑戈马利
486719,
486726,
486751,乔斯.乔森
486806,
486807,马克*贝隆
486809,
486810,贝隆
486813,詹森美元号
486822,
486823,
486824,
486825,
486826,
486827,
486828,
486829,
487124,芬妮卡5000
487128,芬妮卡5000
487194,芬妮卡5000
487195,芬妮卡5000
487196,芬妮卡5000
487198,完美號，詹森紅狐狸，殺手號’
487295,乔斯.乔森
487307,
487360,
487361,
487363,吉林克斯-林波尔
487368,林波尔.-盖比
487388,凡龙.-卡萨
487389,戈马力-霍夫肯-奶酪.
487396,
487405,利奥.贺尔曼斯
487476,苍白
487477,苍白
487488,桑杰士
487489,桑杰士
487490,桑杰士
487493,桑杰士
487523,速霸龙
487550,
487599,葛斯顿-范德瓦尔-奶酪小子
487612,詹森公主号*詹森81红狐狸
487614,葛斯顿-范德瓦尔-奶酪小子
487618,詹森万羽十位*老火箭
487648,-盖比
487721,詹森传奇05*詹森019
48774,胡本系
487788,
487793,
487795,
487796,
487811,詹森白羽号詹森德国“鸽王双亚军”配对詹森南非“黑珍珠”
488112,
488219,鲁道克拉森
488336,008贝隆
488337,威廉吉尔特
488362,七星号重孙
488480,
488484,
488489,
488498,
488523,七星号重孙
488686,
488777,小狼狗号X七冠王
488806,霍夫肯.盖比-乳酪.
488870,迪沃斯近血X迪沃斯女儿
488889,克拉克05
488947,盖比
489046,恩格斯178系配恩格斯231系
489047,大头詹森/迪沃斯/贝克西北王女
489049,西北王/悍将/恩格斯
489054,钻石
489198,
489210,
489212,胡本
489213,
489215,
489219,钻石王直子-鲁道克拉森-蓋比664直女
489220,胡本
489409,胡本
489469,马克迪库克
489520,飞戈海蒂948直系/悍将金红砂女
489521,白雪公主
489526,
489553,佛尔布文x山普森
489652,克拉克
489673,考夫曼安娜丽丝直子X阿拉丁直女
489697,迪卢速霸龙
489704,詹森原舍最后的麦克斯
489713,詹森
489714,詹森
489726,
489730,
489734,福洛恩格斯
489740,电脑.戈马利
490166,闪电金童桑杰士配电脑二号桑杰士
490173,亨利
490193,
490208,
490236,赫尔曼.波尔
490323,贝隆*桑杰士
490326,贝隆*波西瓦
490332,
490334,贝隆*波西瓦
490335,芬尼卡
490578,利奥．赫尔曼斯
490590,大铭鸽“欧元”直子
490597,乔斯.佛卡门
490598,乔斯.佛卡门
490599,乔斯.佛卡门
490600,乔斯.佛卡门
490602,乔斯.佛卡门
490603,乔斯.佛卡门
49100,安德烈、勃默德系
491084,杨.杜恩原舎
491090,杨.杜恩原舎
491101,杨.杜恩原舎
491127,胡本大名鸽“完美号”直子
491150,“超级完美号”直子
491151,”超级完美号“近亲回血直子
491152,“超级完美号”近亲回血直子
491185,“超级完美号”直子
491187,“超级完美号”直子
491188,“超级完美号”直子
491189,“超级完美号”直子
491193,“超级完美号”直子
491195,“超级完美号”直子
491198,“舒马赫”直子
491199,健将
491201,
491364,七星号直孙
491370,七星号妹妹直孙
491371,利奥.赫尔曼斯
491422,杨.杜恩
491494,
491519,
491543,卡萨
491544,盖比
491549,【鲁道.克拉森】
491554,林波尔-钻石王
491561,戈马力-胡本
491566,盖比
491569,林波尔.公牛524近亲
491583,盖比
491668,速霸龙X文斯特拉
491689,
49174,詹森20次冠军019直孙
491877,七星战神直子
491903,七星号直孙
491926,
491958,飞戈
491975,林波尔原舍
492061,
492075,至尊507
492077,至尊507
492095,胡本小艺术家X（恩格斯231X胡本）
492097,钢针家族
492126,詹森白羽号*黑珍珠
492127,詹森老火箭
492192,
492285,乔斯佛卡门
492322,桑杰士
492327,钻石汤姆直子配大母狗
492337,桑杰士
492342,桑杰士
492356,钻石汤姆直孙女
492372,
492393,史多西斯
492411,
492415,贺夫肯回血
492417,贺夫肯
492442,贺夫肯
492448,创造者
492449,创造者
492456,金矿系列
492552,乔斯.佛卡门.
492553,乔斯.佛卡门.“
492554,瓦特钻石王
492667,利奥·贺尔曼系
492697,
492861,戈马力
492866,戈马力
492950,佛卡门
492952,佛卡门
492987,苍白骑士
492988,苍白骑士
493042,三冠王
493055,肖恩*乔治
493126,501近血
493128,501近血
493167,利奥.赫尔曼斯
493177,
493178,
493186,亨斯特兄弟联合鸽舍
493229,考夫曼蓝色贵族
493414,老乔治*020
493522,戈马力
493525,戈马力
493526,艾迪卢太茨
493527,艾迪卢太茨
493528,格林伍德
493532,胡本
493534,詹森
493535,詹森
493557,考夫曼
493563,
493571,
493656,克里斯.赫伯瑞×胡本
493721,
493723,
493724,
493725,
493726,
493729,
493730,
493735,
493737,
493787,盖比配桑杰士
493802,胡本
493805,胡本
493875,胡本原舍
493908,
493958,
494040,
494044,
494047,
494052,
494053,
494054,
494058,
494217,健将
494285,健将
494436,【詹森小火箭】
494437,米卫X盖比X速霸龙
494464,利奥原舍x比利时4关鸽王超白号
494780,
494813,
494819,乔斯.乔森
494821,哈迪克鲁格X咆哮
494839,超级金球幕利门
494989,东方不败
49506,荷蘭尼克.范諾登作翔
49507,荷蘭尼克.范諾登作出
49512,荷蘭長距離賀爾曼.布林克曼
49514,P.+H.P.Brockamp德國布洛坎普父子
495243,戈玛力×彼德.曼德斯
495300,超级73X099之女
495325,瓦特
49542,
495732,爱亚卡普詹森X胡本
495734,爱亚卡普詹森X阿波罗
495775,盖比
495776,盖比
495782,
495847,盖比配桑杰士
495862,盖比配桑杰士
495913,米卫751X詹森X盖比
495916,米卫751X詹森X盖比
495924,米卫751X詹森X盖比
495927,米卫751X詹森X盖比
495953,米卫751X詹森X盖比
496051,
496052,
496083,100%乔斯托内拿破仑
496084,100%乔斯托内拿破仑
496125,林波尔.瓦特
496331,奶酪小子配盖比
496369,100%乔斯托内拿破仑
496380,100%乔斯托内拿破仑
496405,100%乔斯托内拿破仑
496407,100%乔斯托内拿破仑
496411,100%乔斯托内拿破仑
496412,100%乔斯托内拿破仑
496436,爱亚卡普“指挥官”
496453,100%乔斯托内拿破仑
496488,胡本
496499,凡龙
496509,凡龙
496514,凡龙
496519,凡龙
496520,凡龙
496885,福雷迪
496907,伊天·梅尔浪
496910,福洛恩格斯
496949,
496956,
496963,乔治波里
496967,乔治波里
496975,乔治波里
496978,乔治波里
497001,乔治波里
497140,
497160,
497163,福雷迪
497165,
497200,乔治波里
497208,乔治波里
497215,乔治波里
497223,飞戈X金伟鱼行“百万将军血系”
497230,乔治波里
497239,盖比配桑杰士
497242,【鲁道.克拉森】-瓦特钻石王
497260,鸽友通:
497281,
497285,波西瓦X飞戈
497337,金伟鱼行“百万将军”血系配“飞戈”血系
497663,白雪公主
497675,白雪公主
497773,电脑戈马力x德拉帕
497775,电脑戈马力x德拉帕
497776,
497790,
497792,
497794,
497795,
497796,
497831,詹森麦克斯*詹森黑珍珠
498071,
498072,
498091,琥珀家族
498187,钢针家族
498192,“路易斯”X“乔安娜”
498199,“小火石”X“推土机玉女”
498204,“黑鹰悍将”X“银河Ⅱ号”
498206,
498207,鸽友通:
498208,“黑鹰美眉”直女
498211,鸽友通:
498215,鸽友通:
498239,鸽友通:
498241,鸽友通:
498243,鸽友通:
498261,凡戴克所向无敌
498262,
498278,凡德.普拉斯
498397,白雪公主
498453,
498457,
498459,
498502,
498503,戈玛力
498519,桑杰士
498546,胡本
498576,桑杰士配速霸龙
498716,盖比配桑杰士
498764,胡本
498830,智者869直子X乔斯、佛卡门
498925,苍白骑士直子X智者869直女
498950,鸽友通:
499018,银影
499036,桑杰士闪电金童近亲直孙女
499040,桑杰士闪电金童近亲直孙
499083,白雪公主
499084,白雪公主
499088,鸽友通:
499089,鸽友通:
499136,鸽友通:
499139,鸽友通:
499153,鸽友通:
499180,
499269,鸽友通:
499272,鸽友通:
499350,詹森919X林波尔X戈玛丽
499419,
499524,奶酪
49961,胡本
499639,
499643,
499665,东方不败X金牌355直女
499681,
499701,
499807,凡龙詹森*贝壳詹森
499863,
499879,鸽友通:
499881,鸽友通:
499885,鸽友通:
499910,鸽友通:
500093,速霸龙
500178,福雷迪·范西
500251,考夫曼
500394,
500399,
500408,胡本近亲
500447,胡本
500600,詹森
500690,
500825,葛斯顿.范德瓦尔
500833,葛斯顿.范德瓦尔
500835,葛斯顿.范德瓦尔
500837,葛斯顿.范德瓦尔
500842,桑杰士鸽系涡轮族系近亲作出
500851,普波号直子X丹尼斯孙女
500856,斯洛伐克鸽王X百鸽三关160名
500861,
500904,葛斯顿.范德瓦尔
500956,波西瓦X751
500959,电脑戈马力原舍
500970,
500973,
500974,友祥东方不败孙X09年威力32名
500982,詹森751X波西瓦
50109,
501523,
501621,詹森
501629,马克.罗森斯
501661,
501662,
501695,
501715,萧山雄188×郭氏天马072
501716,萧山子代配“永不妥协”
501789,
501790,
501793,
501796,
501798,
501799,
501800,
501801,
501802,林波尔
501805,
501807,
501809,
501812,
501813,
501814,戈马力
501815,
501816,
501820,
501821,
501902,
501926,
502300,
502304,詹森
502312,史古梅斯
502410,考夫曼
502462,东方不败
502470,桑杰士
502534,乔斯佛卡门
502541,乔斯佛卡门
502652,
502701,
502790,彼得.米卫*卡萨*艾里克林伯格*克拉克
502800,鲁迪直女
502827,葛斯顿.范德瓦尔
502839,葛斯顿.范德瓦尔
502854,葛斯顿.范德瓦尔
502875,葛斯顿.范德瓦尔
502882,葛斯顿.范德瓦尔
502886,葛洛尼维尔德
502895,葛洛尼维尔德
502939,戈马力-凡龙
502983,
502985,
502986,
502987,
502988,
502990,
502996,
502999,
503000,
503072,胡本
503097,胡本
503098,胡本
503100,佛卡门X利摩日
503101,利摩日
503105,詹森
503120,
503367,国家一号
503377,詹森
503410,利摩日
503412,米卫王太子与公主直子
503461,
503463,
503472,速霸龙
503476,
503601,东方不败
503912,
504007,詹森*克拉克
504008,盖比·凡得纳比
50404,芬妮卡5000公棚4名
504045,
504053,辉煌闪电号
504087,
504138,
504139,
50427,
50430,
50432,25%哈根斯血统
504335,胡本380系
504357,胡本380系
504358,胡本380系
504362,胡本380系
50442,帝盧－速霸龍夢幻配對
504612,利奥
504637,利奥
504639,利奥
504666,
504669,葛斯顿.范德瓦尔
504670,葛斯顿.范德瓦尔
504676,葛斯顿.范德瓦尔
504682,葛斯顿.范德瓦尔
504683,葛斯顿.范德瓦尔
504686,吉林克斯
504688,葛斯顿·范德瓦尔
504689,葛斯顿·范德瓦尔
504726,胡本
504752,
504897,江源赛鸽
50491,苍白骑士
504974,
505099,盖比*考夫曼
505170,
505181,
505303,森林之王不劳尔
505305,森林之王不劳尔
505322,
505348,速霸龙
505370,威兼吉尔特X托斯顿道姆X公牛
505371,威兼吉尔特X托斯顿道姆X公牛
505395,艾尔克·约翰·范德贝
505427,慕利门军校生
505456,【鲁道.克拉森】
505473,
50554,路易斯.凡龙
505685,马克迪库克
50579,闪电金翼桑杰士
505793,
505822,
505831,速霸龙
505848,
505879,金佰利种鸽“盖比”
505889,
505900,金佰利种鸽“阳光家园影色影子”
505909,金佰利种鸽影色影子
50604,
50606,
50607,帝卢速霸龙
506074,
50608,考夫曼
506096,克拉克*鲁道克拉森*纽文豪斯
50613,考夫曼
506159,鲁道克拉森
506162,狄杰克·福雷迪
506165,
506179,天体盖比
506200,天体盖比
50622,考夫曼
506245,
50629,考夫曼
506427,“乳酪小子”
506431,“乳酪小子”
506554,利奥贺尔曼斯
506602,华尔.詹吉
506762,詹森红狐
506764,詹森红狐
506765,詹森红狐
506868,电脑戈马利
507028,佛罗森父子
507029,佛罗森父子
507033,佛罗森父子
507034,佛罗森父子
507073,
507109,英格斯x电脑戈马力
507134,
50715,帝盧-速霸龍
507209,利奥.贺尔曼斯原舎
507215,利奥.贺尔曼斯
507222,芬尼卡5000
507228,哈利.凡赫特姆
507282,帝贝克.巴腾斯
507304,佛罗森父子
507358,林波尔
507359,桑杰士
507364,林波尔
507487,戈马力
507733,艾迪.格罗
507798,文斯特拉配利奥
507800,罗森.波斯
507804,桑杰士配速霸龙
507849,盖比.凡得那比原舎
507859,盖比.凡得那比
507888,盖比
507915,
507932,
508116,
508245,噶斯顿-凡德沃尔
508246,噶斯顿-凡德瓦尔
508359,
508455,考夫曼，山格斯，马克迪库克
508466,
508575,
508625,苍白系
508632,苍白骑士
508634,苍白骑士
508688,盖比神鹰配梦想号
508692,詹森-斯托克
508698,维塞尔X妮莉
508701,波基配对直子X乌诺直孙
508712,乌诺
508715,乌诺配飞戈
508719,基思.波西瓦
508790,乔.巴塞罗那
508792,飞戈
508794,波西瓦
508797,国家II号X白雪公主全妹
508810,所向无敌配小火箭
509049,
509190,福雷迪
509198,“黑市拳王”家族—威姆.迪特洛
509203,威姆.迪特洛
509248,天体盖比
509250,
509328,
509393,荷兰国家赛560公里41712羽冠军直女
509482,桑杰士
509500,
509570,东方巨霸X昭君
509577,甘纳斯
509578,甘纳斯终止号
509585,盖比
509586,盖比
509587,盖比
509727,本舍主力种鸽
509736,
509765,东方不败直孙
509777,
509795,
509797,
509798,幸运81直子
509802,幸运81直子
509804,幸运81直子
509805,幸运81直子
509846,
509849,
509850,
509852,
509853,
509854,
509855,
509856,
509857,
509858,
509859,
509860,
509862,
509863,
509864,
509887,卡曼
509893,卡曼
509896,卡曼
509909,芮娜
509958,佛科克
510025,马塞尔.沃特斯原舍
510124,
510191,苍白骑士
510192,苍白骑士
51022,盖比
510220,彼得.米卫鸽王751近亲曾孙
510235,
510237,飞戈
510383,佛科克
51044,
510488,
510489,佛科克
510496,福登霍芬，佛科克，哈利
510516,
510531,吉瓦特．兰努
510533,乔斯.佛卡门
510549,威联吉尔特
510585,鲁迪狄萨尔
510649,
510650,
510688,里奥
510691,盖比、闪电号
510788,吉林克斯原舍
510789,拉索特年全国季军全（姐妹）直子
510794,拉索特年全国季军全姐妹直女
510798,卡曼
51080,罗杰-佛罗里松
510825,卡曼
510864,卡曼
510866,卡曼
510869,詹森，荷比冠军123，山格斯，考夫曼
510886,文斯特拉，佛科克
511195,
511275,哈利
511296,
511307,马塞尔.沃特斯
511309,利奥.贺尔曼斯
511312,利奥.贺尔曼斯
511316,利奥.贺尔曼斯
511317,利奥.贺尔曼斯
511318,利奥.贺尔曼斯
51132,¨飞毛腿¨詹森
511330,伯马冠军，幸运848
511333,考夫曼，山格斯
511372,佛勒曼斯-派利克斯原舍
511450,
511480,郝伯特X马克罗森斯369
511494,利奥“003”直孙
511523,凡艾尔、扎克
511564,利奥贺尔曼斯
51161,考夫曼
511624,丹尼斯X奥尔良
511626,丹尼斯X奥尔良
511627,丹尼斯X奥尔良
511632,幸运81直孙
511634,幸运81直孙
511635,幸运81直孙
511800,闪电
511815,安德烈.勃默德配詹森邦德007
511917,贝克詹森
511926,芮娜(雷纳特父女)原舍
511928,
511937,芮娜(雷纳特父女)原舍
511944,
511946,
511947,
511953,
511957,阿尔伯特.帕格
511958,阿尔伯特.帕格原舍
511966,阿尔伯特.帕格
512005,
512006,
512030,
512178,詹森019X詹森小火箭
512202,桑杰士原舍
512203,桑杰士原舍
512204,威力.艾佛拉特原舍
512308,克拉克
512310,盖比*图尼尔
512332,新福雷迪直孙
512351,
512362,
512428,盖比.凡得那比原舍
512429,盖比.凡得那比原舍
512480,杨·龚多拉斯X‘东方玉妹’
512494,胡本
512497,福洛恩格斯
512499,威联吉尔特
512512,
512517,凡哈佛.迪佛
512520,凡艾尔扎克
512549,泰斯-彼得斯（Thijs-peters）原舍
51263,速霸龙“好手”号直女
512660,恩格斯
51278,福洛里松x凡布利安娜
512820,贺尔曼斯、詹森
512837,杨.范德帕斯
51284,
512849,奶酪
512899,
512905,
512909,噶斯顿.大铭鸽奶酪小子.直子
512911,比利时速霸龙x凡路易.桑杰士
512916,凡戴克-原舍
512917,速霸龙.北京惠翔决赛67名
512919,威力.艾佛拉特桑杰士
513012,利奥.贺尓曼斯
513068,奶酪
513077,倚天.迪沃斯
513267,盖比·凡得那比
513351,
513425,英格斯“178”曾孙
513446,电脑戈马力
513454,英格斯“178”曾孙
513468,宾尼.史帝文
513490,利奥贺尔曼斯
513503,利奥贺尔曼斯
513509,速霸龙
513539,电脑戈马力
513599,凡.德.韦尔德原舍
51360,芬妮卡*万侯
513600,凡戴克.迪克
513601,约翰.波尔
513613,布里克原舍
513616,詹森019X小火箭
513678,速霸龙
513704,佛科克
513830,
513833,彼得曼德仕
513852,桑杰士
513864,佛科克，利奥海尔曼
513886,848
51392,苍白骑士
51396,苍白骑士
514049,电脑戈马力
514058,考夫曼，马克迪库克
514068,考夫曼，山格斯，马克迪库克，佛科克
514083,考夫曼，马克迪库克，佛科克
514169,电脑戈马力
514192,电脑戈马力
514214,飞戈家族
514240,电脑戈马力
514269,
514271,
514283,电脑戈马力
514347,詹森X海尔曼
514363,电脑戈马力X速霸龙
514438,世界鸽王冠军甘纳斯道波
514657,凡代克系种鸽
514739,盖比
514740,盖比
514742,盖比
514743,盖比
514745,盖比
514748,盖比
514750,盖比
514754,盖比
514755,盖比
514960,盖比
515022,盖比
515023,王者之王
515037,亚伯特德瓦
515081,亚伯特德瓦
515084,泰奥克雷克（吐尼尔）
515091,飞戈家族
51528,势山系
515317,帝卢速霸龙
51532,势山系
515334,瓦特钻石王直子
51536,
51539,
515396,
515397,
515413,
515420,
515424,盖比凡德纳比
515431,林波尔公牛524
515452,利奥贺尔曼斯
515472,胡本
51549,
515550,詹森红狐狸
515588,阳光家园胡本
51560,势山系
51575,势山系
51577,势山系
51579,速霸龍
51580,帝盧-速霸龍
515915,威力冠军外孙X鹰眼号侄女
515971,飞戈
516001,泰斯—彼得斯
516002,泰斯—彼得斯
516003,罗曼波治X里奥、贺尔曼
516006,帅哥X小柏林半姐妹
516007,博尔特雌直孙子
516008,佛克男孩X小雪佛兰搏尔特
516011,盖比、凡得那比
516014,盖比、凡得那比
516161,
516281,詹森红狐*桑杰士*电脑
516287,罗尼桑杰士*乔斯托内
516296,
516327,
516340,贺夫肯
516345,盖比
516350,盖比
516353,盖比
516357,盖比
516360,库瑞斯.克雷伯
516377,
516483,卡萨
516484,卡萨
516555,盖比凡德纳比原舍
51673,势山系
51674,势山系
51676,势山系
51677,势山系
516863,詹森原舍公主号直子
516866,詹森公主号直女
516876,浅斑公主直子
51688,考夫曼
516882,源于詹森世界铭鸽“冬日男孩”双重近亲直系
516901,彼得.曼德斯詹森原舍
516941,彼得.曼德斯
516946,杨欧瓦克
517114,佛科克×克里斯·赫伯瑞
517155,林波尔快速王*奇迹32
517156,林波尔奇迹539
517170,林波尔飞行船*奇迹
517172,林波尔飞行船*波治
517183,
517202,速霸龙X欧洲皇冠
517205,群鹰闪电系
517245,群鹰闪电系
51737,苍白骑士
517465,
517538,凡登帕斯*爱亚卡普“指挥官”
517545,凡登帕斯*爱亚卡普“指挥官”*爱亚卡普詹森
517558,
517568,德国战神
517571,世界公棚霸主
517575,
517576,葛斯顿奶酪小子
517578,
517605,杨直子X奥林匹克03直女”外孙
51761,
517681,
517685,
517686,
517758,葛斯顿“乳酪小子”
517795,葛斯顿“乳酪小子”
517799,
517877,詹森红狐
517878,詹森
517879,彼得.曼德斯詹森
517880,咆哮
517882,詹森
517889,艾迪.夏拉肯原舍
517898,福洛.英格斯
517901,福洛.英格斯
517906,慕利门
517949,慕利门
518092,戈马力
51822,威廉基尔特*詹森红狐
518240,葛斯顿.范德瓦尔
518242,葛斯顿.范德瓦尔
518248,葛斯顿.范德瓦尔
518289,
518466,
518467,
518578,速霸龙
518765,甘纳斯世界鸽王冠军家族
518900,比利时胡本原舍
518901,比利时杰夫胡本原舍
518934,
519221,奶酪
519222,奶酪
519236,利奥.赫尔曼斯
519357,辉煌大帝配史多西斯
519358,胡本配詹森
519359,史多西斯配胡本
519360,史多西斯配胡本
519361,胡本配史多西斯
519362,胡本配史多西斯
519363,胡本配凡龙
519365,史多西斯配胡本
519368,胡本配史多西斯
519369,胡本配詹森
519370,戈马力配戈马力
519371,史多西斯配胡本
519372,戈马力之女
519373,阳光少年配史多西斯
519374,辉煌大帝配史多西斯
519376,凡龙配胡本
519377,阳光少年配胡本
519378,史多西斯配胡本
519379,阳光少年配辉煌大帝之女
519380,史多西斯配胡本
519382,史多西斯配胡本
519383,阳光少年配凡龙
519385,史多西斯配胡本
519386,史多西斯配胡本
519388,史多西斯配胡本
519389,阳光少年配胡本
519391,史多西斯配胡本
519392,凡龙配胡本
519393,阳光少年配史多西斯
519394,阳光少年配史多西斯
519395,史多西斯配胡本
519398,史多西斯配胡本
519399,史多西斯配胡本
519438,
519441,
519442,英格斯兄弟
519571,吉林克斯
519629,摩利门
51965,村松*威廉基尔特
51975,稳拿种鸽飞毛腿*慕里门
519766,
519808,英格斯“178”直孙
519822,依万黑
51984,
519865,詹森*盖比
519868,甘纳斯世界鸽王冠军家族
519871,甘纳斯世界鸽王冠军家族
519967,甘纳斯世界鸽王冠军家族
520000,
520124,阿米巴“罗杰波森斯”
520128,阿米巴“罗杰波森斯”
520149,盖比詹森
520164,
520175,
520177,
520183,阿米巴“罗杰波森斯”
520188,
520189,
520204,
520206,
520210,
520211,
520222,
520223,
520241,阿米巴“保罗西翁系”
520242,阿米巴“保罗西翁系”
52026,穆利门X带电詹森
52053,詹森919考夫曼爱坐者
52054,威力万富
52059,速霸龍
520697,盖比
520731,詹森
520742,盖比
520770,詹森
520784,
520790,詹森
520886,国家一号
520890,电脑X胡本
520891,利摩日
520895,胡本
520898,胡本
520922,胡本
520971,詹森
520972,詹森
520973,佛卡门
520974,詹森
520981,詹森
520985,詹森
520988,胡本
520995,佛卡门
521093,詹森
5211,纯詹森
521102,利摩日
521104,佛卡门
521105,利摩日
521106,利摩日
521107,利摩日
521109,利摩日
521110,利摩日
521114,利摩日
521116,利摩日
521117,利摩日
521118,利摩日
521120,利摩日
521121,利摩日
521122,利摩日
521123,利摩日
521124,利摩日
521125,利摩日
521128,利摩日
521129,利摩日
521155,超远程国血精品
521555,范多普父子
521573,速霸龙
521596,速霸龙
521660,葛斯顿.范德瓦尔原舍
521815,吐尼尔
52182,愛力克.林伯格
521845,
521969,凡龙
521982,葛斯顿.范德瓦尔原舍
522002,葛斯顿.范德瓦尔原舍
522015,葛斯顿.范德瓦尔原舍
522025,葛斯顿.范德瓦尔原舍
522032,葛斯顿.范德瓦尔原舍
522041,佛巴斯46VS05詹森
522043,葛斯顿.范德瓦尔原舍
522046,葛斯顿.范德瓦尔原舍
522049,葛斯顿.范德瓦尔原舍
522051,葛斯顿.范德瓦尔原舍
522135,
522174,凡龙
522175,凡龙
522176,凡龙
52218,
522183,里欧.贺尔曼原舍
522186,凡龙
522195,里欧.贺尔曼原舍
522196,里欧.贺尔曼原舍
522236,里欧.贺尔曼
522271,迪卡普里奥
522316,凡龙
522332,
522333,
522338,
522347,
52238,凡王路易“90”号、“372”号、近血
522431,杨欧瓦克
522432,杨欧瓦克
522438,杨欧瓦克
522481,路易斯.凡龙
522507,奶酪
522512,奶酪
522534,凡龙
52258,荷兰恒德利凡王路易
522598,凡龙
522638,电脑.戈马力
522643,电脑.戈马力
522696,出自“灰劲力直子”x“贝拉”
522772,杨欧瓦克超级84直子
522786,杨欧瓦克超级83直子
522795,芬妮卡5000
522810,芬妮卡5000直孙回血
522872,智尊传媒乳酪家族
522900,速霸龙
522902,胡本原舍
522905,胡本原舍
522913,速霸龙
522924,
522928,
522929,
522930,
522931,
522969,芬妮卡5000*阿斯克近交
523023,凡艾登-葛瓦斯原舍
523027,凡艾登-葛瓦斯原舍
523029,凡艾登-葛瓦斯原舍
52306,帝盧-速霸龍
523065,桑杰士
52307,愛力克.林伯格
523080,桑杰士
523082,桑杰士
523088,安德烈-德拉帕
523090,考夫曼
523109,
523129,
523130,贵族强龙
523131,贵族强龙
523165,贵族强龙
523185,葛斯顿..范德瓦尔原舍.
52319,德国*村松
523235,贵族强龙
52335,村松
523351,贵族强龙
523363,（A.u.W.Drapa）原舍
523428,桑杰士
523485,佛卡门狮王号回血
523537,马太依斯-佛卡门
523574,国家一号X戈马利
523578,桑杰士
52359,势山系
52360,哈贝尼斯老种
523639,凡龙
523645,杨欧瓦克
523646,杨欧瓦克
523647,杨欧瓦克
523648,杨欧瓦克
52369,荷兰凡吉尔老种之多利、兰奇、老59等近血直代
523695,凡龙
523702,詹森X米卫
523709,第一武士
523710,第一武士
523714,戈玛丽XVIP
523716,林波尔X东方不败
523824,凡龙
523837,盖比
523841,强龙
523854,凡龙
523866,强龙
52398,福洛佛沃特芬尼卡5000
523989,胡本
524028,葛斯顿.范德瓦尔原舍
524040,葛斯顿.范德瓦尔原舍
524102,里奥.贺尔曼
524119,2012-21-022976♀
524120,
524124,
524145,桑杰士
524149,桑杰士
524151,桑杰士
524154,国家一号X戈马利
524163,安德斯聯合鴿舍X楊.歐瓦克
524165,楊.歐瓦克X彿科克父子X彼得.文斯特拉
524169,弗豪斯-佛哈根原舍
524180,
524185,桑杰士
524190,桑杰士
524198,桑杰士
524218,桑杰士
524220,桑杰士
524369,桑杰士
524374,桑杰士
524375,桑杰士
524377,桑杰士
524378,
524382,
524393,桑杰士
524400,桑杰士
524643,
524652,考夫曼
524653,考夫曼
524654,考夫曼
524674,考夫曼
524680,考夫曼
524681,考夫曼
524685,考夫曼
524686,考夫曼
524687,考夫曼
524690,考夫曼
524694,考夫曼
524696,考夫曼
524697,考夫曼
524698,考夫曼
524699,考夫曼
524700,考夫曼
524701,考夫曼
524702,考夫曼
524707,考夫曼
524708,考夫曼
524709,考夫曼
524710,考夫曼
524711,考夫曼
524713,考夫曼
524714,考夫曼
524718,考夫曼
524720,考夫曼
524722,考夫曼
524724,考夫曼
524725,考夫曼
524726,考夫曼
524727,
524767,扬阿腾
524818,凯撒
524819,凯撒
524820,凯撒
524822,凯撒
524823,凯撒
524824,凯撒
524825,凯撒
524826,桑杰士
524827,凯撒
524828,凯撒
524829,凯撒
524830,凯撒
524831,凯撒
524832,凯撒
524840,梦想家血统
524841,梦想家血统
524842,梦想家血统
524843,梦想家血统
524844,梦想家血统
524845,梦想家血统
524846,梦想家血统
524847,梦想家血统
524849,梦想家血统
524851,梦想家血统
524852,考夫曼
52491,考夫曼
524943,
525015,
525018,
525019,
525029,
525030,
525031,
525032,
525034,
525035,
525037,
525038,
525040,
525048,
525058,
525061,
525064,
52507,考夫曼
525074,
525077,
525087,
525104,
525110,
525111,
525167,林波尔X甘纳斯
525177,考夫曼
525236,佛罗恩格斯
525247,盖比
525253,盖比原舍
525259,盖比原舍
525265,盖比原舍
525268,盖比原舍
525542,
52557,詹森考夫曼
525651,瓦特钻石王近亲直女
525670,瓦特钻石王子010*瓦特钻石王直女360
525702,速霸龙*盖比
525719,
525721,
525722,
525762,
525838,
525988,战斗机·红蝴蝶
526088,100%乔斯托内
526119,凡龙配雄风号
526120,凡龙配雄风号
526146,盖比
526147,
526149,英格斯
526158,英格斯
526159,英格斯
52618,西翁詹森VOS系
526250,利奥•赫尔曼斯
526334,伯马佑德
526372,第一武士*罗尼桑杰士武器号
526457,林波尔*电脑巴龙
526458,林波尔*电脑年轻巴龙
526459,林波尔*狮王号
526466,林波尔*狮王号
526607,葛斯顿乳酪
526608,葛斯顿乳酪
526609,奶酪
526610,奶酪
526622,盖比*戈马力
526633,林伯格雅纳克直孙*凡龙
52665,凡.王路易90系×万德维根系
526726,
526736,利蒙治号近亲
526861,甘纳斯X林波尔
527173,林波尔*盖比
527393,胡本
527394,胡本
527398,胡本
527407,PEC原舍
527408,吉林克斯原舍
527423,葛斯顿.范德瓦尔
527429,葛斯顿.范德瓦尔
527687,克里克.吉诺
527717,沃克父子原舍
527897,
527909,出自神奇配对“奥兰多”x“尼古莉娅”
527913,出自顶尖配对“奥兰多”x“尼古莉娅”
527918,出自顶级配对“奥兰多”x“尼古莉娅”
527924,出自“小梦想家”x“法兰妮”
527981,出自顶级配对“塔伯”x“南希”
527989,佛科克父子
528003,盖比凡德纳比原舍
528026,葛斯顿.范德瓦尔
528031,
528035,
528041,出自杨.胡曼斯顶级血系x基础配对“塔比1号x金姆1号”之直女
528042,零缺陷
528056,凡戴克所向无敌
528293,戈马力原舍
528334,
528409,桑杰士
528461,胡本
528477,乔汉迪贝塞原舍
528478,乔汉迪贝塞原舍
528498,
528508,英格斯178近亲
528609,圭多
528611,圭多
528612,圭多
528613,圭多
528614,圭多
528615,圭多
528616,赖铭沧金奖591
528617,圭多
528625,马克罗森斯
528664,
528767,彼得-文斯特拉X佛科克
528788,
528806,飞戈
528832,------------------
528854,世界铭鸽“所向无敌”近亲
528858,
528864,奥布-德比克詹森
528868,杨欧瓦克x速霸龙
528869,飞戈x杨欧瓦克
528923,...
529002,鲁迪直女
529101,桑杰仕
529107,飞戈x戈马力
529108,文斯特拉x飞戈x盖比
529112,文斯特拉x佛科克x盖比x飞戈
529137,
529334,詹森019x英格斯
529378,出自“全省鸽王亚军”x“小波瓦全姐妹”
529428,爱亚卡普X利奥X范德维恩
529454,
529584,出自“尼古拉斯”x“萨菲拉”
529586,布洛坎普
529595,德拉帕
529598,艾米尔·丹尼斯
529603,帝卢·速霸龙
529604,帝卢·速霸龙
529606,帝卢·速霸龙
529623,考夫曼
529756,
52979,
529808,彼得文斯特拉
529809,
529811,葛斯顿.范德瓦尔
529819,葛斯顿.范德瓦尔
529821,葛斯顿.范德瓦尔
529822,葛斯顿.范德瓦尔
529824,展品名称:
529825,葛斯顿.范德瓦尔
529828,卡洛斯X阳光号
529831,里欧.贺尔曼
529834,
529848,乔司托内.飞奴
529849,乔司托内.飞奴
529854,奶酪x文斯特拉
529857,奶酪文斯特拉
529859,
529864,彼得文斯特拉
529953,胡本配桑杰士
529956,
530020,杨.欧瓦克
530025,
530040,考夫曼
530041,考夫曼
530042,考夫曼
530043,考夫曼
530044,考夫曼
530045,考夫曼
530046,考夫曼
530059,热带神奇X蓝波2号直女
530060,蒙娜丽莎直子X费里斯寇
530061,甘纳斯
530062,牛眼X天使号
530063,155直子X超级快客699直女
530065,布莱利X火箭号直女
530066,艾瑞克X火箭号直女
530067,蒙娜丽莎直子x天使时间
530068,创造者直子X钻石飞行员
530103,甘纳斯
530128,
530146,乳酪
530202,杨.胡曼斯
530204,布兰得利X火箭号直子
530252,罗马里奥家族
530253,丹尼·凡戴克“加农炮”
530254,丹尼·凡戴克“加农炮
530256,丹尼·凡戴克“加农炮
530257,丹尼·凡戴克“加农炮
530258,丹尼·凡戴克“加农炮
530289,迪克.凡戴克
530362,东方不败回血
530372,东方不败回血
530373,东方不败回血
530374,桑杰士配东方不败
530375,桑杰士配东方不败
530382,
530395,佛卡门
530397,国家一号
530400,詹森
530419,桑杰士配东方不败
530423,桑杰士配鲁道-克拉森
530424,布洛坎普
530425,帝卢·速霸龙
530433,东方不败直孙女
530437,
530439,
530476,戈马力
530539,
530541,盖比
530578,
530657,纯血詹森919回血
530805,盖比·凡得那比
530916,吉林克斯
530919,吉林克斯
530920,詹森红狐
530922,詹森原舍
530924,詹森公主号回血
530925,詹森公主号回血
530926,吉林克斯
530927,詹森血系
531041,
531044,
53105,考夫曼
53110,幕利门*林波尔
53116,幕利门*林波尔
531207,詹森
531208,詹森紅狐
531210,詹森紅狐
531213,
531216,赫伯瑞×杨欧瓦克
53123,詹森红狐
53137,桑杰士
53147,琥珀巨星*涡轮新锐
531566,福洛.英格斯
531576,盖比·凡得那比
531577,盖比·凡得那比
531624,速霸龙
531641,“黄金男孩&詹森519全兄弟”直子*钻石配对
531649,超级号詹森*金母3396*恩格斯178
531660,贝壳詹森
531661,凡龙
531684,出自“吉尔特”x“金棕榈号”
53169,
531698,詹森老火箭第四代
531710,詹森老火箭第三代
531824,秃头199
531901,
531964,盖比闪电号直孙女
531983,
532020,詹森老火箭第三代
532063,詹森老火箭
532064,
532066,
532112,利奥“奥林匹克003”家族
532120,罗杰.富雷卡
532136,盖比·凡得那比×佛科克父子
532157,詹森紅狐
532384,100%盖比
532386,100%盖比
53239,詹森大铭鸽“麦克斯695”直子
532390,100%盖比
532528,
532538,詹森红狐狸
532539,詹森传奇05
532540,詹森白羽号多重回血
53256,琥珀号
532570,
53259,琥珀号
532627,
532656,波西瓦双冠王直女
532661,
532706,
532709,
532710,
532711,
532712,
532738,飞戈
53280,
532805,
532806,
532811,
532812,贺伯特兄弟
532842,
532843,
532928,利奥·贺尔曼斯
53293,瓦特血统
532930,利奥·贺尔曼斯
532940,利奥·贺尔曼斯
532946,利奥·贺尔曼斯
532947,利奥·贺尔曼斯
532949,利奥·贺尔曼斯
532966,吉林克斯
532970,吉林克斯
532988,吉林克斯
533013,奶酪小子直孙、240外孙配奶酪小子孙女
53302,波西瓦飞戈直女
53313,电脑戈马利008系
533134,出自“柯恩”x“芬妮卡回血雌”
533209,吉林克斯
533214,吉林克斯
533216,吉林克斯
533218,吉林克斯
533220,吉林克斯
533224,吉林克斯
533231,吉林克斯
533350,迪克·凡代克
533371,
533372,
533373,
533374,
533410,马歇尔.阿布瑞契原舍
533412,马歇尔.阿布瑞奇
533413,马歇尔·阿布瑞契
533414,马歇尔·阿布瑞契
533415,桑杰士X盖比
533418,盖比
533421,
533422,
533427,
533534,波西瓦特留种鸽
533537,波西瓦
533538,波西瓦
533541,波西瓦
533548,
533550,
533551,
533555,
533557,
533563,
533568,盖比
533570,盖比
533571,
533577,戈马利秃头199曾孙女
533580,戈马利近血作育
533592,曼德斯
533593,曼德斯
533600,
533601,
533605,英格斯
533607,詹森
533611,詹森回血种雄
533613,
533614,
533641,詹森红狐520*詹森红魔王
533643,詹森黑珍珠回血
533645,詹森RV联合会亚军*詹森冬日男孩
53387,詹森
533912,詹森
533913,詹森
533914,詹森
533915,詹森
533917,戈马利
533919,戈马利X詹森
533920,戈马利X马克罗森斯
533921,戈马利
533923,马克罗森斯
533926,马克罗森斯
533927,马克罗森斯
533929,马克罗森斯
533931,詹森X马克罗森斯
533933,马克罗森斯X詹森
533957,利奥X詹森
533960,马克罗森斯X詹森
533972,詹森X马克罗森斯
533998,詹森X戈马利
534083,
534086,
534413,盖比.凡德纳比
534415,盖比.凡德纳比
534416,盖比.凡德纳比
534418,盖比.凡德纳比
534419,盖比.凡德纳比
534428,盖比.凡德纳比
534430,盖比.凡德纳比
534441,
53445,飞戈
534623,
534624,迪克·范登布克血系
534731,芮娜飞戈
534734,芮娜飞戈
534735,小飞戈
534736,小飞戈直女
534746,
534749,
535040,葛斯顿
53511,100%克拉克
535126,盖比·凡得那比
535325,
535360,乔斯.佛卡门×山坦士原舍
535366,电脑戈马利
535484,詹森
535561,英格斯231直系X盖比白腹号近亲
53559,
535590,盖比x凡戴克
535592,盖比x凡戴克
535599,比利时游龙
535602,比利时游龙
535603,比利时游龙
535627,红蝴蝶战斗机
53574,传奇浅斑05X凡龙考夫曼
535815,奶酪240直系
53582,冠军多娜直子X爱亚卡普巴特利
535840,华普利
535842,维克-华普利
53585,爱亚卡普詹森
535856,维姆-穆勒
535857,维姆-穆勒
53586,爱亚卡普詹森“年轻战神”直子
535865,华普利
535866,华普利
53590,爱亚卡普詹森
535940,盖比·凡得那比
535945,盖比·凡得那比
535947,盖比·凡得那比
535960,凡德纳比×维希特
535970,盖比×葛斯顿.范德瓦尔
535975,葛斯顿
535977,盖比×葛斯顿
535979,范德瓦克·葛斯顿
535982,葛斯顿
535986,范德瓦克·葛斯顿
535989,
535990,卡沙特父子
535991,
535993,“闪电号直子X闪电号直女”
535998,葛斯顿.范德瓦尔
53610,
536179,伊万X兰尼
536186,盖比·闪电直子X所向无敌外孙女
536228,
536239,考夫曼
53627,詹森X凡龙X慕利门
536276,火箭传奇
536279,火箭传奇
536314,钢铁利摩日X东方不败
536317,凡戴克
536319,所向无敌近亲
536320,凡戴克
536321,凡戴克原舍
536323,电脑戈马力
536328,詹森荷比
536458,
536524,汉斯.布略霍斯特.瓦特*扬啊藤.詹森
536592,
536593,詹森019*詹森黑珍珠
536594,詹森冬日男孩*詹森红狐狸
536596,詹森红狐狸*詹森白羽号
536597,詹森019*詹森小火箭
536598,詹森红狐狸
536600,詹森麦克斯
536622,范德瓦尔葛斯顿原舍
536636,
536773,殺手號，金母823
536945,范多普
536950,利奥·贺尔曼斯
536967,范德瓦尔葛斯顿
537093,桑吉士X詹森
537108,
537169,贝罗佛
537170,贝罗佛
537199,英格斯
537259,杨阿腾
537305,
537306,
537308,
537354,凡戴克•所向无敌
537389,胡本
537396,盖比白腹号*甘纳斯鸽王699
537397,桑杰士
537408,翡翠桑杰士鸽系
537409,涡轮族系配桑杰士鸽系
537410,桑杰士鸽系近亲作出
537413,桑杰士鸽系近亲作出
537431,
537435,
537437,
537441,
537518,
537868,扬阿腾
537874,凡戴克X克拉森
537898,
537901,
537961,克拉克
537996,扬阿腾
538010,扬阿腾
538011,扬阿腾
538012,扬阿腾
538014,扬阿腾
538015,扬阿腾
538016,扬阿腾
538060,
538132,噶斯顿奶酪家族
538260,詹森老白眼*詹森传奇05
538261,葛斯顿·“奶酪小子”
538262,詹森传奇05
538264,
538273,神奇05血系
538274,奶酪小子近亲孙代
538276,鸽友通:
538277,奶酪X飞戈
538278,葛斯顿X飞戈
538279,葛斯顿X飞戈
538391,智者869X乔斯、佛卡门
538419,罗尼-凡瑞特
538442,▲.鲁道.克拉森-瓦特钻石王直女.
538447,鲁道.克拉森
538448,【鲁道.克拉森】
538449,【鲁道.克拉森】
538450,鲁道.克拉森-凡龙花-瓦特.
538451,鲁道.克拉森-凡龙.花-瓦特.
538452,鲁道.克拉森.首席爱将.世界大铭鸽;野笛.直子
538454,鲁道.克拉森。
538528,杨.欧瓦克×考夫曼
538573,戈马利
538715,利奥X戈马力
538717,国家英雄白雪公主
538766,
538772,盖比已售出
538786,利摩日
538788,林波尔*电脑*白雪公主
538789,第一武士*罗尼凡瑞特桑杰士
538886,飞戈
538887,飞戈
538889,飞戈
538928,电脑戈马力
538945,盖比
538954,西佛.托依
538956,詹森*凡龙
538998,福洛、福沃特X利奥、贺尔曼003
539016,佛科克
539021,詹森小火箭
53911,克拉克詹森019×10回冠军之女
53915,0
539202,里奥·贺尔曼
539210,里奥·贺尔曼
539212,里奥·贺尔曼
539241,本舍特留种鸽
539247,盖比.凡得那比
539347,詹森老火箭回血
539349,詹森白羽号*德国RV联合会冠军
539359,
539362,
539367,
539377,
539623,詹森，凡龍，凡代克，完美
539850,
540391,马赛尔沃特斯狮王号近血
540398,马赛尔沃特斯“狮王号”近血
540406,桑吉士x詹森
540408,
540419,阿尔伯特.马塞利斯原舍红健将
540456,
540513,
540528,盖比•凡得那比
540537,
540707,
540715,
540720,
540721,詹森×凡龙
540722,
540723,乔斯·佛卡门
540726,
540778,斗士家族
540782,
540953,福雷迪.范西原舍
540979,帝卢.速霸龙
540991,鲁道克拉克
541013,詹森X盖比
541023,
541107,福洛恩格斯
541113,奶酪
541116,胡本配恩格斯
541190,
541191,
541204,詹森
541205,詹森
541206,詹森
541207,詹森
541209,詹森
541309,飞戈王子
541310,飞戈王子
541312,
541315,
541319,甘纳斯配桑杰士
541386,
541388,
541390,
541394,
541398,飞戈
54146,佛科克
54148,佛科克
54150,苍白骑士
541562,
541564,
541591,詹森
541603,埃里克·林伯格
541607,
541610,
541669,黄金选手*火箭星近亲”直子*金母246
541811,
541814,
541826,
541842,
541862,
541925,
541927,
541973,盖比
542070,“天王继承者178”
542073,“天王继承者282”
542074,“米卫751继承者685”
542075,“天王继承者091”
542077,
542078,
542079,
542080,电脑.戈马力
542082,
542128,
542129,
542130,
542132,
542133,
542134,
542135,
542137,白头席维斯特X格斗士直女
542165,
542169,
542171,
542172,
542173,电脑.戈马力
542176,
542181,利奥X奶酪
542185,欧元X戈马力
542187,
542190,电脑.戈马力
542198,电脑.戈马力
542205,凡王.路易
542217,詹森.麦克斯
542220,詹森.麦克斯
542221,新奥林匹克王子X梦想女郎
542252,
542253,新奥林匹克王子X梦想女郎
542255,新奥林匹克王子X梦想女郎
542337,苍白
542364,桑杰士
542371,奶酪小子
542581,年轻格斗士X美丽眼
542607,
542608,
542610,
542611,
542615,
542618,
54262,任秀夫詹森019号曾孙
542625,
542627,
542628,
542629,
542631,
542632,
542699,海上汤姆X闪电斗士
542871,东方不败双重回血直孙
542876,
542881,
542968,
543293,
543321,甘纳斯火箭
543324,
543326,甘纳斯火箭
543327,甘纳斯火箭
543329,甘纳斯火箭
543338,
543404,彼得·米卫
543405,彼得·米卫
543406,福麦尔贝根·威恩斯
543407,
543412,杨欧·瓦克
543417,詹森
543508,
543521,胡本
543522,胡本
543523,胡本
543526,
543527,胡本
543528,胡本
543529,盖比
543531,汉斯·西格穆勒
543581,苍白
543582,苍白
543583,苍白
543584,苍白
543586,苍白
543588,
543597,
543619,拿破仑
543647,
543651,
543652,
543653,
543654,
543656,
543657,
543660,
543662,
543664,
543665,
543666,
543668,
543669,
543670,
543712,GABY
543719,
543725,
543730,
543731,
543732,
543733,
543749,
543753,
543757,
543758,
543759,
543760,
543769,
543796,戈马利配速霸龙配凡龙
543802,
543803,
543804,
543805,
543806,
543807,
543808,
543860,罗尼-凡瑞特
543913,奶酪
543922,
543943,盖比
543968,盖比
543984,
543993,沃克父子原舍
543996,盖比凡德纳比原舍
544110,考夫曼
544120,詹森019多重回血
544121,詹森黑珍珠*中长距离鸽王妹妹
544175,“奥林匹克奇迹号”
544194,鸽友通:
544245,宾尼史帝文
544484,桑杰士
544486,林波尔*卡洛斯
544555,考夫曼
544564,林波尔
544634,葛斯顿，范德瓦尔原舍
544635,葛斯顿.范德瓦尔
544673,倚天梅尔浪原舍
544680,
544682,林波尔
544684,佛科克“高特拉”X“超级570”直子
544733,战斗机红蝴蝶
544842,福雷迪.范西
544849,福雷迪.范西
544871,长城勇士X长城勇士外甥女
544916,
544917,甘纳斯世界鸽王冠军系
544920,甘纳斯世界鸽王冠军家族
544925,甘纳斯奥林匹克699
545087,
545089,
545092,
545093,
545094,
545095,
545102,
545211,麦克斯*战斗机
545212,桑杰士回血
545213,战斗机*老白眼
545214,盖比
545215,盖比回血
545231,詹森
545424,桑杰士回血
545432,盖比
545433,盖比
545434,盖比
545435,盖比
545436,盖比
545479,
545480,盖比
545494,盖比
545541,
545547,盖比
545637,乔普*里奇
545650,亨德瑞克·巴特
545715,
545788,福洛.英格斯
545842,盖比
545843,盖比
545883,
545888,
546042,
546043,
546187,杨阿腾
546192,杨阿腾
546195,杨阿腾
546203,杨阿腾
546204,
546207,杨阿腾
546208,杨阿腾
546210,杨阿腾
546249,杨阿腾
546250,杨阿腾
546251,杨阿腾
546260,杨阿腾
546261,杨阿腾
546262,杨阿腾
546263,杨阿腾
546315,杨阿腾
546319,杨阿腾
546320,杨阿腾
546321,杨阿腾
546324,杨阿腾
546327,杨阿腾
546471,林波尔奇迹539孙代*凡路易原环金母
546475,林波尔狮子王（701*707*奇迹（858*766）孙代
546512,
546538,杨阿腾
546539,杨阿腾
546540,杨阿腾
546541,杨阿腾
546542,杨阿腾
546543,杨阿腾
546544,杨阿腾
546545,杨阿腾
546548,杨阿腾
546549,杨龚多拉斯×贺尔梅斯
546550,杨阿腾
546551,杨阿腾
546552,杨阿腾
546553,杨阿腾
546554,吐尼尔*苍白
546555,杨阿腾
546556,吐尼尔*苍白
546557,修斯肯.冯莱尔
546558,速霸龙×盖比
546561,芬妮卡×福雷迪.范西
546563,戈马利
546565,戈马利
546576,杨阿腾
546577,杨阿腾
546735,盖比
546738,
547068,詹森
547127,马塞尔.沃特斯
547224,桑杰士
547387,
547388,
547401,
547403,
547508,吉林克斯
547563,勇士x速度小姐
547564,勇士x速度小姐
547574,
54763,克拉克配凡龙
547703,杨阿腾
547705,杨阿腾
547713,杨阿腾
547871,
547935,杨阿腾
548200,瓦特“小红号”
548202,瓦特“小红号”
548209,杨阿腾
548210,杨阿腾
548219,
548315,
548428,詹森*奶酪
548502,
548503,
548505,
548506,
548510,
548512,
548515,
548519,
548532,
548533,
548534,
548535,
548536,彼特·文斯特拉
548676,盖比·凡得那比
548708,杨阿腾
54880,
548901,杨阿腾
548902,杨阿腾
54892,
548955,杨迪汉X福乐.佛沃特
548963,葛斯顿.范德瓦尔
548964,葛斯顿.范德瓦尔
548971,葛斯顿.范德瓦尔
548972,葛斯顿.范德瓦尔
549020,德拉帕
549021,德拉帕
54912,
54918,速霸龙
54925,万侯“胆小号”直系
549317,潘特X东方不败
549325,戈马力X诺文怕森
549326,奥丁X雅典娜X威力冠军
549327,乔斯*万澳门
549328,詹森X凡龙X贺伯特
549329,范德伍德X/贺伯特
549331,胡本
549335,胡本
549385,
549393,
549394,
549484,戈马力X杨阿腾X贺尔曼.布林克曼
549485,
54951,
549517,福乐.佛沃特X盖比
549531,阿里维什x古柏X彼得艾顿
549534,盖比X福乐.佛沃特
549536,慕利斯奥特X阿里维什
549561,白腹号直孙女
549576,杨阿腾
549577,杨阿腾
549580,杨阿腾
549584,杨阿腾
549585,杨阿腾
549586,杨阿腾
549588,杨阿腾
549627,速霸龙
549634,吉林克斯桑杰仕
549636,吉林克斯x桑杰仕
549640,（桑杰仕x传奇05）x佛科克
549642,速霸龙x（桑杰仕x传奇05）
549643,（桑杰仕x传奇05）x佛科克
549648,电脑戈马力x德拉帕
549649,电脑戈马力x德拉帕
549650,电脑戈马力x德拉帕
549652,电脑戈马力x德拉帕
549840,
549846,“亚普`科霍恩”原舍
549847,“亚普`科霍恩”
549848,“亚普科霍恩”
549849,“亚普科霍恩”
549852,“年轻艺术家”
549853,
549854,
549887,詹森019多重回血
549895,詹森红狐狸
549901,“奶酪小子近亲”
549902,葛斯顿X利奥
550117,乔司.托内
550138,利奥赫尔曼斯
550139,利奥赫尔曼斯
550142,电脑·戈马利直子
550190,葛斯顿乳酪
55021,
550210,比利时慕利门原舍
550268,桑杰士
550272,电脑戈马利直孙
550273,电脑·戈马力脚趾号直孙
550278,
550279,电脑·戈马利
550390,电脑·戈马利
550432,乔斯托內白雪公主
550482,鲁道克拉森
550483,天一速霸龙
550487,天一速霸龙
550491,苏维八关王
550492,天一密码
550493,
550494,天一电脑超级回血
550499,教父&戈马力大脚趾直子
550627,
550646,教父&大脚趾高级种鸽
550872,白雪公主近亲种鸽
550879,胡本&亚普科霍恩
550882,胡本&亚普科霍恩
550884,父:电脑·戈马力199母:教父&大脚趾
550885,父:电脑·戈马力199母:教父&大脚趾
550958,●父:BELG2011-9063033【灰钻石号】安德烈.阿勒梅斯
550959,大铭鸽潘塔尼回血种鸽
550963,福雷迪直女
550964,
550975,
550976,
550977,
550978,
550979,
550981,
550982,
550983,
550984,
550985,
550995,
551060,鸽王之父比利时——乔治.波里
551061,波尔多最佳直女
551062,波尔多
551063,灰钻石直子&佛斯特拉种雌
551064,福雷迪直孙&波尔多直孙女
551065,力量号&梦想号
551066,灰钻石&乔治将军&毅力号
551067,灰色巴龙直子&波尔多直孙女
551068,菲利普吉尔特大铭鸽纳邦孙代&波尔多直孙
551069,波尔多近亲回血孙代
551071,鲁道克拉森375直子&超级亚精顿号
551074,父:2006-20-007188黄眼、红苏维八关王
551118,天一电脑
551119,天一金母
551198,吉林克斯
551199,吉林克斯
551333,威利.丹尼斯
551349,卡萨
551497,摩利斯.卡萨
551498,摩利斯.卡萨
551499,摩利斯.卡萨
551500,摩利斯.卡萨
551575,奶酪小子
551602,佛科克父子
551664,盖比
551677,速霸龙
551689,
551693,盖比
551694,天一速霸龙
551706,卡萨
551825,
551830,
551874,
551875,
551877,
551984,天一速霸龙X天一电脑
55224,
552387,奶酪
552403,
552585,本舍主力种鸽
552591,胡本
552593,
55275,
55305,林波尔*钻石王子001直女。
55311,
55312,林波尔
553249,波尔多&胡本原舍近亲回血
553255,波尔多X胡本原舍近亲回血
553447,帝卢-速霸龙
553452,本舍主力种鸽
553514,盖比
553516,盖比
553522,贝西（穆勒）
553586,詹森
553587,毛脚冠军
553606,桑杰士
553652,阿里维什
553680,马克.罗森斯
553845,林波尔*乔斯托内
553850,黑毛脚冠军
553910,林波尔
55395,霍夫肯一钻石王.超级直女，
554032,
55404,林波尔
554078,依万.斯多克曼
554079,依万.斯多克曼
554080,宋尼亚
554081,宋妮娅
554082,宋尼亚
554083,吐尼尔
554085,杨阿腾
554086,杨阿腾
554087,杨阿腾
554088,杨阿腾
554089,杨阿腾
554095,杨阿腾
554104,杨阿腾
554132,
554133,
554134,
554135,
554136,
554137,
554138,
554139,
554140,
554141,
554142,
554143,
554144,
554146,
554147,
554148,
554149,
554151,
554152,
554153,
554154,
554156,
554295,
554296,
554312,狼狗号桑杰士配闪电金童桑杰士
554313,狼狗号桑杰士配闪电金童桑杰士
554318,狼狗号桑杰士配闪电金童桑杰士
554319,东方不败桑杰士近亲作出
554320,东方不败桑杰士近亲作出
554321,东方不败桑杰士近亲作出
554322,东方不败桑杰士近亲作出
554326,麦克斯父女回血
554328,莫里斯.卡萨
554330,莫利斯.卡萨
554515,葛斯顿240血统
554517,莫利斯.卡萨
554518,莫利斯.卡萨
554534,莫利斯.卡萨
554576,战斗机红蝴蝶回血
554617,桑杰士*乔斯.乔森
554623,桑杰士*凡龙
554632,德国布洛坎普
554741,詹森019*詹森麦克斯
554778,莫利斯.卡萨
554834,葛斯顿
554836,
554837,
554839,葛斯顿
554840,葛斯顿
554896,甘娜斯
555032,莫利斯.卡萨
555076,克洛指挥官*完美号*比利时母*速霸龙
555083,克洛指挥官*志华5名
555143,桑杰士近亲
555144,桑杰士近亲
555146,桑杰士鸽系近亲作出
555147,比利时胡本原舍年轻艺术家回血
555149,翡翠族系配桑杰士鸽系
555160,莫利斯.卡萨
555163,莫利斯.卡萨
555164,莫利斯.卡萨
555165,莫利斯.卡萨
555180,莫利斯.卡萨
555182,莫利斯.卡萨
555187,莫利斯.卡萨
555188,莫利斯.卡萨
555252,卢克·克里斯蒂安
555273,凡龙
555274,文斯特拉
555293,文斯特拉
555329,文斯特拉
555436,文斯特拉
555483,文斯特拉
555484,林波尔
555497,乔斯-佛卡门
555597,吉林克斯
555602,吉林克斯
555609,盖比
555610,盖比
555611,盖比
555612,盖比
555613,盖比
555614,盖比
555615,盖比
555616,盖比
555617,佛卡门
555618,佛卡门
555621,佛卡门
555628,佛卡门
555629,胡本
555634,胡本
555635,胡本
555637,幕利门
555638,幕利门
555639,幕利门
555640,幕利门
555642,吉林克斯
555655,幕利门
555656,幕利门
555657,幕利门
555658,
555659,幕利门
555661,西佛.托依
555663,西佛.托依
555695,【汤姆】桑杰士
555698,吉林克斯
55572,
555749,凡瑞特X奥丁X东方不败
555752,世纪巨匠X丹尼斯直女
555844,奶酪配盖比
555946,奶酪小子
555949,克拉克詹森詹森*詹森红狐狸
555950,詹森断胸骨*詹森小火箭
556000,所向无敌
556002,所向无敌
556005,所向无敌
556006,詹森*克拉克
556007,盖比.凡得那比
556030,老甘纳斯直子配石板外孙女
556031,甘纳斯直子x配石板外孙女
55616,飞戈
556164,克洛指挥官*完美，杀手家族
55619,闪电桑杰士
556210,詹森红魔王回血
556211,戈马力*战斗机
556212,盖比回血
556329,
556406,爱亚卡普詹森
556413,爱亚卡普詹森
556415,爱亚卡普詹森
556416,爱亚卡普詹森
556418,爱亚卡普詹森
556419,爱亚卡普詹森
556420,爱亚卡普詹森
556421,爱亚卡普詹森
556422,爱亚卡普詹森
556430,爱亚卡普詹森
556432,爱亚卡普詹森
556434,爱亚卡普詹森
55651,近亲慕利门
55658,速霸龙
55659,速霸龙
55662,
55672,
556815,
556959,红卡多
556964,天一金母回血
556965,天一电脑回血
556967,戈马力原舍
557059,钻石公直子*红卡多直女
557076,【乔帝】
557108,
557110,
557144,飛事達鴿系
557237,钢针家族
557238,鲁道克拉森
557381,圭多
557382,圭多
557383,圭多
557386,圭多
557387,圭多
557392,圭多
557394,圭多
557395,圭多
557396,圭多
557397,圭多
557461,台湾明月695
557462,台湾明月麦克斯695
557468,
557478,天一电脑
557480,天一速霸龙
557507,
557521,必包系
557522,必包系
557653,盖比闪电
557660,爱克
557689,乔斯·乔森原舍
557690,荷兰巨炮威廉迪布恩原舍
557692,詹森白羽号回血
557725,金奖591
557726,詹森凡龙
557732,奖金591*真命天女
557735,德拉帕
557737,桑杰士
55778,詹森
557803,
557808,
557809,
557810,
557813,
557818,强速189
557964,战斗机红蝴蝶回血
558008,霍夫肯
558034,克拉克*奶酪
558115,库尔特-奥古斯丁
558116,库尔特-奥古斯丁
558117,钻石公直子
558121,詹森，凡龙，德国汉斯444
558122,德拉帕
558139,白腹号回血X闪电回血
558175,考夫曼
558200,霍夫肯*正大谢氏
558201,霍夫肯*乔斯佛卡门
558207,盖比*奶酪
558353,西格穆勒贝西
558391,
558394,
558439,盖比闪电直孙X鲁道夫联盟冠军直女
558456,“奶酪小子近亲”
558542,比利时胡本原舍年轻艺术家回血
558545,甘纳斯世界鸽王冠军家族
558546,甘纳斯世界鸽王冠军家族
558547,甘纳斯世界鸽王冠军家族
558555,甘纳斯世界鸽王冠军家族
558556,甘纳斯世界鸽王冠军家族
558572,电脑戈马利
558573,电脑戈马利
558574,电脑戈马利
558576,电脑戈马利
558578,电脑戈马利
558580,电脑戈马利
558598,吉林克斯
558635,盖比293孙女
558637,
558666,盖比鲁迪003直子平辈超级罗密欧2013年KDBD鸽王冠军
558672,
558676,利奥185孙代
558683,巴塞罗那国际鸽王冠军
55869,
558723,瓦特
558763,
558766,
558795,瓦特詹森
558796,佛科克
558802,瓦特近血
558805,詹森近血特留种鸽
558807,
558808,佛科克近亲回血
558814,
558817,
558822,
558823,瓦特X詹森
558888,
558956,所向无敌X凡龙
558957,所向无敌X凡龙
558983,甘纳斯世界鸽王冠军家族
558989,甘纳斯世界鸽王冠军家族
559073,
559169,
559171,利奥185孙代
559173,利奥185曾孙代
559174,
559192,速霸龙，詹森红狐狸，利奥赫尔曼
55948,詹森
55949,詹森
55950,考夫曼
55951,詹森
55953,克拉克詹森
55954,盖比.凡得那比
55955,桑杰士近血种鸽
55956,桑杰士近血种鸽
55964,马克.罗森斯
559649,电脑戈马力大名鸽“巴龙150”直子
559653,电脑戈马力大名鸽“巴龙150”直女
55972,苍白骑士
559728,林波尔
559729,林波尔
559768,
559813,福雷迪.范西
559814,速霸龙
559856,摩利斯．卡萨
55988,
559954,奶酪
559955,奶酪
559956,奶酪
559957,奶酪
559960,噶斯顿奶酪
559961,奶酪
559964,奶酪
559966,奶酪
560214,所向无敌X奶酪
560215,胡本
560217,白雪公主
56042,杨·范德帕斯
56048,
56050,
56053,
560541,利奥
560618,贺尔曼-裘斯特
560767,卡萨x圭多
560798,利奥
560853,
560858,考夫曼配气魄
560859,已售出
560863,已售出
560865,
560866,已售出
560871,已售出
560881,胡本
56097,盖比.凡得那比
560987,速霸龙X盖比.三关鸽王总冠军
560988,地方赛四关鸽王总冠军
560989,瑞帝克-杨克林.原舍“星光公主”
560990,马塞尔.沃特斯狮王号”多重近亲
560996,速霸龙616X盖比“闪电号”近亲
560997,速霸龙.福雷迪.范希原舍
561004,天威6号
561017,天威1号
56103,迪克.凡戴克
561115,天威3号
56113,林波尔
56117,迪克.凡戴克所向无敌
561244,瓦特-蓋比-戈马力胡本.
561245,乔斯.佛卡门.“电流号”直子-林波尔-瓦特.
561246,林波尔-凡瑞特-瓦特-蓋比
561247,乳酪-瓦特盖比.
561248,瓦特钻石王-霍夫肯-林波尔.
561299,胡本原舍
561416,卡萨
561427,圭多
561429,圭多
561431,圭多
561435,圭多
561541,葛斯顿·范德瓦尔
561573,葛斯顿.范德瓦
561575,小飞戈
561778,圭多
561780,圭多
561781,圭多
561782,圭多
561784,圭多
561786,圭多
561787,圭多
561803,艾米尔.丹尼斯*汤姆桑杰士
561805,艾米尔.丹尼斯*汤姆桑杰士
561822,葛斯顿.范德瓦尔
561863,爱亚卡普VIP
561865,爱亚卡普VIP
561876,爱亚卡普詹森
561884,爱亚卡普詹森
561916,爱亚卡普詹森
561931,
562035,葛斯顿.范德瓦尔
562135,
562147,葛斯顿.范德瓦尔
562149,葛斯顿.范德瓦尔
562213,乔司托内飞奴
562233,速霸龙X詹森林波尔
562237,林波尔X詹森
562239,林波尔
562250,白雪公主
56232,胡本
562357,艾利克·林伯格
562364,艾利克·林伯格
562369,奶酪
562370,奶酪
562373,奶酪
562385,
562388,
562391,
562397,艾利克·林伯格
562464,奶酪
562576,詹森麦克斯
56260,詹森
562606,乔司.佛卡门
562722,沃斯.燕纳斯
562759,爱亚卡普詹森X桑杰士
562760,爱亚卡普詹森
562762,维姆
562765,利奥赫尔曼斯
562768,盖比
562769,盖比*瓦特
562772,罗森波斯*盖比
562773,罗森波斯*盖比
562774,罗森波斯*盖比
562775,罗森波斯*盖比
562798,爱亚卡普詹森
562847,亚精顿号直子X鸽王号直女”
56285,万侯X万侯
56289,指挥官X传奇05直系
562917,
562922,
562923,
562924,
562925,
562926,
56293,克拉克X银箭
56296,速霸龙
562964,沃斯.燕纳斯
563004,
563021,考夫曼
563040,计算机桑杰士配博克斯曼
563092,瑞克．库尔斯原舍×盖比.凡得那比
563119,克拉克
563126,克里斯.赫伯瑞×乔斯乔森
563127,利奥.贺尔曼斯×沃克父子原舍
563156,闪电家族
563230,林波尔
563234,速霸龙
563260,詹森林波尔
563396,吉林克斯(近亲）
563494,詹森
563676,白雪公主
563680,詹森林波尔
563716,桑杰士
563717,桑杰士
563719,玉麒麟
563723,罗森波斯*瓦特
563783,
563815,麦克斯
563817,詹森麦克斯
563820,麦克斯
563822,詹森麦克斯
563833,
563840,吉林克斯原舍
563842,杨阿腾
563844,
563914,奶酪家族
563934,速霸龙616近亲.永隆公棚决赛38名
563938,马塞尔.沃特斯.特优号直子X波治号直女
563941,马塞尔.沃特斯.特优号直子X波治号直女
563944,爱亚卡普世界铭鸽“切”外孙
563945,爱亚卡普冲浪男孩”直孙女
563946,瓦特-查特卢雌”直孙
563952,速霸龙世界铭鸽“法兰斯”直孙女
563955,比利时.吉林克斯.父子.桑杰士
563956,佛卡门X胡本.长胜公棚决赛426名
563957,电脑戈马利.佛布鲁根
563958,电脑戈马利.佛布鲁根
563961,速霸龙世界铭鸽”法兰斯”直孙
564360,
564401,
564446,杨阿腾
564580,佛科克极端近亲
564642,杨阿腾
564643,杨阿腾
564655,
564656,
564672,“新奥林匹克号”
564708,沃斯.燕纳斯
564749,詹森X林波尔
565109,
565110,甘纳斯
565119,盖比
565120,凡龙
565121,甘纳斯
56533,
565364,超级金母149直子X099直女
565367,超级种母149直子X丑八怪父女配回血
565368,丑八怪三代X超级种母149之女
565369,085X186之子X丑八怪之女
565370,丑八怪三代X超级种母149直女
565475,克拉克*鲁道克拉森*纽文豪斯
565480,
565486,盖比*考夫曼
565490,克拉克*鲁道克拉森*纽文豪斯
565492,东方不败桑杰士*慕利门
565494,詹森*利奥003
565497,詹森*利奥
565500,盖比*考夫曼
565501,东方不败桑杰士*慕利门
565503,东方不败桑杰士*慕利门
565614,芬尼卡5000
565615,芬尼卡5000
565901,威廉·迪布恩
565933,甘纳斯*詹森
565938,瓦特*速霸龙
565942,瓦特*鲁道克拉森
566050,吉林克斯*瓦特
566079,爱亚卡普詹森
566090,
566097,海尔曼．席令
566145,
566163,徐国源直子
566164,徐国源直女
566166,
566170,
566203,鲁道克拉森
566279,乔斯.佛卡门
566284,杨.欧瓦克
566326,奶酪
56645,
566554,芬尼卡5000
566556,芬尼卡5000
566559,芬尼卡5000
566564,芬尼卡5000
566573,芬尼卡5000
566585,芬尼卡5000
566588,罗森波斯*瓦特
566603,
566656,罗森波斯*盖比
566667,超级种母149直子X丑八怪父女配回血
566770,胡本X戈马力
566793,爱尔扎克配凡龙
566814,
56700,詹森
567109,爱亚卡普凡龙
567119,鲁道克拉森
567148,爱亚卡普詹森
567190,爱亚卡普詹森X爱亚卡普“指挥官”
567238,年轻机关枪配超级完美
567239,年轻机关枪配超级完美
567261,爱亚卡普詹森
567263,爱亚卡普詹森
567330,罗森波斯*盖比
567331,罗森波斯*盖比
567422,
567430,
567451,
567459,
567465,
567478,芬尼卡5000
567479,芬尼卡5000
567493,芬尼卡5000、
567496,芬尼卡5000、
567498,芬尼卡5000、
567507,
567531,芬尼卡5000
567562,鸽王里瓦尔多直子X匹诺曹直女
567595,父:幸运85平辈直子母:鸽王乔帝直女
567599,电脑·戈马利
567600,
567602,
567615,乔斯.托内”全国冠军直子”x吐尼尔
567638,
567665,利奥185直孙女
567687,爱亚卡普詹森X阿波罗
567694,爱亚卡普詹森X桑杰士
567695,爱亚卡普詹森X桑杰士
567696,
567708,
567742,
567886,芬尼卡5000
567887,芬尼卡5000
567924,芬尼卡5000
567926,芬尼卡5000
567982,银影
56801,乔斯.佛卡门潘特家族
568055,辣灯X东方不败直女
568135,瓦特
568152,詹森
568226,詹森
568227,詹森
568228,詹森
568229,
568230,詹森
568233,詹森
568234,詹森
568284,穆利门
568285,詹森
568288,詹森019直孙女
568290,詹森
568291,詹森
568292,詹森
568315,詹森
568316,詹森
568317,詹森
568318,詹森
568319,詹森
568323,詹森
568360,詹森
568364,詹森
568365,詹森
568380,詹森
568381,詹森
568384,艾米尔.丹尼斯*杨阿腾
568494,父:世界铭鸽“奥林匹克莉莎”直子母:世界铭鸽“情圣先生”直孙女
568496,电脑·戈马利原舍
568498,电脑·戈马利原舍
568499,电脑·戈马利原舍
568524,
568595,桑杰士
568787,杨阿腾
568795,林波尔
568799,杨阿腾
568881,
568945,
568947,
568948,
568954,
568968,
568969,
568982,
568985,
568986,
568987,
568988,
568990,
569012,龚修尔x盖比
569014,乳酪x金母203
569016,超级种雄735x天使号508
569017,威廉.龚休尔
569020,龚修尔鸽王65后代
569026,双重乳酪回血
569031,威廉.龚休尔172x65
569033,超级种雄735x金母203
569035,超级种雄735x金母203
569042,范科本X小所向无敌
569053,弗洛-恩格斯
569054,弗洛-恩格斯
569057,汉斯-达根近血作育
569105,奶酪
569194,
569208,
569228,
569368,吉林克斯
569370,吉林克斯
569383,吉林克斯
569426,杨欧瓦克
569440,
569458,
569514,英格斯
569519,英格斯
569523,英格斯
569527,英格斯
569533,英格斯
569536,
569600,迪佛-凡哈佛-凡德普特×杨.欧瓦克
569608,吉林克斯
569634,
569635,戈马力
569637,
569638,
569640,倚天*迪卢X东方不败
569660,哈贝尼斯
569734,戈马力
569768,史多西斯
569775,胡本
569779,长距离鸽王三X奶酪
569814,芬尼卡5000
569818,芬尼卡5000
569823,芬尼卡5000
569825,芬尼卡5000
569826,芬尼卡5000
569853,細川勢山X老西翁系
569862,
569864,
569917,芬尼卡5000
569918,芬尼卡5000
569923,芬尼卡5000
569928,芬尼卡5000
570035,万侯
570036,万侯
570038,万侯
570233,
570234,
570237,
570324,奶酪
570392,
570405,赫伯瑞×杨.欧瓦克
570410,盖比·凡得那比
570413,利奥·贺尔曼斯×吉林克斯
570418,
570422,福乐.佛沃特X速霸龙
570423,赖铭沧×盖比·凡得那比
570424,克里斯.赫伯瑞×盖比
570426,佛科克父子×盖比·凡得那比
570429,哈迪克鲁格
570431,杨.欧瓦克×克里斯.赫伯瑞
570442,佛科克父子×杨.欧瓦克
570443,佛科克父子×杨.欧瓦克
570447,盖比×杨.欧瓦克
570461,杨.欧瓦克×盖比·凡得那比
570462,吉林克斯
570501,
570578,米歇尔.贝克原舍杨阿腾
570581,米歇尔.贝克原舍杨阿腾
570582,米歇尔.贝克原舍杨阿腾
570583,米歇尔.贝克原舍杨阿腾
570584,米歇尔.贝克原舍杨阿腾
570586,米歇尔.贝克原舍杨阿腾
570589,米歇尔.贝克原舍杨阿腾
570591,米歇尔.贝克原舍杨阿腾
570592,杨阿腾
570709,
570727,圭多
570735,圭多
57084,苍白骑士
57087,苍白骑士
570877,吉林克斯
570883,詹森
570892,吉林克斯
570899,里奥
570911,盖比
570915,杨.胡曼斯（J.Hooymans）原舍
570926,根特.布朗格（GünterPrange）原舍
570987,盖比
570988,林波尔
571016,詹森919
571151,
571202,爱亚卡普季军同父弟弟
571203,千羽千翔冠军X金友4名作出
571212,詹森原舍X卡普季军姑姑作出
571213,千羽千翔X金友4名作出
571231,金方舟季军直女
571233,卡普季军X凡龙
571234,卡普季军父亲X乔斯托内作出
571235,金方舟季军直子215X凡龙传奇05近亲作出
571236,火箭筒直子
571240,
571241,
571351,
571366,
571406,
571420,
571423,
571450,
571844,薛仲雅1063
571879,苏维贝克詹森
571907,100%乔斯托内拿破仑
571908,100%乔斯托内拿破仑
571909,100%乔斯托内拿破仑
571910,100%乔斯托内超人
571911,迪.卡普里奥
571941,
571960,盖比.凡德纳比
571993,盖比·凡德纳比
571995,杨阿腾
571999,盖比.凡德纳比
572001,盖比.凡德纳比
572040,盖比.凡德纳比
572051,克洛指挥官*完美家族
572060,鉆石配對
572074,100%乔斯托内拿破仑
572088,佛科克
572108,詹森919
572123,考夫曼，佛科克
572181,瓦特钻石王近亲孙女
572182,瓦特钻石王近亲孙女
572228,
572242,盖比.凡德纳比
572243,盖比·凡德纳比
572247,盖比·凡得纳比
572278,盖比.凡德纳比
572685,白雪公主
572686,
572688,狮王号
572689,狮王号
572690,
572691,
572695,
572696,
572778,
57289,帝盧-速霸龍夢幻配對
57290,帝盧-速霸龍
57291,帝盧-速霸龍夢幻配對
57292,胡本
572922,速霸龙x飞戈
57293,帝盧-速霸龍
572940,速霸龙x飞戈
572978,葛斯顿
572980,
572981,葛斯顿
573096,盖比配桑杰士
573218,奥林匹克鸽王“超级53”
573251,奥林匹克鸽王“超级53”
573365,奶酪
573383,哈利.凡赫特姆
573386,哈利.凡赫特姆
573387,哈利.凡赫特姆
573392,哈利.凡赫特姆
573394,奥林匹克鸽王“超级53”
573396,奥林匹克鸽王“超级53”
573398,哈利.凡赫特姆
573465,考夫曼配气魄
573487,白雪公主
573515,盖比配桑杰士
573557,奶酪小子
573558,奶酪配盖比
573560,盖比
573561,盖比
573570,盖比
573578,白雪公主
573583,白雪公主
573584,芬尼卡5000
573585,芬尼卡5000
573592,福禄恩格斯
573623,
573625,盖比配桑杰士
573649,伯马冠军
573659,芬尼卡5000
573660,芬尼卡5000
573665,银影
573795,沃斯.燕纳斯
573862,
573864,阿隆索配桑杰士
573867,佛科克
573879,迪佛-凡哈佛-凡德普特
573902,电流号之母半姐妹”直子
573903,阿洛克;巴可直孙
573905,乔斯·佛卡门巴可潘特号
573906,电流号回血
573907,潘特女郎直子
573909,乔斯蒂加
573917,佛科克，
57401,电脑*弗洛福沃特
574012,
574018,佛卡门最佳电流号
574023,迪佛-凡哈佛-凡德普特
574069,噶斯顿奶酪小子近亲直孙
574113,奶酪小子近亲孙女
574139,考夫曼，佛科克
574193,
574194,
574204,吉诺.克里克
574231,
574237,帝卢.速霸龙
574241,利奥003
574242,利奥003
574243,
574244,吉诺.克里克
574302,阿隆索配超级73
574317,阿隆索配超级73
574331,文斯特拉，考夫曼，飞戈
574334,沃斯.燕纳斯
574344,考夫曼，帝卢速霸龙
574348,考夫曼，帝卢速霸龙
574354,考夫曼，帝卢速霸龙
57448,林波尔系X詹森019系
574495,鲁道夫詹森
57450,兆尊罗马x兆尊滚筒
57454,今井詹森×任秀夫纯詹森019系
574542,
574637,盖比
574648,奶酪配盖比
574711,
574718,
574750,
574889,
574949,帝卢.速霸龙
574967,帝卢.速霸龙
575023,艾米尔.丹尼斯*铁血红帅
575025,艾米尔.丹尼斯*铁血红帅
575044,胡本
575080,胡本
575081,胡本
575082,胡本
575177,盖比
575182,盖比
57519,飞戈配波西瓦
575193,奶酪小子
575194,奶酪小子
575224,佛科克
57527,
575320,
575327,奥林匹克003
575342,“邓普西米拉”X“黑鹰烈女”
575348,“土星Ⅱ号”X“黑鹰甜心”
575350,“土星Ⅱ号”X“黑鹰甜心”
575351,“土星寰宇”X“火石玉女”
575358,“天王星Ⅱ号”X“邓普西佳丽”
575368,菲利普·诺曼X乔斯·托内
575394,“巨蟹德基”X“高手爱妃”
575398,“黑鹰战士”X“土星王妃”
575399,“德意志奖杯”X“超级名媛”
575411,“索朗龙脉”X“超级570”
575415,佛科克
575417,佛科克
57542,电脑*弗洛福沃特
575517,奶酪小子
575531,奶酪小子
575546,佛科克
575554,奶酪小子
575687,詹森配威廉
575689,东方不败
575690,东方不败
575691,东方不败
575692,东方不败
575699,东方不败
575702,东方不败
575706,东方不败
575709,东方不败
575722,
575731,
575751,东方不败
576060,100%乔斯托内拿破仑
576061,100%乔斯托内拿破仑
576062,100%乔斯托内拿破仑
576064,100%乔斯托内拿破仑
576213,100%乔斯托内拿破仑
576290,福乐.英格斯
576291,摩利斯.卡萨
576292,摩利斯.卡萨
576293,桑杰士
576490,100%乔斯托内拿破仑
576491,100%乔斯托内拿破仑
576493,100%乔斯托内拿破仑
576495,葛斯顿“乳酪小子”
576512,100%乔斯托内拿破仑
576513,100%乔斯托内拿破仑
576546,胡本配桑杰士
576550,胡本配恩格斯
576557,胡本配恩格斯
576562,恩格斯配卡萨
576564,胡本配恩格斯
576569,福洛恩格斯
576571,福洛恩格斯
576598,福洛恩格斯
576599,福洛恩格斯
576601,福洛恩格斯
576603,闪电桑杰士
576639,爱亚卡普詹森
576646,福洛恩格斯
576647,胡本配恩格斯
576649,福雷迪配恩格斯
576652,福洛恩格斯
576653,艾米尔.丹尼斯*瓦特
576654,福洛恩格斯
576655,福洛恩格斯
576717,奶酪小子
576726,
576727,奶酪小子
576729,奶酪小子
576730,
576734,奶酪小子
576736,奶酪小子
576744,奶酪小子
576745,奶酪小子
576756,奶酪小子
576763,奶酪小子
576765,奶酪小子
576767,奶酪小子
576859,
576860,
576918,10年浩和特比环X盖比
576966,
576996,英格斯
576997,英格斯
577000,英格斯
577001,英格斯
577002,英格斯
577003,英格斯
577004,英格斯
577005,英格斯
577008,英格斯
577009,英格斯
577010,英格斯
577011,英格斯
577013,英格斯
577014,英格斯
577016,英格斯
577017,英格斯
577019,英格斯
577020,英格斯
577023,英格斯
577025,英格斯
577095,玉麒麟
577103,玉麒麟
577125,
57713,
577148,
577330,考夫曼，佛科克
577396,
577416,
577446,
577449,吉林克斯
577450,吉林克斯
577451,吉林克斯
577452,吉林克斯
577453,吉林克斯
577454,吉林克斯
577455,“狮王号”直孙
577457,
577460,摩利斯·卡萨
577561,电脑戈马利
577568,电脑戈马利
577572,电脑戈马利
577575,电脑戈马利
577594,尤利.莱蒙斯
577633,盖比.凡德那比
577729,亨利&丹尼·凡阿鸿
577740,盖比配桑杰士
57781,
577810,100%乔斯托内
577811,100%乔斯托内
577970,芬尼卡5000
577976,鲁道.克拉森
577977,鲁道.克拉森
577978,苍白
578028,
578094,100%乔斯托内拿破仑
578117,所向无敌
578118,所向无敌
578119,闪电
578151,福禄.恩格斯
578169,玉麒麟
578170,英格斯
578171,英格斯
578173,
578174,英格斯
578176,英格斯
578199,英格斯
578200,英格斯
578201,英格斯
578202,英格斯
578203,英格斯
578219,英格斯
578220,英格斯
578222,英格斯
578223,英格斯
578224,英格斯
578225,英格斯
578226,英格斯
578227,英格斯
578228,英格斯
578231,英格斯
578232,英格斯
578233,英格斯
578234,英格斯
578236,英格斯
578238,英格斯
578240,英格斯
578243,英格斯
578244,英格斯
578245,英格斯
578246,英格斯
578389,CEO詹森
578391,盖比
578445,詹森
578447,鲁道·克拉森
578448,Hermes詹森
578449,Hermes詹森麦克斯
578450,Hermes詹森+根特普朗格的无环号
578452,Hermes詹森+无环号
578456,著名的兰色奥尔良
578538,考夫曼，马克迪库克
578539,奶酪
57855,桑杰士X马太伊斯
578553,佛科克
578691,
578714,乔斯.乔森
578721,乔斯.乔森
578741,乔斯.乔森
578750,乔斯.乔森
578752,乔斯.乔森
578783,贝尔斯詹森
578817,乔斯.乔森
578821,乔斯.乔森
578823,乔斯.乔森
578830,乔斯.乔森
578840,闪电
57886,林波尔x詹森
578905,乔斯.乔森
578952,
578956,
578958,
578960,
578965,库巴克
578966,贝尔蒂.卡普豪斯
578974,贝尔蒂.卡普豪斯
578987,贝尔蒂.卡普豪斯
579108,华尔.詹吉原舍
579140,
579208,国家赛三名*速霸龙
579226,
579230,
579394,
579397,
579458,利奥
579665,路易士-凡龙
579765,
580011,林波尔*电脑*罗尼桑杰士
580044,
580046,
580055,佛科克
580114,麦克斯
58018,考夫小曼迪克
580316,胡本
580319,胡本配史多西斯
580501,胡本
580601,Hermes詹森配凡龙
580603,Hermes詹森、无环号
580625,
58095,速霸龙家族
581059,Hermes詹森配凡龙
581069,乔斯.乔森
581080,乔斯.乔森
581081,100%佛卡门
581083,100%乔斯.乔森x100%佛卡门
581149,胡本配利奥赫尔曼
581151,胡本配利奥赫尔曼
581155,福洛恩格斯配奶酪
581207,
581211,乔斯.乔森
581215,乔斯.乔森
581216,乔斯.乔森
581222,Hermes詹森王牌配艾伯特
581227,Hermes詹森王牌配艾伯特
581431,乔斯.乔森
581442,乔斯.乔森
581473,乔斯.乔森
581493,
581699,詹森
581859,
581878,杨.胡曼斯
581879,恩格斯
581883,恩格斯
581890,盖比
581891,波西瓦
581893,波西瓦
581899,波西瓦
581901,波西瓦
581903,波西瓦
581906,波西瓦
581908,吉林克斯
581910,考夫曼
581915,利奥.赫尔曼斯
581916,利奥.赫尔曼斯
581917,利奥.赫尔曼斯
581918,利奥.赫尔曼斯
581920,利奥.赫尔曼斯
581921,利奥.赫尔曼斯
581922,利奥.赫尔曼斯
581924,盖比
581952,鲁道克拉森
581958,Hermes詹森
581989,马塞尔.沃特斯原舍
582034,
582044,294配1168
58205,鲁道克拉森
582123,
582125,彼得文斯特拉
582131,彼得文斯特拉
582133,彼得文斯特拉
582135,彼得文斯特拉
582138,Hermes阿连栋克詹森
582228,银河系
582423,林波尔
582621,Hermes詹森+根特.普朗格无环号
582646,霍夫肯
582648,欧元号
582666,普波号直子X丹尼斯孙女
582684,马克罗森斯×詹森
582789,乔斯.乔森
582797,胡本
582880,范希
582892,范西
582893,
582895,范西
582900,范西
582903,范西
582942,范西
582944,范西
582950,范西
582954,范西
582960,范西
582963,范西
582964,范西
582968,范西
582969,范西
582979,范西
582981,范西
582987,范西
582990,范西
583367,杨贺尔曼X杨贺尔曼
583368,杨.贺尔曼X杨.贺尔曼
583369,杨.贺尔曼X杨.贺尔曼
583435,林波尔X杨贺尔曼
583436,鲁道.克拉森
583438,林波尔X杨贺尔曼
583441,华尔.詹吉原舍
583515,贝恩德、克罗格
583516,恩格斯兄弟
583517,恩格斯兄弟
583630,库巴克
583634,库巴克
583651,东方不败
583653,库巴克
583654,库巴克
583659,苍白
583664,003.迪克.凡戴克
583665,
583666,佛巴斯46X利奥003
583673,佛巴斯
583675,利奥003
583677,利奥003
583679,强速189
583705,罗尼*凡瑞特桑杰士*林波尔狮王号
583708,电脑秃头199*020直孙*威廉吉尔特国王号
583709,林波尔奇迹32*电脑年轻巴龙
583710,乔斯托内*林波尔
583713,罗尼凡号瑞特桑杰士武器
583726,苍白
583745,苍白骑士
583750,宾尼史蒂文-气魄
583768,库巴克
583840,克拉克X范德佛拉斯
583891,苍白骑士
583907,盖比、凡得那比
583908,盖比、凡得那比
583929,詹森×马克罗森斯
583930,詹森×马克罗森斯
583936,
583937,
583948,戈马利
584017,
584160,强速189四代
584166,世纪教父*强速189
584189,强速189四代
584199,强速189四代
584428,托尼外孙
584526,葛斯顿原舍
584527,Hermes詹森+无环号
584529,葛斯顿原舍
584531,迪卡普里奥直子所向无敌直孙女
584535,hermes詹森+无环号
584554,库巴克
584560,赫博瑞
584561,赫博瑞
584563,赫博瑞爱克近血
584564,爱克*凡龙
584565,爱克*凡龙
584566,爱克*凡龙
584580,健将*詹森
584581,
584582,健将*詹森
584583,健将
584584,健将
584586,健将*桑杰士
584679,利奥、贺尔曼斯
584681,盖比
584691,
584696,
584697,柯恩.明德豪（KoenMinderhoud）X盖比闪电
584728,波西瓦
584748,詹森红狐狸
584794,健将*桑杰士
584795,赫博瑞爱克近血
584799,凡龙
584821,Hermes詹森回血鸽
584845,
584850,003X迪克.凡戴克
584851,利奥003
584853,利奥003
584856,
584862,英格斯
584952,琥珀配超级73
584986,
584996,
584997,
585009,琥珀
585014,琥珀
585015,阿隆索
585047,马克、罗森斯
585057,乔斯.乔森
585083,东方不败
585093,501家族
585102,501家族
585103,501家族
585117,东方不败直孙
585121,东方不败近亲直孙
585123,东方不败
585149,东方不败
585153,东方不败
585162,东方不败
585228,真正博尔特
585240,利奥003
585241,利奥003
585243,利奥003X迪克.凡戴克
585335,灰先生
585368,小飞戈
585385,霍夫肯詹森
585391,霍夫肯詹森
585404,德拉帕
585405,霍夫肯詹森
585412,德拉帕
585435,桑杰士
585438,詹森51次
58546,
585470,奶酪
585476,詹森51次
585486,詹森51次
585525,东方不败
585534,德拉帕
585536,德拉帕
585580,德拉帕
585588,桑杰士配宝马优德
585593,甘纳斯配桑杰士
585595,先锋号直女
585607,盖比闪电号直孙女
585863,灰先生
585872,灰先生
585874,灰先生
585875,灰先生
585912,灰先生X阳光家园
585913,灰先生
585937,歪嘴雄鹰
585950,鲁道克拉森
585953,歪嘴雄鹰
585969,歪嘴t
585977,阳光实战系-吉瓦特，兰奴
585979,
585981,歪嘴雄鹰
585982,歪嘴雄鹰
585985,歪嘴雄鹰
586077,盖比＋红狐
586093,501*詹森
586097,小磨坊
586115,501近亲
586116,501近亲
586118,501近亲
586164,小磨坊X中国二号
586167,501
586200,阳光家园奇迈铁汉X光速女孩
586218,阳光家园奇迈铁汉X光速女孩
586233,阳光家园泰森X新偶像
586268,三冠王*507直女（大漠娇娃）
586270,鲁道克拉森
586292,
586293,501
586312,真爱小红雄
586314,真爱小红雄
586318,小红雄X同盛黑钻
586319,飞戈
58650,
586516,钻石公*红狐731
586522,苍白
586529,苍白
586559,纯威廉吉尔特
586560,第一武士*乔斯托内
586581,
586602,荷兰虎后
586608,林波尔*狮王号
586610,林波尔*狮王号
586716,高.凡多米连
586721,诺尔—威洛克斯
586745,阳光家园小艺术家X盖比白腹号
586748,拿破仑X凡龙银影
586749,阳光家园拿破仑X凡龙银影
586762,鲁道克拉森超级克拉克
58697,帝卢·速霸龙
58704,飞戈
587045,
587046,
587047,
587065,阳光家园艺术家X盖比
587204,霍夫肯X米卫
587210,谢氏詹森X米卫
587212,
587214,
587224,
587308,
58737,路易。凡龙
587385,
587406,盖比·凡得那比
587409,丹尼尔斯•威力
587415,【乳酪小子】家族
587416,【乳酪小子】家族
587417,【乳酪小子】家族
587418,
58742,杨阿腾
587436,
58744,路易。凡龙
587451,葛斯顿•范德瓦尔
587524,
587546,老大
587557,老大
587682,歪嘴雄鹰X同盛黑钻
587692,歪嘴雄鹰X同盛黑钻
587696,小红雄X歪嘴雄鹰
587765,
587769,灰先生X荷兰虎后
58778,杨阿腾
58781,
587827,阳光家园泰森X詹森
587837,电脑戈马力X速霸龙
588005,乔斯乔森
588020,
588023,悍将
58804,
588049,乔斯乔森
588051,詹森
588055,悍将
588067,凡龙*德拉帕
588069,乔斯乔森
588077,纯詹森
588089,凡龙*德拉帕
588095,詹森
588111,超级国家一号
58815,
588274,银河系
588357,银河系
588394,詹森
588407,鲁迪直子
588432,杨欧瓦克
588435,杨欧瓦克
588436,荷兰杨欧瓦克
588437,灰先生X英格斯
588457,杨欧瓦克
588460,杨欧瓦克
588465,杨欧瓦克
588470,杨欧瓦克
588471,杨欧瓦克
588473,奶酪*速霸龙
588476,杨欧瓦克
588496,杨欧瓦克
588507,杨欧瓦克
588517,杨欧瓦克
588518,
588522,杨欧瓦克
588523,杨欧瓦克
588528,杨欧瓦克
588529,杨欧瓦克
588531,
588533,银河系
588535,杨欧瓦克
588543,杨欧瓦克
588554,杨欧瓦克
588580,葛斯顿
588616,银河系
588619,银河系
58862,飞戈×幕利门*霍夫肯
588686,马克、罗森斯
588773,
588782,
588827,
588900,银河系
588902,葛斯顿
588905,利奥×詹森
58892,国家一号×小迪迪
58896,
588978,超级73
588991,
589094,乔斯.佛卡门
58913,
589135,胖子女儿
589138,佛卡门
589140,佛卡门
589142,
589167,詹森冬日男孩
589175,
589219,小红雄X歪嘴雄鹰
589283,戈马力*胡本
589301,天一戈马利配超级73凡龙
589316,戈马利配天一戈马利
589471,盖比X贝克詹森
589480,
589482,
589483,
589530,
589563,马克罗森斯×詹森
58959,
589650,盖比＋红狐+胡本
589697,盖比闪电
589751,佛巴斯46X05
589883,银河系
589912,范欧克巴特.南希
589940,盖比
589942,里欧.贺尔曼
589994,盖比
590017,葛斯顿奶酪小子
590041,马克詹森
590104,
590105,马克罗森斯
590171,
590175,
590179,沃夫冈
590235,超级吉普
590250,佛海斯特朗顿
59028,考夫曼
590399,奶酪回血
590400,奶酪回血
590401,波西瓦x亚普原棚x詹森
590414,
590443,
590467,佛海斯特朗頓
590475,范德瓦尔.葛斯顿
590477,
590478,
590479,甘纳斯系
590480,
590481,
590483,
590488,
590497,
590511,
590512,
590513,
590521,
590524,
590525,
590537,甘纳斯系
590538,甘纳斯系
590540,甘纳斯系
590541,甘纳斯系
590542,甘纳斯系
590543,甘纳斯系
590545,甘纳斯系
590664,哈迪克鲁格原舍
590754,倚天梅尔浪
590814,NL2015-1706631
590815,
590816,
590819,【福雷迪】速霸龙
590823,年轻杀手号，185
590824,年轻杀手号，185
590825,“幻想家X超级明星”玄外孙“019”后代
590826,德國漢斯詹森紅狐狸
590827,苍白
590828,苍白
590829,路易斯•沃特斯X詹森“019号”血系
590830,瓦特*卡曼兄弟-海洋之心*尼克.杨.昆德斯*扬啊腾
590831,苍白
590837,考夫曼凡代克
590872,
591111,佛卡门
591116,福洛恩格斯
591125,福洛恩格斯
591159,葛斯顿699直子
591276,银河系
591297,电脑戈马利
591299,电脑戈马利
591300,电脑戈马利
591302,电脑戈马利
591318,电脑戈马利
591322,电脑戈马利
591325,电脑戈马利
591326,电脑戈马利
591410,苍白
591434,佛卡门
591438,佛卡门
591439,佛卡门
591440,佛卡门
591441,佛卡门
591466,小迪克
591467,小迪克
591478,考夫曼
591479,詹森红狐
591481,詹森红狐
591500,东方不败
591608,红卡多
591624,所向无敌侄孙女
591626,所向无敌侄孙女
591627,所向无敌
591628,所向无敌
591631,
591632,
591634,
591658,
591664,
591678,賀伯特兄弟
591681,
591682,
591698,
591699,
591701,
591702,
591704,桑杰士X甘纳斯
591705,
591706,
591707,
591710,
591713,
591714,
591715,
591716,
591728,
591729,
591731,
591733,
591734,
591755,黑色杀手*“王子639*公主号”兄弟*姐妹
591756,速霸龍805。恩格斯178
591758,
591761,
591764,
591766,德国汉斯019*和泰詹森红狐狸
591767,
591768,
591770,
591779,
591783,
591786,
591820,德国汉斯詹森019*詹森红狐狸
591837,
591846,完美，瓦特，紅狐狸
591850,
591852,
591885,克洛指挥官*金母3396
591890,速霸龙805*恩格斯178
591905,
591931,
591934,
591935,
591938,
592007,超級蓋眼，桑潔士
592008,
592093,盖比
592114,盖比胡本
592172,
592218,
592231,
592232,詹森*揚啊騰，小迪克
592254,
592304,
592306,
592307,
592308,
592309,
592310,
592370,布洛肯.尼尔斯
592398,
592399,
592426,瑞纳.普特曼
592523,电脑戈马利
592525,电脑戈马利
592526,电脑戈马利
592527,电脑戈马利
592529,电脑戈马利
592530,电脑戈马利
592533,电脑戈马利
592534,电脑戈马利
592535,电脑戈马利
592536,电脑戈马利
592538,电脑戈马利
592539,电脑戈马利
592540,电脑戈马利
592541,电脑戈马利
592542,电脑戈马利
592543,电脑戈马利
592544,电脑戈马利
592557,电脑戈马利
592561,电脑戈马利
592562,电脑戈马利
592563,电脑戈马利
592564,电脑戈马利
592565,电脑戈马利
592566,电脑戈马利
592568,电脑戈马利
592569,电脑戈马利
592570,电脑戈马利
592571,电脑戈马利
592573,电脑戈马利
592574,电脑戈马利
592576,电脑戈马利
592577,电脑戈马利
592578,电脑戈马利
592584,电脑戈马利
592601,速霸龍735
592603,千里红*詹森*比利时母481
592640,
592676,瓦特灰鸽王
592708,戈马力
592730,拳王
592814,葛斯顿.范德瓦尔
592972,西翁837
592973,西翁831
592976,西翁
592977,西翁
593018,
593093,佛科克
593136,詹森X凡龙
593142,盖比
593150,西翁
593170,盖比.664.x盖比.近亲作出.
593175,年轻天才【鲁道.克拉森】x花鸽王孙女.
593220,凡代克.小所向无敌.
593286,花头帅哥x花鸽王【鲁道.克拉森】
593291,鲁道克拉森
593294,瓦特.钻石王直子x妩媚野笛【鲁道.克拉森】
593365,盖比【哈利】凡代克.所向无敌
593366,“鲁迪”【飞速.闪电号】x凡龙爱亚卡普公棚510公里.5名
593367,林波尔524直子020999.灰直子87
593368,霍夫肯x霍夫肯近亲
593369,林波尔--瓦特.
593370,霍夫肯-664直子-乳酪240直女.
593372,霍夫肯直子【鲁道.克拉森】吉林克斯.公牛.524直女
593374,林波尔.奇迹.公牛524..瓦特.钻石王
593375,林波尔-瓦特-蓋比
593376,【鲁道.克拉森】年青野笛.-卡萨.超级种
593377,瓦特.钻石王直子x妩媚野笛【鲁道.克拉森】
593378,凡龙-克拉克-霍夫肯027-詹森-盖比.
593381,霍夫肯【鲁道.克拉森】.
593382,乳酪小子.近亲回血-“鲁迪”
593384,盖比.凡德纳比”
593386,凡代克一霍夫肯直女x盖比.
593389,霍夫肯-664直子-奶酪240直女.
593390,花头帅哥x花鸽王【鲁道.克拉森】
593392,霍夫肯直子【鲁道.克拉森】吉林克斯.公牛.524直女
593393,林波尔-瓦特.凡瑞克.
593397,盖比.公牛524.霍夫肯.
593398,鲁道.克拉森-凡龙花-瓦特.
593399,霍夫肯直子027x凡龙
593404,盖比.664直子-乳酪021直女.
593406,钻石王直子-鲁道克拉森-蓋比664直女
593407,年青野笛【鲁道.克拉森】钻石王直女.
593408,戈马力-霍夫肯-奶酪.
593410,林波尔-凡瑞特-瓦特-蓋比
593412,年青野笛【鲁道.克拉森】钻石王直女.
593415,年青野笛【鲁道.克拉森】卡萨
593416,“鲁迪”【飞速.闪电号】x凡龙.爱亚卡普5名.
593417,霍夫肯直-詹森X盖比3626'
593584,林波尔
593593,
593599,考夫曼
593602,
593605,凡龙超级73*福洛英格斯原舍
593684,佛赫斯特拉滕鸽舍
593686,鲁道克拉森
593713,巴特和南希.范欧克
593715,博文.罗杰X索茨.罗梅恩
593717,布洛肯.尼尔斯
593726,超级多曼近血
593729,超级多曼直孙
593734,根特.布朗格
593740,佛海斯特朗頓
593748,超级多曼
593759,克洛指挥官*完美*瓦特
593812,
593835,“神鸟男星”X“超级美眉”
593844,凡龙.-卡萨
593865,亚普·科霍恩
593867,亚普科霍恩
593868,亚普科霍恩
593869,亚普科霍恩
593871,亚普科霍恩
593874,亚普科霍恩
593901,凡代克一霍夫肯直女x盖比.
59403,考夫曼原棚种鸽
594051,杨欧瓦克
59410,考夫曼
59413,所向无敌外孙X凡龙血统
594284,杨欧瓦克
59432,林波尔奇迹32直系
594474,
594506,霍夫肯-钻石王-公牛524直女
594544,乔斯佛卡门
594547,胡本
594549,胡本
594593,桑杰士
594691,
594701,凡龙*詹森小火箭
594702,乌诺400
594729,
594731,欧元
594732,全国鸽王1位姐妹鸽
594763,桑杰士
594769,桑杰士
594817,强速89
594828,吉林克斯
594829,吐尼尔
594834,德拉帕
594836,国家一号
594838,国家一号
594839,国家一号
594840,国家一号
594841,国家一号
594883,林波尔-凡瑞特-瓦特
594919,
595027,福乐.佛沃特X盖比
595079,
595105,杨迪汉
595109,速霸龙X盖比
595148,乌诺400
595149,乌诺400
595150,乌诺400
595180,乌诺400
595181,乌诺400
595202,
595300,速霸龙X杨迪汉
595341,
595369,林波尔公牛524近亲
595410,
595413,
595420,
595576,詹森×马克罗森斯
595611,德路斯
595624,迪沃斯
595654,
595655,
595659,
595711,凡龙*亚普，科霍恩原舍
595810,凡龙超级73
595820,奶酪小子
595824,奶酪小子
595825,奶酪小子
595826,
595828,奶酪小子
595829,奶酪小子
595918,奶酪小子
595920,奶酪小子
595927,
595930,奶酪小子
59597,马克罗森斯凯撒大帝直系
596084,奶酪小子
596085,奶酪小子
596087,奶酪小子
596209,利奥、贺尔曼斯
596215,乳酪小子直子X新福雷迪直女
596223,大将军
596226,
596247,
596266,凡龙超级73
596324,
596440,
596484,
596486,
596630,乔斯托內·白雪公主
596638,乔斯托內·白雪公主
596651,乔斯托內·白雪公主近亲作出
596777,林波尔·公牛
596781,
596791,
596792,强速189*红卡多
596793,马克、罗森斯
596794,
596809,
596815,詹森
596822,帝卢.速霸龙
596843,
596844,白腹号多重近亲
596968,速霸龙
596975,考夫曼
596978,戈马力x（桑杰仕x传奇05）
597055,年轻艺术家
597091,盖比
597092,史蒂芬.兰布瑞契原舍
597230,KBDB冠军X胡本
597267,詹森
597284,速霸龙
597289,乔斯佛卡门
59747,凡龙
597472,詹森
59756,考夫曼小迪克
59764,考夫曼小迪克
597672,天一电脑戈马利
597674,天一电脑戈马利
597676,速霸龙
597681,戈马力
597843,
597846,德国172x65
597869,佛科克
597888,杨欧瓦克
597890,杨欧瓦克
597893,杨欧瓦克
597933,詹森019*薛仲雅配王者之王
597986,
597987,
597989,
597991,盖比
597993,盖比“闪电号”直子X“鲁迪直女”
598061,盖比.凡德纳比原舍种鸽
598096,
598112,
598113,
598259,
598263,
598264,
598289,
598290,
598357,奶酪
598374,阿特玛“超级53”
598375,阿特玛“超级53”
59843,胡本系
598541,速霸龙
598549,乔斯.乔森
598554,佛斯特拉
598636,史蒂芬.蓝布瑞契
598637,史蒂芬.蓝布瑞契
598701,马克罗森斯
598714,詹森+胡本+佛克科+速见号
59879,
598796,鲁道丶克拉森
598803,克拉克X胡本
598808,马克罗森斯X克拉克
598810,电脑戈马利X凡代客
598818,电脑戈马利X胡本
598819,马克罗森斯X克拉克
598820,电脑戈马利X凡代客
598821,电脑戈马利X凡代客
598829,鲁道丶克拉森
598857,葛斯顿-奶酪
598858,胡本年轻艺术家
598859,胡本
598881,葛斯顿.范德瓦尔
598969,奶酪
599013,威廉吉尔特
599049,葛斯顿-奶酪原舍
599051,葛斯顿-奶酪原舍
599052,葛斯顿-奶酪原舍
599054,葛斯顿奶酪原舍
599056,乔斯佛卡门
599057,乔斯.佛卡门
599058,乔斯.佛卡门
599059,鲁道.克拉森
599075,多利
599076,万德维根
599093,胡本
599111,扬阿腾
599112,扬阿腾
599113,葛斯顿奶酪原舍
599115,葛斯顿奶酪原舍
599145,扬阿腾
599147,扬阿腾
599150,扬阿腾
599154,扬阿腾
599155,扬阿腾
599160,
599162,扬阿腾
599164,扬阿腾
599165,扬阿腾
599169,吉林克斯原舍
599175,东方不败桑杰士
599179,扬阿腾
599182,扬阿腾
599191,利奥赫尔曼
599192,扬阿腾
599196,东方不败桑杰士*闪电娇娃
599199,大名鸽灰先生
599201,彼得文斯特拉
599394,佛卡门
599395,佛卡门
599397,佛卡门
599398,佛卡门
599399,佛卡门
599401,东方不败桑杰*士闪电娇娃
599403,佛卡门
599404,佛卡门
599405,佛卡门
599406,佛卡门
599407,佛卡门
599408,佛卡门
599409,佛卡门
599410,佛卡门
599417,佛卡门
599418,佛卡门
599420,佛卡门
599423,佛卡门
599424,佛卡门
599425,佛卡门
599432,瓦特·特比号·小红号
599435,苍白
599437,苍白
599438,苍白
599439,苍白
599450,苍白
599451,苍白
599452,胡本
599454,苍白
599455,苍白
599458,苍白
599461,苍白
599465,胡本
599468,苍白
599473,苍白
599476,苍白
599478,胡本X电脑
599484,苍白骑士
599485,苍白
599486,苍白
599488,苍白
599490,苍白
599504,
599506,东方不败桑杰士闪电娇娃X不败王子
599535,
599537,
599554,东方不败桑杰士闪电娇娃X不败王子
599556,盖斯比德斯焊将
599557,东方不败桑杰士不败金童不败王子*闪电娇娃
599798,瓦特·特比号·小红号
599799,东方不败桑杰士闪电娇娃X不败王子直孙女回血
599850,
599852,
599853,
599860,
599861,
599863,
599864,
599866,
599869,凡龙
599870,凡龙x詹森019
599871,霍夫肯X凡龙
599872,霍夫肯X凡龙
599874,
599899,东方不败桑杰士
599904,
599905,
599906,
599907,
599908,
599911,
599912,
599913,盖斯比德斯焊将
599914,
599915,
599916,
599949,吉林克斯
599950,吉林克斯
59996,国家一号×小迪迪
599990,国家一号
599992,国家一号
599993,
599994,国家一号
599995,国家一号
599998,国家一号
600004,利摩日
600008,利摩日
600009,利摩日
600050,扬阿腾
600064,彼得-文斯特拉
600065,彼得-文斯特拉
600066,小飞戈-彼得文斯特拉
600069,灰先生直子*哈利直女
600070,彼得-文斯特拉
600071,“灰先生”
600073,英格斯
600074,英格斯
600083,利奥·贺尔曼斯
600096,修斯肯.冯莱尔
600101,杨欧瓦克
600113,胡本
600114,胡本
600115,胡本
600116,胡本
600117,胡本
600118,胡本X国家一号
600119,胡本X电脑
600122,胡本
600123,胡本
600124,胡本
600125,佛卡门X胡本
600126,胡本
600129,胡本
600130,胡本
600131,胡本
600132,胡本
600133,胡本
600134,电脑X胡本
600136,胡本
600137,胡本
600138,胡本
600139,桑杰士
600146,
600147,盖比近亲种鸽直系
600150,盖比
600169,盖比
600211,东方不败桑杰士之孙女不败王子*闪电娇娃
600279,东方不败桑杰士
600280,利摩日
600281,国家一号
600283,胡本
600284,胡本
600286,胡本
600287,胡本
600288,电脑X胡本
600296,盖比
600301,盖比.凡德纳比
600402,杨阿腾
600409,杨阿腾
600416,杨阿腾
600482,国家一号
600518,
600522,盖比.凡得那比
600527,盖比.凡得那比
600528,盖比.凡得那比精品
600529,安东.芮滕伯格
600532,盖比.凡得那比
600533,盖比.凡德纳比
600534,安东.芮滕伯格
600536,安东.芮滕伯格
600537,盖比.凡德纳比
600538,安东.芮滕伯格
600539,盖比.凡德纳比
600542,戈马力
600543,戈马力
600547,电脑戈马力
600549,电脑戈马力
600550,
600557,
600583,
600587,电脑戈马力
600588,电脑戈马力亲爱的之子
600626,
600700,鲁道-克拉森
600703,桑杰士
600705,桑杰士
600707,桑杰士
600795,林波尔
600938,胡本
600939,胡本
600947,盖比·凡得那比
600952,范德帕许父女
601048,利奥杨
601052,盖比.凡得那比
601064,盖比·凡得那比
601211,奶酪小子
601218,
601368,
601370,
601420,
601465,利奥·贺尔曼斯
601527,桑杰士
601654,钻石配对
601792,
601801,
60186,林波尔黑杰克x狮子王直女
602088,鲁道克拉森×苍白骑士
602091,红狐家族
602110,
602389,
602390,
60241,帝盧-速霸
602428,乔斯佛卡门
602545,
60259,胡本
602625,凡戴克
602632,凡戴克
602633,鲁道.克拉森
602638,艾迪-詹森
602741,根特布朗格无环号
602748,神奇600X灰宝石外孙女
602753,闪电781配781直女
602824,根特布朗格无环号
602829,盖比闪电号781
602866,
602923,利奥“杨”血系
602952,
602953,
602960,霍克.胡曼斯原舍
602963,费拉里.乔帝
602974,沃特斯“特优号”与“艾迪号”共同的孙女
602977,哈利回血
602983,考夫曼
602995,根特布朗格“无环号”孙女
602997,盖伊.范德奥维拉父子原舍
602999,盖伊.范德奥维拉父子
603008,盖伊.范德奥维拉父子原舍
603179,盖比“鲁迪”
603180,根特布朗格“无环号”
603184,根特布朗格“无环号”
603188,根特布朗格X詹森
603211,胡本
603347,林波尔
603349,林波尔
603415,盖比闪电号781
603417,利奥*詹森红狐狸
603470,速霸龙805
603491,马克罗森斯
603517,
603523,“NPO桑斯季军”“超级种鸽544直孙X幼鸽鸽王直女”x完美家族《金母54号》
603633,荷兰爱亚卡普原舍
603673,
603689,奥林匹克003近亲
603749,冬日男孩
603822,戈马利
604035,佛卡门
604043,
604311,玉麒麟
604349,奶酪
604447,桑杰士*詹森
604448,克拉克詹森*桑杰士
604537,歪嘴雄鹰X同盛黑钻
604539,歪嘴雄鹰
604540,葛斯顿.范德瓦尔-奶酪家族
604623,赢家号*完美号*“灰08雌”
604795,超级盖眼*千里红*科尔
604796,（小狼狗号X小迪克）956X七冠王姐026
604797,02詹森回血直子X黄河26名妈
604798,白色战神X铭桥86名
604800,鸽王9名X福雷迪.范西KBDB冠军妹妹
604802,银河342名X大帝回血直女
604803,花鸽王父X10名
604884,灰安东尼
604885,库巴克.卢波米
604888,安德烈.鲁道夫
604892,库巴克.卢波米
604893,沃克父子
604895,安德烈.鲁道夫
604897,沃克父子
604898,沃克父子
604904,克里斯蒂安
604908,克里斯蒂安
604909,桑杰士
604965,盖比X文斯特拉
605060,詹森红狐血系近亲鸽
605185,
605191,
605195,马丁.胡曼斯原舍
605242,林波尔
605251,詹森麦克斯
605255,
605256,
605261,詹森红狐
605262,摩利斯.卡萨特
605263,摩利斯.卡萨特
605368,超级盖眼*金母3396*超级号*超级盖眼*千里红*科尔
605484,盖比X文斯特拉
605643,胡本
605647,林波尔
605648,“178直子X734号直女”
605653,
605685,:林波尔奇迹32*威廉吉尔特
605689,林波尔狮王号*詹森红狐
605712,盖比Ｘ文斯特拉
605764,克拉克*詹吉“基础配对1”直女*“王者之王多重近亲”直女
605842,
605845,
605858,乔斯佛卡门
605896,
605986,
606092,
606116,
60612,詹森019系×克拉克05系
606123,“黑鹰星矢”X“翔冠斗士”
606124,“巴可斗士”X“黑鹰闭月”
606136,盖比
606139,马克罗森斯
606147,红色取款机
606200,红色取款机
606212,钢铁利摩日直子
606241,彼得曼的斯
606242,彼得曼的斯
606258,佛科克
606274,詹森
606279,
606280,
606281,
606282,
606315,
606337,桑杰士
606339,桑杰士
606344,桑杰士
606345,桑杰士
606350,
606351,桑杰士
606387,
60641,胡本
606417,55名X金方舟3名
606426,
606428,林波尔
606442,范德瓦尔·葛斯顿
606461,桑杰士
606473,乔斯佛卡门
606764,詹森+胡本+佛科克+速见号
606766,盖比+詹森
606799,乔斯佛卡门
606803,郝斯特.贺尔曼斯
606806,奶酪X凡龙
606809,
606853,卡曼兄弟《近亲》
606867,帝辉55名X黄河26名
606870,大帝X大帝女儿（04詹森）
60689,克拉克05系×夏拉肯丝丝系
606903,林波尔奇迹32*威廉吉尔特
60691,荷蘭伯馬-佑德鴿舍
60692,荷蘭伯馬—佑德鴿舍
606968,
606978,
607055,泰奥.克雷克
607059,泰奥.克雷克
607060,泰奥.克雷克
607066,林波尔
607090,戈马力
607093,戈马力
607096,戈马力
607097,戈马力
607099,戈马力
607100,戈马力
607101,戈马力
607103,戈马力
607104,戈马力
607105,戈马力x（速霸龙x考夫曼）
607108,戈马力x詹森
607133,胡本
607134,万德维根
607136,杨阿腾多利
607179,速霸龙
607185,速霸龙
607186,克洛指挥官*奥林匹克03”后代
607207,冬日男孩家族系列
607212,荷比对抗冠军123家族
607213,冬日男孩家族系列
607214,荷比对抗冠军123家族
607215,冬日男孩家族系列
607221,戈马力
607222,冬日男孩家族系列
607223,戈马力
607224,冬日男孩家族系列
607225,荷比对抗冠军123家族
607230,冬日男孩家族系列
607231,荷比对抗冠军123家族
607245,盖比
607246,飞戈
607250,盖比x飞戈
607255,速霸龙
607256,速霸龙
607257,速霸龙
607258,速霸龙
607259,盖比x飞戈
607260,飞戈
607264,桑杰仕
607266,速霸龙
607267,速霸龙
607268,桑杰仕
607270,飞戈
607271,速霸龙
607272,桑杰仕
607276,桑杰仕
607277,飞戈
607278,飞戈
607279,飞戈
607280,盖比x飞戈
607298,15万羽冠军奇迹号家族
607300,15万羽冠军奇迹号家族
607304,飞戈x杨欧瓦克
607306,冬日男孩家族系列
607307,荷比对抗冠军123家族
607334,
607385,速霸龙
607388,速霸龙
607390,速霸龙
607465,
607544,速霸龙
607608,盖比x飞戈
607610,速霸龙x佛科克
607611,速霸龙
607616,桑杰仕
607619,速霸龙
607622,桑杰仕
607625,速霸龙x飞戈
607627,盖比×胡本
607631,克里斯.赫伯瑞×胡本
607633,赫伯瑞×盖比
607644,盖比x桑杰仕
607648,速霸龙x诺尔-利本斯
607651,佛科克x桑杰仕
607653,詹森
607655,盖比x飞戈
607656,飞戈x杨欧瓦克
607757,乔斯佛卡门
607771,奶酪小子
607819,戈马力
607820,速霸龙
607821,盖比x速霸龙
607822,盖比
607823,速霸龙
607824,速霸龙
607827,速霸龙
607829,速霸龙
607830,速霸龙
607831,佛科克x速霸龙
607832,速霸龙
607833,飞戈
607834,飞戈
607835,盖比
607838,速霸龙
607839,佛科克x速霸龙
607914,
607919,克洛指挥官
607955,
608055,詹森
608082,扬阿腾
608093,扬阿腾
608116,罗森波斯&福雷迪王朝
608146,乔斯佛卡门
608208,
608238,多米尼克.维勒赫作育
608264,
608281,
608390,葛斯顿.范德瓦尔
608391,葛斯顿.范德瓦尔
60840,
608402,詹森
60841,
60842,
608510,乔斯佛卡门
608512,
608570,杨胡曼斯
608589,
608596,杨胡曼斯配桑杰士
608736,千里红*超级号詹森*德国汉斯
608757,考夫曼
608821,
608841,利奥
608880,速霸龙X乳酪
608890,考夫曼
609004,
609037,范多普父子原舍
609049,范多普父子原舍
609149,胡本×红狐
609151,鲁道克拉森×苍白骑士
609162,冬日男孩
609175,东方不败桑杰士近亲作出
609176,东方不败桑杰士近亲作出
609177,东方不败桑杰士近亲作出
609222,东方不败桑杰士近亲作出
609223,东方不败桑杰士近亲作出
609234,东方不败桑杰士近亲作出
609255,
609270,
609324,胡斯曼.马丁
609360,卡洛.范隆佩原舍
609408,盖比
609409,
609485,奶酪小子
609505,狼狗号桑杰士近亲作出
609512,卡洛.范隆佩原舍
609528,利奥.好红直子X灰鸽王直女
609556,盖比
609574,桑杰士
609663,
609816,
609820,乔斯佛卡门
610014,哈利
610015,哈利
610046,欧洲钻石
610053,鲁道克拉森
610054,鲁道克拉森
610123,万能钥匙父女回血
610124,盖比闪电
610125,盖比闪电
610126,盖比闪电
610127,盖比闪电
610128,盖比闪电
610131,盖比
610133,盖比
610135,盖比
610136,盖比
610138,盖比
61018,速霸龙利蒙治直孙
610188,盖比闪电*凡龙
610190,
610191,凡龙银影回血
610193,凡龙银影回血
610194,凡龙银影回血
610196,凡龙银影回血
610197,凡龙银影
610198,凡龙银影
610200,
610205,卡洛.范隆佩原舍
610217,胡本*盖比闪电
610224,胡本
610226,胡本*凡龙
610227,胡本*凡龙
610228,胡本
610233,盖比闪电
61025,速霸龙利蒙治直孙
610375,ADK团队原舍
610389,盖比闪电*勃默德
610396,盖比闪电
610397,盖比闪电
610421,卡洛.范隆佩原舍
610422,凡龙
610423,凡龙*勃默德
610424,凡龙回血
610427,凡龙
610429,凡龙*勃默德
610430,凡龙*胡本
610433,凡龙银影*闪电
610436,卡洛.范隆佩
610466,台鸽
610470,台鸽
610471,凡龙银影*盖比闪电
610473,凡龙银影*盖比闪电
610476,凡龙*勃默德
610487,卡洛.范隆佩
610497,安妮克·胡特森
610619,
610961,飞戈
610964,范德帕许父女
610967,范德帕许父女
611002,佛卡门
611003,林波尔
611061,
611114,范德帕许父女
611163,胡本
611164,
611167,
611168,
611169,
611171,胡本
611181,金峪实战
611194,大英格斯X幸运女神
611199,大帝X大帝女儿回血
611201,大帝X漂亮健将
611202,花鸽王父X10名
611233,范德帕许父女
611235,文斯特拉
611240,范德帕许父女
611366,戈登*考夫曼*盖比
611376,
611486,速霸龙
611489,福雷迪.范西
611493,马克波林X利奥003
611543,乔斯佛卡门
611544,邦德007X所向无敌回血
611545,
611546,胡本
611547,胡本
611635,马赛尔.沃特斯--狮王号
611636,马赛尔.沃特斯--狮王号
611732,范德帕许父女
611740,范德帕许父女
611741,葛斯顿.奶酪
611787,利奥
611798,彼得.文斯特拉原舍
611799,
611815,黑色动力X考夫曼
611828,
611832,
611835,戴维.吐尼尔原舍
611836,
611843,
611930,葛斯顿.奶酪
611965,葛斯顿.奶酪
611977,速霸龙X盖比
611981,“大雄”之子
611982,盖比
611986,
611988,
611991,
612012,
612019,
612020,
612025,詹森金母
612046,奶酪
612058,胡本年轻艺术家
612068,速霸龙
612069,胡本
612072,
612075,盖比-凡龙
612076,霍夫肯直X盖比
612083,
612093,
612099,
612102,
612121,葛斯顿.奶酪
612154,乔斯佛卡门
612173,杨利奥
612174,杨利奥
612175,汉武大帝X盛唐女皇
612178,
612179,詹森麦克斯
612182,黑色动力X雁翔冠军
612204,盖比X米卫751X詹森小火箭
612207,
612209,罗森波斯原棚
612212,
612250,乔斯佛卡门
612352,
612431,摩利斯.卡萨
612432,
612484,速霸龙X詹森
612525,利奥
612527,利奥
612608,乔斯佛卡门
612615,葛斯顿.奶酪
612650,胡本
612656,葛斯顿.奶酪
612674,盖比.凡德纳比
612678,盖比·凡得纳比
612700,盖比·凡得纳比
612703,盖比.凡德纳比
612706,盖比·凡得纳比
612718,葛斯顿.范德瓦尔
612744,奶酪小子”近亲作出-戈马力胡本.
612748,【年轻闪电号】”“哈利”路易士，凡代克
612798,红狐731
612839,黄金王子
612861,
612869,摩利斯.卡萨
612871,摩利斯.卡萨
612924,葛斯顿.奶酪
612975,军鸽x杨阿腾
612984,杨登元西翁
612995,杨登元西翁
613097,
613098,萨尔瓦多x新阿玛丽娅
613118,利奥、赫尔曼斯
613161,摩利斯.卡萨
613162,摩利斯.卡萨
613175,
613179,
613180,
613187,
613189,
613192,
613238,凡布利安娜
613411,
613415,
61352,慕利门X修斯肯
613562,强速189
613636,凡布利安娜
613641,路易士·凡戴克
613655,
613753,奥林匹克“卡尔”
613754,德拉帕
613808,隆吉尔
613810,瓦特
613811,吉林克斯X利奥003
613812,隆吉尔X利奥
613813,奶酪X利奥
613827,奶酪
613958,盖比*瓦特
613990,凡戴克
613992,林波尔
614000,凡布利安娜
614009,凡布利安娜
614024,
614049,隆吉尔
614054,隆吉尔
614056,詹森
614059,隆吉尔X利奥
614070,十次冠军261
614080,范德瓦尔·葛斯顿
614081,范德瓦尔·葛斯顿
614082,范德瓦尔·葛斯顿
614083,范德瓦尔·葛斯顿
614084,范德瓦尔·葛斯顿
614097,吉林克斯X利奥003
614103,奶酪X利奥
614111,奶酪X利奥
614113,无名家族
614119,
614127,
614138,
614156,
614172,
614173,
614175,
614239,超级055X利奥003
614240,吉林克斯X隆吉尔
614241,利奥
614245,隆吉尔
614246,利奥X瓦特
614248,奶酪
614249,超级055X利奥003
614253,西翁
614274,乔斯佛卡门
614297,詹森
614346,
614372,B12-6321994
614404,芮娜“飞戈”
614409,
614410,“飞戈”
614412,佛卡门野马
614481,
614489,
614491,
614492,
614812,盖比
614865,电脑戈马力
614952,奶酪
615001,约翰.赫博瑞
615011,电脑戈马利
615015,电脑戈马利
615025,约翰.赫博瑞
615029,约翰.赫博瑞
615043,火箭84x杨杰小姐
615045,夸斯腾父子
615046,夸斯腾父子
615059,夸斯腾父子
615060,夸斯腾父子
615068,夸斯腾父子
615069,夸斯腾父子
615071,夸斯腾父子
615072,夸斯腾父子
615073,夸斯腾父子
615102,电脑戈马利
615106,电脑戈马利
615125,电脑戈马利
615128,电脑戈马利
615137,电脑戈马利
615140,电脑戈马利
615169,电脑戈马利
615177,电脑戈马利
615178,电脑戈马利
615188,电脑戈马利
615212,【白头席维斯特】
615222,丹尼.凡戴克
615232,电脑戈马利
615272,电脑戈马利
615273,电脑戈马利
615275,电脑戈马利
615280,电脑戈马利
615281,电脑戈马利
615282,电脑戈马利
615289,电脑戈马利
615304,
615309,电脑戈马利
615310,电脑戈马利
615311,电脑戈马利
615312,电脑戈马利
615324,根特·布朗格
615325,电脑戈马利
615330,奶酪240
615332,奶酪690
615435,
615535,乔斯.佛卡门
615542,凡布利安娜
615681,林波尔
615859,
615944,
615972,佛科克
616013,
616156,奶酪小子
616210,鲁道克拉森晚生小红狐
616211,鲁道克拉森晚生小红狐X考夫曼黄金女郎
616213,
616214,
616298,利奥
616299,
616306,
616316,利奥
616340,鲁道克拉森超级69，超级克拉克回血
616347,鲁道克拉森小红狐回血
616353,克洛指挥官*610公里24名
616367,利奥003
616380,无名家族
616392,奶酪小子
616412,乔斯佛卡门
616440,
616510,考夫曼
616515,
616652,乔斯.佛卡门
616653,霍夫肯
61668,考夫曼小迪克
61669,凡戴克的“所向无敌”X盖比的“白腹号
616828,
616830,
616833,
616835,
616836,
616837,
616843,
616844,
616845,
616857,
616860,
616862,
616864,
616905,克拉克
616946,“失环号”直子
616947,失环号”直女
616948,华尔詹吉
616953,迪尔巴(Delbar)和考夫曼（Koopman）
616955,迪尔巴(Delbar)和考夫曼（Koopman）
616959,
616973,
617057,西翁
617200,“邓普西米拉”X“黑鹰烈女”
617412,年轻艺术家
617413,胡本
617431,霍夫肯*乔斯.佛卡门
617445,“凯恩·特比”X“曌翔鸽王”
617467,佛科克近亲做出
617488,
617489,
617490,
617491,
617492,
617493,
617495,
617642,
617749,
617762,泰奥·克里克
617863,桑杰士X泰奥克雷克
617864,詹森凡龙X桑杰士
617958,林波尔
618016,超级速度王基特尔×奥林匹克梦西塔全姐妹
61805,威廉、迪布恩
618059,鲁道
618068,电脑戈马利
618083,
618085,
618086,
618087,
618088,
618090,
618091,
618144,
618150,
618151,
618228,凡布利安娜
618236,
618273,爱亚卡普詹森
618279,戈玛力
618309,电脑戈马利
618325,年轻艺术家
618334,零缺陷X多眼圈
618444,电脑戈马利
618507,飞鹰
618518,迪尔巴(Delbar)和考夫曼（Koopman）
618557,
618598,电脑戈马利
618602,电脑戈马利
618605,电脑戈马利
618618,鲁道。克拉森
618619,鲁道
618625,鲁道。克拉森
618678,电脑戈马利
618687,电脑戈马利
618850,凡代克
618868,林波尔
619197,零缺陷多圈眼。鲁道克拉森
619241,奶酪家族
619257,胡本
619279,
619405,
619406,
619410,
619411,
619432,
619434,
619435,
619436,
619439,
619440,
619442,
619443,
619445,
619446,
619447,
619448,
619450,
619451,
619452,
619453,
619454,
619455,
619456,
619458,
619459,
619460,
619461,
619462,
619463,
619465,
619466,
619468,
619469,
619471,
619473,
619474,
619487,
619488,
619489,
619490,
619491,
619492,
619493,
619498,
619499,
619500,
619501,
619502,
619503,
619504,
619506,
619507,
619508,
619510,
619512,
619514,
619517,
619526,
619565,盖比
619585,盖比
619595,国家一号
619606,
619608,
619609,电脑戈马利
619610,盖比
619612,盖比
619613,盖比
619628,盖比
619629,盖比
619630,盖比
619632,盖比
619633,盖比
619634,盖比
619635,盖比
619648,盖比
619649,盖比
619650,盖比
619651,
619652,盖比
619712,速霸龙805*恩格斯178*红狐狸*完美号
619760,辉煌大力士
619872,
619873,
619953,桑杰士
619954,辉煌大力士
619957,鲁道克拉森
619958,
619962,鲁道克拉森
619972,鲁道克拉森
619973,鲁道克拉森
619978,
619979,
619986,
620031,芬尼卡5000
620040,杨龚多拉斯
620167,盖比X瓦特
620168,
620170,
620172,瓦特詹森
620181,杰夫-凡文克
620404,
620408,飞戈X胡本
620411,佛卡门X胡本
620443,
620484,马歇尔.山格斯配桑杰士】【梦幻之母】
620492,胡本
620501,乔斯、库尔斯
620508,乔斯、库尔斯
620515,
620524,葛斯顿.范德瓦尔
620554,银河系
620644,马歇尔.山格斯配桑杰士】【梦幻之母】
620703,盖比
620770,奶酪小子
620771,利奥X奶酪小子
620780,盖比
620877,帝卢速霸龙
620919,盖比.凡德纳比
621055,盖比.凡德纳比
621270,父女近亲
621271,葛斯顿.范德瓦尔
621328,克拉克X胡本
621341,
621347,克拉克X盖比
621349,
621351,克拉克X胡本
621487,力量号
621488,
621532,H.V.R.休斯肯.冯莱尔
621542,休斯肯。冯莱尔
621544,休斯肯。冯莱尔
621545,乔斯佛卡门
621546,乔斯佛卡门
621547,休斯肯。冯莱尔
621587,
621685,电脑戈马利
621728,电脑戈马利
621833,慕利门
621845,
621853,
622110,591直子X484女儿
622111,杨欧瓦克800号直孙
622237,
622238,
622339,摩利斯.卡萨
622351,芬尼卡5000
622358,胡本
622361,胡本
622365,胡本
622415,盖比
622420,盖比
622421,盖比配利奥
622422,吉诺配盖比
622428,奶酪配盖比
622432,盖比配詹森
622454,吉诺配盖比
622465,盖比
622466,
622467,
622484,
622487,盖比配胡本
622501,
622502,
622505,
622511,盖比配气魄
622520,盖比
622528,盖比
622536,盖比
622539,盖比
622548,盖比
622550,盖比配桑杰士
622552,史蒂芬.蓝布瑞契
622555,盖比
622557,盖比配桑杰士
622562,盖比
622563,史蒂芬.蓝布瑞契
622564,胡本配盖比
622571,瓦特钻石王-霍夫肯-林波尔.
622572,蓋比-瓦特.
622581,
622582,
622610,罗森-波斯
622629,
622638,
622657,
622685,
622688,
622694,
622788,
622926,盖比配胡本
622942,盖比配桑杰士
623039,无名家族
623058,卡尔.布克斯
623062,卡尔.布克斯
623063,卡尔.布克斯
623064,卡尔.布克斯
623065,卡尔.布克斯
623078,盖比
623084,盖比配桑杰士
623086,吉诺.克里克配盖比
623089,盖比
623091,胡本配盖比
623095,吉诺配蓝布瑞契
623100,盖比配蓝布瑞契
623269,吉诺配蓝布瑞契
623271,奶酪
623273,盖比
623274,盖比
623275,盖比
623276,盖比配桑杰士
623289,盖比配桑杰士
623291,盖比
623293,盖比配桑杰士
623299,盖比配桑杰士
623301,甘纳斯世界鸽王冠军家族
623319,奶酪配盖比
623324,奶酪配盖比
623326,盖比配桑杰士
623328,奶酪配盖比
623329,奶酪配盖比
623331,奶酪配盖比
623374,
623388,
623389,隆吉尔
623400,英格斯“178”曾孙女
623409,盖比
623410,盖比配气魄
623411,盖比配气魄
623412,盖比配桑杰士
623415,盖比
623416,吉诺配盖比
623419,盖比配奥林匹克003
623421,盖比配桑杰士
623422,盖比
623449,盖比
623451,盖比
623454,盖比
623456,盖比
623457,盖比
623463,盖比配桑杰士
623466,盖比
623468,盖比配桑杰士
623470,盖比
623493,速霸龙x石板女儿小可爱
623494,速霸龙x石板女儿小可爱
623708,史蒂芬.蓝布瑞契
623778,杨.胡曼斯哈利
623842,考夫曼配米拉
623959,
623982,
623992,科尔*科尔黄金快克8名平辈
624046,
624061,
62409,乔斯托内
62411,凡龙
624238,电脑戈马利
624330,鲁道克拉森
624348,帝卢速霸龙*瓦特《小红直系》
624353,爱亚卡普詹森
624363,
624364,爱亚卡普詹森
624366,
624503,闪电号鲁迪
624577,盖比黄
624624,鲁道.克拉森年轻超级克拉克直孙子
624646,闪电号鲁迪
624650,飞戈
62469,苍白骑士
624693,瓦特-蓋比.
624696,霍夫肯-664直子-乳酪240直女.
624698,蓋比-詹森
624699,霍夫肯-664直子-乳酪240直女.
624701,
624703,
624704,
624705,凡龙
624706,
624707,霍夫肯【鲁道.克拉森】
624708,【鲁道.克拉森】-开创四关鸽王7名.
624709,瓦特钻石王-霍夫肯-林波尔.
624710,盖比.664-【鲁道.克拉森】
624711,蓋比-瓦特.
624712,林波尔-凡龙
624747,
624771,新福雷迪
624855,
624861,健将*桑杰士
624868,
624879,
624886,
624887,
624908,盖比配桑杰士
624956,
62496,胡本原舍
624969,天威3号
624970,天威3号
625028,
625037,
625041,
625042,比利时.乔斯.佛卡门原舍
625049,乔斯.佛卡门巴可直子X电流号直女
625050,乔斯.佛卡门“巴可直子X电流号直女
625054,超级赛鸽“克鲁特”直子
625055,比利时福雷迪.范西.扳机指直女
625056,瑞帝克-杨克林.原舍.詹森X佛科克父
625057,伟大福雷迪“近亲孙女
625075,利奥.贺尔曼斯.03多重近亲
625076,乔斯.佛卡门X小迪克”孙女
625079,奶酪小子”多重近亲
625083,利奥.贺尔曼斯.原舍
625084,爱亚卡普.世界铭鸽“切”外孙女
625085,爱亚卡普-原舍.“哈利”直孙
625086,罗恩.范维格父子查特顿.518公里季军
625088,NPO魁夫兰17117羽38位
625089,NPO魁夫兰15158羽冠军
625090,爱亚卡普-世界铭鸽“欧元”外孙
625093,乔斯.佛卡门.狮王号外孙X电流号直女
625094,乔斯.佛卡门-原舍
625129,摩利斯.卡萨
625261,
625262,
625564,
625566,
625574,
625580,
625586,贝克詹森
625588,贝克詹森
625601,速霸龙X彼得曼得思
625698,
625699,
625700,
625705,
625706,超级号詹森*恩格斯178直孙女
625708,黄金2000
625709,速霸龙*完美号直女
625710,速霸龙805*完美号直女
625748,盖比
625751,盖比
625909,
625910,
625917,
625924,
625930,
625963,詹森525
625972,赢家号*完美号*黑色杀手*詹森*杨阿腾*金母40号
626022,
626023,
626026,
626027,
626029,
626030,
626031,
626032,
626034,
626038,
626039,
626040,
626041,
626042,
626043,
626044,
626045,
626048,
626049,
626050,
626051,
626053,
626055,
626056,
626058,
626062,
626065,
626078,威力.艾弗拉特作出
626132,奶酪098直子
626171,凡龙
626172,凡龙
626180,
626207,
626235,詹森原舍X金母340
626244,
626245,金方舟季军X詹森原舍
626261,千羽千翔冠军直女
626262,千羽千翔冠军直女
626282,威力.艾弗拉特作出
626298,
626302,速霸龙多重近亲
626307,
626315,速霸龙805*完美号直女
626318,超级号*超级盖眼*千里红*科尔
626320,瓦特*速霸龙
626327,亚普科霍恩近亲作出
626355,
62636,卢帝速霸龙836
626369,舜峰马克
62637,天一速霸龙
626405,甘纳斯世界鸽王冠军家族
626446,
626459,
626481,
626493,
626499,爱亚卡普詹森
626506,
626567,佛尔布文
626580,电脑·戈马利&桑杰士&亚普科霍恩
626586,盖比
626589,199戈马利&大脚趾&胡本直女
626597,戈马利199多重近血&戈马利近血
626606,震宇冠军系*盖比
626636,速霸龙x飞戈
626643,山普森
626647,
626648,
626651,闪电号鲁迪
626662,
626665,
626670,
626675,
626686,
626698,
626805,
626807,
626812,电脑戈马利
626814,
626826,
626828,
626829,
626846,
626904,冬日男孩
626935,亚普科霍恩
626936,林波尔
626987,超级詹森盖眼号*金母3396
627022,
627035,千里红*10次冠军王子鸽王号近亲直女
627036,
627042,爱亚卡普詹森
627046,速霸龙*钻石配对*波尔多雄
627091,国家一号X阿列维什
627092,乳酪
627093,
627141,詹森*詹森红狐狸《金母66》
627149,千里红*完美号*瓦特
627151,“019”后代，詹森红狐狸
627179,贺夫肯817x法兰斯小姐
627181,贺夫肯817x法兰斯小姐
627185,贺夫肯817x法兰斯小姐
627186,贺夫肯802x百万富婆
627191,
627192,
627196,詹森红狐狸
627215,速霸龙805*完美号*指挥官
627240,佛卡门
627268,爱亚卡普“指挥官”
627276,爱亚卡普詹森
627277,爱亚卡普“指挥官”
627278,爱亚卡普“指挥官”
627287,奶酪
627329,胡本配威廉
62733,
627331,胡本配威廉
627334,胡本配威廉
627340,福雷迪
627341,福雷迪
627342,福洛恩格斯配奶酪
627372,创造者x红色皇后
627453,马克罗森斯
627456,威姆.迪特洛伊
627457,威姆.迪特洛伊
627465,詹森红狐狸*完美号*瓦特
627468,鲁道&零缺陷&多圈眼
627469,钻石配对，詹森
627471,克洛指挥官*恩格斯*完美号
627519,莫里斯-哈森栋克斯
627536,哈森栋克
627539,哈森栋克
627545,哈森栋克
627563,创造者x总统786
627565,黑色福雷迪x迪克女郎
627572,盖比闪电号直孙x阳光斗士直孙
627594,贺夫肯134x贺夫肯815
627608,哈森栋克
627612,哈森栋克
627616,莫里斯-哈森栋克斯
627622,莫里斯-哈森栋克斯
627626,莫里斯-哈森栋克斯
627628,欧元号*杨
627633,莫里斯-哈森栋克斯
627641,莫里斯-哈森栋克斯
627642,莫里斯-哈森栋克斯
627648,莫里斯-哈森栋克斯
627658,莫里斯-哈森栋克斯
627716,闪电号鲁迪
627893,
627912,电脑.戈马力
627975,盖比配桑杰士
627979,盖比配桑杰士
627981,盖比配桑杰士
627982,奶酪配盖比
627998,考夫曼
628012,桑杰士
628062,胡本×健将
628064,健将近血
628065,爱克近血
628066,健将近亲
628067,健将近亲
628068,爱克近血
628069,凡龙×爱克
628070,凡龙×爱克
628071,爱克近亲回血
628075,爱克近亲回血
628076,健将近亲
628077,凡龙×健将
628092,胡本×健将
628093,健将近血
628094,健将近血
628097,健将×爱克
628098,桑杰士近亲回血
628099,健将×爱克
628100,健将×爱克
628101,健将×爱克
628102,健将×爱克
628103,健将×爱克
628135,
628138,
628140,
62815,威廉.吉尔特
628258,
628259,
628271,彼得米卫751X盖比
628272,彼得米卫751X詹森小火箭
628275,鸽王751*詹森冬日男孩直女
628276,鸽王751*鸽王751之女
628277,电脑·戈马利&桑杰士&波尔多
628279,詹森小火箭
628281,曼德斯詹森
628282,电脑·戈马利&桑杰士
628283,幼麦克斯直子
628285,电脑·戈马利
628292,电脑·戈马利&桑杰士
628326,罗森波斯~瓦特*盖比
628333,瓦特*胡本
628338,盖比~瓦特*林波尔~瓦特
628346,盖比~瓦特*戈马力~吉林克斯
628351,霍夫肯*戈马力
628352,瓦特~盖比*戈马力~胡本
628354,霍夫肯*盖比
628358,盖比
628359,林波尔~瓦特*盖比~速霸龙
628363,健将
628364,健将
628365,健将
628366,健将
628367,健将
628368,健将
628369,健将
628370,健将
628371,健将*桑杰士
628372,健将*桑杰士
628384,速霸龙
628393,公主直子X公主外孙女
628410,公主直子X公主外孙女
628413,公主直子X公主外孙女
628416,公主直子X公主外孙女
628417,公主直子X公主外孙女
628418,闪电号鲁迪
628437,大将军直孙
628448,
628474,闪电号鲁迪
628528,闪电号
628538,电脑·戈马利
628548,波尔多近亲回血
628573,闪电号鲁迪
628581,
628596,奶酪
628675,林伯格~瓦特*胡本~凡龙
628685,盖比*瓦特
628688,瓦特
628698,甘纳斯~詹森*速霸龙*噶斯栋
628699,吉诺x飞戈
628710,电脑戈马力原舍
628720,林波尔~瓦特*戈马力~林波尔
628722,林波尔~瓦特*戈马力~林波尔
628724,盖比~速霸龙*林波尔~瓦特
628725,
628726,霍夫肯*盖比
628727,林波尔~瓦特*速霸龙~盖比
628744,老吉诺直女
628855,电脑·戈马利&波尔多
629062,利奥
629067,
629092,闪电金童
629097,利奥X闪电金童
629101,利奥X闪电金童
629109,奶酪回血直孙子
629129,考夫曼X詹森小火箭
629132,凡龙
629170,
629175,“东方不败”直孙
629277,奥林匹克
629300,闪电金童
629307,东方不败
629313,电脑戈马利
629318,电脑戈马利
629321,电脑戈马利
629328,电脑戈马利
629330,电脑戈马利
629343,根特布朗格“无环号”
629344,根特布朗格“无环号”
629345,根特·布朗格“无环号”
629347,根特布朗格“无环号”
629358,爱亚卡普詹森
629360,
629415,罗马里奥家族
629446,电脑戈马利
629447,电脑戈马利
629451,电脑戈马利
629452,电脑戈马利
629453,电脑戈马利
629459,电脑戈马利
629463,马克.迪库克大名鸽“令狐冲”直孙
629464,电脑戈马利
629466,电脑戈马利
629467,电脑戈马利
629469,电脑戈马利
629487,电脑戈马利
629488,电脑戈马利
629496,范德佛拉斯紫帝号孙代
629511,杨欧瓦克
629517,
629519,老太君
629521,杨欧瓦克
629528,
629529,
629534,老太君
629537,杨欧瓦克
629540,计算机
629542,老太君
629544,杨欧瓦克
629545,杨欧瓦克
629546,老太君
629548,
629551,
629552,杨欧瓦克
629556,电脑戈马利
629557,电脑戈马利
629560,电脑戈马利
629584,电脑戈马利
629618,电脑戈马利
629625,电脑戈马利
629626,电脑戈马利
629629,电脑戈马利
629632,电脑戈马利
629634,电脑戈马利
629662,
629667,詹森
629815,隆吉尔
629820,隆基儿
629821,
629841,
629842,
629843,
629844,
629845,
629903,修士肯.冯莱尔
629969,胡本配威廉配恩格斯
629970,恩格斯
629971,恩格斯配福雷迪
629972,恩格斯配福雷迪
630074,力量号
630196,盖比闪电号
630197,闪电号
630208,文斯特拉*佛科克*杨欧瓦克*波西瓦
630247,文斯特拉*佛科克
630253,“亲爱朋友”×“灰迪克”
630263,“气魄”
630283,乔斯佛卡门
630358,卡诺之王x金矿8号
630359,卡诺之王x金矿8号
630360,卡诺之王x金矿8号
630368,总统865x贺夫肯405直女
630370,总统865x贺夫肯405直女
630392,
630416,
630417,
630418,
630419,
630422,盖比.凡得那比
630425,詹森
630428,
63044,
630462,三冠王#507直女
630471,鲁道·克拉森超级克拉克直子X直孙女
630475,鲁道·克拉森超级克拉克直子X贝拉母亲
630476,
630484,盖比。凡得那比
630491,
630497,盖比·凡得那比
630504,盖比·凡得那比
630520,盖比·凡得那比
63054,08年BOB公棚决赛亚军直女
630555,盖比·凡得那比
630562,东方不败X闪电金童
630602,摩利斯.卡萨
630610,年轻超级克拉克直子X半姑
630617,詹森.红狐
630694,布克斯
630695,布克斯
630714,电脑戈马力
630740,
630742,02
630903,
630910,
630920,
630921,
630922,
630925,
630932,
630954,詹森X桑杰士
630982,罗森波斯*盖比
631036,
631042,杨.欧瓦克×吉林克斯原舍
631065,胡本配威廉
631066,胡本配威廉
631068,胡本配恩格斯
631069,胡本配桑杰士
631070,胡本配奶酪
631071,胡本配桑杰士
631083,福洛恩格斯
631086,恩格斯
631087,恩格斯
631091,奶酪
631103,奶酪
631156,
631157,
631175,电脑戈马力
631237,
631240,
631248,
631250,
631253,
631258,
631434,
631535,闪电号鲁迪
631537,闪电号鲁迪
631546,闪电号鲁迪
631548,闪电号鲁迪
631576,乔斯佛卡门
631578,爱亚卡普詹森
631580,
631582,闪电号鲁迪
631613,爱亚卡普詹森X桑杰士
63162,
631631,
631649,闪电号鲁迪
631656,闪电号鲁迪
631673,考夫曼
631713,福洛.福沃特
631718,德拉帕
631725,
631726,
631728,
631729,
631730,
631731,
631732,
631798,奶酪小子
631799,奶酪小子
631800,奶酪小子
631824,奶酪小子
631834,闪电号鲁迪
631842,詹森
631878,利奥.贺尔曼斯（LeoHeremans）原舍
631920,
631974,乔斯佛卡门
632079,林波尔802*瓦特钻石公主360
632080,正明3219*速霸龙0822
632082,瓦特*戈马力~盖比
632123,东方不败
632129,
632148,
632153,
632161,
632520,迪尔巴(Delbar)和考夫曼（Koopman）
632525,哈迪·克鲁格
632526,哈迪·克鲁格
632532,幸运848直子X知名17配对直女
632550,
632625,乔斯佛卡门
632645,甘纳斯世界鸽王冠军家族
632651,幸运848X知名17配对直女
632665,苍白女王配苍白滚桶，兆尊杀手
632669,知名17配对直子X知名17配对直女
632670,知名17配对直子X直孙女【克奈尔】
632672,知名17配对直孙子X知名17配对直孙女
632738,
632739,
632764,
632765,
632766,
632767,
633051,
633054,46名X868女儿
633083,
633136,盖比
633148,
633214,
633218,
633232,
633238,詹森
633252,奶酪直子白羽X奶酪直女小蜜
633255,奶酪直子白羽X奶酪直女小蜜
633260,奶酪回血直孙子
633264,奶酪直子X奶酪曾直孙女
633268,奶酪回血直孙子
633273,奶酪直子X奶酪直孙女
633274,奶酪直孙子X奶酪直女
633280,奶酪直孙子X柯尔直女
633337,英格斯世界大名鸽“178”曾孙
633338,
633344,杰斯普—范德维根
633348,
633360,鲁道克拉森
633371,
633483,
633485,超级闪电X杨殴瓦克
633506,奶酪小子
633514,
633515,
633525,
633530,英格斯X吐尼尔
633683,吉林克斯
633684,吉林克斯
633685,吉林克斯
633687,吉林克斯
633694,火箭84X考夫曼杨斯小姐
633738,林波尔
633753,佛科克父子X吉林克斯
633855,考夫曼X詹森小火箭
634160,桑杰士
634161,詹森x桑杰士
634164,桑杰士
634167,桑杰士
634170,桑杰士
634181,桑杰士
634184,桑杰士
634202,考夫曼X詹森小火箭
634205,
634207,
634208,
634222,
634236,
634241,
634354,“超级速度979号”×“好浅斑雌”
634372,
634399,电脑戈马力
634406,
634486,健将
634533,红詹森x桑杰士
634589,鲁道克拉森
634591,钢针家族
634615,闪电号鲁迪
634719,闪电号鲁迪
634729,闪电号鲁迪
634730,闪电号鲁迪
634731,闪电号鲁迪
634736,闪电号鲁迪
634753,闪电号鲁迪
634764,奶酪
634816,闪电号鲁迪
634993,钢针家族
634999,帝卢·速霸龙
635050,乔斯托內·白雪公主近亲作出
635054,乔斯托內·白雪公主近亲作出
635058,戈马利&桑杰士&亚普科霍恩
635059,199戈马利&大脚趾&胡本直女
635062,舜峰马克&灰钻石直子&佛斯特拉
635067,乔斯托內·白雪公主近亲作出
635069,乔斯托內·白雪公主近亲作出
635071,乔斯托內·白雪公主近亲作出
635072,乔斯托內·白雪公主近亲作出
635073,乔斯托內·白雪公主近亲作出
635075,乔斯托內·白雪公主近亲作出
635076,乔斯托內·白雪公主&电脑·戈马利
635077,白雪公主&电脑·戈马利
635095,桑杰士&电脑·戈马利
635096,电脑·戈马利近亲作出
635098,白雪公主&电脑·戈马利
635103,电脑·戈马利近亲作出
635104,电脑·戈马利&桑杰士&波尔多
635106,波尔多近亲作出
635154,速霸龙
635155,
635235,摩利斯.卡萨
635266,乔斯佛卡门
635446,凡代克
635489,汉斯.理奇100号
635547,考夫曼
635561,
635631,02
635645,罗杰.布文斯
635741,
635743,
635803,飞戈
635815,所向无敌
635821,所向无敌
635844,理奇“100号”
635867,理奇”100号“X考夫曼
635928,世界级超级铭鸽——“无环号”
635998,奶酪小子直系
636003,奶酪小子直系
636008,奶酪小子直系
636019,奶酪小子直系
636029,奶酪小子直系
636030,奶酪小子直系
636035,奶酪小子直系
636054,
636064,
636074,幕利门*红狐
636122,詹森红狐X慕利门
636127,红狐X慕利门
636128,红狐回血
636131,红狐X慕利门
636132,红狐
636139,红狐
636140,红狐X慕利门X戈马力
63618,超远程国血精品
636194,迪克.凡戴克
636198,利奥.赫尔曼斯
636206,苍白*凡龙
636279,葛斯顿.范德瓦尔
636449,
636506,
636536,乔斯佛卡门
636538,苍白滚桶配苍白女王
63654,林伯格
636564,【鲁道.克拉森】
636599,
636606,玉麒麟
636609,玉麒麟
636644,
636721,盖比.凡德纳比
636726,盖比.凡德纳比
636727,盖比.凡德纳比
636728,盖比.凡德纳比
636729,盖比.凡德纳比
636730,盖比.凡德纳比
636731,盖比.凡德纳比
636749,盖比·凡德纳比
636750,盖比·凡德纳比
636751,
636752,盖比·凡德纳比
636756,盖比·凡德纳比
636757,盖比·凡德纳比
636761,葛斯顿.范德瓦尔
636762,葛斯顿.范德瓦尔
636763,葛斯顿.范德瓦尔
636764,葛斯顿.范德瓦尔
636765,葛斯顿.范德瓦尔
636766,葛斯顿.范德瓦尔
636859,乔斯佛卡门
636932,乔斯乔森
637036,
637095,闪电桑杰士
637116,闪电号鲁迪
637117,闪电号鲁迪
637119,利奥配鲁道夫
637121,闪电号鲁迪
637124,利奥配鲁道夫
637134,100%盖比
637144,闪电号鲁迪
637149,闪电号鲁迪
637180,瓦特
637188,瓦特灰鸽王
637397,盖比
637457,闪电号鲁迪
637459,闪电号鲁迪
637475,闪电号鲁迪
637476,闪电号鲁迪
637491,卡尔、慕利门
637492,卡尔、慕利门
637494,利奥、贺尔曼
637495,利奥、贺尔曼
637498,利奥、贺尔曼
637502,汉斯布略霍斯特-―布朗格
637504,汉斯布略霍斯特-―布朗格
637505,汉斯布略霍斯特-―布朗格
637506,汉斯布略霍斯特-―布朗格
637517,利奥
637545,鲁道克拉森
637583,奶酪
637602,
637657,小飞戈
637662,小飞戈
637669,鲁道克拉森
637670,电脑戈马力
637716,
637717,
637721,
637736,
637749,
637751,
637752,
637807,
637808,
637848,
637864,葛斯顿奶酪小子
637873,鲁迪.迪萨尔
637960,
637969,乔斯佛卡门
637974,佛科克x速霸龙x考夫曼
637975,
637987,德拉帕
637994,德拉帕
637995,德拉帕
637996,德拉帕
637998,德拉帕
638027,利奥配鲁道夫
638063,
638098,乔斯托內·白雪公主近亲作出
638102,威力·艾弗拉特&电脑·戈马利
638119,舜峰马克&亚普科霍恩
638265,小飞戈
638268,盖比
638270,盖比
638276,飞戈
638283,佛科克
638289,速霸龙x考夫曼
638293,爱亚卡普詹森
638303,桑杰士
638338,桑杰士
638359,爱亚卡普詹森
638365,速霸龙
638369,德拉帕
638391,桑杰士
638460,桑杰士
638461,桑杰士
638471,苍白骑士
638472,苍白骑士
638473,苍白骑士
638503,夏拉肯&苍白
638731,
638764,
638919,桑洁仕
638954,苍白骑士
639015,桑洁仕
639016,桑洁仕
639018,桑洁仕
639202,詹森
639208,电脑戈马力配波西瓦
639209,电脑戈马力配波西瓦
639220,电脑戈马力×波西瓦
639282,波西瓦×盖比
639292,电脑“夺霸者”直子X詹森X凡尔亚罕
639298,电脑“夺霸者”直子X杨森斯·波恩（至尊·大公主）
639303,波西瓦×盖比
639308,电脑“夺霸者”直子X电脑“夺霸者”近亲直女
639331,桑杰士×电脑VIP
639332,桑杰士×波西瓦
639333,桑杰士×波西瓦
639334,桑杰士×波西瓦
639336,桑杰士
639341,胡本
639343,桑杰士
639345,波西瓦×吉普
639346,波西瓦×吉普
639347,波西瓦×吉普
639349,桑杰士×电脑戈马力
639351,胡本
639427,苍白骑士
639436,胡本×电脑史多西斯
639452,考夫曼，迪库克，伯马冠军
639638,盖比·凡得那比
639661,胡本
639983,依库特.泰奥
640009,新奥林匹克
640020,
640069,杨龚多拉斯X胡本
640073,盖比.凡德纳比
640091,盖比·凡得那比
640092,盖比·凡得那比
640099,盖比凡德纳比
640118,盖比·凡得那比
640119,
640121,
640127,
640138,盖比×克里斯.赫伯瑞
640158,乔斯佛卡门野马号直女
640159,乔斯佛卡门贝克汉姆直子
640160,乔斯佛卡门巴可直子
640161,盖比·凡得那比
640167,乔斯佛卡门
640176,乔斯佛卡门道奇野马全兄弟直子
640177,盖比·凡得那比
640325,盖比·凡得那比
640327,盖比·凡得那比
640341,盖比·凡得那比
640392,盖比·凡得那比
640398,盖比·凡得那比
640419,盖比.凡德纳比
640421,盖比·凡得那比
640424,盖比.凡德纳比
640460,
640462,奶酪小子
640466,奶酪小子
640579,考夫曼*理奇
640707,詹森/桑杰士
640708,杨龚多拉斯/詹森×甘拉斯/桑杰士
640713,奶酪小子
640718,奶酪小子
640721,奶酪小子
640741,市会特比环7名×27名
640749,盖比•凡德纳比
640750,布尔父子×卢克.范卡本诺
640785,葛斯顿•范德瓦尔
640790,奥林匹克003
640793,葛斯顿•范德瓦尔
640798,杨近亲直孙女
640860,奶酪小子
640864,奶酪小子
640867,奶酪小子
640876,奶酪小子
640885,奶酪小子
640889,奶酪小子
641000,奶酪小子
641001,奶酪小子
641003,奶酪小子
641004,奶酪小子
641005,奶酪小子
641006,奶酪小子
641010,奶酪小子
641011,奶酪小子
641013,奶酪小子
641042,波西瓦×盖比
641044,波西瓦×盖比
641051,波西瓦×盖比
641056,摩利斯.卡萨
641057,莫里斯.卡莎特
641065,波西瓦×桑杰士
641066,波西瓦×卡沙
641070,波西瓦×莫利斯卡沙特
641072,盖比·凡得那比
641088,盖比·凡得那比
641109,盖比.凡得纳比
641136,盖比·凡得那比
641137,盖比·凡得那比
641141,葛斯顿·范德瓦尔
641151,迪克.范登布克
641158,保时捷911直子
641161,
641162,欧帝贝克·巴腾斯
641164,迪克·佛沃特
641193,盖比·凡得那比
641212,东方不败X世纪巨匠
641223,葛斯顿•范德瓦尔
641234,考夫曼配盖比
641270,悍将×波西瓦
641281,悍将
641284,悍将×波西瓦
641285,悍将
641287,悍将×波西瓦
641288,悍将×波西瓦
641290,悍将×波西瓦
641294,悍将
641308,悍将×飞戈
641386,凡·艾克伦
641389,闪耀巨星
641396,飞戈×盖斯彼得斯闪耀巨星
641407,保时捷911配奶酪698
641422,
641433,盖斯彼得斯×波西瓦
641458,奶酪718
641468,盖比·凡得那比
641472,波西瓦✖桑杰士
641479,鲁道克拉森
641487,鲁道克拉森
641491,盖比·凡得那比
641494,盖比·凡得那比
641498,盖比.凡德纳比原舍
641500,盖比·凡得那比
641501,盖比.凡德纳比原舍
641508,钢针家族
641548,盖比.凡德纳比
641662,盖比.凡德纳比原舍
641664,葛斯顿•范德瓦尔
641665,盖比.凡德纳比原舍
641674,盖比
641680,盖比.凡德纳比原舍
641684,修斯肯。冯莱尔
641687,修斯肯。冯莱尔
641695,考夫曼
641699,电脑戈马力
641700,波西瓦×桑杰士
641701,电脑戈马力
641702,电脑戈马力
641709,飞戈
641711,考夫曼
641715,
641717,波西瓦×桑杰士
641721,盖比
641737,摩利斯.卡萨
641738,奶酪小子
641765,慕利门
641779,摩利斯卡沙特
641797,电脑戈马利
641799,电脑戈马利
641800,电脑戈马利
641802,电脑戈马利
641803,电脑戈马利
641804,电脑戈马利
641806,电脑戈马利
641808,电脑戈马利
641811,电脑戈马利
641813,电脑戈马利
641819,鲁道克拉森
641824,电脑戈马利
641826,电脑戈马利
641829,电脑戈马利
641831,电脑戈马利
641839,电脑戈马利
641841,电脑戈马利
641846,电脑戈马利
641860,电脑戈马利
641864,电脑戈马利
641866,电脑戈马利
641869,电脑戈马利
641870,电脑戈马利
641875,电脑戈马利
641917,盖比
641929,断胸骨直孙X德国小姐
641930,杨阿腾242X德国小姐
641976,德国先生X德国小姐
641977,德国先生X德国小姐全姐妹
641978,杨阿腾242X德国小姐
641979,
641980,
641981,盖比凡德纳比
641983,盖比·凡得那比
641984,盖比.凡德纳比原舍
641986,盖比.凡德纳比原舍
641988,吉林克斯
641994,盖比.凡德纳比
641996,盖比.凡德纳比原舍
642000,盖比·凡得那比
642001,
642004,盖比.凡德纳比
642009,盖比.凡德纳比与安东尼.麦斯联合育种
642011,杨.帕波斯原舍
642012,盖比·凡得那比
642013,汉斯-保罗.伊塞尔原舍
642014,杨.胡曼斯原舍种母
642015,基斯.波西瓦原舍顶级种公
642024,考夫曼
642037,乔斯乔森
642039,
642048,乔斯佛卡门
642049,理奇100号
642054,电脑戈马利
642106,电脑戈马利
642107,电脑戈马利
642109,电脑戈马利
642110,电脑戈马利
642111,电脑戈马利
642112,电脑戈马利
642113,电脑戈马利
642114,电脑戈马利
642115,电脑戈马利
642116,电脑戈马利
642118,电脑戈马利
642119,电脑戈马利
642120,电脑戈马利
642121,电脑戈马利
642122,电脑戈马利
642124,电脑戈马利
642125,电脑戈马利
642126,电脑戈马利
642127,电脑戈马利
642140,夏拉肯国王号配佛布利皇冠220
642141,夏拉肯国王号配佛布利皇冠220
642168,
642176,威恩罗伊/林波尔×超远程/小松弘“杨阿腾”
642257,乔斯佛卡门×胡本
642284,胡本
642370,杨直孙
642371,飞戈
642372,小飞戈
642447,
642455,旺仔*鲁道克拉森
642478,考夫曼“硬汉”
642513,雅可比詹森
642525,千里红*10次冠军王子鸽王号近亲直女
642559,速霸龙
642682,考夫曼
642683,考夫曼
642700,福洛．恩格斯
642716,乔斯佛卡门
642733,夏拉肯
642737,苍白骑士
642738,“理奇100号”*鲁道克拉森
642747,鲁道克拉森*里奇100
642776,杨阿腾X詹森
642777,德国先生X德国小姐
642778,德国先生X德国小姐妹妹
642779,德国先生X詹森X吐尼尔
642780,幼鸽鸽王冠军641
642781,德国先生X德国小姐
642783,乔斯·乔森
642785,6次冠军超级891直孙
642786,乔斯·乔森
642787,乔斯·乔森
642789,乔斯·乔森
642790,乔斯·乔森
642791,乔斯·乔森
642794,杨阿腾242X德国小姐
642795,芬尼卡5000X鸽王
642796,宋尼亚
642799,无环号X小迪克
642800,无环号X小迪克
642802,6次冠军超级891直孙
642803,无环号X所向无敌X小迪克
642805,苍白骑士
642806,苍白骑士
642807,凡龙X詹森
642808,詹森X凡龙X鸽王
642810,探索者15名直孙
642811,詹森X芬尼卡5000直系
642812,詹森X苍白骑士
642813,詹森X鸽王
642816,
642817,幼鸽鸽王冠军641X耐久能凡龙
642818,德国鸽王X杨阿腾X詹森
642819,凡龙X詹森
642821,
642823,
642824,凡龙129X詹森香妃
642825,詹森X吐尼尔
642827,
642828,
642829,詹森X凡龙X鸽王
642830,凡龙X德国鸽王
642831,
642832,
642833,詹森X苍白骑士
642834,美国公棚五关鸽王冠军X德国小姐
642835,KBDB冠军百万号X幼鸽鸽王冠军641
642837,KBDB冠军百万号X幼鸽鸽王冠军641
642838,鸽王X詹森
642839,
642840,无环号X所向无敌
642841,
642842,
642843,
642844,
642845,
642848,
642849,
642850,鸽王X詹森X吐尼尔
642851,断胸骨直孙X詹森171
642852,詹森X凡龙X鸽王
642853,詹森
642854,
642855,
642858,詹森X凡龙
642859,凡龙129X凡龙181
642860,
642930,考夫曼
642932,理奇100号
642948,阿特玛兄弟“超级53”
642949,阿特玛“超级53”
642950,阿特玛“超级53”
642951,阿特玛“超级53”
642952,阿特玛
642953,阿特玛“超级53”
642959,阿特玛“超级53”
642960,阿特玛664
642961,阿特玛“超级53”
642964,阿特玛“超级53”
642965,阿特玛”超级53“
642967,阿特玛“超级53”
642968,阿特玛“超级53”
642969,阿特玛“凑合53”
642970,安东尼本诺特
642972,安东尼本诺特
642973,安东尼本诺特
642974,安东尼本诺特
642978,佛尔布文
642980,香妃直子
642981,香妃直女
642982,杨阿腾242X香妃
643004,佛尔布文
643005,佛尔布文兄弟
643007,佛尔布文兄弟
643008,佛尔布文兄弟
643013,佛尔布文兄弟
643014,佛尔布文
643019,克拉克
643020,伯格曼兄弟原舍
643021,伯格曼兄弟原舍
643022,美国公棚五关鸽王冠军X德国小姐
643024,幼鸽鸽王冠军641
643026,德国先生X詹森
643035,德国先生X詹森X吐尼尔
643036,佛尔布文兄弟
643046,凡龙954X凡龙181
643047,凡龙954X凡龙181X凡龙200
643049,佛尔布文兄弟
643051,凡龙129X凡龙776X香妃
643052,凡龙954X凡龙181
643054,耐久能凡龙
643055,凡龙129X凡龙181
643056,凡龙129X凡龙181
643058,凡龙
643111,詹森红狐狸
643113,吉林克斯（桑杰士）
643114,吉林克斯（桑杰士）
643115,
64314,詹森019系的回血种鸽
643171,詹森
643173,悍将
643241,
643265,高代近亲回血詹森兄弟系
643266,高代近亲回血詹森兄弟系
643267,高代近亲回血詹森兄弟系
643268,高代近亲回血詹森兄弟系
643270,高代近亲回血詹森兄弟系
643272,高代近亲回血詹森兄弟系
643273,高代近亲回血詹森兄弟系
643275,高代近亲回血詹森兄弟系
643277,高代近亲回血詹森兄弟系
643363,盖比
643367,盖比
643368,恩格斯
643375,罗佩X
643376,利蒙治
643379,林佰格
643382,
643387,
643394,
643404,
643436,
643437,
643443,纯血慕利门
643532,秘密武器爱亚卡普VIP-克拉克詹森
643535,秘密武器爱亚卡普VIP-克拉克詹森
643539,秘密武器爱亚卡普VIP-克拉克詹森
643542,秘密武器爱亚卡普VIP-克拉克詹森
643543,秘密武器爱亚卡普VIP-克拉克詹森
643545,秘密武器爱亚卡普VIP-克拉克詹森
643546,秘密武器爱亚卡普VIP-克拉克詹森
643549,秘密武器爱亚卡普VIP-克拉克詹森
643590,林波尔
64362,詹森红狐狸
643635,乔斯佛卡门
643672,胡本
643741,奶酪家族
643782,泰奥·克里克
643805,电脑戈马利
643806,电脑戈马利
643809,电脑戈马利
643877,桑杰士
643884,电脑戈马利
643903,
643920,吐尼尔
643951,速霸龙x罗尔浪
643954,速霸龙
643956,
643957,速霸龙x钻石王老五直子
643965,林波尔
644133,乔斯佛卡门
644134,凡龙原舍
644136,凡龙原舍
644138,天威2号
644139,林波尔
644153,
644163,
644166,
644167,
644170,
644171,
644223,
644247,
644248,
644255,
644256,
644319,乔斯佛卡门
644320,乔斯佛卡门
644323,100%贺伯特“国家Ⅰ号”近亲回血
644324,国家Ⅰ号回血
644327,国家Ⅰ号
644328,国家Ⅰ号
644329,国家Ⅰ号
644331,国家Ⅰ号
644332,世界铭鸽-国家Ⅰ号
644333,世界铭鸽-国家Ⅰ号
644334,国家Ⅰ号
644335,国家Ⅰ号
644336,国家Ⅰ号
644337,国家Ⅰ号
644340,国家Ⅰ号
644342,国家Ⅰ号
644363,强尼杨克斯
644364,强尼杨克斯
644443,
644496,詹森
644579,詹森
644719,胡本
644721,胡本
644722,桑杰士
644780,多尔德萨姆父子
644795,
644796,凡戴克
644816,奶酪小子
644818,奶酪小子
644819,奶酪小子
644821,奶酪小子
644822,奶酪小子
644833,詹森
64485,兆尊小苍白直子
64487,
64489,兆尊145直女
64491,兆尊096直子
64492,兆尊307直子
64497,苍白骑士直子
644976,“黄金男孩&詹森519全兄弟”直子*金母66
644977,克洛指挥官*卡曼兄弟*詹森克拉克
644979,克洛指挥官*完美家族
644980,克洛指挥官*完美家族
644981,奶酪小子
644982,奶酪小子
645043,奇缘超级种鸽“胖子”
645046,詹森
645048,“019”多重近亲*金母54《完美号》
645049,克洛指挥官*科尔
645066,闪电桑杰士
645087,乔斯佛卡门
645089,乔斯佛卡门
64514,佛科克
645151,林波尔
645195,“019”多重近亲*《完美号》
645273,乔斯佛卡门
645321,“黄金男孩×安娜贝尔”近亲回血
645325,“019”多重近亲*《完美号》
645329,林波尔
64539,
64540,
64541,
64542,
64549,
645571,
645572,
645619,千里红*超级号*詹森
645632,凡布利安娜
645637,凡布利安娜
645647,凡布利安娜
645656,
645676,盖比闪电血系
645685,
645688,保时捷911直女
645692,
645725,胡本原舍
645731,桑洁仕
645857,超级盖眼*赢家号*完美号
645858,超级盖眼*赢家号*完美号
645861,林波尔
645862,凡布利安娜
645864,凡布利安娜
645876,奶酪x詹森
645878,奶酪x詹森
645885,奶酪小子
645887,奶酪小子
645888,奶酪小子
64589,芬妮卡5000
645905,凡王*林波尔
645921,乔斯佛卡门
645922,
645944,李鸟
64599,超远程国血精品
646000,吉林克斯(桑杰士)
646003,
646029,美国男孩*奶酪小子
646030,美国男孩*奶酪小子
646031,美国男孩*奶酪小子
646053,乔斯佛卡门
646063,林波尔
646079,倚天.梅尔浪
646080,倚天.梅尔浪
646081,
646082,
646176,乔斯佛卡门
646207,凡布利安娜
646208,凡布利安娜
646250,“土星寰宇”X“火石玉女”
646280,
646291,
646394,纯血慕利门
646395,纯血慕利门
646400,奶酪小子
646401,奶酪小子
646471,杨森斯·波恩（好一岁鸽近亲）
646474,
646519,胡本
646595,狄杰克.福雷迪原舍
64660,兆尊145直子
646632,奥林匹克003家族
64665,
646659,盖比.凡得纳比
646678,狄杰克.福雷迪
646682,奥林匹克003家族
646684,速霸龙
646685,奥林匹克003家族
646686,奥林匹克003家族
646687,奥林匹克003家族
646688,奥林匹克003家族
646690,
646691,奥林匹克003家族
646753,奶酪小子
646754,奶酪小子
64681,苍白骑士
646838,
646845,凡龙x苍白
646846,凡龙X詹森X杨阿腾
646847,德国先生直子X外甥女
646848,詹森X凡龙X鸽王
646849,苍白骑士“902X627”直子X外甥女
646852,詹森X鸽王
646856,詹森X鸽王X凡龙
646859,鸽王X凡龙
646861,鸽王X杨阿腾X詹森
646862,
646863,
646864,詹森×苍白
646870,鸽王
646871,凡龙X詹森
646873,詹森X鸽王
646874,鸽王
646876,苍白×凡龙×鸽王
646877,凡龙×詹森×苍白
646879,杨阿腾×詹森
646880,苍白×詹森
646881,苍白×詹森
646882,凡龙×吐尼尔
646883,苍白×詹森×鸽王
646903,盖比.凡德纳比
646904,吉林克斯×威利.丹尼斯
646918,爱亚卡普
646920,
646946,詹森
646960,
646981,林波尔
646986,奥林匹克003家族
646989,奥林匹克003家族
646995,鸽王
646998,奥林匹克003家族
647000,
647061,
647062,
647101,盖比·凡得那比×考夫曼
647104,
647116,
647140,“索朗龙脉”X“超级570”
647141,“国家强手”X“天幕可伶”
647145,“王者风范”X“处女943”
647147,奶酪小子
647220,
647226,苍白
647227,苍白
647228,苍白
647229,苍白
647233,欧元号*杨
647234,神奇099直女
647238,利奥003回血孙X克拉克.詹森
647240,鲁道，克拉森
647249,小灰号
647253,小灰号*艾迪
647254,小灰号
647256,马克.波林
647257,莫里斯-哈森栋克斯
647258,小灰号
647259,小灰号
647260,恩格斯178
647261,恩格斯178直女
647263,小灰号
647265,凡戴克
647266,小灰号
647267,小灰号
647274,小灰号
647275,马塞尔沃特斯
647276,马塞尔沃特斯
647278,马塞尔沃特斯
647282,小灰号
647290,小灰号X沃特斯艾迪直女
647292,小灰号X沃特斯艾迪直女
647293,小灰号
647344,
647351,
647356,林波尔
647357,林波尔
647358,林波尔
647359,林波尔
647372,鲁道，克拉森
647382,奥林匹克003家族
647399,奶酪小子
647403,
647405,
647428,杨阿腾
647429,杨阿腾
647432,杨阿腾
647433,杨阿腾
647434,杨阿腾
647435,杨阿腾
647437,杨阿腾
647439,杨阿腾
647440,杨阿腾
647441,杨阿腾
647443,杨阿腾
647444,杨阿腾
647445,杨阿腾
647451,奶酪小子
647452,奶酪小子
647456,
647457,
647458,
647463,
647495,
647499,彼得.米卫
647514,
647529,出自“新福雷迪”x“吉林克斯雌169号”
647572,出自“新福雷迪”x“国家宝藏”
64760,宝驹号x金夫人
647636,迪杰克.福雷迪
647642,
647645,
647671,出自“新福雷迪”x“卡通”
647674,出自“新福雷迪”x“我的最爱”
647679,出自“新福雷迪”x“奶酪小子夏日晚生018号-安妮克”
647681,出自“波士顿”x“新福雷迪直女453”
647694,
647733,
647772,
647773,
647774,
647775,
647861,出自“尼古拉斯”x“芬克”
647863,出自“尼古拉斯”x“新福雷迪阿玛丽娅405”
647866,
647894,
647897,出自“尼古拉斯”x“阿玛丽娅半姐妹”
647920,
647921,
647925,全国鸽王冠军“尼古拉斯”直孙女
648044,
648156,彼得.米卫
648159,总统号
648160,总统号
648161,总统号
648163,总统号
648164,总统号
648165,总统号
648167,总统号
648172,火箭号
648173,火箭号
648198,夏拉肯
648200,夏拉肯
648201,夏拉肯
648202,夏拉肯
648214,彼得.文斯特拉（P.Veenstra）
648292,盖比
648293,四冠王直子
648294,
648301,出自“奶酪小子直子-罗尼×吉林克斯雌”
648309,
648312,出自“奶酪小子直子-罗尼×吉林克斯雌”
648313,
648315,
648316,
648319,葛斯顿.范德瓦尔
648320,胡本
648324,出自“萨姆”x“米诺”
648336,
648337,奶酪小子
648338,奶酪小子
648339,奶酪小子
648340,
648341,
648342,
648343,
648344,
648345,凡布
648346,凡布
648347,凡布
648366,李斯特
648368,李斯特
648380,
648383,
648384,
648386,
648387,
648388,
648389,
648390,
648398,猛禽
648405,气魄
648406,
648439,出自“芭芭拉”全姐妹之直子x英格斯“734号”直女
648440,詹森
648452,
648551,
648592,
648594,
648595,
648598,
648601,
648603,
648655,威力.丹尼斯原舍“妮基全姐妹直子”
648665,卢克·克里斯蒂安×杨.欧瓦克
648687,摩利斯.卡萨
648706,迪克.凡戴克
648780,葛斯顿·范德瓦尔
648782,詹森
648815,出自“超级罗密欧”x“莫娜”
648830,出自传奇铭鸽“鲁迪”x“托妮娅”
648832,出自传奇铭鸽“鲁迪”x“托妮娅”(安东尼.麦斯)
648833,出自传奇铭鸽“鲁迪”x“托妮娅”(安东尼.麦斯)
648852,强速189直孙女
649043,
649049,
649052,
649060,盖比.凡德纳比原舍
649098,国家一号X兆尊罗马
649246,
649269,
649271,林波尔
649281,速霸龙
649285,速霸龙
649286,速霸龙
649287,速霸龙
649359,出自“超级罗密欧”x“新葛萝莉娅”
649369,出自“新闪电号”x“葛萝莉娅公主”
649375,出自“新闪电号”x盖比“芭芭拉”
649376,出自“新闪电号”x“克莱蒙婷”
649377,“新闪电号”X“安杰罗直女”
649380,出自“狮子王”X“费舍尔”之母
649381,出自“狮子王”x“葛萝莉娅”之全姐妹
649382,出自“全省号”x“狮后”
649384,出自KBDB全国鸽王冠军&顶级种鸽“新福雷迪”x“闪电号”直女“海伦娜”
649387,桑杰士配宝马优德
649388,
649389,
649397,奶酪
649398,奶酪
649399,奶酪
649400,
649405,奶酪
649408,飞戈
649413,飞戈
649416,奶酪X飞戈
649417,飞戈
649485,恩格斯原舍178近亲
649486,恩格斯原舍178直女
649497,凡代克
649520,安德烈勃默得
649533,德国先生直子
649592,奶酪x盖比
649593,德国龚修尔
649594,乳酪曾孙x乳酪孙女
649597,芬尼卡
649599,乳酪小子
649600,（盖比x凡戴克）x奶酪
649602,（盖比x凡戴克）x金母203
649603,（盖比x凡戴克）x金母203
649606,乳酪小子近血x金母203
649608,
649610,"龚修尔超级种雄735x乳酪""鸽王688"""
649611,
649613,(欧元号x奇迹鸽王)x詹森红狐
649618,欧元号回血
649619,利奥.奥林匹克003
649660,
649713,
649714,狄杰克.福雷迪
649724,
649805,
649814,
649815,
649839,出自“气魄银色直子”x“气魄直孙女”
649848,出自“气魄全弟”x“盖雷号母亲”
649854,乔斯佛卡门
649855,出自“气魄全兄弟”x“白羽豪特基”
649914,出自“亚瑟”x“蜜娜娃”
649923,林波尔
649928,出自全国顶尖赛将“凯特”及“凯拉”父母
64994,
649946,
649947,
649951,詹森
64996,
64997,
65000,
65001,
650040,路易斯-德卢斯
650085,出自“593号”x“鹰眼直孙女”
650090,亚伯特德瓦
650094,克里斯赫博瑞
650110,史密斯.斯蒂夫
650112,吉林克斯原舍
650113,吉林克斯原舍
650115,吉林克斯
650116,吉林克斯原舍×威利.丹尼斯
650173,噶斯顿-凡德瓦尔
650174,乔斯佛卡门
650187,出自“白头席维斯特”x“所向无敌回血孙女”
650193,出自“格斗士”×“小明星号”
650198,出自“格斗士”x“阿玛丽娅”
650200,出自“晚生白羽威力”x“小查特路雌”
650206,乔斯托内
650211,出自“灰拉贡”x“铁血女郎”
650223,出自全国冠军“路克”x奥林匹克雌鸽“艾希”
650269,出自“艾希之父”x“神奇092号”
650272,速霸龙配奶酪小子
650277,盖比.凡德纳比
650291,奶酪
650367,海尔曼铅笔灰
650378,葛斯顿.凡德瓦尔
650383,沃斯.燕纳斯
650482,佛罗.恩格斯X奶酪小子
650486,詹森
650487,
650537,林波尔
650571,福禄.恩格斯
650572,盖比·凡得那比
650599,本.狄凯萨
650602,乔斯.古森原舍
650606,戴维.吐尼尔
650608,卡蒂.利本斯
650610,德梅利.丽丽安原舍
650611,盖比和开尔合作育种
650612,诺伯特.西恩斯原舍
650613,瑞克.库尔斯原舍
650620,乔.巴特斯
650624,狄杰克.福雷迪
650630,开尔和PEC合作育种
650633,葛斯顿.范德瓦尔
650648,吉林克斯
650651,哈迪.克鲁格
650703,
650704,
650709,戈马利×马克罗森斯
650778,
650788,
650790,
650798,
650799,
650801,
650832,乔斯.佛卡门
650876,“公牛皇帝”X“方圆美眉”
650880,“黑鹰斗士”X“黑鹰甜心”
650897,凡布利安娜
650929,噶斯顿-凡德瓦尔
650974,吉林克斯
650975,吉林克斯
650977,出自“灰先生”x“美好人生”
650979,凡龙
650987,凡龙
651006,出自“美好人生直子868号”x“NPO女王”
651008,出自“灰先生直子902”x“欧佛莱格小姐”
651009,出自“灰先生直子902”x“欧佛莱格小姐”
651012,出自“美好人生直子201”x“特殊阿德丽塔”
651018,出自“小飞戈”直子
651020,出自“美好盖巴纳直子”x“路克直女”
651023,出自“迪卡普里奥直子”x“美好人生直女”
651029,凡龙
651032,凡龙
651039,出自“精工”x“白羽好手号外孙女”
651045,出自“爱克直子643号”x“美好人生全妹”
651050,泰斯.尼克/罗杰
651054,凡布利安娜
651055,凡龙
651057,凡龙
651060,凡龙詹森
651061,克拉克613
651090,吉伯特*克拉克613
651106,凡龙近亲
651109,詹森275回血
651110,克拉克613X凡龙
651118,凡龙*克拉克613
65112,超远程精品
651231,葛斯顿·范德瓦尔
651234,
651235,奶酪
651236,
651238,
651239,
651240,
651241,
651242,葛斯顿.范德瓦尔
651253,吉林克斯
651254,吉林克斯
651255,吉林克斯
651257,
651258,葛斯顿·范德瓦尔
651259,
651273,
651275,
651278,
651279,
651284,
651285,
651286,
651287,
651294,狄杰克.福雷迪
651295,
651320,倚天.梅尔浪
651342,苏维八关王系X詹森“公主号‘系
651359,七克拉直子X天龙至尊直女
651385,
651478,
65154,桑杰士晚生汤姆回血
651547,
651548,
651551,利奥.贺尔曼斯×考夫曼
651616,
651618,
651639,
651708,
651716,
651731,范兰道伊
651758,
651760,范兰道伊
651763,安东尼.范兰度特
651797,出自“黄金卡普里”x“马蒂妮”
651823,
651828,
651830,
651831,
651856,
651858,
651863,
651921,
651927,
651937,奶酪小子
651969,胡本X戈马力X甘纳斯
652001,520X4名
652002,
652004,
652011,银河系X海尔曼铅笔灰
652048,
652052,
652069,
652071,出自“幸运里欧”×“钻石弗鲁姆”
652107,
652108,
652112,
652113,
652115,
652133,
652134,
652135,彼得.文斯特拉
652141,马利斯.圭多X詹森
652144,
652145,卡洛.范隆佩
652146,
652167,公主直子（灰直子）X公主外孙女（冬生斑）
652175,
652179,
652180,
652181,狄杰克.福雷迪
652184,
652185,
652188,诺伯特父子
652191,范兰度特.安东尼
652194,史密斯.斯蒂夫
652196,
652198,范兰度特.安东尼
652199,范兰度特.安东尼
652200,安东尼.范兰度特
652203,葛斯顿.范德瓦尔
652213,乔.巴特斯
652216,出自“小所向无敌”×“克莉丝托”
652217,PIPA菁英育种中心
652218,PIPA菁英育种中心
652220,佛斯特拉父子
652221,
652222,恩系322多重近亲
652226,出自“本德尔”x“丰碑”
652227,杨.范德帕许父女做出
652228,杨范得帕许父女
652234,吉林克斯
652235,出自“本德尔”x“奶酪小雌”
652236,吉林克斯
652239,出自“本德尔”x“阿雅娜”
652248,出自“新知名17号直子”x“灰王子直孙女”
652260,
652262,
652265,
652268,
652269,
652270,
652272,PIPA菁英育种中心
652274,恩系377配范系124
652275,恩系322多重近亲
652276,
652277,恩格斯178系377/飞戈悍将614
652279,林波尔
652280,凡布利安娜
652281,凡布利安娜
652282,凡代克
652283,凡布利安娜
652284,
652286,开尔和PEC合作育种
652289,PIPA箐英育种中心
652296,
652298,山姆.波斯顿
652299,
652301,宾尼.史帝文
652302,
652303,吉林克斯
652304,
652306,
652311,史密斯.菲利普-克里斯-凯文
652329,戈马力
652353,泰斯.尼克.罗杰
652355,
652356,
652359,
652360,
652362,史密斯.菲利普-克里斯-凯文
652377,
652378,
652379,
652451,
652518,罗杰富雷卡
652619,
652620,
652621,
652622,
652623,
652628,
652661,卡尔—穆利门
652669,詹森红狐
652677,红狐狸*德国汉斯盖比*冠军杀手号
652687,
652688,
652689,
652713,出自“长城一号”×“魅力波治”
652714,出自“新长城一号”×“新超级克拉克直女”
652715,出自“新长城一号”×“新超级克拉克直孙女”
652743,出自“超级瓦特号直子”×“长城四号”
652750,出自“长城四号直子”×“长城二号直女”
652797,出自“灰梦直子”×“长城五号”
652802,“国家强手”X“黑鹰甜心”
652830,出自“新福雷迪直孙”×“长城五号直女”
652831,出自超级配对“零缺陷”×“多圈眼”
652833,出自超级配对“零缺陷”×“多圈眼”
652838,出自“长城一号直子”×“特优雄直女”
652860,盖比.凡得纳比
652897,乔斯佛卡门
652903,凡艾登.葛瓦斯
652915,出自“长城三号同窝兄弟”×“小无敌姑娘直女”
652916,出自“零缺陷”×“新福雷迪直女”
652983,
652984,
652985,乔司.乔森
652986,
652999,“国家强手”X“黑鹰甜心”
653001,“土星寰宇”X“火石玉女”
653002,“小火石”X“推土机玉女”
653003,佛科克“高特拉”X“超级570”直子
653007,
653014,
653016,
653017,
653019,
653024,
653027,
653033,
653034,
653081,葛斯顿.范德瓦尔原舍
653088,
653089,
653093,葛斯顿.范德瓦尔
653103,德梅利.丽丽安
653104,威利.丹尼斯
653107,乔尔.佛斯豪特
653126,速霸龙
653169,奶酪小子
653176,哈迪.克鲁格
653178,宾尼.史帝文原舍
653188,耶勒.隆吉尔
653191,耶勒.隆吉尔
653192,哈迪.克鲁格原舍
653223,提奥.雅斯考特
653232,盖比
653235,歪嘴雄鹰X小磨坊
653242,提奥.雅斯考特
653248,
653255,克拉克
653288,马利斯圭多
653289,凡布利安娜
653387,凡布利安娜
653437,瑞克.库尔斯
653438,克里斯.赫伯瑞
653443,凡艾登.格瓦斯原舍
653449,
653459,美国男孩*奶酪小子
653461,
653468,
653471,
653472,
653483,凡代克
653508,美国男孩*奶酪小子
653509,美国男孩*奶酪小子
653510,速霸龙X欧洲皇冠
653511,速霸龙X欧洲皇冠
653530,无环号
653531,无环号
653546,鲁道
653578,奶酪X胡本
653607,安德烈.鲁道夫
653608,
653752,玉麒麟
65378,
653828,杨.欧瓦克×盖比·凡得那比
653844,盖比
653850,盖比
653878,克洛指挥官*志华5名
653900,杨.欧瓦克×盖比
653902,盖比·凡得那比×克里斯.赫伯瑞
653921,胡本
653922,胡本
653923,胡本
653924,胡本
653927,胡本
653928,胡本
653929,胡本
653931,胡本
653934,胡本
653935,胡本
653936,胡本
653938,胡本
653940,胡本
653944,胡本
653954,电脑-戈马力
653957,鲁迪狄萨尔×杨.欧瓦克
653958,克里斯.赫伯瑞×卢克·克里斯蒂安
654053,罗杰富雷卡
654054,【开阳星Ⅱ号】X【邓普西烈女】
654081,灰先生
654101,
654150,林波尔
654152,林波尔
654159,林波尔
654165,【军校生575】
654197,汉斯.威利理奇100号
654198,理奇100号
654201,理奇100号
654208,波克斯曼
654210,乔斯佛卡门
654220,
654224,
654259,恩格斯原舍
654264,
654270,
654276,
654278,
654281,
654283,
654296,
654298,
654300,
654301,奇缘超级种鸽“胖子”
654302,
654303,
654320,极速火箭x贺夫肯816
654321,极速火箭x贺夫肯816
654322,极速火箭x贺夫肯816
654325,奶酪小子
654329,
654330,
654335,
654336,
654337,
654344,
654347,
654348,闪电王子x创造238
654350,创造者双重近亲
654351,贺夫肯134x贺夫肯815
654353,
654356,
654358,
654360,
654361,
654362,
65437,年轻白羽号回血
654388,超远程国血精品
654390,凡布利安娜
654391,凡代克
654394,凡代克
654406,桑杰士
654429,
654435,
654437,
654442,【晚生红狐2010】X【红狐娇女】
654443,【土星Ⅱ号】X【黑鹰甜心】
654451,【世纪金童】X【超级352】
654455,
654458,
654462,
654469,乔斯佛卡门
654479,出自神奇配对“鸽王1号”x“莎琪拉”
654488,出自神奇配对“鸽王1号”x“莎琪拉”
654500,出自顶级配对“豪达直子”x“莎琪拉”
654504,出自顶级配对“豪达直子”x“莎琪拉”
654506,出自顶级配对“豪达直子”x“莎琪拉”
654558,
654565,
654569,100%福雷迪.范西
654571,
654573,出自“基斯”x“克丽丝特”
654578,出自超级配对“德普雷”x“安娜丽丝”
654581,胡本
654583,胡本X戈马力
654586,
654587,
654589,
654593,
654595,
654598,
654617,
654620,
654713,
654735,
654736,
654738,
654739,
654742,100%奶酪
654743,戈马力
654744,戈马力
654745,100乔斯乔森
654746,100乔斯乔森
654753,
654754,
654755,
654772,
654773,
654774,
654776,
654778,
654785,
654787,
654815,本舍特留种鸽
654818,
654829,
654830,开尔鸽业与PIPA菁英育种中心合作育种
654831,
654848,
654850,盖比鲁迪
654852,彼得米卫
654855,彼得.文斯特拉&开尔鸽业
654856,
654859,彼得米卫近血
654860,彼得.文斯特拉&开尔鸽业
654863,
654864,
654869,
654872,
654873,杰斯普-范德维根
654874,
654876,
654877,杰斯普-范德维根
654879,
654882,戴维.吐尼尔
654884,
654888,
654889,戴维.吐尼尔原舍
654896,杨铁伦(JanTheelen)
654923,戈马力
654971,戴维.吐尼尔原舍
654980,哈迪.克鲁格原舍
654983,
654987,
654988,
654989,
654991,
654992,
655007,提奥.雅斯考特
655017,盖比.凡德纳比
655021,盖伊.尼豪尔父子原舍
655033,出自神奇配对“暗灰全兄弟”x“莱奥妮卡”
655034,出自神奇配对“暗灰全兄弟”x“莱奥妮卡”
655103,出自顶尖配对“J.I.T.”x“修长鸽王之母”
655112,乔斯-佛卡门
655113,乔斯-佛卡门
655138,乔斯-佛卡门
655144,吉林克斯原舍
655153,乔斯-佛卡门
655158,艾米尔-丹尼斯
655175,艾米尔·丹尼斯
655189,艾米尔·丹尼斯
655199,乔.巴特斯
655202,德梅利.丽丽安
655212,泰斯.尼克.罗杰
655216,卡蒂.利本斯
655358,李鸟
655370,
655372,天一金母
655377,吴淞
65539,乔斯.佛卡门“巴可X凯蒂”外孙女
65540,乔斯.托内.赛迪娜Ⅰ号“直子
655400,胡本
65541,杨欧瓦克超级63”超级573
655416,出自顶尖配对“J.I.T.”x“修长鸽王之母”
65542,罗尼.凡瑞特.桑杰士
655420,出自“J.I.T.”x“修长路易最后直女”
65543,文斯特拉.美好人生.全妹直女
65545,速霸龙.福雷迪•范西原舍
655452,“最爱火石”X“阿黛尔”
65546,荷兰佛科克父子.原棚
655468,凡龙
655470,凡龙
655476,王忠宝盖比
655479,王忠宝盖比
65548,白眼闪电侠
655528,利奥.贺尔曼
65553,沙奇士原舍.银雄22号近亲
65555,穆利门.原棚
65556,慕利门.原棚
655576,胡本
65559,鹰眼号.全姐妹直女
655609,卡蒂.利本斯
655610,威廉-迪布恩做出
655611,哈迪.克鲁格
655616,史密斯.菲利普-克里斯-凯文
655617,德梅利.丽丽安
655618,考夫曼，佛科克，克拉克
65563,亚精顿全国27267羽61位
655637,“小火石”X“推土机玉女”
655640,佛科克“火石号”X“卡梅蓉·迪亚兹”
655641,“推土机”X“日光号”
65566,克里斯·赫伯瑞原舍
655664,
655668,佛科克
65567,华隆公棚500公里决赛51名
655671,彼得米卫
65568,乔斯.托内.赛迪娜.直女
65570,慕利门.原棚
65571,沙奇士原舍小白12号近亲
65572,凡戴克“所向无敌直孙X哈利.直女
655740,詹森
655744,
655750,
655754,
655769,
65577,罗恩.范维格父子.南图365公里5位
65578,荷兰.佛科克父子.原棚
65579,爱亚卡普.奥林匹克03外孙X欧元外孙女
655792,考夫曼，文斯特拉，飞戈
655793,佛科克，尼克范诺登
655794,考夫曼，林波尔，佛科克
65581,
655811,天一密码/天一电脑
655822,
655823,
655826,
65584,比利时宋妮娅原舍
655842,戴维.吐尼尔
655844,葛斯顿.范德瓦尔×威利.丹尼斯
655846,路克.克里斯帝安
655847,路克.克里斯帝安
655848,希伦斯.诺伯特
655849,吉林克斯
655850,希伦斯.诺伯特
655853,宾尼.史帝文
655854,巴特
655855,泰斯.尼克&罗杰
655856,路克.克里斯帝安
655857,吉林克斯
655858,戴维.吐尼尔
655859,灰先生x小飞戈
655860,范兰度特.安东尼
655862,范兰度特.安东尼
655863,范兰度特.安东尼
655868,文斯特拉，考夫曼
65587,利奥赫尔曼.奥林匹克003直孙
655887,利奥.贺尔曼
655888,利奥.贺尔曼
655889,利奥.贺尔曼
655896,利奥.贺尔曼
655898,利奥.贺尔曼
65590,艾米尔·丹尼斯原舍
655900,利奥.贺尔曼
655902,
65591,隆翔公棚预赛23名决赛470名
65592,罗尼-凡瑞特桑杰士
65594,荷兰.佛科克父子.原棚
655996,范多普父子
65601,柯恩.凡路易.原舍.桑杰士
65602,乔斯.佛卡门鸽舍优秀战将
656038,奶酪小子
656130,马利斯圭多
656132,马利斯圭多
656167,盖比.凡德纳比
656168,盖比.凡德纳比
65617,噶斯顿·大铭鸽奶酪小子近亲
656177,盖比.凡德纳比
656178,
656180,盖比.凡德纳比
656185,盖比.凡德纳比
656186,盖比.凡德纳比
656187,盖比.凡德纳比
656188,盖比.凡德纳比
656189,盖比.凡德纳比
656225,
65623,爱亚卡普.欧元魔术雌”女灶神全兄弟
65625,盖比X杨.胡曼斯.哈利全妹”直女
65626,葛斯顿.奶酪小子”双重近亲
65627,利奥.贺尔曼斯“杨直子”5
65630,乔斯佛卡门原舍国王潘特直女
65632,文斯特拉.最爱灰.直子
65633,盖比.原舍.新闪电号直女
65638,速霸龙.鹰眼”侄女
65639,马歇尔.沃特斯.狮王号×特优号
656401,凡龙
656402,奶酪小子配凡龙公主
656410,
656411,100%戈马力
656412,
656416,银河系X海尔曼铅笔灰
656519,飞戈
656638,吉诺克里克
656650,凡布利安娜
656651,凡布利安娜
656652,凡布利安娜
656653,凡布利安娜
656658,苍白滚桶配苍白女王
656659,超远程国血精品
656660,詹森红狐狸
656794,依天.梅尔浪
656795,红狐狸
656805,雄系
656813,
656823,利奥
656826,银河系X海尔曼
656901,奶酪
656958,
656966,奶酪
656967,詹森
657010,
657023,
657038,
657039,
657041,
657059,
657079,
657080,
657115,乔斯佛卡门
657122,
657123,
657124,
657125,
657247,
657250,乔斯.佛卡门
657290,乔斯.佛卡门
657291,乔斯.佛卡门
657292,根特布朗格
657294,迪克.范登布克
657315,乔斯佛卡门
657338,魯道克拉森
657356,马利斯圭多
657363,
657369,马利斯圭多X詹森
657372,杨阿腾
657376,吴淞尖嘴
657381,马利斯圭多
657386,威利万富
657391,范多普父子
657407,倚天梅尔浪
657413,贺尔曼-裘斯特
657421,
657435,兰布瑞契
657436,盖比.凡德纳比
657437,盖比.凡德纳比
657438,盖比.凡德纳比
657439,盖比.凡德纳比
657440,盖比.凡德纳比
657441,盖比.凡德纳比
657443,盖比.凡德纳比
657444,鲁道红娘近血
657463,鲁道克拉森
657466,盖比.凡德纳比
657467,盖比.凡德纳比
657468,盖比.凡德纳比
657471,奶酪小子
657474,鲁道克拉森红娘直孙
657541,飞戈
657560,盖比.凡德纳比
657561,盖比.凡德纳比
657562,盖比.凡德纳比
657574,
657647,
657648,
657653,
657658,詹森克拉克
657659,汉斯·西格穆勒
657807,
657847,鲁道克拉森
657856,霍夫林父子
657857,霍夫林父子
657858,霍夫林父子
657876,
657877,福瑞克.阿伦
657881,杨阿腾
657882,杨阿腾
657884,杨阿腾·多利号
657885,金伟鱼行波西瓦血系
657887,金伟鱼行波西瓦血系
657888,金伟鱼行波西瓦血系
657890,金伟鱼行波西瓦血系
657891,金伟鱼行波西瓦血系
657892,金伟鱼行波西瓦血系
657893,金伟鱼行波西瓦血系
657895,金伟鱼行波西瓦血系
657915,威利万富
657916,鲁道克拉森
657917,鲁道克拉森
657921,鲁道克拉森
657922,鲁道克拉森
657923,鲁道克拉森
657947,鲁道克拉森
657948,鲁道克拉森
657949,
657951,鲁道克拉森
657952,
657953,万富
657956,鲁道克拉森
657957,鲁道克拉森
657959,阿姆斯壮
657960,鲁道克拉森
657961,威利万富
657962,
657963,
657965,鲁道克拉森
657966,
657967,
657982,利奥?赫尔曼
657994,鲁道克拉森
657995,鲁道克拉森
657999,
658001,
658002,
658003,鲁道克拉森
658004,鲁道克拉森
658005,鲁道克拉森
658006,鲁道克拉森
658007,鲁道克拉森
658008,鲁道克拉森
658009,鲁道克拉森
658010,鲁道克拉森
658012,鲁道克拉森
658013,鲁道克拉森
658014,鲁道克拉森
658015,鲁道克拉森
658016,鲁道克拉森
658017,鲁道克拉森
658018,鲁道克拉森
658019,鲁道克拉森
658020,鲁道克拉森
658021,鲁道克拉森
658022,鲁道克拉森
658023,鲁道克拉森
658024,鲁道克拉森
658026,鲁道克拉森
658027,鲁道克拉森
658031,鲁道克拉森
658032,万富
658034,鲁道克拉森
658035,万富
658038,鲁道克拉森
658040,鲁道克拉森
658041,鲁道克拉森
658042,鲁道克拉森
658043,鲁道克拉森
658044,鲁道克拉森
658078,利奥.贺尔曼
658081,利奥.贺尔曼
658113,鲁道克拉森
658114,倚天梅尔浪
658116,鲁道克拉森
658117,鲁道克拉森
658118,鲁道克拉森
658119,鲁道克拉森
658120,鲁道克拉森
658121,鲁道克拉森
658122,鲁道克拉森
658123,鲁道克拉森
658128,鲁道克拉森
658129,倚天梅尔浪
65813,阿隆索
658231,奶酪小子
658232,奶酪小子
658233,奶酪小子
658234,奶酪小子
658246,
658247,
658248,
658249,
658256,鲁道克拉森
658347,奶酪
658462,玉麒麟
658490,
658500,飞戈X欧瓦克484
658523,奶酪小子
658535,林波尔
658540,芮娜飞戈
658541,芮娜飞戈
658632,玉麒麟
658635,玉麒麟
658638,玉麒麟
658641,开尔与吉林克斯合作育种
658642,开尔与吉林克斯合作育种
658643,吉林克斯
658646,开尔与PEC育种中心合作育种
658728,
658762,依库特.泰奥
658766,盖比
658767,
658776,奶酪
658780,奶酪
658782,芮娜飞戈
658783,乔斯.佛卡门
658795,鲁道
658798,鲁道克拉森
658800,鲁道克拉森
658801,鲁道克拉森
658802,鲁道克拉森
658807,鲁道克拉森
658812,威利万富
658823,鲁道克拉森
658824,鲁道克拉森
658825,鲁道克拉森
658837,鲁道克拉森
658840,威利万富
658846,鲁道克拉森
658861,
658865,酪农
658883,林波尔
658887,林波尔
658889,鲁道克拉森
658900,奶酪小子
658908,
658912,凡戴克迪卡普里奥
658919,【大雄】系
658924,凡戴克迪卡普里奥
658987,胡本“年轻艺术家”多重回血特留种鸽
658988,胡本“年轻艺术家”多重回血特留种鸽
658989,胡本“年轻艺术家”多重回血特留种鸽
658990,胡本“年轻艺术家”多重回血特留种鸽
658991,胡本“年轻艺术家”多重回血特留种鸽
658992,胡本“年轻艺术家”多重回血特留种鸽
658994,胡本“年轻艺术家”多重回血特留种鸽
658995,胡本“年轻艺术家”多重回血特留种鸽
658996,胡本“年轻艺术家”多重回血特留种鸽
658997,胡本“年轻艺术家”多重回血特留种鸽
658999,胡本“年轻艺术家”多重回血特留种鸽
659000,胡本“年轻艺术家”多重回血特留种鸽
659001,胡本“年轻艺术家”多重回血特留种鸽
659002,胡本“年轻艺术家”多重回血特留种鸽
659003,胡本“年轻艺术家”多重回血特留种鸽
659004,胡本“年轻艺术家”多重回血特留种鸽
659005,胡本“年轻艺术家”多重回血特留种鸽
659007,胡本“年轻艺术家”多重回血特留种鸽
659036,宾尼.史蒂文
659037,奶酪小子
659056,奶酪小子
659057,奶酪小子
659059,盖比.凡德纳比
659060,盖比.凡德纳比
659061,盖比.凡德纳比
659063,盖比.凡德纳比
65913,
659188,100%盖比.凡德纳比
659190,100%佛科克父子
659192,100%佛科克父子
659193,100%乔斯佛卡门
659195,胡本
659196,胡本
659197,胡本
659198,100%杨.欧瓦克
659199,胡本
659200,胡本x电脑
659202,胡本x电脑
659203,源自西安阳光家园
659204,100%胡本血统
659207,100%芮娜.飞戈血统
659208,100%乔斯佛卡门
659210,100%乔斯佛卡门
659212,100%胡本x盖比
659213,100%胡本近亲
65926,
659265,胡本
659266,胡本
659269,胡本
659270,胡本
659271,胡本
659272,胡本
659274,胡本
659275,胡本
659277,胡本
659278,乔斯佛卡门
659279,乔斯佛卡门
659280,乔斯佛卡门
659282,华尔詹吉
659283,华尔詹吉
659285,华尔詹吉
659287,华尔詹吉
659288,华尔詹吉
659289,华尔詹吉
659290,华尔詹吉
659291,华尔詹吉
659293,荷兰爱亚卡普原舍
659294,荷兰爱亚卡普原舍
659295,凡龙
659309,胡本
659310,胡本
659311,胡本
659313,胡本海尔比
659314,胡本海尔比
659315,胡本海尔比
659316,胡本海尔比
659317,胡本海尔比
659318,胡本海尔比
659319,胡本海尔比
659321,胡本海尔比
659322,胡本
659323,胡本海尔比
659324,胡本海尔比
659325,胡本海尔比
659326,胡本海尔比
659327,胡本
659328,胡本
659331,胡本
659332,胡本年轻艺术家
659334,胡本
659335,胡本
659336,胡本
659337,胡本
659338,胡本
659339,胡本
659340,凡龙x胡本
659346,
659347,
659348,
659352,
659389,葛斯顿.范德瓦尔
659421,摩利斯.卡萨
659440,摩利斯.卡萨
659446,里奥赫尔曼斯
659448,路克&希尔德.西翁
659449,路克&希尔德.西翁
659486,
659524,迪尔巴x詹森
659527,乳酪x盖比
659792,林波尔荷兰王子*电脑戈马力巴龙
659797,林波尔荷兰*电脑年轻巴龙
659851,
659914,速霸龙
659915,
659917,
659918,速霸龙
659920,速霸龙
659924,速霸龙
659971,“黑鹰战士”X“土星王妃”
659976,“超级勇士”X“帝王琳娜”
659982,“奇幻白鼻”X“国家贵妇”
659988,“骄傲邓普西”X“无限可能”
659993,“晚生红狐2010”X“红狐娇女”
659995,卡萨
660041,乔斯佛卡门
660042,乔斯佛卡门
660091,
660116,波拉5000
660118,波拉5000
660119,波拉5000
660120,波拉5000
660149,
660150,
660152,
660153,
660155,
660161,理奇*考夫曼
660232,盖此
660240,佛科克父子×盖比·凡得那比
660242,
660252,奶酪小子
660253,奶酪小子
660291,盖比-凡德那比
660304,詹森红狐
660305,詹森红狐
660314,
660321,斯迪克斯—当克斯原舍
660322,“奶酪小子直孙X无敌利蒙治全姐妹”
660323,
660327,无敌利蒙治全姐妹”直子
660330,桑杰士
66037,速霸龙
66038,速霸龙
660380,
660441,
660445,詹森
660507,杨阿腾
660508,杨阿腾
660509,杨阿腾
660512,杨阿腾
660513,杨阿腾
660514,杨阿腾
660515,杨阿腾
660516,杨阿腾
660517,杨阿腾
660518,杨阿腾
660519,杨阿腾
660522,杨阿腾
660531,杨阿腾
660532,杨阿腾
660534,杨阿腾
660535,杨阿腾
660537,杨阿腾
660538,杨阿腾
660539,杨阿腾
660540,杨阿腾
660541,杨阿腾
660544,杨阿腾
660545,杨阿腾
660546,杨阿腾
660547,杨阿腾
660575,米卫
660601,林波尔
660682,杨阿腾
660685,杨阿腾
660686,杨阿腾
660687,杨阿腾
660688,杨阿腾
660689,杨阿腾
660692,杨阿腾
660693,杨阿腾
660695,杨阿腾
660729,
660732,
660734,100%安德烈勃默德系
660735,100%安德烈勃默德系
660736,100%安德烈勃默德系
660737,100%安德烈勃默德系
660738,100%安德烈勃默德系
660739,100%安德烈勃默德系
660740,100%安德烈勃默德系
660741,100%安德烈勃默德系
660743,100%安德烈勃默德系
660745,100%安德烈勃默德系
660749,杨阿腾
660750,杨阿腾
660753,杨阿腾
660910,杨阿腾
660912,史多西斯
660921,杨阿腾
660922,杨阿腾
660923,杨阿腾
660924,杨阿腾
660925,杨阿腾
660926,杨阿腾
660927,杨阿腾
660928,杨阿腾
660929,杨阿腾
660930,杨阿腾
660948,
660949,
660993,电脑戈马力
660994,电脑戈马力
661174,杨·胡曼斯
661175,杨·胡曼斯
661187,凡龙
661190,
661196,盖比
661221,千里红*超级号詹森*德国汉斯444
661226,盖比
661227,
661234,阿布瑞挈
661307,玉麒麟
661352,玉麒麟
661424,贺伯特X（胡本X戈马力）
661425,贺伯特X（胡本X戈马力）
661426,戈马力X胡本X海尔曼X银河系
661429,银河系
661430,贺伯特
661434,杨.欧瓦克
661437,
661458,奶酪小子
661461,奶酪小子
661462,奶酪小子
661476,黑鹰家族
661478,（奶酪小子X万候X吉林克斯）
661479,盖伊·范德奥维拉父子原舍
661510,红色彼得米卫
661524,
661611,胡本581
661620,杨阿腾
661647,红色彼得米卫
661660,玉麒麟
661669,盖比闪电
661675,爱亚卡普欧元直子
661694,台灣北極勢山系
661714,台灣北極勢山系
661715,台灣北極勢山系
661717,台灣北極勢山系
661730,台灣北極勢山系
661737,台灣北極勢山系
661754,“王者风范”X“处女943”
661831,台灣北極勢山系
661836,台灣北極勢山系
661840,台灣北極勢山系
661851,台灣北極勢山系
661857,台灣北極勢山系
661866,林波尔
661920,路克&希尔德.西翁
661999,贵州闪电鸽舍主血
662007,石斑詹森
662009,奶酪小子
662010,
662012,
662023,东方不败直系
662068,乔斯佛卡门
662075,奶酪小子
662083,苍白X桑杰士
662132,林波尔
662183,林波尔公牛
662205,佛卡门*胡本
662221,凡布利安娜
662274,
662298,盖比X丹尼斯
662299,红色彼得米卫鸽王家族
662301,
66234,国际和平号家族
662409,
662427,
662443,凡代克
662445,
662447,
662448,
662453,
662455,
662463,西格穆勒
662491,赤老号曾孙女
662492,赤老号曾孙女
662513,
662514,利奥近亲
662536,乔斯.乔森
662537,乔斯.乔森
662540,乔斯.佛卡门
662595,彼得米卫极度近血
66261,
662656,
662657,
662658,
662659,
662666,
662667,
662675,奶酪240
662676,奶酪240
662677,240近亲
662678,年轻艺术家近亲孙女
662680,克拉克詹森原舍
662682,胡本
662691,胡本
662697,胡本
66272,胡本原舍
662773,福洛.福沃特
662774,福洛.福沃特
662775,福洛.福沃特
662781,福洛.福沃特
662784,福洛.福沃特
662787,福洛.福沃特
662805,乔斯佛卡门
662809,利奥*佛卡门*胡本
662899,
662901,
662904,
662907,超远程国血精品
662922,超远程国血精品
662923,超远程国血精品
662924,超远程国血精品
662925,超远程国血精品
66309,恩格斯377系配迪沃斯近亲
663103,麦克斯荷比双重回血
663104,苍白女王配苍白滚桶，兆尊杀手
663105,盖比
663109,盖比
663112,阳光家园
663114,桑杰士
66312,贺佛肯
663123,圭多
663124,圭多
663125,圭多
663128,圭多
66313,西北女王直子X恩格斯231系近血
66314,飞戈悍将031配李军554直女
663143,范登布克×德拉帕
66315,恩系322x恩系343外孙女
663185,范登布克×德拉帕
663186,范登布克×德拉帕
66319,捍将飞戈/西北全能女王号
663193,范登布克×德拉帕
66322,鸽友通:
663222,范登布克×德拉帕
663228,范登布克×德拉帕
66324,恩格斯377子/范德佛拉斯124
663255,德拉帕冠军号家族
66328,恩格斯322系/詹森
66330,詹森红狐104/范德佛拉斯
66334,电脑/电脑
66335,恩格斯系/悍将系X汤姆
66336,李军554直子/恩格斯威力50名
663370,盖比
663393,盖比闪电号直孙女
663404,盖比
663412,盖比+迪卡普里奥
66354,福禄.恩格斯
663546,克拉克*奶酪*乔斯.佛卡门*胡本
66356,福禄.恩格斯
663578,
66358,福禄.恩格斯
663581,
663583,
663589,桑杰士
66359,福禄.恩格斯
663596,吉瓦特.兰努
663603,
663606,桑杰士
663608,吉瓦特.兰努
663610,悍将波西瓦
663611,吉瓦特.兰努
663613,吉瓦特.兰努
663614,吉瓦特.兰努
663616,吉瓦特.兰努
663619,吉瓦特.兰努
663623,吉瓦特.兰努
663626,吉瓦特.兰奴
663637,奶酪小子多重回血
663639,奶酪小子多重回血
663642,吉瓦特.兰奴
663643,吉瓦特.兰奴
663644,吉瓦特.兰奴
663645,吉瓦特.兰奴
663646,吉瓦特.兰奴
663675,杨阿腾
663676,杨阿腾
663678,杨阿腾
663684,100%詹森
663685,杨阿腾
663686,杨阿腾
663687,杨阿腾
663688,杨阿腾
663689,杨阿腾
663690,杨阿腾
663692,杨阿腾
663694,杨阿腾
663695,杨
663696,杨阿腾
663697,杨阿腾
663699,杨阿腾
663704,超远程国血精品
663705,超远程国血精品
663726,【黑鹰小怪】X【茉莉卡】
663741,胡本x詹森
663742,胡本
663808,
663812,胡本
663814,胡本近血
663829,胡本x詹森
663834,詹森x考夫曼
663959,胡本x戈马力
664017,胡本x詹森
664019,史多西斯
664036,桑杰士仅供欣赏
664056,胡本x克拉克詹森
664064,
664069,胡本近亲
664071,詹森
664085,詹森
664087,詹森
664088,胡本
664095,胡本近亲
664096,林波尔
664098,胡本
664099,胡本
664109,胡本
664114,帝王
664141,詹森
664145,詹森冬日
664152,宾尼.史蒂文
664153,宾尼.史蒂文
664156,
664159,
664161,詹森
664163,宾尼.史蒂文
664164,胡本
664172,伯马飞歌X美好人生（全弟）
664173,伯马飞歌X拉索年号（无环雄直孙）
664175,伯马飞歌X国际新手（年青克拉克69直孙）
664176,白头（席维斯特直子）X伯马飞歌
664180,瓦特×卡沙特
664196,
664238,考夫曼
664245,
664251,
664271,林波尔
664349,马克罗森斯
664380,伯马飞歌X年轻宝拉（帝卢速霸龙梦幻配对直孙）
664388,范登布克
664395,范登布克
664399,伯马，佛科克，飞戈
664457,贝克詹森×比得慢得斯
664476,桑杰士
664481,超远程国血精品
664484,超远程国血精品
664485,超远程国血精品
664495,超远程国血精品
664584,
664585,
664587,
664588,英格斯·吐尼尔X伯马飞歌
664598,马克罗森斯
664599,
664601,马克。詹森
664611,波西瓦配奶酪
664630,波西瓦配奶酪
664639,
664641,
664670,
664746,黑花飞戈X回血772直子·潘朵垃冠军
664750,
664751,桑杰士
664757,桑杰士
664761,
664824,东方不败
664852,
664894,贺尔梅斯
664902,盖比
664916,贺尔梅斯
664961,飞鹰
664963,飞鹰
665031,考夫曼
665054,胡本
665089,范登布克
665101,
665103,迪克.范登布克和史蒂芬.兰布瑞契
665152,啊特玛超级53
665175,奶酪
665206,
665207,
665272,戈马力X无敌红狐X凡尔亚罕
665283,
665311,
665320,爱亚卡普詹森X桑杰士
665475,威利.丹尼斯
665480,飞戈
665505,薛伦斯
665508,乳酪x龚修尔
665511,龚修尔x奶酪
665514,薛伦斯
665515,鸽王649x818
665609,德国龚修尔
665610,
665611,超级种雄735x金母203
665612,乳酪小子近血x金母203
665620,（盖比x凡戴克）x盖比
665621,(盖比x凡戴克)x盖比
665634,史多西斯
665644,
665726,
665731,鸽王649x172
665736,鸽王649直女
665738,鸽王649x金母203
665740,鸽王649x172
665761,詹森
665790,伯马飞歌X高兴号（奶酪小子直孙女）
665798,天威3号
665799,天威三号
665800,天威三号
665818,电脑戈马利
665836,电脑戈马利
665848,阿里维什
665853,速霸龙恩格斯势山
665866,杨.欧瓦克
665878,利奥赫尔曼原舍
665881,电脑
665897,
665902,
665976,“杜姆”X“BDS鸽王亚军”直女
666032,贝克詹森
666036,贝克詹森x比得慢得思
666037,贝克詹森x比得慢得思
666038,贝克詹森x比得慢得思
666072,电脑戈马利
666077,电脑戈马利
666079,
666080,灰吉尔特
666085,超远程国血精品
666086,超远程国血精品
666088,超远程国血精品
666124,凡龙
666150,凡龙954
666152,电脑戈马利
666158,电脑戈马利
666159,电脑戈马利
666162,奶酪x龚修尔金母203
666164,奶酪x龚修尔金母203
666166,奶酪x龚修尔金母203
666167,210x203
666169,电脑戈马利
66617,吐尼尔*詹森
666170,电脑戈马利
666175,杨森斯波恩X嘉鹿红狐
666178,利奥贺尔曼
666179,胡本
666196,电脑戈马利
66621,波西瓦
666210,电脑戈马利
666212,电脑戈马利
666217,电脑戈马利
666218,林波尔
666233,名典林波尔
666237,戈马力
66626,吐尼尔
666287,凡布利安娜
666290,凡布利安娜
666291,凡布利安娜
666293,林波尔
666296,克拉克613近亲
666330,电脑.戈马力
666331,“鸽王号直子X178直孙女”
666334,胡本近亲
666341,克拉克
666344,克拉克
66636,万德唯根
666371,
666379,
666381,
666388,
666389,
666391,
666398,乔斯.佛卡门
666402,鸽王×英格斯
666404,鸽王
666405,詹森×鸽王
666406,詹森×凡龙
666407,詹森×苍白×鸽王
666409,詹森×凡龙×鸽王
666410,凡龙×鸽王×詹森
666412,鸽王×凡龙
666413,詹森×凡龙
666414,凡龙×詹森×苍白
666415,鸽王×凡龙
666416,鸽王×詹森
666417,凡龙×鸽王×詹森
666418,詹森×鸽王
666419,詹森275×苍白×凡龙
666420,詹森×凡龙×鸽王
666421,詹森×鸽王
666423,詹森275×苍白×鸽王
666424,詹森275×苍白×凡龙
666425,鸽王×苍白
666426,詹森275×苍白×凡龙
666427,鸽王
666440,詹森×凡龙×鸽王
666442,詹森×苍白
666444,
666448,克拉克
66645,泰奥克里克
666450,凡代克
666451,凡代克
666456,凡布利安娜
666461,“新奥林匹克号”直子
666464,KBDB全国速度鸽王冠军X德国全国幼鸽鸽王亚军
666560,
666599,苍白×鸽王
666600,鸽王
666601,鸽王×英格斯
666603,凡龙×詹森×苍白
666605,凡龙×吐尼尔×詹森
666606,杨阿腾×詹森
666607,名典林波尔
666608,名典林波尔
666651,克拉克詹森
666661,
666729,宋尼亚×英格斯×克拉克
666754,
666769,
666783,
666790,
666791,
666824,
666825,
666826,
666830,240
666831,奶酪240直系
666832,奶酪240直系
666835,B12-3127501
666847,荷兰-鲁道克拉森
666853,荷兰-鲁道克拉森
667131,詹森/考夫曼
667180,詹森/考夫曼
667182,戈马力白羽296之子
667217,佛科克
667237,电脑戈马力
667240,电脑戈马力
667251,电脑戈马力
667258,速霸龙
667261,电脑戈马力
667265,电脑戈马力
667295,凡代克
667454,超远程国血精品
667455,超远程国血精品
667456,超远程国血精品
667461,利奥贺尔曼
667550,
667584,“超级710”X“黄金蒂娜”
667585,“玉面魔王”X“神鸟皇后”
667586,“金冠神鸟”X“黄金蒂娜”
667587,“超级世纪”X“超级570”
667588,“超级世纪”X“超级570”
667589,“神鸟男星”X“超级美眉”
667590,“灰冠强手”X“无敌漂亮”
667595,“小火石”X“黑鹰女皇”
667598,“银河黑鹰”X“方圆美眉”
667619,波西瓦×吉普
667620,波西瓦×吉普
667621,吉普
667631,波西瓦×吉普
667636,超远程国血精品
667666,
667672,
667680,
667682,
667683,
667684,
667685,
667731,
667745,
667751,吉诺
667763,奥林匹克003
667779,胡本匹诺曹回血
667780,胡本匹诺曹回血
667836,
667837,
667845,苍白女王配苍白滚桶，兆尊杀手
667861,苍白滚桶配苍白女王
667868,詹森019
667875,詹森019
667880,苍白女王配苍白滚桶，兆尊杀手
667884,
667891,红狐狸
667892,红狐狸
667899,
667912,
667913,
667928,乔斯托内原舍做出
667951,
667953,
667993,詹森
667994,詹森
667995,超远程国血精品
667996,超远程国血精品
668002,超远程国血精品
668143,英格斯·吐尼尔X伯马飞歌
668196,
668256,白雪公主高辈分近亲直孙
668257,白雪公主直孙
668258,詹森
668259,詹森原舍
668268,电脑戈马力
668277,
668293,利奥
668297,利奥
668305,佛科克
668307,佛科克
668507,
668548,苍白骑士+凡龙+275
66856,
668599,阿隆索
668603,桑杰士配考夫曼
668604,阿隆索配波西瓦
668606,
668612,阿隆索回血
668614,
668625,乔斯.佛卡门
668627,乔斯.佛卡门电流号血系
668628,超远程国血精品
668631,超远程国血精品
668647,利奥.赫尔曼斯原舍
668649,利奥.赫尔曼斯原舍
668653,奶酪
668656,奶酪
668662,
668663,
668664,
668665,
668668,克拉克613
668677,
668686,
668689,鸽王
668703,“天王星Ⅱ号”X“土星王妃”
668705,“天权星Ⅱ号”X“土星甜心”
668818,
668821,
668823,
668867,恩格斯配胡本
668868,恩格斯配威廉吉尔特
668869,恩格斯
668871,恩格斯配威廉吉尔特
668879,
668880,世界大名鸽断胸骨直孙
66899,噶斯栋-凡德瓦尔
66909,嘎斯顿-凡德瓦尔
669112,
669120,埃米尔丹尼斯原舍
669170,英格斯
669180,曼得斯詹森
669356,【十冠殿下】X【金发女郎】
669530,桑杰士超级近亲
669540,
669571,飞鹰
669623,
669728,
669729,
669730,
669731,
669732,
669733,
669767,
669769,
669770,
669772,
669774,
669775,
669794,范德帕许父女
669830,
669832,电脑，戈马利
669965,“黑鹰火花”X“米拉布鲁斯”
670022,
670032,詹森红狐
670039,“金冠神鸟”X“波治艳后”
670044,詹森小火箭近亲
670079,“火石芯”X“乳酪独宠”
67008,噶斯栋-凡德瓦尔
670084,“土星帝王”X“神鸟郡主”
670098,卡萨
67010,噶斯栋-凡德瓦尔
670129,威尔森.德肯斯
670130,杨、胡曼斯
670131,杨胡曼斯
670132,杨胡曼斯
670133,杨胡曼斯
670207,克拉克613×凡龙×公棚获奖鸽
670354,佛科克
670374,
670375,
670376,
670379,林波尔
670380,速霸龙
670381,林波尔
670382,速霸龙
670407,盖比
670408,小飞戈
670423,盖比
670424,盖比
670435,
670452,詹森
670507,林波尔
670511,林波尔
670512,詹森
670573,“黑虎”X“聚来冠贵妇”
670574,“超级高手”X“超级104”
670576,“北国无敌”X“神鸟美眉”
670577,“晚生红狐2010”X“凯恩·路易”
670670,乔斯乔森配阿隆索
670671,桑杰士配阿隆索
670674,阿隆索配乔斯乔森
670706,阿隆索配波西瓦
670728,
670729,阿隆索
670739,阿隆索
670741,阿隆索
670749,罗尔浪X动力号X速霸龙
670750,罗尔浪X动力号X速霸龙
670768,彼得·文斯特拉
670845,超远程国血精品
670865,超远程国血精品
670868,超远程国血精品
670869,超远程国血精品
670870,超远程国血精品
670934,佛科克
670935,佛科克
670936,佛科克
670937,佛科克
670941,
670949,
670950,
670970,阳光家园
670971,吉林克斯
670972,红狐狸
670974,超远程国血精品
670977,
670994,基特尔，奥林匹克
671077,戈马力
671082,佛科克，马克罗森斯
671083,伯马家族
671094,蓝色贵族X鸽王5直女
671113,
671155,詹森灰胖子
671161,至尊507?突变琼思直女（4078）
671282,桑杰士
671283,桑杰士
671286,
671287,
671291,
671292,
671296,
671326,威尔森.德肯斯
671335,
671388,
671410,
671415,
671420,
671422,
671433,
671437,
671467,
67148,詹森黑珍珠同父异母兄妹回血
671481,
671484,佛科克
671600,
671613,
671615,
671616,
671617,
671621,
671622,
671625,
671626,
671628,
671630,
671634,
671661,
671662,
671674,葛斯顿.范德瓦尔
671676,彼得米卫高辈分近血
671683,红狐狸X老火箭
671697,
671707,阿隆索配吐尼尔
671745,年轻机关枪配阿特玛超级53
671764,
671766,
671769,
671775,
671806,
671813,
671816,
671904,戈马力
671905,钢铁利摩日X东方不败
671929,100%佛卡门
671930,100%佛卡门
671940,戈马力X桑杰士
671958,超远程国血精品
671961,超远程国血精品
671984,超远程国血精品
671993,超远程国血精品
672023,戈马力军校生
672024,花王
672032,乔斯佛卡门
672035,伊尔梅尔
672049,花王X伊尔梅尔
672051,乔尔.佛斯豪特
672052,戈马力
672053,佛科克，伯马冠军
672226,
672229,
672231,
672232,
672234,
672236,
672238,
672239,
672245,詹森原舍红狐
672248,文斯特拉（美好人生全兄弟直子*全姐妹直女）
672253,文斯特拉（灰先生*美好人生）直孙女
672261,乔司.佛卡门电流号外孙
672262,爱利克·林伯格
672263,凡登阿贝-凡帕森
672264,卢克·提特贾特
672265,米歇尔&菲利普·当特
672266,杰普森-范德维根
672267,杰普森-范德维根
672268,凡登阿贝-凡帕森
672269,
672271,欧文尼·塞布曼斯
672272,贺伯特兄弟
672273,天地鸽舍
672275,乔司.佛卡门特优号直孙女（电流号半平辈直女）
672293,凡.贝伦栋克波斯皇后直孙
672294,凡贝伦栋克钻石配对外孙女，波治之最直女
672295,凡贝伦栋克钻石配对直孙
672305,凡龙751
672308,瓦特
672313,瓦特
672323,
672324,
672325,
672327,
672328,
672329,
672330,
672332,
672333,
672335,
672339,桑杰士第一武士
672340,桑杰士第一武士
672343,桑杰士第一武士
672344,乔谱333
672383,桑杰士第一武士
672398,卡普豪斯传奇05
672399,卡普豪斯传奇05
672413,贝尔蒂.卡普豪斯传奇05
672418,凡.贝伦栋克
672429,凡龙751✘第一武士
672431,凡龙751
672432,凡龙751
672434,盖比
672469,飞戈X皇帝号直女
672498,凡龙751
672523,斯蒂芬.兰布瑞契罗西塔近亲
672529,史蒂芬.兰布瑞契“利奥003近亲直子*老红直女”
672617,100%盖比
672725,英格斯231近亲
672731,闪电桑杰士
672736,金牌汤姆
672737,金牌汤姆
672738,约翰.栋克斯“鸽王2006”
672745,比弗丹*斯梅丁
672747,鸽王426近亲
672749,
672751,
672754,瓦特
672755,
672756,瓦特
672767,爱尔扎克配阿特玛超级53
672805,爱尔扎克配博客斯曼
672808,瓦特
672818,詹森019配薛仲雅红毛近亲
672867,史蒂芬.兰布瑞契
672872,
672938,凡龙近亲
672976,詹森019配薛仲雅红毛圣母8888近亲
672979,詹森019配薛仲雅红毛圣母8888近亲
672986,阿特玛超级53配红毛圣母8888
673076,超远程国血精品
673079,超远程国血精品
673081,超远程国血精品
673098,乔斯托内
673185,速霸龙*盖比
673186,霍夫肯瓦特近亲
673187,罗森波斯*戈马力
673188,霍夫肯瓦特近亲
673194,盖比*瓦特
673195,罗森波斯*瓦特
673199,桑杰士*芬尼卡
673200,林波尔*瓦特
673201,速霸龙*戈马力
673202,罗森波斯*欧洲之王
673203,盖比*戈马力
673208,佛科克
673232,史多西斯
673258,“北芒星”X“暧昧红狐”
673259,“派大星”X“王子皇后”
673261,“派大星”X“王子皇后”
673262,“派大星”X“王子皇后”
673264,“派大星”X“七星盖比”
673265,“莲花灵童”X“邓普西烈女”
673266,“小火石”X“黑鹰圣婴”
673274,“香格里拉”X佛科克“霸气艾米”
673276,“黑鹰火花”X“米拉布鲁斯”
673278,“黑鹰火花”X“米拉布鲁斯”
673280,“黑虎”X“聚来冠贵妇”
673282,“黑虎赫柏”X“茉莉卡”
673390,“小火石”X“黑鹰圣婴”
673395,“小火石”X“黑鹰圣婴”
673399,“康塔多勇士”X“先辉少女”
673404,“北芒星”X“凯恩·路易”
673406,“黑虎”X“聚来冠贵妇”
673453,
673477,卡普豪斯
673479,卡普豪斯原舍种鸽作出
673481,超远程国血精品
673560,旺仔*图利
673565,指挥官克拉克
673575,小飞戈441
673631,小飞戈
673632,杨龚多拉斯
673636,泰斯.尼克&罗杰×克里斯.赫伯瑞
673637,狄杰克.福雷迪×盖比.凡得那比
673638,佛科克父子×盖比·凡得那比
673640,考夫曼×盖比.凡得那比
673641,吉林克斯×杨.欧瓦克
673642,盖比.凡得那比×皮特.米卫
673644,考夫曼×盖比.凡得那比
673647,杨.欧瓦克×盖比·凡得那比
673658,胡本x克拉克
673724,乔斯.乔森
673725,文斯特拉
673729,戈马力
673746,宾尼.史帝文×杨.欧瓦克
673748,杨.欧瓦克
673755,杨.欧瓦克×盖比·凡得那比
673756,佛科克父子×杨.欧瓦克
673767,杨.欧瓦克
673772,盖伊.范德奥维拉父子×杨.欧瓦克
673773,克里斯.赫伯瑞×杨.欧瓦克
673784,杨.欧瓦克
673786,杨.欧瓦克
673787,
673788,杨.欧瓦克×克里斯.赫伯瑞
673793,范德帕许父女×考夫曼
673802,迪克.胡辛加×盖比.凡得那比
673811,威廉.狄布恩×杨.欧瓦克
673823,克里斯.赫伯瑞×鲁迪.狄萨尔
673829,希伦斯.诺伯特×盖比.凡得那比
673831,希伦斯.诺伯特×盖比.凡得那比
673837,杨.欧瓦克×帝卢·速霸龙
673846,盖比.凡得那比
673949,吉拉德考夫曼配荷兰爱亚卡普盖比
673993,克拉克613
673996,葛斯顿.奶酪
674032,
674037,
674124,
674125,
674126,
674128,
674129,
674170,100%福雷迪.范西
674173,葛斯顿.范德瓦尔
674174,葛斯顿.范德瓦尔
674175,
674176,
674180,英格斯“178”曾孙女
674192,奶酪小子
674196,
674197,乔尔.佛斯豪特
674202,奶酪小子
674207,东方不败曾孙女
674209,盖比
674211,盖比
674217,盖比
674218,盖比
674219,奶酪小子
674244,盖比
674258,盖比
674259,盖比
674260,盖比
674261,盖比
674263,盖比
674302,奶酪
674402,
674403,
674404,
674406,
674420,胡本“花花公子”直孙女
674426,佛卡门
674428,佛卡门
674429,佛卡门
674477,令狐冲x胡本
674515,英格斯“178”近亲曾孙
674526,东方不败
674529,东方不败
674574,
674582,葛斯顿.范德瓦尔
674611,波克斯曼X胡本X戈马力
674612,银河系X海尔曼
674613,海尔曼铅笔灰
674614,甘纳斯X银河系
674615,银河系X海尔曼
674616,“利蒙治大公”X“金发女郎”
674617,“利蒙治大公”X“金发女郎”
674618,“苍穹老铁”X“国家路易”
674619,“土星Ⅱ号”X“凯恩·路易”
674620,“土星Ⅱ号”X“凯恩·路易”
674622,“土星Ⅱ号”X“凯恩·路易”
674626,“天王星Ⅱ号”X“土星王妃”
674627,“天王星Ⅱ号”X“土星王妃”
674628,“北斗星Ⅱ号”X“翔冠斗士”
674629,“北斗星Ⅱ号”X“翔冠斗士”
674630,“金发酷哥”X佛科克“艾米火石”
674631,“金发酷哥”X佛科克“艾米火石”
674633,“金发酷哥”X佛科克“艾米火石”
674634,玉麒麟
674635,“阿黛尔小仔”X“启明星Ⅱ号”
674636,玉麒麟
674637,“阿黛尔小仔”X“启明星Ⅱ号”
674641,“晚生红狐2010”X“恒星Ⅱ号”
674645,“晚生红狐2010”X“恒星Ⅱ号”
674647,“晚生红狐2010”X“恒星Ⅱ号”
674653,“狂浪先锋”X“自由翱翔”
674658,“土星火石”X“七星盖比”
674662,“土星火石”X“七星盖比”
674672,“巴可斗士”X“妙龄白鼻”
674674,“土星帝王”X“神鸟郡主”
674675,“土星帝王”X“神鸟郡主”
674677,“神鸟男星”X“超级美眉”
674678,“神鸟男星”X“超级美眉”
674679,“超级091”X“天枢星Ⅱ号”
674681,“天玑星Ⅱ号”X“土星战士”
674682,“天玑星Ⅱ号”X“索朗天脉”
674683,“天玑星Ⅱ号”X“索朗天脉”
674686,“织女星Ⅱ号”X“女骑士”
674687,“织女星Ⅱ号”X“女骑士”
674690,“强手神鸟”X“玉衡星Ⅱ号”
674691,“强手神鸟”X“玉衡星Ⅱ号”
674692,“强手神鸟”X“玉衡星Ⅱ号”
674732,“索芙特鲍勃之子”X“逍遥玉女”
674734,“超级710”X“艾米”
674735,“超级710”X“红狐石板号”
674736,“超级710”X“红狐石板号”
674737,“超级710”X“暧昧红狐”
674738,“超级710”X佛科克“守护女神”
674739,“金冠神鸟”X“波治艳后”
674741,“金冠神鸟”X“黄金蒂娜”
674742,“金冠神鸟”X“黄金蒂娜”
674744,“香格里拉”X“超级漂亮灰”
674745,“灰冠强手”X“无敌漂亮”
674746,“灰冠强手”X“无敌漂亮”
674770,“超级男星”X“无冕先锋”
674771,“索芙特鲍勃”X“超级丽莎”
674837,马歇尔.山格斯配桑杰士【梦幻之母】
674838,“邓普西米拉”X“黑鹰烈女”
674839,乔斯·佛卡门“黑虎”X佛科克“赫柏”
674842,盖比
674845,佛科克父子×盖比·凡得那比
674846,克里斯.赫伯瑞×葛斯顿.范德瓦尔
674847,盖比.凡得那比×赖铭沧
674849,林·公主号”X“可爱红狐”
674851,杨.欧瓦克×盖比.凡得那比
674852,“林·公主号”X“可爱漂亮灰”
674853,“林·公主号”X“可爱漂亮灰”
674854,克里斯.赫伯瑞×倚天.梅尔浪
674856,盖比.凡得那比×杨.欧瓦克
674857,“晚生红狐2010”X“凯恩·路易”
674858,“晚生红狐2010直子”X“暧昧红狐”
674860,赖铭沧×盖比.凡得那比
674862,“凯恩吉信”X“五冠玉女”
674863,吉林克斯×佛科克父子
674865,“黑鹰战士”X“波治艳后”
674866,德尼夫·马尼克×杨.欧瓦克
674869,“黑鹰战士”X“波治艳后”
674870,吉林克斯×杨.欧瓦克
674872,“金冠神鸟”X“王者风姿”
674873,“黑鹰上校”X佛科克“幸存灰冠”
674874,“黑鹰上校”X佛科克“幸存灰冠”
674875,“国家跑男”X“翔冠郡主”
674876,“国家跑男”X“翔冠郡主”
674877,“国家跑男”X“翔冠郡主”
674878,“黑鹰风姿”X“卡普妩媚”
674879,“黑鹰风姿”X“卡普妩媚”
674882,“天玑星Ⅱ号”X“黑鹰天使”
674884,“凯恩·特比”X“超级名媛”
674885,“凯恩·特比”X“超级名媛”
674886,“小巴塔干”X“邓普西烈女”
674909,杨欧瓦克
674910,杨.欧瓦克
674919,克拉克
674922,
674923,
674925,速度王父女近血
674926,速度王父女近血
674932,
674934,
674935,
674936,
674937,
674938,
674939,奶酪小子
674941,奶酪小子
674981,詹森
674983,林波尔
675001,鲁道.克拉森.超级克拉克69多重近亲
675025,
675026,欧元家族
675032,飞戈
675033,飞戈
675038,
675039,
675040,
675044,“十冠殿下”X“波治艳后”
675045,“十冠殿下”X“最爱水瓶”
675046,“十冠殿下”X“最爱水瓶”
675047,“伊卡利亚”X“十冠宠妹”
675048,“金发男模”X“富家千金”
675049,“十冠少主”X“乳酪女将”
675051,“金发男模”X“富家千金”
675052,“金发男模”X“富家千金”
675053,“金发男模”X“富家千金”
675054,“超级高手”X“超级104”
675057,佛科克
675059,佛科克
675071,利奥.赫尔曼斯
675109,“超级国手”X“翔冠好手”
675111,詹森凡龙配英格斯178
675112,“派大星”X“最爱猫女”
675113,“机灵鬼”X“火石倩女”
675114,“机灵鬼”X“火石倩女”
675115,“机灵鬼”X“火石倩女”
675118,“玉面魔王”X“红狐石板号”
675119,“玉面魔王”X“红狐石板号”
675121,“北芒星”X“暧昧红狐”
675122,“北芒星”X“暧昧红狐”
675123,“晚生红狐2010”X“莎乐美”
675124,“晚生红狐2010”X“莎乐美”
675127,“金冠神鸟”X“火石玉女”
675128,“金冠神鸟”X“火石玉女”
675132,“天幕强手”X“公牛美眉”
675134,“公牛亲王”X“黑鹰甜心”
675136,“公牛亲王”X“黑鹰甜心”
675137,“公牛亲王”X“黑鹰甜心”
675138,“黑鹰强手”X“侯爵女郎”
675139,
675140,“黑鹰强手”X“侯爵女郎”
675142,“黑鹰强手”X“侯爵女郎”
675143,
675144,“黑鹰强手”X“黑鹰女皇”
675145,“黑鹰强手”X“黑鹰女皇”
675147,
675149,“公牛皇帝”X“方圆美眉”
675150,“银河黑鹰”X“方圆美眉”
675152,“公牛皇帝”X“南极星Ⅱ号”
675153,“公牛皇帝”X“南极星Ⅱ号”
675155,“公牛皇帝”X“南极星Ⅱ号”
675158,“邓普西书生”X“黑鹰玉女”
675159,“邓普西书生”X“黑鹰玉女”
675161,
675162,“康塔多勇士”X“黑鹰美眉”
675163,
675171,
675172,
675174,佛卡门
675176,
675178,
675210,速霸龙
675211,东方不败直系
675234,
675235,
675236,
67524,鲁道克拉森
675241,
675262,“布拉贡”X“白头希尔维特直女”
675263,“无限骄傲”X“云端女孩”
675267,“方历”X“黄金婷娜”
675272,
675274,
675277,
675278,
675280,
675281,卡普豪斯
675282,飞戈
675283,飞戈
675286,
675289,
675290,
675291,
675296,
675297,
675298,
675299,
675300,
675304,白金配对家族
675305,白金配对家族
675306,佛科克
675307,佛科克
675318,荷兰爱亚卡普青年将军配爱亚卡普公棚决赛9名
675320,
675321,
675323,佛科克
675324,佛科克
675325,
675327,佛科克
675333,考夫曼
675344,乔斯佛卡门
675387,
675392,东方不败
675393,东方不败
675394,东方不败
675397,奶酪
675398,奶酪
675399,奶酪
675403,
675404,
675407,
675410,
675411,速度王回血直女
675415,
675418,
675419,
675422,
675423,
675427,
675431,
675433,
675440,
675442,宋妮亚X英格斯
675461,电脑.戈马力
675478,电脑.戈马力
675490,苍白X鸽王
675494,艾迪.格罗X保罗.赫兹X凡戴克X艾尔沙克
675498,
675500,
675501,
675503,恩格斯配奶酪
675513,佛科克
675514,佛科克
675515,佛科克
675516,佛科克
675519,佛科克
675520,佛科克
675521,佛科克
675535,
675536,
675539,胡本
675540,胡本
675541,胡本
675542,胡本
675543,胡本
675544,
675546,
675547,
675555,
675557,
675560,
675563,
675564,桑杰士
675565,麦克斯
675567,麦克斯
675571,麦克斯
675592,詹森019配薛仲雅红毛圣母8888近亲
675593,爱尔扎克728配桑杰士梦幻之母
675596,荷兰-鲁道克拉森
675612,伯马冠军
675668,吉林克斯
675670,吉林克斯
675671,吉林克斯
675674,吉林克斯
675676,吉林克斯
675677,吉林克斯
675678,吉林克斯
675679,吉林克斯
675686,桑杰士
675709,
675710,
675711,
675715,吐尼尔×克拉克
675716,超远程国血精品
675732,彼尔~马太依斯
675742,盖比
675744,恩格斯&斯瓦·古瓦特
675747,盖比
675748,乔斯库尔斯
675752,史蒂芬·蓝布瑞契
675755,BE16-6062783
675757,乔斯托内
675760,
675761,
675771,
675773,
675785,小迪迪&飞戈
675792,盖比凡德那比
675793,盖比
675794,盖比凡德那比
675796,盖比凡德那比
675808,利奥.赫尔曼斯
675809,鲁道.克拉森
675833,贝克.苏维
675838,贝克.苏维
675843,
675847,根特.布朗格
675848,根特.布朗格
675850,
675851,
675855,
675859,
6759,
675931,葛斯顿.范德瓦尔
675937,盖比凡德那比
675939,盖比凡德那比
675940,盖比凡德那比
675941,盖比凡德那比
675942,盖比凡德那比
675944,盖比凡德那比
675945,盖比
675979,桑杰士
675981,史蒂芬.兰布瑞奇
675982,史蒂芬.兰布瑞奇
675986,白色国王
675987,白米可
676111,盖比
676112,盖比
676113,盖比
676124,BE2016-3084205
676125,盖比
676126,盖比
676127,盖比
676135,新福雷迪&阿玛丽娅
676136,德拉帕
676137,德拉帕
676138,奶酪
676142,德拉帕
676195,
676206,
676214,苍白
676216,苍白
676217,苍白
676219,考夫曼
676220,考夫曼
676221,考夫曼
676222,考夫曼
676223,里奇100号
676234,考夫曼
676236,苍白*图利
676238,苍白*考夫曼
676239,大卫克劳辛
676243,里奇100号
676244,苍白
676253,
676289,苍白
676293,旺仔*图利
676296,
676301,
676319,普拉图
676321,普拉图
676329,詹森
676330,利奥-贺尔曼斯
676336,艾米尔-丹尼斯
676341,奶酪”旋风号”配对直孙
676343,
676349,白雪公主近血孙代
676351,胡本
676352,
676355,胡本
676358,桑杰士计算机二号配博克斯曼近亲
676366,
676368,
676376,吉拉德考夫曼近亲
676377,吉拉德考夫曼近亲
676378,“鲁迪X艾伦”直孙女
676383,气魄
676387,气魄
676406,
676408,阳升号x西斯直女
676409,阳升号x西斯直女
676414,阳升号x卡洛琳
676416,阳升号x卡洛琳
676418,阳升号x卡洛琳
676419,阳升号x卡洛琳
676425,
676430,
676431,
676441,
676443,
676450,
676477,迪斯美特.马泰伊斯
676503,比利时老牌-【所向无敌】
676506,吉林克斯
676507,吉林克斯
676511,詹森红狐
676536,所向无敌
676537,詹森
676539,詹森
676541,乔斯托内
676542,詹森
676547,蕐丽灰
676550,乔斯托内/蕐丽灰
676551,蕐丽灰
676568,
676569,
676571,
676572,
676583,佛科克，伯马冠军
676584,“奶酪小子”双重近亲
676585,“奶酪小子”曾孙女
676596,奶酪+速见
676597,
676602,100%葛斯顿
676604,
676605,
676606,
676607,
676609,
676610,
676620,
676621,“速见号”高辈金环种鸽
676624,“速见号”高辈金环种鸽
676638,佛科克
676646,凡龙
676647,凡龙+詹森
676649,凡龙
676651,夏拉肯*克拉克
676685,佛科克，伯马冠军
676689,凡龙+詹森
676691,伯马冠军
676693,佛科克，伯马冠军
676694,
676695,
676703,佛科克，伯马冠军
676704,佛科克，伯马冠军
676706,威尔森.德肯斯
676724,桑杰士
676737,龚修尔
676738,龚修尔
676739,龚修尔
676741,"龚修尔81x乳酪""鸽王855"""
676783,詹森
676784,速霸龙X杨阿腾
676787,杨阿腾X速霸龙
676802,速霸龙X杨阿腾
676803,杨阿腾X速霸龙
676856,保时捷911
676861,保时捷911
676865,保时捷911
676868,保时捷911
676873,威寇福雷迪
676874,威寇福雷迪
676876,威寇福雷迪
676909,桑杰士
676925,王中王配无冕之王直女
676926,夏拉肯
676927,考夫曼
676933,宾尼史蒂文
676941,神奇福雷迪×胡本
676948,奇缘超级种鸽“胖子”
676957,奶酪240直系
676958,奶酪240直系
676959,
676960,奶酪240直系
676963,奶酪240直系
676978,鸽王
676982,凡龙
677008,林波尔
677009,林波尔
677012,东方不败*闪电娇娃
677014,东方不败*闪电娇娃
677016,东方不败*闪电娇娃
677017,东方不败*闪电娇娃
677037,阳升系
677047,
677070,
677071,马克罗森斯
677075,奶酪698直系
677099,鸽王
677100,克拉克
677113,白雪公主
677115,詹森
677126,桑杰士鸽系近亲
677136,桑杰士鸽系近亲作出
677137,桑杰士鸽系近亲作出
677138,桑杰士鸽系近亲作出
677139,桑杰士鸽系近亲作出
677145,桑杰士鸽系近亲作出
677146,DV02098-17-227
677147,
677149,桑杰士鸽近亲作出
677152,
677155,
677156,
677169,马克罗森斯
677171,马克罗森斯
677178,华兴詹森+马克罗森斯
677181,华兴詹森+马克罗森斯
677184,奶酪698直系
677186,奶酪698直系
677189,奶酪698直系
677202,奶酪金棕榈
677230,奶酪
677231,奶酪
677234,凡龙+詹森
677235,100％凡龙
677240,佛科克，伯马冠军
677262,安德烈.勃默德鸽系
677266,安德烈.勃默德鸽系
677267,小灰号
677269,小灰号
677273,年轻机关枪配博克斯曼皇图金母
677285,电脑
677288,电脑
677312,探索者15名X凡龙X詹森
677315,冯莱尔
677386,鸽王
677388,鸽王x凡龙
677389,凡龙×鸽王
677392,探索者15名X凡龙X詹森
677394,鸽王×詹森×吐尼尔
677397,詹森×鸽王
677398,凡龙×詹森×苍白
677399,鸽王×杨阿腾×詹森
677400,鸽王×杨阿腾×詹森
677401,克拉克×宋妮亚×凡龙×詹森
677405,鸽王
677407,鸽王
677408,英格斯×宋妮亚×詹森
677409,凡龙×詹森×苍白
677416,速见662+战狼475
677417,战狼961+火箭691
677418,詹森+所向无敌
677426,詹森×鸽王
677434,黑桑杰士
677458,黑桑杰士
677468,马克罗森斯+马泰伊斯
677470,马克罗森斯+马泰伊斯
677471,马克罗森斯
677472,马克罗森斯
677475,鸽王×詹森
677499,林波尔
677500,凡代克
677503,凡布利安娜
677506,凡代克
677507,盖比系
677512,凡戴克
677513,佛科克，考夫曼
677537,F16战斗机
677539,盖比·凡德纳比
677543,佛科克
677545,波斯.罗森
677550,电脑戈马力
677553,史帝文.宾尼
677562,保罗.雅玛奶酪
677566,杨阿腾
677567,马克罗森斯
677569,马克罗森斯（近血）
677570,DV02098-16-1261
677572,
677577,“法兰公爵”X“黑鹰郡主”
677585,奥尔良
677596,奥尔良
677608,“战狼”（盖比+红狐+贝克詹森）
677619,凡龙
677670,
677679,断胸骨直孙X德国小姐
67768,
677680,战狼（盖比+胡本）
677681,战狼+胡本
677682,盖比+西佛托依
677683,詹森×鸽王
677686,探索者15名×苍白×凡龙129×181
677690,100%佛卡门
677703,凡龙
677704,杨阿腾×詹森
677705,鸽王
677710,鸽王
677712,
677714,战狼（盖比+胡本）
677723,战狼（盖比+势山）
677747,战狼（盖比+胡本）
677748,
677749,凡龙*世界公棚霸主*奶酪
677750,盖比+西窗旨托依
677751,伯马冠军
677752,凡龙×詹森×苍白
677759,速霸龙*欧洲皇冠
677760,
677761,
677765,詹森X德国小姐妹妹
677766,
677767,马克罗森斯
677768,
677769,
677770,
677775,佛卡门
677776,佛卡门
677781,戈马力X胡本
677784,依尔梅尔
677787,依尔梅尔
677791,依尔梅尔
677808,东方不败
677844,6次冠军超级891直孙
677849,所向无敌
677868,吉林克斯
677870,吉林克斯
677873,瓦特.钻石王
67788,
67794,桑杰士闪电
677946,
677975,
677976,
677978,
677980,
677992,
677993,
677996,
677999,
678000,
678001,
678006,艾米尔.丹尼斯X桑杰士
678012,
678013,
678019,凡龙×詹森
678020,杨阿腾242X香妃
678021,凡龙
678051,德国先生×德国小姐
678060,佛卡门
67808,戴扶连特
678080,
678081,乔斯·乔森
678082,
678083,
678084,
678085,
678086,
678090,
678091,
678092,
678097,电脑戈马力
678113,
678114,
678117,
678121,
678153,
678155,
678156,利奥.贺尔曼
678164,利奥.贺尔曼
678165,利奥.贺尔曼
678167,利奥.贺尔曼
678169,福禄.英格斯
678191,福禄.英格斯
678192,福禄.英格斯
678196,利奥.贺尔曼
678202,福禄.英格斯
678205,利奥.贺尔曼
678207,利奥.贺尔曼
678209,利奥.贺尔曼
678211,小迪克近亲
678244,
678255,
678257,
678290,
678292,
678297,
678300,
678302,
678303,
678340,桑杰士
678346,白色国王
67835,乔治.波里
678378,麦斯托1号
678389,桑杰士
678391,桑杰士
678392,奶酪小子
678393,桑杰士
678434,
678443,桑杰士
678454,
678456,
678457,
678474,
678493,乔斯托内
678497,桑杰士
678544,佛科克，伯马冠军
678545,乔斯佛卡门
678549,乔斯佛卡门
678551,乔斯佛卡门
678580,胡本
678585,戈马力
678608,桑杰士
678610,桑杰士
678619,考夫曼，伯马冠军，幸运85
678621,马克罗森斯
678642,桑杰士
678643,胡本
678644,胡本
678658,苍白骑士
678660,苍白骑士
678661,苍白骑士
678686,葛斯顿.范德瓦尔
678687,葛斯顿.范德瓦尔
678688,葛斯顿.范德瓦尔
678689,葛斯顿.范德瓦尔
678690,葛斯顿.范德瓦尔
678692,
678694,
678695,
678696,
678697,
678698,
678700,
678703,
678704,威尔森.德肯斯
678706,奶酪
678709,马歇尔.山格斯
678710,杰夫凡温克
678711,威尔森.德肯斯
678735,电脑戈马力
678749,乔斯佛卡门
678750,杰夫凡温克
678753,凡戴克
678754,迪克.凡戴克
678756,盖比
678757,克里斯.赫伯瑞
678759,利奥·贺尔曼斯
678768,福雷迪.范西
678769,铭鸽“伊万”直女
678770,福乐.英格斯
678771,万候
678772,林波尔
678773,
678777,
678781,爱亚卡普
678783,汉斯.迪克斯
678784,芮娜飞戈
678785,
678799,
678800,
678808,
678809,
678812,红狐家族
678814,红狐家族
678824,白色闪电*宋妮亚原舍
678871,
678872,
678873,
678875,
678888,胡本
678899,
678901,
678957,
678958,基斯.波西瓦
678960,桑杰士
678963,
678964,
678967,
678968,
678983,
679018,
679060,888
679066,
679067,
679069,
679077,
679106,
679108,
679113,泰奥.克雷克
679126,盖比鲁迪
679127,
679128,
679129,
679130,
679133,
679134,
679136,
679138,
679139,
679141,
679145,
679161,无名家族
679163,英格斯178直子配爱亚卡普庞然大物*波治冠军
679164,
679165,
679167,
679169,
679176,血统阿连栋特詹森麦克斯近亲
679189,顶级公牛“55”回血第三代
679205,
679206,保时捷911家族
679207,保时捷911家族
679225,超级百万号
679228,吐尼尔
679230,奶酪家族
679234,
679235,
679236,
679238,
679239,
679240,
679241,
679242,
679243,
679244,
679285,乔司佛卡门
679295,林波尔近亲
679297,林波尔*卡萨
679298,林波尔*卡萨
679308,林波尔
679310,电脑戈马力
679311,电脑戈马力
679313,电脑戈马力
679314,电脑戈马力
679316,电脑戈马力
679320,胡本
679322,鲁道克拉森*瓦特
679323,鲁道克拉森*瓦特
679324,瓦特钻石王*钻石王同父半妹
679325,林波尔*卡萨
679326,瓦特钻石王*胡本年轻艺术家孙女
679328,戈马力~盖比*速霸龙~盖比
679329,汽车冠军家族
679339,汽车冠军家族
679372,
679374,汽车冠军家族
679375,汽车冠军家族
679382,汽车冠军家族
679390,盖比
679394,
679395,
679397,电脑戈马力
679401,盖比*瓦特
679402,速霸龙~盖比*速霸龙~盖比
679403,速霸龙*盖比
679404,罗森波斯*吉林克斯
679405,罗森波斯*盖比
679406,戈马力～吉林克斯*瓦特近亲
679407,霍夫肯*盖比（侄姑配）
679408,霍夫肯*盖比
679409,霍夫肯027*詹森8822
679410,汽车冠军家族
679414,
679416,
679417,
679418,
679421,
679422,
679439,
679440,
679441,
679442,
679444,
679445,
679447,
679448,
679449,
679450,
679451,
679452,
679453,
679455,
679459,
67946,
679460,
679463,
679465,
679467,
679469,
679471,
679472,
679473,
679475,
679476,
679479,
679480,
679482,
679484,
679486,
679487,
679488,
679489,
679490,
679491,
679494,
679495,
679497,
679499,
679500,
679503,
679504,
679507,
679508,
679509,
679510,
679511,
679512,
679513,
679515,
679516,
679517,
679519,
679521,
679522,
679525,
679528,
679529,
679532,
679533,
679534,
679535,
679539,
679540,
679541,
679542,
679548,瓦特钻石王子010*瓦特钻石王直女360
679550,盖比鲁迪号直子*直女
679551,桑杰士
679556,电脑戈马力
679559,电脑戈马力
679561,电脑戈马力
679562,电脑戈马力
679564,电脑戈马力
679565,电脑戈马力
679566,电脑戈马力
679567,1000%乔斯乔森
679568,1000%乔斯乔森
679569,速霸龙*盖比
679570,罗森波斯*盖比
679571,盖比*瓦特
679572,桑杰士*瓦特
679573,速霸龙~盖比*速霸龙~盖比
679574,罗森波斯*盖比
679577,瓦特~霍夫肯*盖比~林波尔
679578,林波尔
679579,林波尔
679586,胡本年轻艺术家
679587,胡本年轻艺术家
679625,瓦特*霍夫肯~盖比
679626,盖比~速霸龙*瓦特~鲁道克拉森
679714,100%凡龙
679719,瓦特~盖比*霍夫肯~盖比
679721,盖比~速霸龙*瓦特~鲁道克拉森
679724,罗森波斯~盖比*欧洲之王公棚鸽王七名
679727,盖比~芬妮卡*林波尔~速霸龙
679742,瓦特灰鸽王直孙*霍夫肯*盖比
679743,瓦特钻石王直子010*鲁道克拉森
679782,詹森
679783,盖比.凡得那比
679888,彼得米卫
679927,
679961,闪电号
680009,桑杰士
680017,
680022,红色彼得米卫
680023,胡本
680024,胡本
680098,詹森
6801,
680119,葛斯顿奶酪098
680120,葛斯顿奶酪098
680121,
680123,王中王X英格公主
680124,B
680126,佛科克
680146,葛斯顿.范德瓦尔
680147,葛斯顿.范德瓦尔
680228,闪电号
680229,闪电号
680251,
680253,
680254,
680255,
680256,宝马·优德
680257,
680258,宝马·优德
680259,宝马·优德
680267,
680306,宝马·优德
680309,宝马·优德
680316,超远程国血精品
680326,
680328,荷兰万德米尔【考夫曼血系】
680387,
680388,
680461,桑杰士
680470,
680471,
680472,
680473,
680474,
680475,
680477,超远程国血精品
680479,超远程国血精品
680487,超远程国血精品
680497,耶勒.隆吉尔×维.吐尼尔
680499,盖比.凡得那比×杨.欧瓦克
6805,
680500,东方不败
680532,桑杰士计算机二号配博克斯曼近亲
680533,凡龙
680534,
680640,奶酪X克拉克
680641,克拉克
680642,桑杰士
680659,克拉克
680661,奶酪家族
680722,佛克科
680767,奶酪
680768,奶酪
680770,独行侠直子
680771,利奥赫尔曼
680772,迪克凡代克
680781,乔斯佛卡门原舍
680784,利奥赫尔曼原舍
680787,利奥赫尔曼原舍
680795,乔斯佛卡门原舍
680798,乔斯佛卡门原舍
680875,米卫鸽王冠军全平辈
680879,
680880,
680881,
680882,
680883,
680884,
680887,乔斯佛卡门原舍
680889,乔斯佛卡门原舍
680892,乔斯佛卡门原舍
680899,乔斯佛卡门原舍
680900,电流号全兄弟
680906,2011年KBDB省鸽王冠军平辈
680910,咕噜直子
680911,白雪公主全姐妹直子
680912,白雪公主全姐妹直女
680927,林波尔
680939,林波尔
680941,林波尔
680942,罗森.波斯
680962,
680964,奶酪小子
680967,德拉帕
680968,德拉帕
680970,
680971,
68103,乔斯佛卡门
681050,桑杰士
681124,桑杰士计算机二号配博克斯曼近亲
681144,马利斯圭多
681145,葛斯顿.范德瓦尔
681147,葛斯顿.范德瓦尔
681159,东方不败
681189,利奥.贺尔曼斯（LeoHeremans）原舍
681193,利奥.贺尔曼斯原舍
681240,
681242,
681243,
681244,
681245,
681246,
681248,
681252,戈马利
681263,超远程国血精品
681301,胡本
681371,
681372,林波尔
681421,荷兰考夫曼小迪克直子配直女
681424,盖比闪电号直子配考夫曼小迪克直女
681478,小飞戈441
681527,戈马利
681529,穆利门
681530,幕利门
681550,麦克斯荷比双重回血
681555,幕利门
681556,奶酪
681557,路易士-凡龙
681584,盖比·凡德纳比
681588,盖比·凡德纳比
681589,盖比·凡德纳比
681596,路易士凡龙
681597,路易士-凡龙
681598,路易士-凡龙
681604,“范登布克”x“盖比”
681632,小飞戈
681633,小飞戈
681635,小飞戈
681645,瑞克-库尔斯盖比
681753,“摩林柯英雄”血系
681779,
681806,盖比闪电号直子配考夫曼小迪克直女
681894,福雷迪
681895,奶酪
681918,根特布朗格
681960,盖比
681975,奶酪
681976,奶酪
681977,奶酪
681978,奶酪
681979,嘎斯顿-凡德瓦尔
682018,超远程国血精品
682019,詹森019
682022,根特布朗格
68203,乔斯.佛卡门“潘特”家族
682030,路易士凡龙
68204,詹森白羽号回血
682041,桑杰士母子近亲
682065,吉林-克斯
68207,詹森019*克拉克詹森25号
682070,盖比
68215,詹森火箭*白羽号
682188,奶酪
682189,奶酪
682193,
682194,
682195,
682196,
682251,
682252,
682253,
682254,
682255,
682256,
682258,
682314,德瓦.亚伯特
682330,雷腾兄弟
682338,杨阿腾
682339,杨阿腾
682340,
682346,詹森??林波尔
682348,詹森919
682349,詹森
682350,詹森919??林波尔
682355,詹森919??林波尔
682359,彼得曼的斯
682363,詹森919
682368,彼得曼德斯
682373,詹森919
682374,詹森919
682382,
682429,林波尔
682451,
682469,盖比闪电号*鲁迪多重近亲回血
682472,戈马利020直孙电脑199直孙女
682474,爱亚卡普鸽王亚军平辈*电脑戈马利
682488,摩利斯.卡萨
682586,奶酪
682587,瓦特-德累克
682588,奶酪
682592,奶酪
682595,胡本
682596,瓦特-德累克
682597,奶酪
682598,奶酪
682601,奶酪
682602,奶酪
682617,麦克斯
682620,H.V.R.休斯肯.冯莱尔
682621,H.V.R.休斯肯.冯莱尔
682704,葛斯顿.范德瓦尔
682706,葛斯顿.范德瓦尔
682710,葛斯顿.范德瓦尔
682711,葛斯顿.范德瓦尔
682720,葛斯顿.范德瓦尔
682783,
682784,
682786,
682787,
682788,
682789,
68280,速霸龙
682818,摩利斯.哈森栋克斯
682821,摩利斯.哈森栋克斯
682823,摩利斯.哈森栋克斯
682834,国家一号
682840,国家一号
682843,“哈利”x“艾丝米”
682846,奶酪
682847,奶酪小子
682867,艾米尔.丹尼斯X桑杰士
682869,国家一号
682877,
682883,
6829,芬尼卡5000
682902,
682905,
682907,
682908,
682909,
682910,
682911,詹森冬日四代
682913,
682967,
682968,
682986,冬日荷比607
682994,奥林匹克威寇系
683058,戈马力
683067,托尼系
683080,
683081,
683083,
683084,
683085,
683093,阳升系
683095,阳升系
683136,
683159,奥林匹克威寇系
683162,奥林匹克威寇系
683165,奥林匹克威寇系
683178,奥林匹克威寇系
683182,奥林匹克威寇系
683184,苍白骑士
683188,盖比.凡德纳比
6832,芬妮卡5000直孙
683231,奶酪系
683267,杰克系
683269,杰克系
683307,吉林-克斯
683329,杨阿腾
683330,杰克系
683332,杰克系
683338,奶酪
683339,奶酪
683342,噶斯顿-凡德瓦尔
683343,吉林-克斯
683344,路易士-詹森
683345,噶斯顿-凡德瓦尔
683346,噶斯顿-凡德瓦尔
683358,杰克系
683391,杰克系
683394,
683396,
683397,
683398,
683423,
683425,
683426,
683427,
683429,
683430,
683431,
683433,
683453,
683454,
683455,
683456,
683459,林波尔
683460,林波尔
683461,
683462,
683463,
683464,
683467,
683472,
683475,
683476,
683478,
683479,詹森冬日男孩
683484,
683485,林波尔
683486,林波尔
683489,詹森
683491,林波尔
683492,林波尔
683499,
683500,
683502,
683503,
683504,
683505,
683506,
683508,
683521,
683522,
683523,
683524,
683525,
683527,
683542,
683543,
683545,
683547,
68357,
683587,
683595,
683596,
683597,
683598,
683609,詹森
683610,奶酪
683616,詹森
683620,
683622,盖比闪电号*鲁迪系列
683623,盖比闪电号*鲁迪系列
683624,盖比闪电号*鲁迪系列
683630,奶酪
683639,
683640,
683645,
683648,
683650,
683652,
683653,
683655,
683656,
683662,
683677,
683680,
683681,
683682,科尔·韩纳哈夫
683687,
683688,
683696,
683701,
683703,
683722,
683736,
683754,
683755,
683758,
683759,
683762,
683763,好红号
683764,
683765,
683773,
683774,
683775,
683776,
683777,
683781,
683782,
683787,
683788,
683789,
683791,
683792,
683793,
683797,
683799,麦克·甘纳斯
683811,
683839,国家一号X桑杰士
683841,詹森
683969,
684056,科尔·韩纳哈夫
684060,科尔x超级73
684066,罗尼·凡瑞特-桑杰士
684068,科尔·韩纳哈夫
684135,科尔·韩纳哈夫
684165,
684166,桑杰士
684215,凡布利安娜
684228,
684233,吉林克斯
684280,李鸟
684294,国家一号X桑杰士
684295,国家一号X凡戴克
684314,图罗系
684317,凡代克
684318,凡代克
684347,瓦特詹森
684348,佛科克
684349,NL2005-1393354L老佛科克外孙女
684351,797X利奥
684352,
684353,797X000
684354,
684383,
684386,盖比
684387,吉林克斯
684440,
684456,
684458,林波尔
684460,林波尔
684466,
684550,
684623,盖比
684627,詹森
684630,盖比
684635,詹森
684695,
684696,
684697,
68605,
68745,桑杰士
68747,苍白骑士直子
68748,詹森
68749,詹森019
68768,威廉吉尔特
68785,飞戈
68856,詹森大铭鸽“断胸骨”x“克兰普”x“灰色冬日男孩”直系
68987,克拉克詹森
69204,
69205,超级69X晚生黑斑
69206,“福雷迪”X“贝蒂”
70063,“华盛顿”直子
70085,乔斯佛卡门基础种公潘特直孙
70183,红狐731X邦迪007
70187,万德唯根
70200,戈马利
70498,詹森019
70706,桑杰士
70797,詹森
70862,考夫曼
71196,丹麦汉斯.戴乐克拉克613系
71207,胡本艺术家直孙
71245,速霸龙
71283,詹森白羽号回血
71325,詹森冬日男孩回血
71418,芮娜(Reynaert）原舍“Figo”飞戈家族
71420,芮娜(Reynaert）原舍“Figo”飞戈家族
71607,詹森白羽号
71608,詹森
71610,爱力克.林伯格
71645,詹森
71647,冬日男孩回血
71682,盖比白腹系
71697,爱力克·林伯格
71901,桑杰士
71940,红狐731
71980,万德唯根
71981,万德唯根
72087,胡本家族作出
72100,戈马力核弹头
72136,戈马力“电脑号”
72160,宝马优德
72166,速霸龙.马赛号近亲
72406,胡本原舍
72571,瓦特小红
72591,
73010,
73087,盖比×贺尔梅斯小姐
73260,詹森
73262,考夫曼配詹森
73292,
73495,杨龚多拉斯
73511,桑杰士X超级73还血
73517,红狐狸X带电詹森
73525,超级73凡龙X总统号<正在中信网拍>
73527,
73528,
73529,
73530,
73601,杨龚多拉斯系
73602,杨龚多拉斯系
73603,杨龚大帝977直子
73626,詹森年轻麦克斯
74082,桑杰士晚生汤姆四重近亲
74083,晚生汤姆五重近亲
74087,考夫曼
74088,
74235,速霸龙
74333,考夫曼系
74345,飞戈
74346,飞戈
74375,波西瓦
74378,波西瓦班格
74521,罗尼*凡瑞特
74522,波西瓦
74535,波西瓦
74540,哈姆.沃迪维德
74568,苍白骑士
74760,电脑戈马力“巴龙150”外孙女
74763,
74777,盖诺斯
74851,盖比x詹森
75127,凡龙
75128,玛蒂娜.范德贝肯
75174,“国家一号”直孙
75177,钢铁利摩日*东方不败
75178,“飞戈”直女
75179,“飞戈”直子
75200,哈姆。沃迪维得
75211,哈姆。沃迪维得
75383,
75597,安德烈.勃默德
75636,
75690,库瑞斯.克莱伯特
75747,马歇尔.阿布瑞契速霸龙糸
75749,马歇尔.阿布瑞契速霸龙
75751,速霸龙(亚伯配宝拉)梦幻配对近血
75757,桑杰仕系“汤姆公爵”直女
75797,瓦特.帝莱克超级种鸽(小红号)
75938,罗恩.范维格.贝洛尼283公里冠军
75939,罗恩.范维格.查特顿518公里冠军
75940,福雷迪安帝公×小克芮”近亲
75941,葛斯顿.奶酪小子”双重近亲
75942,速霸龙.原舍
75943,新奥林匹克号直孙
75944,吉林克斯父子原舍.桑杰士
76221,速霸龙.三关鸽王总冠军
76307,佛尔不文
76308,速霸龙
7632,胡本
76322,佛尔不文
7633,
76331,戈马力
76335,詹森原舍
76338,詹森原舍
76339,詹森原舍
76340,詹森原舍
76341,詹森原舍
76342,詹森019
76343,
76345,詹森原舍
76346,盖比名鸽“闪电号”直女
76347,盖比白腹号
7635,胡本
76350,白腹号直孙女
76352,
76353,
76355,
76366,小迪迪直子
7637,
76370,小迪迪全兄弟外孙女
76377,爱亚卡普詹森
7638,
76381,凡龙
76420,凡龙
76421,凡龙
76422,凡龙
76425,
76436,凡代克所向无敌
76456,马歇尔.阿布瑞契速霸龙糸
76458,胡本X詹森
76460,马歇尔.阿布瑞契速霸龙糸
76488,
76489,
76494,
76630,
76952,詹森大铭鸽白羽号回血
7699,
76998,
76999,
7700,
77000,
77001,
77002,
7708,
77098,飞戈
7710,
77109,飞戈
7711,
77139,考夫曼
77140,盖比
77328,波西瓦
77366,
77529,罗森.波斯“泰山号”直子
77551,兆尊苍白骑士
77555,兆尊苍白骑士
77557,兆尊苍白骑士
77611,
77625,福乐
77627,
77641,(已售)
77646,福乐
77656,桑杰士
77752,考夫曼X贺尔曼-裘斯特
77893,
77983,甘纳斯世界鸽王冠军家族
78040,雅可比原棚詹森
78062,基多卢克斯
78077,黑龙江永隆公棚决赛90名
78220,詹森系
78223,
78226,考夫曼系
78229,
78231,
78232,考夫曼
78234,
78237,考夫曼(小迪克直孙)
78240,凡龙系列
78461,考夫曼
78466,考夫曼X宋妮雅
78532,瓦特.帝莱克(小红号)
78596,
78601,帝卢*速霸龙
79120,鹏程火箭
7916,勃默德“尼录号”血系
7918,勃默德031907
79219,
79233,沙奇士原舍.银雄22号近亲
7928,凡龙010662
79382,桑杰士近血
79449,贺伯特名鸽155外孙女
79450,贺伯特名鸽绝世无双外孙
79619,詹森
79620,
79621,
79622,
79784,李鸟配蜈蚣
79875,佛卡门
79877,佛卡门
79890,胡本
79951,
80032,李鸟配蜈蚣
80158,闪电桑杰士
80262,詹森
80272,佛科克
80362,
80455,瓦特.帝莱克
80503,
80535,克拉克
80545,詹森×佛科克
80593,泰山号
80596,泰山号
80790,福乐
80794,卡曼兄弟原舍
80796,卡曼兄弟原舍
80797,卡曼兄弟原舍
80798,卡曼兄弟原舍
80801,卡曼兄弟原舍
80812,传奇531国际和平号姨母04-036
80842,克鲁森联合鸽舍
80874,
80924,佛卡门
81196,帝卢.速霸龙
81197,帝卢.速霸龙
81198,帝卢.速霸龙
81200,帝卢．速霸龙
81395,乔斯佛卡门X胡本
81474,凡龙银影
81546,东方不败
81814,凡瑞特桑杰士系
81921,艾米尔·丹尼斯原舍
81922,罗尼-凡瑞特桑杰士
82059,利蒙志号外孙女
82150,帝卢-速霸龙
82247,考夫曼系
82313,
82325,
82326,
82327,
82375,
82376,
82380,
82392,
82617,
82700,考夫曼
82708,德拉帕
82863,考夫曼
82929,
83005,德拉帕
83079,速霸龙.知名17号配对”极度近亲直孙
83188,佛科克
83196,佛科克×佛卡门
83248,卡特利斯系×凡布里安娜/卡特里斯系
83254,凡布里安娜/卡特里斯系×卡特利斯系
83285,荷兰阿特玛兄弟鸽舍
83326,100%乔斯托内黄金血统拿破仑系
83329,100%乔斯托内超人组最高辈分
83367,佛科克，飞戈，
83369,电脑戈马力
83400,胡本
83437,比利时盖比专家-霍夫林
83438,速霸龙.辽宁忠盛决赛383名
83469,盖比.凡的那比
83526,
83786,帝卢速霸龙
8384,勃默德010638
83883,鲁道克拉森
83900,拿破仑472（拿破仑王子配拿破仑大公主）
83973,速霸龙
83977,帝卢速霸龙
83978,盖比
84004,
84017,佛科克
84072,鲁道克拉森
84076,瑞克·赫尔曼
84120,巴塞罗那63名子×（魔鬼40名×23名平辈直子）
84168,帝卢速霸龙
84327,波西瓦
84334,波西瓦
84357,波西瓦
84358,波西瓦
84620,桑杰士
84696,胡本原舍
84740,
84831,闪电桑杰士
84870,凡龙
84871,凡龙
84873,凡龙
84875,凡龙
84876,凡龙
84878,凡龙
84954,考夫曼别无所求外孙
85355,国家一号*桑杰士
85360,芬格兄弟原舍作出
85400,布洛坎普父子原舍鸽
85456,詹森凡龙
85481,布洛坎普父子
85548,杨.欧瓦克夫妇X里奥.布鲁克斯
85603,布洛坎普父子
86035,
86046,范登帕斯×英格斯
86060,
86177,【不败王子*闪电娇娃】
86194,瓦特灰鸽王
86263,帝卢·速霸龙-鲁道·克拉森
86266,杨.范德怕斯
86271,
86404,哈贝尼斯-万侯
86410,迪斯梅特.马太依斯
86417,盖比
86422,奶酪小子
86443,迪斯梅特-马太依斯
86606,乔斯托内
86657,
86873,乔斯.佛卡门原舍
86887,桑杰士*胡本
86930,哈贝尼斯-万侯
86933,哈贝尼斯-万侯
8696,
87546,芬妮卡5000
87555,林波尔奇迹32
87594,詹森019
87638,苍白骑士亲近
87793,林波尔（奇迹500家族）X詹森
87813,根特.布郎格无环号家族
87835,桑杰士汤姆公爵
87888,奥林匹克03直子X奥林匹克03直女
88003,凡龙系
88038,桑杰仕
88100,胡本年轻艺术家
88105,
88197,林波尔奇迹32近亲回血
88217,慕力门军校生多重近血鸽
88221,布鲁克詹森+穆利门+魔鬼系
88230,乔斯托内X林伯格
88461,德斯美德
88477,河北鹏翔-王牌家族
88496,考夫曼
88637,公棚拍卖鸽
88649,河北鹏翔-凯旋家族
88660,河北鹏翔-凯旋家族
88672,河北鹏翔旋风家族
88680,河北鹏翔旋风家族
88681,河北鹏翔-旋风家族
88682,河北鹏翔-旋风家族
88683,河北鹏翔旋风家族
88691,
88694,举世无双直孙女
88698,成吉思汗X欧洲皇冠
88714,凡戴克.查特路外孙X所向无敌直孙女
88768,彼得-文斯特拉X天王范科本
88992,
89003,苍白骑士
89005,
89093,兆尊苍白
89130,英格斯231系列
89135,英格斯x胡本
89136,布洛坎普x乔斯.托内
89137,胡本原棚
89149,佛卡门
89156,
89287,帝卢速霸龙
89290,
89308,万侯.优特豪芬X盖比
89312,
89317,罗森.波斯X盖比
89324,国际冠军家族
89325,国际冠军家族
89331,速霸龙亚军705X速霸龙冠军953
89334,019近亲
89335,速霸龙功勋号X速霸龙金母
89336,特尔斯塔号X法兰斯公主
89345,019近亲X斯塔小公主
89348,速霸龙小利蒙治X苍白小龙女
89351,鲁道夫詹森
89631,闪电号
89633,盖比
89662,甘纳斯
89713,甘纳斯&双冠军
89719,无敌鸽舍王牌的女儿甘纳斯&林波尔公牛
89788,
89802,
90179,马克.迪库克
90183,速霸龙
90192,胡本
90260,甘纳斯
90263,
90301,帝卢.速霸龙
90304,帝卢.速霸龙
90347,
90531,胡本年轻艺术家系列
90532,
90537,胡本年轻艺术家系列
90547,
90548,
90629,波斯玛著名.全能配对直子
90634,波斯玛著名.全能配对直子
90635,奥林匹克03直子X奥林匹克03直女
90641,威力-艾佛拉特.桑杰士
90642,穆利门原舍
90644,军校生396.孙代
90647,穆利门原舍
90649,奥林匹克03直孙X奥林匹克03直女
90653,速霸龙.福雷迪.范希原舍
90656,速霸龙X盖比.公鹏决赛23名
90658,吉林克斯.白头席维斯特直子
90660,盖比闪电号直子X盖比闪电号直女
90673,罗恩.范维格父子.南图365公里季军
90676,速霸龙.福雷迪.范希.原舍
90679,盖比闪电号直子X盖比闪电号直女
90681,杨胡曼斯“哈利”多重回血
90789,
90794,
90804,万侯.优特豪芬
90841,万侯.优特豪芬X(胡本X戈马利)
90881,未来力量桑杰士*德国鸽王蓝天力量
90886,未来力量桑杰士*德国鸽王蓝天力量
90928,爱亚卡普战神直孙
90933,聚特蒙X冠军多娜
90934,
90939,
90967,
90989,闪电桑杰士回血
91118,瓦特
91122,闪电桑杰士回血
91135,闪电桑杰士回血
91206,桑杰士汤姆公爵系列
91270,胡本“宇宙号”直女
91345,考夫曼系(小迪克)3代
91370,奥林匹克
91468,芮娜家族超级大名鸽
91529,考夫曼系名鸽(高贵灰)X(费拉)
91533,
91534,
91536,
91537,
91538,
91540,考夫曼系小迪克直孙X直孙女
91541,考夫曼系小迪克直孙X直孙女
91574,詹森红狐狸（子代预订5000元一对）
91577,苍白骑士
91605,艾迪.夏垃肯家族系列
91614,艾迪.夏垃肯家族系列
91659,帝卢速霸龙
91686,胡本
91734,胡本＼速霸龙
91761,考夫曼
91764,荷兰帝克特拉
91768,帝卢-速霸龙
91869,王中王冠军(强尼男孩)
91874,
91960,桑杰士*贝克詹森*019*老泰山
92172,所向无敌X终结者
92179,倚天迪沃斯
92376,鲁道夫克拉森*詹森断雄骨
92495,卡尔-穆利门
92500,速霸龙-利蒙治号
92511,倚天迪沃斯小迪迪系
92685,凡龙
92746,速霸龙配苍白
92825,公棚拍卖鸽
92836,河北鹏翔-王牌家族
92885,马克.迪库克-帝卢速霸龙
93094,奥林匹克03直子X奥林匹克03直女
93101,比利时吉林克斯.桑杰士
93114,乔斯.佛卡门“巴可X凯蒂”外孙
93117,比利时.吉林克斯.桑杰士
9312,芬妮卡5000
93163,噶斯顿·大铭鸽奶酪小子直孙
93192,考夫曼配桑杰士
9323,电脑.戈马利
93251,考夫曼配桑杰士
93255,土尼尔配山普森
93326,
93346,
93633,乔斯托内
93716,
93742,
93743,桑杰士-连续五代冠军未来力量桑杰士家系*德国鸽王蓝天力量家系
93803,詹森系
93804,詹森系
93807,詹森冠军红狐狸近亲回血
93809,詹森红狐狸
93920,
9399,
9427,胡本
94275,马克罗森斯
94308,乔斯.佛卡门
94447,
94461,
94656,金白系列
94679,考夫曼
94684,考夫曼
94694,考夫曼配琥珀
94697,詹森配中华鸽业
94701,考夫曼配桑杰士
94702,考夫曼配琥珀
94729,
94735,万侯.优特豪芬X(胡本X戈马利)
94772,林波尔
94956,戈马力
95031,桑杰士
95252,戈马力秃头199
95355,
95535,鲁道.克拉森(金白系)
95539,鲁道.克拉森(金白系)
95555,速霸龙X考夫曼
95564,帝卢速霸龙
95779,佛洛·佛沃特
95782,佛洛·佛沃特
95786,佛洛·佛沃特
95787,佛洛·佛沃特
95791,佛洛·佛沃特
95799,佛洛
95804,佛洛·佛沃特
95910,勃默德202316
96023,凡龙
96024,
96030,凡龙
96031,凡龙
96163,林波尔
96271,飞戈亲弟
96573,
96700,葛斯顿·“奶酪小子”
96719,福洛.恩格斯
96720,福洛.恩格斯
96731,福洛.恩格斯
96746,福洛.恩格斯
96756,福洛.恩格斯
96774,福洛.恩格斯
96778,福洛.恩格斯
96854,河北鹏翔旋风家族
97137,电脑二号桑杰士
97145,国家一号
97163,桑杰士X吐尼尔
97257,罗森.波斯桑杰士
97454,林波尔
97563,马克.罗森斯
97574,穆利门
97576,穆利门
97581,穆利门
97582,穆利门
97584,比利时阿曼德-史古梅斯.桑杰士
97587,山普森
97604,盖比.三关鸽王总冠军
97607,乔斯.佛卡门.原舍
97632,迪布恩
97634,迪布恩
97635,迪布恩
97646,詹森
97648,劳伦斯*凡龙
97665,苍白骑士已售
97669,苍白骑士
97670,苍白骑士
97678,苍白骑士
97682,苍白骑士近亲
97684,苍白王子对苍白9000近亲
97686,苍白王子对苍白9000近亲
97693,苍白骑士近亲
97700,戈马利私环种鸽
97732,桑杰士计算机2号之孙女
97733,桑杰士计算机2号之孙
97735,桑杰土x五次冠军
97737,纯桑杰士
97738,桑杰土x五次冠军
97739,桑杰土
97741,桑杰土x詹森
97750,桑杰士x詹森
97752,桑杰士x詹森
97755,戈马利配桑杰士
97756,桑杰土x超级73
97761,桑杰土
97821,
97822,
97824,
97825,
97833,钻石315直女
97835,芬妮卡近血
97836,芬妮卡
97838,芬妮卡王子号外孙
97840,
97850,芬妮卡近血
97854,芬妮女孩直女
97855,芬妮女孩直女
97858,钻石315直孙
97860,芬妮卡近血
97861,芬妮卡近血
97862,芬妮卡近血
97863,芬妮卡近血
97873,金鼎号平辈
97874,阿凡达平辈
97876,芬妮卡
97879,芬妮卡5000曾外孙
97880,最后的芬妮卡外孙女
97882,闪电亚精顿直孙女
97981,
98072,桑杰土
98125,100%J.格鲁能
98285,
98286,
98290,凡龙
98368,苍白骑士
98468,吉尔特X红狐
9848,罗尼.凡瑞特
9850,桑杰士
98574,大名鴿”Figo飛戈”近親
98577,詹森红狐
98579,詹森小火箭
98580,大名鴿
98581,凡龙
98592,“欧洲之王”直子（已售）
98595,“欧洲之王”直女（已售）
98598,“王者之王”直子
98599,飞戈家族代表鸽
98611,“欧洲之王”直子（已售）
98614,“雄鹰号”直子
98631,恩格斯231直孙
98633,速霸龙
98676,荷兰夏拉肯-世纪名鸽天下无敌直女
98913,慕利门
98970,多利号多重回血
98971,多利号多重回血
98972,多利号多重回血
98973,多利，飞力杰多重回血
98974,多利号多重回血曾孙
98978,多利号多重回血曾孙
99089,葛斯顿.奶酪小子”双重近亲
99099,万侯
99147,
9931,鲁道.克拉森
99433,司翠克鲍特吉诺
99434,司翠克鲍特吉诺
99535,福禄.恩格斯
99679,
99680,飞戈
99703,
99777,
99882,凡龙
99883,凡龙
99884,“飞鹰号”直女
99887,“欧洲之王”直女（已售）
99897,莫利斯·卡萨
99900,乔斯·佛卡门“巴克”直子
99901,
99927,基多卢克斯
99928,基多卢克斯
99944,佛洛·佛沃特
99945,佛洛·佛沃特
99950,佛洛·佛沃特
99972,飞戈波西瓦X波西瓦
99985,勃默德017667
99990,勃默德配詹森邦德007017764
