2026-05-05 17:22:13,529 INFO device=cuda train_pairs=256 val_pairs=128 epochs=1 batch_size=64 lr=0.001
2026-05-05 17:23:20,031 INFO epoch=1 train_loss=0.327470 val_loss=0.671861 best=1
2026-05-05 17:23:20,033 INFO training finished best_val_loss=0.671861 checkpoint=/home/u2023312335/project/learn/PigeonVision/checkpoints/siamese/best.pt
2026-05-05 17:23:57,783 INFO device=cuda train_pairs=512 val_pairs=128 epochs=1 batch_size=64 lr=0.001
2026-05-05 17:24:00,329 INFO epoch=1 train_loss=0.354790 val_loss=0.671864 best=1
2026-05-05 17:24:00,329 INFO training finished best_val_loss=0.671864 checkpoint=/home/u2023312335/project/learn/PigeonVision/checkpoints/siamese/best.pt
2026-05-05 17:27:58,870 INFO device=cuda train_pairs=168576 val_pairs=42252 epochs=100 batch_size=64 lr=0.001
2026-05-05 17:32:20,497 INFO epoch=1 train_loss=0.174585 val_loss=0.151915 best=1
2026-05-05 17:36:34,234 INFO epoch=2 train_loss=0.133242 val_loss=0.122782 best=1
2026-05-05 17:40:51,723 INFO epoch=3 train_loss=0.115450 val_loss=0.111328 best=1
2026-05-05 17:45:06,812 INFO epoch=4 train_loss=0.103027 val_loss=0.100840 best=1
2026-05-05 17:49:10,739 INFO epoch=5 train_loss=0.095340 val_loss=0.096627 best=1
2026-05-05 17:53:14,427 INFO epoch=6 train_loss=0.088142 val_loss=0.090795 best=1
2026-05-05 17:57:24,571 INFO epoch=7 train_loss=0.081935 val_loss=0.087778 best=1
2026-05-05 18:01:35,345 INFO epoch=8 train_loss=0.076672 val_loss=0.079639 best=1
2026-05-05 18:05:49,074 INFO epoch=9 train_loss=0.071352 val_loss=0.074921 best=1
2026-05-05 18:09:57,158 INFO epoch=10 train_loss=0.066187 val_loss=0.070139 best=1 recall_at_1=0.005955
2026-05-05 18:14:05,363 INFO epoch=11 train_loss=0.062251 val_loss=0.066810 best=1
2026-05-05 18:18:20,576 INFO epoch=12 train_loss=0.058505 val_loss=0.062677 best=1
2026-05-05 18:22:32,018 INFO epoch=13 train_loss=0.055301 val_loss=0.061814 best=1
2026-05-05 18:26:36,431 INFO epoch=14 train_loss=0.053162 val_loss=0.059757 best=1
2026-05-05 18:30:45,868 INFO epoch=15 train_loss=0.050548 val_loss=0.058645 best=1
2026-05-05 18:35:44,133 INFO epoch=16 train_loss=0.048724 val_loss=0.057737 best=1
2026-05-05 18:41:07,619 INFO epoch=17 train_loss=0.046523 val_loss=0.054444 best=1
2026-05-05 18:45:54,788 INFO epoch=18 train_loss=0.045171 val_loss=0.053641 best=1
2026-05-05 18:50:10,571 INFO epoch=19 train_loss=0.043477 val_loss=0.051952 best=1
2026-05-05 18:54:33,718 INFO epoch=20 train_loss=0.042364 val_loss=0.050881 best=1 recall_at_1=0.008224
2026-05-05 18:59:00,136 INFO epoch=21 train_loss=0.040733 val_loss=0.050015 best=1
2026-05-05 19:03:11,314 INFO epoch=22 train_loss=0.039752 val_loss=0.049404 best=1
2026-05-05 19:07:33,786 INFO epoch=23 train_loss=0.038450 val_loss=0.047828 best=1
2026-05-05 19:11:57,312 INFO epoch=24 train_loss=0.037834 val_loss=0.046920 best=1
2026-05-05 19:16:13,481 INFO epoch=25 train_loss=0.036714 val_loss=0.046830 best=1
2026-05-05 19:20:28,350 INFO epoch=26 train_loss=0.035648 val_loss=0.046180 best=1
2026-05-05 19:24:43,000 INFO epoch=27 train_loss=0.034808 val_loss=0.045326 best=1
2026-05-05 19:28:56,815 INFO epoch=28 train_loss=0.034322 val_loss=0.044611 best=1
2026-05-05 19:33:16,036 INFO epoch=29 train_loss=0.033435 val_loss=0.043661 best=1
2026-05-05 19:37:44,193 INFO epoch=30 train_loss=0.032675 val_loss=0.043163 best=1 recall_at_1=0.010776
2026-05-05 19:42:25,517 INFO epoch=31 train_loss=0.031831 val_loss=0.042537 best=1
2026-05-05 19:47:15,393 INFO epoch=32 train_loss=0.031087 val_loss=0.042942 best=0
2026-05-05 19:52:01,182 INFO epoch=33 train_loss=0.030578 val_loss=0.041072 best=1
2026-05-05 19:56:59,608 INFO epoch=34 train_loss=0.030193 val_loss=0.041630 best=0
2026-05-05 20:01:39,281 INFO epoch=35 train_loss=0.029372 val_loss=0.041076 best=0
2026-05-05 20:06:34,196 INFO epoch=36 train_loss=0.028929 val_loss=0.041727 best=0
2026-05-05 20:11:04,279 INFO epoch=37 train_loss=0.028514 val_loss=0.040156 best=1
2026-05-05 20:15:30,335 INFO epoch=38 train_loss=0.027843 val_loss=0.039742 best=1
2026-05-05 20:19:56,340 INFO epoch=39 train_loss=0.027688 val_loss=0.039529 best=1
2026-05-05 20:24:27,163 INFO epoch=40 train_loss=0.027087 val_loss=0.039178 best=1 recall_at_1=0.012052
2026-05-05 20:29:55,690 INFO epoch=41 train_loss=0.026703 val_loss=0.038330 best=1
2026-05-05 20:34:45,311 INFO epoch=42 train_loss=0.025746 val_loss=0.038529 best=0
2026-05-05 20:39:29,288 INFO epoch=43 train_loss=0.025668 val_loss=0.038050 best=1
2026-05-05 20:44:53,982 INFO epoch=44 train_loss=0.025125 val_loss=0.037499 best=1
2026-05-05 20:49:59,128 INFO epoch=45 train_loss=0.024615 val_loss=0.037215 best=1
2026-05-05 20:54:20,120 INFO epoch=46 train_loss=0.024324 val_loss=0.037363 best=0
2026-05-05 20:58:32,141 INFO epoch=47 train_loss=0.023963 val_loss=0.036799 best=1
2026-05-05 21:02:45,892 INFO epoch=48 train_loss=0.023540 val_loss=0.036410 best=1
2026-05-05 21:06:59,736 INFO epoch=49 train_loss=0.023371 val_loss=0.036305 best=1
2026-05-05 21:11:14,257 INFO epoch=50 train_loss=0.022918 val_loss=0.035872 best=1 recall_at_1=0.015739
2026-05-05 21:15:50,852 INFO epoch=51 train_loss=0.022685 val_loss=0.036023 best=0
2026-05-05 21:20:19,659 INFO epoch=52 train_loss=0.022483 val_loss=0.035838 best=1
2026-05-05 21:24:45,020 INFO epoch=53 train_loss=0.021927 val_loss=0.035382 best=1
2026-05-05 21:29:04,337 INFO epoch=54 train_loss=0.021885 val_loss=0.034952 best=1
2026-05-05 21:33:27,845 INFO epoch=55 train_loss=0.021446 val_loss=0.035103 best=0
2026-05-05 21:37:58,562 INFO epoch=56 train_loss=0.021392 val_loss=0.034974 best=0
2026-05-05 21:42:15,995 INFO epoch=57 train_loss=0.020970 val_loss=0.034716 best=1
2026-05-05 21:46:40,263 INFO epoch=58 train_loss=0.020737 val_loss=0.034377 best=1
2026-05-05 21:51:01,483 INFO epoch=59 train_loss=0.020496 val_loss=0.034171 best=1
2026-05-05 21:55:44,049 INFO epoch=60 train_loss=0.020311 val_loss=0.034141 best=1 recall_at_1=0.016306
2026-05-05 22:00:46,919 INFO epoch=61 train_loss=0.019975 val_loss=0.034108 best=1
2026-05-05 22:05:47,893 INFO epoch=62 train_loss=0.019790 val_loss=0.033981 best=1
2026-05-05 22:10:37,941 INFO epoch=63 train_loss=0.019596 val_loss=0.033534 best=1
2026-05-05 22:15:36,946 INFO epoch=64 train_loss=0.019198 val_loss=0.033331 best=1
2026-05-05 22:20:10,141 INFO epoch=65 train_loss=0.019185 val_loss=0.033562 best=0
2026-05-05 22:25:03,091 INFO epoch=66 train_loss=0.018894 val_loss=0.033515 best=0
2026-05-05 22:30:02,372 INFO epoch=67 train_loss=0.018746 val_loss=0.033248 best=1
2026-05-05 22:34:28,576 INFO epoch=68 train_loss=0.018524 val_loss=0.033005 best=1
2026-05-05 22:40:10,129 INFO epoch=69 train_loss=0.018367 val_loss=0.032874 best=1
2026-05-05 22:45:33,125 INFO epoch=70 train_loss=0.018165 val_loss=0.032799 best=1 recall_at_1=0.015952
2026-05-05 22:49:49,927 INFO epoch=71 train_loss=0.018010 val_loss=0.032895 best=0
2026-05-05 22:54:07,359 INFO epoch=72 train_loss=0.017890 val_loss=0.032706 best=1
2026-05-05 22:58:37,652 INFO epoch=73 train_loss=0.017701 val_loss=0.032688 best=1
2026-05-05 23:03:35,886 INFO epoch=74 train_loss=0.017599 val_loss=0.032698 best=0
2026-05-05 23:08:03,335 INFO epoch=75 train_loss=0.017464 val_loss=0.032666 best=1
2026-05-05 23:13:33,568 INFO epoch=76 train_loss=0.017247 val_loss=0.032512 best=1
2026-05-05 23:18:01,004 INFO epoch=77 train_loss=0.017217 val_loss=0.032388 best=1
2026-05-05 23:22:16,620 INFO epoch=78 train_loss=0.017128 val_loss=0.032414 best=0
2026-05-05 23:26:33,151 INFO epoch=79 train_loss=0.017056 val_loss=0.032469 best=0
2026-05-05 23:31:04,766 INFO epoch=80 train_loss=0.016950 val_loss=0.032396 best=0 recall_at_1=0.017653
2026-05-05 23:35:28,983 INFO epoch=81 train_loss=0.016837 val_loss=0.032471 best=0
2026-05-05 23:39:54,398 INFO epoch=82 train_loss=0.016734 val_loss=0.032376 best=1
2026-05-05 23:44:11,872 INFO epoch=83 train_loss=0.016685 val_loss=0.032381 best=0
2026-05-05 23:48:20,018 INFO epoch=84 train_loss=0.016596 val_loss=0.032343 best=1
2026-05-05 23:52:23,356 INFO epoch=85 train_loss=0.016523 val_loss=0.032347 best=0
2026-05-05 23:56:33,354 INFO epoch=86 train_loss=0.016489 val_loss=0.032241 best=1
2026-05-06 00:00:50,778 INFO epoch=87 train_loss=0.016383 val_loss=0.032236 best=1
2026-05-06 00:04:48,535 INFO epoch=88 train_loss=0.016323 val_loss=0.032218 best=1
2026-05-06 00:08:47,255 INFO epoch=89 train_loss=0.016236 val_loss=0.032229 best=0
2026-05-06 00:12:33,959 INFO epoch=90 train_loss=0.016192 val_loss=0.032240 best=0 recall_at_1=0.017937
2026-05-06 00:15:56,546 INFO epoch=91 train_loss=0.016148 val_loss=0.032256 best=0
2026-05-06 00:19:18,955 INFO epoch=92 train_loss=0.016130 val_loss=0.032214 best=1
2026-05-06 00:22:43,269 INFO epoch=93 train_loss=0.016080 val_loss=0.032239 best=0
2026-05-06 00:26:04,127 INFO epoch=94 train_loss=0.016040 val_loss=0.032218 best=0
2026-05-06 00:29:24,281 INFO epoch=95 train_loss=0.016037 val_loss=0.032259 best=0
2026-05-06 00:32:49,830 INFO epoch=96 train_loss=0.016001 val_loss=0.032229 best=0
2026-05-06 00:36:13,704 INFO epoch=97 train_loss=0.015983 val_loss=0.032253 best=0
2026-05-06 00:39:41,433 INFO epoch=98 train_loss=0.015957 val_loss=0.032231 best=0
2026-05-06 00:43:16,110 INFO epoch=99 train_loss=0.015955 val_loss=0.032288 best=0
2026-05-06 00:46:49,626 INFO epoch=100 train_loss=0.015929 val_loss=0.032264 best=0 recall_at_1=0.018079
2026-05-06 00:46:49,630 INFO training finished best_val_loss=0.032214 checkpoint=/home/u2023312335/project/learn/PigeonVision/checkpoints/siamese/best.pt
2026-05-06 12:26:26,987 INFO device=cuda train_pairs=512 val_pairs=128 epochs=1 batch_size=64 lr=0.001
2026-05-06 12:26:30,872 INFO epoch=1 train_loss=0.304658 val_loss=0.671868 best=1
2026-05-06 12:26:30,873 INFO training finished best_val_loss=0.671868 checkpoint=/home/u2023312335/project/learn/PigeonVision/checkpoints/siamese/best.pt
2026-05-06 12:27:07,747 INFO device=cuda train_pairs=168576 val_pairs=42252 epochs=100 batch_size=64 lr=0.001
2026-05-06 12:30:44,143 INFO epoch=1 train_loss=0.181427 val_loss=0.150014 best=1
2026-05-06 12:34:18,625 INFO epoch=2 train_loss=0.134878 val_loss=0.125361 best=1
2026-05-06 12:37:47,545 INFO epoch=3 train_loss=0.116135 val_loss=0.111764 best=1
2026-05-06 12:41:15,448 INFO epoch=4 train_loss=0.104694 val_loss=0.103339 best=1
2026-05-06 12:44:50,486 INFO epoch=5 train_loss=0.095895 val_loss=0.095353 best=1
2026-05-06 12:48:22,088 INFO epoch=6 train_loss=0.089167 val_loss=0.091791 best=1
2026-05-06 12:51:51,496 INFO epoch=7 train_loss=0.082733 val_loss=0.085645 best=1
2026-05-06 12:55:20,815 INFO epoch=8 train_loss=0.077737 val_loss=0.078569 best=1
2026-05-06 12:58:51,132 INFO epoch=9 train_loss=0.072589 val_loss=0.075950 best=1
2026-05-06 13:02:25,846 INFO epoch=10 train_loss=0.068529 val_loss=0.072869 best=1 recall_at_1=0.006097
2026-05-06 13:06:06,824 INFO epoch=11 train_loss=0.065098 val_loss=0.071380 best=1
2026-05-06 13:09:51,625 INFO epoch=12 train_loss=0.062530 val_loss=0.068174 best=1
2026-05-06 13:13:32,761 INFO epoch=13 train_loss=0.059700 val_loss=0.064481 best=1
2026-05-06 13:17:15,301 INFO epoch=14 train_loss=0.057264 val_loss=0.063183 best=1
2026-05-06 13:21:14,127 INFO epoch=15 train_loss=0.054792 val_loss=0.060979 best=1
2026-05-06 13:24:58,695 INFO epoch=16 train_loss=0.052751 val_loss=0.058808 best=1
2026-05-06 13:28:38,160 INFO epoch=17 train_loss=0.050725 val_loss=0.058233 best=1
2026-05-06 13:32:16,869 INFO epoch=18 train_loss=0.048803 val_loss=0.057049 best=1
2026-05-06 13:36:03,562 INFO epoch=19 train_loss=0.047082 val_loss=0.056274 best=1
2026-05-06 13:39:47,227 INFO epoch=20 train_loss=0.046212 val_loss=0.055255 best=1 recall_at_1=0.007799
2026-05-06 13:43:12,038 INFO epoch=21 train_loss=0.044226 val_loss=0.054485 best=1
2026-05-06 13:46:35,872 INFO epoch=22 train_loss=0.042658 val_loss=0.051622 best=1
2026-05-06 13:50:07,283 INFO epoch=23 train_loss=0.041704 val_loss=0.050918 best=1
2026-05-06 13:53:40,037 INFO epoch=24 train_loss=0.039797 val_loss=0.048843 best=1
2026-05-06 13:57:12,037 INFO epoch=25 train_loss=0.038607 val_loss=0.048127 best=1
2026-05-06 14:00:50,404 INFO epoch=26 train_loss=0.037123 val_loss=0.047219 best=1
2026-05-06 14:04:16,192 INFO epoch=27 train_loss=0.036012 val_loss=0.046578 best=1
2026-05-06 14:07:43,217 INFO epoch=28 train_loss=0.034840 val_loss=0.045723 best=1
2026-05-06 14:11:11,125 INFO epoch=29 train_loss=0.034184 val_loss=0.044516 best=1
2026-05-06 14:14:38,851 INFO epoch=30 train_loss=0.033320 val_loss=0.045305 best=0 recall_at_1=0.010280
2026-05-06 14:18:16,859 INFO epoch=31 train_loss=0.032704 val_loss=0.043600 best=1
2026-05-06 14:22:06,346 INFO epoch=32 train_loss=0.031994 val_loss=0.043649 best=0
2026-05-06 14:26:03,651 INFO epoch=33 train_loss=0.031492 val_loss=0.042723 best=1
2026-05-06 14:29:59,338 INFO epoch=34 train_loss=0.030692 val_loss=0.042170 best=1
2026-05-06 14:33:46,098 INFO epoch=35 train_loss=0.030139 val_loss=0.041985 best=1
2026-05-06 14:37:27,918 INFO epoch=36 train_loss=0.029506 val_loss=0.040949 best=1
2026-05-06 14:41:47,773 INFO epoch=37 train_loss=0.028895 val_loss=0.041007 best=0
2026-05-06 14:45:25,706 INFO epoch=38 train_loss=0.028532 val_loss=0.041265 best=0
2026-05-06 14:49:03,046 INFO epoch=39 train_loss=0.027923 val_loss=0.040364 best=1
2026-05-06 14:53:20,480 INFO epoch=40 train_loss=0.027294 val_loss=0.040161 best=1 recall_at_1=0.012903
2026-05-06 14:56:48,524 INFO epoch=41 train_loss=0.026835 val_loss=0.040058 best=1
2026-05-06 15:00:15,097 INFO epoch=42 train_loss=0.026477 val_loss=0.039042 best=1
2026-05-06 15:03:48,369 INFO epoch=43 train_loss=0.025866 val_loss=0.038979 best=1
2026-05-06 15:07:18,780 INFO epoch=44 train_loss=0.025690 val_loss=0.039032 best=0
2026-05-06 15:11:48,440 INFO epoch=45 train_loss=0.025234 val_loss=0.038447 best=1
2026-05-06 15:16:30,954 INFO epoch=46 train_loss=0.024862 val_loss=0.038290 best=1
2026-05-06 15:21:04,415 INFO epoch=47 train_loss=0.024245 val_loss=0.038058 best=1
2026-05-06 15:25:54,733 INFO epoch=48 train_loss=0.023949 val_loss=0.037427 best=1
2026-05-06 15:30:34,103 INFO epoch=49 train_loss=0.023641 val_loss=0.037516 best=0
2026-05-06 15:35:17,249 INFO epoch=50 train_loss=0.023223 val_loss=0.037256 best=1 recall_at_1=0.014959
2026-05-06 15:39:37,414 INFO epoch=51 train_loss=0.022971 val_loss=0.037079 best=1
2026-05-06 15:44:44,113 INFO epoch=52 train_loss=0.022524 val_loss=0.036459 best=1
2026-05-06 15:49:20,855 INFO epoch=53 train_loss=0.022173 val_loss=0.036393 best=1
2026-05-06 15:53:44,281 INFO epoch=54 train_loss=0.021885 val_loss=0.035966 best=1
2026-05-06 15:58:12,024 INFO epoch=55 train_loss=0.021677 val_loss=0.035842 best=1
2026-05-06 16:02:26,922 INFO epoch=56 train_loss=0.021277 val_loss=0.035834 best=1
2026-05-06 16:06:44,949 INFO epoch=57 train_loss=0.021168 val_loss=0.035282 best=1
2026-05-06 16:11:01,772 INFO epoch=58 train_loss=0.020774 val_loss=0.035302 best=0
2026-05-06 16:15:24,246 INFO epoch=59 train_loss=0.020530 val_loss=0.035130 best=1
2026-05-06 16:19:48,544 INFO epoch=60 train_loss=0.020445 val_loss=0.035067 best=1 recall_at_1=0.017228
2026-05-06 16:23:56,497 INFO epoch=61 train_loss=0.020111 val_loss=0.034762 best=1
2026-05-06 16:28:13,896 INFO epoch=62 train_loss=0.019825 val_loss=0.034308 best=1
2026-05-06 16:32:35,774 INFO epoch=63 train_loss=0.019576 val_loss=0.034635 best=0
2026-05-06 16:37:05,104 INFO epoch=64 train_loss=0.019459 val_loss=0.034395 best=0
2026-05-06 16:41:28,785 INFO epoch=65 train_loss=0.019298 val_loss=0.034418 best=0
2026-05-06 16:45:50,159 INFO epoch=66 train_loss=0.019051 val_loss=0.034279 best=1
2026-05-06 16:50:10,487 INFO epoch=67 train_loss=0.018913 val_loss=0.034056 best=1
2026-05-06 16:55:00,897 INFO epoch=68 train_loss=0.018735 val_loss=0.033824 best=1
2026-05-06 16:59:30,752 INFO epoch=69 train_loss=0.018601 val_loss=0.033860 best=0
2026-05-06 17:04:09,761 INFO epoch=70 train_loss=0.018474 val_loss=0.033685 best=1 recall_at_1=0.016023
2026-05-06 17:08:22,421 INFO epoch=71 train_loss=0.018290 val_loss=0.033640 best=1
2026-05-06 17:13:39,888 INFO epoch=72 train_loss=0.018172 val_loss=0.033677 best=0
2026-05-06 17:24:34,883 INFO epoch=73 train_loss=0.018023 val_loss=0.033489 best=1
2026-05-06 17:35:36,970 INFO epoch=74 train_loss=0.017891 val_loss=0.033644 best=0
2026-05-23 19:20:19,039 INFO device=cuda train_pairs=1754767 val_pairs=438236 epochs=100 batch_size=64 lr=0.001
2026-05-23 19:25:06,834 INFO resumed from /home/u2023312335/project/learn/PigeonVision/checkpoints/siamese/last.pt at epoch 75
2026-05-23 19:25:06,834 INFO device=cuda train_pairs=1754767 val_pairs=438236 epochs=100 batch_size=64 lr=0.001
2026-05-23 19:38:21,607 INFO resumed from /home/u2023312335/project/learn/PigeonVision/checkpoints/siamese/last.pt at epoch 75
2026-05-23 19:38:21,608 INFO device=cuda train_pairs=1754767 val_pairs=438236 epochs=100 batch_size=64 lr=0.001
2026-05-23 20:15:35,093 INFO epoch=75 train_loss=0.126411 val_loss=0.093373 best=0
2026-05-23 20:49:50,967 INFO epoch=76 train_loss=0.086554 val_loss=0.077994 best=0
2026-05-23 21:25:43,113 INFO epoch=77 train_loss=0.073295 val_loss=0.066891 best=0
2026-05-23 22:01:41,645 INFO epoch=78 train_loss=0.063661 val_loss=0.059602 best=0
2026-05-23 22:37:28,782 INFO epoch=79 train_loss=0.057038 val_loss=0.054244 best=0
2026-05-23 23:13:07,207 INFO epoch=80 train_loss=0.052177 val_loss=0.050329 best=0 recall_at_1=0.003731
2026-05-23 23:48:50,588 INFO epoch=81 train_loss=0.048581 val_loss=0.048042 best=0
2026-05-24 00:24:18,001 INFO epoch=82 train_loss=0.045688 val_loss=0.045428 best=0
2026-05-24 00:58:53,266 INFO epoch=83 train_loss=0.043487 val_loss=0.043611 best=0
2026-05-24 01:33:51,568 INFO epoch=84 train_loss=0.041666 val_loss=0.041743 best=0
2026-05-24 02:08:22,669 INFO epoch=85 train_loss=0.040009 val_loss=0.040570 best=0
2026-05-24 02:43:00,922 INFO epoch=86 train_loss=0.038680 val_loss=0.039464 best=0
2026-05-24 03:18:01,268 INFO epoch=87 train_loss=0.037530 val_loss=0.038602 best=0
2026-05-24 03:53:04,347 INFO epoch=88 train_loss=0.036505 val_loss=0.037741 best=0
2026-05-24 04:27:57,724 INFO epoch=89 train_loss=0.035600 val_loss=0.036753 best=0
2026-05-24 05:02:50,269 INFO epoch=90 train_loss=0.034790 val_loss=0.036634 best=0 recall_at_1=0.005607
2026-05-24 05:38:00,685 INFO epoch=91 train_loss=0.034087 val_loss=0.035592 best=0
2026-05-24 06:12:05,383 INFO epoch=92 train_loss=0.033536 val_loss=0.035608 best=0
2026-05-24 06:46:53,835 INFO epoch=93 train_loss=0.033047 val_loss=0.035368 best=0
2026-05-24 07:22:20,258 INFO epoch=94 train_loss=0.032641 val_loss=0.035207 best=0
2026-05-24 07:56:47,512 INFO epoch=95 train_loss=0.032309 val_loss=0.034506 best=0
2026-05-24 08:31:30,972 INFO epoch=96 train_loss=0.032075 val_loss=0.034815 best=0
2026-05-24 09:06:09,653 INFO epoch=97 train_loss=0.031891 val_loss=0.034475 best=0
2026-05-24 09:41:17,663 INFO epoch=98 train_loss=0.031723 val_loss=0.034392 best=0
2026-05-24 10:15:46,872 INFO epoch=99 train_loss=0.031577 val_loss=0.034323 best=0
2026-05-24 10:50:56,058 INFO epoch=100 train_loss=0.031520 val_loss=0.034329 best=0 recall_at_1=0.006052
2026-05-24 10:51:09,450 INFO training finished actual_epochs=100 final_val_loss=0.034329 best_epoch=73 best_val_loss=0.033489 recall_at_1=0.000726 checkpoint=/home/u2023312335/project/learn/PigeonVision/checkpoints/siamese/best.pt
2026-05-24 21:14:17,669 INFO device=cuda train_images=9189 val_images=2268 classes=517 epochs=2 batch_size=64 lr=0.001 backbone=resnet18
2026-05-24 21:15:30,819 INFO epoch=1 train_loss=12.323514 val_loss=12.350962 probe_recall_at_1=0.017301 compare_acc=0.518651 compare_bal_acc=0.518651 search_recall_at_1=0.049020 search_recall_at_5=0.141667 search_recall_at_10=0.214216 search_map=0.030918 best=1 viz={'pca': '/home/u2023312335/project/learn/PigeonVision/outputs/features/embeddings/pca_epoch_001.png', 'umap': '/home/u2023312335/project/learn/PigeonVision/outputs/features/embeddings/umap_epoch_001.png'}
2026-05-24 21:16:13,872 INFO epoch=2 train_loss=11.550010 val_loss=12.244695 probe_recall_at_1=0.038062 compare_acc=0.530304 compare_bal_acc=0.530304 search_recall_at_1=0.075490 search_recall_at_5=0.191176 search_recall_at_10=0.270098 search_map=0.042720 best=1 viz={'pca': '/home/u2023312335/project/learn/PigeonVision/outputs/features/embeddings/pca_epoch_002.png', 'umap': '/home/u2023312335/project/learn/PigeonVision/outputs/features/embeddings/umap_epoch_002.png'}
2026-05-24 21:16:13,872 ERROR smoke gate failed at epoch=2 probe_recall_at_1=0.038062 threshold=0.100000; switch backbone to resnet34
2026-05-24 23:01:03,471 INFO device=cuda train_images=9189 val_images=2268 classes=517 epochs=2 batch_size=64 lr=0.001 backbone=resnet34
2026-05-24 23:01:41,010 INFO epoch=1 train_loss=12.443169 val_loss=12.376643 probe_recall_at_1=0.010381 compare_acc=0.518280 compare_bal_acc=0.518280 search_recall_at_1=0.029902 search_recall_at_5=0.103922 search_recall_at_10=0.169118 search_map=0.026062 best=1 viz={'pca': '/home/u2023312335/project/learn/PigeonVision/outputs/features/embeddings/pca_epoch_001.png', 'umap': '/home/u2023312335/project/learn/PigeonVision/outputs/features/embeddings/umap_epoch_001.png'}
2026-05-24 23:01:59,204 INFO epoch=2 train_loss=11.908218 val_loss=12.039628 probe_recall_at_1=0.017301 compare_acc=0.526627 compare_bal_acc=0.526627 search_recall_at_1=0.037255 search_recall_at_5=0.121078 search_recall_at_10=0.189706 search_map=0.028222 best=1 viz={'pca': '/home/u2023312335/project/learn/PigeonVision/outputs/features/embeddings/pca_epoch_002.png', 'umap': '/home/u2023312335/project/learn/PigeonVision/outputs/features/embeddings/umap_epoch_002.png'}
2026-05-24 23:01:59,205 ERROR smoke gate failed at epoch=2 probe_recall_at_1=0.017301 threshold=0.100000; switch backbone to resnet34
2026-05-24 23:44:58,882 INFO device=cuda train_images=9189 val_images=2268 classes=517 epochs=5 batch_size=64 lr=0.001 backbone=resnet34 warmup_epochs=3 smoke_gate_epoch=5 patience=10
2026-05-24 23:45:35,003 INFO epoch=1 train_loss=13.402780 val_loss=13.279926 probe_recall_at_1=0.034602 lr=0.00001000 compare_acc=0.528465 compare_bal_acc=0.528465 search_recall_at_1=0.052941 search_recall_at_5=0.162255 search_recall_at_10=0.243627 search_map=0.031783 best=1 viz={'pca': '/home/u2023312335/project/learn/PigeonVision/outputs/features/embeddings/pca_epoch_001.png', 'umap': '/home/u2023312335/project/learn/PigeonVision/outputs/features/embeddings/umap_epoch_001.png'}
2026-05-24 23:45:51,738 INFO epoch=2 train_loss=11.600625 val_loss=12.421055 probe_recall_at_1=0.079585 lr=0.00050500 compare_acc=0.551703 compare_bal_acc=0.551703 search_recall_at_1=0.128431 search_recall_at_5=0.296569 search_recall_at_10=0.385784 search_map=0.061890 best=1 viz={'pca': '/home/u2023312335/project/learn/PigeonVision/outputs/features/embeddings/pca_epoch_002.png', 'umap': '/home/u2023312335/project/learn/PigeonVision/outputs/features/embeddings/umap_epoch_002.png'}
2026-05-24 23:46:09,905 INFO epoch=3 train_loss=10.118039 val_loss=13.020306 probe_recall_at_1=0.110727 lr=0.00100000 compare_acc=0.554216 compare_bal_acc=0.554216 search_recall_at_1=0.150490 search_recall_at_5=0.319608 search_recall_at_10=0.414216 search_map=0.077177 best=1 viz={'pca': '/home/u2023312335/project/learn/PigeonVision/outputs/features/embeddings/pca_epoch_003.png', 'umap': '/home/u2023312335/project/learn/PigeonVision/outputs/features/embeddings/umap_epoch_003.png'}
2026-05-24 23:46:28,167 INFO epoch=4 train_loss=8.262355 val_loss=12.607871 probe_recall_at_1=0.124567 lr=0.00000000 compare_acc=0.550337 compare_bal_acc=0.550337 search_recall_at_1=0.171569 search_recall_at_5=0.354412 search_recall_at_10=0.440686 search_map=0.088157 best=1 viz={'pca': '/home/u2023312335/project/learn/PigeonVision/outputs/features/embeddings/pca_epoch_004.png', 'umap': '/home/u2023312335/project/learn/PigeonVision/outputs/features/embeddings/umap_epoch_004.png'}
2026-05-24 23:46:45,636 INFO epoch=5 train_loss=8.015166 val_loss=13.125281 probe_recall_at_1=0.128028 lr=0.00100000 compare_acc=0.544722 compare_bal_acc=0.544722 search_recall_at_1=0.174020 search_recall_at_5=0.338235 search_recall_at_10=0.429412 search_map=0.081695 best=1 viz={'pca': '/home/u2023312335/project/learn/PigeonVision/outputs/features/embeddings/pca_epoch_005.png', 'umap': '/home/u2023312335/project/learn/PigeonVision/outputs/features/embeddings/umap_epoch_005.png'}
2026-05-24 23:46:45,636 INFO smoke gate check at epoch=5 probe_recall_at_1=0.128028 threshold=0.020000 rising=True
2026-05-24 23:46:48,780 INFO training finished actual_epochs=5 final_val_loss=13.125281 best_epoch=5 best_metric=0.174020 no_improve_epochs=0 probe_recall_at_1=0.128028 compare_balanced_accuracy=0.544722 search_recall_at_1=0.174020 search_recall_at_5=0.338235 search_recall_at_10=0.429412 search_map=0.081695 checkpoint=/home/u2023312335/project/learn/PigeonVision/checkpoints/siamese/best.pt
2026-05-24 23:47:37,014 INFO device=cuda train_images=9189 val_images=2268 classes=517 epochs=80 batch_size=64 lr=0.001 backbone=resnet34 warmup_epochs=3 smoke_gate_epoch=5 patience=10
2026-05-24 23:48:14,396 INFO epoch=1 train_loss=13.375910 val_loss=13.345818 probe_recall_at_1=0.041522 lr=0.00001000 compare_acc=0.529747 compare_bal_acc=0.529747 search_recall_at_1=0.064706 search_recall_at_5=0.178431 search_recall_at_10=0.263235 search_map=0.035755 best=1 viz={'pca': '/home/u2023312335/project/learn/PigeonVision/outputs/features/embeddings/pca_epoch_001.png', 'umap': '/home/u2023312335/project/learn/PigeonVision/outputs/features/embeddings/umap_epoch_001.png'}
2026-05-24 23:48:31,220 INFO epoch=2 train_loss=11.624065 val_loss=12.330344 probe_recall_at_1=0.083045 lr=0.00050500 compare_acc=0.542378 compare_bal_acc=0.542378 search_recall_at_1=0.128922 search_recall_at_5=0.276961 search_recall_at_10=0.370588 search_map=0.062693 best=1 viz={'pca': '/home/u2023312335/project/learn/PigeonVision/outputs/features/embeddings/pca_epoch_002.png', 'umap': '/home/u2023312335/project/learn/PigeonVision/outputs/features/embeddings/umap_epoch_002.png'}
2026-05-24 23:48:49,390 INFO epoch=3 train_loss=10.169732 val_loss=12.627274 probe_recall_at_1=0.131488 lr=0.00100000 compare_acc=0.549359 compare_bal_acc=0.549359 search_recall_at_1=0.147059 search_recall_at_5=0.318627 search_recall_at_10=0.408333 search_map=0.076554 best=1 viz={'pca': '/home/u2023312335/project/learn/PigeonVision/outputs/features/embeddings/pca_epoch_003.png', 'umap': '/home/u2023312335/project/learn/PigeonVision/outputs/features/embeddings/umap_epoch_003.png'}
2026-05-24 23:49:07,618 INFO epoch=4 train_loss=8.007609 val_loss=12.775443 probe_recall_at_1=0.121107 lr=0.00099957 compare_acc=0.557403 compare_bal_acc=0.557403 search_recall_at_1=0.164216 search_recall_at_5=0.325980 search_recall_at_10=0.420588 search_map=0.079605 best=1 viz={'pca': '/home/u2023312335/project/learn/PigeonVision/outputs/features/embeddings/pca_epoch_004.png', 'umap': '/home/u2023312335/project/learn/PigeonVision/outputs/features/embeddings/umap_epoch_004.png'}
2026-05-24 23:49:25,302 INFO epoch=5 train_loss=6.047633 val_loss=12.726552 probe_recall_at_1=0.117647 lr=0.00099829 compare_acc=0.550894 compare_bal_acc=0.550894 search_recall_at_1=0.176471 search_recall_at_5=0.349510 search_recall_at_10=0.443627 search_map=0.087844 best=1 viz={'pca': '/home/u2023312335/project/learn/PigeonVision/outputs/features/embeddings/pca_epoch_005.png', 'umap': '/home/u2023312335/project/learn/PigeonVision/outputs/features/embeddings/umap_epoch_005.png'}
2026-05-24 23:49:25,303 INFO smoke gate check at epoch=5 probe_recall_at_1=0.117647 threshold=0.020000 rising=False
2026-05-24 23:49:40,893 INFO epoch=6 train_loss=4.498116 val_loss=12.981318 probe_recall_at_1=0.121107 lr=0.00099616 compare_acc=0.547875 compare_bal_acc=0.547875 search_recall_at_1=0.174510 search_recall_at_5=0.352451 search_recall_at_10=0.443627 search_map=0.088221 best=0 viz={'pca': '/home/u2023312335/project/learn/PigeonVision/outputs/features/embeddings/pca_epoch_006.png', 'umap': '/home/u2023312335/project/learn/PigeonVision/outputs/features/embeddings/umap_epoch_006.png'}
2026-05-24 23:49:58,547 INFO epoch=7 train_loss=3.389192 val_loss=13.535628 probe_recall_at_1=0.121107 lr=0.00099318 compare_acc=0.547757 compare_bal_acc=0.547757 search_recall_at_1=0.164706 search_recall_at_5=0.321569 search_recall_at_10=0.419118 search_map=0.082721 best=0 viz={'pca': '/home/u2023312335/project/learn/PigeonVision/outputs/features/embeddings/pca_epoch_007.png', 'umap': '/home/u2023312335/project/learn/PigeonVision/outputs/features/embeddings/umap_epoch_007.png'}
2026-05-24 23:50:16,796 INFO epoch=8 train_loss=2.643749 val_loss=13.620811 probe_recall_at_1=0.093426 lr=0.00098936 compare_acc=0.540388 compare_bal_acc=0.540388 search_recall_at_1=0.149510 search_recall_at_5=0.313725 search_recall_at_10=0.400000 search_map=0.077839 best=0 viz={'pca': '/home/u2023312335/project/learn/PigeonVision/outputs/features/embeddings/pca_epoch_008.png', 'umap': '/home/u2023312335/project/learn/PigeonVision/outputs/features/embeddings/umap_epoch_008.png'}
2026-05-24 23:50:34,107 INFO epoch=9 train_loss=2.059322 val_loss=13.413387 probe_recall_at_1=0.110727 lr=0.00098470 compare_acc=0.547589 compare_bal_acc=0.547589 search_recall_at_1=0.157843 search_recall_at_5=0.327451 search_recall_at_10=0.422549 search_map=0.081633 best=0 viz={'pca': '/home/u2023312335/project/learn/PigeonVision/outputs/features/embeddings/pca_epoch_009.png', 'umap': '/home/u2023312335/project/learn/PigeonVision/outputs/features/embeddings/umap_epoch_009.png'}
2026-05-24 23:50:50,848 INFO epoch=10 train_loss=1.675083 val_loss=12.946099 probe_recall_at_1=0.124567 lr=0.00097921 compare_acc=0.552024 compare_bal_acc=0.552024 search_recall_at_1=0.159314 search_recall_at_5=0.311765 search_recall_at_10=0.391667 search_map=0.077894 best=0 viz={'pca': '/home/u2023312335/project/learn/PigeonVision/outputs/features/embeddings/pca_epoch_010.png', 'umap': '/home/u2023312335/project/learn/PigeonVision/outputs/features/embeddings/umap_epoch_010.png'}
2026-05-24 23:51:07,531 INFO epoch=11 train_loss=1.357459 val_loss=12.572890 probe_recall_at_1=0.138408 lr=0.00097291 compare_acc=0.555042 compare_bal_acc=0.555042 search_recall_at_1=0.156373 search_recall_at_5=0.328922 search_recall_at_10=0.426471 search_map=0.084381 best=0 viz={'pca': '/home/u2023312335/project/learn/PigeonVision/outputs/features/embeddings/pca_epoch_011.png', 'umap': '/home/u2023312335/project/learn/PigeonVision/outputs/features/embeddings/umap_epoch_011.png'}
2026-05-24 23:51:24,652 INFO epoch=12 train_loss=1.136017 val_loss=12.584263 probe_recall_at_1=0.169550 lr=0.00096580 compare_acc=0.548162 compare_bal_acc=0.548162 search_recall_at_1=0.175980 search_recall_at_5=0.338235 search_recall_at_10=0.438235 search_map=0.088579 best=0 viz={'pca': '/home/u2023312335/project/learn/PigeonVision/outputs/features/embeddings/pca_epoch_012.png', 'umap': '/home/u2023312335/project/learn/PigeonVision/outputs/features/embeddings/umap_epoch_012.png'}
2026-05-24 23:51:40,600 INFO epoch=13 train_loss=1.010419 val_loss=12.739739 probe_recall_at_1=0.131488 lr=0.00095789 compare_acc=0.551602 compare_bal_acc=0.551602 search_recall_at_1=0.167647 search_recall_at_5=0.322549 search_recall_at_10=0.405882 search_map=0.087370 best=0 viz={'pca': '/home/u2023312335/project/learn/PigeonVision/outputs/features/embeddings/pca_epoch_013.png', 'umap': '/home/u2023312335/project/learn/PigeonVision/outputs/features/embeddings/umap_epoch_013.png'}
2026-05-24 23:51:58,090 INFO epoch=14 train_loss=0.920837 val_loss=12.475950 probe_recall_at_1=0.124567 lr=0.00094920 compare_acc=0.555413 compare_bal_acc=0.555413 search_recall_at_1=0.173529 search_recall_at_5=0.352941 search_recall_at_10=0.447549 search_map=0.094628 best=0 viz={'pca': '/home/u2023312335/project/learn/PigeonVision/outputs/features/embeddings/pca_epoch_014.png', 'umap': '/home/u2023312335/project/learn/PigeonVision/outputs/features/embeddings/umap_epoch_014.png'}
2026-05-24 23:52:15,294 INFO epoch=15 train_loss=0.887800 val_loss=12.605811 probe_recall_at_1=0.141869 lr=0.00093974 compare_acc=0.552715 compare_bal_acc=0.552715 search_recall_at_1=0.168627 search_recall_at_5=0.346569 search_recall_at_10=0.433333 search_map=0.089412 best=0 viz={'pca': '/home/u2023312335/project/learn/PigeonVision/outputs/features/embeddings/pca_epoch_015.png', 'umap': '/home/u2023312335/project/learn/PigeonVision/outputs/features/embeddings/umap_epoch_015.png'}
2026-05-24 23:52:15,294 INFO early stopping triggered at epoch=15 best_epoch=5 best_metric=0.176471 patience=10 no_improve_epochs=10
2026-05-24 23:52:20,196 INFO training finished actual_epochs=15 final_val_loss=12.605811 best_epoch=5 best_metric=0.176471 no_improve_epochs=10 probe_recall_at_1=0.117647 compare_balanced_accuracy=0.550894 search_recall_at_1=0.176471 search_recall_at_5=0.349510 search_recall_at_10=0.443627 search_map=0.087844 checkpoint=/home/u2023312335/project/learn/PigeonVision/checkpoints/siamese/best.pt
2026-05-25 01:19:51,347 INFO device=cuda train_images=32 val_images=32 classes=20 epochs=1 batch_size=64 lr=0.0003 backbone=resnet34 warmup_epochs=3 smoke_gate_epoch=5 patience=10
2026-05-25 01:21:26,034 INFO device=cuda train_images=32 val_images=13 classes=20 epochs=1 batch_size=64 lr=0.0003 backbone=resnet34 warmup_epochs=3 smoke_gate_epoch=5 patience=10
2026-05-25 01:21:59,862 INFO epoch=1 train_loss=9.711856 val_loss=9.100253 probe_recall_at_1=0.000000 lr=0.00001000 compare_acc=0.500000 compare_bal_acc=0.500000 search_recall_at_1=0.444444 search_recall_at_5=0.777778 search_recall_at_10=1.000000 search_map=0.513345 best=1 viz={'pca': '/home/u2023312335/project/learn/PigeonVision/outputs/features/embeddings/pca_epoch_001.png', 'umap': '/home/u2023312335/project/learn/PigeonVision/outputs/features/embeddings/umap_epoch_001.png'}
2026-05-25 01:22:01,786 INFO training finished actual_epochs=1 final_val_loss=9.100253 best_epoch=1 best_metric=0.444444 no_improve_epochs=0 probe_recall_at_1=0.000000 compare_balanced_accuracy=0.500000 search_recall_at_1=0.444444 search_recall_at_5=0.777778 search_recall_at_10=1.000000 search_map=0.513345 checkpoint=/home/u2023312335/project/learn/PigeonVision/checkpoints/siamese/best.pt
2026-05-25 01:22:45,953 INFO device=cuda train_images=32 val_images=13 classes=20 epochs=5 batch_size=64 lr=0.0003 backbone=resnet34 warmup_epochs=3 smoke_gate_epoch=5 patience=10
2026-05-25 01:23:19,402 INFO epoch=1 train_loss=9.359051 val_loss=8.053710 probe_recall_at_1=0.500000 lr=0.00001000 compare_acc=0.638889 compare_bal_acc=0.638889 search_recall_at_1=0.444444 search_recall_at_5=0.888889 search_recall_at_10=1.000000 search_map=0.556087 best=1 viz={'pca': '/home/u2023312335/project/learn/PigeonVision/outputs/features/embeddings/pca_epoch_001.png', 'umap': '/home/u2023312335/project/learn/PigeonVision/outputs/features/embeddings/umap_epoch_001.png'}
2026-05-25 01:23:31,612 INFO epoch=2 train_loss=9.492174 val_loss=9.567239 probe_recall_at_1=0.500000 lr=0.00015500 compare_acc=0.555556 compare_bal_acc=0.555556 search_recall_at_1=0.222222 search_recall_at_5=0.888889 search_recall_at_10=1.000000 search_map=0.503252 best=0 viz={'pca': '/home/u2023312335/project/learn/PigeonVision/outputs/features/embeddings/pca_epoch_002.png', 'umap': '/home/u2023312335/project/learn/PigeonVision/outputs/features/embeddings/umap_epoch_002.png'}
2026-05-25 01:23:45,181 INFO epoch=3 train_loss=8.301977 val_loss=9.710515 probe_recall_at_1=0.500000 lr=0.00030000 compare_acc=0.666667 compare_bal_acc=0.666667 search_recall_at_1=0.333333 search_recall_at_5=0.888889 search_recall_at_10=1.000000 search_map=0.530625 best=0 viz={'pca': '/home/u2023312335/project/learn/PigeonVision/outputs/features/embeddings/pca_epoch_003.png', 'umap': '/home/u2023312335/project/learn/PigeonVision/outputs/features/embeddings/umap_epoch_003.png'}
2026-05-25 01:23:58,404 INFO epoch=4 train_loss=8.052026 val_loss=10.063086 probe_recall_at_1=0.500000 lr=0.00015000 compare_acc=0.638889 compare_bal_acc=0.638889 search_recall_at_1=0.333333 search_recall_at_5=0.888889 search_recall_at_10=1.000000 search_map=0.565193 best=0 viz={'pca': '/home/u2023312335/project/learn/PigeonVision/outputs/features/embeddings/pca_epoch_004.png', 'umap': '/home/u2023312335/project/learn/PigeonVision/outputs/features/embeddings/umap_epoch_004.png'}
2026-05-25 01:24:12,852 INFO epoch=5 train_loss=7.966840 val_loss=12.314441 probe_recall_at_1=0.500000 lr=0.00000000 compare_acc=0.638889 compare_bal_acc=0.638889 search_recall_at_1=0.222222 search_recall_at_5=0.777778 search_recall_at_10=1.000000 search_map=0.542900 best=0 viz={'pca': '/home/u2023312335/project/learn/PigeonVision/outputs/features/embeddings/pca_epoch_005.png', 'umap': '/home/u2023312335/project/learn/PigeonVision/outputs/features/embeddings/umap_epoch_005.png'}
2026-05-25 01:24:12,853 INFO smoke gate check at epoch=5 probe_recall_at_1=0.500000 threshold=0.020000 rising=False
2026-05-25 01:24:14,677 INFO training finished actual_epochs=5 final_val_loss=12.314441 best_epoch=1 best_metric=0.444444 no_improve_epochs=4 probe_recall_at_1=0.500000 compare_balanced_accuracy=0.638889 search_recall_at_1=0.444444 search_recall_at_5=0.888889 search_recall_at_10=1.000000 search_map=0.556087 checkpoint=/home/u2023312335/project/learn/PigeonVision/checkpoints/siamese/best.pt
2026-05-25 10:28:51,165 INFO device=cuda train_images=9189 val_images=2268 classes=517 epochs=80 batch_size=64 lr=0.0003 backbone=resnet34 warmup_epochs=3 smoke_gate_epoch=5 patience=10
2026-05-25 10:29:33,901 INFO epoch=1 train_loss=12.838793 val_loss=12.824245 probe_recall_at_1=0.055363 lr=0.00001000 compare_acc=0.534266 compare_bal_acc=0.534266 search_recall_at_1=0.086765 search_recall_at_5=0.208333 search_recall_at_10=0.292157 search_map=0.047190 best=1 viz={'pca': '/home/u2023312335/project/learn/PigeonVision/outputs/features/embeddings/pca_epoch_001.png', 'umap': '/home/u2023312335/project/learn/PigeonVision/outputs/features/embeddings/umap_epoch_001.png'}
2026-05-25 10:29:57,930 INFO epoch=2 train_loss=11.463488 val_loss=12.106781 probe_recall_at_1=0.103806 lr=0.00015500 compare_acc=0.549612 compare_bal_acc=0.549612 search_recall_at_1=0.138725 search_recall_at_5=0.294608 search_recall_at_10=0.374020 search_map=0.069749 best=1 viz={'pca': '/home/u2023312335/project/learn/PigeonVision/outputs/features/embeddings/pca_epoch_002.png', 'umap': '/home/u2023312335/project/learn/PigeonVision/outputs/features/embeddings/umap_epoch_002.png'}
2026-05-25 10:30:22,178 INFO epoch=3 train_loss=9.271837 val_loss=11.943418 probe_recall_at_1=0.110727 lr=0.00030000 compare_acc=0.555784 compare_bal_acc=0.555784 search_recall_at_1=0.178431 search_recall_at_5=0.335294 search_recall_at_10=0.440686 search_map=0.087950 best=1 viz={'pca': '/home/u2023312335/project/learn/PigeonVision/outputs/features/embeddings/pca_epoch_003.png', 'umap': '/home/u2023312335/project/learn/PigeonVision/outputs/features/embeddings/umap_epoch_003.png'}
2026-05-25 10:30:45,499 INFO epoch=4 train_loss=6.608522 val_loss=11.540714 probe_recall_at_1=0.131488 lr=0.00029988 compare_acc=0.553120 compare_bal_acc=0.553120 search_recall_at_1=0.200980 search_recall_at_5=0.361765 search_recall_at_10=0.446569 search_map=0.098325 best=1 viz={'pca': '/home/u2023312335/project/learn/PigeonVision/outputs/features/embeddings/pca_epoch_004.png', 'umap': '/home/u2023312335/project/learn/PigeonVision/outputs/features/embeddings/umap_epoch_004.png'}
2026-05-25 10:31:09,943 INFO epoch=5 train_loss=4.711500 val_loss=11.516508 probe_recall_at_1=0.141869 lr=0.00029950 compare_acc=0.554115 compare_bal_acc=0.554115 search_recall_at_1=0.220588 search_recall_at_5=0.401961 search_recall_at_10=0.492647 search_map=0.107075 best=1 viz={'pca': '/home/u2023312335/project/learn/PigeonVision/outputs/features/embeddings/pca_epoch_005.png', 'umap': '/home/u2023312335/project/learn/PigeonVision/outputs/features/embeddings/umap_epoch_005.png'}
2026-05-25 10:31:09,944 INFO smoke gate check at epoch=5 probe_recall_at_1=0.141869 threshold=0.020000 rising=True
2026-05-25 10:31:32,572 INFO epoch=6 train_loss=3.654971 val_loss=11.091493 probe_recall_at_1=0.131488 lr=0.00029888 compare_acc=0.553069 compare_bal_acc=0.553069 search_recall_at_1=0.210784 search_recall_at_5=0.387745 search_recall_at_10=0.483824 search_map=0.107053 best=0 viz={'pca': '/home/u2023312335/project/learn/PigeonVision/outputs/features/embeddings/pca_epoch_006.png', 'umap': '/home/u2023312335/project/learn/PigeonVision/outputs/features/embeddings/umap_epoch_006.png'}
2026-05-25 10:31:56,981 INFO epoch=7 train_loss=3.026022 val_loss=10.796756 probe_recall_at_1=0.162630 lr=0.00029801 compare_acc=0.553828 compare_bal_acc=0.553828 search_recall_at_1=0.232843 search_recall_at_5=0.408333 search_recall_at_10=0.505392 search_map=0.118469 best=1 viz={'pca': '/home/u2023312335/project/learn/PigeonVision/outputs/features/embeddings/pca_epoch_007.png', 'umap': '/home/u2023312335/project/learn/PigeonVision/outputs/features/embeddings/umap_epoch_007.png'}
2026-05-25 10:32:20,884 INFO epoch=8 train_loss=2.475409 val_loss=10.737342 probe_recall_at_1=0.166090 lr=0.00029689 compare_acc=0.558111 compare_bal_acc=0.558111 search_recall_at_1=0.241667 search_recall_at_5=0.411275 search_recall_at_10=0.486765 search_map=0.119364 best=1 viz={'pca': '/home/u2023312335/project/learn/PigeonVision/outputs/features/embeddings/pca_epoch_008.png', 'umap': '/home/u2023312335/project/learn/PigeonVision/outputs/features/embeddings/umap_epoch_008.png'}
2026-05-25 10:32:44,213 INFO epoch=9 train_loss=2.181627 val_loss=10.514235 probe_recall_at_1=0.159170 lr=0.00029553 compare_acc=0.554890 compare_bal_acc=0.554890 search_recall_at_1=0.233824 search_recall_at_5=0.402941 search_recall_at_10=0.493627 search_map=0.125812 best=0 viz={'pca': '/home/u2023312335/project/learn/PigeonVision/outputs/features/embeddings/pca_epoch_009.png', 'umap': '/home/u2023312335/project/learn/PigeonVision/outputs/features/embeddings/umap_epoch_009.png'}
2026-05-25 10:33:08,499 INFO epoch=10 train_loss=2.041642 val_loss=10.478387 probe_recall_at_1=0.183391 lr=0.00029392 compare_acc=0.556863 compare_bal_acc=0.556863 search_recall_at_1=0.241667 search_recall_at_5=0.424020 search_recall_at_10=0.507843 search_map=0.126085 best=0 viz={'pca': '/home/u2023312335/project/learn/PigeonVision/outputs/features/embeddings/pca_epoch_010.png', 'umap': '/home/u2023312335/project/learn/PigeonVision/outputs/features/embeddings/umap_epoch_010.png'}
2026-05-25 10:33:33,282 INFO epoch=11 train_loss=1.633088 val_loss=10.368292 probe_recall_at_1=0.193772 lr=0.00029208 compare_acc=0.557521 compare_bal_acc=0.557521 search_recall_at_1=0.238725 search_recall_at_5=0.418137 search_recall_at_10=0.499020 search_map=0.126841 best=0 viz={'pca': '/home/u2023312335/project/learn/PigeonVision/outputs/features/embeddings/pca_epoch_011.png', 'umap': '/home/u2023312335/project/learn/PigeonVision/outputs/features/embeddings/umap_epoch_011.png'}
2026-05-25 10:33:58,689 INFO epoch=12 train_loss=1.665450 val_loss=10.349862 probe_recall_at_1=0.204152 lr=0.00029000 compare_acc=0.559815 compare_bal_acc=0.559815 search_recall_at_1=0.243137 search_recall_at_5=0.414706 search_recall_at_10=0.488235 search_map=0.126815 best=1 viz={'pca': '/home/u2023312335/project/learn/PigeonVision/outputs/features/embeddings/pca_epoch_012.png', 'umap': '/home/u2023312335/project/learn/PigeonVision/outputs/features/embeddings/umap_epoch_012.png'}
2026-05-25 10:34:22,026 INFO epoch=13 train_loss=1.556155 val_loss=10.177970 probe_recall_at_1=0.193772 lr=0.00028769 compare_acc=0.560573 compare_bal_acc=0.560573 search_recall_at_1=0.240196 search_recall_at_5=0.414706 search_recall_at_10=0.496569 search_map=0.130765 best=0 viz={'pca': '/home/u2023312335/project/learn/PigeonVision/outputs/features/embeddings/pca_epoch_013.png', 'umap': '/home/u2023312335/project/learn/PigeonVision/outputs/features/embeddings/umap_epoch_013.png'}
2026-05-25 10:34:46,835 INFO epoch=14 train_loss=1.463741 val_loss=10.164382 probe_recall_at_1=0.179931 lr=0.00028515 compare_acc=0.558499 compare_bal_acc=0.558499 search_recall_at_1=0.248529 search_recall_at_5=0.428431 search_recall_at_10=0.498529 search_map=0.128456 best=1 viz={'pca': '/home/u2023312335/project/learn/PigeonVision/outputs/features/embeddings/pca_epoch_014.png', 'umap': '/home/u2023312335/project/learn/PigeonVision/outputs/features/embeddings/umap_epoch_014.png'}
2026-05-25 10:35:10,693 INFO epoch=15 train_loss=1.453041 val_loss=10.143719 probe_recall_at_1=0.176471 lr=0.00028238 compare_acc=0.557218 compare_bal_acc=0.557218 search_recall_at_1=0.243137 search_recall_at_5=0.400000 search_recall_at_10=0.484804 search_map=0.123961 best=0 viz={'pca': '/home/u2023312335/project/learn/PigeonVision/outputs/features/embeddings/pca_epoch_015.png', 'umap': '/home/u2023312335/project/learn/PigeonVision/outputs/features/embeddings/umap_epoch_015.png'}
2026-05-25 10:35:34,025 INFO epoch=16 train_loss=1.289680 val_loss=10.102857 probe_recall_at_1=0.207612 lr=0.00027939 compare_acc=0.561130 compare_bal_acc=0.561130 search_recall_at_1=0.245588 search_recall_at_5=0.414706 search_recall_at_10=0.506373 search_map=0.125905 best=0 viz={'pca': '/home/u2023312335/project/learn/PigeonVision/outputs/features/embeddings/pca_epoch_016.png', 'umap': '/home/u2023312335/project/learn/PigeonVision/outputs/features/embeddings/umap_epoch_016.png'}
2026-05-25 10:35:57,955 INFO epoch=17 train_loss=1.278033 val_loss=9.921213 probe_recall_at_1=0.183391 lr=0.00027619 compare_acc=0.561821 compare_bal_acc=0.561821 search_recall_at_1=0.250000 search_recall_at_5=0.424510 search_recall_at_10=0.511275 search_map=0.128879 best=1 viz={'pca': '/home/u2023312335/project/learn/PigeonVision/outputs/features/embeddings/pca_epoch_017.png', 'umap': '/home/u2023312335/project/learn/PigeonVision/outputs/features/embeddings/umap_epoch_017.png'}
2026-05-25 10:36:21,807 INFO epoch=18 train_loss=1.172635 val_loss=10.110243 probe_recall_at_1=0.159170 lr=0.00027278 compare_acc=0.560202 compare_bal_acc=0.560202 search_recall_at_1=0.247059 search_recall_at_5=0.409314 search_recall_at_10=0.498529 search_map=0.128731 best=0 viz={'pca': '/home/u2023312335/project/learn/PigeonVision/outputs/features/embeddings/pca_epoch_018.png', 'umap': '/home/u2023312335/project/learn/PigeonVision/outputs/features/embeddings/umap_epoch_018.png'}
2026-05-25 10:36:44,800 INFO epoch=19 train_loss=1.302216 val_loss=9.960528 probe_recall_at_1=0.173010 lr=0.00026916 compare_acc=0.561855 compare_bal_acc=0.561855 search_recall_at_1=0.249020 search_recall_at_5=0.425980 search_recall_at_10=0.512745 search_map=0.129747 best=0 viz={'pca': '/home/u2023312335/project/learn/PigeonVision/outputs/features/embeddings/pca_epoch_019.png', 'umap': '/home/u2023312335/project/learn/PigeonVision/outputs/features/embeddings/umap_epoch_019.png'}
2026-05-25 10:37:08,372 INFO epoch=20 train_loss=1.230079 val_loss=9.896380 probe_recall_at_1=0.173010 lr=0.00026534 compare_acc=0.560304 compare_bal_acc=0.560304 search_recall_at_1=0.245098 search_recall_at_5=0.433333 search_recall_at_10=0.511765 search_map=0.125971 best=0 viz={'pca': '/home/u2023312335/project/learn/PigeonVision/outputs/features/embeddings/pca_epoch_020.png', 'umap': '/home/u2023312335/project/learn/PigeonVision/outputs/features/embeddings/umap_epoch_020.png'}
2026-05-25 10:37:32,064 INFO epoch=21 train_loss=1.173105 val_loss=9.785428 probe_recall_at_1=0.179931 lr=0.00026134 compare_acc=0.566138 compare_bal_acc=0.566138 search_recall_at_1=0.256863 search_recall_at_5=0.428922 search_recall_at_10=0.506373 search_map=0.134058 best=1 viz={'pca': '/home/u2023312335/project/learn/PigeonVision/outputs/features/embeddings/pca_epoch_021.png', 'umap': '/home/u2023312335/project/learn/PigeonVision/outputs/features/embeddings/umap_epoch_021.png'}
2026-05-25 10:37:55,232 INFO epoch=22 train_loss=1.160455 val_loss=9.785706 probe_recall_at_1=0.176471 lr=0.00025714 compare_acc=0.562917 compare_bal_acc=0.562917 search_recall_at_1=0.247059 search_recall_at_5=0.420588 search_recall_at_10=0.508824 search_map=0.131701 best=0 viz={'pca': '/home/u2023312335/project/learn/PigeonVision/outputs/features/embeddings/pca_epoch_022.png', 'umap': '/home/u2023312335/project/learn/PigeonVision/outputs/features/embeddings/umap_epoch_022.png'}
2026-05-25 10:38:18,649 INFO epoch=23 train_loss=1.106837 val_loss=9.831968 probe_recall_at_1=0.176471 lr=0.00025277 compare_acc=0.562833 compare_bal_acc=0.562833 search_recall_at_1=0.245588 search_recall_at_5=0.425980 search_recall_at_10=0.509314 search_map=0.130446 best=0 viz={'pca': '/home/u2023312335/project/learn/PigeonVision/outputs/features/embeddings/pca_epoch_023.png', 'umap': '/home/u2023312335/project/learn/PigeonVision/outputs/features/embeddings/umap_epoch_023.png'}
2026-05-25 10:38:41,922 INFO epoch=24 train_loss=1.089858 val_loss=9.613070 probe_recall_at_1=0.173010 lr=0.00024823 compare_acc=0.565852 compare_bal_acc=0.565852 search_recall_at_1=0.245588 search_recall_at_5=0.426961 search_recall_at_10=0.509804 search_map=0.134164 best=0 viz={'pca': '/home/u2023312335/project/learn/PigeonVision/outputs/features/embeddings/pca_epoch_024.png', 'umap': '/home/u2023312335/project/learn/PigeonVision/outputs/features/embeddings/umap_epoch_024.png'}
2026-05-25 10:39:05,849 INFO epoch=25 train_loss=1.094312 val_loss=9.576431 probe_recall_at_1=0.186851 lr=0.00024352 compare_acc=0.568212 compare_bal_acc=0.568212 search_recall_at_1=0.243627 search_recall_at_5=0.411275 search_recall_at_10=0.491667 search_map=0.132659 best=0 viz={'pca': '/home/u2023312335/project/learn/PigeonVision/outputs/features/embeddings/pca_epoch_025.png', 'umap': '/home/u2023312335/project/learn/PigeonVision/outputs/features/embeddings/umap_epoch_025.png'}
2026-05-25 10:39:30,027 INFO epoch=26 train_loss=1.102580 val_loss=9.669855 probe_recall_at_1=0.186851 lr=0.00023866 compare_acc=0.567723 compare_bal_acc=0.567723 search_recall_at_1=0.249510 search_recall_at_5=0.424510 search_recall_at_10=0.504902 search_map=0.132468 best=0 viz={'pca': '/home/u2023312335/project/learn/PigeonVision/outputs/features/embeddings/pca_epoch_026.png', 'umap': '/home/u2023312335/project/learn/PigeonVision/outputs/features/embeddings/umap_epoch_026.png'}
2026-05-25 10:39:53,384 INFO epoch=27 train_loss=0.997887 val_loss=9.553132 probe_recall_at_1=0.179931 lr=0.00023365 compare_acc=0.570658 compare_bal_acc=0.570658 search_recall_at_1=0.250490 search_recall_at_5=0.426471 search_recall_at_10=0.513725 search_map=0.134411 best=0 viz={'pca': '/home/u2023312335/project/learn/PigeonVision/outputs/features/embeddings/pca_epoch_027.png', 'umap': '/home/u2023312335/project/learn/PigeonVision/outputs/features/embeddings/umap_epoch_027.png'}
2026-05-25 10:40:16,340 INFO epoch=28 train_loss=1.018675 val_loss=9.503230 probe_recall_at_1=0.186851 lr=0.00022851 compare_acc=0.569241 compare_bal_acc=0.569241 search_recall_at_1=0.254412 search_recall_at_5=0.426471 search_recall_at_10=0.506373 search_map=0.136253 best=0 viz={'pca': '/home/u2023312335/project/learn/PigeonVision/outputs/features/embeddings/pca_epoch_028.png', 'umap': '/home/u2023312335/project/learn/PigeonVision/outputs/features/embeddings/umap_epoch_028.png'}
2026-05-25 10:40:40,757 INFO epoch=29 train_loss=1.017444 val_loss=9.570251 probe_recall_at_1=0.179931 lr=0.00022323 compare_acc=0.573390 compare_bal_acc=0.573390 search_recall_at_1=0.248529 search_recall_at_5=0.419608 search_recall_at_10=0.505882 search_map=0.130647 best=0 viz={'pca': '/home/u2023312335/project/learn/PigeonVision/outputs/features/embeddings/pca_epoch_029.png', 'umap': '/home/u2023312335/project/learn/PigeonVision/outputs/features/embeddings/umap_epoch_029.png'}
2026-05-25 10:41:05,705 INFO epoch=30 train_loss=0.949887 val_loss=9.401721 probe_recall_at_1=0.169550 lr=0.00021783 compare_acc=0.571855 compare_bal_acc=0.571855 search_recall_at_1=0.246078 search_recall_at_5=0.422549 search_recall_at_10=0.502451 search_map=0.136040 best=0 viz={'pca': '/home/u2023312335/project/learn/PigeonVision/outputs/features/embeddings/pca_epoch_030.png', 'umap': '/home/u2023312335/project/learn/PigeonVision/outputs/features/embeddings/umap_epoch_030.png'}
2026-05-25 10:41:29,197 INFO epoch=31 train_loss=0.935389 val_loss=9.437949 probe_recall_at_1=0.186851 lr=0.00021231 compare_acc=0.574300 compare_bal_acc=0.574300 search_recall_at_1=0.265196 search_recall_at_5=0.434314 search_recall_at_10=0.518627 search_map=0.142403 best=1 viz={'pca': '/home/u2023312335/project/learn/PigeonVision/outputs/features/embeddings/pca_epoch_031.png', 'umap': '/home/u2023312335/project/learn/PigeonVision/outputs/features/embeddings/umap_epoch_031.png'}
2026-05-25 10:41:52,654 INFO epoch=32 train_loss=0.920778 val_loss=9.538960 probe_recall_at_1=0.176471 lr=0.00020670 compare_acc=0.567791 compare_bal_acc=0.567791 search_recall_at_1=0.249020 search_recall_at_5=0.409804 search_recall_at_10=0.495588 search_map=0.133780 best=0 viz={'pca': '/home/u2023312335/project/learn/PigeonVision/outputs/features/embeddings/pca_epoch_032.png', 'umap': '/home/u2023312335/project/learn/PigeonVision/outputs/features/embeddings/umap_epoch_032.png'}
2026-05-25 10:42:17,075 INFO epoch=33 train_loss=0.921919 val_loss=9.321347 probe_recall_at_1=0.183391 lr=0.00020098 compare_acc=0.569157 compare_bal_acc=0.569157 search_recall_at_1=0.246078 search_recall_at_5=0.414706 search_recall_at_10=0.508824 search_map=0.138589 best=0 viz={'pca': '/home/u2023312335/project/learn/PigeonVision/outputs/features/embeddings/pca_epoch_033.png', 'umap': '/home/u2023312335/project/learn/PigeonVision/outputs/features/embeddings/umap_epoch_033.png'}
2026-05-25 10:42:40,357 INFO epoch=34 train_loss=0.898644 val_loss=9.401589 probe_recall_at_1=0.173010 lr=0.00019519 compare_acc=0.571551 compare_bal_acc=0.571551 search_recall_at_1=0.238725 search_recall_at_5=0.420098 search_recall_at_10=0.512745 search_map=0.134756 best=0 viz={'pca': '/home/u2023312335/project/learn/PigeonVision/outputs/features/embeddings/pca_epoch_034.png', 'umap': '/home/u2023312335/project/learn/PigeonVision/outputs/features/embeddings/umap_epoch_034.png'}
2026-05-25 10:43:03,922 INFO epoch=35 train_loss=0.852496 val_loss=9.443454 probe_recall_at_1=0.162630 lr=0.00018932 compare_acc=0.565363 compare_bal_acc=0.565363 search_recall_at_1=0.250490 search_recall_at_5=0.421569 search_recall_at_10=0.508824 search_map=0.135776 best=0 viz={'pca': '/home/u2023312335/project/learn/PigeonVision/outputs/features/embeddings/pca_epoch_035.png', 'umap': '/home/u2023312335/project/learn/PigeonVision/outputs/features/embeddings/umap_epoch_035.png'}
2026-05-25 10:43:27,128 INFO epoch=36 train_loss=0.886415 val_loss=9.459793 probe_recall_at_1=0.176471 lr=0.00018338 compare_acc=0.573558 compare_bal_acc=0.573558 search_recall_at_1=0.257353 search_recall_at_5=0.403922 search_recall_at_10=0.492157 search_map=0.138261 best=0 viz={'pca': '/home/u2023312335/project/learn/PigeonVision/outputs/features/embeddings/pca_epoch_036.png', 'umap': '/home/u2023312335/project/learn/PigeonVision/outputs/features/embeddings/umap_epoch_036.png'}
2026-05-25 10:43:51,005 INFO epoch=37 train_loss=0.892863 val_loss=9.335646 probe_recall_at_1=0.186851 lr=0.00017739 compare_acc=0.571906 compare_bal_acc=0.571906 search_recall_at_1=0.248039 search_recall_at_5=0.417647 search_recall_at_10=0.502941 search_map=0.142847 best=0 viz={'pca': '/home/u2023312335/project/learn/PigeonVision/outputs/features/embeddings/pca_epoch_037.png', 'umap': '/home/u2023312335/project/learn/PigeonVision/outputs/features/embeddings/umap_epoch_037.png'}
2026-05-25 10:44:15,669 INFO epoch=38 train_loss=0.875397 val_loss=9.298417 probe_recall_at_1=0.176471 lr=0.00017135 compare_acc=0.577740 compare_bal_acc=0.577740 search_recall_at_1=0.255392 search_recall_at_5=0.415196 search_recall_at_10=0.500000 search_map=0.136166 best=0 viz={'pca': '/home/u2023312335/project/learn/PigeonVision/outputs/features/embeddings/pca_epoch_038.png', 'umap': '/home/u2023312335/project/learn/PigeonVision/outputs/features/embeddings/umap_epoch_038.png'}
2026-05-25 10:44:39,558 INFO epoch=39 train_loss=0.838550 val_loss=9.310299 probe_recall_at_1=0.169550 lr=0.00016527 compare_acc=0.572462 compare_bal_acc=0.572462 search_recall_at_1=0.242647 search_recall_at_5=0.426961 search_recall_at_10=0.517157 search_map=0.142106 best=0 viz={'pca': '/home/u2023312335/project/learn/PigeonVision/outputs/features/embeddings/pca_epoch_039.png', 'umap': '/home/u2023312335/project/learn/PigeonVision/outputs/features/embeddings/umap_epoch_039.png'}
2026-05-25 10:45:03,156 INFO epoch=40 train_loss=0.862851 val_loss=9.253387 probe_recall_at_1=0.190311 lr=0.00015917 compare_acc=0.574519 compare_bal_acc=0.574519 search_recall_at_1=0.255392 search_recall_at_5=0.422059 search_recall_at_10=0.512745 search_map=0.139964 best=0 viz={'pca': '/home/u2023312335/project/learn/PigeonVision/outputs/features/embeddings/pca_epoch_040.png', 'umap': '/home/u2023312335/project/learn/PigeonVision/outputs/features/embeddings/umap_epoch_040.png'}
2026-05-25 10:45:27,918 INFO epoch=41 train_loss=0.790557 val_loss=9.278228 probe_recall_at_1=0.173010 lr=0.00015306 compare_acc=0.575683 compare_bal_acc=0.575683 search_recall_at_1=0.255392 search_recall_at_5=0.438725 search_recall_at_10=0.513235 search_map=0.144872 best=0 viz={'pca': '/home/u2023312335/project/learn/PigeonVision/outputs/features/embeddings/pca_epoch_041.png', 'umap': '/home/u2023312335/project/learn/PigeonVision/outputs/features/embeddings/umap_epoch_041.png'}
2026-05-25 10:45:27,918 INFO early stopping triggered at epoch=41 best_epoch=31 best_metric=0.265196 patience=10 no_improve_epochs=10
2026-05-25 10:45:31,986 INFO training finished actual_epochs=41 final_val_loss=9.278228 best_epoch=31 best_metric=0.265196 no_improve_epochs=10 probe_recall_at_1=0.186851 compare_balanced_accuracy=0.574300 search_recall_at_1=0.265196 search_recall_at_5=0.434314 search_recall_at_10=0.518627 search_map=0.142403 checkpoint=/home/u2023312335/project/learn/PigeonVision/checkpoints/siamese/best.pt
2026-05-25 13:00:35,024 INFO device=cuda train_rows=7196 val_rows=2526 blood_ids=1666 blood_names=486 epochs=5 batch_size=64 lr=0.0003 backbone=resnet34 margin=0.3 warmup_epochs=3 smoke_gate_epoch=5 patience=10
2026-05-25 13:00:54,155 INFO epoch=1 train_loss=0.481853 val_loss=0.432225 d_pos=1.292461 d_neg=1.202025 probe_recall_at_1=0.052830 lr=0.00001000 search_recall_at_1=0.095634 search_recall_at_5=0.212890 search_recall_at_10=0.297297 search_map=0.042592 compare_bal_acc=0.538915 best=1
2026-05-25 13:01:12,303 INFO epoch=2 train_loss=0.453611 val_loss=0.435401 d_pos=1.141685 d_neg=1.068873 probe_recall_at_1=0.120755 lr=0.00015500 search_recall_at_1=0.138877 search_recall_at_5=0.281081 search_recall_at_10=0.373805 search_map=0.065249 compare_bal_acc=0.543962 best=1
2026-05-25 13:01:30,843 INFO epoch=3 train_loss=0.474519 val_loss=0.491226 d_pos=1.149877 d_neg=1.003047 probe_recall_at_1=0.116981 lr=0.00030000 search_recall_at_1=0.165489 search_recall_at_5=0.318503 search_recall_at_10=0.406237 search_map=0.080252 compare_bal_acc=0.554736 best=1
2026-05-25 13:01:49,034 INFO epoch=4 train_loss=0.421449 val_loss=0.447704 d_pos=1.183849 d_neg=1.091479 probe_recall_at_1=0.143396 lr=0.00015000 search_recall_at_1=0.183368 search_recall_at_5=0.344283 search_recall_at_10=0.437838 search_map=0.096890 compare_bal_acc=0.550427 best=1
2026-05-25 13:02:07,610 INFO epoch=5 train_loss=0.380956 val_loss=0.446212 d_pos=1.193410 d_neg=1.109440 probe_recall_at_1=0.154717 lr=0.00000000 search_recall_at_1=0.187110 search_recall_at_5=0.350936 search_recall_at_10=0.441996 search_map=0.099403 compare_bal_acc=0.552336 best=1
2026-05-25 13:02:07,611 INFO smoke gate check at epoch=5 probe_recall_at_1=0.154717 threshold=0.020000 rising=True
2026-05-25 13:02:12,664 INFO training finished actual_epochs=5 final_val_loss=0.446212 best_epoch=5 best_metric=0.187110 no_improve_epochs=0 probe_recall_at_1=0.154717 compare_balanced_accuracy=0.552336 search_recall_at_1=0.187110 search_recall_at_5=0.350936 search_recall_at_10=0.441996 search_map=0.099403 checkpoint=/home/u2023312335/project/learn/PigeonVision/checkpoints/siamese/best.pt
2026-05-25 13:02:48,708 INFO device=cuda train_rows=7196 val_rows=2526 blood_ids=1666 blood_names=486 epochs=80 batch_size=64 lr=0.0003 backbone=resnet34 margin=0.3 warmup_epochs=3 smoke_gate_epoch=5 patience=10
2026-05-25 13:03:07,519 INFO epoch=1 train_loss=0.483873 val_loss=0.431989 d_pos=1.293685 d_neg=1.203971 probe_recall_at_1=0.071698 lr=0.00001000 search_recall_at_1=0.091060 search_recall_at_5=0.221206 search_recall_at_10=0.309356 search_map=0.042670 compare_bal_acc=0.539812 best=1
2026-05-25 13:03:28,037 INFO epoch=2 train_loss=0.452940 val_loss=0.428590 d_pos=1.156117 d_neg=1.092135 probe_recall_at_1=0.113208 lr=0.00015500 search_recall_at_1=0.139293 search_recall_at_5=0.290644 search_recall_at_10=0.369647 search_map=0.064442 compare_bal_acc=0.540680 best=1
2026-05-25 13:03:45,800 INFO epoch=3 train_loss=0.469073 val_loss=0.501045 d_pos=1.121136 d_neg=0.960419 probe_recall_at_1=0.150943 lr=0.00030000 search_recall_at_1=0.148857 search_recall_at_5=0.298960 search_recall_at_10=0.390437 search_map=0.065623 compare_bal_acc=0.542039 best=1
2026-05-25 13:04:04,421 INFO epoch=4 train_loss=0.459558 val_loss=0.468997 d_pos=1.089997 d_neg=0.967365 probe_recall_at_1=0.147170 lr=0.00029988 search_recall_at_1=0.170894 search_recall_at_5=0.324740 search_recall_at_10=0.412474 search_map=0.078449 compare_bal_acc=0.545828 best=1
2026-05-25 13:04:23,010 INFO epoch=5 train_loss=0.424226 val_loss=0.484476 d_pos=1.127726 d_neg=1.000124 probe_recall_at_1=0.181132 lr=0.00029950 search_recall_at_1=0.194179 search_recall_at_5=0.350936 search_recall_at_10=0.432848 search_map=0.091447 compare_bal_acc=0.554346 best=1
2026-05-25 13:04:23,010 INFO smoke gate check at epoch=5 probe_recall_at_1=0.181132 threshold=0.020000 rising=False
2026-05-25 13:04:41,741 INFO epoch=6 train_loss=0.392435 val_loss=0.469584 d_pos=1.118663 d_neg=1.003792 probe_recall_at_1=0.166038 lr=0.00029888 search_recall_at_1=0.195842 search_recall_at_5=0.380873 search_recall_at_10=0.463617 search_map=0.105266 compare_bal_acc=0.558395 best=1
2026-05-25 13:04:59,508 INFO epoch=7 train_loss=0.370931 val_loss=0.466587 d_pos=1.118751 d_neg=1.002206 probe_recall_at_1=0.184906 lr=0.00029801 search_recall_at_1=0.205821 search_recall_at_5=0.375052 search_recall_at_10=0.453638 search_map=0.103550 compare_bal_acc=0.554201 best=1
2026-05-25 13:05:18,275 INFO epoch=8 train_loss=0.346981 val_loss=0.453754 d_pos=1.124907 d_neg=1.027850 probe_recall_at_1=0.200000 lr=0.00029689 search_recall_at_1=0.207069 search_recall_at_5=0.390021 search_recall_at_10=0.466528 search_map=0.108435 compare_bal_acc=0.555907 best=1
2026-05-25 13:05:36,307 INFO epoch=9 train_loss=0.339352 val_loss=0.434904 d_pos=1.084745 d_neg=1.009342 probe_recall_at_1=0.192453 lr=0.00029553 search_recall_at_1=0.212890 search_recall_at_5=0.378794 search_recall_at_10=0.471518 search_map=0.111442 compare_bal_acc=0.556717 best=1
2026-05-25 13:05:52,631 INFO epoch=10 train_loss=0.322612 val_loss=0.439629 d_pos=1.110642 d_neg=1.025272 probe_recall_at_1=0.177358 lr=0.00029392 search_recall_at_1=0.208316 search_recall_at_5=0.383368 search_recall_at_10=0.471933 search_map=0.109491 compare_bal_acc=0.561764 best=0
2026-05-25 13:06:09,584 INFO epoch=11 train_loss=0.295516 val_loss=0.435877 d_pos=1.090253 d_neg=1.015966 probe_recall_at_1=0.158491 lr=0.00029208 search_recall_at_1=0.202911 search_recall_at_5=0.379210 search_recall_at_10=0.464449 search_map=0.112551 compare_bal_acc=0.561649 best=0
2026-05-25 13:06:27,629 INFO epoch=12 train_loss=0.286892 val_loss=0.433541 d_pos=1.107503 d_neg=1.040875 probe_recall_at_1=0.196226 lr=0.00029000 search_recall_at_1=0.225364 search_recall_at_5=0.388358 search_recall_at_10=0.465696 search_map=0.118684 compare_bal_acc=0.559928 best=1
2026-05-25 13:06:44,567 INFO epoch=13 train_loss=0.281795 val_loss=0.428966 d_pos=1.082918 d_neg=1.031071 probe_recall_at_1=0.177358 lr=0.00028769 search_recall_at_1=0.205821 search_recall_at_5=0.387110 search_recall_at_10=0.470686 search_map=0.110483 compare_bal_acc=0.560839 best=0
2026-05-25 13:07:01,668 INFO epoch=14 train_loss=0.274436 val_loss=0.399498 d_pos=1.092616 d_neg=1.054028 probe_recall_at_1=0.207547 lr=0.00028515 search_recall_at_1=0.221622 search_recall_at_5=0.388773 search_recall_at_10=0.475260 search_map=0.111055 compare_bal_acc=0.561200 best=0
2026-05-25 13:07:20,084 INFO epoch=15 train_loss=0.271251 val_loss=0.426527 d_pos=1.134910 d_neg=1.073186 probe_recall_at_1=0.196226 lr=0.00028238 search_recall_at_1=0.209563 search_recall_at_5=0.375468 search_recall_at_10=0.457380 search_map=0.111166 compare_bal_acc=0.562777 best=0
2026-05-25 13:07:38,340 INFO epoch=16 train_loss=0.266487 val_loss=0.397360 d_pos=1.090364 d_neg=1.067585 probe_recall_at_1=0.196226 lr=0.00027939 search_recall_at_1=0.206653 search_recall_at_5=0.390437 search_recall_at_10=0.481497 search_map=0.112860 compare_bal_acc=0.559074 best=0
2026-05-25 13:07:57,263 INFO epoch=17 train_loss=0.246877 val_loss=0.433397 d_pos=1.114230 d_neg=1.057251 probe_recall_at_1=0.177358 lr=0.00027619 search_recall_at_1=0.217464 search_recall_at_5=0.389605 search_recall_at_10=0.472349 search_map=0.115926 compare_bal_acc=0.556978 best=0
2026-05-25 13:08:16,442 INFO epoch=18 train_loss=0.252987 val_loss=0.409018 d_pos=1.110565 d_neg=1.076608 probe_recall_at_1=0.169811 lr=0.00027278 search_recall_at_1=0.222869 search_recall_at_5=0.392100 search_recall_at_10=0.475260 search_map=0.119207 compare_bal_acc=0.559479 best=0
2026-05-25 13:08:34,679 INFO epoch=19 train_loss=0.242746 val_loss=0.414358 d_pos=1.103699 d_neg=1.060934 probe_recall_at_1=0.181132 lr=0.00026916 search_recall_at_1=0.224948 search_recall_at_5=0.389605 search_recall_at_10=0.468191 search_map=0.123914 compare_bal_acc=0.560477 best=0
2026-05-25 13:08:54,310 INFO epoch=20 train_loss=0.238928 val_loss=0.410929 d_pos=1.105325 d_neg=1.061582 probe_recall_at_1=0.196226 lr=0.00026534 search_recall_at_1=0.216632 search_recall_at_5=0.403742 search_recall_at_10=0.490644 search_map=0.118615 compare_bal_acc=0.564657 best=0
2026-05-25 13:09:11,501 INFO epoch=21 train_loss=0.239229 val_loss=0.405482 d_pos=1.106354 d_neg=1.061750 probe_recall_at_1=0.211321 lr=0.00026134 search_recall_at_1=0.222869 search_recall_at_5=0.402079 search_recall_at_10=0.485239 search_map=0.123510 compare_bal_acc=0.564020 best=0
2026-05-25 13:09:31,833 INFO epoch=22 train_loss=0.227780 val_loss=0.393157 d_pos=1.101161 d_neg=1.077724 probe_recall_at_1=0.226415 lr=0.00025714 search_recall_at_1=0.229106 search_recall_at_5=0.392100 search_recall_at_10=0.486486 search_map=0.125896 compare_bal_acc=0.561388 best=1
2026-05-25 13:09:50,160 INFO epoch=23 train_loss=0.219268 val_loss=0.397816 d_pos=1.089657 d_neg=1.061112 probe_recall_at_1=0.226415 lr=0.00025277 search_recall_at_1=0.230769 search_recall_at_5=0.397921 search_recall_at_10=0.479002 search_map=0.130539 compare_bal_acc=0.566768 best=1
2026-05-25 13:10:10,265 INFO epoch=24 train_loss=0.215789 val_loss=0.386295 d_pos=1.066142 d_neg=1.058446 probe_recall_at_1=0.230189 lr=0.00024823 search_recall_at_1=0.234096 search_recall_at_5=0.411642 search_recall_at_10=0.493139 search_map=0.135703 compare_bal_acc=0.564555 best=1
2026-05-25 13:10:29,476 INFO epoch=25 train_loss=0.215654 val_loss=0.403042 d_pos=1.098370 d_neg=1.066679 probe_recall_at_1=0.215094 lr=0.00024352 search_recall_at_1=0.213306 search_recall_at_5=0.389605 search_recall_at_10=0.474844 search_map=0.124972 compare_bal_acc=0.564816 best=0
2026-05-25 13:10:50,263 INFO epoch=26 train_loss=0.216639 val_loss=0.381704 d_pos=1.095629 d_neg=1.083760 probe_recall_at_1=0.215094 lr=0.00023866 search_recall_at_1=0.227859 search_recall_at_5=0.399584 search_recall_at_10=0.491060 search_map=0.127386 compare_bal_acc=0.567404 best=0
2026-05-25 13:11:08,905 INFO epoch=27 train_loss=0.201444 val_loss=0.385888 d_pos=1.102554 d_neg=1.092026 probe_recall_at_1=0.241509 lr=0.00023365 search_recall_at_1=0.225780 search_recall_at_5=0.400832 search_recall_at_10=0.474428 search_map=0.132154 compare_bal_acc=0.570615 best=0
2026-05-25 13:11:28,350 INFO epoch=28 train_loss=0.203196 val_loss=0.393943 d_pos=1.086253 d_neg=1.071001 probe_recall_at_1=0.207547 lr=0.00022851 search_recall_at_1=0.227443 search_recall_at_5=0.402911 search_recall_at_10=0.481913 search_map=0.128110 compare_bal_acc=0.568113 best=0
2026-05-25 13:11:48,384 INFO epoch=29 train_loss=0.201888 val_loss=0.391907 d_pos=1.067703 d_neg=1.062794 probe_recall_at_1=0.256604 lr=0.00022323 search_recall_at_1=0.243659 search_recall_at_5=0.418295 search_recall_at_10=0.498960 search_map=0.134758 compare_bal_acc=0.566479 best=1
2026-05-25 13:12:06,675 INFO epoch=30 train_loss=0.204053 val_loss=0.388574 d_pos=1.117928 d_neg=1.093230 probe_recall_at_1=0.200000 lr=0.00021783 search_recall_at_1=0.220790 search_recall_at_5=0.403742 search_recall_at_10=0.489397 search_map=0.129446 compare_bal_acc=0.562502 best=0
2026-05-25 13:12:23,901 INFO epoch=31 train_loss=0.196037 val_loss=0.390764 d_pos=1.106821 d_neg=1.088138 probe_recall_at_1=0.252830 lr=0.00021231 search_recall_at_1=0.227443 search_recall_at_5=0.397505 search_recall_at_10=0.490644 search_map=0.133210 compare_bal_acc=0.563832 best=0
2026-05-25 13:12:42,152 INFO epoch=32 train_loss=0.197858 val_loss=0.400532 d_pos=1.096445 d_neg=1.078689 probe_recall_at_1=0.237736 lr=0.00020670 search_recall_at_1=0.235343 search_recall_at_5=0.404574 search_recall_at_10=0.488565 search_map=0.128517 compare_bal_acc=0.562863 best=0
2026-05-25 13:13:01,816 INFO epoch=33 train_loss=0.191788 val_loss=0.397656 d_pos=1.121735 d_neg=1.088219 probe_recall_at_1=0.222642 lr=0.00020098 search_recall_at_1=0.229106 search_recall_at_5=0.400416 search_recall_at_10=0.488565 search_map=0.128890 compare_bal_acc=0.568098 best=0
2026-05-25 13:13:21,627 INFO epoch=34 train_loss=0.192291 val_loss=0.392608 d_pos=1.096079 d_neg=1.075053 probe_recall_at_1=0.207547 lr=0.00019519 search_recall_at_1=0.241996 search_recall_at_5=0.417048 search_recall_at_10=0.502703 search_map=0.135836 compare_bal_acc=0.566247 best=0
2026-05-25 13:13:39,488 INFO epoch=35 train_loss=0.196342 val_loss=0.385147 d_pos=1.104471 d_neg=1.098418 probe_recall_at_1=0.237736 lr=0.00018932 search_recall_at_1=0.239501 search_recall_at_5=0.415385 search_recall_at_10=0.499792 search_map=0.138357 compare_bal_acc=0.569414 best=0
2026-05-25 13:13:59,282 INFO epoch=36 train_loss=0.178435 val_loss=0.374910 d_pos=1.083947 d_neg=1.095163 probe_recall_at_1=0.245283 lr=0.00018338 search_recall_at_1=0.238254 search_recall_at_5=0.419127 search_recall_at_10=0.495218 search_map=0.136618 compare_bal_acc=0.566898 best=0
2026-05-25 13:14:18,321 INFO epoch=37 train_loss=0.187987 val_loss=0.363256 d_pos=1.074390 d_neg=1.095569 probe_recall_at_1=0.241509 lr=0.00017739 search_recall_at_1=0.227027 search_recall_at_5=0.404158 search_recall_at_10=0.491476 search_map=0.133517 compare_bal_acc=0.561779 best=0
2026-05-25 13:14:38,053 INFO epoch=38 train_loss=0.191530 val_loss=0.386228 d_pos=1.091623 d_neg=1.079394 probe_recall_at_1=0.222642 lr=0.00017135 search_recall_at_1=0.228690 search_recall_at_5=0.404990 search_recall_at_10=0.497297 search_map=0.131465 compare_bal_acc=0.568330 best=0
2026-05-25 13:14:57,781 INFO epoch=39 train_loss=0.184738 val_loss=0.412106 d_pos=1.118494 d_neg=1.078070 probe_recall_at_1=0.245283 lr=0.00016527 search_recall_at_1=0.238669 search_recall_at_5=0.408316 search_recall_at_10=0.491892 search_map=0.134768 compare_bal_acc=0.570687 best=0
2026-05-25 13:14:57,781 INFO early stopping triggered at epoch=39 best_epoch=29 best_metric=0.243659 patience=10 no_improve_epochs=10
2026-05-25 13:15:03,808 INFO training finished actual_epochs=39 final_val_loss=0.412106 best_epoch=29 best_metric=0.243659 no_improve_epochs=10 probe_recall_at_1=0.256604 compare_balanced_accuracy=0.566479 search_recall_at_1=0.243659 search_recall_at_5=0.418295 search_recall_at_10=0.498960 search_map=0.134758 checkpoint=/home/u2023312335/project/learn/PigeonVision/checkpoints/siamese/best.pt
2026-05-25 21:43:09,565 INFO device=cuda train_rows=7196 val_rows=2526 blood_ids=1666 blood_names=486 epochs=80 batch_size=64 lr=0.0003 backbone=resnet34 margin=0.3 warmup_epochs=3 smoke_gate_epoch=5 patience=10
2026-05-25 21:43:35,133 INFO epoch=1 train_loss=0.481908 val_loss=0.437613 d_pos=1.294915 d_neg=1.199144 probe_recall_at_1=0.060377 lr=0.00001000 search_recall_at_1=0.089813 search_recall_at_5=0.199584 search_recall_at_10=0.282744 search_map=0.041351 compare_bal_acc=0.537079 best=1
2026-05-25 21:43:59,003 INFO epoch=2 train_loss=0.455659 val_loss=0.434430 d_pos=1.166913 d_neg=1.097544 probe_recall_at_1=0.090566 lr=0.00015500 search_recall_at_1=0.136383 search_recall_at_5=0.283160 search_recall_at_10=0.366736 search_map=0.061998 compare_bal_acc=0.539740 best=1
2026-05-25 21:44:23,560 INFO epoch=3 train_loss=0.470132 val_loss=0.506383 d_pos=1.162793 d_neg=0.998097 probe_recall_at_1=0.124528 lr=0.00030000 search_recall_at_1=0.151351 search_recall_at_5=0.299376 search_recall_at_10=0.387942 search_map=0.071685 compare_bal_acc=0.546204 best=1
2026-05-25 21:44:44,901 INFO epoch=4 train_loss=0.457232 val_loss=0.468018 d_pos=1.121265 d_neg=1.000766 probe_recall_at_1=0.147170 lr=0.00029988 search_recall_at_1=0.175468 search_recall_at_5=0.348857 search_recall_at_10=0.441996 search_map=0.089873 compare_bal_acc=0.549313 best=1
2026-05-25 21:45:04,499 INFO epoch=5 train_loss=0.422163 val_loss=0.475795 d_pos=1.136327 d_neg=1.014609 probe_recall_at_1=0.147170 lr=0.00029950 search_recall_at_1=0.182952 search_recall_at_5=0.340541 search_recall_at_10=0.423701 search_map=0.089053 compare_bal_acc=0.554317 best=1
2026-05-25 21:45:04,499 INFO smoke gate check at epoch=5 probe_recall_at_1=0.147170 threshold=0.020000 rising=False
2026-05-25 21:45:24,711 INFO epoch=6 train_loss=0.391231 val_loss=0.462530 d_pos=1.152039 d_neg=1.042929 probe_recall_at_1=0.147170 lr=0.00029888 search_recall_at_1=0.194595 search_recall_at_5=0.360915 search_recall_at_10=0.451975 search_map=0.094494 compare_bal_acc=0.553897 best=1
2026-05-25 21:45:46,329 INFO epoch=7 train_loss=0.376451 val_loss=0.486863 d_pos=1.136410 d_neg=0.996160 probe_recall_at_1=0.120755 lr=0.00029801 search_recall_at_1=0.198337 search_recall_at_5=0.355925 search_recall_at_10=0.444075 search_map=0.095850 compare_bal_acc=0.555893 best=1
2026-05-25 21:46:07,279 INFO epoch=8 train_loss=0.343914 val_loss=0.476434 d_pos=1.133521 d_neg=1.015047 probe_recall_at_1=0.143396 lr=0.00029689 search_recall_at_1=0.213306 search_recall_at_5=0.386694 search_recall_at_10=0.463617 search_map=0.106897 compare_bal_acc=0.557310 best=1
2026-05-25 21:46:28,542 INFO epoch=9 train_loss=0.342891 val_loss=0.434734 d_pos=1.103976 d_neg=1.033839 probe_recall_at_1=0.143396 lr=0.00029553 search_recall_at_1=0.195426 search_recall_at_5=0.365904 search_recall_at_10=0.453638 search_map=0.098126 compare_bal_acc=0.563196 best=0
2026-05-25 21:46:50,331 INFO epoch=10 train_loss=0.324855 val_loss=0.443255 d_pos=1.116867 d_neg=1.028612 probe_recall_at_1=0.181132 lr=0.00029392 search_recall_at_1=0.201247 search_recall_at_5=0.371726 search_recall_at_10=0.450728 search_map=0.104659 compare_bal_acc=0.559089 best=0
2026-05-25 21:47:10,685 INFO epoch=11 train_loss=0.301487 val_loss=0.440725 d_pos=1.112181 d_neg=1.031420 probe_recall_at_1=0.203774 lr=0.00029208 search_recall_at_1=0.217879 search_recall_at_5=0.372557 search_recall_at_10=0.464033 search_map=0.110399 compare_bal_acc=0.555170 best=1
2026-05-25 21:47:32,375 INFO epoch=12 train_loss=0.287878 val_loss=0.442712 d_pos=1.125746 d_neg=1.051006 probe_recall_at_1=0.158491 lr=0.00029000 search_recall_at_1=0.211227 search_recall_at_5=0.377547 search_recall_at_10=0.464033 search_map=0.109993 compare_bal_acc=0.556385 best=0
2026-05-25 21:47:53,676 INFO epoch=13 train_loss=0.285826 val_loss=0.431998 d_pos=1.081774 d_neg=1.023165 probe_recall_at_1=0.181132 lr=0.00028769 search_recall_at_1=0.213721 search_recall_at_5=0.386279 search_recall_at_10=0.463202 search_map=0.108069 compare_bal_acc=0.558901 best=0
2026-05-25 21:48:14,312 INFO epoch=14 train_loss=0.275622 val_loss=0.416081 d_pos=1.098536 d_neg=1.045996 probe_recall_at_1=0.184906 lr=0.00028515 search_recall_at_1=0.211642 search_recall_at_5=0.393347 search_recall_at_10=0.471933 search_map=0.112616 compare_bal_acc=0.562039 best=0
2026-05-25 21:48:34,522 INFO epoch=15 train_loss=0.271773 val_loss=0.430553 d_pos=1.129951 d_neg=1.060214 probe_recall_at_1=0.150943 lr=0.00028238 search_recall_at_1=0.217048 search_recall_at_5=0.388358 search_recall_at_10=0.483992 search_map=0.115755 compare_bal_acc=0.557585 best=0
2026-05-25 21:48:55,998 INFO epoch=16 train_loss=0.269271 val_loss=0.416169 d_pos=1.073965 d_neg=1.024474 probe_recall_at_1=0.200000 lr=0.00027939 search_recall_at_1=0.200000 search_recall_at_5=0.376299 search_recall_at_10=0.482328 search_map=0.108937 compare_bal_acc=0.562863 best=0
2026-05-25 21:49:15,216 INFO epoch=17 train_loss=0.246936 val_loss=0.437586 d_pos=1.109373 d_neg=1.044555 probe_recall_at_1=0.200000 lr=0.00027619 search_recall_at_1=0.217879 search_recall_at_5=0.390852 search_recall_at_10=0.482744 search_map=0.116434 compare_bal_acc=0.560202 best=0
2026-05-25 21:49:37,675 INFO epoch=18 train_loss=0.247927 val_loss=0.411187 d_pos=1.089995 d_neg=1.054679 probe_recall_at_1=0.211321 lr=0.00027278 search_recall_at_1=0.226195 search_recall_at_5=0.404990 search_recall_at_10=0.488150 search_map=0.119045 compare_bal_acc=0.564599 best=1
2026-05-25 21:49:58,847 INFO epoch=19 train_loss=0.244653 val_loss=0.410722 d_pos=1.118242 d_neg=1.076878 probe_recall_at_1=0.218868 lr=0.00026916 search_recall_at_1=0.225364 search_recall_at_5=0.397089 search_recall_at_10=0.495634 search_map=0.120830 compare_bal_acc=0.562993 best=0
2026-05-25 21:50:21,179 INFO epoch=20 train_loss=0.235831 val_loss=0.410904 d_pos=1.106606 d_neg=1.064826 probe_recall_at_1=0.188679 lr=0.00026534 search_recall_at_1=0.220374 search_recall_at_5=0.391268 search_recall_at_10=0.474428 search_map=0.115432 compare_bal_acc=0.562777 best=0
2026-05-25 21:50:43,186 INFO epoch=21 train_loss=0.240556 val_loss=0.404987 d_pos=1.115449 d_neg=1.072812 probe_recall_at_1=0.218868 lr=0.00026134 search_recall_at_1=0.212474 search_recall_at_5=0.397089 search_recall_at_10=0.481497 search_map=0.119556 compare_bal_acc=0.562704 best=0
2026-05-25 21:51:04,335 INFO epoch=22 train_loss=0.229971 val_loss=0.397378 d_pos=1.111567 d_neg=1.086079 probe_recall_at_1=0.203774 lr=0.00025714 search_recall_at_1=0.214969 search_recall_at_5=0.412474 search_recall_at_10=0.492723 search_map=0.124864 compare_bal_acc=0.561663 best=0
2026-05-25 21:51:25,898 INFO epoch=23 train_loss=0.222368 val_loss=0.402856 d_pos=1.100962 d_neg=1.071135 probe_recall_at_1=0.207547 lr=0.00025277 search_recall_at_1=0.214553 search_recall_at_5=0.403326 search_recall_at_10=0.482744 search_map=0.121313 compare_bal_acc=0.560550 best=0
2026-05-25 21:51:44,952 INFO epoch=24 train_loss=0.216199 val_loss=0.400812 d_pos=1.095645 d_neg=1.075536 probe_recall_at_1=0.203774 lr=0.00024823 search_recall_at_1=0.227027 search_recall_at_5=0.396258 search_recall_at_10=0.477755 search_map=0.120758 compare_bal_acc=0.561287 best=1
2026-05-25 21:52:04,673 INFO epoch=25 train_loss=0.216454 val_loss=0.400425 d_pos=1.095254 d_neg=1.066590 probe_recall_at_1=0.211321 lr=0.00024352 search_recall_at_1=0.236590 search_recall_at_5=0.417879 search_recall_at_10=0.490644 search_map=0.129743 compare_bal_acc=0.566623 best=1
2026-05-25 21:52:26,187 INFO epoch=26 train_loss=0.219458 val_loss=0.401113 d_pos=1.098057 d_neg=1.070169 probe_recall_at_1=0.207547 lr=0.00023866 search_recall_at_1=0.227027 search_recall_at_5=0.403326 search_recall_at_10=0.495634 search_map=0.125614 compare_bal_acc=0.564338 best=0
2026-05-25 21:52:46,333 INFO epoch=27 train_loss=0.202421 val_loss=0.383973 d_pos=1.086720 d_neg=1.074762 probe_recall_at_1=0.188679 lr=0.00023365 search_recall_at_1=0.223701 search_recall_at_5=0.389189 search_recall_at_10=0.473597 search_map=0.124488 compare_bal_acc=0.564685 best=0
2026-05-25 21:53:06,656 INFO epoch=28 train_loss=0.202698 val_loss=0.388363 d_pos=1.087491 d_neg=1.076717 probe_recall_at_1=0.230189 lr=0.00022851 search_recall_at_1=0.236590 search_recall_at_5=0.410811 search_recall_at_10=0.484823 search_map=0.126255 compare_bal_acc=0.566811 best=0
2026-05-25 21:53:28,228 INFO epoch=29 train_loss=0.202874 val_loss=0.394833 d_pos=1.081865 d_neg=1.074346 probe_recall_at_1=0.192453 lr=0.00022323 search_recall_at_1=0.231601 search_recall_at_5=0.408732 search_recall_at_10=0.491060 search_map=0.125733 compare_bal_acc=0.563124 best=0
2026-05-25 21:53:49,312 INFO epoch=30 train_loss=0.205809 val_loss=0.406320 d_pos=1.111952 d_neg=1.070940 probe_recall_at_1=0.207547 lr=0.00021783 search_recall_at_1=0.226611 search_recall_at_5=0.403326 search_recall_at_10=0.488565 search_map=0.126002 compare_bal_acc=0.566638 best=0
2026-05-25 21:54:10,147 INFO epoch=31 train_loss=0.196540 val_loss=0.401023 d_pos=1.106555 d_neg=1.076673 probe_recall_at_1=0.196226 lr=0.00021231 search_recall_at_1=0.230353 search_recall_at_5=0.405821 search_recall_at_10=0.488565 search_map=0.124652 compare_bal_acc=0.564006 best=0
2026-05-25 21:54:31,490 INFO epoch=32 train_loss=0.197518 val_loss=0.390862 d_pos=1.090867 d_neg=1.080277 probe_recall_at_1=0.203774 lr=0.00020670 search_recall_at_1=0.240748 search_recall_at_5=0.414969 search_recall_at_10=0.492308 search_map=0.130912 compare_bal_acc=0.566305 best=1
2026-05-25 21:54:49,560 INFO epoch=33 train_loss=0.190173 val_loss=0.389641 d_pos=1.107490 d_neg=1.086794 probe_recall_at_1=0.230189 lr=0.00020098 search_recall_at_1=0.241164 search_recall_at_5=0.408732 search_recall_at_10=0.487318 search_map=0.134545 compare_bal_acc=0.567361 best=1
2026-05-25 21:55:09,733 INFO epoch=34 train_loss=0.190982 val_loss=0.381666 d_pos=1.089229 d_neg=1.084832 probe_recall_at_1=0.222642 lr=0.00019519 search_recall_at_1=0.240333 search_recall_at_5=0.412058 search_recall_at_10=0.497297 search_map=0.135649 compare_bal_acc=0.571092 best=0
2026-05-25 21:55:29,264 INFO epoch=35 train_loss=0.196161 val_loss=0.396463 d_pos=1.103996 d_neg=1.087742 probe_recall_at_1=0.200000 lr=0.00018932 search_recall_at_1=0.233680 search_recall_at_5=0.423701 search_recall_at_10=0.503119 search_map=0.135256 compare_bal_acc=0.574187 best=0
2026-05-25 21:55:48,425 INFO epoch=36 train_loss=0.181094 val_loss=0.372317 d_pos=1.079643 d_neg=1.093830 probe_recall_at_1=0.230189 lr=0.00018338 search_recall_at_1=0.233264 search_recall_at_5=0.424532 search_recall_at_10=0.508524 search_map=0.134286 compare_bal_acc=0.570470 best=0
2026-05-25 21:56:07,309 INFO epoch=37 train_loss=0.188030 val_loss=0.374872 d_pos=1.088833 d_neg=1.096071 probe_recall_at_1=0.200000 lr=0.00017739 search_recall_at_1=0.222869 search_recall_at_5=0.407069 search_recall_at_10=0.493555 search_map=0.129088 compare_bal_acc=0.567824 best=0
2026-05-25 21:56:27,740 INFO epoch=38 train_loss=0.192648 val_loss=0.388104 d_pos=1.088962 d_neg=1.073530 probe_recall_at_1=0.211321 lr=0.00017135 search_recall_at_1=0.219543 search_recall_at_5=0.402495 search_recall_at_10=0.487318 search_map=0.130614 compare_bal_acc=0.568518 best=0
2026-05-25 21:56:47,505 INFO epoch=39 train_loss=0.184331 val_loss=0.403027 d_pos=1.116456 d_neg=1.086745 probe_recall_at_1=0.233962 lr=0.00016527 search_recall_at_1=0.243659 search_recall_at_5=0.414553 search_recall_at_10=0.498545 search_map=0.135771 compare_bal_acc=0.571728 best=1
2026-05-25 21:57:08,920 INFO epoch=40 train_loss=0.182116 val_loss=0.378812 d_pos=1.095429 d_neg=1.090552 probe_recall_at_1=0.245283 lr=0.00015917 search_recall_at_1=0.246154 search_recall_at_5=0.417048 search_recall_at_10=0.496881 search_map=0.136821 compare_bal_acc=0.564931 best=1
2026-05-25 21:57:30,144 INFO epoch=41 train_loss=0.174417 val_loss=0.361972 d_pos=1.075496 d_neg=1.097065 probe_recall_at_1=0.218868 lr=0.00015306 search_recall_at_1=0.248233 search_recall_at_5=0.417879 search_recall_at_10=0.509356 search_map=0.143045 compare_bal_acc=0.570022 best=1
2026-05-25 21:57:49,088 INFO epoch=42 train_loss=0.181714 val_loss=0.378117 d_pos=1.096212 d_neg=1.097093 probe_recall_at_1=0.207547 lr=0.00014694 search_recall_at_1=0.239501 search_recall_at_5=0.416216 search_recall_at_10=0.498545 search_map=0.137083 compare_bal_acc=0.569819 best=0
2026-05-25 21:58:08,850 INFO epoch=43 train_loss=0.176356 val_loss=0.393090 d_pos=1.109864 d_neg=1.092398 probe_recall_at_1=0.252830 lr=0.00014083 search_recall_at_1=0.244075 search_recall_at_5=0.421206 search_recall_at_10=0.500624 search_map=0.138980 compare_bal_acc=0.568142 best=0
2026-05-25 21:58:26,867 INFO epoch=44 train_loss=0.177078 val_loss=0.361128 d_pos=1.074006 d_neg=1.105645 probe_recall_at_1=0.230189 lr=0.00013473 search_recall_at_1=0.242412 search_recall_at_5=0.415385 search_recall_at_10=0.501040 search_map=0.137937 compare_bal_acc=0.568662 best=0
2026-05-25 21:58:46,610 INFO epoch=45 train_loss=0.169179 val_loss=0.366228 d_pos=1.094005 d_neg=1.105394 probe_recall_at_1=0.252830 lr=0.00012865 search_recall_at_1=0.254886 search_recall_at_5=0.430769 search_recall_at_10=0.510187 search_map=0.142130 compare_bal_acc=0.571121 best=1
2026-05-25 21:59:07,428 INFO epoch=46 train_loss=0.173256 val_loss=0.362444 d_pos=1.097818 d_neg=1.106187 probe_recall_at_1=0.230189 lr=0.00012261 search_recall_at_1=0.251143 search_recall_at_5=0.425364 search_recall_at_10=0.502703 search_map=0.141738 compare_bal_acc=0.573362 best=0
2026-05-25 21:59:27,129 INFO epoch=47 train_loss=0.176024 val_loss=0.362940 d_pos=1.086179 d_neg=1.101513 probe_recall_at_1=0.241509 lr=0.00011662 search_recall_at_1=0.249064 search_recall_at_5=0.428274 search_recall_at_10=0.509771 search_map=0.139773 compare_bal_acc=0.571844 best=0
2026-05-25 21:59:47,413 INFO epoch=48 train_loss=0.173610 val_loss=0.368000 d_pos=1.077170 d_neg=1.098349 probe_recall_at_1=0.222642 lr=0.00011068 search_recall_at_1=0.244491 search_recall_at_5=0.422869 search_recall_at_10=0.502703 search_map=0.140305 compare_bal_acc=0.570195 best=0
2026-05-25 22:00:10,995 INFO epoch=49 train_loss=0.169112 val_loss=0.368217 d_pos=1.076818 d_neg=1.108977 probe_recall_at_1=0.218868 lr=0.00010481 search_recall_at_1=0.239085 search_recall_at_5=0.422037 search_recall_at_10=0.513514 search_map=0.141107 compare_bal_acc=0.571034 best=0
2026-05-25 22:00:29,598 INFO epoch=50 train_loss=0.167150 val_loss=0.368159 d_pos=1.093798 d_neg=1.110699 probe_recall_at_1=0.245283 lr=0.00009902 search_recall_at_1=0.244906 search_recall_at_5=0.419958 search_recall_at_10=0.505198 search_map=0.144488 compare_bal_acc=0.570369 best=0
2026-05-25 22:00:50,037 INFO epoch=51 train_loss=0.171326 val_loss=0.349758 d_pos=1.072446 d_neg=1.112561 probe_recall_at_1=0.211321 lr=0.00009330 search_recall_at_1=0.241996 search_recall_at_5=0.430353 search_recall_at_10=0.504366 search_map=0.140115 compare_bal_acc=0.572697 best=0
2026-05-25 22:01:30,885 INFO epoch=52 train_loss=0.162528 val_loss=0.370454 d_pos=1.097103 d_neg=1.102875 probe_recall_at_1=0.241509 lr=0.00008769 search_recall_at_1=0.243659 search_recall_at_5=0.423701 search_recall_at_10=0.505613 search_map=0.145107 compare_bal_acc=0.574765 best=0
2026-05-25 22:02:10,939 INFO epoch=53 train_loss=0.159659 val_loss=0.370491 d_pos=1.096905 d_neg=1.104534 probe_recall_at_1=0.233962 lr=0.00008217 search_recall_at_1=0.249480 search_recall_at_5=0.425364 search_recall_at_10=0.501455 search_map=0.144337 compare_bal_acc=0.573811 best=0
2026-05-25 22:02:32,524 INFO epoch=54 train_loss=0.165030 val_loss=0.333002 d_pos=1.044708 d_neg=1.123143 probe_recall_at_1=0.222642 lr=0.00007677 search_recall_at_1=0.253222 search_recall_at_5=0.421206 search_recall_at_10=0.496466 search_map=0.144402 compare_bal_acc=0.576370 best=0
2026-05-25 22:02:53,549 INFO epoch=55 train_loss=0.155995 val_loss=0.371380 d_pos=1.112602 d_neg=1.111170 probe_recall_at_1=0.222642 lr=0.00007149 search_recall_at_1=0.253222 search_recall_at_5=0.424116 search_recall_at_10=0.498129 search_map=0.147537 compare_bal_acc=0.573883 best=0
2026-05-25 22:02:53,549 INFO early stopping triggered at epoch=55 best_epoch=45 best_metric=0.254886 patience=10 no_improve_epochs=10
2026-05-25 22:02:59,127 INFO training finished actual_epochs=55 final_val_loss=0.371380 best_epoch=45 best_metric=0.254886 no_improve_epochs=10 probe_recall_at_1=0.252830 compare_balanced_accuracy=0.571121 search_recall_at_1=0.254886 search_recall_at_5=0.430769 search_recall_at_10=0.510187 search_map=0.142130 checkpoint=/home/u2023312335/project/learn/PigeonVision/checkpoints/siamese/best.pt
2026-05-31 19:52:32,480 INFO loaded multi-label map: 22043 images
2026-05-31 19:52:33,230 INFO device=cuda train_rows=7196 val_rows=2526 blood_ids=1666 blood_names=486 epochs=80 batch_size=64 lr=0.0003 backbone=resnet34 margin=0.3 warmup_epochs=3 smoke_gate_epoch=5 patience=10
2026-05-31 19:52:51,046 INFO epoch=1 train_loss=0.463182 val_loss=0.403617 d_pos=1.186837 d_neg=1.201690 probe_recall_at_1=0.075472 lr=0.00001000 search_recall_at_1=0.087734 search_recall_at_5=0.204574 search_recall_at_10=0.301040 search_map=0.044027 compare_bal_acc=0.539610 best=1
2026-05-31 19:53:07,281 INFO epoch=2 train_loss=0.414762 val_loss=0.415623 d_pos=1.069734 d_neg=1.080053 probe_recall_at_1=0.120755 lr=0.00015500 search_recall_at_1=0.145114 search_recall_at_5=0.303950 search_recall_at_10=0.391268 search_map=0.069834 compare_bal_acc=0.554100 best=1
2026-05-31 19:53:23,449 INFO epoch=3 train_loss=0.428578 val_loss=0.468390 d_pos=1.010647 d_neg=0.954443 probe_recall_at_1=0.124528 lr=0.00030000 search_recall_at_1=0.160083 search_recall_at_5=0.301455 search_recall_at_10=0.385031 search_map=0.071345 compare_bal_acc=0.540636 best=1
2026-05-31 19:53:39,194 INFO epoch=4 train_loss=0.413400 val_loss=0.444499 d_pos=1.004507 d_neg=0.979025 probe_recall_at_1=0.132075 lr=0.00029988 search_recall_at_1=0.174220 search_recall_at_5=0.308940 search_recall_at_10=0.399168 search_map=0.079531 compare_bal_acc=0.545466 best=1
2026-05-31 19:53:56,305 INFO epoch=5 train_loss=0.387791 val_loss=0.448711 d_pos=1.010888 d_neg=0.982214 probe_recall_at_1=0.150943 lr=0.00029950 search_recall_at_1=0.177131 search_recall_at_5=0.348025 search_recall_at_10=0.433680 search_map=0.086275 compare_bal_acc=0.555474 best=1
2026-05-31 19:53:56,305 INFO smoke gate check at epoch=5 probe_recall_at_1=0.150943 threshold=0.020000 rising=True
2026-05-31 19:54:12,905 INFO epoch=6 train_loss=0.343651 val_loss=0.451970 d_pos=0.984930 d_neg=0.952969 probe_recall_at_1=0.143396 lr=0.00029888 search_recall_at_1=0.182536 search_recall_at_5=0.337630 search_recall_at_10=0.414969 search_map=0.092453 compare_bal_acc=0.557050 best=1
2026-05-31 19:54:29,361 INFO epoch=7 train_loss=0.329711 val_loss=0.447468 d_pos=1.037409 d_neg=0.992326 probe_recall_at_1=0.154717 lr=0.00029801 search_recall_at_1=0.197089 search_recall_at_5=0.370894 search_recall_at_10=0.450312 search_map=0.097700 compare_bal_acc=0.554056 best=1
2026-05-31 19:54:45,328 INFO epoch=8 train_loss=0.300639 val_loss=0.434143 d_pos=1.011494 d_neg=0.998789 probe_recall_at_1=0.166038 lr=0.00029689 search_recall_at_1=0.210395 search_recall_at_5=0.367983 search_recall_at_10=0.446570 search_map=0.105412 compare_bal_acc=0.557209 best=1
2026-05-31 19:55:01,847 INFO epoch=9 train_loss=0.283843 val_loss=0.416202 d_pos=0.998236 d_neg=1.008568 probe_recall_at_1=0.173585 lr=0.00029553 search_recall_at_1=0.195426 search_recall_at_5=0.358004 search_recall_at_10=0.449480 search_map=0.105058 compare_bal_acc=0.563760 best=0
2026-05-31 19:55:18,021 INFO epoch=10 train_loss=0.278384 val_loss=0.424575 d_pos=0.961558 d_neg=0.943687 probe_recall_at_1=0.162264 lr=0.00029392 search_recall_at_1=0.185031 search_recall_at_5=0.365904 search_recall_at_10=0.447401 search_map=0.097831 compare_bal_acc=0.548402 best=0
2026-05-31 19:55:33,889 INFO epoch=11 train_loss=0.244969 val_loss=0.417554 d_pos=1.029578 d_neg=1.035525 probe_recall_at_1=0.188679 lr=0.00029208 search_recall_at_1=0.207900 search_recall_at_5=0.382121 search_recall_at_10=0.461123 search_map=0.108267 compare_bal_acc=0.557252 best=0
2026-05-31 19:55:49,237 INFO epoch=12 train_loss=0.225847 val_loss=0.421380 d_pos=1.021972 d_neg=1.032437 probe_recall_at_1=0.166038 lr=0.00029000 search_recall_at_1=0.188358 search_recall_at_5=0.362578 search_recall_at_10=0.458212 search_map=0.106326 compare_bal_acc=0.561706 best=0
2026-05-31 19:56:05,804 INFO epoch=13 train_loss=0.224054 val_loss=0.406263 d_pos=0.981360 d_neg=1.007643 probe_recall_at_1=0.200000 lr=0.00028769 search_recall_at_1=0.194595 search_recall_at_5=0.357588 search_recall_at_10=0.437006 search_map=0.106196 compare_bal_acc=0.555748 best=0
2026-05-31 19:56:22,435 INFO epoch=14 train_loss=0.214333 val_loss=0.393531 d_pos=0.979263 d_neg=1.025574 probe_recall_at_1=0.154717 lr=0.00028515 search_recall_at_1=0.208316 search_recall_at_5=0.375052 search_recall_at_10=0.466944 search_map=0.109368 compare_bal_acc=0.553926 best=0
2026-05-31 19:56:39,778 INFO epoch=15 train_loss=0.194725 val_loss=0.424320 d_pos=1.047662 d_neg=1.046090 probe_recall_at_1=0.203774 lr=0.00028238 search_recall_at_1=0.209148 search_recall_at_5=0.377963 search_recall_at_10=0.470686 search_map=0.108494 compare_bal_acc=0.554779 best=0
2026-05-31 19:56:56,627 INFO epoch=16 train_loss=0.204695 val_loss=0.372923 d_pos=0.948861 d_neg=1.016561 probe_recall_at_1=0.181132 lr=0.00027939 search_recall_at_1=0.201663 search_recall_at_5=0.369231 search_recall_at_10=0.454054 search_map=0.103742 compare_bal_acc=0.559393 best=0
2026-05-31 19:57:14,238 INFO epoch=17 train_loss=0.172892 val_loss=0.409720 d_pos=0.985310 d_neg=1.034194 probe_recall_at_1=0.173585 lr=0.00027619 search_recall_at_1=0.190021 search_recall_at_5=0.364657 search_recall_at_10=0.446154 search_map=0.106705 compare_bal_acc=0.557007 best=0
2026-05-31 19:57:31,206 INFO epoch=18 train_loss=0.182328 val_loss=0.420250 d_pos=1.007444 d_neg=1.014425 probe_recall_at_1=0.166038 lr=0.00027278 search_recall_at_1=0.197089 search_recall_at_5=0.366736 search_recall_at_10=0.446570 search_map=0.106256 compare_bal_acc=0.557701 best=0
2026-05-31 19:57:31,207 INFO early stopping triggered at epoch=18 best_epoch=8 best_metric=0.210395 patience=10 no_improve_epochs=10
2026-05-31 19:57:35,765 INFO training finished actual_epochs=18 final_val_loss=0.420250 best_epoch=8 best_metric=0.210395 no_improve_epochs=10 probe_recall_at_1=0.166038 compare_balanced_accuracy=0.557209 search_recall_at_1=0.210395 search_recall_at_5=0.367983 search_recall_at_10=0.446570 search_map=0.105412 checkpoint=/home/u2023312335/project/learn/PigeonVision/checkpoints/siamese/best.pt
2026-05-31 20:04:34,538 INFO loaded multi-label map: 22043 images
2026-05-31 20:04:35,444 INFO resumed from /home/u2023312335/project/learn/PigeonVision/checkpoints/siamese/last.pt at epoch 19
2026-05-31 20:04:35,446 INFO device=cuda train_rows=7196 val_rows=2526 blood_ids=1666 blood_names=486 epochs=80 batch_size=64 lr=0.0003 backbone=resnet34 margin=0.3 warmup_epochs=3 smoke_gate_epoch=5 patience=25
2026-05-31 20:04:53,488 INFO epoch=19 train_loss=0.161716 val_loss=0.404205 d_pos=1.005577 d_neg=1.035801 probe_recall_at_1=0.184906 lr=0.00026916 search_recall_at_1=0.198337 search_recall_at_5=0.365904 search_recall_at_10=0.457796 search_map=0.109643 compare_bal_acc=0.559074 best=0
2026-05-31 20:05:10,202 INFO epoch=20 train_loss=0.153975 val_loss=0.403800 d_pos=1.014053 d_neg=1.038788 probe_recall_at_1=0.169811 lr=0.00026534 search_recall_at_1=0.208316 search_recall_at_5=0.374220 search_recall_at_10=0.466112 search_map=0.116816 compare_bal_acc=0.554577 best=0
2026-05-31 20:05:27,357 INFO epoch=21 train_loss=0.152167 val_loss=0.388848 d_pos=0.997831 d_neg=1.028947 probe_recall_at_1=0.192453 lr=0.00026134 search_recall_at_1=0.204990 search_recall_at_5=0.378378 search_recall_at_10=0.466944 search_map=0.113078 compare_bal_acc=0.558872 best=0
2026-05-31 20:05:44,935 INFO epoch=22 train_loss=0.140041 val_loss=0.379394 d_pos=0.996673 d_neg=1.050615 probe_recall_at_1=0.222642 lr=0.00025714 search_recall_at_1=0.219543 search_recall_at_5=0.376299 search_recall_at_10=0.464865 search_map=0.117840 compare_bal_acc=0.560362 best=1
2026-05-31 20:06:03,171 INFO epoch=23 train_loss=0.127544 val_loss=0.387943 d_pos=0.991549 d_neg=1.039196 probe_recall_at_1=0.184906 lr=0.00025277 search_recall_at_1=0.208732 search_recall_at_5=0.380873 search_recall_at_10=0.465696 search_map=0.116256 compare_bal_acc=0.554939 best=0
2026-05-31 20:06:19,851 INFO epoch=24 train_loss=0.123298 val_loss=0.393260 d_pos=0.986757 d_neg=1.034045 probe_recall_at_1=0.173585 lr=0.00024823 search_recall_at_1=0.194595 search_recall_at_5=0.366736 search_recall_at_10=0.460291 search_map=0.111076 compare_bal_acc=0.561330 best=0
2026-05-31 20:06:36,603 INFO epoch=25 train_loss=0.118291 val_loss=0.402727 d_pos=1.000565 d_neg=1.038225 probe_recall_at_1=0.215094 lr=0.00024352 search_recall_at_1=0.209563 search_recall_at_5=0.383368 search_recall_at_10=0.466528 search_map=0.116099 compare_bal_acc=0.561229 best=0
2026-05-31 20:06:53,330 INFO epoch=26 train_loss=0.128629 val_loss=0.373697 d_pos=0.986114 d_neg=1.055660 probe_recall_at_1=0.188679 lr=0.00023866 search_recall_at_1=0.201247 search_recall_at_5=0.380042 search_recall_at_10=0.469023 search_map=0.113708 compare_bal_acc=0.562545 best=0
2026-05-31 20:07:12,014 INFO epoch=27 train_loss=0.114329 val_loss=0.380460 d_pos=0.976078 d_neg=1.034842 probe_recall_at_1=0.188679 lr=0.00023365 search_recall_at_1=0.209148 search_recall_at_5=0.385447 search_recall_at_10=0.469439 search_map=0.116145 compare_bal_acc=0.563413 best=0
2026-05-31 20:07:28,528 INFO epoch=28 train_loss=0.115746 val_loss=0.365290 d_pos=0.954247 d_neg=1.030785 probe_recall_at_1=0.192453 lr=0.00022851 search_recall_at_1=0.210395 search_recall_at_5=0.374220 search_recall_at_10=0.461954 search_map=0.115632 compare_bal_acc=0.561663 best=0
2026-05-31 20:07:45,366 INFO epoch=29 train_loss=0.104914 val_loss=0.393775 d_pos=0.967200 d_neg=1.020678 probe_recall_at_1=0.173585 lr=0.00022323 search_recall_at_1=0.196258 search_recall_at_5=0.372557 search_recall_at_10=0.464865 search_map=0.111998 compare_bal_acc=0.563818 best=0
2026-05-31 20:08:02,043 INFO epoch=30 train_loss=0.102908 val_loss=0.392351 d_pos=1.014172 d_neg=1.051339 probe_recall_at_1=0.207547 lr=0.00021783 search_recall_at_1=0.210811 search_recall_at_5=0.372557 search_recall_at_10=0.460707 search_map=0.119573 compare_bal_acc=0.561359 best=0
2026-05-31 20:08:20,151 INFO epoch=31 train_loss=0.092896 val_loss=0.381064 d_pos=0.973304 d_neg=1.050022 probe_recall_at_1=0.233962 lr=0.00021231 search_recall_at_1=0.210395 search_recall_at_5=0.372557 search_recall_at_10=0.461538 search_map=0.115961 compare_bal_acc=0.563774 best=0
2026-05-31 20:08:36,483 INFO epoch=32 train_loss=0.095742 val_loss=0.381506 d_pos=0.990519 d_neg=1.057654 probe_recall_at_1=0.222642 lr=0.00020670 search_recall_at_1=0.216216 search_recall_at_5=0.387526 search_recall_at_10=0.473181 search_map=0.120589 compare_bal_acc=0.566247 best=0
2026-05-31 20:08:53,988 INFO epoch=33 train_loss=0.091289 val_loss=0.398105 d_pos=1.001337 d_neg=1.038250 probe_recall_at_1=0.226415 lr=0.00020098 search_recall_at_1=0.220790 search_recall_at_5=0.395842 search_recall_at_10=0.479418 search_map=0.124320 compare_bal_acc=0.566276 best=1
2026-05-31 20:09:11,314 INFO epoch=34 train_loss=0.086089 val_loss=0.387723 d_pos=1.009389 d_neg=1.054002 probe_recall_at_1=0.226415 lr=0.00019519 search_recall_at_1=0.224116 search_recall_at_5=0.392931 search_recall_at_10=0.482328 search_map=0.126410 compare_bal_acc=0.564743 best=1
2026-05-31 20:09:28,509 INFO epoch=35 train_loss=0.103843 val_loss=0.376343 d_pos=0.988831 d_neg=1.042065 probe_recall_at_1=0.188679 lr=0.00018932 search_recall_at_1=0.215800 search_recall_at_5=0.387942 search_recall_at_10=0.473597 search_map=0.125535 compare_bal_acc=0.564642 best=0
2026-05-31 20:09:45,327 INFO epoch=36 train_loss=0.087476 val_loss=0.353226 d_pos=0.935613 d_neg=1.052647 probe_recall_at_1=0.196226 lr=0.00018338 search_recall_at_1=0.218711 search_recall_at_5=0.389605 search_recall_at_10=0.478586 search_map=0.123615 compare_bal_acc=0.564454 best=0
2026-05-31 20:10:02,573 INFO epoch=37 train_loss=0.077815 val_loss=0.368209 d_pos=0.967833 d_neg=1.045254 probe_recall_at_1=0.203774 lr=0.00017739 search_recall_at_1=0.214969 search_recall_at_5=0.386279 search_recall_at_10=0.475260 search_map=0.123518 compare_bal_acc=0.564208 best=0
2026-05-31 20:10:19,662 INFO epoch=38 train_loss=0.082315 val_loss=0.377986 d_pos=0.986423 d_neg=1.053087 probe_recall_at_1=0.200000 lr=0.00017135 search_recall_at_1=0.212058 search_recall_at_5=0.388773 search_recall_at_10=0.464449 search_map=0.119996 compare_bal_acc=0.565134 best=0
2026-05-31 20:10:36,982 INFO epoch=39 train_loss=0.072046 val_loss=0.404842 d_pos=1.025375 d_neg=1.043559 probe_recall_at_1=0.226415 lr=0.00016527 search_recall_at_1=0.217464 search_recall_at_5=0.386279 search_recall_at_10=0.467775 search_map=0.121447 compare_bal_acc=0.564830 best=0
2026-05-31 20:10:53,805 INFO epoch=40 train_loss=0.076518 val_loss=0.364419 d_pos=1.000305 d_neg=1.070192 probe_recall_at_1=0.215094 lr=0.00015917 search_recall_at_1=0.220374 search_recall_at_5=0.392516 search_recall_at_10=0.481081 search_map=0.121517 compare_bal_acc=0.571569 best=0
2026-05-31 20:11:10,919 INFO epoch=41 train_loss=0.066684 val_loss=0.355370 d_pos=0.974372 d_neg=1.056315 probe_recall_at_1=0.260377 lr=0.00015306 search_recall_at_1=0.224532 search_recall_at_5=0.395010 search_recall_at_10=0.480665 search_map=0.124043 compare_bal_acc=0.562878 best=1
2026-05-31 20:11:27,459 INFO epoch=42 train_loss=0.069537 val_loss=0.376864 d_pos=0.999877 d_neg=1.059632 probe_recall_at_1=0.237736 lr=0.00014694 search_recall_at_1=0.222869 search_recall_at_5=0.393763 search_recall_at_10=0.478170 search_map=0.122988 compare_bal_acc=0.564411 best=0
2026-05-31 20:11:44,646 INFO epoch=43 train_loss=0.063826 val_loss=0.383527 d_pos=0.989176 d_neg=1.055332 probe_recall_at_1=0.241509 lr=0.00014083 search_recall_at_1=0.232432 search_recall_at_5=0.400000 search_recall_at_10=0.493971 search_map=0.131996 compare_bal_acc=0.567534 best=1
2026-05-31 20:12:00,996 INFO epoch=44 train_loss=0.056926 val_loss=0.354136 d_pos=0.967587 d_neg=1.063375 probe_recall_at_1=0.226415 lr=0.00013473 search_recall_at_1=0.219543 search_recall_at_5=0.392516 search_recall_at_10=0.474012 search_map=0.122132 compare_bal_acc=0.567578 best=0
2026-05-31 20:12:17,386 INFO epoch=45 train_loss=0.059283 val_loss=0.386197 d_pos=1.005696 d_neg=1.056522 probe_recall_at_1=0.203774 lr=0.00012865 search_recall_at_1=0.230353 search_recall_at_5=0.389605 search_recall_at_10=0.463202 search_map=0.123915 compare_bal_acc=0.567881 best=0
2026-05-31 20:12:34,386 INFO epoch=46 train_loss=0.061590 val_loss=0.353802 d_pos=0.957345 d_neg=1.060458 probe_recall_at_1=0.181132 lr=0.00012261 search_recall_at_1=0.215385 search_recall_at_5=0.373805 search_recall_at_10=0.470270 search_map=0.121835 compare_bal_acc=0.565206 best=0
2026-05-31 20:12:51,195 INFO epoch=47 train_loss=0.056153 val_loss=0.351063 d_pos=0.962443 d_neg=1.073324 probe_recall_at_1=0.192453 lr=0.00011662 search_recall_at_1=0.218295 search_recall_at_5=0.377547 search_recall_at_10=0.469023 search_map=0.123130 compare_bal_acc=0.567679 best=0
2026-05-31 20:13:09,359 INFO epoch=48 train_loss=0.056772 val_loss=0.354129 d_pos=0.948117 d_neg=1.052550 probe_recall_at_1=0.215094 lr=0.00011068 search_recall_at_1=0.211642 search_recall_at_5=0.377963 search_recall_at_10=0.461123 search_map=0.123587 compare_bal_acc=0.566855 best=0
2026-05-31 20:13:26,775 INFO epoch=49 train_loss=0.059777 val_loss=0.350030 d_pos=0.963073 d_neg=1.064829 probe_recall_at_1=0.215094 lr=0.00010481 search_recall_at_1=0.211227 search_recall_at_5=0.383784 search_recall_at_10=0.474844 search_map=0.124823 compare_bal_acc=0.566594 best=0
2026-05-31 20:13:43,471 INFO epoch=50 train_loss=0.045236 val_loss=0.362861 d_pos=0.995771 d_neg=1.071306 probe_recall_at_1=0.230189 lr=0.00009902 search_recall_at_1=0.209148 search_recall_at_5=0.381705 search_recall_at_10=0.471102 search_map=0.125660 compare_bal_acc=0.568937 best=0
2026-05-31 20:14:00,801 INFO epoch=51 train_loss=0.045880 val_loss=0.342282 d_pos=0.955590 d_neg=1.068000 probe_recall_at_1=0.226415 lr=0.00009330 search_recall_at_1=0.216632 search_recall_at_5=0.392516 search_recall_at_10=0.480249 search_map=0.129523 compare_bal_acc=0.570412 best=0
2026-05-31 20:14:17,902 INFO epoch=52 train_loss=0.040505 val_loss=0.370145 d_pos=0.993101 d_neg=1.057332 probe_recall_at_1=0.215094 lr=0.00008769 search_recall_at_1=0.221206 search_recall_at_5=0.391684 search_recall_at_10=0.481497 search_map=0.128811 compare_bal_acc=0.571598 best=0
2026-06-11 18:22:06,236 INFO loaded multi-label map: 22043 images
2026-06-11 18:22:08,201 INFO device=cuda train_rows=7196 val_rows=2526 blood_ids=1666 blood_names=486 epochs=80 batch_size=64 lr=0.0003 backbone=resnet34 margin=0.3 warmup_epochs=3 smoke_gate_epoch=5 patience=10
2026-06-11 18:22:27,857 INFO epoch=1 train_loss=0.461551 val_loss=0.400521 d_pos=1.193850 d_neg=1.213193 probe_recall_at_1=0.075472 lr=0.00001000 search_recall_at_1=0.079834 search_recall_at_5=0.207484 search_recall_at_10=0.292308 search_map=0.041509 compare_bal_acc=0.535850 best=1
2026-06-11 18:22:43,420 INFO epoch=2 train_loss=0.417796 val_loss=0.407073 d_pos=1.054150 d_neg=1.071356 probe_recall_at_1=0.132075 lr=0.00015500 search_recall_at_1=0.150936 search_recall_at_5=0.308524 search_recall_at_10=0.390437 search_map=0.069914 compare_bal_acc=0.546970 best=1
2026-06-11 18:22:58,934 INFO epoch=3 train_loss=0.422863 val_loss=0.453266 d_pos=1.004474 d_neg=0.961578 probe_recall_at_1=0.124528 lr=0.00030000 search_recall_at_1=0.147193 search_recall_at_5=0.311019 search_recall_at_10=0.394179 search_map=0.070566 compare_bal_acc=0.551670 best=0
2026-06-11 18:23:14,609 INFO epoch=4 train_loss=0.421186 val_loss=0.439304 d_pos=1.025300 d_neg=1.009168 probe_recall_at_1=0.116981 lr=0.00029988 search_recall_at_1=0.175052 search_recall_at_5=0.346778 search_recall_at_10=0.432017 search_map=0.085880 compare_bal_acc=0.554259 best=1
2026-06-11 18:23:30,609 INFO epoch=5 train_loss=0.389295 val_loss=0.450854 d_pos=1.022633 d_neg=0.991352 probe_recall_at_1=0.166038 lr=0.00029950 search_recall_at_1=0.163825 search_recall_at_5=0.339293 search_recall_at_10=0.422453 search_map=0.083088 compare_bal_acc=0.545929 best=0
2026-06-11 18:23:30,610 INFO smoke gate check at epoch=5 probe_recall_at_1=0.166038 threshold=0.020000 rising=False
2026-06-11 18:23:46,250 INFO epoch=6 train_loss=0.347005 val_loss=0.444449 d_pos=1.022645 d_neg=1.002983 probe_recall_at_1=0.150943 lr=0.00029888 search_recall_at_1=0.185447 search_recall_at_5=0.349688 search_recall_at_10=0.447401 search_map=0.094007 compare_bal_acc=0.558843 best=1
2026-06-11 18:24:01,768 INFO epoch=7 train_loss=0.329579 val_loss=0.460038 d_pos=1.028392 d_neg=0.965851 probe_recall_at_1=0.158491 lr=0.00029801 search_recall_at_1=0.189605 search_recall_at_5=0.348857 search_recall_at_10=0.443659 search_map=0.088539 compare_bal_acc=0.549588 best=1
2026-06-11 18:24:16,821 INFO epoch=8 train_loss=0.302656 val_loss=0.462525 d_pos=0.997937 d_neg=0.950799 probe_recall_at_1=0.150943 lr=0.00029689 search_recall_at_1=0.180042 search_recall_at_5=0.344699 search_recall_at_10=0.444075 search_map=0.092388 compare_bal_acc=0.554765 best=0
2026-06-11 18:24:32,069 INFO epoch=9 train_loss=0.292678 val_loss=0.417631 d_pos=0.997849 d_neg=1.010312 probe_recall_at_1=0.135849 lr=0.00029553 search_recall_at_1=0.173389 search_recall_at_5=0.348441 search_recall_at_10=0.443243 search_map=0.096408 compare_bal_acc=0.556457 best=0
2026-06-11 18:24:47,512 INFO epoch=10 train_loss=0.277565 val_loss=0.428158 d_pos=1.017995 d_neg=1.010464 probe_recall_at_1=0.154717 lr=0.00029392 search_recall_at_1=0.187526 search_recall_at_5=0.355925 search_recall_at_10=0.439085 search_map=0.101603 compare_bal_acc=0.556009 best=0
2026-06-11 18:25:02,989 INFO epoch=11 train_loss=0.246948 val_loss=0.436490 d_pos=1.039020 d_neg=1.019371 probe_recall_at_1=0.158491 lr=0.00029208 search_recall_at_1=0.184200 search_recall_at_5=0.358836 search_recall_at_10=0.451559 search_map=0.102461 compare_bal_acc=0.554302 best=0
2026-06-11 18:25:18,767 INFO epoch=12 train_loss=0.223043 val_loss=0.435902 d_pos=1.026059 d_neg=1.014625 probe_recall_at_1=0.132075 lr=0.00029000 search_recall_at_1=0.185031 search_recall_at_5=0.355509 search_recall_at_10=0.447817 search_map=0.098875 compare_bal_acc=0.557903 best=0
2026-06-11 18:25:34,897 INFO epoch=13 train_loss=0.225010 val_loss=0.398933 d_pos=0.938481 d_neg=0.971223 probe_recall_at_1=0.158491 lr=0.00028769 search_recall_at_1=0.188358 search_recall_at_5=0.364657 search_recall_at_10=0.451559 search_map=0.102462 compare_bal_acc=0.561085 best=0
2026-06-11 18:25:51,257 INFO epoch=14 train_loss=0.217017 val_loss=0.389792 d_pos=0.957504 d_neg=1.010179 probe_recall_at_1=0.158491 lr=0.00028515 search_recall_at_1=0.195426 search_recall_at_5=0.356757 search_recall_at_10=0.454886 search_map=0.106419 compare_bal_acc=0.561359 best=1
2026-06-11 18:26:06,717 INFO epoch=15 train_loss=0.199466 val_loss=0.423703 d_pos=1.028688 d_neg=1.018691 probe_recall_at_1=0.173585 lr=0.00028238 search_recall_at_1=0.192516 search_recall_at_5=0.365489 search_recall_at_10=0.455717 search_map=0.104450 compare_bal_acc=0.555401 best=0
2026-06-11 18:26:21,866 INFO epoch=16 train_loss=0.195267 val_loss=0.380134 d_pos=0.959019 d_neg=1.023001 probe_recall_at_1=0.177358 lr=0.00027939 search_recall_at_1=0.184615 search_recall_at_5=0.363825 search_recall_at_10=0.454054 search_map=0.101967 compare_bal_acc=0.553999 best=0
2026-06-11 18:26:37,321 INFO epoch=17 train_loss=0.170062 val_loss=0.415565 d_pos=0.984293 d_neg=1.025459 probe_recall_at_1=0.166038 lr=0.00027619 search_recall_at_1=0.190437 search_recall_at_5=0.355094 search_recall_at_10=0.448233 search_map=0.102397 compare_bal_acc=0.557079 best=0
2026-06-11 18:26:53,354 INFO epoch=18 train_loss=0.179510 val_loss=0.401477 d_pos=0.992916 d_neg=1.020370 probe_recall_at_1=0.188679 lr=0.00027278 search_recall_at_1=0.200000 search_recall_at_5=0.353430 search_recall_at_10=0.444906 search_map=0.104688 compare_bal_acc=0.562111 best=1
2026-06-11 18:27:09,612 INFO epoch=19 train_loss=0.161257 val_loss=0.399996 d_pos=1.009511 d_neg=1.045089 probe_recall_at_1=0.162264 lr=0.00026916 search_recall_at_1=0.197089 search_recall_at_5=0.382952 search_recall_at_10=0.469023 search_map=0.110194 compare_bal_acc=0.555199 best=0
2026-06-11 18:27:24,928 INFO epoch=20 train_loss=0.152549 val_loss=0.413474 d_pos=1.009459 d_neg=1.019304 probe_recall_at_1=0.188679 lr=0.00026534 search_recall_at_1=0.197089 search_recall_at_5=0.365904 search_recall_at_10=0.449896 search_map=0.109742 compare_bal_acc=0.557064 best=0
2026-06-11 18:27:41,013 INFO epoch=21 train_loss=0.155476 val_loss=0.403452 d_pos=1.000503 d_neg=1.022454 probe_recall_at_1=0.177358 lr=0.00026134 search_recall_at_1=0.187526 search_recall_at_5=0.365073 search_recall_at_10=0.454054 search_map=0.104185 compare_bal_acc=0.556500 best=0
2026-06-11 18:27:56,269 INFO epoch=22 train_loss=0.140987 val_loss=0.390027 d_pos=0.991555 d_neg=1.030567 probe_recall_at_1=0.166038 lr=0.00025714 search_recall_at_1=0.187942 search_recall_at_5=0.369231 search_recall_at_10=0.446154 search_map=0.110678 compare_bal_acc=0.559508 best=0
2026-06-11 18:28:11,940 INFO epoch=23 train_loss=0.126971 val_loss=0.391656 d_pos=0.992005 d_neg=1.031770 probe_recall_at_1=0.200000 lr=0.00025277 search_recall_at_1=0.200000 search_recall_at_5=0.367568 search_recall_at_10=0.464449 search_map=0.109787 compare_bal_acc=0.562198 best=0
2026-06-11 18:28:27,638 INFO epoch=24 train_loss=0.121873 val_loss=0.383252 d_pos=0.987285 d_neg=1.056549 probe_recall_at_1=0.200000 lr=0.00024823 search_recall_at_1=0.204574 search_recall_at_5=0.374220 search_recall_at_10=0.462786 search_map=0.115813 compare_bal_acc=0.560376 best=1
2026-06-11 18:28:43,631 INFO epoch=25 train_loss=0.114227 val_loss=0.406726 d_pos=1.004180 d_neg=1.038929 probe_recall_at_1=0.203774 lr=0.00024352 search_recall_at_1=0.204158 search_recall_at_5=0.389605 search_recall_at_10=0.464033 search_map=0.115049 compare_bal_acc=0.563413 best=0
2026-06-11 18:28:59,296 INFO epoch=26 train_loss=0.124524 val_loss=0.391961 d_pos=0.993384 d_neg=1.034378 probe_recall_at_1=0.177358 lr=0.00023866 search_recall_at_1=0.193347 search_recall_at_5=0.369647 search_recall_at_10=0.457796 search_map=0.109751 compare_bal_acc=0.563239 best=0
2026-06-11 18:29:15,722 INFO epoch=27 train_loss=0.119620 val_loss=0.377111 d_pos=0.977695 d_neg=1.031020 probe_recall_at_1=0.196226 lr=0.00023365 search_recall_at_1=0.205405 search_recall_at_5=0.379210 search_recall_at_10=0.471518 search_map=0.116909 compare_bal_acc=0.563109 best=1
2026-06-11 18:29:30,961 INFO epoch=28 train_loss=0.113785 val_loss=0.371915 d_pos=0.957587 d_neg=1.030577 probe_recall_at_1=0.192453 lr=0.00022851 search_recall_at_1=0.199168 search_recall_at_5=0.367152 search_recall_at_10=0.444906 search_map=0.111335 compare_bal_acc=0.559205 best=0
2026-06-11 18:29:46,560 INFO epoch=29 train_loss=0.102510 val_loss=0.389032 d_pos=0.971428 d_neg=1.034107 probe_recall_at_1=0.177358 lr=0.00022323 search_recall_at_1=0.197505 search_recall_at_5=0.358836 search_recall_at_10=0.444075 search_map=0.112274 compare_bal_acc=0.561851 best=0
2026-06-11 18:30:01,737 INFO epoch=30 train_loss=0.108012 val_loss=0.399815 d_pos=1.015540 d_neg=1.042941 probe_recall_at_1=0.192453 lr=0.00021783 search_recall_at_1=0.200416 search_recall_at_5=0.367152 search_recall_at_10=0.451975 search_map=0.114322 compare_bal_acc=0.562213 best=0
2026-06-11 18:30:17,630 INFO epoch=31 train_loss=0.093551 val_loss=0.377650 d_pos=0.976982 d_neg=1.057583 probe_recall_at_1=0.196226 lr=0.00021231 search_recall_at_1=0.203742 search_recall_at_5=0.377963 search_recall_at_10=0.467775 search_map=0.116233 compare_bal_acc=0.561620 best=0
2026-06-11 18:30:33,177 INFO epoch=32 train_loss=0.094186 val_loss=0.398073 d_pos=1.003622 d_neg=1.044947 probe_recall_at_1=0.203774 lr=0.00020670 search_recall_at_1=0.194595 search_recall_at_5=0.378794 search_recall_at_10=0.471518 search_map=0.116079 compare_bal_acc=0.562892 best=0
2026-06-11 18:30:49,805 INFO epoch=33 train_loss=0.092312 val_loss=0.390950 d_pos=1.007008 d_neg=1.057033 probe_recall_at_1=0.211321 lr=0.00020098 search_recall_at_1=0.221206 search_recall_at_5=0.389189 search_recall_at_10=0.469854 search_map=0.123807 compare_bal_acc=0.560983 best=1
2026-06-11 18:31:05,461 INFO epoch=34 train_loss=0.085646 val_loss=0.407628 d_pos=1.022149 d_neg=1.041896 probe_recall_at_1=0.192453 lr=0.00019519 search_recall_at_1=0.220374 search_recall_at_5=0.382121 search_recall_at_10=0.470686 search_map=0.117092 compare_bal_acc=0.559638 best=0
2026-06-11 18:31:20,832 INFO epoch=35 train_loss=0.102791 val_loss=0.392465 d_pos=0.998234 d_neg=1.037255 probe_recall_at_1=0.188679 lr=0.00018932 search_recall_at_1=0.218711 search_recall_at_5=0.389605 search_recall_at_10=0.473597 search_map=0.125706 compare_bal_acc=0.562863 best=0
2026-06-11 18:31:36,213 INFO epoch=36 train_loss=0.085754 val_loss=0.377791 d_pos=0.954780 d_neg=1.043351 probe_recall_at_1=0.207547 lr=0.00018338 search_recall_at_1=0.207484 search_recall_at_5=0.377963 search_recall_at_10=0.453638 search_map=0.121042 compare_bal_acc=0.561735 best=0
2026-06-11 18:31:52,110 INFO epoch=37 train_loss=0.076593 val_loss=0.363067 d_pos=0.967949 d_neg=1.052776 probe_recall_at_1=0.184906 lr=0.00017739 search_recall_at_1=0.206237 search_recall_at_5=0.380457 search_recall_at_10=0.474012 search_map=0.118164 compare_bal_acc=0.562328 best=0
2026-06-11 18:32:07,878 INFO epoch=38 train_loss=0.080935 val_loss=0.372358 d_pos=0.977581 d_neg=1.044899 probe_recall_at_1=0.218868 lr=0.00017135 search_recall_at_1=0.202495 search_recall_at_5=0.385863 search_recall_at_10=0.472349 search_map=0.117764 compare_bal_acc=0.562343 best=0
2026-06-11 18:32:23,205 INFO epoch=39 train_loss=0.073835 val_loss=0.394982 d_pos=1.022947 d_neg=1.043083 probe_recall_at_1=0.226415 lr=0.00016527 search_recall_at_1=0.203326 search_recall_at_5=0.390852 search_recall_at_10=0.477755 search_map=0.121678 compare_bal_acc=0.566927 best=0
2026-06-11 18:32:38,714 INFO epoch=40 train_loss=0.079329 val_loss=0.392689 d_pos=0.995216 d_neg=1.033511 probe_recall_at_1=0.215094 lr=0.00015917 search_recall_at_1=0.216216 search_recall_at_5=0.386279 search_recall_at_10=0.466944 search_map=0.125083 compare_bal_acc=0.568966 best=0
2026-06-11 18:32:54,416 INFO epoch=41 train_loss=0.065613 val_loss=0.368894 d_pos=0.987822 d_neg=1.056787 probe_recall_at_1=0.226415 lr=0.00015306 search_recall_at_1=0.215800 search_recall_at_5=0.396258 search_recall_at_10=0.471102 search_map=0.123924 compare_bal_acc=0.564628 best=0
2026-06-11 18:33:09,993 INFO epoch=42 train_loss=0.065453 val_loss=0.381476 d_pos=1.007674 d_neg=1.061824 probe_recall_at_1=0.211321 lr=0.00014694 search_recall_at_1=0.211642 search_recall_at_5=0.382536 search_recall_at_10=0.464033 search_map=0.123679 compare_bal_acc=0.566739 best=0
2026-06-11 18:33:24,746 INFO epoch=43 train_loss=0.067337 val_loss=0.384440 d_pos=0.993110 d_neg=1.055624 probe_recall_at_1=0.218868 lr=0.00014083 search_recall_at_1=0.214969 search_recall_at_5=0.396674 search_recall_at_10=0.479002 search_map=0.123488 compare_bal_acc=0.565206 best=0
2026-06-11 18:33:24,746 INFO early stopping triggered at epoch=43 best_epoch=33 best_metric=0.221206 patience=10 no_improve_epochs=10
2026-06-11 18:33:29,305 INFO training finished actual_epochs=43 final_val_loss=0.384440 best_epoch=33 best_metric=0.221206 no_improve_epochs=10 probe_recall_at_1=0.211321 compare_balanced_accuracy=0.560983 search_recall_at_1=0.221206 search_recall_at_5=0.389189 search_recall_at_10=0.469854 search_map=0.123807 checkpoint=/home/u2023312335/project/learn/PigeonVision/checkpoints/siamese/best.pt
2026-06-12 23:07:17,562 INFO merged train_meta (7196) + val_meta (2526) = 9722 rows
2026-06-12 23:07:18,318 INFO loaded multi-label map: 25690 images
2026-06-12 23:07:19,196 INFO device=cuda train_rows=7753 val_rows=1969 blood_ids=1666 blood_names=482 epochs=80 batch_size=64 lr=0.0003 backbone=resnet34 margin=0.3 warmup_epochs=3 smoke_gate_epoch=5 patience=10
2026-06-12 23:07:34,448 INFO epoch=1 train_loss=0.482750 val_loss=0.401780 d_pos=1.259228 d_neg=1.222648 probe_recall_at_1=0.196581 lr=0.00001000 search_recall_at_1=0.078804 search_recall_at_5=0.194565 search_recall_at_10=0.276087 search_map=0.043164 compare_bal_acc=0.529405 best=1
2026-06-12 23:07:48,885 INFO epoch=2 train_loss=0.454305 val_loss=0.413301 d_pos=1.190330 d_neg=1.130835 probe_recall_at_1=0.170940 lr=0.00015500 search_recall_at_1=0.119022 search_recall_at_5=0.257065 search_recall_at_10=0.338587 search_map=0.066507 compare_bal_acc=0.536667 best=1
2026-06-12 23:08:02,581 INFO epoch=3 train_loss=0.449188 val_loss=0.495505 d_pos=1.156874 d_neg=0.999920 probe_recall_at_1=0.213675 lr=0.00030000 search_recall_at_1=0.146739 search_recall_at_5=0.291848 search_recall_at_10=0.384783 search_map=0.080322 compare_bal_acc=0.537270 best=1
2026-06-12 23:08:17,127 INFO epoch=4 train_loss=0.436192 val_loss=0.464540 d_pos=1.059389 d_neg=0.942461 probe_recall_at_1=0.273504 lr=0.00029988 search_recall_at_1=0.157065 search_recall_at_5=0.312500 search_recall_at_10=0.405978 search_map=0.091508 compare_bal_acc=0.533025 best=1
2026-06-12 23:08:31,308 INFO epoch=5 train_loss=0.391679 val_loss=0.441000 d_pos=1.084804 d_neg=0.999855 probe_recall_at_1=0.324786 lr=0.00029950 search_recall_at_1=0.180978 search_recall_at_5=0.343478 search_recall_at_10=0.436957 search_map=0.100094 compare_bal_acc=0.550118 best=1
2026-06-12 23:08:31,309 INFO smoke gate check at epoch=5 probe_recall_at_1=0.324786 threshold=0.020000 rising=True
2026-06-12 23:08:45,048 INFO epoch=6 train_loss=0.361009 val_loss=0.446989 d_pos=1.081751 d_neg=0.996081 probe_recall_at_1=0.213675 lr=0.00029888 search_recall_at_1=0.189130 search_recall_at_5=0.353804 search_recall_at_10=0.444022 search_map=0.108330 compare_bal_acc=0.540644 best=1
2026-06-12 23:08:58,766 INFO epoch=7 train_loss=0.328715 val_loss=0.428307 d_pos=1.095888 d_neg=1.025899 probe_recall_at_1=0.307692 lr=0.00029801 search_recall_at_1=0.197283 search_recall_at_5=0.353261 search_recall_at_10=0.435326 search_map=0.110417 compare_bal_acc=0.550029 best=1
2026-06-12 23:09:12,521 INFO epoch=8 train_loss=0.313429 val_loss=0.427955 d_pos=1.080516 d_neg=1.033059 probe_recall_at_1=0.307692 lr=0.00029689 search_recall_at_1=0.190761 search_recall_at_5=0.350543 search_recall_at_10=0.447826 search_map=0.110016 compare_bal_acc=0.542834 best=0
2026-06-12 23:09:25,256 INFO epoch=9 train_loss=0.282421 val_loss=0.448341 d_pos=1.091744 d_neg=1.008714 probe_recall_at_1=0.256410 lr=0.00029553 search_recall_at_1=0.167391 search_recall_at_5=0.350543 search_recall_at_10=0.440761 search_map=0.104655 compare_bal_acc=0.540041 best=0
2026-06-12 23:09:38,457 INFO epoch=10 train_loss=0.264029 val_loss=0.454784 d_pos=1.159919 d_neg=1.052044 probe_recall_at_1=0.316239 lr=0.00029392 search_recall_at_1=0.193478 search_recall_at_5=0.358696 search_recall_at_10=0.455978 search_map=0.110128 compare_bal_acc=0.541672 best=0
2026-06-12 23:09:52,241 INFO epoch=11 train_loss=0.248073 val_loss=0.422102 d_pos=1.091933 d_neg=1.029541 probe_recall_at_1=0.282051 lr=0.00029208 search_recall_at_1=0.195109 search_recall_at_5=0.359239 search_recall_at_10=0.448913 search_map=0.112326 compare_bal_acc=0.541717 best=0
2026-06-12 23:10:06,009 INFO epoch=12 train_loss=0.233773 val_loss=0.439928 d_pos=1.108475 d_neg=1.034326 probe_recall_at_1=0.299145 lr=0.00029000 search_recall_at_1=0.198370 search_recall_at_5=0.365217 search_recall_at_10=0.449457 search_map=0.117571 compare_bal_acc=0.540309 best=1
2026-06-12 23:10:19,808 INFO epoch=13 train_loss=0.222486 val_loss=0.443980 d_pos=1.094842 d_neg=1.024908 probe_recall_at_1=0.256410 lr=0.00028769 search_recall_at_1=0.200543 search_recall_at_5=0.347826 search_recall_at_10=0.452174 search_map=0.119444 compare_bal_acc=0.543013 best=1
2026-06-12 23:10:32,890 INFO epoch=14 train_loss=0.216943 val_loss=0.425483 d_pos=1.090229 d_neg=1.042012 probe_recall_at_1=0.273504 lr=0.00028515 search_recall_at_1=0.186957 search_recall_at_5=0.361957 search_recall_at_10=0.464674 search_map=0.115348 compare_bal_acc=0.549001 best=0
2026-06-12 23:10:46,324 INFO epoch=15 train_loss=0.196790 val_loss=0.411380 d_pos=1.100309 d_neg=1.048166 probe_recall_at_1=0.307692 lr=0.00028238 search_recall_at_1=0.195109 search_recall_at_5=0.372283 search_recall_at_10=0.476630 search_map=0.121676 compare_bal_acc=0.544130 best=0
2026-06-12 23:10:59,885 INFO epoch=16 train_loss=0.197977 val_loss=0.381845 d_pos=1.048076 d_neg=1.059728 probe_recall_at_1=0.264957 lr=0.00027939 search_recall_at_1=0.182065 search_recall_at_5=0.371739 search_recall_at_10=0.466304 search_map=0.118506 compare_bal_acc=0.542030 best=0
2026-06-12 23:11:12,692 INFO epoch=17 train_loss=0.174694 val_loss=0.431675 d_pos=1.091466 d_neg=1.038237 probe_recall_at_1=0.282051 lr=0.00027619 search_recall_at_1=0.189674 search_recall_at_5=0.353261 search_recall_at_10=0.452717 search_map=0.112975 compare_bal_acc=0.547303 best=0
2026-06-12 23:11:26,527 INFO epoch=18 train_loss=0.175251 val_loss=0.387812 d_pos=1.042770 d_neg=1.041054 probe_recall_at_1=0.290598 lr=0.00027278 search_recall_at_1=0.181522 search_recall_at_5=0.364674 search_recall_at_10=0.461413 search_map=0.117728 compare_bal_acc=0.547124 best=0
2026-06-12 23:11:39,731 INFO epoch=19 train_loss=0.153967 val_loss=0.426845 d_pos=1.080590 d_neg=1.014570 probe_recall_at_1=0.282051 lr=0.00026916 search_recall_at_1=0.189130 search_recall_at_5=0.353804 search_recall_at_10=0.449457 search_map=0.119377 compare_bal_acc=0.544331 best=0
2026-06-12 23:11:59,148 INFO merged train_meta (7196) + val_meta (2526) = 9722 rows
2026-06-12 23:11:59,894 INFO loaded multi-label map: 25690 images
2026-06-12 23:12:00,790 INFO device=cuda train_rows=7753 val_rows=1969 blood_ids=1666 blood_names=482 epochs=80 batch_size=64 lr=0.0003 backbone=resnet34 margin=0.3 warmup_epochs=3 smoke_gate_epoch=5 patience=10
2026-06-12 23:12:15,342 INFO epoch=1 train_loss=0.480080 val_loss=0.407474 d_pos=1.268127 d_neg=1.225756 probe_recall_at_1=0.179487 lr=0.00001000 search_recall_at_1=0.083696 search_recall_at_5=0.200543 search_recall_at_10=0.279348 search_map=0.043604 compare_bal_acc=0.527282 best=1
2026-06-12 23:12:27,560 INFO merged train_meta (7196) + val_meta (2526) = 9722 rows
2026-06-12 23:12:28,284 INFO loaded multi-label map: 25690 images
2026-06-12 23:12:29,172 INFO device=cuda train_rows=7753 val_rows=1969 blood_ids=1666 blood_names=482 epochs=80 batch_size=64 lr=0.0003 backbone=resnet34 margin=0.3 warmup_epochs=3 smoke_gate_epoch=5 patience=10
2026-06-12 23:12:42,853 INFO epoch=1 train_loss=0.484157 val_loss=0.404498 d_pos=1.264172 d_neg=1.224457 probe_recall_at_1=0.153846 lr=0.00001000 search_recall_at_1=0.077717 search_recall_at_5=0.198913 search_recall_at_10=0.283152 search_map=0.043530 compare_bal_acc=0.529629 best=1
2026-06-12 23:12:56,691 INFO epoch=2 train_loss=0.452843 val_loss=0.425848 d_pos=1.189329 d_neg=1.114076 probe_recall_at_1=0.205128 lr=0.00015500 search_recall_at_1=0.130435 search_recall_at_5=0.276630 search_recall_at_10=0.379348 search_map=0.071519 compare_bal_acc=0.537784 best=1
2026-06-12 23:13:10,996 INFO epoch=3 train_loss=0.454522 val_loss=0.473855 d_pos=1.083120 d_neg=0.944930 probe_recall_at_1=0.222222 lr=0.00030000 search_recall_at_1=0.151630 search_recall_at_5=0.303804 search_recall_at_10=0.387500 search_map=0.076627 compare_bal_acc=0.534589 best=1
2026-06-12 23:13:24,369 INFO epoch=4 train_loss=0.442669 val_loss=0.488048 d_pos=1.126125 d_neg=0.988478 probe_recall_at_1=0.256410 lr=0.00029988 search_recall_at_1=0.159239 search_recall_at_5=0.322283 search_recall_at_10=0.421739 search_map=0.086303 compare_bal_acc=0.535706 best=1
2026-06-12 23:13:39,038 INFO epoch=5 train_loss=0.393377 val_loss=0.458503 d_pos=1.096425 d_neg=0.991671 probe_recall_at_1=0.299145 lr=0.00029950 search_recall_at_1=0.165217 search_recall_at_5=0.342391 search_recall_at_10=0.440217 search_map=0.095056 compare_bal_acc=0.544778 best=1
2026-06-12 23:13:39,039 INFO smoke gate check at epoch=5 probe_recall_at_1=0.299145 threshold=0.020000 rising=True
2026-06-12 23:13:52,477 INFO epoch=6 train_loss=0.365871 val_loss=0.439552 d_pos=1.087739 d_neg=1.015508 probe_recall_at_1=0.282051 lr=0.00029888 search_recall_at_1=0.182065 search_recall_at_5=0.367391 search_recall_at_10=0.441848 search_map=0.101481 compare_bal_acc=0.535282 best=1
2026-06-12 23:14:05,951 INFO epoch=7 train_loss=0.328600 val_loss=0.416852 d_pos=1.033048 d_neg=0.973310 probe_recall_at_1=0.273504 lr=0.00029801 search_recall_at_1=0.175000 search_recall_at_5=0.342391 search_recall_at_10=0.434783 search_map=0.100971 compare_bal_acc=0.539125 best=0
2026-06-12 23:14:19,272 INFO epoch=8 train_loss=0.310408 val_loss=0.423224 d_pos=1.075686 d_neg=1.034080 probe_recall_at_1=0.282051 lr=0.00029689 search_recall_at_1=0.186413 search_recall_at_5=0.358696 search_recall_at_10=0.459783 search_map=0.109767 compare_bal_acc=0.544488 best=1
2026-06-12 23:14:32,936 INFO epoch=9 train_loss=0.281229 val_loss=0.418439 d_pos=1.091455 d_neg=1.039305 probe_recall_at_1=0.307692 lr=0.00029553 search_recall_at_1=0.203261 search_recall_at_5=0.358152 search_recall_at_10=0.454891 search_map=0.110577 compare_bal_acc=0.542141 best=1
2026-06-12 23:14:46,190 INFO epoch=10 train_loss=0.267339 val_loss=0.482100 d_pos=1.150127 d_neg=1.013989 probe_recall_at_1=0.307692 lr=0.00029392 search_recall_at_1=0.197283 search_recall_at_5=0.369022 search_recall_at_10=0.463043 search_map=0.109159 compare_bal_acc=0.546834 best=0
2026-06-12 23:14:59,126 INFO epoch=11 train_loss=0.247802 val_loss=0.439790 d_pos=1.112818 d_neg=1.032425 probe_recall_at_1=0.290598 lr=0.00029208 search_recall_at_1=0.196196 search_recall_at_5=0.370109 search_recall_at_10=0.454348 search_map=0.112888 compare_bal_acc=0.543125 best=0
2026-06-12 23:15:12,870 INFO epoch=12 train_loss=0.232287 val_loss=0.439705 d_pos=1.110829 d_neg=1.039821 probe_recall_at_1=0.307692 lr=0.00029000 search_recall_at_1=0.189674 search_recall_at_5=0.374457 search_recall_at_10=0.466848 search_map=0.113224 compare_bal_acc=0.544041 best=0
2026-06-12 23:15:26,463 INFO epoch=13 train_loss=0.218407 val_loss=0.460852 d_pos=1.113854 d_neg=1.026422 probe_recall_at_1=0.273504 lr=0.00028769 search_recall_at_1=0.205435 search_recall_at_5=0.373913 search_recall_at_10=0.455435 search_map=0.114083 compare_bal_acc=0.544756 best=1
2026-06-12 23:15:41,763 INFO epoch=14 train_loss=0.219764 val_loss=0.409393 d_pos=1.081872 d_neg=1.054435 probe_recall_at_1=0.341880 lr=0.00028515 search_recall_at_1=0.201087 search_recall_at_5=0.376087 search_recall_at_10=0.468478 search_map=0.118422 compare_bal_acc=0.543035 best=0
2026-06-12 23:15:54,823 INFO epoch=15 train_loss=0.200132 val_loss=0.421673 d_pos=1.078495 d_neg=1.026565 probe_recall_at_1=0.307692 lr=0.00028238 search_recall_at_1=0.200543 search_recall_at_5=0.372826 search_recall_at_10=0.460870 search_map=0.117564 compare_bal_acc=0.547728 best=0
2026-06-12 23:16:08,354 INFO epoch=16 train_loss=0.198498 val_loss=0.376196 d_pos=1.040864 d_neg=1.056251 probe_recall_at_1=0.333333 lr=0.00027939 search_recall_at_1=0.196739 search_recall_at_5=0.372826 search_recall_at_10=0.463587 search_map=0.118545 compare_bal_acc=0.542745 best=0
2026-06-12 23:16:21,964 INFO epoch=17 train_loss=0.174858 val_loss=0.394361 d_pos=1.071675 d_neg=1.054659 probe_recall_at_1=0.341880 lr=0.00027619 search_recall_at_1=0.191304 search_recall_at_5=0.370109 search_recall_at_10=0.464130 search_map=0.117570 compare_bal_acc=0.551213 best=0
2026-06-12 23:16:36,191 INFO epoch=18 train_loss=0.172324 val_loss=0.396310 d_pos=1.044998 d_neg=1.035023 probe_recall_at_1=0.307692 lr=0.00027278 search_recall_at_1=0.205978 search_recall_at_5=0.385326 search_recall_at_10=0.472826 search_map=0.119609 compare_bal_acc=0.544555 best=1
2026-06-12 23:16:49,281 INFO epoch=19 train_loss=0.153473 val_loss=0.405181 d_pos=1.062163 d_neg=1.020347 probe_recall_at_1=0.333333 lr=0.00026916 search_recall_at_1=0.200000 search_recall_at_5=0.375543 search_recall_at_10=0.451087 search_map=0.119208 compare_bal_acc=0.545113 best=0
2026-06-12 23:17:03,304 INFO epoch=20 train_loss=0.147031 val_loss=0.402694 d_pos=1.117862 d_neg=1.074798 probe_recall_at_1=0.290598 lr=0.00026534 search_recall_at_1=0.209239 search_recall_at_5=0.391848 search_recall_at_10=0.476630 search_map=0.124083 compare_bal_acc=0.546186 best=1
2026-06-12 23:17:17,174 INFO epoch=21 train_loss=0.144643 val_loss=0.413866 d_pos=1.098193 d_neg=1.044118 probe_recall_at_1=0.333333 lr=0.00026134 search_recall_at_1=0.200543 search_recall_at_5=0.367391 search_recall_at_10=0.468478 search_map=0.120275 compare_bal_acc=0.554319 best=0
2026-06-12 23:17:30,101 INFO epoch=22 train_loss=0.144669 val_loss=0.414446 d_pos=1.105833 d_neg=1.052594 probe_recall_at_1=0.324786 lr=0.00025714 search_recall_at_1=0.200543 search_recall_at_5=0.363043 search_recall_at_10=0.448370 search_map=0.120375 compare_bal_acc=0.548264 best=0
2026-06-12 23:17:43,823 INFO epoch=23 train_loss=0.130714 val_loss=0.382298 d_pos=1.088940 d_neg=1.076439 probe_recall_at_1=0.290598 lr=0.00025277 search_recall_at_1=0.196739 search_recall_at_5=0.379891 search_recall_at_10=0.479348 search_map=0.125064 compare_bal_acc=0.545985 best=0
2026-06-12 23:17:57,648 INFO epoch=24 train_loss=0.123450 val_loss=0.413071 d_pos=1.085250 d_neg=1.042301 probe_recall_at_1=0.282051 lr=0.00024823 search_recall_at_1=0.197826 search_recall_at_5=0.388587 search_recall_at_10=0.484783 search_map=0.127512 compare_bal_acc=0.548822 best=0
2026-06-12 23:18:11,299 INFO epoch=25 train_loss=0.122214 val_loss=0.417705 d_pos=1.095660 d_neg=1.041360 probe_recall_at_1=0.282051 lr=0.00024352 search_recall_at_1=0.203261 search_recall_at_5=0.382609 search_recall_at_10=0.468478 search_map=0.122510 compare_bal_acc=0.545717 best=0
2026-06-12 23:18:24,839 INFO epoch=26 train_loss=0.121445 val_loss=0.387225 d_pos=1.063781 d_neg=1.066326 probe_recall_at_1=0.299145 lr=0.00023866 search_recall_at_1=0.210870 search_recall_at_5=0.385870 search_recall_at_10=0.477717 search_map=0.123793 compare_bal_acc=0.550185 best=1
2026-06-12 23:18:37,798 INFO epoch=27 train_loss=0.110789 val_loss=0.404888 d_pos=1.077902 d_neg=1.056877 probe_recall_at_1=0.256410 lr=0.00023365 search_recall_at_1=0.209783 search_recall_at_5=0.371196 search_recall_at_10=0.457609 search_map=0.124606 compare_bal_acc=0.549426 best=0
2026-06-12 23:18:50,866 INFO epoch=28 train_loss=0.113142 val_loss=0.400190 d_pos=1.081494 d_neg=1.055736 probe_recall_at_1=0.299145 lr=0.00022851 search_recall_at_1=0.207065 search_recall_at_5=0.388587 search_recall_at_10=0.487500 search_map=0.125716 compare_bal_acc=0.550878 best=0
2026-06-12 23:19:03,725 INFO epoch=29 train_loss=0.106074 val_loss=0.363410 d_pos=1.032807 d_neg=1.060311 probe_recall_at_1=0.299145 lr=0.00022323 search_recall_at_1=0.205978 search_recall_at_5=0.371196 search_recall_at_10=0.465761 search_map=0.124693 compare_bal_acc=0.549560 best=0
2026-06-12 23:19:17,903 INFO epoch=30 train_loss=0.105737 val_loss=0.373622 d_pos=1.042637 d_neg=1.056170 probe_recall_at_1=0.273504 lr=0.00021783 search_recall_at_1=0.221196 search_recall_at_5=0.384783 search_recall_at_10=0.470109 search_map=0.130257 compare_bal_acc=0.549716 best=1
2026-06-12 23:19:30,941 INFO epoch=31 train_loss=0.090782 val_loss=0.398959 d_pos=1.064111 d_neg=1.047865 probe_recall_at_1=0.307692 lr=0.00021231 search_recall_at_1=0.210870 search_recall_at_5=0.390217 search_recall_at_10=0.481522 search_map=0.128590 compare_bal_acc=0.549761 best=0
2026-06-12 23:19:43,697 INFO epoch=32 train_loss=0.096683 val_loss=0.387849 d_pos=1.054396 d_neg=1.042648 probe_recall_at_1=0.341880 lr=0.00020670 search_recall_at_1=0.207065 search_recall_at_5=0.395109 search_recall_at_10=0.479891 search_map=0.131841 compare_bal_acc=0.555481 best=0
2026-06-12 23:19:57,059 INFO epoch=33 train_loss=0.087880 val_loss=0.373664 d_pos=1.054067 d_neg=1.068965 probe_recall_at_1=0.307692 lr=0.00020098 search_recall_at_1=0.204891 search_recall_at_5=0.390761 search_recall_at_10=0.480435 search_map=0.131941 compare_bal_acc=0.547594 best=0
2026-06-12 23:20:10,587 INFO epoch=34 train_loss=0.097092 val_loss=0.403437 d_pos=1.093462 d_neg=1.061963 probe_recall_at_1=0.316239 lr=0.00019519 search_recall_at_1=0.207609 search_recall_at_5=0.380978 search_recall_at_10=0.470652 search_map=0.126548 compare_bal_acc=0.549225 best=0
2026-06-12 23:20:23,822 INFO epoch=35 train_loss=0.077269 val_loss=0.369670 d_pos=1.064906 d_neg=1.077938 probe_recall_at_1=0.307692 lr=0.00018932 search_recall_at_1=0.220109 search_recall_at_5=0.379348 search_recall_at_10=0.484239 search_map=0.127896 compare_bal_acc=0.554297 best=0
2026-06-12 23:20:36,790 INFO epoch=36 train_loss=0.082176 val_loss=0.376871 d_pos=1.066853 d_neg=1.077425 probe_recall_at_1=0.273504 lr=0.00018338 search_recall_at_1=0.218478 search_recall_at_5=0.385326 search_recall_at_10=0.476630 search_map=0.129816 compare_bal_acc=0.546320 best=0
2026-06-12 23:20:50,304 INFO epoch=37 train_loss=0.080969 val_loss=0.385023 d_pos=1.073613 d_neg=1.064375 probe_recall_at_1=0.324786 lr=0.00017739 search_recall_at_1=0.217391 search_recall_at_5=0.389674 search_recall_at_10=0.465217 search_map=0.130474 compare_bal_acc=0.552889 best=0
2026-06-12 23:21:03,468 INFO epoch=38 train_loss=0.081309 val_loss=0.376605 d_pos=1.077717 d_neg=1.085284 probe_recall_at_1=0.299145 lr=0.00017135 search_recall_at_1=0.214674 search_recall_at_5=0.386413 search_recall_at_10=0.476630 search_map=0.131649 compare_bal_acc=0.549649 best=0
2026-06-12 23:21:16,976 INFO epoch=39 train_loss=0.076215 val_loss=0.384313 d_pos=1.072096 d_neg=1.069878 probe_recall_at_1=0.324786 lr=0.00016527 search_recall_at_1=0.214674 search_recall_at_5=0.401087 search_recall_at_10=0.480978 search_map=0.131459 compare_bal_acc=0.551057 best=0
2026-06-12 23:21:30,555 INFO epoch=40 train_loss=0.077084 val_loss=0.390623 d_pos=1.064893 d_neg=1.063656 probe_recall_at_1=0.307692 lr=0.00015917 search_recall_at_1=0.212500 search_recall_at_5=0.382609 search_recall_at_10=0.465761 search_map=0.131386 compare_bal_acc=0.553694 best=0
2026-06-12 23:21:30,555 INFO early stopping triggered at epoch=40 best_epoch=30 best_metric=0.221196 patience=10 no_improve_epochs=10
2026-06-12 23:21:33,722 INFO training finished actual_epochs=40 final_val_loss=0.390623 best_epoch=30 best_metric=0.221196 no_improve_epochs=10 probe_recall_at_1=0.273504 compare_balanced_accuracy=0.549716 search_recall_at_1=0.221196 search_recall_at_5=0.384783 search_recall_at_10=0.470109 search_map=0.130257 checkpoint=/home/u2023312335/project/learn/PigeonVision/checkpoints/siamese/best.pt
