img_id,ring,code,source
100009,NL10-1031384,F5545:2|F5781:2|F5820:2|F5998:2,structured
100201,NL09-1331076,,fallback
100205,NL09-1331087,,fallback
10045,B01-6366746,F2776|F2777|F2859,fallback
100459,,F1153,fallback
100460,B07-6110398,F3599:1|F4012:2|F4041:2,structured
100510,B2003-6476030,F2776|F2777|F2861|F3322|F3352,fallback
100535,,,fallback
100583,,,empty
100585,,,empty
100589,,F260|F628,fallback
100591,,,empty
100614,,F615|F897,fallback
100767,B05-6153324,F2593|F2594|F2859|F3087,fallback
100867,,,empty
100870,,,empty
100900,NL08-2020815,F7244:2,structured
100924,,F2734|F2865|F299|F3035|F3092,fallback
101010,,,fallback
101015,,,fallback
101048,,,empty
101069,,,fallback
101074,,,fallback
101103,,F80,fallback
101115,CHN2002-01-445232,,empty
101124,,,empty
101126,,,empty
101192,NL10-1083072,F7244:2|F3386:3|F5447:3|F7211:3,structured
10164,NL06-1195033,,fallback
101728,CHN10-15-259348,F2484:2|F2498:2|F4543:2|F4549:2,structured
101747,,F615|F897,fallback
101762,,,empty
101860,B09-5051566,,fallback
101911,,,empty
101924,,,fallback
101925,,,empty
101942,,,empty
102077,,,fallback
102111,B03-6266119,F2407|F2467|F639,fallback
102332,,,fallback
102335,CHN11-01-061771,F342,fallback
10259,,,fallback
10260,,,fallback
10261,,F2736,fallback
10262,,,fallback
10264,,,fallback
102658,,,fallback
102659,,,fallback
102660,,,fallback
102694,DV0964-04-96,F5137:1,structured
102696,,,fallback
102706,,F2407|F2940,fallback
102707,,F3202|F3307,fallback
102709,,,fallback
102710,,,fallback
102711,CHN08-12-169009,,fallback
102712,CHN05-12-009782,F4595:2|F5415:2|F5416:2|F7036:2,structured
102713,AU2001-GFL-961,,fallback
102714,,,fallback
102716,CU2001-03244,,fallback
102717,CHN08-09-013193,,fallback
102719,CHN08-09-592896,,fallback
102745,CHN09-15-205277,,fallback
102798,,,empty
102800,,,empty
102803,,,empty
102804,,,empty
102847,B10-5182723,F2752|F601|F80|F954,fallback
102963,B05-3185185,,fallback
103074,B09-2203703,,fallback
103085,B02-6034130,,fallback
103099,B03-5235916,F2601,fallback
103100,B02-2142860,F2601,fallback
103224,CHN04-09-000056,,empty
103245,CHN08-09-125828,,empty
103380,CHN29-10-050406,,empty
103403,CHN29-10-178892,,empty
103442,,,empty
103443,,F217|F2753,fallback
103570,CHN2002-16-122886,,empty
103631,,,fallback
10379,,,fallback
103833,,F2417|F2627|F2636|F2687,fallback
103892,,,empty
103905,,,empty
103909,,,empty
103910,,,empty
103911,,,empty
103913,,,empty
103919,,,empty
103920,,,empty
103976,TF07-549259,F2477|F2710,fallback
103979,CHN2016-32-0552821,,fallback
103990,,,fallback
104012,,,empty
104014,,,empty
104084,BELG2009-6222923,F640:2,structured
104100,CC2010-428739,F2405:2|F2465:2|F6762:2|F6796:2,structured
104103,CHN10-15-187624,F3122:2|F5405:2,structured
10414,,,empty
104537,,F3027,fallback
104653,,,empty
104658,AU2007-408,,fallback
10466,B03-6097248,F132|F2517|F2518|F2642|F2657|F2674,fallback
104744,CHN1998-09-011270,,empty
104745,CHN1998-09-018729,,empty
104751,CHN2003-10-209847,,empty
104758,CHN2004-10-289252,,empty
104768,CHN2004-10-300473,,fallback
104854,CHN2005-10-548306,,fallback
104855,CHN2005-10-548307,,fallback
104963,,,empty
10497,B03-6096152,F3289,fallback
105026,CHN2009-12-017646,,empty
105041,CHN2009-12-017786,,empty
105125,CH2010-20-007929,,fallback
105407,NL09-1647015,,fallback
105408,B10-4258635,,fallback
105409,B10-4258636,,fallback
105411,,F2501|F342,fallback
105430,B10-4258661,,fallback
105431,B10-4258662,,fallback
105501,NL06-1078025,F5639:1|F5797:1,structured
105503,NL06-5629123,,fallback
105506,,F2403|F2426|F2797|F2878|F3326,fallback
105578,B05-5124315,F85:1|F462:1,structured
10558,B00-6340079,F2517|F2642|F2657|F2674,fallback
105765,CHN10-03-021453,F314,fallback
105915,NL10-1823006,,fallback
105941,CHN2010-01-868817,,fallback
105951,CHN18-2009-027466,,fallback
106047,BELG2009-6250000,,fallback
106059,BELG2006-6270255,,fallback
106064,BELG2009-6248565,,fallback
10610,,,fallback
106333,,F3235|F342|F625,fallback
106470,BELG2009-4331013,F224|F2577|F3262|F3269|F54|F573,fallback
10649,B03-6042169,F2460|F3293,fallback
10650,B04-6431023,F2883:2|F3343:2,structured
106502,NL17-1073517,F6336:2|F6484:2|F5914:3|F5919:3|F6070:3|F6196:3,structured
10651,B03-6042039,F2441:2|F2459:2|F2926:2|F3291:2,structured
106511,,,fallback
106515,,F604,fallback
10653,B00-6098324,F2479:2|F2696:2|F2698:2|F2850:2,structured
10658,B04-6035128,F2590:2|F2695:2|F2765:2|F2931:2,structured
10666,B04-6035145,,fallback
106688,DV02065-13-201,,fallback
106693,DV02065-13-236,,fallback
106694,DV02065-13-204,,fallback
106737,BELG2010-6052565,F1349|F1507,fallback
106742,BELG2010-6052564,F1349|F1507,fallback
106744,BELG2010-6052567,F1192|F1515,fallback
106807,BELG06-2082408,,fallback
106814,NL05-2208939,,fallback
106815,DV01769-14-35,,fallback
106819,DV01769-14-786,,fallback
106825,DV01769-14-725,,fallback
106829,DV01769-14-743,,fallback
10685,B04-6430750,F132|F2517|F2518|F2642|F2657|F2674|F3086,fallback
106932,NL06-1597645,F2528:1,structured
107109,,F342,fallback
107113,,F2688|F342,fallback
107114,,F342,fallback
107118,,F1298|F2501|F342,fallback
107119,,F2501|F342,fallback
107216,BELG05-2142768,,fallback
107327,DV01769-14-797,,fallback
107386,CHN08-09-188667,,empty
107404,CHN10-16-126187,,empty
107418,CHN10-32-545973,,empty
107467,CHN2010-08-259000,F2521|F2592,fallback
107471,NL1999-1870691,,fallback
107572,BELG06-3118150,,fallback
107576,BELG03-3131141,F2676|F35,fallback
107584,BELG04-3204401,F3000|F342,fallback
10764,NL06-1597236,F5041:2|F5446:2,structured
10765,B06-6334256,F2608:2|F2662:2|F2884:2|F3314:2,structured
107770,,,empty
107779,BELG05-4325754,F2577|F3011|F3269|F573,fallback
107786,BELG05-4274511,F2577|F3011|F3269|F573,fallback
108048,B07-4378473,F2752:2|F2916:2|F3126:2,structured
108058,BELG2013-6026405,,fallback
108059,,,fallback
108061,NL17-1875022,,fallback
108067,NL2010-1082810,,fallback
108068,NL2010-1082969,,fallback
108069,,F3116,fallback
108073,B10-6052077,F1658,fallback
108074,B2010-4323332,,fallback
108075,,,fallback
108076,,F2123|F2273|F2278|F2279|F2280|F2294|F2298|F2317,fallback
108078,,,fallback
108084,,,fallback
108092,BEL07-6399031,F2457:2|F2607:2|F4152:2|F4154:2,structured
108105,,,fallback
108144,B2004-6293186,F2858,fallback
108218,NL2011-1737011,F6531:2|F6542:2|F6600:2|F6605:2,structured
108260,BELG2013-4050274,F1733|F2577|F2752|F913,fallback
108261,BELG2013-4050340,F2752,fallback
108265,,,fallback
108266,,,fallback
108267,B14-2041177,F3524:2|F3526:2|F3577:2|F4134:2,structured
108268,,F181|F3116|F370,fallback
108270,,F2753|F3269|F573,fallback
108271,,,fallback
108273,,,fallback
108274,,,fallback
108275,,F2577|F3269|F573,fallback
108319,BELG13-6310483,F847,fallback
108322,BELG13-6300533,F1769|F3308,fallback
108330,BELG13-6300546,F1161,fallback
108331,BELG13-6300550,F1163|F260|F3308,fallback
108332,BELG13-6310591,F3308|F994,fallback
108333,BELG13-6310599,,fallback
108334,BELG12-6225105,F3308,fallback
108335,BELG12-6225120,F3308,fallback
108341,BELG12-6225160,F1881|F3250,fallback
108348,BELG13-6096530,F1527,fallback
108353,BELG13-6096627,F1881,fallback
108357,BELG2013-4050441,,fallback
108490,NL12-1822137,,fallback
108526,B05-3224609,F3116,fallback
108636,NL2007-1129402,F6489:2|F6498:2|F6510:2|F6542:2,structured
108638,CHN2015-03-0887778,F6489:3|F6498:3|F6510:3|F6542:3,structured
108646,B10-4258561,,fallback
108650,B07-4349252,,fallback
108653,DV06720-07-753,,fallback
108786,,F2582,fallback
108787,,F2582,fallback
108817,CHN2018-08-0008822,,fallback
108818,NL1998-9821081,F2457,fallback
108912,NL03-1675010,F5450:1,structured
108984,BE2016-4065405,,fallback
108987,,,empty
108988,,,fallback
108990,,F3262,fallback
108992,B18-4220670,F913:2|F1926:2|F1964:2|F688:3|F2610:3,structured
108993,B07-6364322,F124:2|F2721:2|F2852:2|F3066:2,structured
108994,,F1757,fallback
108996,,F181|F3281|F86,fallback
108997,,,fallback
108998,,,fallback
108999,,,fallback
109001,,F331,fallback
109003,BE06-4371190,F2830|F3260,fallback
109006,B12-1994805,,fallback
109010,B13-1784969,,fallback
109161,,F1581|F3116|F737,fallback
109402,NL2007-2054472,,fallback
109511,,,fallback
109514,,,fallback
109515,,,fallback
109586,BELG2009-6248549,,fallback
109600,B08-3079294,,fallback
109638,BE2011-6330024,F455:3|F1036:3,structured
109639,CHN2017-08-0199999,,fallback
109640,BE2011-6332462,F1484,fallback
109646,,,fallback
109674,NL09-1674556,,fallback
109797,CHN2010-18-049980,,empty
109800,CHN2010-18-044420,,empty
109805,CHN2006-18-003077,,fallback
109810,CHN2019-08-0097777,F1518|F1921,fallback
109816,CHN10-32-261894,,empty
109817,CHN09-32-600511,,empty
109819,CHN09-32-601795,F83,fallback
109820,,,fallback
109905,B2007-2252188,F1235|F3269|F573,fallback
109927,B2009-4114859,,fallback
109952,,,fallback
109970,B2009-4114860,,fallback
110016,B2005-2004989,,fallback
110018,B2008-2241584,,fallback
110019,B2008-2197693,F2147,fallback
110020,B2009-2026905,,fallback
110021,B2007-4380865,,fallback
110024,NL2010-1271446,,fallback
110027,NL2008-1101757,,fallback
110085,NL08-1102719,,fallback
110114,,,fallback
110116,,,fallback
110117,,,fallback
110118,,,fallback
110137,NL2008-1537260,,fallback
110138,NL2008-1537315,F6496:2|F6542:2|F6566:2|F6605:2,structured
110154,B2002-5061014,,fallback
110224,B09-6240990,F2205:2|F2767:2|F2935:2|F3031:2,structured
110480,B06-6334290,F2606:2|F2728:2|F2789:2|F3049:2,structured
110486,B05-6445716,F2608:2|F2658:2|F2788:2|F3311:2,structured
11064,S05-30336,,fallback
110676,,,fallback
110705,B07-6390349,F268|F975,fallback
110706,B07-2015494,F2615,fallback
110707,B05-6166490,,fallback
110848,,F81,fallback
110849,CHN2006-03-303068,F81,fallback
110850,CHN2006-03-303042,F81,fallback
110879,CHN04-12-076949,,fallback
111065,,,empty
111074,,,empty
111079,,,empty
111081,,,empty
111087,,F217|F2753|F3269|F573,fallback
111091,BELG2007-4138819,,empty
111110,NL2008-1489640,,fallback
111137,NL08-1569144,,fallback
111163,B05-6304236,,fallback
111269,,,fallback
111314,,F2390|F2435|F2437,fallback
111337,,F1507|F645,fallback
111341,CHN12-08-144759,,fallback
111347,CHN2010-05-162893,,empty
111355,B02-6074071,,fallback
111357,,,fallback
111582,CHN2004-09-171126,,fallback
111583,CHN2007-09-002392,,fallback
111730,,F2477|F2710,fallback
111808,CHN08-03-199999,,empty
111809,,,empty
111831,CHN05-10-126014,,fallback
111834,CHN09-10-011011,,fallback
111838,CHN05-10-436362,,fallback
111840,CHN07-10-023009,,fallback
111841,CHN09-32-609779,,fallback
111842,,,empty
111843,CHN10-10-040172,,fallback
111844,CHN10-32-262598,,fallback
111845,,,fallback
111847,,,empty
111853,,,empty
111854,,,empty
111857,,,empty
111859,,,empty
111860,,,fallback
111864,,,fallback
111868,,,empty
111869,NL2004-1993808,,fallback
111886,,,fallback
111887,,,fallback
111890,,,fallback
111971,,,fallback
112069,CHN2005-09-037556,,fallback
112077,NL2012-1618365,F6491:2|F6542:2|F6553:2|F6605:2,structured
112079,CHN2017-03-0077158,F6521:3|F6522:3|F6553:3|F6491:4,structured
112081,B09-5051450,,fallback
112093,NL08-1349377,F5907:1|F6182:1,structured
112113,AU96-FVC-9721,,empty
112118,BELG2003-6485743,F2593|F2859,fallback
112119,BELG2003-6485774,F2858,fallback
112120,BELG2003-6457022,F2508|F2607|F2776|F2777,fallback
112121,BELG2003-6457028,F2508|F2607|F2776|F2777,fallback
112122,BELG2003-6457034,F2478|F2776|F2777,fallback
112123,BELG2003-6485750,F2477|F2645|F2710|F2711|F3169|F3199,fallback
112125,BELG2005-6445710,F2608|F2662|F3310,fallback
112230,CHN2009-06-055938,,fallback
112289,NL2006-2162266,F6566:1|F6492:2|F6497:2,structured
11229,B01-6398526,F2517|F2642|F2657|F2674,fallback
112402,NL07-1907957,,fallback
112409,B01-6526608,,fallback
112435,DV09856-04-592,,fallback
11246,B04-6126467,F154|F2518|F3217,fallback
11250,B04-6430728,F132|F154|F2517|F2518|F2642|F2657|F2674|F3217,fallback
112601,,,empty
112609,BELG1995-6274413,,fallback
112697,,,fallback
112699,BELG2011-6219339,F2549:2|F2775:2|F2594:3|F2859:3|F3087:3|F4058:3,structured
1127,B01-2243931,,fallback
112735,CHN2016-03-0900833,F6500:3|F6531:3|F6552:3|F6489:4|F6498:4|F6510:4|F6542:4|F6605:4,structured
112792,,F3269|F384|F570,fallback
112868,NL2016-1526279,F6551:2|F6600:2|F6650:2|F6496:3|F6566:3,structured
112881,,,fallback
112944,B03-6266150,,fallback
112995,,,fallback
113049,CHN2005-20-000267,,empty
113052,CHN2006-20-000071,,empty
113054,CHN2007-20-006282,,empty
113139,,,fallback
113148,,,fallback
113229,B05-4045228,F2529|F2530|F2753,fallback
113249,,,empty
113297,B03-6063937,,fallback
113325,,,empty
113353,B07-4067956,F2577|F742,fallback
113440,,,fallback
113441,,,fallback
113454,,,empty
113483,,,empty
113538,,,fallback
113550,B2005-3185208,F2068|F2091,fallback
113551,B2006-3206562,F2068|F2091,fallback
113560,B2008-3079103,F2068|F2091,fallback
113562,B2008-3079293,F2068|F2091,fallback
113567,B2008-3079295,F2068|F2091,fallback
113598,,,empty
113819,CHN2005-04-019135,,fallback
113824,B99-3221937,F3005|F3115,fallback
113852,CHN05-10-420043,,empty
113855,CHN03-10-088962,,empty
113862,CHN2010-04-045802,F4374:1|F4815:1,structured
113863,CHN2009-04-651839,F4374:1|F4791:1,structured
113894,CHN06-10-322124,,empty
113927,B2006-5100917,F2752|F601|F80,fallback
113951,CHN09-10-011011,,fallback
113953,CHN09-10-010719,F2529|F2530|F2753|F3012,fallback
113961,CHN08-10-335717,,empty
113969,CHN04-10-350976,,empty
114041,B04-6276731,F2407|F2467|F2547|F2705,fallback
114043,CHN10-15-259704,F2760|F494|F5043|F680,fallback
114143,CC10-314503,F4607:1|F2497:2|F3122:3|F5405:3,structured
114144,,F2497|F2520|F2616|F3122,fallback
114188,CHN2008-32--002509,,fallback
114201,BELG2009-6222918,F110|F2546|F3200,fallback
114262,B2009-5185770,F601|F80,fallback
114265,B10-2154676,F2963,fallback
114269,,F2391|F2410,fallback
114302,NL07-2008494,,fallback
114481,CHN01-09-283386,,empty
114551,CHN18-10-335719,,empty
114578,CHN08-10-335770,,empty
114579,CHN10-10-702178,,empty
114584,CHN09-32-599107,,empty
114585,CHN09-10-700331,,empty
114586,HN10-10-702162,,fallback
114587,CHN10-10-702161,,fallback
114598,B96-1388737,,empty
114615,CHN04-09-025609,,empty
114618,CHN06-09-046045,,empty
114619,CHN07-09-018295,,empty
114702,,,empty
114719,CHN04-09-247923,F4574:1,structured
114746,B09-5061390,F592|F73,fallback
114758,B08-5061305,,fallback
114769,B07-5080123,,fallback
114770,B07-5030320,,fallback
114771,B03-5071100,F2626|F2690|F2835,fallback
114778,NL02-0271883,F6868:1|F7270:1,structured
114784,NL2003-1272747,F2881,fallback
114916,,,fallback
114917,BELG2010-4323440,F4293:2|F4360:2|F4216:3|F4245:3,structured
114919,B10-2010-4327858,F4216:2|F4245:2|F4309:2|F4383:2,structured
11499,BELG98-2061202,,fallback
11501,BELG00-2117288,,fallback
11502,CHN04-10-654816,,fallback
115104,CHN09-09-192082,,empty
115135,,,empty
115144,,,empty
115327,CHN2008-01-156723,,fallback
115630,CHN10-09-383377,F2897,fallback
115714,CHN2010-15-285779,F2447|F326|F3317,fallback
115715,CHN2009-15-034934,F2447|F326|F3317,fallback
115716,,,fallback
11574,B04-4084131,,fallback
115891,B14-6022926,,fallback
115894,NL12-1822735,,fallback
115895,NL12-1822153,,fallback
115902,B09-6221398,F2723:1,structured
115903,B10-6022287,,fallback
115951,NL07-1561167,,fallback
115961,CHN10-12-172488,,empty
116055,B10-2045469,F20:1|F773:2,structured
116056,CHN2017-01-1363258,F3121,fallback
116071,CHN99-09-008871,,fallback
116072,CHN98-09-005741,,empty
116086,CHN99-09-008471,,empty
116105,CHN01-09-141941,,empty
116146,CHN2015-08-0111911,,fallback
116152,CHN2015-08-0099997,,fallback
116156,BELG2003-3131084,,fallback
116160,BELG2005-3185215,,fallback
116161,BELG2003-3131148,F191,fallback
116167,,F2038|F2109|F2413|F2456|F2544|F2545|F2546|F2547|F2640|F2659|F2705|F2856|F640,fallback
116477,,,empty
116479,,,empty
116480,,,empty
116481,,,empty
116484,,,empty
116489,,,empty
116701,,,empty
116703,,,empty
116704,,,empty
116706,,,empty
116707,,,empty
116717,,,empty
116720,,,empty
116722,,,empty
11677,B04-6058345,F9:2|F2453:2|F3208:2|F3341:2,structured
116771,,,empty
116773,,,empty
116820,,,empty
116855,CHN01-10-638093,,fallback
116877,CHN02-10-200028,,fallback
116878,CHN03-10-088970,,empty
116879,CHN06-10-336895,,empty
116881,CHN03-10-088979,,fallback
116926,B06-4372407,F3040:2|F3041:2,structured
116940,,,fallback
116992,DV01055-01-0566,,fallback
116998,DV07764-06-626,,empty
117009,CHN2008-02-162664,,fallback
117010,CHN2008-02-162663,,fallback
117011,,,fallback
117130,C08-10-407869,F4592:1|F4593:1,structured
117194,,,empty
117207,,,empty
11727,NL05-0526048,,fallback
117322,CHN10-01-852284,,fallback
117330,CHN2007-048078,,fallback
11735,,,fallback
117637,CHN02-08-114999,,fallback
117813,,,empty
117817,,,empty
117822,,,empty
117825,,,empty
117828,,,empty
117880,,,empty
117975,,,empty
117976,,,empty
117978,,,empty
117979,,,empty
117980,,,empty
117985,CHN2008-20-028888,,empty
117986,,,empty
117989,CHN2009-20-000199,,empty
117990,CHN2009-20-000311,,empty
117991,,,empty
117994,,,empty
118006,,,empty
118172,,,fallback
118173,,F604,fallback
118174,,,fallback
118176,,,fallback
118177,B09-2054459,F2780|F3060|F3267|F57,fallback
118178,,,fallback
118269,,,fallback
118270,,,fallback
118272,,,fallback
118274,,,empty
118378,CHN11-02-001723,,fallback
118379,CHN11-02-001741,,fallback
118409,,,fallback
118417,,,fallback
118419,,,fallback
118421,,,fallback
118423,,,fallback
11845,CHN2004-18-000303,,fallback
118544,B09-5061926,,fallback
118547,B09-5061966,,fallback
118560,CHN08-15-193693,,empty
118567,,F2577|F375,fallback
118568,,F2577|F375,fallback
118570,GB05-13608,F375:1|F4227:2|F4272:2,structured
118571,GB05-29156,F3012:1,structured
118580,CHN09-15-297917,,empty
118581,CHN09-15-297906,,empty
118585,CHN10-01-273680,,fallback
118586,CHN11-15-314208,F375:1|F4227:2|F4272:2,structured
118588,,,fallback
118591,,F148,fallback
118596,CHN06-15-017771,,fallback
118654,,F191,fallback
118655,,F148,fallback
118658,,F148,fallback
118659,,F148,fallback
118663,,,fallback
118670,,,fallback
118742,CHN2006-20-000102,,empty
118744,CHN2005-20-010658,,empty
118765,CHN10-22-1025661,,empty
119144,BELG06-2082322,,fallback
119145,BELG06-2082460,F2499,fallback
119148,BELG05-2142783,,fallback
119149,BELG05-2142786,,fallback
119152,BELG06-2082389,,fallback
119155,BELG13-6080666,F1656|F1681|F3307,fallback
119198,,F2946,fallback
119203,,F2897|F2925,fallback
119235,B14-6265852,F2588,fallback
119237,B12-2177520,F3116|F44|F503|F871,fallback
119238,NL04-2058858,,fallback
119432,DV06565-09-462,,fallback
119752,NL2007-1207497,,fallback
119761,NL2007-1207580,F2946,fallback
119854,,,empty
120117,BELG2011-3057442,F527,fallback
120165,,F1507|F645,fallback
120166,,,fallback
12026,,,fallback
12030,,,fallback
12031,,,fallback
12033,,,fallback
12034,,,fallback
12038,,,empty
12042,,,empty
120459,,,fallback
12046,,,fallback
12056,CHN02-01-495069,,fallback
120570,,,empty
120571,,,empty
120572,,,empty
120582,,,empty
12061,,,fallback
120692,B2006-6329139,F840|F841,fallback
120706,BE2003-3003771,F3116|F360,fallback
120715,BE2005-3006570,,fallback
120743,NL09-1814777,F2595,fallback
120744,CHN01-09-141941,,empty
120747,CHN01-09-141941,,empty
120748,CHN01-09-283381,,empty
12080,,,fallback
12087,CHN11-01-226325,,empty
120893,CHN02-12-148192,,empty
120894,CHN03-12-054803,,empty
120895,CHN06-12-051187,,empty
120896,CHN08-12-051054,,empty
120898,CHN08-12-079300,,empty
120899,CHN08-12-079318,,empty
120900,CHN09-12-151231,,empty
120901,CHN09-12-151275,,empty
120902,CHN09-12-151297,,empty
120908,CHN10-12-227222,,empty
120909,CHN10-12-227232,,empty
120912,CHN10-12-227248,,fallback
12092,,,fallback
12093,,,fallback
120975,,,empty
12098,,,empty
121044,S2010-101078,,empty
121101,NL2008-2041129,F6088:1|F6107:1,structured
12128,,,empty
12133,B05-6126278,F2567:2|F2918:2|F2957:2|F3231:2,structured
12139,B06-6307734,F119:2|F120:2|F3326:2|F3327:2,structured
121509,BELG07-2055187,,fallback
121537,CHN2015-08-0111111,,fallback
121550,BELG02-2214379,F2427:2|F2434:2|F2988:2|F7015:2,structured
121575,,F122,fallback
121649,DV01769-14-775,,fallback
121652,DV01769-14-749,,fallback
121681,B09-5170508,,fallback
121682,B14-6183787,F303|F962,fallback
121746,B14-6183800,F303|F962,fallback
121747,B14-6183783,F303|F962,fallback
121770,,,empty
121771,,,empty
121772,,,fallback
121773,,,fallback
121774,,,empty
121775,,,empty
121776,,,empty
121777,,,empty
121778,,,empty
121812,B10-5108698,,fallback
121813,B14-6183791,F303|F962,fallback
121817,B10-5170175,,fallback
121826,B2000-4065598,F2529:1|F2530:1,structured
121902,CHN04-15-118795,F148:1,structured
121903,CHN05-15-159970,F2577,fallback
121904,,F148,fallback
121905,,F148,fallback
121906,,,fallback
121916,,F148,fallback
121918,DV02065-13-226,,fallback
121919,DV02065-13-238,,fallback
121920,DV02065-13-250,F14,fallback
121921,BELG13-6080640,F1323|F2546|F991|F993,fallback
121923,BELG12-6236130,F991|F993,fallback
121924,BELG13-6080895,F110:2|F1187:2,structured
121946,NL2008-2041129,F6088:1|F6107:1,structured
121951,B02-2246057,,fallback
122074,CHN08-10-213791,,fallback
122080,,,fallback
122085,,F466,fallback
12209,NL2005-5532433,F6819:2|F6937:2|F7087:2|F7090:2,structured
122236,BELG2017-2111171,F1315|F1517|F1900|F2959|F3170|F635|F636|F637,fallback
122644,,F2577|F2753|F3269|F573,fallback
122651,B08-6144590,F1507|F645,fallback
122652,,F331,fallback
122699,,,fallback
122700,CHN2005-09-362100,,fallback
122746,B06-6307511,F2426|F2797|F2878,fallback
122768,,F54,fallback
122783,,F236|F3001|F344,fallback
122864,,,empty
122909,,,empty
122912,,,empty
122957,,,empty
123017,B05-3006778,F3116|F360,fallback
123023,B07-5110112,,fallback
123081,CHN02-09-239997,,empty
123082,CHN02-09-128885,,empty
123086,CHN02-09-128886,,empty
123087,CHN03-09-227078,,empty
123089,CHN03-09-207112,,empty
123244,,,empty
123333,,F2519|F2521|F2592|F2594|F3087,fallback
123608,,F1517|F3170,fallback
123749,NL07-3750649,,fallback
123919,B09-3021797,,fallback
124086,B03-2310912,F2458:2|F2691:2,structured
124089,B02-3003886,F2144:1|F3116:1,structured
124099,BELG06-2019976,F2443,fallback
124100,DV0583-10-195,,fallback
124101,BELG2006-2019767,F2443,fallback
124102,BELG2006-2019766,F2443,fallback
124103,DV0583-10-183,,fallback
124104,DV0583-10-169,,fallback
124112,B06-5150745,,structured
124133,BELG2003-6226056,F426:1|F4230:1,structured
124164,NL05-0561436,,fallback
124207,NL11-1764186,,fallback
124211,NL11-1764190,F7061:2|F7111:2,structured
124219,NL11-1782257,F6246:2|F7163:2,structured
124220,NL11-1782258,F6246:2|F7163:2,structured
124276,BE06-4112056,F3405:2|F4020:2|F4021:2,structured
12431,,,fallback
124353,,,empty
124386,B08-6244416,F2797|F2878|F3326,fallback
124387,B10-430625,F2916|F3262|F3269|F573,fallback
124388,,F2753,fallback
124535,,,empty
124645,B11-2009917,F149:2|F431:2|F693:2|F1066:2,structured
124646,B08-2239815,F499:1|F873:1,structured
124653,,,empty
124660,,,empty
125017,,,empty
125020,,,empty
125097,,,empty
12514,,,empty
12515,,,fallback
12522,,,fallback
125266,,,fallback
125267,,,fallback
125268,,,fallback
125270,,,fallback
125271,,,fallback
125292,,,fallback
12540,,,fallback
12541,CHN04-01-551165,,empty
12542,,,empty
12547,CHN14-01-1258101,,empty
12548,,,empty
12549,,,empty
125510,CHN2010-12-174866,,empty
125511,CHN2010-12-174908,,empty
125513,CHN2008-10-618718,,empty
125515,CHN2010-10-487454,,empty
12556,,,empty
12557,,,empty
125599,CHN2010-079893,F2143:2|F2252:2|F2508:2,structured
125798,,,fallback
12581,NL07-1667771,,fallback
125813,T2008-681464,F1801|F3322|F3352|F467,fallback
125890,BE2012-2061346,,fallback
125896,,,empty
125898,CHN2007-02-027614,,fallback
125899,BE2014-4279753,,fallback
125918,NL17-1073524,F6391:2|F6449:2|F1961:3|F5644:3|F6380:3|F6423:3,structured
125919,NL17-1276009,F1870:2|F1872:2|F5723:2|F6027:2,structured
125948,,,fallback
125956,,F2577|F910|F937,fallback
125967,GB10-X33621,,fallback
126045,,F2577,fallback
12626,AW2004-4849,,fallback
126283,,F2577|F3269|F573,fallback
12631,CHN2006-18-054558,,fallback
126320,,,empty
126380,B11-6219375,F2593|F2776|F2777|F2861|F3322|F3352,fallback
126446,CHN11-17-042802,F4658:1|F6240:1,structured
126447,CHN11-17-042801,F4658:1|F6240:1,structured
126448,,,fallback
126449,,,fallback
126450,,,fallback
126574,,,fallback
126575,,,fallback
126576,,,fallback
126918,BELG13-6080890,F110|F2546|F991|F993,fallback
126919,BELG13-6080942,F1656|F1681|F3307,fallback
126996,DV01769-08-976,,fallback
127049,DV07-05914-135,,empty
127310,NL17-1073534,F6291:2|F6443:2|F6476:2|F6197:3|F5914:4|F6070:4,structured
127341,B09-2132493,F3270:1|F2756:2|F2827:2,structured
127364,B09-2141688,F3270:1|F3210:2|F3240:2,structured
127366,,,empty
127378,NL08-1967894,,fallback
127391,B01-9040072,F3206,fallback
127408,NL10-1109617,,fallback
12746,,,empty
12747,,,fallback
127625,,F2447|F326|F3317,fallback
127626,CHN2010-15-056638,F2447|F326|F3317,fallback
127627,CHN2009-15-267931,F2447|F326|F3317,fallback
127628,,F326,fallback
127629,,F2447|F326|F3317,fallback
127630,NL2006-2120220,,fallback
127631,CHN2011-15-314243,F3236|F341,fallback
127632,CHN2009-15-077533,F3236|F341,fallback
127720,,F326,fallback
127721,,F2447|F326|F3317,fallback
127731,B11-6265533,F2904|F3202|F638,fallback
127790,,F2447|F326|F3317,fallback
128055,,,fallback
128169,B07-6397873,F1548|F2644,fallback
128170,B06-6412568,F2507|F2609|F2788|F2796,fallback
128207,B09-3110149,F508:1|F3242:2|F2439:3|F2681:3,structured
128293,,,fallback
128294,,,empty
128296,,,fallback
128475,CHN08-15-193451,,empty
128476,BE04-4375970,,fallback
128478,CHN2011-06-062638,,empty
128510,,,empty
128859,B07-3201483,F28,fallback
128887,,F410,fallback
128888,BE10-6140283,,fallback
128941,CHN07-03-299891,F82:2|F231:2|F278:2|F3304:2,structured
129242,,,fallback
129312,BELG2009-2130447,F2582:2|F2630:2|F2404:3|F2442:3|F2443:3|F5232:3,structured
129346,NL2014-1050869,,fallback
129347,B16-6262457,F1207,fallback
129354,NL16-1523674,F1961:2|F5644:2|F6380:2|F6423:2,structured
129405,,F1581|F3116,fallback
129431,,,fallback
129564,,,fallback
129578,,,empty
129635,,F2447|F326|F3317,fallback
129645,NL2008-1877291,,fallback
129708,,F3116,fallback
129727,BELG08-6314600,F3200:1|F2643:2|F2952:2,structured
129738,B09-9073136,F283:2|F673:2|F1022:2|F1175:2,structured
129739,B09-3187461,F5571:2|F5782:2|F2470:3|F2486:3|F2501:3|F2619:3,structured
129740,B09-3185150,F539:2|F3121:2|F2470:3|F2486:3|F2501:3|F2619:3,structured
129742,B08-3079193,F1158:1|F2470:3|F2486:3|F2501:3|F2619:3,structured
129749,B08-3079194,F1158:1|F2470:3|F2486:3|F2501:3|F2619:3,structured
129774,NL12-1051366,,fallback
129775,,,fallback
129776,B10-6052211,,fallback
129778,,,fallback
129810,NL10-5020624,,fallback
129811,NL05-1501379,,fallback
129865,,,empty
129887,,,empty
129894,,,empty
129905,,,empty
129934,CHN2011-06-167121,,empty
129983,,F2881,fallback
130013,,F2946,fallback
130022,B02-4477694,,fallback
13006,NL05-1574885,F7123:1|F7188:1,structured
130063,B2011-4232165,F1603:1,structured
130066,B2011-4232180,F1603:1,structured
130069,B2011-4232076,F560:2|F571:2|F916:2|F917:2,structured
130071,B2011-4232159,F216:2|F363:2|F584:2|F729:2,structured
130075,B2011-4288281,F584:1|F1720:1,structured
130076,B2011-4288282,F1075:1|F1289:2|F1290:2,structured
130078,B2008-4070090,F219:2|F916:2|F917:2,structured
130084,,F2224,fallback
130092,B2011-6133696,F452:2|F2609:3|F2718:3,structured
130094,B2011-6133697,F2869:2|F2882:2,structured
130128,NL07-1104630,,fallback
130137,NL06-1493092,,empty
130141,,F2436|F2521|F2607|F2778,fallback
130143,B2011-6133699,F2884:2,structured
130146,B2011-6133700,F2733:2,structured
130148,B2011-6133704,F2966:2,structured
130149,B2011-6133705,F2966:2,structured
130150,B2011-6133707,F1548:1,structured
130187,B08-9008196,,fallback
130212,,F3317,fallback
130227,B10-5020010,F2752,fallback
130258,BE09-3173000,F2487,fallback
130306,,,fallback
13035,,,fallback
130385,CHN2019-10-0650910,,fallback
130447,CHN2011-276791,F2860:2|F3089:2,structured
130449,CHN2011-455229,F2860:2|F3089:2,structured
130452,CHN2010-10-126278,F2925,fallback
13054,NL06-1659491,,fallback
130570,,,empty
130604,BE09-4331030,F3262,fallback
130606,BE09-4114972,F3262,fallback
130613,NL2010-1718842,F5497:2|F5929:2|F6024:2|F6025:2,structured
130658,,,empty
130662,,,fallback
130664,,,empty
130736,CHN09-32-589071,F2753,fallback
130745,,F14,fallback
130783,BELG2006-2017371,F493:1|F2585:2|F2693:2,structured
130784,BELG2008-2145666,F2424|F2969|F494|F680,fallback
130801,B07-6363647,F2553:2|F2780:2|F2725:3,structured
130860,,,fallback
130861,,,fallback
130863,,,fallback
130893,,,empty
130910,,,empty
130914,,,empty
130916,,,empty
130921,,,empty
130926,,,empty
130928,,F2676,fallback
130934,,,empty
130941,,,empty
130943,,,empty
130972,,,empty
131033,B2011-6142040,,fallback
131139,CHN07-15-115977,F2955:2|F2477:3|F2508:3|F2645:3|F2710:3|F2711:3|F2712:3,structured
131208,,,fallback
131343,CHN2011-10-109543,F2925,fallback
131386,NL10-1681819,,fallback
131394,NL10-1681834,,fallback
131397,NL10-1681854,,fallback
131447,NL11-1764211,,fallback
131453,,,empty
131465,NL11-1764232,,fallback
131472,NL11-1764205,,fallback
131473,NL11-1764206,,fallback
131474,NL11-1764221,,fallback
131478,CC03-260202,F2405|F2465,fallback
13149,,,empty
131518,CHN06-01-481900,,empty
131526,CHN2019-10-0650908,,empty
131529,CHN09-01-815747,,empty
131571,NL2009-1221804,F5482:2|F5525:2|F5868:2|F6059:2,structured
131615,CHN10-09-487418,,empty
131807,,,empty
132058,,,empty
132076,,,empty
132187,B09-6238009,,fallback
132201,,F2678,fallback
132207,,,fallback
132266,B09-2086028,,fallback
132275,CHN18-2011-024552,F3329:2|F2642:3|F2674:3,structured
132285,B05-6448071,F2038|F2140,fallback
132291,CHN18-2011-021652,,empty
132292,CHN18-2011-030241,F4504:2|F4507:2,structured
132294,CHN18-2011-024669,,fallback
132297,CHN18-2011-001305,F5409:1|F5032:2|F5033:2,structured
132364,B08-3172925,F1266:1|F1269:1,structured
132378,CHN07-01-737102,,fallback
13240,B2006-6210660,F2726:2|F2727:2|F2780:2|F2948:2,structured
132408,CHN10-06-041085,,empty
132409,CHN10-06-041086,,empty
132410,CHN2010-06-042044,,empty
13245,CHN06-01-707064,,fallback
132464,NL11-109624,,fallback
132522,NL18-1700709,F6323:2|F6442:2|F5914:3|F5919:3|F6070:3|F6196:3,structured
132547,,,empty
132558,,,empty
132561,,,empty
132592,,F2480|F2554,fallback
132594,,,fallback
132595,,,fallback
132599,,F3269|F576,fallback
132660,CHN2009-15-013745,F2447|F326|F3317,fallback
132664,CHN2009-15-268566,F2447|F326|F3317,fallback
132668,CHN2010-15-285795,F2447|F326|F3317,fallback
132672,CHN2010-15-088566,F3236|F341,fallback
132735,CHN2011-06-167627,,empty
132736,CHN11-06-167617,F2297,fallback
132799,,,fallback
132801,,,fallback
132803,,F2480|F2554,fallback
132819,,,fallback
132836,,,empty
132861,CHN2011-09-100609,,empty
132956,,,empty
132958,,,empty
132971,DV09-02878-428,,fallback
133022,CHN2009-08-010113,,empty
133073,,,fallback
133074,,,empty
133096,,F326,fallback
133104,CHN2011-05-439999,,fallback
133134,,,empty
133302,B05-3006794,,fallback
133307,BELG2008-3037512,F3116|F881,fallback
133308,BELG2009-3040083,F1431|F881,fallback
133388,,,fallback
133390,CHN2011-05-428777,,fallback
133391,CHN2011-05-556446,,fallback
133444,CC04-299524,F2614,fallback
133548,B08-4359688,,fallback
133599,CC03-260113WN03-030504,,fallback
133639,CHN2011-09-430718,,empty
133713,CHN18-2011-006271,,fallback
133729,CHN18-2011-022126,F4741:2|F4785:2,structured
133757,,,fallback
13378,B04-6266065,F3080,fallback
13379,B04-6266643,F2974:2|F3080:2|F3082:2|F3189:2,structured
133808,CHN2011-05-556440,,fallback
133809,CHN2011-05-504555,,fallback
13402,B98-5201227,F2423:2|F2444:2|F2506:2,structured
134063,,F317,fallback
134077,,,fallback
134100,,,empty
134114,BE11-4097210,,fallback
134120,CC04-299991,,fallback
134142,B2011-4244679,F2577|F3269|F573,fallback
134183,,,fallback
134396,NL2010-2802536,,empty
134421,CHN02-03-238050,,fallback
134445,BE04-4277399,F2753,fallback
13446,NL01-2189156,,fallback
134469,,,fallback
13447,NL01-2189162,,fallback
134499,,,fallback
13452,B04-5065605,F2834:2|F2848:2,structured
134593,,,empty
134601,,F2866|F3159,fallback
134602,B10-5031249,,fallback
134788,CHN2010-32-355558,,fallback
134851,,,empty
134874,,,empty
134890,AU2007-MAGIC-6547,,fallback
134909,,,fallback
134912,,,fallback
134915,BELG2003-6384897,,fallback
135035,,F3284|F3332,fallback
135046,,F2701,fallback
135049,,F2701,fallback
135089,,,fallback
135147,,,fallback
135212,,,empty
135213,CHN2014-08-1233009010,,fallback
135241,CHN2014-01-1233007008,,fallback
135284,C08-05-161340,,empty
135286,C05-01-554766,,empty
135294,C09-05-191126,F6528:1|F6530:1,structured
1353,NL99-5927810,,fallback
135302,C09-05-191020,F6528:1|F6530:1,structured
135304,C11-05-292205,,fallback
135305,C04-03-089064,F3028:1,structured
135306,C09-05-430052,F6562:1,structured
135315,C08-05-161375,,empty
135367,BE07-4093433,,fallback
135383,,,fallback
135409,BE07-4093340,F2577,fallback
135542,NL09-5915958,,fallback
135582,,F1517,fallback
135585,,F1517,fallback
135594,,F1517,fallback
135637,,F2461|F2692,fallback
135643,CHN2009-03-663880,,fallback
135676,,,empty
135702,CHN2011-32-840225,,fallback
135776,CHN04-10-379429,,empty
135786,,,empty
135787,,F2916|F568,fallback
135795,,,empty
135823,,F2946,fallback
135859,,F2461|F2542,fallback
135881,,,fallback
135884,B10-4322659,F3014,fallback
135899,,,empty
135911,,,fallback
135917,,,empty
135919,BE08-4133938,F1103:1,structured
135920,BE08-4133943,F2577|F3269|F573|F910,fallback
135921,,,empty
135926,BE08-4095296,F2752,fallback
135927,B08-4095066,F2916|F568,fallback
136008,CHN2009-03-661124,,fallback
136012,,,empty
136031,CHN2010-03-193777,,fallback
136085,,,fallback
136117,,F2752,fallback
136118,,F2577|F2752|F3269|F573,fallback
136124,B11-4244637,,fallback
136127,BE11-4244381,F224|F3262|F54,fallback
136192,,,empty
136223,BELG2010-2198149,F493:2|F2585:3|F2693:3,structured
136371,CHN10-06-041044,,empty
136388,CHN2010-06-481151,,empty
136391,CHN2010-06-483088,,empty
136589,,,fallback
136714,NL96-1735751,F6787:1,structured
136758,,,fallback
136780,,,empty
136829,,,fallback
136851,B08-6158289,F2416:2|F2516:2|F3221:2|F3184:4,structured
136936,B2011-6219320,F3593:1,structured
136980,CHN2004-08-067118,,empty
137018,BELG2009-4035001,F2753,fallback
137023,BELG2010-4320626,F1726|F224|F2916|F3262|F3269|F54|F573,fallback
137028,DV07237-09-261,F114|F2782,fallback
137035,DV07237-06-1451,F3041:2,structured
137079,DV04218-09-437,,empty
137181,,,fallback
137221,,,fallback
137235,,,empty
137246,,,empty
137261,DV01769-11-157,F5130:1,structured
137267,DV08575-09-161,F5114:2|F5120:2|F5124:2|F5138:2,structured
137272,CHN2011-09-454861,F467:2|F2858:2|F2860:2|F3089:2,structured
137287,,,empty
137322,CHN05-10-331024,,fallback
137323,CHN08-10-589501,F2925,fallback
137332,CHN2008-09-360007,F4562:2|F4563:2|F6993:2|F7001:2,structured
137391,B12-5015177,F230:2|F2839:2|F3090:2|F2841:3|F3025:3,structured
137396,NL14-1192054,F3670:2|F5724:2|F6144:2|F6145:2,structured
137399,,,fallback
137400,NL18-1700702,F6336:2|F6484:2|F5914:3|F5919:3|F6070:3|F6196:3,structured
137402,B11-5025053,F2752|F80,fallback
137443,DV01358-10-888,,empty
137445,DV01358-10-654,,empty
137461,,,empty
137462,,,empty
137464,,,empty
137468,,,empty
137472,,,empty
137474,,,fallback
137475,,,fallback
137486,,,fallback
137508,,,fallback
137540,,,empty
137586,B2009-3185246,,fallback
137649,B03-6456998,F2390|F2400|F2436|F2508,fallback
137667,B06-2082242,F2391|F2409|F2410,fallback
137724,DV01769-08-987,,fallback
137747,,,fallback
137748,CHN07-10-094144,F4511:1|F4514:1,structured
137813,,F2491|F2510|F2781|F294,fallback
137878,,,fallback
13797,,,fallback
137980,,,empty
137982,,,empty
137985,,,fallback
137993,,,empty
138147,B2011-6261689,F260:2|F3308:2,structured
138231,,F83,fallback
138505,,,empty
138586,NL2010-1700778,,fallback
138637,,,empty
138645,,,fallback
138707,IT2010-136322,F217|F2753,fallback
138748,,,empty
138769,,,empty
138844,,,empty
138845,,,empty
138886,CHN2011-03-1037859,,fallback
138927,CHN11-09-154636,F4659:1,structured
139081,,,empty
139084,,,empty
139146,B11-5113427,F2157:2|F2189:2|F3078:2|F3150:2,structured
139188,B10-5178045,F573,fallback
139191,BELG2009-3187462,,fallback
139193,BELG2011-3021547,,fallback
139225,BELG2011-3021548,,fallback
139265,,,empty
139535,,,empty
139638,NL2003-5301514,F2200:1|F6559:1,structured
139640,NL03-1057280,F2818|F3001|F342,fallback
139693,,,fallback
139708,,,empty
139950,CHN11-10-776991,,fallback
140026,,,empty
140034,,,empty
140045,,,empty
140048,,,empty
140126,,,empty
140155,CHN07-09-128645,,empty
140169,CHN08-534735,,empty
140175,CHN10-09-120528,,empty
1403,NL02-1810317,,fallback
140335,NL11-1600777,F6076:2|F6949:2|F5791:3|F6929:3|F6868:4|F7270:4,structured
140426,,,empty
140448,CHN2011-276412,F2860:2|F3089:2|F3322:2|F3352:2,structured
140494,CHN2011-03-399084,F278:2|F3304:2,structured
140504,,,fallback
140622,B06-6267283,F2545:2|F2643:2|F2952:2|F3200:2,structured
14069,B07-6372991,F670,fallback
14070,B07-6372972,,fallback
14071,B07-6372973,,fallback
14073,B07-6372980,,fallback
140753,,,empty
14076,B07-6372979,,fallback
14078,B07-6372984,F670,fallback
140782,,,empty
140787,,F2626,fallback
14079,B07-6372992,F670,fallback
140798,,,empty
14080,B97-6372998,,fallback
14081,,,fallback
140814,C11-001408,,fallback
140824,C09-055500,,fallback
14083,,,fallback
14084,,,fallback
140845,,,empty
14085,,,fallback
14086,,,fallback
141396,C10-036719,,fallback
141398,C09-064638,,fallback
141400,C10-036760,,fallback
141403,C11-040551,,fallback
141404,C11-040550,,fallback
141410,C11-136121,,fallback
141412,C11-119201,,fallback
141413,C10-119202,,fallback
141416,,,fallback
141420,C10-025326,,fallback
141433,,,fallback
141434,,,fallback
141457,,,empty
141458,,,fallback
141460,,,fallback
141616,B10-5170174,F396:2|F588:2|F589:2|F3277:2,structured
141627,,,empty
141717,CHN06-09-309419,,empty
141732,CHN05-028582,,empty
141819,DV04859-05-573,F2946:2|F6876:2|F7167:2|F7168:2,structured
141822,,,fallback
141961,,,empty
141972,,F3175,fallback
141977,,,fallback
142047,NL2011-2028520,,fallback
142096,B2010-2206730,F54:2|F1413:2,structured
142098,B2010-2206745,F10:2|F496:2|F573:2|F923:2,structured
142137,B09-3188059,F3116:2|F3234:2,structured
142159,,,empty
142183,B06-2017205,F3126:2|F3201:2|F5758:2|F2752:3,structured
142213,B09-3188079,F3116:2|F2399:3|F2469:3|F2527:3|F2570:3|F2680:3|F2812:3,structured
142215,CHN2011-03-881315,,fallback
14226,,F14,fallback
142432,,,empty
142450,,,fallback
142471,CHN2011-01-770363,,fallback
142481,CHN2010-096369,F4650:1|F4665:1,structured
142483,CHN2010-086021,F4581:1|F4651:1,structured
142499,CHN2007-01-279622,,fallback
142518,,,fallback
142567,,,empty
142630,BE06-3008335,F3116,fallback
142757,NL2010-1728645,,fallback
142758,,,fallback
142790,,,empty
142799,,,empty
142816,,,fallback
142824,,,fallback
142849,,,empty
142864,,,empty
142866,,,fallback
142869,,,empty
142872,,,fallback
142874,,,empty
142880,,,empty
142884,,,empty
142885,,,fallback
142887,,,empty
142891,,,empty
142893,,,empty
142912,B10-6166377,F126:2|F260:2|F629:2,structured
142914,B10-6166343,F260:2|F424:2|F628:3,structured
142916,B10-6166322,F260:2|F2951:2|F3055:2|F3056:3|F3308:3,structured
142917,B10-6166392,F126:2|F422:2|F629:2|F2826:3|F3014:3,structured
142932,,,empty
142935,,,empty
142940,,,empty
142942,,,empty
142950,,,fallback
143005,,,empty
143025,,,fallback
143056,,,fallback
143111,CHN2007-01-263494,F4564:2|F5343:2|F7298:2,structured
143115,CHN2009-01-539702,F4760:1,structured
143133,CHN2011-01-197774,,empty
143244,CHN2008-03-818869,,empty
143322,,,empty
143329,CHN03-03-331351,F63,fallback
143398,CHN2005-01-435702,F4564:2|F5343:2|F7298:2,structured
143400,CHN2005-01-435788,F4564:2|F5343:2|F7298:2,structured
143403,CHN2005-01-435701,F4564:2|F5343:2|F7298:2,structured
143404,CHN2006-01-450557,,empty
143406,CHN2011-01-212925,,empty
143407,CHN2011-01-212964,,empty
143412,CHN2007-01-700440,,empty
143416,,,fallback
143463,CHN2010-12-086022,F4581:1|F4651:1,structured
14347,CHN06-12-181974,,empty
14348,B04-6463814,,fallback
143497,CHN2007-01-474663,F5688:1,structured
143501,CHN2009-10-140095,,empty
143503,,,fallback
143505,CHN2010-01-166987,,fallback
143507,,F3040|F3041|F3284|F3332,fallback
143696,B11-6265532,,fallback
143839,NL10-1524718,,fallback
143856,B11-6332744,F106:2|F107:2|F416:3|F2945:3|F3044:3|F3058:3,structured
144152,B05-2190073,,fallback
144171,,F2701,fallback
144177,,F572,fallback
144192,,,fallback
144194,NL08-1981806,,fallback
144335,,,fallback
144375,NL10-1547682,F5445:2|F5678:2|F5751:2|F5811:2,structured
144389,NL11-5000695,,fallback
144467,BELG2009-6358282,F2467|F3163,fallback
144470,BELG2007-6076588,F105,fallback
144477,BELG2009-6358311,F638,fallback
144535,,,fallback
144604,CHN2010-20-021448,,empty
144607,CHN2007-20-006237,,empty
144609,CHN2011-20-000167,,empty
144660,,,empty
144671,CHN09-06-130725,,empty
144690,B08-2108196,F6990:2|F7259:2,structured
144714,NL08-5818406,,fallback
144831,,,empty
144835,NL11-1736843,F5854:1|F5923:1,structured
144909,BELG2005-5123007,,fallback
144993,CHN11-06-167799,,empty
144997,CHN11-06-167831,,empty
145003,,,empty
145097,CHN2018-03-0222012,F6521:3|F6522:3|F6553:3|F6574:3|F6600:3|F6491:4|F6542:4|F6605:4,structured
145186,CHN11-01-643175,,fallback
145211,NL04-1445663,,fallback
145214,NL05-1951825,,fallback
145381,,,empty
145475,,F2506|F3027,fallback
145476,CHN2010-32-059849,F658,fallback
145561,CHN2015-03-0887777,F6489:3|F6498:3|F6510:3|F6542:3,structured
145764,,,fallback
145779,,,fallback
145780,,,fallback
145781,,,fallback
145782,,,fallback
145817,,,empty
145919,,,empty
145923,,,empty
145962,B10-2045107,F2483:2|F2666:2|F2410:3|F2604:3,structured
145992,,,empty
146193,CHN10-02-000446,F180|F3116|F48,fallback
146194,CHN10-02-168544,F3116|F48,fallback
146207,,,empty
146209,,,empty
146214,,,empty
146372,BE11-4308812,,fallback
146814,,F2577|F3269|F573,fallback
146815,,F1284,fallback
146817,DV07364-11-59,,fallback
146891,,,fallback
146894,,,fallback
146931,CHN2002-W-019372,,fallback
14695,,,empty
146991,CHN2004-076948,,fallback
147177,BELG2008-6371061,,fallback
147258,CHN2010-06-255652,,empty
147260,CHN2010-06-255651,,empty
147270,CHN2010-06-255942,,empty
147309,,,fallback
147369,,,fallback
147372,,,fallback
147573,,,empty
147578,,,empty
147580,,,empty
147654,B04-6293224,F2477|F2645|F2710|F2711|F3169|F3199,fallback
147656,B07-6310380,F2477|F2596|F2607|F2645|F2647|F2710|F2711|F2858|F3169|F3199,fallback
147657,B08-6383266,F2478|F2521|F2592,fallback
147659,B07-6370376,F2478|F2521|F2592,fallback
147660,B07-6310305,F2400|F2593|F2776|F2777|F2861|F3322|F3352,fallback
147661,B08-6383264,F2596:2|F2647:2,structured
14791,NL07-3728138,,fallback
148178,,,fallback
148190,,F148,fallback
148205,,,fallback
148282,,F2506|F3027|F3147,fallback
148321,NL05-1590339,,fallback
148324,NL06-1255493,,fallback
148474,NL08-1835055,,fallback
148485,,,empty
148489,NL11-1103460,,fallback
14851,BE1998-3158002,,fallback
148515,NL11-1588358,F5628:2|F6000:2|F6087:2|F6883:3|F6894:3,structured
148523,C08-124013,,empty
148528,C05-456728,F2437:2|F4538:2,structured
148532,CHN2011-15-266970,,fallback
148543,CHN2009-15-267908,,fallback
148594,CHN07-15-245076,F148:1,structured
148602,,,empty
148761,C05-456730,,empty
148783,B11-4111167,,fallback
148784,NL08-1588724,,fallback
148788,B11-4301107,,fallback
148844,B10-6038113,F1032|F3307|F820,fallback
148895,BE10-4325933,F3476:1|F3568:1,structured
149410,B2011-5010873,F592:1|F2688:2|F2689:2,structured
149411,B11-5010739,F2626:1|F2835:1,structured
149421,B11-5010981,F2455:1|F389:2,structured
149596,,,empty
149610,,F2477|F2509|F2710|F2730,fallback
149612,,F2478|F2596|F2607|F2647|F2776|F2858,fallback
149613,,F139|F2596|F2607|F2647|F2858|F3169|F3199,fallback
149661,,F2400|F2509|F2730,fallback
149682,,F2478|F2596|F2607|F2647|F2776|F2858,fallback
149693,,F2444|F2506|F2536|F2629,fallback
149697,,F2400|F2509|F2730,fallback
149703,,F2509|F2730,fallback
149742,B04-2201955,,fallback
149745,B08-6315648,,fallback
149746,,F2703,fallback
149781,,,fallback
149801,NL07-1180504,,fallback
149802,NL04-1454889,,fallback
149804,NL09-4215198,,fallback
149809,NL09-5912333,,fallback
149810,NL08-4207707,,fallback
149833,,F2390|F2435|F2437,fallback
149866,B10-6319326,F2536|F2752|F286|F3026|F3068|F432|F651|F953,fallback
149867,NL02-1907024,,fallback
149869,NL02-1684538,F6772:2|F6818:2|F6913:2|F6988:2,structured
150018,CHN05-09-344420,,empty
150153,CHN16-2006-114686,,fallback
150158,,F3009|F3135,fallback
150161,,,empty
150162,CHN11-2007-082397,,fallback
150302,,,fallback
150451,,,fallback
150461,B09-6339510,F2703,fallback
150516,,,fallback
150519,B08-3126145,F30:1|F893:1,structured
150525,C03-155590,,empty
150526,C02-280143,,empty
150535,B09-3131258,F731:1|F3108:1,structured
150566,NL08-1113128,F5613:1|F6589:1,structured
150569,C03-180099,F2437:2|F4538:2,structured
150572,,,fallback
150581,B11-3066357,F352:1|F1092:1,structured
150606,B05-3224545,F292:2,structured
150618,,,fallback
150621,,,fallback
150623,,,fallback
150625,,,fallback
150634,,,fallback
150643,,,fallback
150673,,,empty
150675,,,empty
150680,,,empty
150681,,,empty
150682,,,empty
150684,,,empty
150685,,,empty
150697,B11-6240221,F434:2|F2947:2|F3287:2|F2553:3|F2725:3,structured
150718,C06-300151,F2437:2|F4538:2,structured
150739,,,empty
150740,,,empty
150747,,,empty
150754,,,empty
150756,,,fallback
150758,,,fallback
150770,,,empty
150790,,,fallback
150856,,,fallback
150930,C08-055549,F2437:2|F4538:2,structured
150931,B08-6144113,,fallback
150932,C08-055554,F2437:2|F4538:2,structured
150933,C09-089118,F2437:2|F4538:2,structured
150934,C08-055544,F2437:2|F4538:2,structured
150937,C07-180007,F2437:2|F4538:2,structured
150943,C09-089004,F2437:2|F4538:2,structured
151084,,F2477|F2710,fallback
151191,,,empty
151227,,,empty
151235,C11-766666,,fallback
151257,NL06-1337974,,fallback
151265,,F2444|F2506|F2518|F2536|F2629,fallback
151276,,F2444|F2506|F2536|F2629,fallback
151291,B09-2054308,F1056,fallback
15150,,,empty
151537,,,fallback
151545,NL08-1080651,,fallback
151574,NL08-1485171,,fallback
151603,,F2480|F2554,fallback
151628,NL09-1196385,,fallback
151981,CHN11-03-1035731,,empty
151986,B94-5033821,F2444|F2506,fallback
152077,B2009-6370115,F303|F962,fallback
152133,,,fallback
152136,,,fallback
152138,,,fallback
152166,BELG11-6091949,F303|F962,fallback
152168,BELG10-6345290,F303|F962,fallback
152171,BELG10-6345291,F303|F962,fallback
152201,CHN08-10-552766,,empty
152234,CHN05-10-079999,,fallback
152314,,,empty
152475,DV06565-02-104,,fallback
152559,,F1315|F2959|F3170|F635|F636|F637,fallback
152714,BELG11-6341895,F1553|F303|F962,fallback
152724,BELG11-6341894,F303|F962,fallback
152727,BELG11-6341830,F303|F962,fallback
152799,CHN09-06-100972,,empty
152800,CHN2013-10-100481,,fallback
152803,CHN2009-10-181504,,fallback
152804,CHN2018-10-0823443,,fallback
152806,CHN2016-10-0241111,,fallback
152842,CHN2011-10-675555,,fallback
152849,CHN06-10-262225,,fallback
152856,BELG11-6341883,F303|F962,fallback
152858,DV05176-10-233,,fallback
152861,B11-4244667,F2577|F2753|F3269|F573,fallback
152862,,F1726|F2753|F2916|F3269|F573,fallback
152880,BELG10-6146362,F303|F962,fallback
152881,BELG11-6333866,F1389|F303|F962,fallback
152929,CHN2010-10-300315,,empty
15293,BELG2006-6270024,F643,fallback
152934,CHN2016-10-0215081,,fallback
152935,CHN2019-10-0650903,,fallback
152938,CHN2015-10-0832222,,fallback
152942,CHN2014-10-371978,,fallback
152946,CHN2013-10-012000,F224|F3262|F54,fallback
152957,CHN2010-175558,,fallback
152964,CHN2010-175554,,fallback
152967,CHN2010-10-311112,,fallback
153179,B07-6043932,F962,fallback
153183,NL00-2467681,F6878:1|F7161:1,structured
153189,,,fallback
153190,,,fallback
153200,BELG11-6333882,F303|F962,fallback
153232,,,fallback
153258,,,fallback
153259,,,fallback
153264,,,fallback
153337,,,empty
153338,,F2400|F2595,fallback
153339,,,empty
153340,,F2596|F2647,fallback
153376,BELG2005-4045267,F4216:1|F4291:1,structured
153379,,,fallback
153394,BELG2007-6076248,,fallback
153402,,,fallback
153511,,,empty
153512,BELG2012-6315156,,fallback
153533,,,fallback
153656,NL09-1647005,F3386:2|F5447:2|F7211:2|F7244:3,structured
153657,,,fallback
153713,,F2797|F2878,fallback
153731,,F139,fallback
153744,,,fallback
153762,,,fallback
15381,B04-6430921,,fallback
153854,CHN09-10-642011,,fallback
15388,NL03-1434834,,fallback
153904,NL2008-2134649,,fallback
154206,CHN03-10-477099,,fallback
154210,CHN06-10-262226,,fallback
154216,CHN08-10-551590,,empty
154220,CHN06-10-262595,,fallback
154222,CHN06-10-262229,,fallback
154227,CHN08-10-552777,,fallback
154240,CHN08-10-552666,,fallback
154241,CHN05-10-080000,,fallback
154243,CHN05-10-079991,,fallback
154274,CHN2017-10-0918979,,fallback
154284,CHN2019-10-0650916,,fallback
154314,CHN2010-10-251019,,fallback
154318,CHN2017-10-0911999,,fallback
154319,CHN2010-175551,,empty
154322,CHN2011-10-760119,,fallback
154324,CHN2011-10-761214,,empty
154336,CHN2010-10-311118,,fallback
154338,CHN2013-10-011999,F224|F3262|F54,fallback
154339,CHN2010-175556,,fallback
154343,CHN2011-10-696711,,fallback
154356,,,fallback
154359,CHN2014-10-372000,,fallback
154365,CHN2015-10-0834014,,fallback
154368,CHN2010-10-300314,,fallback
154371,CHN2018-10-0918834,,fallback
154374,CHN2010-10-251017,,fallback
154385,CHN2008-10-018888,,fallback
15439,TR05-528936,,empty
154393,CHN2006-10-186285,,fallback
154463,,,fallback
154469,,F2478|F2776|F2777,fallback
154538,C10-601166,F543,fallback
154670,,,empty
154673,,,empty
154762,B2005-5217183,F3329:1|F2642:2|F2674:2,structured
154767,BELG2011-6265530,F274,fallback
154841,,,fallback
15491,,,fallback
154937,B11-6265561,F3200,fallback
154952,CHN2011-08-139888,F2457,fallback
154953,CHN2019-08-0008745,,fallback
155051,CHN10-09-419042,F566:2|F631:2|F812:2|F2753:2,structured
155052,CHN10-09-044844,,fallback
155057,CHN10-09-310436,F751:2|F760:2|F929:2,structured
155059,,,fallback
155061,CHN2011-09-070394,F4660:1|F4675:1,structured
155120,NL05-1375911,,fallback
155126,NL11-1912130,,fallback
155132,NL05-1951820,F2401|F244|F2491|F2510|F2725|F2946|F315|F3203|F3206,fallback
155135,NL05-1951888,,fallback
155393,,,empty
155764,,F2521|F2592|F2594|F3087,fallback
155809,,F2811,fallback
155810,NL10-69696,,fallback
155813,,,fallback
155859,B11-6219388,F2596:3|F2647:3,structured
155976,CHN11-2006-076966,,fallback
156297,,,fallback
156340,,,fallback
15641,,,empty
156414,NL07-1190923,,fallback
156415,,,fallback
156416,,F2725|F2946|F3084,fallback
156440,B09-6348469,F303|F962,fallback
156446,B11-6341829,F303|F962,fallback
156455,B11-6333871,F303|F962,fallback
156456,DV06134-11-250,F303|F962,fallback
156609,,F924,fallback
156612,NL2010-1769851,F799,fallback
156613,B2009-6358600,F2858|F467,fallback
156614,B2008-6336897,F2859|F3087|F466,fallback
156615,B2007-6310354,F667,fallback
156623,NL2011-1665068,,fallback
156632,NL2010-1769923,,fallback
156639,NL2011-1821685,,fallback
156642,B2010-4320732,F1455:1,structured
156644,NL2010-1769927,,fallback
156649,,F1055,fallback
156654,B2009-6370271,F2858|F467,fallback
156695,,,fallback
156713,,,empty
156732,NL10-1632171,,fallback
156759,CHN2011-04-200899,,empty
156788,B08-6350778,F2597:2|F2608:2|F2720:2|F2884:2,structured
156876,DV0730-09-204,,empty
156882,B05-6445736,,fallback
156883,B09-6301962,F2882|F471,fallback
157012,,,empty
157036,BELG2013-4050445,,fallback
15707,CHN2007-01-710248,,fallback
157105,BELG13-4050474,,fallback
157108,BELG13-4050480,,fallback
157109,BELG10-2045490,F2427:2|F2499:2|F2908:2|F3110:2,structured
157246,,,fallback
157391,,F2442|F2443|F2655,fallback
15741,,,fallback
157413,,,empty
157824,,,fallback
157830,B10-6347180,,fallback
157832,,,empty
157836,B10-6148341,F99:2|F100:2|F152:2|F2868:3|F3045:3,structured
157933,BELG2008-6371125,F2774:2|F640:3,structured
157964,,,fallback
158023,,F2480|F2554,fallback
158142,CHN2007-09-002394,,fallback
158147,CHN2008-09-404956,,empty
158158,,F2592|F2714|F290|F3087,fallback
158177,BELG2009-6358272,,fallback
158189,,,fallback
158191,,,fallback
158208,CHN11-15-060540,F150:2|F474:2|F4476:2|F4479:2,structured
158232,NL09-4216943,,fallback
158311,B2011-4196350,F754:2|F2623:2|F3019:2,structured
158327,B2011-4196360,F68:2|F1108:2|F1281:2|F2623:2,structured
158365,B2011-4196362,F68:2|F223:2|F2917:2|F3019:2,structured
158378,CHN2009-15-037916,,fallback
158388,,,fallback
158397,CHN2011-15-328945,,fallback
158549,,,fallback
158557,,F249|F251|F2866|F2937|F303|F3159|F626|F627|F962|F99,fallback
15858,B04-3104072,F203,fallback
158667,,,fallback
158736,B05-4288545,,fallback
158747,,,empty
158748,,,empty
158822,C00-01-026818,,fallback
158826,NL11-1737041,,fallback
158939,C01-01-080691,,fallback
158966,C01-01-399806,,fallback
158967,,F2461|F2542|F260|F2879|F3308,fallback
158969,,,empty
158979,,F249|F2937|F99,fallback
158986,,F2410,fallback
159014,CHN08-16-198081,F2545|F2641|F2856|F306,fallback
159177,CHN2006-02-001253,F2410,fallback
159181,,F755,fallback
159388,,,fallback
159397,CHN2010-11-064847,,fallback
159544,,,fallback
159545,,F2521|F2592,fallback
159546,CHN2012-08-330002,,fallback
159548,CHN2012-08-288667,F2477|F2710|F2714|F2715,fallback
159553,CHN2012-08-330001,,fallback
159604,C08-055555,F2437:2|F4538:2,structured
159683,B07-4332349,F2155|F2577|F760|F929,fallback
159684,NL02-2320720,F2485,fallback
159685,NL05-1541539,,fallback
159689,B2011-4327655,F2155|F2577|F756,fallback
159693,NL07-1369421,,fallback
159697,NL2011-2022914,,fallback
159710,NL2011-1867547,,fallback
159711,NL2011-1867550,,fallback
159712,NL2011-1821666,,fallback
159714,B06-3150901,F189|F3000|F40,fallback
159740,,,fallback
159747,B2010-4316430,F586:2|F3263:2|F3265:2,structured
159754,BELG2008-3088144,,fallback
159799,B04-4306771,F3269|F573,fallback
159800,CHN2011-09-488194,,empty
159817,,,fallback
159822,,,fallback
159850,CHN2012-08-353000,,fallback
159853,CHN2012-08-274888,F2477|F2710,fallback
159964,NL2011-1867902,,fallback
159965,NL2011-1867936,,fallback
160008,NL07-1180510,,fallback
160010,,,fallback
160017,NL09-1214672,,fallback
160041,NL09-1815091,,fallback
160101,CHN00-03-000106,,fallback
16050,B07--6076119,F2407|F2774|F988,fallback
160586,CHN01-03-029782,,fallback
160635,B10-6356201,,fallback
160639,B2011-6143141,,fallback
160658,,,empty
160810,B03-3128890,,fallback
160819,B03-3217064,,fallback
160827,,,empty
160831,,F635,fallback
160832,,,fallback
160833,,F3170|F635,fallback
160834,NL03-1912290,,fallback
160835,NL04-1561683,,fallback
160837,NL96-1737481,,fallback
160838,NL02-1117094,,fallback
160845,B04-2063085,F574,fallback
160847,B04-2063055,,fallback
160856,B03-3128922,F2910,fallback
160857,B03-3128833,F2910,fallback
160869,CHN2011-15-232766,F3016:2|F3129:2,structured
160870,CHN2011-15-232764,F3016:2|F3129:2,structured
160871,CHN2011-15-232763,F3016:2|F3129:2,structured
160873,CHN2011-15-259281,F3016:2|F3129:2,structured
160874,CHN2011-15-282893,F3016:2|F3129:2,structured
160875,CHN2011-15-259286,F3016:2|F3129:2,structured
160876,CHN2011-15-259288,F1617:1|F3016:2|F3129:2,structured
160877,CHN2011-15-282900,F4668:1|F3016:2|F3129:2,structured
160878,CHN2008-15-003984,F3016:2|F3129:2,structured
160879,,,empty
160908,CHN2007-09-002118,,empty
160996,B01-4424713,,fallback
161002,BELG2007-6379875,F303|F962,fallback
161033,,,empty
161034,,,empty
161035,,,fallback
161077,,,fallback
161078,,,empty
161081,CHN2011-17-110509,,empty
161089,,,empty
161095,CHN2011-10-854125,F4580:1|F4592:1,structured
161118,,,fallback
161162,CHN2012-08-330004,F2477|F2710,fallback
161164,CHN2011-08-170336,F2436|F2521|F2714|F2715,fallback
161166,CHN2016-08-0300197,F2519|F2594,fallback
161172,B2002-3003662,,fallback
161181,,,empty
161333,BE03-6457591,F2521|F2592|F2714|F290|F3087,fallback
161383,BE10-6246137,F139|F2596|F2647|F3169|F3199,fallback
161394,,,fallback
161397,,,fallback
161399,,F342,fallback
161402,NL08-1981840,,fallback
161523,CN08-005838,F2546|F3202,fallback
161524,CN08-005863,F2546|F3202,fallback
161525,CN009-20-003265,,fallback
161526,CHN09-20-003207,F2546,fallback
161527,CHN09-20-003333,,fallback
161528,CHN09-20-003258,,fallback
161539,CHN10-20-023759,,fallback
161541,CHN10-20-023743,,fallback
161543,CN08-005867,,fallback
161568,,,fallback
161585,B03-6366571,F158:2|F3310:2,structured
161728,CHN2012-08-330123,,fallback
161758,,,empty
161798,CHN10-32-498861,F3630:2|F4070:2|F5672:2,structured
161821,CHN10-20-023628,,fallback
161822,CHN10-20-023629,,fallback
161950,CHN2007-09-425138,F4589:2|F4778:2,structured
162012,,,fallback
162015,,,fallback
162017,,,fallback
162018,,,fallback
162019,,,fallback
162020,,,fallback
162021,,,fallback
162023,,,fallback
162025,,,fallback
162216,B13-4259266,F1458,fallback
162218,B13-4229334,F1457|F1469,fallback
162230,B12-4077241,F575|F580,fallback
162231,B12-4077242,F575|F580,fallback
162238,B12-4078527,F1722|F2684|F3128|F575,fallback
162239,B13-4259265,F1458,fallback
162276,BELG10-3047015,F1101:2|F2569:2|F2814:2|F3260:3,structured
162283,BELG11-3170546,F2569:2|F2814:2|F3116:2|F3234:2,structured
162288,,F342|F573,fallback
162289,,,fallback
162290,,,fallback
162318,BE08-6245405,F2461|F2542|F260,fallback
162448,,,empty
162468,CHN12-09-503222,,fallback
162479,,F3259|F3260,fallback
162493,CN09-20-003321,,fallback
162494,CHN09-20-003257,,fallback
162499,CHN10-20-023782,,fallback
162841,CHN18-2011-023037,,fallback
162845,CHN2018-08-0081115,,fallback
162847,BELG13-4050506,F2753,fallback
162848,BELG13-4050515,F2752,fallback
162850,BELG13-4050524,F1733|F2577|F2752|F913,fallback
162851,CHN2012-08-332277,F2477|F2710,fallback
162852,CHN18-2011-023166,,empty
162861,BELG13-4050540,F2752,fallback
162867,CHN2019-08-0260999,,fallback
162911,BELG2004-2194198,,fallback
162968,CHN2008-102065,F2897:3|F2925:3|F6828:3,structured
162971,CHN11-01-770278,F4645:1|F4649:1,structured
162972,CHN11-01-770272,,empty
162973,CHN05-10-025702,F4579:1,structured
162981,BELG13-4050542,F2752|F2753,fallback
162988,BELG11-4288342,,fallback
162989,BELG13-4050546,F2752,fallback
162990,BELG13-4050553,F2577|F2753|F3269|F573,fallback
162991,BELG13-4050556,F2753|F601,fallback
162992,BELG13-4050557,F2577,fallback
162993,BELG11-4244127,F1284,fallback
162994,BELG11-4244148,,fallback
162995,BELG11-4244324,F1284,fallback
162998,BELG14-4000081,F1284|F1726,fallback
163001,BELG14-4000423,,fallback
163014,BELG14-4000513,F2577|F912,fallback
163015,BELG14-4273906,F2577|F2753,fallback
163030,B9-6358332,F2407|F988,fallback
163031,B09-6222805,F2407|F2467,fallback
163063,CHN2013-01-852902,,fallback
163071,B09-6130779,F260:2|F3308:2,structured
163074,B10-6346636,F3099|F3176|F3187|F3338,fallback
163078,B09-6370734,F3099|F3176|F3187|F3338,fallback
163082,BELG14-4273917,F2753,fallback
163085,BELG14-4273919,F1733|F2577|F2752|F913,fallback
163087,B09-6370741,F122,fallback
163088,B09-6248205,F122,fallback
163091,,F54,fallback
163100,BELG14-4279746,,fallback
163113,B14-4000476,,fallback
163114,B14-4000573,F1283,fallback
163128,B14-4000593,,fallback
163129,BELG11-4288380,F2577|F2753|F3264|F559,fallback
163136,B14-4279724,F1618|F2752|F601,fallback
163138,B11-4244127,F1284,fallback
163139,B14-4000562,,fallback
163144,CHN09-20-003315,F2577|F54,fallback
163145,CHN09-20-009838,F2577,fallback
163261,B14-4000564,F1284|F913,fallback
163386,,,empty
163401,,F317,fallback
163525,DV04607-06-069,,fallback
163617,NL11-5000568,F7244:2,structured
163620,NL05-1909331,F7244:2,structured
163681,NL2005-5535827,F7234:1,structured
163683,NL2004-5435205,,fallback
163688,NL2010-1875265,F303|F962,fallback
163694,DV01764-11-306,F303|F962,fallback
163739,BELG2016-2315265,F1315|F2959|F3170|F636|F637,fallback
163758,,,empty
163761,CHN07-03-333361,F2601,fallback
163762,CHN07-03-333362,F2601,fallback
163763,CHN07-03-633251,F2601,fallback
163764,CHN07-03-333374,F2601,fallback
163765,CHN08-03-332301,F2601,fallback
163777,,F2426,fallback
163778,,F2426,fallback
163781,CHN2014-01-327899,,fallback
163795,,F1659|F1757,fallback
163796,,F1659|F1757|F317,fallback
164101,B05-6307406,,fallback
164105,NL2005-5525546,,fallback
164151,NL06-5632178,F7244:2,structured
164221,,,fallback
164322,DV09127-07-1063,F3071:2|F5190:2,structured
164327,,,empty
164330,,,empty
164332,,,empty
164367,,,empty
164373,CHN2016-08-0104888,,fallback
164405,,F274,fallback
164446,B05-6448006,F274,fallback
164447,B08-6314857,F2735:2|F3202:2,structured
16454,NL06-1562562,,fallback
16460,,,fallback
164611,,,fallback
16462,,,fallback
164707,,F2735|F274|F3202,fallback
164709,B11-6332727,F2546:3|F2640:3|F2641:3|F2903:3,structured
164976,,,empty
165082,CHN10-09-487414,,empty
165198,,,empty
165227,,,fallback
165251,B05-6451618,F2609|F2718|F2966,fallback
165252,B05-6453003,F2608|F2720|F2884,fallback
165293,CHN2010-08-259988,,fallback
165341,,,empty
165402,B13-3054631,,fallback
165415,B14-3113741,F3116,fallback
165432,B14-3113733,F906,fallback
165436,B14-3113731,F3116|F360,fallback
165439,CHN11-20-042909,,fallback
165457,B14-3113721,F3116|F338,fallback
165537,,,empty
165579,B13-3160832,,fallback
165580,B13-3160829,F159|F486,fallback
165582,B13-3160805,F1080|F474,fallback
165585,B11-3115664,F3116|F360,fallback
165587,B13-3054620,F3116|F360,fallback
165607,CHN2011-09-186055,,empty
165611,CHN2011-09-433570,,empty
165612,CHN2011-09-433559,,empty
165616,CHN2011-09-186056,,empty
165970,B11-3155580,F2907|F3239,fallback
165971,B14-3067156,F2746:3|F3116:3,structured
166018,B08-6383259,F2508:3|F2607:3|F2776:3|F2777:3,structured
166020,,,empty
166092,CHN11-09-132202,F4625:1|F4654:1,structured
166157,,,empty
166188,CHN2005-08-130148,,fallback
166211,,,empty
166221,,,empty
166227,B10-6166229,,fallback
166234,,,empty
166236,,,empty
166254,,,empty
166335,B14-3150677,F180|F3116,fallback
166338,B14-3150678,F180|F3116,fallback
166369,B14-3150679,F1074|F180|F3116|F906,fallback
166370,B14-3067185,F2683|F3116|F370,fallback
166371,B12-3168963,F370:1,structured
166378,NL03-1006221,,fallback
166379,,,fallback
166425,,,empty
166426,,,empty
166427,,,empty
166428,,,empty
166430,,,empty
166433,,,fallback
166458,,,empty
166561,NL10-1272427,F152|F99,fallback
166666,,,fallback
166760,BEG2007-6390345,F3037|F806,fallback
166825,CHN2010-11-064927,,empty
167036,CHN04-2011-744316,F314,fallback
167099,CHN10-03-888005,F4599:1|F4623:2|F4633:2,structured
167167,,,fallback
167223,B09-2069437,F170:2|F325:2|F1018:3|F1019:3|F3065:3,structured
167339,,,empty
167346,B05-3006547,F4486:1,structured
167650,,,empty
167656,,,empty
167703,CHN2012-01-923242,F63,fallback
167706,,F2925,fallback
167714,CHN09-10-741010,F2925,fallback
167715,B06-3008207,,empty
16794,NL07-1980231,,fallback
16796,BE06-3008243,F182,fallback
168053,BELG2009-6086454,,fallback
168064,BELG06-3008259,F3116,fallback
168066,BELG05-3006826,F3232,fallback
168067,,F2390|F2400|F2436|F2521,fallback
168068,BELG12-3088272,F906:2|F1074:2,structured
168246,,F2400|F2477|F2521|F2592|F3087,fallback
168252,NL2010-1817430,F5509:2|F5789:2,structured
168272,NL2008-3829067,,fallback
168291,,,fallback
168294,,,empty
168297,,,empty
168298,,,empty
168305,,,empty
168317,,F2897|F2925,fallback
168336,CHN11-01-518953,,fallback
168404,,,empty
168454,,F2586|F2780|F2782|F294|F2964|F3040|F3062|F3116|F3181|F3225,fallback
168455,,F2586|F2780|F2782|F294|F2964|F3040|F3062|F3116|F3181|F3225,fallback
168456,,F3116|F3181|F3225,fallback
168457,,F3116|F3181|F3225,fallback
168507,B13-6320207,,fallback
168508,B13-6320203,F1223,fallback
168517,,,fallback
168521,,,empty
168533,,F2860,fallback
168563,,,fallback
168686,CHN2016-08-0045576,,fallback
168688,CHN2012-08-352999,,fallback
168698,CHN2015-08-0266666,,fallback
168725,,,empty
168730,,,empty
168801,,,empty
168842,,,empty
168844,BELG2006-2017451,F2404|F2424|F2443|F2551|F2585|F2615|F2675|F2693|F2893|F493,fallback
168847,DV2005-09074-1746,F2455,fallback
16900,CHN2007-12-029125,,fallback
169120,,F2858|F2860|F3089|F467,fallback
169126,,F2508|F2776|F2777|F2861,fallback
169180,B2014-6308045,,fallback
169182,B2014-6308046,,fallback
169191,B14-6298276,F1028,fallback
169192,B2014-6298283,,fallback
169195,B14-6298292,F1027|F1028,fallback
169196,B14-6298295,,fallback
169197,B14-6298427,,fallback
169198,B14-6298434,F1027:2|F1028:2,structured
169199,B14-6298440,,fallback
169292,B14-6298446,,fallback
169293,B14-6298452,,fallback
169294,B14-6298453,,fallback
169300,B14-6298455,,fallback
169301,,F2593|F2776|F2860|F2861|F3089,fallback
169325,,F2521|F2592|F2714|F290|F3087,fallback
169415,CHN2009-02-117480,,fallback
169418,CHN2011-02-467695,,fallback
169423,CHN2009-02-026614,,fallback
169427,CHN2011-02-027434,,fallback
169428,CHN2011-02-027435,,fallback
169450,NL07-2038086,F1143:1|F2436:2|F2521:2,structured
169454,CHN2009-406340,,empty
169455,CHN2011-398394,,fallback
169456,CHN2011-06-398395,,empty
169458,CHN2007-038885,,fallback
169461,CHN2010-06-109710,,fallback
169566,CHN2011-02-467666,,fallback
169577,,,fallback
169586,CHN2011-02-467700,,empty
169589,CHN2011-02-467619,,empty
169715,,F1730|F3014|F742,fallback
16995,CHN14-15-184369,F6179:1|F6192:1,structured
170023,,,fallback
170024,BELG13-6080891,F110|F2546|F991|F993,fallback
170026,CHN18-2007-135978,,fallback
170027,BELG13-6080889,F3306|F991|F993,fallback
170029,BELG13-6080665,F1656|F1681|F3307,fallback
170109,B05-6445752,F2552:2|F2605:2|F2719:2|F2961:2,structured
170111,B09-6301811,F311:2|F2606:2,structured
170113,,F2519|F2594,fallback
170114,CHN2011-08-139514,,fallback
170117,CHN2012-08-005601,,fallback
170122,BELG13-6080603,F1656|F1681|F3307,fallback
170124,BELG13-6080593,F110|F1174|F2407|F2413|F2467|F2545|F2546|F2659|F3202|F3307,fallback
170144,B12-6321131,,fallback
170145,B12-6321136,,fallback
170155,B12-6321146,F2407|F2413|F2467|F2545|F2546|F2659,fallback
170157,B12-6321150,F456:2|F668:2|F1208:2,structured
170162,B12-6321151,F104:2|F273:2,structured
170164,B12-6321162,F2407|F2413|F2467|F2545|F2546|F2659,fallback
170167,B12-6321169,F103|F1151,fallback
170168,B13-6082416,F2407|F2413|F2467|F2545|F2546|F2659,fallback
170185,,,fallback
170186,,F1751,fallback
170187,CHN2016-08-0255555,,fallback
170250,S2011-111231,,fallback
17028,,,fallback
170281,S2012-12441,,fallback
170284,S2011-111281,,fallback
170285,S2011-111318,,fallback
170292,B13-6082426,F2407|F2413|F2467|F2545|F2546|F2659|F273,fallback
170293,B13-6082435,F1034|F1325|F414,fallback
170294,B13-6082472,F273|F3303,fallback
170295,B13-6082490,F2407|F2413|F2467|F2545|F2546|F2659,fallback
170307,B13-6082491,,fallback
170309,B13-6082499,,fallback
170317,B13-6082514,F2407|F2413|F2467|F2545|F2546|F2659,fallback
170318,CHN2006-01-763887,,fallback
170321,B13-6082529,F1538,fallback
170323,CHN2006-01-403899,,fallback
170325,CHN2007-01-551951,,fallback
170328,CHN2010-01-355811,,fallback
170330,CHN2011-02-467674,,fallback
170333,CHN2010-02-198263,,fallback
170335,B00-6317317,F2519:2|F2594:2,structured
170352,,,fallback
170372,CHN11-15-057484,F4545:2|F2497:3|F2955:3|F2477:4|F2508:4|F2645:4|F2710:4|F2711:4|F2712:4|F3122:4|F5405:4,structured
170406,,,empty
170411,,,empty
170412,,,fallback
170414,BELG10-6052458,F1754,fallback
170415,BELG10-6052516,,fallback
170416,,,fallback
170420,,,fallback
170423,,,empty
170425,,,fallback
170435,,F2925,fallback
170472,,,fallback
170482,CHN10-15-185849,F2497:3|F3122:3|F4165:3|F4482:3|F4533:3|F5405:3,structured
170495,,,empty
170498,,,fallback
170521,BELG10-6052497,F317,fallback
17053,,,fallback
170576,B13-6320221,,fallback
170639,NL08-1760960,F5738:1|F5801:1,structured
170667,,,empty
170698,B13-6082530,F104|F273|F310,fallback
170699,B13-6082534,,fallback
170732,,,fallback
170803,CHN18-2009-084330,,fallback
170806,B2008-6245010,F260:2|F3308:2,structured
170808,,,fallback
170908,CHN10-15-259306,F2405:2|F2477:2|F2710:2|F6762:2,structured
170943,,,empty
170945,,,empty
171075,,,empty
171076,,,empty
171240,NL2013-1419219,F6638:2|F6836:2|F2470:3|F2486:3|F2501:3|F2619:3,structured
171306,,F100,fallback
171312,,F100,fallback
171369,,,fallback
171370,,,fallback
171407,,,fallback
171413,,F2521|F2592,fallback
171427,,F2861,fallback
171434,,F2521,fallback
171447,B12-3160705,F1244|F219|F3116|F3234,fallback
171448,B12-3160715,F1582:1,structured
171451,CHN2009-02-150097,,empty
171468,,,fallback
171469,,F2714,fallback
171470,,,empty
171472,,F2457|F2521|F2645|F2647|F2711,fallback
171500,B06-6267294,F2640:2|F2641:2|F2903:2|F2546:3,structured
171553,,F2521,fallback
171570,,F3135|F3260,fallback
171621,CHN2011-11-317905,,fallback
171631,DV09581-10-325,,fallback
171719,NL10-2044572,,fallback
171720,CHN2011-32-277775,,fallback
171723,DV04066-09-455,,fallback
17175,,,fallback
171807,CHN2015-08-0111405,,fallback
171809,,,fallback
171877,,,empty
17188,,,fallback
171887,,,fallback
17189,,,fallback
171890,,,empty
171893,,,empty
171940,CHN05-01-541923,,fallback
171960,DV05-01769-918,,fallback
171962,NL11-4403546,,fallback
171963,DV06-01769-1164,,fallback
171964,DV04-01796-1471,,fallback
171968,DV06-01796-1161,,fallback
172129,BELG2006-6267402,F2407:2|F2467:2|F2941:3|F2944:3|F117:4|F118:4|F2876:4|F5420:4,structured
172132,BELG2004-6276726,F2038|F2041|F2058|F2139,fallback
172187,,,fallback
172252,,,fallback
172425,,,fallback
172550,NL2007-1129109,,fallback
172556,,,fallback
172557,,,empty
172559,,,empty
172560,,,empty
172561,,,empty
172566,,,empty
172567,,,empty
172568,,,empty
172569,,,empty
172570,,,empty
172572,,,empty
172624,B10-8005853,F1132:1|F3078:2|F3150:2,structured
172626,B10-7006215,F1132:1|F3078:2|F3150:2,structured
172686,,F1518|F1921,fallback
172699,,,empty
172703,,,empty
172724,NL2002-1647234,,fallback
17273,,F2407,fallback
17274,,,fallback
17276,,F3023,fallback
172994,,,fallback
172999,,,empty
173000,NL2000-1489130,,fallback
173133,,,fallback
173192,B08-6371111,F2903,fallback
173193,BELG08-6314942,F2407|F2546|F2640|F2903|F3202,fallback
173194,BELG08-6314943,F2395|F2407|F2413|F2546|F2640|F2903|F2940|F3202,fallback
173196,BELG08-6314808,F106|F2407|F2467|F2546|F2903,fallback
173197,BELG08-6314692,F1656:1,structured
173202,,,fallback
173203,,F2925,fallback
173205,,F2925,fallback
173207,,F2925,fallback
173209,,,empty
173316,CC04-299524,F2614,fallback
173319,WN03-030504CC03-260113,,fallback
17335,,F3137,fallback
173361,NL10-1693036,F2542|F342,fallback
173432,BELG2008-6314965,F2659:2|F3085:2|F3202:2|F2402:3|F2492:3,structured
173442,NL10-1693044,F3235|F342,fallback
173445,NL07-1829167,F5782:2|F6838:2|F7246:2|F342:3|F2470:3,structured
173456,NL05-1405316,,fallback
173547,CHN2012-29-077714,F5801:1|F5738:2,structured
173587,,,fallback
173605,,,fallback
173623,NL2012-1808024,F6230:1|F5199:2|F6081:2,structured
173624,,F368|F40|F896,fallback
173671,BELG2005-6166279,,fallback
173697,B07-6076351,F2941:3|F2944:3|F117:4|F118:4|F2876:4|F5420:4,structured
173724,,,fallback
173762,,,fallback
173779,NL2006-1584517,,fallback
174030,,F3250|F628,fallback
174040,,F260|F3308,fallback
174043,,F2916,fallback
174045,,,fallback
17407,B06-6267126,F2544:2|F2639:2|F2943:2|F7285:2,structured
174140,B08-9058860,,empty
174245,,,fallback
174254,,,fallback
174375,,F3116,fallback
174570,BE12-4278285,,fallback
174571,BELG09-3095243,F3116:2,structured
174577,CHN2011-12-169015,,fallback
174578,CHN2004-076924,,fallback
174579,CHN2003-12-184734,,fallback
174580,CHN2010-174900,,empty
174640,DV08857-12-1,F54,fallback
174643,,F2793,fallback
174645,CHN01-09-283386,,empty
174774,,,empty
174775,,,empty
174782,,,empty
174784,,,empty
174785,,,empty
174825,BE11-6341531,F1759|F456,fallback
174826,BE11-6341535,F4051:2,structured
174889,,F3159,fallback
174890,,,fallback
174891,,,fallback
174892,,F2426|F2866|F3159,fallback
174895,,,fallback
174896,,F2426,fallback
174897,,F2422|F2425,fallback
174900,,F2849,fallback
174901,,F2545,fallback
175031,BE07-6399008,F2710|F3169,fallback
175040,,,fallback
175047,GB10-K25487,,fallback
175110,B07-6076109,F2389:2|F2407:2,structured
175113,B07--6311586,F2407,fallback
175125,DV07409-09-1040,,fallback
175206,NL08-2020822,F3386:2|F5447:2|F7211:2|F7244:3,structured
17526,,,fallback
175275,DV07409-10-351,,fallback
175428,NL12-1598262,,fallback
175468,BELG10-6052516,F1507|F645,fallback
175486,,F2417|F2501|F2627|F2636|F2688|F342,fallback
175506,,F227|F3274,fallback
175507,,,fallback
175535,NL12-1051324,,fallback
175536,NL12-1051393,,fallback
175538,NL12-1051397,,fallback
175541,NL12-1051398,,fallback
175583,BELG14-6175558,,fallback
175749,NL10-1823580,,fallback
175753,NL05-5539622,,fallback
175754,NL09-1331160,,fallback
175915,,,fallback
175939,,,empty
175952,,,fallback
175954,,,fallback
175955,,,fallback
175956,,,fallback
175965,,,fallback
175966,,,fallback
175970,,,fallback
175974,,F1169|F3033|F404,fallback
176048,,,fallback
176159,,,fallback
176174,,F2577,fallback
176226,BE11-6219335,F139|F1801|F3169|F3199,fallback
176227,BE10-6246180,,fallback
176228,BE03-6485765,F2521|F2592|F2594|F3087,fallback
176229,BE10-6246178,F139|F3169|F3199,fallback
176231,B10-6246196,F2594|F2776|F2777|F3087,fallback
176237,,F466,fallback
176251,,,fallback
176311,,F1555,fallback
176449,BELG2007-5193866,F2752,fallback
176486,BE08-4061050,F3470:2|F3558:2|F3631:2,structured
176523,,,empty
176570,BELG2010-4030190,F3527:1|F3566:2,structured
176723,B11-6265498,F1186|F2467|F306|F3163,fallback
176725,CHN11-04-757775,F1628:1|F5968:2|F6935:3|F7168:3,structured
176778,B2007-4246579,F3014,fallback
176783,B2011-4303980,,fallback
176827,,,fallback
176832,,,fallback
177016,BE06-4090578,,fallback
177017,BE06-4361309,,fallback
177019,BE08-4349704,,fallback
177026,B11-6332750,F110|F2467|F985|F988,fallback
177067,,,fallback
17718,,,empty
177211,,,fallback
177256,,,fallback
177267,,,empty
177268,,,empty
177269,,,empty
177270,,,empty
177271,,,empty
177272,,,empty
177275,,,empty
177284,,,empty
177286,,,empty
177287,,,empty
177331,B10-6297780,F611:2|F3061:2|F3335:2|F2553:3|F2725:4,structured
177333,B10-6297756,F2963:2|F3059:2|F3194:2|F2553:3|F2725:3,structured
177361,,,empty
177362,,,empty
177496,,,fallback
177522,CHN2010-09-132515,,empty
177553,NL07-5710132,F609:2|F612:2|F6831:2|F6997:2,structured
177756,,F1315|F1529|F1901|F2959|F3170|F636|F637,fallback
178072,B03-2191029,,fallback
178097,,F2897,fallback
178175,BE10-4323531,F2830|F3260,fallback
178177,BE10-4327644,F1169|F1468|F3260|F372,fallback
178241,,,empty
178242,,F542,fallback
17833,NL13-5305291,F7244:3|F3386:4|F5447:4|F7211:4,structured
178372,,,fallback
178446,CHN2012-03-507612,F7141:1|F2528:2,structured
178447,CHN2012-03-507389,F1081:1,structured
178504,,F2925,fallback
178793,C03-03-185346,,empty
178813,CHN08-01-293598,F5602:2|F5603:2|F6974:2,structured
178825,,,fallback
179053,NL11-1867552,F5737:2|F6227:2|F7099:2|F7178:2,structured
179054,NL10-1818563,F5599:2|F5651:2|F5877:2|F7178:2,structured
179269,,F1104|F181|F2577|F3271|F56|F568,fallback
179332,,,empty
179333,,,empty
179389,B12-6255210,F2457|F2477|F2596|F2645|F2647|F2710|F2711|F3169|F3199,fallback
179575,NL2009-1442501,F3116|F44,fallback
179598,,,empty
17964,,,fallback
179795,B2003-6483087,F2521|F2592|F2594|F3087,fallback
179821,BELG2009-6222950,F1188:1,structured
179828,CHN2015-17-0171225,,empty
179955,NL11-4710107,F3486:2|F3579:2|F5829:2|F5982:2,structured
179979,,,fallback
180008,B11-6133655,F452:2|F2733:2|F3052:2|F2609:3|F2718:3,structured
180009,B11-6133656,F452:2|F2733:2|F3052:2|F2609:3|F2718:3,structured
180010,B11-6133660,F2884:2|F3188:2,structured
180012,B11-6133727,F2788:2|F2796:2|F2884:2|F3314:2,structured
180051,,,empty
180146,,,fallback
180223,DV05-07764488,,fallback
180236,,,fallback
180239,,,fallback
180240,,,fallback
180245,,,fallback
180248,,,empty
180249,,,empty
180251,,,empty
180268,,,fallback
180337,,,fallback
180594,,,empty
180714,DV02884-08-302,,fallback
180717,DV02884-10-252,,fallback
180922,B11-6282600,F1009,fallback
180924,B2004-6467234,F2592|F2714|F290|F3087,fallback
180940,CHN2010-002579,,fallback
181011,,,fallback
181015,,,empty
181016,,,empty
181170,,,fallback
181171,CHN2012-32-977610,F5059:2|F5061:2|F5115:3|F5272:3|F5273:3|F5317:3,structured
181176,,F2553|F2725|F2780,fallback
181203,B06-6398495,F2517:2|F2518:2|F2657:2|F2800:2,structured
181213,NL09-1728515,F3155|F3196|F961,fallback
181334,,,empty
181444,,,fallback
181450,B07-4372477,,fallback
181486,CHN2013-17-208888,,empty
181602,,,empty
181634,,,fallback
181683,NL2000-0064603,,empty
181742,,,fallback
181754,NL2000-0066126,,fallback
181829,B11-6261662,F3308,fallback
181830,,,empty
181865,,F40,fallback
181866,,,empty
181878,CHN2011-008252,,fallback
181880,CHN2009-001040,F4210:2|F4211:2|F4219:2|F4223:2,structured
181931,,,fallback
181956,,,fallback
182095,CHN10-02-203210,,empty
182336,CHN2011-15-057709,F4607:2|F2497:3|F4165:3|F4482:3|F4533:3|F3122:4|F5405:4,structured
182476,,,empty
182478,,,fallback
182482,,F2155,fallback
182529,,,empty
182832,DV09581-09-856,,fallback
182871,,,fallback
182873,CHN08-09-337612,F1:1|F6177:1,structured
182874,CHN2007-26-002282,F2182:1|F5370:2,structured
182878,CHN2009-26-181035,F2182:1|F5370:2,structured
182885,CHN2010-26-099878,F4807:1,structured
182888,CHN2011-26-100119,F4807:1|F2182:2|F5370:3,structured
182889,CHN2011-26-099878,F4807:1|F2182:2|F5370:3,structured
182890,CHN2011-26-099888,F4807:1|F2182:2|F5370:3,structured
182893,CHN2010-26-100000,F4807:1|F2182:2|F5370:3,structured
182895,CHN2007-26-001399,F6624:1|F5370:2,structured
182907,CHN2009-26-188114,F4807:1|F2182:2|F5370:3,structured
182909,CHN2009-26-188115,F4807:1|F2182:2|F5370:3,structured
182913,CHN2010-26-099996,F4807:2|F6624:2|F2182:3|F5370:3,structured
182924,CHN2006-26-139912,,fallback
182929,CHN2006-26-139904,F2118:1|F2134:1,structured
182936,CHN2007-27-002343,F2152:1|F4807:1,structured
182939,CHN2011-26-100109,F2112:2|F2182:2|F6540:2|F5370:3,structured
182940,CHN2012-26-099484,F2116:2|F2124:2|F4823:2|F2134:3|F2135:3,structured
182943,CHN2012-26-099452,,fallback
182948,CHN2012-26-099439,F2185:2|F6512:2|F6545:2,structured
182953,CHN2012-26-099536,F4807:3|F6624:3|F2182:4|F5370:4,structured
182960,CHN2011-26-000091,F2112:2|F2182:2|F6540:2|F5370:3,structured
182962,CHN2011-26-000092,F2112:2|F2182:2|F6540:2|F5370:3,structured
182967,CHN2011-26-000099,F2182:2|F6624:2|F5370:3,structured
182968,CHN2011-100102,F4838:1|F2182:2|F5370:3,structured
182971,CHN2011-26-100072,F2158:2|F2182:2|F5370:3,structured
182972,CHN2011-26-100098,F4807:1,structured
182973,CHN2010-26-000136,F2155:1,structured
182974,CHN2009-26-000279,F910:1|F930:1,structured
182975,CHN2009-26-000280,F910:1|F930:1,structured
182976,CHN2010-26-089129,,empty
182977,CHN2007-26-001310,F2158:1,structured
182983,CHN2011-26-099843,F2134:2|F6495:3,structured
182987,CHN2008-26-002878,F2134:2,structured
182989,CHN2006-26-139904,F2118:1|F2134:1,structured
182992,CHN206-26-186029,F2134:1|F2135:2,structured
182997,C03-340599,,fallback
182998,B2010-4322625,F2311:1|F2330:1,structured
183003,NL1999-5906124,,fallback
183006,CHN2011-26-099901,F4839:1|F6524:2,structured
183023,NL1999-1910933,F6538:1|F6567:2,structured
183033,CHN2002-26-015147,F6494:1|F5370:2,structured
183078,B2007-6110211,,structured
183094,,,empty
183102,CHN2008-15-086106,,fallback
183134,CHN07-15-064777,F7014:2,structured
183231,CHN2004-15-196474,F7014:2,structured
183290,CHN2006-26-009860,F2185:1,structured
183291,B1998-3232518,,empty
183293,CHN2006-26-009916,F6512:1|F6545:1,structured
183294,NL07-1443614,,fallback
183444,B2005-3191042,F2172:1|F6507:1,structured
183488,CHN2012-06-177366,,empty
183496,CHN2010-06-471557,,fallback
183503,CHN2009-06-406340,,empty
183504,BELG2009-2054285,,fallback
183514,CHN2011-06-398394,,empty
183515,CHN2011-06-398395,,empty
183545,CHN2012-06-209428,F2297,fallback
183627,,,empty
183635,NL97-1402272,,fallback
183739,CHN2012-05-422209,,empty
183752,CHN2012-05-422399,,empty
183794,CHN2012-05-422221,,fallback
183898,CHN2006-26-001458,F7315:1|F2172:2|F6507:2,structured
183907,CHN2007-26-067031,F6543:1|F6623:1,structured
18392,NL06-0736603,F5601:2|F6950:2|F7101:2|F7269:2,structured
183979,,F3170,fallback
183986,,,fallback
184046,BE09-2053432,,fallback
184083,CHN2011-26-000096,,empty
184102,,F2752|F3025|F3026|F953,fallback
184112,,,fallback
184139,CHN2009-26-181035,F2182:1|F5370:2,structured
184189,CHN2002-26-010923,F5370:2,structured
184216,CHN2012-26-099808,F2134:2|F2063:3|F2135:3,structured
184244,CHN2010-26-089145,F4807:2|F6524:2|F2182:3|F5370:4,structured
184279,,,fallback
184305,CHN2012-01-997120,F2172|F7314,fallback
184309,CHN2012-26-099494,,fallback
184314,CHN2012-01-997115,F2063|F2134|F2135|F2136,fallback
184317,CHN2006-26-111914,F2063:2,structured
184322,CHN12005-26-090118,F2134,fallback
184407,,,fallback
184425,CHN2015-03-0886687,F6674:2|F6531:3|F6551:3|F6600:3|F6645:3|F6648:3|F6542:4|F6605:4,structured
184442,B94-6082223,,fallback
184443,NL2017-1277700,F6646:2|F6531:3|F6576:3|F6579:3|F6580:3|F6610:3|F6542:4|F6605:4,structured
184447,NL2010-1681855,F6551:2|F6600:2|F6645:2|F6648:2,structured
184590,,,fallback
184692,B10-4049403,F3262,fallback
184694,,,fallback
184697,,,fallback
184702,,,fallback
184703,,,fallback
184714,,,fallback
184715,,,fallback
184717,,,fallback
184718,,,fallback
184777,B2008-6314780,F2038|F2041|F2069|F2101|F2109|F2545,fallback
184779,B2009-6358264,F2051:2|F2139:2|F2249:2,structured
184783,B2010-6038252,F2038:2|F2069:2|F2085:2|F2095:2,structured
184786,B2010-6038255,F2041:2|F2109:2|F2140:2|F2192:2,structured
184812,,,fallback
184820,B12-4186478,F217|F2577|F2684|F3128,fallback
184827,CHN2012-26-100000,F4807:2|F6494:2|F2182:3|F5370:3,structured
184834,,,fallback
184836,,,fallback
184837,,,fallback
184851,CHN2012-26-099499,F2296:2|F2038:3|F2069:3|F2085:3|F2095:3,structured
184858,CHN2012-26-099586,F6564:2|F2134:3|F6495:3,structured
184920,,,empty
184956,,,empty
184981,B2005-6085516,F2538,fallback
185037,BE08-6383144,F1155,fallback
185087,,,empty
185230,,,empty
185255,CHN2011-26-099802,F6501:2|F6529:2,structured
185257,NL2009-1674564,,fallback
185265,NL2002-2373047,,fallback
185269,,F315,fallback
185270,NL08-1588772,,fallback
185271,BELG11-6219397,F667,fallback
185294,NL2004-2220779,,fallback
185337,NL2007-1766758,,fallback
185422,,,empty
185423,,,fallback
185437,,,empty
185486,NL08-2040127,,fallback
185575,CHN2008-06-294138,,empty
18574,NL07-1578425,,fallback
18575,NL07-1578972,,fallback
185769,,F2553|F2725|F2780|F294|F2963|F2964|F3062,fallback
185786,CHN2009-26-191093,F6524:1,structured
185787,CHN2011-26-180553,F2155,fallback
185788,CHN2011-26-100017,,fallback
185789,CHN2011-26-100018,,fallback
185792,CHN2011-26-100025,,fallback
185793,CHN2012-26-100024,,fallback
185795,CHN2011-26-100051,,fallback
185825,CHN2012-26-099995,,fallback
185835,CHN2011-26-099802,F6501:2|F6529:2,structured
185925,,,empty
185961,CHN2012-26-099787,F2118:3|F2134:3|F2182:3|F4807:3|F5370:4,structured
185966,CHN2009-188106,F4823:1|F2118:2|F2134:2,structured
185967,,,empty
185976,CHN2007-26-002310,F6501:1|F6529:1,structured
185978,CHN2012-26-067192,F5414:1,structured
185979,CHN2007-26-001339,F2115:2|F2136:2|F6490:2|F6495:2,structured
186022,B12-6042573,,fallback
186024,B12-6042574,,fallback
186029,B12-6042583,,fallback
186054,B10-3059340,,fallback
186174,,,empty
186221,BE12-6023813,F1135,fallback
186222,NL10-1542699,,fallback
186299,,,fallback
186302,,,fallback
186304,,,fallback
186516,CHN2011-26-100007,F4807:2|F2038:3|F2069:3|F2085:3|F2095:3|F2182:3|F5370:4,structured
186530,B04-6468550,F2402:2|F2492:2|F2546:2|F2903:2,structured
186551,,,fallback
186570,,,empty
186581,CHN2008-26-229989,F6623:1,structured
186584,CHN2011-26-180523,F6543:2|F6547:2|F6567:2|F6623:2,structured
186591,,,empty
18661,NL2007-1955921,,fallback
18664,NL07-1955948,F5400:2,structured
186678,,,fallback
18668,NL2007-1955953,F6619:1|F6523:2|F6526:2,structured
186697,,,fallback
186698,,,fallback
18671,NL2007-1955956,F2485,fallback
18673,NL2007-1955970,,fallback
18674,NL2007-1955978,,fallback
18675,NL2007-1955986,,fallback
186820,,,empty
186836,,,empty
186843,CHN2011-099605,F4773:1|F2172:2|F6507:2,structured
186854,CHN2011-26-099829,F6509:2|F2172:3|F6507:3,structured
186877,,,empty
186922,CHN2008-26-002616,F7314:1|F2172:2|F6507:2,structured
18712,,,fallback
18716,,,fallback
187186,,,empty
187258,,,empty
187259,,,fallback
187274,B07-6076190,F2643|F274|F2952|F412,fallback
187275,B07-6076077,F2643|F274|F2952|F412,fallback
187276,,,fallback
187301,CHN2007-26-140814,F2050:2|F2063:2|F2122:2,structured
187303,,,fallback
187306,,,fallback
187333,,,fallback
187371,,,fallback
187389,,,fallback
187421,,,fallback
187451,,,fallback
187454,,,fallback
187459,,,fallback
187465,B2012-6321322,F1370:1|F2180:2|F2196:2,structured
187527,,,fallback
187592,,,empty
187664,BE05-4344528,F931,fallback
187673,,,empty
187675,CHN10-15-245497,,empty
187679,,,fallback
187740,BE08-6050282,,fallback
187791,,,empty
187896,,,fallback
188068,,,empty
188089,,F2436|F2521|F2607|F2778,fallback
188129,NL10-1294823,F6778:2|F6767:3|F6804:3|F6914:3,structured
188131,NL05-2132538,F6767:2|F6804:2|F6914:2,structured
188134,B10-4230322,F235:2|F616:2|F933:2|F940:2,structured
188135,B10-2182159,F328:2|F860:2|F1060:2|F1146:2,structured
188197,B12-3088193,F369:2|F2740:3|F2393:4|F2569:4,structured
188287,BELG2004-4349195,F3315,fallback
188308,CHN2012-15-295142,F2447|F326|F3317,fallback
188345,,,empty
188492,CHN2018-03-0788886,,empty
188493,CHN13-03-363853,,empty
188520,CHN2014-03-642260,,fallback
188523,CHN08-03-333559,,fallback
188564,CHN16-03-0112201,,fallback
188571,CHN18-03-0780234,,fallback
188606,CHN2013-03-111284,,fallback
188619,CHN14-03-662227,,empty
188625,CHN2018-03-0788883,,empty
188627,,,empty
188658,CHN2009-03-037031,,fallback
188660,,,fallback
18878,,,fallback
18879,B02-6121715,F2489:2|F2490:2|F2513:2|F2542:2,structured
188957,,,empty
188976,CHN10-01-966941,F3162|F456,fallback
189180,B06-4302544,F2577|F3269|F573,fallback
189233,,,fallback
189243,,,fallback
189247,,,fallback
189265,CHN2017-03-0772219,,fallback
189427,,,empty
189452,CHN2012-09-170000,,empty
189467,,F2038|F2182,fallback
189499,,,empty
189500,B12-6196555,,fallback
189514,CHN2012-26-099435,F4807:3|F6624:3|F2182:4|F5370:4,structured
189575,,,fallback
189635,,,empty
189658,BELG2008-6338325,F150:2|F474:2|F2553:2|F2780:2,structured
189682,B09-2100366,F2565,fallback
189709,CHN2012-26-099996,F6538:2|F6509:3|F6567:3|F2172:4|F6507:4,structured
189713,,,fallback
189714,,,fallback
189717,,,empty
189745,BELG2007-6311514,F2069,fallback
189747,,,fallback
189756,,,fallback
189773,,,fallback
189789,CHN16-03-0179976,,empty
189798,CHN2016-03-0112235,,empty
189804,CHN2009-26-188188,F6538:2|F6563:2|F6567:3,structured
189806,CHN2009-188040,F4781:2|F5413:2|F6538:2|F6567:3,structured
189811,CHN2009-26-000047,F4756:2|F4808:2|F6538:2|F6567:3,structured
189815,CHN2009-000048,F4756:2|F4808:2,structured
189818,CHN2010-26-099991,F4756:2|F4808:2|F6538:2|F6567:3,structured
189825,CHN2011-26-100200,F6538:2|F6563:3|F6567:3,structured
189828,CHN2019-03-0982820,,fallback
189851,,F3000|F538,fallback
189959,C10-086110,,fallback
189960,,,empty
189963,,,fallback
189972,,,fallback
190018,CHN16-03-0179976,,empty
190031,CHN2015-03-1213334,,fallback
190037,CHN2014-03-662260,,fallback
190074,CHN2017-03-0772256,,fallback
190149,CHN2014-03-662201,,empty
190197,CHN10-15-203337,,fallback
190202,,,empty
190461,CHN12-15-239266,F6259:1|F5854:2|F5923:2,structured
190499,B2006-4868548,F2684|F3128,fallback
190506,NL04-1389363,,fallback
190512,FR09-511686,,fallback
190578,,,empty
190579,,,empty
190625,CHN2015-03-1213089,,fallback
190636,CHN2013-03-363848,,empty
190679,,F2038|F2182,fallback
190681,,,fallback
190682,,F2152,fallback
190698,,,empty
190702,,,fallback
190706,CHN2012-05-422298,,fallback
190709,CHN2012-05-422327,,fallback
190732,CHN2012-05-423333,,fallback
190735,CHN2012-05-422222,,fallback
190738,CHN2012-05-422355,,fallback
190751,CHN2012-05-422223,,fallback
190755,CHN2012-05-422277,,fallback
190788,CHN2012-05-422322,,fallback
190789,CHN2012-05-422224,,fallback
190836,CHN2010-15-088565,F3236|F341,fallback
190839,CHN2009-32-332948,,fallback
190854,CHN2011-05-503482,,empty
190883,,F326,fallback
190942,,,fallback
190989,B06-5088337,,fallback
190995,,,fallback
191008,NL97-5700852,,fallback
191070,,,fallback
19114,NL06-0751078,,fallback
19126,B03-3240760,F4231:1,structured
191307,CHN2012-03-818264,,empty
191339,,,empty
19143,NL07-1459147,F83:1|F5916:2,structured
191577,CHN2010-10-126294,,empty
191578,CHN2010-10-126295,,empty
191581,CHN2008-10-268104,,empty
191582,CHN2010-10-489343,,empty
191589,,,empty
191591,,,empty
191594,,,empty
191604,,,fallback
191736,CHN2010-15-319695,F4582:1,structured
191738,CHN2010-15-319693,F4582:1,structured
191781,,,empty
191784,,,empty
191786,,,empty
191793,,,empty
191800,,,empty
191835,,,empty
191852,,F119|F120,fallback
191866,,,empty
191868,,,empty
191885,,,empty
191969,,,empty
191983,NL07-2038015,F1143:1|F2436:2|F2521:2,structured
191985,B04-6293184,F290:1|F3087:1,structured
191998,,,fallback
192200,B12-6196483,F1507|F1754|F645,fallback
192203,B12-6196554,,fallback
192206,,,fallback
192261,B11-6142043,,fallback
192262,B10-6024713,F2538|F3326|F3327,fallback
192264,BE08-4216993,,fallback
192380,B12-6123209,F1375|F1938|F621,fallback
192381,CHN2008-09-013132,,empty
192457,AU00-JWBC-726,,empty
192469,AU05-ARPU-14592,,empty
192470,AU05-JWC-5358,,fallback
192482,AU07-ARPU-01045,,empty
192484,AU07-ARPU-01057,,fallback
192506,AU07-ARPU-01184,,empty
192508,AU07-ARPU01221,,empty
192510,AU07-ARPU-01271,,empty
192515,AU07-ARPU-01400,,empty
192532,AU07-ARPU-01409,,empty
192563,AU09-JWC-9759,,empty
192564,AU09-JWC-9918,,empty
192582,CHN10-22-995927,,empty
192783,BELG02-3252513,,fallback
192785,BELG2000-9103502,F3356,fallback
192791,,,fallback
192793,DV02376-03-34,F191,fallback
192819,BELG06-3206567,F894,fallback
192826,BELG05-3185296,F236,fallback
192851,DV02376-03-0017,F3000,fallback
192969,BELG2002-9071575,F3356,fallback
19301,CHN2006-18-000022,,fallback
19302,BE05-2143486,F3359:2|F3365:2|F4024:2|F4102:2,structured
193145,CHN13-20-002129,,fallback
193147,CHN14-20-002323,,fallback
193148,BELG2001-9040022,F3356,fallback
193149,CHN12-20-047141,F2577,fallback
193150,CHN12-20-047167,F2577,fallback
193151,BE08-6368029,,fallback
193154,BE08-6336876,F2594|F2859|F3087,fallback
193155,CHN15-20-0002149,,fallback
193157,CHN11-20-042933,F2577|F2752,fallback
193159,NL11-1470623,,fallback
193163,BE08-6336839,F667,fallback
193164,CHN11-20-001947,,fallback
193193,B06-6407334,F268,fallback
193194,B04-6202009,F470,fallback
193268,,F402,fallback
193270,C12-096580,,fallback
193273,C12-096597,,fallback
193277,,F832|F833,fallback
193282,,,fallback
193305,,,fallback
193324,B05-6337089,F2491|F2511|F2553|F2725|F3073,fallback
193328,B05-6336911,F2491|F2511|F2553|F2725,fallback
193331,B06-6210487,F2491|F2511|F2553|F2725|F3073,fallback
193333,B05-6336809,F2491|F2511|F2553|F2725|F3073,fallback
193346,B06-6210806,,fallback
193353,B05-6446723,,fallback
193354,B05-6040476,F2866|F3043|F3159,fallback
193359,B09-6047528,F1628,fallback
193361,BE08-6050181,,fallback
193367,B06-6148413,F99:2|F153:2,structured
193373,B12-6123928,F259:1,structured
193376,B08-6177576,F3170,fallback
193378,B12-6023377,F1529,fallback
193380,B12-6023378,F1529,fallback
193433,AU04-GFL-1317,F2546:3|F2640:3|F2641:3|F2903:3,structured
193470,CHN2012-03-1110205,,fallback
193486,,F1684,fallback
193488,,F1684,fallback
193498,,F3155|F3297,fallback
193500,,F3155|F3297,fallback
193524,CHN2011-26-100087,F2182:2|F4781:3|F5370:3|F5413:3,structured
193533,CHN2011-26-100090,F2158:2|F2182:2|F5370:3,structured
193567,,F3356,fallback
193638,,F3356,fallback
193667,,F487,fallback
193668,,F3203|F3206|F3356,fallback
193831,,F2485,fallback
193851,CHN10-15-277558,,fallback
193993,,,empty
194222,BELG2008-6144576,,fallback
194312,,,fallback
194317,,,fallback
194322,,,empty
194324,,,fallback
194343,B05-6155384,,fallback
194422,B09-4189890,,fallback
194435,,,fallback
194437,,,empty
194441,,,empty
194443,,,empty
194451,,,empty
194456,,,empty
194493,B12-2030091,,fallback
194592,,F2586|F2780|F2782|F294|F2964|F3040|F3062|F3116|F3181|F3225,fallback
194597,,F2586|F2780|F2782|F294|F2964|F3040|F3062|F3116|F3181|F3225,fallback
194704,,,fallback
194710,,,empty
194716,,,empty
194718,,,fallback
194719,,,empty
194724,,,empty
194746,,,empty
194748,,,empty
194749,DV02884-10-553,,fallback
194750,,,empty
194753,,,empty
194755,,,empty
194762,,,fallback
194770,,,empty
194773,,,empty
194786,,,fallback
194787,,,fallback
194835,,,fallback
194907,,,fallback
194912,,,fallback
194914,,,fallback
194926,B2001-6255303,F2096:1|F2121:1,structured
194927,,,empty
194928,B2001-6255352,F2038:2|F2085:2|F2413:2,structured
194987,,,fallback
195011,,,empty
195050,,F2723|F3326,fallback
195054,,F2723|F3326,fallback
195056,B12-6306338,F819:2|F3042:2,structured
195124,,,fallback
195126,,,empty
195127,,,empty
195128,B2006-5150759,,empty
195129,,,fallback
195130,,,empty
195139,BELG2006-6270255,,fallback
195140,,,empty
195149,,,empty
195150,,,empty
195153,,,empty
195154,,,empty
195156,,,empty
195157,,,empty
195180,DV02884-07-782,,fallback
195243,,,empty
195305,,,empty
195313,,,empty
195362,,,empty
195404,BELG06-6267451,F413,fallback
195417,,,empty
195420,,,empty
195509,,,empty
195530,,,empty
195534,,,fallback
195535,,,fallback
195601,,,empty
195657,B10-6315060,,fallback
195658,,,fallback
195706,,,empty
195735,,,empty
195743,,,fallback
195932,,,fallback
195935,B05-4132732,F2120,fallback
19594,B04-6126486,,fallback
195944,,,empty
195953,,F2768|F2922|F2923|F2980,fallback
195965,,,empty
195993,BELG09-6222755,F2140,fallback
195997,,,empty
196001,BELG2008-6371188,F2774:2|F640:3,structured
196037,DV04087-11-401,,empty
196041,DV04087-12-599,,empty
196076,DV08288-11-288W,,empty
196102,,,empty
196112,BE09-5017502,,fallback
196124,BE10-3029584,,fallback
196212,,,empty
196233,,,empty
196358,,,fallback
196359,,,fallback
196369,,,fallback
196407,NL11-1612277,,fallback
196415,NL07-1766849,,fallback
196423,,,empty
196424,,,empty
196431,,,empty
196434,,,empty
196449,,,fallback
196454,,,empty
196459,CHN12-03-067513,,empty
196461,CHN12-03-067528,,empty
196486,,,empty
196534,,,fallback
196544,BE12-3039258,,fallback
196557,CHN08-086139,,fallback
196599,NL08-1125189,F6859:2|F6916:2|F6954:2|F7085:2,structured
196934,,F3040,fallback
196937,,,fallback
196962,B2008-6340454,F2097:2|F2125:2|F3091:2|F6556:2,structured
196970,,,empty
196990,CHN2017-03-0077630,F4743:3|F4746:3|F4776:3|F4787:3|F4906:3|F7284:3,structured
196994,NL2010-1681819,F6542:2|F6605:2|F6615:2|F6492:3|F6497:3,structured
197067,,,fallback
197080,CHN2012-10-033621,F2925,fallback
197096,,,empty
197221,B09-4188092,,fallback
197223,,F3040,fallback
197230,,,empty
197231,B03-6483948,F2540|F2720,fallback
197236,,,fallback
197238,,,fallback
197240,,,fallback
197242,,,fallback
197245,,,fallback
197251,,,empty
197252,,F2508|F2521|F2592|F3087,fallback
197260,,,empty
197273,CHN2006-09-009016,,fallback
197276,CHN2008-09-265859,,empty
197280,CHN2008-09-404944,,empty
197291,CHN2010-32-961850,F4743:2|F4746:2|F4776:2|F4787:2,structured
197310,CHN2008-06-380408,,empty
197313,CHN2016-03-0900799,F4906:2|F7284:2,structured
197580,CHN2016-03-0900869,F4906:2|F7284:2,structured
197612,CHN2018-03-0222300,F6580:3|F6602:3|F6610:3|F6551:4|F6574:4|F6600:4|F6645:4|F6648:4|F2097:5|F2125:5|F3091:5|F6489:5|F6498:5|F6510:5|F6542:5|F6556:5,structured
197710,,,fallback
197711,,,fallback
197792,,,empty
197813,NL04-1106004,F472:1,structured
197897,,,empty
197899,,,empty
197938,CHN2012-15-295136,F326,fallback
197982,,,empty
198171,,F3156,fallback
198179,,,empty
198189,,,empty
198203,,,empty
198223,,,empty
198240,,,empty
198314,CHN12-01-130685,,empty
198326,CHN12-01-130686,,empty
198330,CHN12-01-490787,,empty
198374,CHN12-01-997338,,empty
19842,,,fallback
198526,,,fallback
198588,CHN2012-15-189251,F4583:2|F4603:2|F7115:3|F7116:3,structured
198612,,,empty
198621,,,empty
198622,,,fallback
198730,CHN12-01-225414,,empty
198814,,F3156,fallback
198996,B11-3016123,,fallback
199173,CHN10-09-219365,,fallback
199178,CHN10-09-219368,,fallback
199184,CHN10-09-060390,F4588:1,structured
199265,CHN2012-15-069136,F2447|F326|F3317,fallback
199297,GB10-Z97115,,fallback
199323,CHN12-01-130688,,empty
199526,,,empty
199632,,,fallback
199725,B12-6023338,F1518:2|F3889:2|F3170:3|F617:4|F635:4,structured
199742,,,empty
199751,B09-5093733,,fallback
199759,B99-5161298,,fallback
199763,B01-5010914,F2688,fallback
199767,,,empty
199769,B09-5061217,,fallback
199770,B09-5061078,,fallback
199777,,,fallback
199784,B10-6212411,,fallback
199830,B12-2080211,,fallback
199896,B04-4418190,,fallback
199933,B05-6221292,,fallback
199950,NL98-1539998,,fallback
200007,CHN08-493575,F2464:2|F4539:2|F4566:2,structured
200008,CHN10-484210,F4474:2|F4566:2,structured
200078,CHN12-01-997347,,empty
200085,,,empty
200090,,,empty
200134,,F2920,fallback
200194,,,fallback
200199,B12-6192420,F1012,fallback
200201,B12-6192421,,fallback
200204,B12-6192639,,fallback
200206,B12-6192340,,fallback
200212,NL10-1084701,,fallback
200260,B10-4297702,,fallback
200261,B10-4325488,,fallback
200267,B11-4311151,,fallback
200273,B10-5054477,,fallback
200276,B10-5181597,,fallback
200291,B11-5120984,,fallback
200297,B10-5095224,,fallback
200308,B11-6266789,F1325|F1539,fallback
200311,B11-6266803,,fallback
200314,B11-6266819,,fallback
200319,B11-6266826,F273,fallback
200321,B11-6325627,F104|F273,fallback
200352,B11-6283724,,fallback
200356,B11-6283765,,fallback
200360,B11-6283804,,fallback
200370,B11-6283954,F143,fallback
200373,B11-6283812,,fallback
200388,BE2008-6124004,,fallback
200411,,,empty
200501,,,fallback
200537,CHN14-01-1289902,,empty
200541,,,fallback
200553,CHN06-06-130896,,fallback
200564,CHN12-01-490787,,empty
200572,,,fallback
200573,,,fallback
200616,CHN12-01-130687,,empty
200617,,,empty
200618,,,empty
200619,,,empty
200694,CHN12-01-183996,,empty
200998,,,empty
201000,,,empty
201002,,,fallback
201133,,,empty
201190,,,fallback
201209,CHN2004-15-148558,F5349:1,structured
201380,BELG2002-3003734,F3116,fallback
201433,,,empty
20146,,,empty
20147,DV05-07764-489,,empty
201497,BELG03-3131207,,fallback
201505,BELG04-3227907,,fallback
201525,CHN2013-15-175817,F4793:1,structured
201527,CHN2008-15-086106,,fallback
201530,CHN2006-15-069554,,fallback
201531,,,fallback
201532,CHN2003-15-088688,,fallback
201535,CHN2004-15-148531,F7014:1,structured
201537,CHN2012-15-263132,F4772:1,structured
201538,CHN2008-15-086158,,fallback
201539,CHN2004-15-148558,F5349:1,structured
201540,CHN2003-15-088668,,fallback
201541,,,fallback
201563,CHN2007-15-064777,F7014:2,structured
201564,,,fallback
201568,CHN2010-15-069788,,fallback
201572,CHN2008-15-069736,,fallback
201608,NL2012-1946258,,fallback
201610,,,fallback
201619,CHN2012-17-301260,,fallback
201667,,,empty
201698,,,empty
201699,,,empty
201738,,,empty
201777,,,empty
201837,BE11-4036079,F1233,fallback
201869,,,empty
201887,CHN11-06-062255,F561:2|F1354:2|F1355:2|F6558:2,structured
201889,DV02618-12-2132,,fallback
201891,,,fallback
201899,,,fallback
201900,,,fallback
202063,,,empty
202094,CHN10-06-084907,,fallback
202125,BE10-5031100,,fallback
202146,,F307,fallback
202220,NL2007-1560573,,fallback
202229,NL2008-1285955,,fallback
202291,BELG2009-5026759,,fallback
202336,NL14-1404562,F5501:3|F7206:3,structured
20235,,F2480|F2554,fallback
20239,,,fallback
202452,CHN2009-15-213266,F2497:2|F3122:2|F5405:2,structured
20251,,,fallback
20258,,,fallback
20259,,,fallback
20269,,F3137|F73|F766,fallback
202690,,,fallback
202767,,F2646|F2713,fallback
202768,,F2457|F2646|F2713|F280,fallback
202791,B09-6154368,F5496:2|F6009:2|F2700:3|F2799:3|F3319:3|F3320:3,structured
202855,DV01769-06-258,F5135:2|F5325:2|F5348:2,structured
202897,DV08897-08-2143,F3087,fallback
20290,,,fallback
202911,BE09-5061838,F1616|F227|F3274,fallback
202913,BE08-6116705,,fallback
203013,NL15-1896699,F1897:2|F1958:2|F2004:2|F2005:2,structured
203029,NL11-1014017,F6028:2,structured
203067,NL16-4280441,F5065:2|F6415:2|F209:3|F5966:3|F6102:3|F6186:3,structured
203070,,,empty
203118,B12-6236459,F2643:2|F2952:2|F2402:3|F2492:3|F2545:3|F3200:3,structured
203122,B12-6236460,F2643:2|F2952:2|F2402:3|F2492:3|F2545:3|F3200:3,structured
20315,,F2714|F2715,fallback
203160,DV06437-14-1436,F604:2|F846:2|F5103:2,structured
203165,NL13-1659727,F114:2|F1531:2|F6921:2|F6959:2,structured
203174,CHN01-03-004979,,fallback
203210,,F54|F573,fallback
20329,,,fallback
203340,NL05-1220342,F5777:1|F6820:2|F6964:2,structured
203348,NL10-1528962,F5756:2|F5998:2|F5538:3|F6820:3|F6964:3|F7000:3,structured
203352,NL10-1528969,F5538:3|F6820:3|F6964:3|F7000:3,structured
203360,NL11-1588359,F5829:2|F6820:2|F6964:2|F5538:4|F7000:4,structured
203523,NL13-4729274,F1774:2|F1781:2|F5761:2|F6110:2,structured
203529,B15-6159710,F1538:2|F1540:2,structured
203534,NL14-1823815,F6077:2|F6128:2,structured
203549,B15-6045320,F1986:1,structured
20362,B05-6300561,F143:1,structured
203685,,,fallback
203713,,,empty
203720,,,fallback
203748,,,fallback
203752,,F83,fallback
203795,CHN11-09-190925,F4612:1|F4627:1,structured
203797,B08-3079104,,fallback
203798,CHN12-09-357664,F4853:1|F5922:1,structured
203800,,,empty
203802,,,fallback
203937,NL12-3222526,F5727:2|F5792:2|F5933:2|F6249:2,structured
203941,CHN12-01-923210,,fallback
203979,CHN17-01-0698844,F3101,fallback
204126,,F2457|F2646|F2713,fallback
204143,CHN2014-29-000367,F4882:1|F4491:3|F4492:3,structured
204203,BE06-3008103,,fallback
204210,BE06-3008228,,fallback
204215,BE06-3008092,F222|F370,fallback
204274,CHN07-10-046149,F2925,fallback
204277,CHN12-01-952536,F24|F3101|F640,fallback
204311,CHN12-03-333318,F4585:1|F4587:1,structured
204363,C2012-02-085572,F2569|F3116|F369,fallback
204488,,,empty
204498,,,empty
204509,,,fallback
204517,,,fallback
204674,B12-6039948,F2407|F2413|F2467|F2545|F2546|F2659,fallback
204675,B12-6235192,F1539:1|F823:2|F1325:2,structured
204676,B10-6038124,F2659:3|F3085:3|F117:4|F118:4|F2876:4|F5420:4,structured
204677,B10-6038295,F822:1,structured
204678,B10-6038131,F1033:1|F2735:2|F3202:2,structured
204680,B07-6077125,,fallback
204700,B04-3099019,,fallback
204701,B06-3148365,,fallback
204721,,F2172,fallback
204764,B2006-6210479,F2491|F2510|F2553|F2725|F2780|F2781|F294|F2963|F2964|F3062,fallback
20480,CHN2007-06-001007,,fallback
204815,,,empty
204816,,,empty
204819,,,empty
204822,,F2925,fallback
204826,,,fallback
204831,,,fallback
204894,,,empty
204899,,,fallback
204904,,,empty
204913,,F2925,fallback
204914,,F2897|F2925,fallback
204923,B06-6188406,F105:1,structured
205018,,,empty
205092,,,empty
205103,,,fallback
205106,,,empty
205107,,,empty
205109,,F2897|F2925,fallback
205115,,F2925,fallback
205120,,,empty
205123,,,empty
20516,,,fallback
205199,NL08-1078921,,fallback
205202,NL11-2023235M,,fallback
205271,,,fallback
205275,,,fallback
205277,,,empty
205281,,,fallback
205472,NL14-14044053,F5449:2|F5814:2|F5961:2|F6105:2,structured
205483,NL15-1729287,F1862:2|F5897:2|F6330:2,structured
205523,,,fallback
205524,B10-2083169,F515:2|F699:2|F2410:3|F2604:3|F2697:3|F2765:3,structured
205525,,,fallback
205538,,,fallback
205541,,,fallback
205547,,,fallback
205568,,,fallback
205583,,,fallback
205634,,,empty
205639,CHN2012-11-125164,,empty
205787,,,empty
20581,B06-4375241,,fallback
205830,,,fallback
205841,NL2010-1840480,,fallback
205858,NL2010-1840456,,fallback
20588,,,fallback
20590,,,fallback
205900,,F3101,fallback
205960,,,fallback
205986,,,fallback
205992,,,fallback
206003,,,fallback
206006,,,fallback
206010,,,fallback
20609,BE2001-6528322,,fallback
206093,,,fallback
206102,,,fallback
206115,,,fallback
206117,,,fallback
206118,,,fallback
206122,,,fallback
206123,,,empty
206124,,F2925,fallback
206125,,,empty
206126,,,fallback
206128,,F2925,fallback
206135,,,fallback
206139,,F2925,fallback
206141,,F2897|F2925,fallback
206143,,F2897,fallback
206144,,,fallback
206146,,,empty
206153,,,empty
206157,,F2925,fallback
206165,,F2897,fallback
206171,,,empty
206209,,,fallback
206212,,,empty
206222,,F2897,fallback
206234,,F2925,fallback
206235,,,fallback
206369,DV01769-10-1771,,fallback
206383,,,empty
206385,,,empty
206422,,,empty
206459,B12-6322403,F799,fallback
206641,,,empty
206649,NL08-1175000,,fallback
206650,,,fallback
206680,,,fallback
206684,,F179|F2678|F2679,fallback
206692,,F3101,fallback
206730,DV08728-01-452,,fallback
206736,NL12-1295917,,fallback
206751,,,fallback
206753,,,fallback
206754,,,fallback
206755,,,fallback
206756,,,fallback
206757,,,fallback
206762,CHN2006-15-069554,,fallback
206766,CHN2003-15-088688,,fallback
206773,CHN08-15-086106,,fallback
206784,,,fallback
206791,CHN2008-32-285412,F7014:2,structured
206829,B09-6130454,F1523:1,structured
206834,B09-6130642,F999:1,structured
206887,NL08-1173416,,fallback
206893,,,fallback
206894,NL08-1174999,,fallback
20690,BE05-4178145,,fallback
206955,,F3078|F3150,fallback
206978,NL08-1103989,,fallback
207051,CHN2012-10-069951,F4782:2|F4789:2|F4819:2|F4829:2,structured
207066,,,empty
207074,CHN2012-10-108332,F4679:1|F4816:2|F5365:2,structured
207075,CHN2012-10-110332,F4591:2|F4600:2|F4621:2|F5034:2,structured
207077,CHN2011-10-449661,F4789:1|F4829:1,structured
207094,,,fallback
207096,,,fallback
207098,,,empty
207113,CHN2000-10-318331,,empty
207139,CHN2009-10-511475,F4804:1|F4828:1,structured
207286,NL11-1407780,F6179:1|F6192:1,structured
207312,,F2897|F2925,fallback
207315,,,empty
207318,,,fallback
207331,,,fallback
207333,,,empty
207338,,,fallback
207341,,F2897|F2925,fallback
207354,,F2897|F2925,fallback
207360,,,empty
207365,,,empty
207370,,F2897|F2925,fallback
207385,,F2925,fallback
207386,,F2925,fallback
207391,,,empty
207418,,,fallback
207422,,,empty
207426,,,fallback
207502,,,empty
207522,CHN11-26-000370,F4794:2|F5047:2|F5418:2|F5370:3,structured
207547,B12-3162809,F1093|F2742,fallback
207548,,F150|F182|F2780|F2946|F2963|F2964|F3062,fallback
207551,NL09-1592382,F5588:2|F5673:2|F6106:2|F5501:3|F7206:3,structured
207553,NL10-1324842,F5572:2|F5616:2|F7189:2,structured
207565,B11-6171622,,fallback
207596,B11-2172358,,fallback
207601,B06-6267265,F2467|F2643|F274|F2952|F412,fallback
207608,NL11-1964776,,fallback
207635,,,empty
207682,CHN12-000178,F2412:2|F2433:2|F2506:2|F2629:2,structured
207684,CHN12-16-273785,F280,fallback
207685,CHN10-16-248885,F2461,fallback
207686,,F2461,fallback
207690,CHN12-16-273702,F6978:2|F7050:2,structured
207705,CHN2002-15-166116,F7014:1,structured
207707,CHN2004-15-148531,F7014:1,structured
207728,CHN2004-15-187229,F7014:1,structured
207729,,,fallback
207730,,,fallback
207732,,,fallback
207734,,,fallback
207735,CHN2011-15-170355,F4596:1|F4615:1,structured
207741,,,fallback
207743,,,fallback
207748,,,fallback
207750,,,fallback
207764,,,empty
207802,CHN2010-29-050552,,empty
207817,,,fallback
207820,,,fallback
207830,,,fallback
207831,,,fallback
207863,,,fallback
207940,,,empty
207943,CHN2005-06-148370,,fallback
207947,,,empty
207961,,,empty
207965,,,empty
20798,CHN2014-01-825351,,empty
207984,,,fallback
208032,,,empty
208051,,,empty
208054,,,empty
208055,,,empty
208056,,,empty
208057,,,empty
208071,CHN2012-01-802593,F842:1,structured
20809,NL04-2183499,,fallback
208141,C2010-14-036773,,fallback
208148,C2011-14-128847,,fallback
208149,C2012-14-072815,,fallback
208150,C2012-14-072820,,fallback
208183,,,fallback
208202,,,fallback
208206,,,empty
208213,,,empty
208327,,,fallback
208329,,,empty
208333,CHN2012-06-330310,,empty
208334,,,empty
208346,CHN2010-06-099999,,fallback
208350,CHN2012-03-999962,,fallback
208415,,,fallback
208417,CHN2011-06-055937,,fallback
208420,DV03-07237-703,F5196:1,structured
208431,CHN2011-06-051111,,empty
208432,,,empty
208433,CHN2009-06-139267,,empty
208443,CHN2012-10-000631,F4782:2|F4789:2|F4819:2|F4829:2,structured
208452,,,fallback
208453,,,fallback
208603,BELG2006-9123206,F1392|F1581|F3203|F484|F486|F674,fallback
208606,BELG2004-9153678,F1581|F3203|F3356|F486,fallback
208610,BELG2004-9153224,F3203|F3206|F3356,fallback
208612,BELG2005-9029082,F3203|F3206|F483,fallback
208614,BELG2004-9153220,F3203|F3206|F3356,fallback
208615,BELG2004-9153221,F3203|F3206|F3356,fallback
208616,BELG2006-9123125,F3203|F3206,fallback
208619,BELG2004-9134282,,fallback
208620,BELG2004-9153216,F487,fallback
208625,,,fallback
208627,CHN2011-03-739175,,fallback
208628,CHN2007-03-598440,,fallback
208630,CHN2008-03-493494,,fallback
208636,CHN11-03-919818,,empty
208637,CHN12-03-711858,,empty
208686,,F2155,fallback
208701,B2005-6332258,F2553:2|F2725:2,structured
208731,,,empty
208733,CHN2011-06-055926,,empty
208734,CHN2012-06-288635,,empty
208739,CHM2012-06-288695,,fallback
208740,CHN2011-06-055940,,empty
208741,CHN2009-06-089512,,fallback
208776,CHN2005-03-218508,,fallback
208777,CHN2007-009570,,fallback
208778,CHN2011-276599,F2860:2|F3089:2,structured
208855,,,fallback
208856,CHN12-24-019351,,fallback
208857,CHN12-24-019352,,fallback
208858,CHN12-22-009280,,fallback
208882,,,fallback
208896,B11-5030657,F2444|F2506,fallback
208971,CHN2011-10-003764,,empty
208980,,,fallback
208995,CHN2007-10-395875,,fallback
209047,CHN2012-10-128438,,fallback
209048,CHN2011-06-055887,,empty
209053,CHN2012-10-100563,,fallback
209118,B07-2055171,F3212:1|F2988:2|F7015:2,structured
209126,CHN12-22-009270,,fallback
209161,,,fallback
209191,AU2005-24242,,fallback
20927,B07-2043386,,fallback
209309,BEL03-6425750,F2477|F2645|F2710|F2711|F3169|F3199,fallback
209393,CHN2012-10-102009,F6759:1|F5543:2,structured
209394,B10-6166099,F1224:1,structured
209395,B10-3047059,F180:2|F360:2|F379:2|F2744:3|F2915:3,structured
209397,CHN2012-10-014828,F4679:1|F4816:2|F5365:2,structured
209404,CHN2006-10-008781,,empty
209438,,,fallback
209442,,,fallback
209483,CHN09-10-001650,,fallback
209484,BELG2005-6206406,,fallback
209487,CHN07-10-042990,F2155,fallback
209514,B03-2191171,,fallback
209518,B03-2191179,F2565,fallback
209522,B03-2191169,F20|F2671,fallback
209523,B03-2191170,F20|F2671,fallback
209524,B03-2191310,F2738,fallback
209589,CHN2012-06-288791,,empty
209599,CHN2011-06-055993,,fallback
209707,,,fallback
209712,,,fallback
209733,,,empty
209769,BELG2012-2061485,F1058|F193,fallback
209780,BE12-6323113,F3669:1|F3384:2|F4050:2,structured
209788,BE12-6314327,F3384:3|F4050:3|F4051:3,structured
209801,CHN2012-10-011832,F4591:2|F4600:2|F4621:2|F5034:2,structured
209807,,,empty
209808,,,empty
209872,CHN2010-06-255659,,empty
20993,,F278,fallback
209996,,,empty
210114,,F2925,fallback
210116,,F2897,fallback
210118,,F83,fallback
210119,,,fallback
210120,,F1752,fallback
21018,CHN2006-08-112545,,fallback
210189,CHN12-10-227736,,fallback
21020,,,fallback
210212,CHN2009-06-139036,F2925,fallback
210260,CHN2009-06-089516,,empty
210270,BELG2006-9123122,F1392|F1581|F3203|F484|F486|F674,fallback
210293,CHN07-10-484066,,empty
210312,BE12-6314348,F3583:1|F3502:2,structured
210494,CHN11-22-1116103,,empty
210503,CHN07-22-998555,,fallback
210507,CHN07-22-998544,,fallback
210548,CHN2012-10-040866,F6759:1|F5543:2,structured
210624,DV03095-15-1099,F5378:2|F5380:2|F5393:2|F5778:2,structured
210627,B05-9029144,F486,fallback
210629,BELG2010-9039082,,fallback
210632,B11-6177329,F1369:1,structured
210644,BELG2007-9023146,F3356,fallback
210645,BELG2007-9023704,,fallback
210648,,,fallback
210649,NL10-1031478,,fallback
210650,,,fallback
21088,,,fallback
210916,NL12-1893567,,fallback
210940,BE12-6023495,F3845:1|F4328:2,structured
210967,CHN2012-10-011180,F6759:1|F5543:2,structured
211016,CHN2014-2--008996,F2470:3|F2486:3|F2501:3|F2619:3|F4881:3|F4882:3,structured
211095,,,empty
21114,,F105|F2643,fallback
211238,BELG2008-9044064,F1392|F484|F486,fallback
211241,,F1392|F1581|F3203|F3206|F484|F486|F674,fallback
211271,DV02065-10-717,F326,fallback
211272,B10-2045282,F512:2|F2410:3|F2604:3,structured
211341,,,fallback
211396,,,fallback
211401,,,fallback
211474,,F486,fallback
21149,BE07-4191211,F2684,fallback
211499,,,fallback
211528,,,fallback
211529,B09-2054308,F1056,fallback
211559,,,fallback
211577,,F179|F292,fallback
211645,CHN2012-10-102002,,fallback
211904,B2005-2142658,,fallback
211934,,,empty
211967,CHN12-06-288637,,empty
211975,CHN2012-06-288636,,empty
212076,CHN2014-10-252080,,fallback
212080,CHN2014-10-251553,F2143|F2252|F3087,fallback
212089,,,fallback
212090,,,fallback
212093,,,fallback
212111,,,fallback
212168,NL14-1930957,F613:2|F1035:2|F1361:2|F17:4|F269:4|F3075:4,structured
21217,,,fallback
212181,CHN2011-10-064911,F6759:1|F5543:2,structured
212217,BE06-3054630,F539,fallback
212238,BE08-4276703,F3636:1|F3693:1,structured
212246,NL2012-1114335,,fallback
212275,CHN2012-15-069168,F326,fallback
212412,,,fallback
21247,,,fallback
212823,,,empty
21287,,,empty
21288,,,empty
21291,,,empty
21295,,,empty
21296,,,empty
212992,,,empty
213003,,,empty
213216,BE12-6236030,F2659:2|F3085:2|F3202:2|F2402:3|F2492:3,structured
213241,B10-2045185,,fallback
213268,CHN2009-15267914,F3236|F341,fallback
213271,,F2447|F326|F3317,fallback
213273,CHN2010-32-808689,F2447|F326|F3317,fallback
213499,B08-5061952,F2189,fallback
213504,NL10-1822641,,fallback
213527,BE12-5158650,F3708:2|F3717:2|F3767:2|F4097:2,structured
21353,CHN2007-06-211280,,empty
21357,,,fallback
213620,CHN2014-10-252050,,empty
213641,,,empty
213653,,,empty
213679,,,empty
213681,,,empty
21374,,,fallback
213951,BELG05-6236510,F303|F97,fallback
213952,B05-6165405,F303,fallback
213954,,,empty
213973,,,empty
213979,CHN2013-15-175857,F4793:1,structured
214016,,,empty
214019,,,empty
214027,,,empty
214063,DV02065-11-93,,fallback
214088,,,fallback
21413,T96-19441,,empty
214179,CHN2013-15-175900,F4809:1,structured
214183,CHN2007-15-060488,,empty
214184,CHN2008-15-285412,F7014:2,structured
214187,CHN2004-15-196474,F7014:2,structured
214189,CHN2012-15-338969,F5432:1|F7267:1,structured
214271,CHN2009-10-500943,F4816:1|F5365:1,structured
214275,B11-6025020,,fallback
214362,CHN09-16-038822,,fallback
214364,,,empty
214367,CHN09-16-000038,,fallback
214377,CHN05-16-079432,,fallback
214380,CHN05-16-077852,,fallback
214394,CHN2010-10-080690,,empty
214415,CHN11-15-366049,F2405:2|F2477:2|F2710:2|F6762:2,structured
214448,CHN10-15-259333,F2497:2|F3122:2|F5405:2,structured
214468,CHN10-15-259013,F3122:2|F5405:2,structured
214487,B12-6324831,F627|F788,fallback
214740,CHN12-10-192251,,empty
214741,CHN12-10-187164,F163,fallback
214870,NL08-1897559,,fallback
214892,CHN2012-10-064901,F6759:1|F5543:2,structured
214908,NL04-1226133,,fallback
214909,NL08-1897107,F5808:1|F6193:1,structured
214933,NL08-1897560,,fallback
214935,NL11-2024850,,fallback
214937,NL11-2024854,,fallback
214958,,,fallback
215081,NL11-2024847,,fallback
215083,NL11-2024862,,fallback
215087,NL11-2024859,,fallback
215089,NL11-5016103,,fallback
215090,NL11-5016104,,fallback
215092,NL11-5016111,,fallback
215167,,,fallback
215243,NL11-2024840,,fallback
215258,NL11-5016114,,fallback
215260,NL11-5016118,,fallback
215267,,F799,fallback
215271,NL11-2024839,,fallback
215273,NL11-2024842,,fallback
215277,NL11-2024848,,fallback
215278,NL11-2024852,,fallback
215280,NL11-1048472,,fallback
215293,B03-2121108,F2603:1|F2668:1,structured
215299,B2005-2143049,,empty
215362,,,fallback
215416,NL2008-3828810,F5430:2|F5707:2|F7097:2|F6809:3|F6904:3,structured
215418,NL2008-3828809,F5430:2|F5707:2|F7097:2|F6809:3|F6904:3,structured
215419,NL2006-1691548,F5608:2|F5840:2|F6830:3|F6880:3|F7037:3|F7100:3,structured
215420,NL2007-1349860,F5557:2|F5619:2|F5839:2|F7164:2,structured
215421,NL2004-1484193,F7038:2|F7271:2,structured
215425,NL2004-1484242,F6830:2|F6880:2|F7037:2|F7100:2,structured
215431,NL2005-2029907,F6900:2|F6953:2|F7017:2|F7024:2,structured
215434,NL2011-1406877,F1466:2|F1480:2|F1733:2,structured
215437,NL2004-1484243,F6830:2|F6880:2|F7037:2|F7100:2,structured
215438,NL2011-1867685,F5431:2|F5795:2|F5900:2|F7179:2,structured
215439,CHN08-32-354109,,fallback
215441,CHN06-22-1010737,F6791:2|F6792:2,structured
215450,B07-2222148,,fallback
215452,B06-6148375,F2866|F3154|F3159|F97,fallback
215524,NL05-1928857,,fallback
21558,,,empty
215583,NL2008-1016501,F6861:2|F6895:2|F7120:2,structured
215605,BELG2011-2083463,F15,fallback
215608,BELG2011-2083412,F15,fallback
215609,BELG2011-2083497,F15,fallback
215651,,,fallback
215670,CHN2008-16-000039,,fallback
215677,CHN2006-16-130000,,fallback
215678,CHN2011-16-008916,,fallback
215690,CHN2011-16-139358,,fallback
215727,,,fallback
215735,NL2007-2036935,F615:1|F897:1,structured
215756,CHN08-32-002459,,fallback
215766,CHN08-22-888267,,fallback
215770,CHN08-32-002450,,fallback
215774,CHN08-32-354119,,fallback
215778,CHN07-22-998512,,fallback
215780,CHN05-32-830519,,fallback
215802,CHN2011-16-003967,,fallback
216006,,,empty
216053,CHN08-15-226444,F2497:2|F3122:2|F5405:2,structured
216064,CHN11-15-057555,F2497:2|F3122:2|F5405:2,structured
216096,CHN2008-10-288001,F4750:2|F4754:2,structured
216304,CHN2012-03-067267,,fallback
216323,CHN10-22-986216,,fallback
216324,CHN08-32-002515,,fallback
216326,CHN10-22-986578,,fallback
216327,CHN10-22-999995,,fallback
216329,CHN10-22-986001,,fallback
216361,B04-6463757,F2038|F2467,fallback
216451,AU2010-GFL-218,F5594:2|F6480:2|F6756:2,structured
216455,,,fallback
216465,BELG11-6283507,F658|F817,fallback
216469,BELG08-6234270,F3017:2|F3081:2,structured
216564,B07-2247184,F97,fallback
216681,,,fallback
216695,,,fallback
216753,,,fallback
216754,,,fallback
216771,CHN2011-276633,F467:2|F2858:2|F2860:2|F3089:2,structured
216772,,,fallback
216773,CHN2011-454848,F467:2|F2858:2,structured
216796,BE13-3048700,,fallback
216923,,F326,fallback
216927,CHN2011-15-000958,,empty
216932,CHN2011-15-328941,,fallback
216935,CHN2012-15-069068,F2447|F326|F3317,fallback
216938,CHN2012-15-295124,F2447|F326|F3317,fallback
216946,BE12-4163469,,fallback
216970,,,fallback
217022,B12-6306383,F110,fallback
217079,,,fallback
217082,,,fallback
217085,,,empty
217201,,,fallback
217202,,,fallback
217217,,F745,fallback
217218,,F745,fallback
217219,,,fallback
217220,,,fallback
217222,,,fallback
217223,B12-3168953,F1080|F180|F3116|F338,fallback
217224,,,fallback
217230,CHN2013-03-331195,,fallback
217239,CHN2005-03-171974,F4570:1|F4571:1,structured
217249,CHN2012-10-011171,F6759:1|F5543:2,structured
217474,,,fallback
217650,B2011-3008389,,fallback
217655,,,fallback
217671,,,empty
217678,,,empty
217690,CHN11-06-167307,,empty
217734,,,empty
217743,,,empty
217748,,,empty
217781,BE12-2035832,,fallback
217834,B11-3070116,F714:2|F2745:2|F2569:3|F2814:3|F3194:3|F2553:4|F2725:4,structured
217849,B11-3070119,F26:2|F2814:2|F3116:2|F3251:2,structured
217868,B12-3162858,F159:2|F481:2|F711:2|F3116:2,structured
217984,BE09-5026628,,fallback
218109,,,fallback
218144,DV02065-12-299,,fallback
218149,DV02065-12-283,,fallback
218238,NL03-4774400,F2946,fallback
218294,CHN2002-16-061006,,empty
218402,B2010-4320629,F2577|F3269|F573,fallback
218420,,,fallback
218421,B12-2061303,,fallback
218425,,,fallback
218430,,,fallback
218484,,F3356,fallback
218513,,F1392|F1581|F3203|F3206|F3356|F484|F486|F674,fallback
218515,,F3203|F3206|F3356|F483,fallback
218516,,F3203|F3206|F3356,fallback
218652,B2001-6253882,F2407:2|F2652:2|F3047:2,structured
218670,B2012-6183830,F1671|F1672,fallback
218677,B2012-6051357,F1138,fallback
218681,B2011-2204342,,fallback
218715,NL2011-1665069,,fallback
218717,NL2011-1665006,,fallback
218734,NL2012-1988813,,fallback
218795,B2011-6320634,F1002|F1646,fallback
218797,B2010-4101574,,fallback
218799,B2012-6225316,,fallback
218809,NL2011-5016112,,fallback
218889,,,empty
218905,B2011-2116025,F2866:2|F3159:2,structured
218909,B2010-2024002,F696,fallback
218912,B2011-2076083,F1516|F695,fallback
218915,B2012-9032398,,fallback
218919,B2012-6023312,,fallback
218921,B12-6307257,,fallback
218924,B2012-6023631,F1135,fallback
218926,B2010-6357812,,fallback
218929,B2012-9105298,,fallback
218930,B2012-9105297,,fallback
218931,B2012-6023697,,fallback
218933,B08-6383003,,fallback
218934,B2010-2210071,F510|F878,fallback
218937,B2012-6051393,,fallback
218938,NL2011-1821665,,fallback
218939,B2012-6225315,,fallback
218940,B2011-6244711,F1532|F1534,fallback
218941,DV09711-09-33,,fallback
218945,B2010-2177461,F688,fallback
218957,B2011-9079503,,fallback
218962,B2012-6183839,F1672,fallback
219069,DV09711-06-419,F2946:2|F5775:2,structured
219091,B2010-2192137,,fallback
219093,B2012-6225302,F1002,fallback
219099,B2011-2204340,,fallback
219101,B2011-9079502,,fallback
219144,B09-4338692,,fallback
219148,B12-5150405,F3709:1|F3879:1,structured
219171,B2011-9079524,,fallback
219173,B2012-2177680,F688,fallback
219177,B2012-6183944,F1532|F1534,fallback
219179,B2010-2192138,,fallback
219180,B2011-6244757,F1532|F1534,fallback
219182,B2012-6051371,,fallback
219184,B2011-6244691,F1201|F1671,fallback
219185,NL2012-1988805,,fallback
219187,NL2012-1988804,,fallback
219188,NL2012-1988819,,fallback
219191,B2012-2177802,,fallback
219192,B2011-9079508,,fallback
219196,B2011-6244756,F1532|F1534,fallback
219198,B2011-9079501,,fallback
219199,B2012-2177801,,fallback
219200,B2011-6261524,,fallback
219202,B2011-9079518,F1221|F1683,fallback
219203,B2011-6244766,F1672,fallback
219205,B2011-6261502,,fallback
219319,CHN2012-10-102016,,fallback
219468,,,fallback
219523,NL07-1180509,,fallback
219687,AU04-1084,,fallback
219799,CHN12-06-209535,F2297,fallback
219801,CHN12-06-209536,F2297,fallback
219802,CHN12-06-209277,F2297,fallback
219804,,F2297,fallback
219805,,F2297,fallback
219806,,F2297,fallback
219828,,,fallback
219849,B12-6196325,F1192:2|F1515:2|F3176:3|F3338:3,structured
219852,B11-6282095,F122:3|F317:3|F3094:3|F3176:4|F3338:4,structured
219988,NL2006-0744789,,fallback
219989,NL2010-3038179,,fallback
220107,CHN12-06-209210,,empty
220108,,,empty
220158,,,empty
220159,,,empty
220160,,,empty
220197,,,fallback
220514,RO09-888077,,empty
220635,B06-5150554,,fallback
220684,,,fallback
220734,CHN11-01-587392,,empty
220745,CHN09-01-917015,,empty
220769,,F2577|F2753|F3269|F573,fallback
220833,CHN11-01-422243,,empty
220914,CHN2012-17-167293,F303,fallback
220977,BE07-4093012,F2577|F2753|F3269|F573,fallback
220986,CHN11-01-422287,,fallback
220992,CHN11-01-422202,,empty
220996,CHN09-01-587382,,fallback
220999,CHN11-01-587395,,empty
22100,,F2714|F2715,fallback
221052,,,fallback
221074,B2010-3163517,,fallback
221121,B09-5061264,F1128:1,structured
221122,B10-5031306,F591,fallback
221191,,F3170,fallback
221229,GB12-R-38148,,fallback
221264,B11-6142097,,fallback
221346,,,fallback
22143,,,empty
221466,CHN09-01-917069,,empty
221499,,,empty
221518,,,fallback
221703,BELG2007-6390829,,fallback
221757,NL2009-1674439,,fallback
221760,NL2012-1640851,,fallback
221762,NL2012-1640852,,fallback
221763,NL2012-1640857,,fallback
221766,NL2012-1640869,,fallback
221884,BELG2007-9023004,F3356,fallback
221885,BELG2007-9023090,F3356,fallback
221886,BELG2010-9039394,,fallback
222028,,,empty
222210,NL2004-2248536,F5738:2|F5801:2,structured
222263,,,fallback
222421,B12-6022181,,fallback
222422,B2012-6022187,F1161|F2879|F3308,fallback
222426,B12-6022219,,fallback
22256,B85-6377583,,fallback
22257,B90-6306731,F2422:1|F2425:1,structured
222632,,,empty
222633,,,empty
222634,,,empty
222644,BE04-3230965,,fallback
222650,,,empty
222654,,,empty
222664,,,fallback
222667,,,fallback
222669,,,fallback
222683,BE06-6052102,,fallback
222689,BE07-6206362,F1346,fallback
222692,BE07-6206394,,fallback
222706,,,empty
222709,,F2453,fallback
222802,CHN2010-10-114083,F6759:1|F5543:2,structured
222827,BE08-6065107,,fallback
222844,BE11-6103405,,fallback
222853,BE11-6103512,F1852,fallback
22301,B04-4424698,F65:1|F3174:1,structured
223054,B12-6173609,,fallback
223137,BE11-6091569,,fallback
223285,NL08-1350607,,fallback
223423,NL2001-5120346,F2946:2|F6862:2|F6798:3|F6863:3|F7034:3,structured
223556,B2012-6196313,F3837:1|F1191:2|F980:3|F112:4|F113:4,structured
223688,NL2009-1529781,,fallback
223759,B13-1784962,,fallback
223762,B13-1962863,,fallback
223770,B13-1958292,,fallback
223774,B13-5306580,,fallback
223776,B13-1962854,,fallback
223779,B13-1962865,,fallback
223783,B13-1784930,,fallback
223788,B13-1958286,,fallback
223816,NL12-1598632,,fallback
223818,NL12-1598630,,fallback
223840,NL12-1999463,,fallback
223841,B14-6195006,F247:2,structured
223842,NL12-5214407,,fallback
223847,NL12-5214540M,,fallback
223876,NL07-2008339,F5475:2|F5551:2|F7044:2,structured
223950,,,fallback
223951,,,fallback
223952,,,fallback
223977,NL07-2008413,F7044:2|F7059:2|F7060:2,structured
223989,NL07-2008570,F5550:2|F5735:2|F7203:2,structured
223990,NL07-2008475,F7044:2|F7059:2|F7060:2,structured
223991,NL07-2008478,,fallback
223994,NL07-2008551,,fallback
223997,NL07-2008561,,fallback
224012,NL07-2008582,F5550:2|F5735:2|F7203:2,structured
224017,NL07-2008586,,fallback
224019,NL07-5729556,,fallback
224026,NL07-5729571,F5633:2|F5634:2|F6885:2,structured
224040,NL07-2008381,,fallback
224042,NL07-2008597,,fallback
224043,CHN16-02-0018624,F99:2|F152:2|F2866:3|F3159:3,structured
224260,BE2005-3006692,,fallback
224625,BELG2008-9114532,,fallback
224626,BELG2009-9077873,,fallback
224638,NL2012-1618438,,fallback
224726,,,empty
224732,,,empty
224734,,,empty
224852,NL12-1077054,,fallback
224853,NL12-1077148,,fallback
225059,CHN2012-15-005918,F4582:1,structured
225106,,,empty
225154,,,empty
225203,,,empty
225241,,,empty
225431,,,fallback
225437,AU03-CLAUSTNG-38,,fallback
225445,AU02-CLAUSTNG-174,,fallback
225457,AU06-CLAUSTNG-297,,fallback
225782,,,fallback
225875,,,empty
225894,,,empty
225895,,,empty
225925,B06-6405206,,fallback
225933,B11-2203480,,fallback
226073,,,fallback
22610,BE03-6226060,F3442:1,structured
226111,BE12-6326659,F1319|F1371|F627|F788,fallback
226123,BE12-6324862,F1553,fallback
226151,,F100|F1130,fallback
226153,NL07-2143341,F7165:1,structured
226246,,,fallback
226248,BE12-6324859,F1207,fallback
226252,BE11-6327195,F1213|F1321|F626,fallback
226256,BE09-6269108,F1553|F1664,fallback
226257,BE08-6050132,F1485,fallback
226258,BE06-6148128,F152|F99,fallback
226260,,F624,fallback
226270,BE12-6327924,,fallback
226333,BE12-6123777,,fallback
226396,CHN2013-08-019999,,fallback
226397,CHN2010-08-259018,,fallback
226398,CHN2014-08-060659,,fallback
226464,AU02-4549,,empty
226472,,,fallback
226492,,F2897,fallback
226506,,,fallback
226508,,,fallback
226515,,,fallback
226527,,F2925,fallback
226532,,F2897,fallback
226542,,F2925,fallback
226555,,,fallback
226558,,,fallback
226570,,F2897|F2925,fallback
226589,,F2897,fallback
226590,,F2897,fallback
226613,,F2897|F2925,fallback
226614,,F2925,fallback
226628,BE13-6036652,,fallback
226656,,F2897,fallback
226657,,F2897|F2925,fallback
226661,,,fallback
226676,,F2925,fallback
226680,,F2925,fallback
226841,,F2897,fallback
226885,CHN2012-01-559692,,empty
226887,BELG2015-2294984,F1315|F2959|F3170|F635|F636|F637,fallback
226890,BELG2013-2186846,F1315|F1529|F1901|F2959|F3170|F636|F637,fallback
227048,,,fallback
227086,,F2937|F3154,fallback
227127,B10-6347151,,fallback
227298,,,fallback
227494,,,fallback
227502,,,fallback
227615,CHN2012-12-143116,F1173,fallback
227646,BELG2012-6055611,F4436:1|F4323:2|F4324:2,structured
227659,CHN09-09-131030,,empty
227866,,,empty
227867,,,empty
228030,B13-6179961,F1630:1,structured
228124,BELG2008-6383019,,fallback
228144,CHN02-32-000857,F2646:2|F2713:2,structured
228173,,,fallback
228187,CHN12-15-005945,F3016:2|F3129:2,structured
228188,CHN12-15-005906,F3016:2|F3129:2,structured
228194,,,fallback
228196,CHN2002-32-117030,,fallback
228201,CHN2004-12-135970,,fallback
228206,CHN2004-12-135980,,fallback
228208,CHN1999-09-144408,,fallback
228226,,F2946,fallback
228258,CHN2002-32-117007,,fallback
228474,BE13-6036653,,fallback
228490,BELG2017-6053408,,fallback
228552,,,fallback
228555,CHN2016-08-0045553,,fallback
228558,CHN2019-08-0008933,,fallback
228559,CHN2010-08-259008,F2521|F2592,fallback
228572,,F1315|F1517|F1751|F1900|F2959|F3170|F635|F636|F637,fallback
228609,,,fallback
228664,CHN2011-455041,F467:2|F2858:2|F2860:2|F3089:2,structured
228778,,,empty
228779,,,fallback
228787,,,empty
228792,,F2436|F466,fallback
228793,BE13-6075072,,fallback
228794,BE13-6075182,,fallback
228876,B13-6320224,F1684,fallback
228909,CHN2017-08-0199615,,fallback
228910,,,fallback
228937,B09-6248263,,fallback
228981,,,fallback
228987,T07-549329,F2422|F2425,fallback
229019,,F2849,fallback
229151,B11-6025012,F3072,fallback
229155,B11-6025054,F264:2|F649:2|F3321:2,structured
229161,B11-6025078,,fallback
229162,B12-6245182,F264:2|F649:2|F3321:2,structured
229167,B12-6245228,F650:2|F678:2,structured
229168,,,fallback
229183,B12-6245142,F264:2,structured
229186,B12-6245135,,fallback
229187,BE13-6075280,F1372,fallback
229316,B13-6311155,,fallback
229319,B13-6320223,F1684,fallback
229330,B13-6311177,,fallback
229335,BELG09-2054430,,fallback
229337,BELG09-2054453,F1362|F3212,fallback
229388,B12-6324920,F1212|F3297,fallback
229389,B12-6326701,F1209,fallback
229398,B12-6326704,F134|F1375|F1760|F632,fallback
229409,B12-6326745,F1213|F1321,fallback
229467,B12-6324920,F1212|F3297,fallback
229532,BELG2012-2021396,,fallback
229537,BELG2010-2063635,,fallback
229539,BELG2008-2189983,,fallback
229540,BELG2008-6369078,,fallback
229613,B08-6245088,F127:2|F511:2,structured
229636,B10-4243377,,fallback
229637,B10-4016794,F66:2|F376:2|F578:2,structured
229763,,,fallback
229764,CHN2019-70-253883,F1315|F3170,fallback
229766,CHN2018-08-0084999,,fallback
229767,,,fallback
229768,CHN2013-08-013111,F2519|F2594,fallback
229769,CHN2019-08-0098888,F1518|F1921,fallback
229836,,,empty
22984,CHN06-213697,,fallback
22985,S06-030202,,fallback
229887,,,fallback
22989,S06-213643,,fallback
229921,,,empty
229924,,,empty
230079,,,fallback
230194,CHN2012-32-280381,F1389,fallback
23025,CHN06-152504,,fallback
230338,B10-6038139,F1207|F251,fallback
230364,DV03145-13-760,F5174:2|F5188:3|F5189:3,structured
230429,,,fallback
230514,,,fallback
230633,,,fallback
230710,,,empty
230767,,,fallback
230769,CHN2017-08-0296670,,fallback
230778,,,fallback
230780,,,fallback
230781,,,fallback
230782,CHN18-2009-093352,,fallback
230787,CHN18-2008-026055,,empty
230793,CHN20-2009-020033,,empty
230794,CHN18-2009-093183,,fallback
230795,CHN18-2009-043501,,empty
230796,CHN18-2010-107119,F5409:1,structured
230797,CHN17-2011-006948,F5409,fallback
230845,CHN18-2009-020179,,fallback
230846,CHN18-2012-020448,,empty
230847,CHN18-2012-034059,,fallback
230848,CHN18-2011-009672,,empty
230849,CHN18-2012-048014,,empty
230851,CHN18-2011-030943,,fallback
230853,CHN18-2011-030944,,fallback
230863,CHN18-2011-030942,,empty
230868,CHN18-2007-135976,,fallback
230908,,,fallback
230910,,,empty
230911,,,empty
230962,BE13-6075351,,fallback
230964,BE13-6075387,F1207,fallback
230974,,,fallback
230979,BE13-6075412,,fallback
230980,,,fallback
230984,BE13-6075532,,fallback
230988,BE13-6075589,,fallback
230991,,,fallback
231079,,,empty
231193,CHN2012-04-169570,,fallback
231225,,,fallback
231226,,,fallback
231328,B07-9000937,,fallback
231384,NL11-1341886,,fallback
231600,B10-3121010,F174:2|F334:2|F43:3|F2749:3|F2810:3|F3227:3,structured
231601,B10-3057237,F174:2|F334:2|F43:3|F2749:3|F2810:3|F3227:3,structured
231603,B08-3194413,F43:2|F2749:2|F2810:2|F3227:2,structured
231630,BELG2010-4020268,F378:2|F569:2|F939:2|F1277:2,structured
231747,,F132,fallback
231748,,F132|F2657,fallback
231969,,,empty
231970,,,empty
232275,,F100,fallback
232298,CHN2012-15-215698,F7007:2|F7115:2|F7116:2|F7117:2,structured
232301,DV04715-07-03,F5060:2|F5062:2|F5212:2|F5352:2,structured
232308,B10-6038132,,fallback
232359,,,empty
232368,,,empty
232389,,F2577,fallback
232414,,,fallback
232425,,F2866|F3159,fallback
232552,,F2782|F3040|F3041,fallback
232619,,,fallback
232625,CHN17-01-0711114,F3101,fallback
232719,CHN12-01-997651,,fallback
232742,,,fallback
232848,B12-3168988,F3116,fallback
232917,,,empty
232924,B12-6236350,F1032|F106|F107|F3307,fallback
232991,CHN2013-15-036208,F4582:1,structured
233142,T09-145123,F2422|F2425,fallback
233143,B05-4233085,,fallback
233156,BELG2012-6236036,F1557,fallback
233177,BELG2012-6236151,F2659:2|F3085:2,structured
233182,BELG2012-6236017,,fallback
233259,B12-3168861,F369:2|F737:2|F1065:2|F1431:2,structured
233260,B12-3168862,F1065|F1431|F369|F737,fallback
233262,,,empty
233266,,,empty
233293,,F2818,fallback
233297,,,fallback
233303,B12-6023431,,fallback
233316,,,fallback
233414,B12-6306378,F109|F3163,fallback
233457,,,empty
233514,NL08-2040058,,empty
233529,CHN2016-08-0045575,F2519|F2594,fallback
233549,BELG2014-2329385,F1315|F1529|F1901|F2959|F3170|F636|F637,fallback
233714,,,fallback
233774,,,fallback
233870,NL12-1289770,,fallback
233872,NL12-1289646,,fallback
233877,NL12-1289761,,fallback
233880,NL2012-1219590,,fallback
233901,B11-4302327,F2077:2|F2113:2,structured
233902,B12-6195702,F409:2|F2550:2|F2766:2|F3032:2,structured
23401,CHN1999-08-020116,,fallback
23402,,,empty
234346,,,empty
234352,CHN2010-22-991748,,empty
234430,CHN2010-22-995926,,empty
234441,,,empty
234451,,,empty
234466,CHN2010-22-1362926,,empty
234581,,,empty
234615,,F2897|F2925,fallback
234700,CHN2011-32-015233,,empty
234883,CHN2011-32-015240,,empty
234990,CHN2012-01-559741,,empty
235114,,,empty
235184,CHN09-22-780918,,empty
235200,,,fallback
235202,,F159|F3116|F711,fallback
235247,CHN2010-32-599654,,empty
235295,CHN08-22-1143886,,empty
235315,,,fallback
235316,,,fallback
235335,B12-6123198,F1485|F1553|F1664,fallback
235357,CHN2018-08-0087775,,fallback
23601,TF06-632164,F2849,fallback
236138,CHN12-01-178737,F3484:3|F3595:3|F5439:3|F6907:3|F6929:3|F7095:3|F5436:4|F6868:4|F7270:5,structured
236383,,F2706|F2724|F2791|F2879,fallback
236522,BE11-4278475,F3361:2|F3369:2|F3475:2,structured
236702,NL12-1403151,F521:2|F1038:2|F6181:2|F6941:2,structured
23688,CHN03-10-098493,F6759:1|F5543:2,structured
23689,CHN07-10-390312,F6759:1|F5543:2,structured
236922,,,fallback
236923,,,empty
236939,,F2457|F2646|F2713,fallback
236940,,F2646|F2713,fallback
237024,CHN2010-09-383343,,fallback
237034,NL2004-2031762,,fallback
237042,,,empty
237073,,,empty
237140,CHN2010-09-226698,F2902:2|F4557:2|F4601:2,structured
237187,CHN2008-09-592858,,fallback
237317,CHN09-09-007246,F2925,fallback
237341,,,empty
237343,,,empty
237853,,F2485,fallback
237930,B2008-6340442,F3040|F543,fallback
237934,NL2011-1736844,F6531:2|F6542:2|F6600:2|F6605:2,structured
237936,CHN2016-03-0900999,F2246:2|F6489:3|F6498:3|F6510:3|F6542:3,structured
238195,NL2012-5200201,F6504:2|F6515:2|F6527:2|F6606:2,structured
238436,CHN2018-03-0222919,F2165:4|F2215:4|F2240:4|F2309:4|F4745:4|F4787:4|F4800:4|F6544:4|F6569:4|F6597:4|F2097:5|F2125:5|F3091:5|F6489:5|F6498:5|F6510:5|F6542:5|F6556:5|F6561:5,structured
238440,CHN2018-03-0222159,F6580:3|F6602:3|F6610:3|F6551:4|F6574:4|F6600:4|F6645:4|F6648:4|F2097:5|F2125:5|F3091:5|F6489:5|F6498:5|F6510:5|F6542:5|F6556:5,structured
238444,BE12-5158660,F3572:2|F3717:2|F3766:2|F3823:2,structured
238451,CHN2017-03-0077128,F6650:2|F6725:2|F6551:4|F6600:4|F6645:4|F6648:4|F2097:5|F2125:5|F3091:5|F6489:5|F6498:5|F6510:5|F6542:5|F6556:5,structured
238532,B12-6307657,,fallback
238645,CHN2016-03-0900988,F6531:2|F6630:2|F6542:3|F6600:3|F6605:3,structured
238680,DV01769-08-197,,fallback
238715,B09-6111624,F1381|F432,fallback
238797,,,fallback
238805,B12-6307633,,fallback
238830,BE10-4322652,,structured
238831,B10-4322630,F3014,fallback
238872,NL2013-1239756,F6574:2|F6600:2|F6542:3|F6605:3,structured
238880,NL2013-1239736,F6645:2|F6648:2,structured
238947,CHN2017-03-0077177,F2097:3|F2125:3|F3091:3|F6556:3,structured
238948,NL2010-1681804,F6519:2|F6554:2|F6549:3|F6566:3|F6574:3|F6600:3,structured
238949,NL2013-1239744,F6541:2|F6643:2|F6687:2|F6496:3|F6566:3,structured
238951,CHN2013-03-020704,F2100:2|F2108:2|F2161:2|F2194:2,structured
238952,CHN2009-01-220179,F6505:2|F6555:2|F6561:2|F6569:2,structured
238953,NL2013-1239720,F6601:2|F6511:3|F6605:3,structured
238996,NL2013-1239751,F6580:2|F6602:2|F6610:2|F6574:3|F6600:3,structured
238997,NL2013-1239760,F6629:2|F6647:2|F6649:2|F6690:2,structured
238998,CHN2016-03-0900886,F4797:2|F4798:2|F6674:3|F6531:4|F6551:4|F6600:4|F6645:4|F6648:4|F6542:5|F6605:5,structured
239000,CHN2017-03-0077111,F6653:2|F6698:2,structured
239013,NL2007-1817633,F6566:1|F6493:2|F6496:2,structured
239015,CHN2018-03-0222158,F6505:4|F6555:4|F6561:4|F6569:4,structured
239043,NL2013-1239771,F6493:2|F6511:2|F6605:2|F6496:3,structured
239057,,,fallback
239062,CHN2013-03-020703,F2100:2|F2108:2|F2161:2|F2194:2,structured
239081,CHN2018-03-0222284,F5:1|F6504:3|F6515:3|F6527:3|F6606:3,structured
239156,CHN2018-03-0222282,F6541:3|F6643:3|F6687:3|F6491:4|F6496:4|F6553:4|F6566:4|F6578:4|F6601:4|F6500:5|F6531:5|F6552:5|F6489:6|F6498:6|F6510:6|F6542:6|F6605:6,structured
23917,,,empty
239172,NL2013-1239568,F6531:2|F6542:3|F6549:3|F6566:3|F6574:3|F6600:3|F6605:3,structured
239239,CHN2018-03-0222010,F6580:3|F6602:3|F6610:3|F6551:4|F6574:4|F6600:4|F6645:4|F6648:4|F2097:5|F2125:5|F3091:5|F6489:5|F6498:5|F6510:5|F6542:5|F6556:5,structured
23924,,,empty
239248,CHN2017-03-0077007,F6521:3|F6522:3|F6553:3|F6674:3|F6491:4|F6531:4|F6551:4|F6600:4|F6645:4|F6648:4|F6542:5|F6605:5,structured
23925,CHN03-01-368056,,empty
239254,CHN2017-03-0077101,F6496:3|F6541:3|F6542:3|F6566:3|F6605:3|F6643:3|F6687:3,structured
239265,CHN2018-03-0222022,F6531:3|F6542:3|F6600:3|F6605:3,structured
239326,,,fallback
239328,CHN2018-03-0222223,F5:1|F6504:3|F6515:3|F6527:3|F6606:3,structured
239554,CHN2018-03-0222187,F4864:1|F6505:3|F6555:3|F6561:3|F6569:3,structured
239579,CHN2017-03-0077060,F6491:3|F6553:3|F6578:3|F6601:3|F6500:4|F6531:4|F6552:4|F6489:5|F6498:5|F6510:5|F6542:5|F6605:5,structured
239607,CHN2018-03-0222033,F6674:2|F6531:3|F6551:3|F6600:3|F6645:3|F6648:3|F6542:4|F6605:4,structured
239731,DV01769-08-198,,fallback
239733,DV01769-08-498,,fallback
239746,B06-6267294,F2640:2|F2641:2|F2903:2|F2546:3,structured
24006,,,empty
24032,CHN2013-10-100117,,fallback
24033,CHN2014-10-371999,,fallback
24035,CHN2014-10-391003,,fallback
24042,CHN2013-10-100473,,fallback
24044,CHN2019-10-0650909,,fallback
24046,CHN2013-10-096931,,fallback
24047,CHN2014-10-360207,,fallback
24049,CHN2013-10-061231,,fallback
24050,CHN2011-10-680327,,fallback
240546,NL2013-1419217,F192:2|F724:2|F5655:2|F6162:2,structured
240549,,F192|F40|F615|F897,fallback
240550,,,fallback
240552,NL2013-1419214,F475:2|F6663:2|F4491:3|F4492:3,structured
240554,NL2013-1419213,F475:2|F6663:2|F4491:3|F4492:3,structured
240596,,F128|F260,fallback
240684,B08-6192200,,fallback
240778,,,fallback
240984,NL04-1977034,,fallback
241110,,,empty
241134,DV01769-04-1103,F5325:1|F5353:1,structured
241136,DV01769-04-1104,F5325:1|F5353:1,structured
241239,,,fallback
241404,CHN2010-09-132533,F2897|F2925,fallback
241475,B05-6215280,F132,fallback
241507,NL2005-1628032,F4491:2|F4492:2,structured
241508,NL2003-1386948,F4491:2|F4492:2,structured
241509,NL12-1623825,F2470:3|F2486:3|F2501:3|F2619:3,structured
241510,,,fallback
241751,,F2752|F3126,fallback
241945,B08-6192200,F2684|F3128,fallback
241946,B2008-5064992,,fallback
241947,,,fallback
242346,,F2391|F2407|F2410|F2467|F2545,fallback
242509,,,fallback
242598,CHN2014-08-060885,,fallback
242599,,F1315|F1750|F3170,fallback
242601,CHN2015-08-0111888,,fallback
242602,CHN2019-08-0199988,,fallback
242603,CHN2019-08-0199953,F1315|F3170,fallback
242610,CHN2013-08-019016,,fallback
242611,CHN2013-08-019173,,fallback
242614,CHN2019-08-0199987,,fallback
242615,CHN2014-08-060687,,fallback
242616,,F1315|F1529|F1901|F2959|F3170|F636|F637,fallback
24264,B04-4277355,F3012,fallback
242891,BE2008-4095309,F217|F2916,fallback
243176,,F163,fallback
243177,,,fallback
243384,C11-170666,,fallback
243428,,,fallback
243823,,,empty
243882,NL2007-1818077,,fallback
243887,NL2007-1847565,,fallback
243888,NL2007-1847799,,fallback
243889,NL2008-1561399,,fallback
243890,NL2008-1569222,,fallback
243891,NL2008-1569301,,fallback
243892,NL2007-1847800,,fallback
243960,NL2008-1569388,,fallback
243961,NL2008-1569390,,fallback
243962,NL2009-1214670,,fallback
243963,NL2010-1704361,,fallback
243964,NL2010-1711005,,fallback
243965,NL2009-2095559,,fallback
243967,NL2009-2095564,,fallback
243969,NL2010-1711017,,fallback
243972,NL2010-1711029,,fallback
243973,NL2007-1711031,,fallback
244039,,F2818,fallback
244075,NL2010-1711090,,fallback
244076,NL2010-1711155,,fallback
244077,NL2010-1711156,,fallback
244078,NL2010-1711257,,fallback
244089,CHN2013-08-013666,F2477|F2710,fallback
244172,BE07-6356192,F3581:1|F3608:1,structured
244249,,,fallback
244252,,,empty
244309,CHN2013-09-234970,F4870:1|F4893:1,structured
244454,CHN2013-11-002105,F243,fallback
244540,CHN2013-04-200009,,empty
244764,CHN2019-70-253783,,fallback
244770,,,fallback
244775,,F3270,fallback
244838,B07-6356223,,fallback
244846,,,empty
244859,,,fallback
244863,DV6720-10-174,,fallback
244868,B2006-3008314,F3116,fallback
244907,,,empty
244919,NL2011-1720934,,fallback
244921,NL2011-1758200,,fallback
244922,NL2011-1763903,,fallback
244923,NL2011-1763887,,fallback
244924,NL2011-1763904,,fallback
244926,NL2011-1764022,,fallback
244928,NL2011-1764023,,fallback
245474,,,empty
245671,CHN2012-11-015539,F224:2,structured
245702,CHN2012-11-071285,,empty
245783,,,empty
245785,CHN2013-06-185262,,empty
245824,,F2717,fallback
245915,CHN2010-32-766578,,empty
245978,NL2010-3026400,,fallback
246046,,F2717|F783,fallback
246159,CHN2018-03-0222166,F6531:3|F6542:3|F6600:3|F6605:3|F6674:3|F6551:4|F6645:4|F6648:4,structured
246193,CHN2011-001025,F4783:1|F7268:1,structured
246266,,F2403|F2426|F2722|F2797|F2878|F3326|F3327,fallback
246299,,,fallback
246534,CHN2013-05-137526,,fallback
2466,,,empty
246733,,F2629,fallback
246811,B06-6360083,F7316:3|F7317:3|F7327:3|F7330:3,structured
246822,,,empty
246824,,,fallback
246827,,,fallback
246855,,,empty
246859,,,empty
246893,,,empty
246936,B08-638511,F2946|F2963|F3059|F659,fallback
247007,B05-6446704,F602:2|F2975:2|F3095:2,structured
247133,,F2717|F783,fallback
247138,CZ1235-04-0231,,empty
247190,NL10-1285419,F6066:1|F6067:1,structured
247206,CHN2013-01-256159,,fallback
247215,CHN2013-01-970583,,fallback
247268,DV03145-13-836,F5162:2|F5196:2|F5189:3,structured
247314,B10-6052078,F1658|F1948|F317,fallback
247321,B11-6342407,F1798,fallback
247326,B12-6196465,F1514|F453,fallback
247329,B12-6048839,,fallback
247344,B12-6306392,F3163:2|F2546:3|F2640:3|F2641:3|F2903:3|F2941:4|F2944:4|F117:5|F118:5|F2876:5|F5420:5,structured
247392,,,fallback
247418,,,fallback
247469,,F2453,fallback
247470,,F2453,fallback
247471,,F2453,fallback
247472,,,fallback
247474,GB2012-J-28179,,fallback
24754,B01-6344363,F2517|F2642|F2657|F2674,fallback
24755,B01-6317781,F2517|F2642|F2657|F2674,fallback
247627,,,fallback
247640,CHN2012-156699,,empty
247668,,,fallback
247681,,,empty
247739,CHN2013-05-137199,,fallback
247740,CHN2013-05-137018,,empty
247749,,,empty
247769,CHN2013-05-137667,,empty
247780,CHN2013-05-137754,,empty
247798,B11-4232051,F1461:1|F1289:2|F1290:2,structured
247901,,,fallback
247960,,,fallback
247988,,,empty
248040,,,empty
248134,,,empty
248215,CHN13-09-068250,,empty
248312,,,empty
248325,,,empty
248338,CHN13-09-068246,,empty
248354,,,empty
248445,,,empty
248737,CHN2010-01-810707,F2097:3|F2125:3|F3091:3|F6489:3|F6498:3|F6510:3|F6542:3|F6556:3,structured
248740,B06-6154774,F260:1|F3308:1,structured
248856,BELG07-2015400,F2443:2|F5233:2,structured
249042,BELG12-3162813,F195:2|F3234:2,structured
249045,BELG12-3088275,F195:2|F1111:2|F3234:2|F369:3|F2740:4|F2393:5|F2569:5,structured
249071,,,empty
249108,CHN09-01-877192,F1527,fallback
249142,CHN13-15-091862,F4821:1|F4545:3|F2497:4|F2955:4|F2477:5|F2508:5|F2645:5|F2710:5|F2711:5|F2712:5|F3122:5|F5405:5,structured
249145,,,empty
249150,CHN2018-03-0222908,F2097:3|F2125:3|F3091:3|F6556:3|F2165:4|F2215:4|F4787:4|F4800:4|F6489:5|F6498:5|F6510:5|F6542:5,structured
249165,BELG2012-6236266,F1681:2|F3307:2|F2768:3|F2922:3|F2923:3|F2980:3,structured
249189,,,empty
249194,NL2010-1681847,,fallback
249225,BE13-6026522,F1192|F1515|F1947,fallback
249229,NL11-5016116,,fallback
249232,NL11-5016117,,fallback
2493,,,empty
249373,CHN2012-01-997047,,fallback
249387,,,fallback
249391,,,fallback
249396,,F132|F2517|F2642|F2657|F2674,fallback
249401,,,fallback
249402,NL07-2145923,F2568|F2742|F523,fallback
249432,CHN2011-03-333323,,fallback
249438,,F2134|F2182,fallback
249441,CHN2011-03-999999,,fallback
249442,CHN2008-03-333309,,fallback
249445,CHN2008-03-333310,,fallback
249469,,,fallback
249515,CHN2009-03-000100,,fallback
249523,CHN2011-03-888855,,fallback
249525,CHN07-03-331333,,fallback
249550,CHN2011-03-999994,,fallback
249559,CHN2012-894688,,empty
249644,,F2390|F2436|F2477|F2521|F2592,fallback
249656,,F2390|F2436|F2477|F2521|F2592,fallback
249720,,,empty
249740,,,fallback
249769,CHN2015-03-0810168,F1581,fallback
249803,CHN2013-06-600057,F2224:2|F4636:2|F3116:3|F2399:4|F2469:4|F2527:4|F2570:4|F2680:4|F2812:4,structured
249814,,,fallback
249818,,,empty
250027,,F2840,fallback
25006,CHN17-01--0133616,,empty
25008,,,fallback
250092,,,empty
250119,,,empty
250142,,,empty
250147,,,empty
250155,,,empty
250157,,,empty
250177,,,fallback
250217,,,empty
250218,,,empty
250228,,,empty
250362,S2010-101019,,fallback
250365,S2011-111316,,fallback
250407,,,empty
250410,,,empty
250413,,,empty
250429,,,empty
250440,,,empty
250458,,,fallback
250474,,,empty
250477,,,empty
250478,,,empty
250526,,,empty
250527,S2013-131607,,fallback
250539,,,empty
250661,CHN2012-03-507788,,fallback
250724,,,empty
250725,,,empty
250726,,,empty
250728,,,empty
250731,,,empty
250735,,,empty
250750,,,empty
250755,,,empty
250761,,,empty
250823,,,fallback
250835,,,empty
250865,,,empty
250866,B2007-2015450,F2838,fallback
250879,,,empty
250884,,,empty
250886,,,empty
250889,,,empty
251020,,,empty
251063,BE13-4176559,,fallback
251066,,,empty
251096,,F2521,fallback
251196,,F2577|F2684|F2753|F751,fallback
251200,,F2577|F2684|F2753|F751,fallback
251229,C2013-14-134811,,empty
251394,B10-6052157,F647,fallback
251395,,,fallback
251399,BE09-2119248,F1233,fallback
251400,BE12-9032271,,fallback
251469,,,fallback
251476,,,fallback
251510,CHN12-09-503212,F2925,fallback
251517,,F2925,fallback
251523,,,empty
251526,,F2925,fallback
251596,NL10-5021501,F5657:1,structured
251600,NL08-5821643,F2946,fallback
251680,,,fallback
251725,AU99-GLF-0486,,fallback
251740,,,empty
251774,B2011-4288277,F1452:1|F1719:1,structured
251837,CHN13-01-1069043,,empty
251843,,,fallback
251889,,F2722,fallback
251927,B05-2218455,F2525:2|F2566:2|F2989:2|F2994:2,structured
251934,NL12-1635805,F6264:1|F5925:2,structured
251964,,,fallback
251965,,F2521|F2592,fallback
251968,SK11-03009-625,F52:2|F93:2|F501:2|F5247:2,structured
251973,,,empty
251975,,,fallback
252013,,,fallback
252024,,,empty
252027,,,fallback
252036,,,fallback
252037,,,fallback
252069,NL13-1394861,,fallback
252113,CHN2008-22-1143885,,empty
252152,,,fallback
252194,,F224|F54|F559|F573,fallback
252196,CHN2009-22-781359,,empty
252197,,F224|F2577|F54|F573,fallback
2522,NL04-1106004,F472:1,structured
252200,,F224|F54|F573,fallback
252203,,F224|F54|F573,fallback
252207,B09-6369266,,fallback
252209,B12-6320844,,fallback
252225,,F224|F54|F559|F573,fallback
252238,,,fallback
252239,,,fallback
252329,,F2866|F3159,fallback
252352,CHN2011-22-364439,,empty
252363,DV00507-13-569,,fallback
252428,,,fallback
252489,CHN2011-17-110578,,empty
252515,CHN11-03-008969,,fallback
252523,,,empty
252639,B12-6123929,F259:1,structured
252659,CHN2012-01-559696,,fallback
252669,,,empty
252706,B2008-2234311,F2410,fallback
252756,,,empty
252938,CHN2011-297764,F2860:2|F3089:2|F3322:2|F3352:2,structured
252947,CHN2011-393079,F2648:2|F2798:2,structured
253098,,F1723|F372|F763,fallback
253113,,,fallback
253140,C06-05-324215,,empty
253142,C09-05-191062,F6562:1,structured
253150,C10-05-013202,,empty
253244,DV01769-09-1221,F599:1|F5263:1,structured
253245,DV01769-08-1171,F5116:1|F5118:1,structured
25325,,,fallback
253294,CHN2013-09-200113,,empty
253295,CHN2013-09-200115,,empty
253298,B13-6080807,F1656|F1681|F3307,fallback
253309,B13-6080794,F1189|F3307,fallback
253321,B13-6080779,F1189|F3044|F3307|F416,fallback
253324,B13-6080780,F1189|F3307,fallback
253403,B11-6330030,,fallback
253405,,,empty
253412,,,empty
253432,,,empty
253433,,,fallback
253440,,,fallback
253500,B13-6080697,,fallback
253514,CHN2009-22-780935,,empty
253533,B13-6080763,F110|F1187|F3200,fallback
253541,B13-6080569,F1032|F1189|F3307,fallback
253727,CHN2016-17-0176653,,empty
253795,CHN2012-01-559707,,empty
253835,B13-9029599,F1398:2|F3237:2|F3356:2|F5395:2,structured
253853,IF07-A-2937,,empty
253923,,,empty
253931,,,empty
253957,NL12-1665499,F45:2|F179:2|F519:2|F520:2,structured
254026,,,fallback
254044,BE10-6246178,F139|F3169|F3199,fallback
254061,,,fallback
254170,,,empty
254245,CHN12-18-129999,F2407|F2688,fallback
254307,,,fallback
254310,,,empty
254312,,,empty
254319,,,empty
254320,,,empty
254322,,,empty
254323,,,empty
254423,CHN2014-10-254019,,fallback
254429,CHN2019-10-0529944,F2858|F467,fallback
254480,,,empty
254482,,,empty
254499,BE13-3048493,F2486|F2818|F3000|F542|F890,fallback
254500,BELG13-3048528,,fallback
254631,,,empty
254738,CHN13-26225908,F3827:1|F7244:3,structured
254750,DV01769-08-1172,F5116:1|F5118:1,structured
254753,DV01769-09-1222,F599:1|F5263:1,structured
254768,,,empty
254833,,,fallback
254918,B11-4024617,F742,fallback
254957,B11-4024632,F3262|F742,fallback
254966,B11-4024649,F3014|F3262,fallback
255046,B2009-4321664,F2830|F3009|F3135|F3259,fallback
255080,CHN2012-27-131827,,empty
255104,CHN2014-03-981264,,fallback
255119,BELG2004-4019881,F2684|F3128,fallback
255144,,,fallback
255145,BE13-3048505,F236|F3001,fallback
255169,,,fallback
255191,,,empty
255214,,,empty
255291,B11-4024624,F742,fallback
255304,,F2577,fallback
255306,CHN06-262913,,empty
255335,C2013-14-028521,F85:1|F462:1,structured
255442,,,empty
255454,,,empty
255527,,F2752|F953,fallback
255550,CHN2013-04-200009,,empty
255563,B11-4024607,F3014|F3262,fallback
255573,B11-4024591,F575|F580,fallback
255683,,,empty
255732,,,empty
255744,CHN2011-22-364418,,empty
255801,CHN13-18-000055,,fallback
255808,CHN13-18-000048,,fallback
256010,,,empty
256022,CHN2015-03-0886690,F2097:3|F2125:3|F3091:3|F6489:3|F6498:3|F6510:3|F6542:3|F6556:3,structured
256115,,,fallback
256196,,,empty
256214,,,empty
256230,,,fallback
256249,B12-4216776,,fallback
256326,CHN2011-12-160915,,fallback
256327,CHN2013-12-99061,,fallback
256328,CHN2013-12-088934,,fallback
256329,CHN2013-12-088960,,fallback
256361,,,empty
256363,,,empty
256394,C2013-14-020095,,empty
256396,C2013-14-028516,,empty
256403,C2013-14-028535,,fallback
256431,CHN2012-01-559611,,empty
256460,,,empty
256464,,,empty
256465,,,empty
256466,,,empty
256470,CHN13-12-088836,,fallback
256473,,,empty
256604,,,empty
256605,CHN2011-05-427824,,empty
256607,CHN2011-05-427860,,fallback
256617,C10-05-013184,F6562:1,structured
256621,C10-05-282011,,empty
256628,C11-05-292045,,empty
256629,C11-05-292064,F6115:1,structured
256646,CHN2012-05-430954,,empty
256647,CHN2012-05-619393,,fallback
256696,CHN2012-05-619312,,empty
256726,,F2577|F3269|F573,fallback
256741,,F2577|F2753|F3269|F573,fallback
256927,B2013-6215645,F1672:1|F2370:1,structured
256937,B2013-6215644,F1672:1|F2370:1,structured
256947,B2013-6215649,F1671:1|F1877:2,structured
257089,C2011-15-220166,F350:1,structured
257145,B97-5261932,F2444|F2506|F2532,fallback
257146,B03-6456928,F2862:1|F3089:1,structured
257148,B03-6456930,F290:1|F2709:1,structured
257152,B03-6456955,F3169:1|F3199:1,structured
257162,JPN98-VV03276,F2390,fallback
257168,NL01-1509108,F6930:1,structured
257169,NL09-1674202,F1468|F3260|F762,fallback
257239,,,empty
257240,B05-6278158,F303,fallback
257377,CHN2013-10-168370,F4362:2|F4802:2|F4782:3|F4789:3|F4819:3|F4829:3,structured
257501,NL05-5522944,F5615:1,structured
257502,NL07-1390607,F5985:1|F5615:2,structured
257533,DV03145-13-659,F5461:2|F5965:2|F6178:2,structured
257547,B11-5010863,F1474|F1475,fallback
257573,,,fallback
257590,,,fallback
257641,CHN2013-09-230600,,fallback
257644,CHN2013-09-230602,,empty
257645,CHN2013-09-230614,,empty
257652,CHN2013-09-230615,,empty
257742,,,empty
257743,,,empty
25776,B07-4093397,F2577|F2753,fallback
257768,,,empty
257771,,,empty
257778,,,empty
257782,,,empty
257820,,,empty
257829,,,empty
257854,,,empty
257857,,,empty
257887,,,empty
257934,,,fallback
257938,,,fallback
257992,BE11-6091784,,fallback
257995,BE11-6094162,,fallback
257999,BE11-6094011,,fallback
258001,BE11-6091546,,fallback
258005,BE12-6321693,,fallback
258017,,,empty
258038,,,empty
258098,,,fallback
258122,CHN2011-05-427825,,empty
258142,CHN2012-05-619215,,empty
258143,,,fallback
258172,,,fallback
258197,,,fallback
258198,CHN2012-05-619322,,fallback
258204,,,fallback
258208,,,fallback
258210,,,fallback
258223,CHN2012-05-430940,,empty
258373,NL03-1076565,F5476:2|F5477:2|F6889:2|F7113:2,structured
258386,NL03-1076576,,fallback
258402,NL03-1076550,,fallback
258412,CHN09-22-780960,,empty
258477,CHN2013-22-904977,,empty
258486,,,empty
25849,BE03-3241957,F3250:1|F3368:1,structured
258500,,,empty
258610,,F1581|F3203|F3206|F486,fallback
258611,,,empty
258612,,F1581|F3203|F3206|F486,fallback
258613,,F1581|F3203|F3206|F486,fallback
258614,,F1581|F3203|F3206|F486,fallback
258618,,,empty
258624,,F1581|F3203|F3206|F486,fallback
258660,CHN2009-06-406298,,empty
258673,NL09-3913548,,fallback
258682,NL11-3019151,,fallback
258750,,,fallback
258861,CHN2013-10-168365,F4771:2|F4804:2|F4818:2|F4828:2,structured
258864,CHN2011-05-066800,,fallback
258899,,,empty
258986,BE11-5010979,F3374:2|F3478:2|F4132:2|F2636:4|F2687:4,structured
258988,NL08-2049372,F5969:1|F2401:3|F6798:3,structured
259065,CHN2009-06-406394,,fallback
259066,CHN2009-22-780968,,empty
259068,B10-4101417,,fallback
259073,CHN2011-06-433018,,fallback
259234,B11-6340815,,fallback
259240,,,fallback
259242,,,fallback
259284,B20011-5010442,F1734:1|F1300:2|F1301:2,structured
259315,CHN2013-08-019222,,fallback
259502,,,empty
259572,,,empty
259605,CHN2003-12-184734,,fallback
259618,CHN03-10-388852,,fallback
259627,CHN2013-12-088807,,empty
259659,CNN00-10-682791,,empty
259674,,,fallback
259790,BELG2008-2234326,F371:2|F2410:4|F2604:4|F2697:4|F2765:4,structured
259794,BELG2008-2234304,F2472:2|F2410:3,structured
259801,CHN07-15-079785,,fallback
259807,BELG2008-2234342,F2472:2|F2410:3,structured
259817,BELG2008-2234356,F3212:2|F2988:3|F7015:3,structured
259829,BELG2008-2234347,F2736|F2762|F3116|F863|F864,fallback
259834,,,fallback
259849,CHN2013-15-091869,F2468:2|F2561:2|F2446:3|F2558:3,structured
259850,BELG2008-2234334,F2410:3|F2604:3|F2697:3|F2765:3,structured
259854,BELE2008-2234306,F193:2|F2738:2,structured
259858,CHN04-26-009086,,fallback
259859,,,empty
259861,BELG2008-2234329,F2738,fallback
259870,CHN04-26-007003,,fallback
259871,BELG2008-2234337,,fallback
259876,CHN02-26-043991,,fallback
259878,BELG2008-2234348,F2483,fallback
259890,B2008-2234359,F2073,fallback
259892,BELG2008-2234351,F3262,fallback
259893,B2008-2234352,F3262,fallback
259898,CHN07-15-087200,,fallback
259904,CHN07-16-186650,,fallback
259908,,,empty
259909,,,empty
259913,,,empty
259972,,,fallback
259984,,,empty
260012,B12-6321306,F1375,fallback
260035,B12-6321250,F605|F623|F627|F788,fallback
260043,B12-6321272,F1684,fallback
260069,,,fallback
260087,BELG2012-2061220,F2737,fallback
260094,B12-6321310,F100,fallback
260140,,,empty
260422,CHN2013-10-168358,F4679:2|F4832:2|F4876:2|F4816:3|F5365:3,structured
260483,,,empty
260484,,,empty
260485,,,empty
260486,,,fallback
260487,,,fallback
260488,,,empty
260518,BE12-4186454,F2577|F3269|F573,fallback
260526,BELG2013-3056056,F3116,fallback
260570,BE12-4186482,F2577|F3269|F573,fallback
260582,,,empty
260731,BELG2013-2053414,F2410|F2472|F2604|F2737,fallback
260732,B11-4289655,F1285:1,structured
260739,CHN13-09-068252,F4655:1|F4569:2|F4610:2,structured
260742,BELG2013-2053179,F2410|F2472|F2604|F2737,fallback
260743,CHN13-09-068246,,empty
260754,CHN13-09-068250,,empty
260766,,,fallback
260827,,,fallback
260857,DV06-08857-1,F6935:2|F7168:2,structured
260859,NL11-2002164,F5493:2|F5709:2|F5798:2,structured
260866,,,fallback
260889,CHN2016-08-0079789,F2596|F2607|F2647|F2858|F466,fallback
260897,,,empty
260920,,,fallback
260948,B13-6075884,,fallback
261000,,,fallback
261005,CHN20013-11-127874,F4834:1|F6658:1,structured
261007,CHN20013-11-127873,F4834:1|F6658:1,structured
261012,,,empty
261015,B13-6309880,,fallback
261018,B2009-4321661,F2830:2|F3259:2,structured
261024,B13-6075882,,fallback
261025,B13-6309871,,fallback
261026,B13-6309878,,fallback
261093,BELG2008-2234357,F15|F2410|F2654|F2738|F556,fallback
261117,NL2009-1646393,,fallback
261118,NL2009-2005977,,fallback
261119,BELG2008-2234335,F13|F138|F188|F2878|F330|F557,fallback
26114,NL99-5971312,F6855:2|F6862:2|F6872:2|F6912:2,structured
261220,CHN2012-01-599692,,empty
26126,NL05-1400985,F5638:2|F6965:2|F7110:2|F7250:2,structured
26127,NL2007-1824472,,fallback
261319,CHN2013-15-091374,F150:2|F474:2|F4476:2|F4479:2,structured
261322,,,empty
26133,B08-4346863,F3630:1|F4070:1,structured
261333,,,empty
261423,BELG2013-6080402,F1232|F2407|F2413|F2467|F2545|F2546|F2659,fallback
261425,BELG2013-6080403,F640:2,structured
26143,B07-6258645,F2788,fallback
261447,,,fallback
261498,,,empty
261507,CHN2011-22-364486,,empty
261535,,,empty
261544,,,fallback
261565,,,empty
261578,,,fallback
261579,CHN06-26-159758,,empty
261816,NL2000-2153395,F2390:2|F2435:2|F2509:2|F2730:2,structured
261866,CHN2019-08-0008692,,fallback
261935,,,empty
261939,,,empty
261941,B2013-1286738,,fallback
261949,NL2013-5901516,,empty
261978,,,fallback
261981,,,fallback
262069,,,empty
262088,,,empty
262104,,,empty
262124,,,empty
262134,,,empty
262154,,,empty
262226,,,fallback
262261,CHN2015-08-0265999,F466,fallback
262303,CHN10-26-311496,,empty
262560,CHN2013-03-138306,F4252:2|F4357:2|F7312:2|F7313:2,structured
262904,B11-6332711,,fallback
262905,B12-6236468,F110,fallback
262906,B12-6236464,,fallback
262918,B08-6134654,F814,fallback
262919,B12-6236471,F1186|F306|F3163,fallback
262920,B12-6236472,,fallback
262921,B12-6236466,,fallback
262922,B12-6236465,,fallback
262923,B12-6236467,,fallback
263011,CHN2013-03-687798,F3356,fallback
263084,BE10-6339865,F605|F623|F627|F788,fallback
263088,,F1723|F563|F565,fallback
263092,B08-6368013,F100|F627|F788,fallback
263106,B13-6308417,,fallback
263130,B13-6306774,F1371|F1553,fallback
263189,CHN2019-08-0199947,,fallback
263318,CHN2019-08-0261888,F1315|F1751|F1900|F3170|F635,fallback
263373,BELG2013-6080436,F243:2|F276:2|F638:2|F117:4|F118:4|F2876:4|F5420:4,structured
263377,BELG2013-6080683,F243:2|F276:2|F638:2|F117:4|F118:4|F2876:4|F5420:4,structured
263393,BELG2013-6080760,F243:2|F276:2|F638:2|F117:4|F118:4|F2876:4|F5420:4,structured
263400,BELG2013-6080429,F2407|F2413|F2467|F2545|F2546|F2659,fallback
263514,CHN12-03-228887,,fallback
263516,CHN12-03-228888,,fallback
263521,CHN15-03-0508823,,empty
263541,CHN2015-03-662259,,fallback
263553,CHN2015-03-1213340,,fallback
263554,CHN15-03-0508880,,fallback
263573,CHN12-03-999211,F4584:1|F4586:1,structured
263578,CHN18-03-0780201,,empty
263579,CHN2016-03-0228885,,empty
26363,B2117085-00,F2410|F2461|F2604,fallback
263665,CHN17-03-0675263,,empty
263675,CHN2013-03-361588,,fallback
263683,CHN2013-03-687688,F3356,fallback
263686,CHN10-03-874799,F4570:1|F4571:1,structured
263774,CHN13-03-331122,,fallback
263941,,,empty
263942,CHN12-15-223855,F5854:2|F5923:2|F6119:2|F6261:2,structured
264056,,,empty
264057,,,empty
264172,B2011-2083435,F2472:2|F2410:3,structured
264195,,,empty
264202,,,empty
264301,BELG2013-6080427,F3184:2,structured
264632,B10-4101542,F2577,fallback
264717,,,fallback
264718,,,fallback
264747,CHN2013-06-171301,,empty
264759,,F2722|F3326,fallback
264772,CHN2019-08-0008719,,fallback
264774,B06-6267074,F2735:1|F3202:1,structured
264860,CHN2012-01-559611,,empty
264959,B09-6222799,F2407|F2467|F3307,fallback
264960,CHN2013-08-019333,,fallback
264992,CHN2019-08-0199974,,fallback
264995,CHN2013-08-019976,,fallback
265153,CHN2017-29-0002114,,empty
265156,CHN2013-10-100480,,fallback
265158,CHN2015-10-0871104,,empty
265161,CHN2018-10-0918865,,fallback
265162,CHN2013-10-011985,,empty
265171,CHN2013-10-060691,,fallback
265173,CHN2012-10-490250,,fallback
265176,CHN2012-10-418495,,fallback
265184,B13-6309875,,fallback
265187,CHN2012-10-307938,,fallback
265190,CHN2011-10-720471,,fallback
265191,CHN2011-10-720468,,fallback
265204,BE13-4256728,,fallback
265208,B13-6075883,,fallback
265210,B13-6311094,,fallback
265216,CHN2016-10-0135773,,fallback
265220,CHN2013-10-011990,,fallback
265221,CHN2019-08-0008742,,fallback
265228,CHN2017-08-0296669,,fallback
265234,CHN2013-10-100477,,fallback
265235,CHN2014-08-126888,F2776|F2777,fallback
265238,CHN2019-10-0642240,,fallback
265240,CHN2012-10-400395,,fallback
265302,CHN10-26-311583,,empty
265306,CHN11-26-010586,,empty
265335,,F1315|F1529|F1901|F2959|F3170|F636|F637,fallback
265342,,,empty
265345,CHN2010-03-688555,,fallback
265350,,,empty
265352,,,empty
265370,CHN2013-03-883022,,empty
265372,,F1009,fallback
265376,,F2996|F383,fallback
265377,,,fallback
265381,,F2480|F2554,fallback
265394,,F1443,fallback
265398,,,fallback
265405,,F1009,fallback
265411,,F1443,fallback
265414,,F3113|F3121|F541,fallback
265416,,,fallback
265421,,,fallback
265422,,,fallback
265427,,F287|F435,fallback
265428,,F2480|F2554,fallback
265433,,,fallback
26548,B11-4311217,F1841,fallback
265510,,F1723|F3260,fallback
265881,CHN2013-08-019993,,fallback
265909,,F1315|F1529|F2860|F2959|F3170|F466|F636|F637,fallback
265925,CHN2013-29-004445,F4881:2|F4882:2,structured
265940,CHN2019-08-0199986,,fallback
265966,CHN2012-15-215698,F7007:2|F7115:2|F7116:2|F7117:2,structured
265967,CHN2011-15-060550,F150:2|F474:2|F4476:2|F4479:2,structured
266004,,,fallback
266113,,,empty
266134,,F3260,fallback
266178,,,empty
266198,B13-6309879,,fallback
266211,B13-6078718,,fallback
266221,B13-6078493,,fallback
266282,,,fallback
266305,B13-6309876,,fallback
266313,B13-6309877,,fallback
266319,B13-6075881,,fallback
266320,B13-6311100,,fallback
266444,B2013-1286742,,fallback
266561,B09-3181823,,empty
266563,,,empty
266599,,,fallback
266630,,,empty
266714,,,fallback
266721,B08-6338360,,fallback
266751,B11-9107024,F1581|F3203|F3206|F486,fallback
266819,B11-6177137,,fallback
266835,B12-6315091,,fallback
266837,B12-6315115,,fallback
266845,B11-6238550,F1166:1,structured
266858,BELG2011-4120555,,fallback
266862,BELG2011-4120556,,fallback
266872,,,empty
266873,BELG2012-4064966,F224|F3262|F54,fallback
266980,,,empty
267000,CHN2013-03-687700,,fallback
267002,CHN2013-03-687726,F3356,fallback
26702,,,fallback
267026,BELG2013-2172758,,fallback
267027,BELG2013-2172759,,fallback
267047,B11-6244700,F1673:1|F1674:1,structured
267050,CHN2013-01-1242136,,fallback
267057,B08-6371075,,fallback
267058,B08-6371076,,fallback
267059,B08-6371086,,fallback
267060,CHN2019-08-0263000,,fallback
267063,CHN2019-08-0008657,,fallback
267065,BELG2017-2155561,F1315:2|F3170:2,structured
267066,,F1750,fallback
267126,,,empty
267127,CHN2013-01-1242714,,fallback
267128,CHN2013-01-563466,,fallback
267129,,,empty
267208,CHN2013-03-1143085,,empty
267211,CHN2013-03-1152785,,empty
267343,,,empty
267381,CHN2012-05-430888,,fallback
267392,NL10-1437883,F5466:2|F5535:2|F5621:2|F7231:2,structured
267498,CHN2013-03-687770,F3203|F3206|F483,fallback
267504,CHN2013-03-687558,F3206|F486|F674,fallback
267522,B2005-3191042,F2172:1|F6507:1,structured
267545,CHN12-20-045582,F107,fallback
267549,CHN10-22-999919,,fallback
267553,CHN11-22-1111803,,fallback
267554,CHN11-22-1111847,,fallback
267555,CHN11-22-1111848,,fallback
267558,CHN11-22-1111874,,fallback
267562,,F760|F929,fallback
267563,CHN12-20-001847,,empty
267564,CHN09-20-003276,F840|F841,fallback
267565,CHN12-20-045586,,empty
267566,CHN12-20-045573,F107,fallback
267567,CHN13-20-002208,,empty
267569,CHN12-20-049988,,fallback
267570,CN08-005869,F107,fallback
267571,CN11-20-042961,,fallback
267572,CN09-20-003222,F107,fallback
267575,CHN12-20-047123,F2577,fallback
267576,CHN11-20-001948,F2577,fallback
267577,,,fallback
267612,,F894,fallback
267770,CHN2013-03-687560,F3206|F486|F674,fallback
267801,CHN2013-03-687687,F3356,fallback
267814,CHN2013-03-687761,F487,fallback
267843,CHN2013-03-687681,F3356,fallback
267885,,,empty
267916,,,fallback
267931,CHN2013-03-1110103,,fallback
267936,CHN2013-03-1110102,,fallback
267939,CHN2013-03-1110101,,fallback
267964,CHN2011-05-427887,,fallback
268014,,,fallback
268030,,,fallback
268042,,F35,fallback
268052,,,fallback
268059,,,fallback
268150,,,fallback
268177,CHN2013-29-008800,F5801:2|F5738:3,structured
268182,CHN2013-29-004442,F5801:2|F5738:3,structured
268183,CHN2013-29-004443,F5801:2|F5738:3,structured
268195,CHN2013-29-008783,F4901:1|F4881:2|F4882:2,structured
268198,CHN2013-29-130110,F4881:2|F4882:2|F192:3|F4297:3,structured
268200,,,empty
268210,CHN2014-29-008989,F5801:2|F5738:3,structured
268342,,,fallback
268361,,F1159,fallback
268369,,F422,fallback
268399,CHN2011-06-266807,,empty
268404,CHN2011-06-266811,,fallback
268411,,,fallback
268492,,,empty
268516,,,empty
268517,,,empty
268734,,,fallback
268851,BE09-6269145,F1213|F1321|F626,fallback
268940,B12-6324804,F251|F621,fallback
268963,B10-6339947,F1152|F1373|F2937,fallback
268990,CHN2013-15-230987,F6855:2|F6862:2|F6872:2|F6912:2,structured
269215,B2012-6196415,,fallback
269268,,F2390,fallback
269275,,F2390,fallback
269286,BE13-4176692,F2685|F54,fallback
269294,BE13-4176501,F3260|F54,fallback
269310,NL2012-1304354,F54|F573,fallback
269319,BE13-4176407,F54,fallback
269328,BE13-4176415,F1104,fallback
269333,BE12-4163433,F1104|F56,fallback
269395,,,empty
269426,CHN2019-08-0266666,F1315|F3170,fallback
269436,,,fallback
269438,,F1315|F1529|F1642|F2959|F3170|F636|F637,fallback
269531,,F189|F3000|F542,fallback
269626,,,fallback
269631,,,fallback
269646,BELG2017-6053434,F1751,fallback
269690,,,fallback
269692,CHN2013-08-019542,,fallback
269702,NL11-1612276,F5632:2|F5844:2|F6080:2|F7107:2,structured
269723,B12-6325613,F1323:1,structured
269753,CHN18-2010-067984,F5409,fallback
269786,,,empty
269804,,,empty
269805,NL2008-1549196,,fallback
269834,,,empty
269841,,,fallback
269845,B06-6148198,F251|F2866|F3159|F621,fallback
269937,BELG2008-2234361,F2908,fallback
269944,,,empty
269945,BELG2008-2234318,F555|F874,fallback
269966,,,empty
269968,,,fallback
269977,,,empty
269980,,,empty
269983,,,empty
270018,CHN2019-08-0008850,F1315|F1529|F1901|F3170,fallback
270075,,,empty
270079,,,empty
270082,,,fallback
270090,,,empty
270092,CHN2013-08-019548,,fallback
270093,,,empty
270108,,,empty
270111,,,empty
270119,,,empty
270120,,,empty
270163,C13-11-158878,F4051:3,structured
270165,C13-11-158890,F3529:2|F3669:2|F3384:3|F3456:3|F3583:3|F4050:3,structured
270167,C13-11-158828,F3845:2|F4328:3|F56:4|F568:4|F4055:4|F4072:4,structured
270214,,,fallback
270283,CHN2012-04-169640,,fallback
270285,CHN2012-04-169641,,fallback
270356,,,fallback
270382,CHN2016-29-0000982,F5738:4|F5801:4,structured
270548,,,empty
270566,,,fallback
270677,,,empty
270698,,,empty
270701,,,empty
270710,,,fallback
270719,,,empty
270723,,,empty
270727,,,empty
270731,,,empty
270736,,F2897|F2925,fallback
270742,,,empty
270777,,,empty
270813,CHN2019-08-0008649,,fallback
270918,,,fallback
270952,CHN13-03-668964,,empty
270955,CHN08-03-556827,,empty
270965,,F2480|F2554,fallback
270977,,,fallback
270996,CHN2019-08-0266999,F1315|F1901|F3170,fallback
2710,,F2444|F2506|F2532,fallback
271089,,,fallback
271233,,F149|F2937|F3065|F3154|F3170|F3196|F431,fallback
271263,,,fallback
271286,NL2011-5014460,,fallback
271375,CHN2009-05-018324,,empty
271388,,,fallback
271570,B13-9029636,F1396:1|F1265:2|F1392:2,structured
271583,B13-9029613,F1736:1|F1962:1,structured
271760,,F1443,fallback
271806,,F2480|F2554,fallback
271882,,,empty
272194,,,fallback
272283,,F163,fallback
272284,,,fallback
272285,,F163,fallback
272350,NL2013-1690139,,fallback
272351,NL2006-2164992,,fallback
272854,BELG13-4104333,,fallback
272883,DV12-718-0824,,fallback
272907,BELG13-6080598,F2546:2|F2903:2|F2402:3|F2492:3|F2545:3|F3200:3,structured
272910,BELG13-6080597,F2546:2|F2903:2|F2402:3|F2492:3|F2545:3|F3200:3,structured
272955,NL05-1405572,,fallback
273060,CHN2011-22-364451,,empty
273334,,,empty
273354,,,empty
273371,,,empty
273380,,,fallback
2734,NL99-2427040,,fallback
273409,B10-6347167,F605|F623|F627|F788,fallback
273422,CHN2012-01-559651,,empty
273468,CHN2012-03-178899,,fallback
273698,CHN2013-08-012888,,fallback
273699,CHN2019-08-0008716,F1315|F1529|F3170,fallback
273702,CHN2019-08-0199989,,fallback
273710,,,empty
273856,NL06-1465689,,fallback
273860,B08-6175902,,fallback
273862,B09-6110626,,fallback
273867,B09-6222652,F2659:2|F3085:2|F117:3|F118:3|F2876:3|F5420:3,structured
274028,CHN2010-32-591986,,empty
274181,,,fallback
274327,BELG2007-2074656,,fallback
274474,,F2629,fallback
274542,CHN08-06-302007,,empty
274561,,,fallback
274632,,,empty
274802,CHN2011-22-1413300,,empty
274873,B10-6297317,F3337:2|F2963:3|F3059:3|F3061:3|F3194:3|F2553:4|F2725:4,structured
274890,CHN11-32-569974,,fallback
275003,B2006-6210568,,fallback
275009,,,empty
275023,CHN2006-03-490005,,empty
275032,CHN2007-03-011423,,empty
275034,CHN2007-03-026793,,empty
275038,CHN2007-03-199821,,empty
275063,CHN2007-03-039736,F2943,fallback
275068,CHN2005-03-239488,F2943,fallback
275075,CHN2006-03-314434,,fallback
275109,CHN11-20-001946,,fallback
275112,CHN2013-32-999055,F5409,fallback
275133,,,fallback
275142,,F2890|F2998|F3235,fallback
275155,,,fallback
275168,,,empty
275173,B08-6340443,F3040|F543,fallback
275281,,,fallback
275343,,F3119|F3228,fallback
275384,,F2403|F2654,fallback
275386,BELG2006-6210547,,fallback
275399,,,fallback
275412,,,empty
275438,,,empty
275443,,,fallback
275453,,,empty
275493,,,fallback
275528,CHN10-32-759959,,empty
275637,BELG2006-4266819,F217:1,structured
275642,,,fallback
275663,CHN2012-22-338718,,empty
275667,,,empty
27571,B08-2040227,F138|F2654|F2878,fallback
27572,B08-2040224,F756,fallback
27573,B08-2040236,F555|F755|F874,fallback
275742,,,empty
275764,,,fallback
275840,T03-076732,F2400|F2521,fallback
275971,B2008-5061340,,fallback
275996,B2006-515466,F73,fallback
276057,,,empty
276155,,F2521|F2592|F2594|F3087,fallback
276166,B2008-2234349,F2391:2|F2409:2|F6812:2,structured
276204,BELG2004-6095679,,fallback
276285,,F133|F3170|F433,fallback
276335,,,empty
276345,CHN2007-09-002409,,fallback
276365,,,empty
276366,,,empty
276390,,F2410|F2547,fallback
276560,,,fallback
276562,,,fallback
276602,B08-6371041,F2774:2|F640:3,structured
276603,,,fallback
276650,CHN12-26-029012,,fallback
276687,BELG2010-6246195,F3593:1,structured
276722,,F1443,fallback
276781,,F1089|F948,fallback
276787,,F1177,fallback
276836,,F1221|F1683,fallback
276855,,F1033|F1324|F820,fallback
276887,,,fallback
276891,,,empty
276895,,,fallback
276958,BELG2009-9079112,F3203|F3206|F3356|F483,fallback
277091,BELG2008-9044343,,fallback
277094,BELG2008-9044250,,fallback
277112,BELG2011-9079521,,fallback
277128,BELG2011-9079522,,fallback
277566,CHN09-19-131645,,empty
277568,,F1009,fallback
277587,,,fallback
277718,,F1009,fallback
277783,CHN2013-09-234950,F4648:2|F4670:2|F4676:2|F5671:3|F5996:3,structured
277797,CHN18-2009-800888,,empty
277883,,F317,fallback
277934,,,fallback
278068,BELG2005-6264560,F3501:1|F3534:1,structured
278103,NL08-1792749,,fallback
278167,BE12-3088255,,fallback
278244,CHN13-10-380657,,empty
278345,B2005-2143149,F2054|F2073|F2129,fallback
278382,CHN09-10-001661,F2390,fallback
278391,,F2542|F3212,fallback
27878,,,fallback
27879,,,fallback
278944,CHN2000-32-678747,,empty
278949,CHN2007-06-070212,,empty
278950,CHN2006-06-043005,,empty
278951,CHN2008-06-150041,,empty
278954,CHN2011-06-332056,,empty
278955,CHN2007-06-086760,,empty
278998,,F2606|F2728,fallback
279065,CHN2008-01-993288,F4171:1,structured
279127,,,empty
279129,,,empty
279131,,,empty
279132,,,empty
279135,,,empty
279137,,,empty
279139,,,empty
279409,,F3236|F341,fallback
279557,B10-66052145,,fallback
279585,,F2155,fallback
279586,,F2155,fallback
279593,,,fallback
279594,,,fallback
27960,B05-2005000,F572:1|F574:1,structured
279694,,,empty
279706,,,empty
279709,,,fallback
279712,,,empty
279713,,,empty
279743,,,fallback
279823,,,fallback
280058,,F2447|F326|F3317,fallback
280080,B11-6333604,,fallback
280505,CHN13-09-214254,F4674:1|F4588:2,structured
280507,CHN13-09-214262,F4662:1,structured
280508,CHN13-09-257167,F4673:1|F4704:1,structured
280510,CHN09-09-131029,F4568:1|F4573:1,structured
280665,,,empty
280775,B11-6333618,,fallback
280804,B11-6333703,F1214,fallback
280821,CHN13-09-241737,F4674:1|F4588:2,structured
280828,CHN13-09-241740,F4853:1|F5922:1,structured
280841,CHN13-09-462242,F4691:1|F4703:1,structured
280860,CHN13-09-462248,F4690:1|F4705:1,structured
280877,B11-6333673,F1214|F2937,fallback
281016,,,fallback
281073,B2010-9108247,,fallback
281088,,,empty
281105,,,empty
281197,,F2536|F3026,fallback
281200,,,fallback
281398,,,empty
281412,,,empty
281663,,,fallback
281665,,,fallback
281684,,F299,fallback
281808,,,fallback
281917,TFPF2007-603921,F2521|F2592,fallback
281928,CHN07-10-020002,,fallback
281941,,,fallback
281944,CHN10-32-261959,,fallback
281970,,,fallback
281974,CHN09-32-601948,,fallback
281976,,,empty
281980,,,fallback
281986,,,fallback
282081,,,empty
282083,,,empty
282086,CHN2002-01-462062,,empty
282157,,,empty
282203,,,empty
282212,,,empty
282226,,,empty
282235,,,empty
282241,,,fallback
282242,CHN11-32-569999,,empty
282251,,,empty
282257,,,empty
282269,,,empty
282349,,,empty
282370,,,empty
282381,,,empty
282387,,,empty
282388,,,empty
282393,,,empty
282395,,,empty
282397,,,empty
282404,,,empty
282411,BELG12-6032715,,fallback
282433,,F2447|F326|F3317,fallback
282436,,,fallback
282437,,,fallback
282439,,,empty
282444,,,empty
282451,,,empty
282456,,,empty
282459,,,empty
282463,,,empty
282464,,,empty
282465,,,empty
282469,,,empty
282486,,,empty
282497,,,empty
282498,,,empty
282500,,,empty
282590,BELG2008-3035057,,fallback
282591,NL2013-1239743,F6541:2|F6643:2|F6687:2|F6496:3|F6566:3,structured
282601,CHN2018-03-0222299,F6580:3|F6602:3|F6610:3|F6551:4|F6574:4|F6600:4|F6645:4|F6648:4|F2097:5|F2125:5|F3091:5|F6489:5|F6498:5|F6510:5|F6542:5|F6556:5,structured
282603,CHN2018-03-0222201,F2097:4|F2125:4|F3091:4|F6489:4|F6496:4|F6498:4|F6510:4|F6541:4|F6542:4|F6556:4|F6566:4|F6605:4|F6643:4|F6687:4,structured
282610,CHN2010-32-759616,,fallback
282664,B13-6309711,F2937|F3154,fallback
282665,B13-6309709,F2937|F3154,fallback
282666,B13-6309708,F2937|F3154,fallback
282667,B13-6299666,F2937|F3154,fallback
282668,B13-6228398,F2937|F3154,fallback
282669,B13-6228393,F2937|F3154,fallback
282670,B13-6228391,F2937|F3154,fallback
282671,B13-6228240,F2937|F3154,fallback
282672,B13-6228229,F2937|F3154,fallback
282673,B12-6320849,F980:1|F112:2|F113:2,structured
282674,B06-6148250,F97:1,structured
282711,,F2601|F3000,fallback
282723,,,fallback
282949,B11-6341399,F431,fallback
283029,,F2904|F3200,fallback
283056,,,fallback
283233,,,fallback
283250,,,empty
283319,B11-6133653,F2966:2,structured
283321,CHN2013-22-904977,,empty
283326,B11-6133701,F452:2|F2733:2|F3052:2|F2609:3|F2718:3,structured
283346,B05-4323879,F584:1|F729:1,structured
283355,B07-4216814,F1289,fallback
28344,B07-2256263,,fallback
283512,,,empty
283547,,,fallback
283643,CHN12-03-966944,,fallback
283646,CHN12-03-966945,,fallback
283653,CHN12-03-965904,,fallback
283748,CHN2012-01-497261,,fallback
283930,,,fallback
283969,,,empty
283970,,,empty
284042,B10-4101475,F217,fallback
284107,CHN2013-01-1262663,,fallback
284111,CHN2000-08-060524,,fallback
284114,CHN2000-08-090523,,fallback
284117,CHN2001-08-004524,,fallback
284119,CHN2001-08-029524,,fallback
284123,BLEG2012-4038406,,fallback
284289,,F3236|F341,fallback
284295,,,fallback
284436,,F342,fallback
284483,CHN2011-15-000517,,fallback
284606,CHN2013-15-167326,,fallback
284624,CHN2008-18-016187,F2642|F2674|F3329,fallback
284630,CHN18-2007-136511,,empty
284687,CHN12-22-077845,F189,fallback
284691,CHN12-22-099836,,fallback
284693,CHN12-22-289423,,fallback
284737,,,empty
285068,,,fallback
285077,CHN03-2009-663864,F2542,fallback
285078,CHN12-03-617533,,empty
285079,,,empty
285082,,,empty
285086,,,empty
285091,,,empty
285124,,,fallback
285135,,F314,fallback
285257,,,empty
285258,,,empty
285281,,,fallback
285293,B11-6240638,F135:2|F438:2|F659:2|F3062:2,structured
285301,CHN07-15-218633,F2497:2|F3122:2|F5405:2,structured
285304,B12-6142830,F1543:1|F440:2|F2968:2,structured
285309,,,fallback
285312,,,fallback
285324,CHN08-15-211666,F2497:2|F3122:2|F5405:2,structured
285337,B12-6312380,F1164:1|F3180:2|F3347:2,structured
285340,CHN2008-01-229870,,empty
285436,CHN12-10-097982,F6759:1|F5543:2,structured
285489,CHN2009-10-517001,,empty
285550,,,empty
285552,,,empty
285556,,,fallback
285562,,,empty
285563,,,fallback
285564,NL07-5713945,,empty
285572,,F2399|F2469|F2485|F2528|F2569,fallback
285573,,,empty
286023,,,empty
286035,CHN11-06-038184,F201,fallback
286060,,F2455,fallback
286086,,,empty
286095,,,fallback
286113,BELG2009-2131861,,fallback
286135,BELG2010-2213316,,fallback
286141,,,fallback
286143,,,fallback
286150,BELG2010-5143189,,fallback
286180,CHN2012-04-169560,,fallback
286238,B11-4090298,,fallback
286249,NL13-1961526,,fallback
286251,NL13-1961527,,fallback
286288,,,fallback
286289,,,fallback
286290,,,fallback
286299,,,fallback
286442,CHN13-10-403582,F6759:1|F5543:2,structured
286444,CHN13-10-176221,F6759:1|F5543:2,structured
286608,,,fallback
286610,BELG2009-6233683,,fallback
286616,BELG2010-6246171,,fallback
286652,,,fallback
286725,,,fallback
286747,,,fallback
286752,B07-6398717,F142:2|F2699:2|F2794:2|F3340:2,structured
286774,,F2659|F3085|F3202,fallback
286804,,,empty
286808,,,empty
286885,B09-6238001,F2591:2|F2930:2|F3017:2|F3081:2,structured
287070,,,empty
287090,B2013-6030255,,fallback
287188,BELG2009-6233651,F2250,fallback
287208,,,fallback
287225,,,empty
287229,,,empty
287234,,,empty
287237,,,empty
287242,,,empty
287246,,,empty
287247,,,empty
287250,,,empty
287251,,,empty
287253,,,empty
287261,,,empty
287268,,,empty
287272,,,empty
287296,BELG2010-6070029,,fallback
287306,,,fallback
287318,BELG2006-6334129,,fallback
287320,,,fallback
287323,BELG2006-6334200,,fallback
287325,BELG2008-6350600,,fallback
287326,BELG2008-6350585,,fallback
287418,,F773|F863,fallback
287421,B2012-2061087,F773|F863,fallback
287422,B2011-2083411,,fallback
287424,B20102-2061498,F1181|F773,fallback
287429,B2010-6052144,,fallback
287446,B2002-6505127,,fallback
287476,CHN2006-03-020123,,fallback
287477,,,fallback
287495,BELG2008-5043356,,fallback
287513,BELG2009-5170150,,fallback
287522,BELG2010-5043041,,fallback
287523,BELG2013-2006195,,fallback
287524,CHN2007-03-332235,,fallback
287678,CHN06-12-181974,,empty
287719,,,fallback
287726,,,fallback
287757,CHN07-03-332222,,fallback
287809,CHN2007-03-003363,,fallback
287861,,F3137|F3274|F593,fallback
28787,GB07-07N01243,,fallback
287983,CHN2013-181647,,fallback
287998,S2013-131559,,fallback
288013,CHN2013-181615,,fallback
288021,S2010-101026,,fallback
288035,S2011-111367,,fallback
288053,S2013-131607,,fallback
288059,S2010-101082,,empty
288060,S2011-111304,,fallback
288073,S2009-090912,,fallback
288078,S2009-090855,,fallback
288102,CHN2005-240787,,empty
288112,NL2012-1640381,,fallback
288116,NL2012-1640410,,fallback
288122,NL2012-1640418,,fallback
288124,NL2012-1640423,,fallback
288127,NL2012-1640434,,fallback
288130,NL2012-1640439,,fallback
288134,NL2012-1640497,,fallback
288136,,,fallback
288240,,,fallback
288311,,,empty
288356,B2012-6196433,F1009|F1659|F1757,fallback
288392,NL2004-1098527,,fallback
288505,CHN13-32-791887,,empty
288579,,,empty
288582,,,empty
288603,,,fallback
288618,BELG2012-6225303,,fallback
288622,BELG2013-6300556,,fallback
288682,,F326,fallback
288688,NL2012-1640448,,fallback
288691,NL2011-1764054,,fallback
288694,NL2011-1764067,,fallback
288696,NL2011-1764075,,fallback
288697,NL2011-1764095,,fallback
288702,NL2011-1764193,,fallback
288703,NL2011-1764196,,fallback
288714,BE13-2184376,,fallback
288727,,,empty
288732,CHN09-06-258152,,empty
288736,,,fallback
288860,CHN2012-18-000386,,fallback
288883,CHN2012-32-965281,,fallback
288884,CHN2012-15-189056,F150:2|F474:2|F4476:2|F4479:2,structured
288885,NL2011-3056120,,fallback
288915,,,empty
288919,,,empty
288947,CC2012-085756,F6924:3|F6943:3|F7010:3|F7118:3,structured
288984,,,fallback
288994,CHN07-03-332236,,fallback
289021,NL2012-1640417,,fallback
289026,NL2012-1640440,,fallback
289028,NL2012-1640449,,fallback
289029,NL2012-1640456,,fallback
289030,NL2012-1640476,,fallback
289031,NL2012-1640478,,fallback
289035,NL2011-1764062,,fallback
289040,,,fallback
289051,,,fallback
289054,,,fallback
289055,,,fallback
289059,,,fallback
289113,,,empty
289231,,F326,fallback
289235,,F3236|F341,fallback
289242,,F326,fallback
289246,,F2447|F326|F3317,fallback
289249,,F326,fallback
289348,NL2011-1764029,,fallback
289349,NL2011-1764035,,fallback
289352,NL2011-1764039,,fallback
289355,NL2011-1764045,,fallback
289359,NL2011-1764048,,fallback
289360,NL2011-1764049,,fallback
289362,NL2011-1764055,,fallback
289366,NL2012-1640403,,fallback
289367,NL2012-03-1640411,,fallback
289368,NL2012-1640421,,fallback
289384,NL2012-1640424,F6677:1|F6726:1,structured
289404,NL2012-1640425,,fallback
289405,NL2012-1640429,,fallback
289409,NL2011-1764086,,fallback
289428,NL2012-1640452,,fallback
289433,NL2012-1640505,,fallback
289436,NL2012-1640514,,fallback
289441,NL2012-1640518,,fallback
289458,NL2011-1764194,,fallback
289529,CHN08-10-277538,F3145,fallback
289594,T2006-28163,,fallback
289630,,,empty
289657,CHN2011-10-449662,,empty
289664,NL2012-1517119,,fallback
289665,NL2012-1640484,,fallback
289670,NL2012-1640496,,fallback
289671,NL2012-1640506,,fallback
289673,NL2012-1640513,,fallback
289675,NL2011-1764085,,fallback
289676,NL2011-1764192,,fallback
289677,NL2011-1764195,,fallback
289789,NL00-1211189,F2946:2|F6770:2|F6862:2,structured
289794,B95-5278101,F2506:1|F2532:1,structured
289866,B10-5032096,,fallback
289873,B09-5061864,,fallback
289877,,,empty
289878,,,empty
290035,NL2011-1764096,,fallback
290251,T2007-35865,,fallback
290293,,,fallback
290294,,,fallback
290420,,,fallback
290421,,,fallback
290424,BELG2013-9029242,,fallback
290425,,F1913,fallback
290470,,F2455|F2526|F2635,fallback
290471,,F2455|F2635,fallback
290472,,F81,fallback
290473,,F81,fallback
290484,,,empty
290546,BELG2009-9058955,,fallback
290714,BELG2002-6504713,F1161|F2542|F260|F2879|F3308,fallback
290724,BELG2003-3240798,F2486,fallback
290780,CHN13-03-520639,,fallback
290798,CHN13-10-403571,F6759:1|F5543:2,structured
290809,,,fallback
290815,,,fallback
290820,CHN12-06-210000,,fallback
290823,CHN12-06-209777,,fallback
290827,,,fallback
290833,B05-6166439,F2546|F2903|F413|F991|F993,fallback
290835,B10-6038140,F1656|F3057,fallback
290882,CHN04-06-217777,,fallback
290884,CHN07-06-120739,,fallback
290885,CHN07-06-121408,,fallback
290889,,F1468|F1723,fallback
290891,,,fallback
290893,CHN10-06-017022,,fallback
290896,CHN10-06-017721,,fallback
290907,CHN10-06-017722,,fallback
290908,CHN10-06-017727,,fallback
290910,CHN10-06-017728,,fallback
290913,CHN10-06-017729,,fallback
290914,CHN10-06-017730,,fallback
290917,CHN10-06-017738,,empty
290921,CHN10-06-017758,,fallback
290925,CHN10-06-017769,,empty
290927,CHN10-06-017771,,empty
290930,CHN10-06-017785,,fallback
290932,CHN10-06-017786,,fallback
290934,CHN11-06-156809,,fallback
290937,CHN11-06-164081,,empty
290942,CHN11-06-164088,,empty
290944,CHN11-06-166977,,fallback
290947,CHN11-06-166979,,empty
290951,CHN11-06-166991,,fallback
290952,CHN11-06-166992,,fallback
290954,CHN11-06-168809,,empty
290959,CHN11-06-168861,,empty
290978,CHN11-06-168880,,fallback
290979,CHN11-06-168888,,fallback
290980,CHN12-06-530705,,empty
290982,CHN12-06-530707,,empty
290983,CHN12-06-530708,,empty
290992,CHN12-06-530710,,empty
291000,CHN12-06-530711,,empty
291003,CHN12-06-530712,,empty
291008,CHN12-06-530722,,fallback
291010,CHN12-06-530724,,empty
291011,CHN12-06-530729,,empty
291012,CHN12-06-530740,,empty
291015,CHN12-06-530742,,empty
291016,CHN12-06-530748,,empty
291017,CHN12-06-530750,,empty
291018,CHN12-06-530765,,fallback
291019,CHN12-06-530768,,empty
291020,CHN12-06-530769,,empty
291021,CHN12-06-530770,,empty
291022,CHN12-06-530777,,fallback
291023,CHN12-06-530785,,empty
291024,CHN12-06-530787,,fallback
291025,CHN12-06-530788,,fallback
291026,CHN12-06-530798,,empty
291028,CHN12-06-535145,,empty
291031,CHN12-06-535162,,empty
291033,CHN13-06-185204,,empty
291034,CHN13-06-185214,,empty
291036,CHN13-06-185226,,empty
291039,CHN09-06-110228,,fallback
291041,CHN13-06-185242,,empty
291042,CHN11-06-091800,,fallback
291043,CHN13-06-185262,,empty
291045,CHN13-06-185276,,empty
291046,CHN13-06-185278,,empty
291047,CHN13-06-185286,,empty
291048,CHN13-06-185287,,fallback
291052,CHN13-06-185288,,fallback
291053,CHN13-06-185293,,fallback
291054,CHN13-06-185305,,empty
291055,CHN13-06-185307,,empty
291056,CHN13-06-185309,,empty
291057,CHN13-06-185311,,empty
291060,CHN13-06-185312,,empty
291063,CHN13-06-185313,,empty
291065,CHN13-06-185316,,fallback
291067,CHN13-06-185317,,fallback
291068,CHN13-06-185318,,fallback
291071,CHN13-06-185333,,fallback
291074,CHN13-06-185347,,empty
291078,CHN13-06-185349,,empty
291079,CHN13-06-185350,,fallback
291227,,,fallback
291241,,,fallback
291243,,,fallback
291283,,,fallback
291393,B12-6306406,F1186|F1655|F306,fallback
291394,CHN2017-03-0077629,F4743:3|F4746:3|F4776:3|F4787:3|F4906:3|F7284:3,structured
291395,CHN2018-03-0222230,F2246:3|F6674:3|F6500:4|F6531:4|F6552:4|F6489:5|F6498:5|F6510:5|F6542:5|F6605:5,structured
291407,,,empty
291420,CHN2017-03-0077157,F6521:3|F6522:3|F6553:3|F6491:4,structured
291422,CHN2018-03-0222066,F6531:3|F6542:3|F6600:3|F6605:3,structured
291425,NL2016-1526241,F6574:2|F6600:2|F6650:2|F6496:3|F6566:3,structured
291426,NL2013-1239752,F6580:2|F6602:2|F6610:2|F6574:3|F6600:3,structured
291427,CHN2018-03-0222888,F2097:3|F2125:3|F2165:3|F2215:3|F3091:3|F4787:3|F4800:3|F6556:3,structured
291429,CHN2017-03-0077167,F6496:3|F6541:3|F6542:3|F6566:3|F6605:3|F6643:3|F6687:3,structured
291440,CHN2016-03-0900995,F4797:2|F4798:2|F6674:3|F6531:4|F6551:4|F6600:4|F6645:4|F6648:4|F6542:5|F6605:5,structured
291441,CHN2017-03-0077117,F6521:3|F6522:3|F6553:3|F6674:3|F6491:4|F6531:4|F6551:4|F6600:4|F6645:4|F6648:4|F6542:5|F6605:5,structured
291442,CHN2018-03-0222996,F4906:2|F7284:2|F2165:3|F2215:3|F4787:3|F4800:3,structured
291447,CHN2018-03-0222052,F6580:3|F6602:3|F6610:3|F6551:4|F6574:4|F6600:4|F6645:4|F6648:4|F2097:5|F2125:5|F3091:5|F6489:5|F6498:5|F6510:5|F6542:5|F6556:5,structured
291448,CHN2015-03-0886823,F6505:3|F6555:3|F6561:3|F6569:3,structured
291449,CHN2016-03-0900731,F6500:3|F6531:3|F6552:3|F6489:4|F6498:4|F6510:4|F6542:4|F6605:4,structured
291450,NL2015-1706638,F6650:2|F6679:2|F6688:2|F6496:3|F6566:3,structured
291451,CHN2017-03-0077044,F2097:3|F2125:3|F3091:3|F6551:3|F6556:3|F6600:3|F6645:3|F6648:3,structured
291458,NL2007-1768657,,fallback
291465,CHN2018-03-0222155,F6521:3|F6522:3|F6549:3|F6553:3|F6566:3|F6650:3|F6491:4|F6496:4,structured
291468,CHN2018-03-0222009,F6580:3|F6602:3|F6610:3|F6551:4|F6574:4|F6600:4|F6645:4|F6648:4|F2097:5|F2125:5|F3091:5|F6489:5|F6498:5|F6510:5|F6542:5|F6556:5,structured
291480,CHN2011-15-064425,F99:2|F622:2|F3298:2|F2854:3|F3043:3,structured
291486,CHN13-10-403581,F6759:1|F5543:2,structured
291496,CHN11-10-003764,,fallback
291571,T2006-28167,,fallback
291587,CHN2013-29-130117,F368:2|F896:2|F6036:2|F6161:2,structured
291588,CHN2013-29-188130,F6163:1,structured
291589,T2003-06-047898,,fallback
291882,NL2010-1681883,F6531:2|F6542:3|F6605:3,structured
291883,CHN2016-03-0900792,F6551:3|F6600:3|F6645:3|F6648:3|F2097:4|F2125:4|F3091:4|F6489:4|F6498:4|F6510:4|F6542:4|F6556:4,structured
292021,,F326,fallback
292026,,F326,fallback
292041,NL2007-1143821,F1097:1|F6821:2|F7031:2,structured
292050,BELG2009-2054330,F168:2|F2738:2|F2654:3|F2990:3|F2483:4|F2666:4|F3212:5|F2988:6|F7015:6,structured
292095,B13-6031603,,fallback
292137,B13-6310047,F1375,fallback
292177,T2007-35873,,fallback
292183,T2006-54818,,fallback
292294,CHN11-10-097481,F53,fallback
292438,GFL106-2013,,fallback
292476,GFL172-2013,,fallback
29249,,F1895,fallback
292550,GFL736-2013,,fallback
292599,CHN2010-15-187610,F2497:2|F3122:2|F5405:2,structured
292614,CHN03-06-189951,,empty
292618,CHN2011-15-060539,F150:2|F474:2|F4476:2|F4479:2,structured
292624,CHN12-01-492171,,empty
292632,CHN12-01-1001098,,empty
292668,CHN2005-06-251199,,empty
292705,B11-6091500,F99,fallback
292730,B11-6327144,F152|F99,fallback
292738,NL2007-1143811,F1096:1|F7173:2|F342:3|F2470:3,structured
292739,B08-6242974,F119:2|F120:2|F3326:2|F3327:2,structured
292752,CHN2012-03-250636,,empty
292757,CHN2014-32-998157,,empty
292760,CHN2007-09-099061,,empty
292816,B11-6265368,F1186|F2407|F2413|F2456|F2467|F2544|F2545|F2546|F2547|F2640|F2659|F2705|F2774|F2856|F3042|F3307|F640|F819,fallback
292919,NL2008-1569131,,fallback
292921,NL2008-1569312,,fallback
292923,NL2012-1640455,,fallback
292926,NL2011-1764083,,fallback
292928,NL2007-1847606,,fallback
293124,CHN13-10-176230,F6759:1|F5543:2,structured
293140,,,fallback
293185,CHN2008-06-109700,,fallback
293214,CHN2009-06-110027,,fallback
293217,CHN2009-06-110028,,fallback
293236,CHN10-080002,,fallback
293248,,,fallback
293269,GFL128-2013,,fallback
293297,GFL118-2013,,fallback
293387,CHN2008-06-097774,,fallback
293444,NL08-1518338,,fallback
293446,NL07-1766826,,fallback
293447,,,fallback
293454,T2013-111028,F7304:2|F7331:3|F7324:4,structured
293473,,,fallback
293733,B2012-4302272,,fallback
293996,CHN2012-15-189251,F4583:2|F4603:2|F7115:3|F7116:3,structured
294000,CHN2011-15-057534,F2760:2|F2443:3|F5043:3,structured
294008,CHN2010-15-259345,,fallback
294079,B09-4323085,,fallback
294140,CHN12-03-067302,F139:2|F2819:2|F4561:2|F5208:2,structured
294302,,,empty
294303,,,fallback
294311,NL2009-3928965,,fallback
294312,NL2012-1736895,,fallback
294313,NL2012-1736888,,fallback
294314,NL2012-1736720,,fallback
294316,NL2012-1737013,,fallback
294317,NL2012-1736721,,fallback
294318,NL2012-1736695,,fallback
294319,NL2012-1736855,,fallback
294320,NL2012-1737002,,fallback
294321,NL2012-1736735,,fallback
294322,NL2012-1737007,,fallback
294323,NL2012-1736813,,fallback
294324,NL2012-1736736,,fallback
294327,NL2012-1736896,,fallback
294330,BELG2013-6026543,F1192|F1515,fallback
294331,BELG2013-6320102,,fallback
294334,BELG2012-6196565,,fallback
294337,BELG2013-6026544,F1192|F1515,fallback
294457,,,fallback
294528,NL2012-3237940,F6628:1|F6715:1,structured
294529,NL2012-3237931,F6628:1|F6715:1,structured
294838,,,empty
294980,CHN2013-10-177205,F2143|F2252|F2508|F2860|F3089|F3322|F3352,fallback
29500,CHN2019-08-0199954,F1315|F3170,fallback
29501,CHN2005-109144,F2521|F2592,fallback
29504,CHN2006-01181,,fallback
29507,BELG2017-6051199,F1518|F1921,fallback
29509,NL2005-5539824,F2400:2|F2519:2|F6802:2|F6917:2,structured
29510,CHN2005-0851,,fallback
295137,NL07-2036936,F615:1|F897:1,structured
29514,CHN2015-08-0099999,,fallback
295161,BELG2008-6373754,F2606|F2728,fallback
295172,B11-6171532,,fallback
295181,,,empty
29519,,F1315|F2959|F3170|F636|F637,fallback
295202,,,empty
295277,CHN2018-08-0285999,,fallback
29528,CHN2016-08-0079967,F2521|F2592,fallback
29529,BELG2003-6483072,F2457|F2596|F2607|F2647|F2858,fallback
29530,,,fallback
295321,NL11-1399792,,fallback
29533,CHN2015-08-0100000,F2596|F2647|F2776|F2777,fallback
29534,CHN2012-08-333000,F2596|F2607|F2647|F2858,fallback
295386,CHN2112-10-011833,F4591:2|F4600:2|F4621:2|F5034:2,structured
295412,CHN2016-03-0900723,F4797:2|F4798:2|F6674:3|F6531:4|F6551:4|F6600:4|F6645:4|F6648:4|F6542:5|F6605:5,structured
295472,BELG2008-6374009,,fallback
295477,,,fallback
295488,CHN2018-03-0222989,F2097:3|F2125:3|F2165:3|F2215:3|F3091:3|F4787:3|F4800:3|F6556:3,structured
295491,CHN2017-03-0077677,F2165:3|F2215:3|F4787:3|F4800:3|F2097:4|F2125:4|F3091:4|F6489:4|F6498:4|F6510:4|F6542:4|F6556:4,structured
295493,CHN2018-03-0222143,F5:1|F6504:3|F6515:3|F6527:3|F6606:3,structured
295495,CHN2018-03-0222818,F4907:1|F4743:4|F4746:4|F4776:4|F4787:4|F4906:4|F7284:4,structured
295499,CHN2017-03-0077618,F4743:3|F4746:3|F4776:3|F4787:3|F4906:3|F7284:3,structured
295501,CHN2018-03-0222855,F4888:1|F4743:4|F4746:4|F4776:4|F4787:4|F4906:4|F7284:4,structured
295502,CHN2016-03-0900551,F6551:3|F6600:3|F6645:3|F6648:3|F2097:4|F2125:4|F3091:4|F6489:4|F6498:4|F6510:4|F6542:4|F6556:4,structured
295504,CHN2018-03-0222828,F4935:1|F4743:3|F4746:3|F4776:3|F4787:3,structured
295505,CHN2018-03-0222840,F2097:3|F2125:3|F2165:3|F2215:3|F3091:3|F4787:3|F4800:3|F6556:3,structured
295506,NL12-1130537,,empty
295507,NL2015-1706702,F6650:2|F6653:2|F6496:3|F6566:3|F6615:3|F6492:4|F6497:4,structured
295508,CHN2017-03-0000000,F2097:4|F2125:4|F3091:4|F6489:4|F6498:4|F6500:4|F6510:4|F6531:4|F6542:4|F6552:4|F6556:4|F6605:5,structured
295509,NL12-1130614,,fallback
295510,NL12-1130627,,fallback
295511,NL08-4754950,,empty
295539,CHN07-10-613335,,fallback
295543,NL09-1031032,,fallback
29565,NL2010-1660231,F5852:2|F5993:2|F6008:2|F6075:2,structured
29566,DV08071-10-435,,fallback
29576,CHN2017-08-0155111,,fallback
29577,TFPF2004-853260,F2776|F2777,fallback
295933,B08-4095122,F2752,fallback
295939,,,fallback
295940,,,fallback
295943,,,fallback
296164,,,fallback
296166,,,empty
296302,CHN2014-08-060557,F2457,fallback
296303,,,fallback
296309,BELG2017-6053437,F1750,fallback
296350,CHN2018-08-0087999,,fallback
296351,CHN2017-08-0296667,,fallback
296633,CHN07-10-613336,,fallback
296810,CHN2013-11-031633,,empty
296818,CHN2013-11-032565,F4919:1|F224:3,structured
296928,CHN2013-12-182092,,empty
297052,,F110|F2643,fallback
297053,CHN2011-276437,F291:2|F2645:2|F2711:2|F5486:2,structured
297136,BE13-4035587,F1114|F1609,fallback
297226,,,empty
297236,,,fallback
297301,CHN2009-10-500927,F4771:1|F4818:1,structured
29737,DV01769-08-1173,F5117:1|F5138:1,structured
297679,C13-14-013557,,fallback
297724,,,fallback
297831,,F314,fallback
298118,,F2508,fallback
298129,,F1706|F1969|F723,fallback
298157,CHN2013-01-1263932,,fallback
298363,,,empty
29840,,,fallback
298417,NL2010-1084660,F2780|F963,fallback
298435,CHN2016-08-0045112,,fallback
298436,CHN2010-08-259019,,fallback
298447,NL12-1984104,,fallback
298454,BELG2017-2111175,F1315|F1529|F2959|F3170|F636|F637,fallback
298580,CHN2011-152522,F4161:2|F4168:2|F4484:2|F4485:2,structured
298619,NL13-1873988,,fallback
29867,,,fallback
298717,NL13-1873990,,fallback
298742,,,empty
298950,,,fallback
298968,,,fallback
298978,,,empty
299099,B2007-6206329,F1141:1|F2440:2|F3017:3|F3081:3,structured
29917,CHN2015-08-0098888,,fallback
299246,,,empty
299255,,,empty
299290,,,fallback
299414,CHN2008-08-221941,,fallback
299419,CHN2014-08-060898,,fallback
299545,BE13-2184340,,fallback
299628,DV2012-04849-716,,fallback
299635,DV2012-08114-2147,,fallback
299639,DV2013-0855-791,,fallback
299641,DV2013-0855-840,,fallback
299649,DV2010-08114-1,,fallback
299651,DV2013-02539-472,,fallback
299654,DV2010-08114-80,,fallback
299658,DV2013-0855-958,,fallback
299843,CHN2011-09-099955,,empty
29996,DV01769-08-1221,,fallback
300005,,,fallback
300011,CHN2018-08-0087776,,fallback
300012,CHN2016-08-0181111,F466,fallback
300061,CHN2014-15-090762,,fallback
300147,BELG2012-6321625,F1485|F1664,fallback
30022,,F2975,fallback
300246,,F1285|F937,fallback
300247,BE12-4186109,,fallback
300248,BE12-4186297,,fallback
30038,DV01769-08-925,,fallback
300461,,,fallback
300463,,,fallback
300464,,,fallback
3005,,,fallback
30051,IT00-000883,,fallback
300560,BELG2012-6306354,F1186|F2467|F306|F3163,fallback
300563,BELG2008-6134061,F1557,fallback
300564,BELG2012-6236114,F1186|F2467|F306|F3163,fallback
300568,BELG2012-6306400,F819:2|F985:2|F988:2|F3042:2,structured
300569,BELG2012-6236306,F819:2|F3042:2,structured
300570,BELG2012-6236129,F819:2|F3042:2,structured
300572,BELG2012-6236415,F819:2|F3042:2,structured
300575,BELG2012-6306418,,empty
300576,B2011-6265443,F1189:1|F3307:1,structured
300577,BELG2012-6325628,,fallback
300579,BELG2012-6325626,F819:2|F985:2|F988:2|F3042:2,structured
300580,B2011-6265451,F1189:1|F3307:1,structured
300583,BELG2012-6306417,,fallback
300584,BELG2012-6236214,F306:2|F1186:2,structured
300587,BELG2012-6306393,F2643:2|F2952:2|F2402:3|F2492:3|F2545:3|F3200:3,structured
300593,B2011-9079517,F1221:1|F1683:1,structured
300594,B2010-4101364,F752:1,structured
300595,,,fallback
300676,BELG2012-6236477,F819:2|F985:2|F988:2|F3042:2,structured
300684,B08-6383059,,fallback
300698,,,fallback
300699,,,fallback
300700,NL2012-1737006,,fallback
300817,CHN2013-03-139256,,fallback
300895,CHN13-12-101978,,fallback
300903,CHN13-12-101979,,fallback
300907,CHN13-12-101952,,fallback
300913,,,fallback
300957,,,empty
300962,,,fallback
300964,,,fallback
301037,DV02884-09-462,F2521:2,structured
301042,,,empty
301049,,,empty
301051,,,empty
301202,BELG2005-9029215,,fallback
301217,CHN08-20-008888,,empty
301272,B07-6371028,F3159|F3297|F402,fallback
301417,CHN12-09-435769,,empty
301505,NL10-1493095,,fallback
30160,,,empty
30162,,,empty
301730,,F3040|F3041,fallback
301821,BELG2005-3006788,,fallback
302262,CHN2013-03-687599,,fallback
302312,B07-6076018,F2643|F2903,fallback
302627,,,fallback
302658,,F1146|F235,fallback
302661,,F190|F2818,fallback
302662,,F1146|F773,fallback
302664,,,empty
302665,,F110|F1174|F3042|F3202|F3307,fallback
302666,,,fallback
302715,,F1009|F317,fallback
302720,,,fallback
302722,,F1443,fallback
302779,,,fallback
302790,,F1443,fallback
302932,,F2477|F2645|F2710|F2711|F3169|F3199,fallback
302936,,,fallback
303085,,,fallback
303099,,,fallback
303255,CHN10-15-067907,,fallback
303344,DV01769-09-465,F5113:1|F5139:1,structured
303345,DV01769-07-1113,F5117:1|F5139:1,structured
30337,NL08-2127591,,fallback
303399,,,empty
30357,NL08-2127579,,fallback
303761,,,fallback
303770,NL2009-1331839,,fallback
303837,CHN12-09-395131,F4677:1,structured
303839,CHN13-09-292168,F4647:1|F4626:2|F5039:2,structured
303840,CHN08-09-295075,,empty
303842,CHN2013-15-036298,F5325:2|F5353:2,structured
303843,CHN2012-15-217586,F5325:2|F5353:2,structured
303844,CHN2012-15-217553,F5325:2|F5353:2,structured
303845,CHN2012-15-005981,F4582:1,structured
303846,CHN2012-15-005941,F599:2|F5116:2|F5118:2|F5263:2,structured
303881,,F2480|F2554,fallback
303897,,,empty
303903,CHN2008-03-333335,,fallback
303904,,,empty
303906,,,empty
303925,B2006-6187923,F658,fallback
30393,,,empty
303934,,,empty
303942,,,empty
303945,,,empty
303997,BELG2006-9123137,F486,fallback
304040,CHN2009-03-037130,,fallback
304108,,F3260,fallback
30425,DV01769-08-996,,fallback
304250,BELG2012-6236102,F306:2|F1186:2,structured
304251,BELG2012-6236414,F819:2|F3042:2,structured
304252,BELG2011-3008415,F36:3|F951:3|F3001:3,structured
304678,CHN2010-02-100412,,empty
304679,CHN2007-02-000599,,empty
304776,,F658,fallback
304850,,,fallback
305016,,F1324,fallback
305025,,F2480|F2554,fallback
305032,,F317,fallback
305218,,,empty
305242,CHN2010-10-402806,,empty
305294,B05-6443518,,fallback
305305,B05-6443522,,fallback
30537,DV01769-08-1190,,fallback
305462,,,empty
305584,B2003-6483100,,fallback
305599,,,empty
305623,,,fallback
305625,,,fallback
305626,,,empty
305629,,,empty
305631,,,fallback
305632,,,empty
305635,,,empty
305636,,,fallback
305637,,,empty
305641,,,empty
305650,CHN2009-10-401466,,empty
305653,CHN2011-10-800470,,empty
305705,BELG2004-6468519,,fallback
305725,,,empty
305726,,,empty
305767,B13-6215574,F1672,fallback
305768,B13-6215573,F1672,fallback
305787,,,fallback
305829,,F249|F2937|F294|F2963|F2964|F99,fallback
30583,,,fallback
30584,,,fallback
305849,B10-6038133,,fallback
305933,CHN2012-09-145214,,empty
305971,CHN2011-10-371503,,empty
306152,CHN2006-10-342270,,empty
306156,,,fallback
306299,CHN2014-08-060888,,fallback
306361,B13-6215566,F1671|F1672,fallback
306364,B13-6215578,F1532|F1534,fallback
306369,B13-6215577,F1532|F1534,fallback
306451,NL2005-1405599,F2068:2|F2091:2|F2107:2|F2162:2,structured
306555,,,fallback
306719,CHN2010-10-542446,,empty
306722,CHN2011-09-153472,,empty
306737,CHN2009-10-392429,,empty
306748,CHN2012-10-562690,,empty
306749,B13-6215565,F1671|F1672,fallback
30690,CHN06-08-177957,F373:2|F3134:2|F3136:2|F3253:2,structured
306919,CHN2018-08-0081112,F466,fallback
306934,CHN2008-08-221948,,fallback
307014,,F2470|F2486|F2501|F2619|F341|F342,fallback
307018,,,empty
307019,,,empty
30749,CHN2007-06-292917,,empty
307523,B06-4126875,,fallback
307528,B06-2084217,F327,fallback
307540,CHN12-22-690256,,fallback
307542,CHN12-22-690308,,fallback
307545,CHN2013-886735,,fallback
307663,,F1443,fallback
307665,,F1443,fallback
307671,,,fallback
307675,,,fallback
307716,B10-2045201,F2736:2|F2762:2,structured
307740,NL05-1560307,F5583:1|F7245:1,structured
307747,B06-6137329,F154:2|F3217:2,structured
307749,B06-6350126,F2883:2|F3343:2,structured
307831,,,empty
307839,,,empty
307853,,,empty
307855,,,empty
307860,,,fallback
307861,,,empty
307948,CHN2014-08-128999,,fallback
307959,NL09-1594251,F5957:2,structured
307961,NL12-4240082,F5957:3,structured
308001,CHN2014-08-123333,,fallback
308047,,,fallback
308048,,F1443,fallback
308061,,,empty
30807,,,fallback
30808,,F317,fallback
308192,,,fallback
308363,CHN09-11-184263,,fallback
308366,CHN09-11-184499,,fallback
308388,,F3308|F847|F994,fallback
308390,,,fallback
308391,,,fallback
308565,CHN07-32-253380,,fallback
308568,CHN08-32-005699,,fallback
308688,,,fallback
308692,,,fallback
30880,,,fallback
308823,DV09581-13-1194,,fallback
308840,CHN2014-08-129333,F2776|F2777,fallback
308850,CHN2014-08-060900,,fallback
308851,CHN2014-08-060633,,fallback
308868,CHN2014-08-125666,F2519|F2594,fallback
308892,,,fallback
308991,NL2003-1168483,F7061:1|F7111:1,structured
308996,NL2003-1168484,,fallback
309049,CHN2015-08-0266668,,fallback
309057,DV0127-01-182,,empty
309093,,F2413|F2467,fallback
309131,,,fallback
309307,B13-6123550,F962:2|F1017:2|F1179:2,structured
309312,B09-3170370,F336,fallback
309315,,,empty
309318,BE13-6075674,F259,fallback
309319,,,fallback
309322,,,fallback
309380,B4-9151047,,empty
309394,,,empty
309445,,,fallback
309652,,,empty
309660,,,fallback
309666,,,fallback
309697,,,fallback
309698,,,fallback
309715,,,fallback
309730,,,fallback
309732,,,fallback
309733,,,fallback
309734,,,fallback
309743,,,fallback
309747,,,fallback
309748,,,fallback
309757,,,fallback
309790,,,fallback
309804,DV0919-11-1955,,fallback
309820,DV0919-12-2428,,fallback
309839,CHN2011-04-669777,,empty
309905,,,fallback
309945,DV08897-08-1208,F2436|F2521|F2592|F2645|F2711,fallback
310219,,,empty
310220,,,fallback
310221,,,empty
310446,CHN07-10-484065,,empty
310532,CHN2011-04-200899,,empty
310558,,,fallback
310560,B12-6322153,F2637:2|F2958:2,structured
310634,C13-13-055736,F3852:1|F3850:2|F3860:2,structured
310766,CHN05-01-310480,,fallback
310882,,,fallback
310887,,,empty
311006,,F2225,fallback
311079,,,fallback
311080,,,fallback
311081,CHN2010-01-600235,,fallback
311084,CHN2013-15-122675,F1516|F695,fallback
311085,CHN2013-15-122794,,fallback
311087,CHN2013-15-122607,F1642|F1787|F752,fallback
311102,,,empty
311103,,,empty
311107,CHN2014-10-584887,F4917:1|F5411:1,structured
311109,CHN2010-15-069750,,empty
311110,CHN2012-15-338944,F5433:1,structured
311111,CHN2012-15-338956,F6525:1|F7268:1,structured
311113,,,empty
311225,,,empty
311340,BELG2010-2045363,F2483|F2666,fallback
311388,CHN11-32-566626,,empty
311400,,,empty
311408,,,empty
311411,CHN0-11-12-205505,,empty
311468,,,fallback
311479,,,empty
311485,,,empty
311509,CHN11-10-527777,F366,fallback
311512,,,empty
311603,,F1535,fallback
311640,,,empty
311708,,,fallback
311709,,,fallback
311711,,,fallback
311712,,,fallback
311713,,,fallback
311755,,,empty
311796,B13-2053344,,fallback
311798,,,fallback
311802,,F865,fallback
311815,,,empty
311846,B13-2053468,,fallback
312011,,,empty
312012,,,empty
312050,,,empty
312067,,,empty
312070,,,empty
312100,,,empty
312118,BELG2007-9023141,F3203|F3206,fallback
312121,CHN2008-333996,F192:1|F4297:1,structured
312122,CHN2008-333995,,fallback
312237,,,fallback
31235,,,fallback
31237,,,empty
312450,,,empty
312596,,,empty
312600,,,empty
312692,,,fallback
312695,,,empty
312697,,F2925,fallback
312699,,F2897|F2925,fallback
312750,BELG2007-6389067,,empty
312833,CHN2011-04-032302,,fallback
313142,CHN2017-08-0199664,,fallback
3132,B04-6200926,,fallback
313283,BELG1994-6355023,F2407:2|F2456:2,structured
313316,CHN2009-22-690172,,empty
31338,NL08-1569201,F844:2|F3037:2|F7240:2|F5546:3|F7236:3,structured
313438,B05-5220409,F1618|F2752|F601|F80,fallback
313442,B06-5100749,F2752|F2839,fallback
313503,CHN13-10-781888,,empty
313509,,F3212|F515|F699,fallback
313512,,F342|F625,fallback
313517,,F2623,fallback
313540,NL2011-1408040,,fallback
313541,NL2011-1408088,,fallback
313543,NL2011-1408024,,fallback
313544,NL2011-1408017,,fallback
313546,NL2011-1408047,,fallback
313547,NL2010-1338645,,fallback
313552,B08-4347465,F3014|F3262,fallback
313564,B05-5220497,F2752|F2839,fallback
313565,B04-5065634,F2455|F3026|F80,fallback
313573,,,fallback
313580,NL2010-1339915,,fallback
313581,NL2011-1408042,,fallback
313583,NL2011-1408031,,fallback
313584,NL2011-1408110,,fallback
313585,NL2011-1408081,,fallback
3136,B04-6200986,,fallback
313616,,,fallback
313618,B2004-6231900,F260,fallback
313619,B2006-6154428,F260|F2879,fallback
313626,B2009-6130671,F3308,fallback
313627,,,fallback
313634,,,fallback
313639,,,empty
313640,AW2004-4849,,fallback
313647,,F2407|F2688,fallback
313660,,F2407|F2774|F988,fallback
313710,,,fallback
313711,,,fallback
313712,,,fallback
313714,,,fallback
313716,,,fallback
313718,,,fallback
313719,NL10-1252092,,fallback
313723,,,fallback
313724,,,fallback
313725,,,fallback
313726,,,fallback
313727,NL11-5002960,,fallback
313739,B2013-4288408,,fallback
313741,B2013-4270525,,fallback
313742,B2013-4288467,,fallback
313743,B2013-4264619,,fallback
313745,B2013-4270545,,fallback
313746,B2013-4270580,,fallback
313747,B2013-4270593,,fallback
313749,B2013-4270581,,fallback
313750,B2013-4288468,,fallback
313752,B2013-4270570,,fallback
313853,,,fallback
313872,CHN2014-08-060514,,fallback
313873,CHN2013-08-019961,,fallback
313882,BELG2008-4335786,F749:1|F3260:2,structured
313883,BELG2009-4331529,F2077:2|F2078:2|F2113:2|F2151:2,structured
313888,,,fallback
313906,,F2407,fallback
313948,,,empty
313949,,,empty
313951,,,fallback
313952,,,empty
313953,,,empty
313956,CHN2015-08-0111608,,fallback
313957,,,empty
313958,,,empty
313959,,,fallback
313960,,,fallback
313962,,,fallback
314002,,,fallback
314003,,,fallback
314004,,,fallback
314005,,,fallback
314006,,,fallback
314008,,,fallback
314011,,,fallback
314016,,,fallback
314018,,,fallback
314019,,,fallback
314020,,,fallback
314021,,,fallback
314022,,,fallback
314023,,,fallback
314024,,,fallback
314025,,,fallback
314028,,,fallback
314029,,,fallback
314030,,,fallback
314031,,,fallback
314032,,,fallback
314050,,,empty
314052,,,empty
314053,,,empty
314054,,,empty
314055,,,empty
314056,,,empty
314057,,,empty
314058,,,empty
314077,,,fallback
314078,,,fallback
314095,,,fallback
314098,,,empty
314102,,,empty
314108,,,empty
314114,,,empty
314121,,,fallback
314192,,,empty
31423,CHN2008-16-178916,F2110:2|F6878:2|F7161:2,structured
314237,,,fallback
314262,,,fallback
314264,,,fallback
31428,CHN2008-16-178921,F2110:2|F6878:2|F7161:2,structured
31431,CHN2011-16-001667,F2110:2|F6878:2|F7161:2,structured
314320,,,fallback
314325,,,fallback
314326,,,fallback
314328,,,fallback
314334,,F124|F2586|F2721|F2780|F2782|F2852|F294|F2964|F3040|F3062|F3066|F3116|F3181|F3225,fallback
31436,CHN2011-16-001662,F2110:2|F6878:2|F7161:2,structured
314463,,,fallback
314466,,,fallback
314467,,,fallback
314468,,,empty
314469,,,empty
314470,,,empty
314471,,,empty
314472,,,empty
314473,,,empty
314474,,,empty
314475,,,fallback
314476,,,fallback
314477,,,fallback
314478,,,fallback
314480,,,fallback
314485,,,empty
314486,,,fallback
314493,B2005-6164697,F2038,fallback
314537,CHN2015-08-0111996,F2519|F2594,fallback
314538,,,empty
314551,CHN2019-08-0199960,,fallback
314590,,F384,fallback
314591,,,fallback
314592,,F877,fallback
314607,,,empty
314626,BELG2009-6248565,,fallback
314677,,,fallback
314678,,,fallback
314686,B09-4018012,,fallback
314704,,,empty
314716,B05-6444307,F3449:2|F3460:2|F4019:2|F4035:2,structured
314858,,,empty
314983,,,empty
314992,,,empty
314993,,,empty
314994,,,empty
314995,,,empty
314996,,,empty
314997,,,empty
314998,,,empty
315001,,,empty
315002,,,empty
315003,,,empty
315004,,,empty
315182,C13-13-035038,,fallback
315214,C13-13-055828,F1104|F3271,fallback
315265,,,fallback
315334,,,empty
315344,,,empty
315351,,,empty
315355,,,empty
315412,,,empty
315416,,,fallback
315417,,,fallback
315418,,,fallback
315419,,,fallback
315420,,,fallback
315421,,,fallback
315553,,F2654,fallback
315630,,,empty
315631,,,empty
315632,,,empty
315633,,,empty
315647,B07-5112340,F2752|F3025|F601,fallback
315707,,F15|F3212|F515|F699,fallback
315837,NL2011-3045045,,fallback
315976,BELG2007-6398745,F2699|F2794,fallback
315989,CC05-385910,F2520:2|F5406:2|F7336:2|F7339:2,structured
315996,B08-6071773,F302:1|F799:1,structured
316072,,,empty
316075,,,empty
316077,,,empty
316080,,,empty
316085,,,empty
316088,,,empty
316242,B10-6024173,F1557,fallback
316277,CHN2012-08-332339,F2477|F2710,fallback
316302,,,empty
316303,,,empty
316329,,F2463|F2661|F302|F3160,fallback
316404,,,empty
316442,,,empty
316446,,,empty
316474,BE2011-5020984,,fallback
316507,DV03-37-03412,,fallback
316520,B97-6330121B04-6293197,F2508:2|F2607:2|F2776:2|F2777:2,structured
316522,T04-17980T06-226693,F7321:2|F7322:2,structured
316527,T10-09110T11-8880962,F7299:2|F7329:2|F7331:2|F7324:3,structured
316528,T13-111028T07-85794,F7304:2|F7299:3|F7329:3|F7331:3|F7324:4,structured
316529,T09-204970T07-537651,F2596:2|F2647:2|F2975:2,structured
316530,T08-659111T06-740517,F2596:2|F2647:2|F2975:2,structured
316531,T07-850846T06-087294,F4512:2|F7305:2|F7324:2,structured
316533,T06-740596T09-888126,F7316:2|F7317:2|F7319:2|F7320:2,structured
316534,T06-48957T06-48969,F7316:2|F7317:2|F7327:2|F7330:2,structured
316568,,,empty
316569,,F2925,fallback
316570,,,empty
316710,,,fallback
316714,BELG13-3096369,,fallback
316716,NL10-3026476,,fallback
316717,NL10-3033449,,fallback
316733,BELG12-3012747,F201|F2531|F34,fallback
316882,,,fallback
316901,DV11-651,,empty
316909,DV11-652,,empty
316910,DV11-656,,empty
316911,DV11-657,,empty
316912,DV11-658,,empty
316913,DV11-655,,empty
31695,,,fallback
316968,B03-6147124,F2518:2|F3086:2,structured
316989,B09-4331075,F4130:1|F3406:2|F4026:3|F4040:3,structured
317133,B08-6177574,F2959:2|F3170:2|F3345:2|F3350:2,structured
317139,B2012-6323179,F2212,fallback
317140,B2014-6174081,F2212,fallback
317150,B06-3206564,,fallback
317162,NL06-1743120,,fallback
317169,B01-6153826,F2461,fallback
317175,NL07-1143822,F3628:1|F6821:2|F7031:2,structured
317181,,,fallback
317221,,,fallback
317264,B07-6076422,F3439:1|F3594:1,structured
31732,,,fallback
31738,,,fallback
317459,,,fallback
31746,,,fallback
317461,,,empty
317462,,,empty
317463,,,empty
317464,,,empty
317467,,,empty
317468,,,empty
317472,,,empty
317473,,,empty
317475,,,empty
317476,,,empty
317488,CHN2014-08-060998,F2519|F2594,fallback
31749,NL96-9638,F7040:1,structured
31751,AU00-GFT-56,F7040:1,structured
317520,CHN2013-12-99061,,fallback
317689,NL07-1180406,,fallback
31774,AU06-ARPU-29479,,fallback
31776,,,fallback
317786,T07-035445T06-48710,F2596:2|F2647:2|F2975:2,structured
317799,T13-111543T09-123548,F7303:2|F7304:2|F7309:2|F7331:3|F7324:4,structured
317805,T11-558088T12-130704,F2975:2|F3095:2|F2596:3|F2647:3,structured
317809,K05-128344T07-85712,F2647:2|F2975:2|F3095:2|F5419:2,structured
317813,T06-71210T08-721502,F5417:2|F7324:2,structured
317816,T09-888430T09-666257,F7309:1|F7331:2|F7324:3,structured
31783,,F14,fallback
317830,T04-726695T10-02965,F2596:2|F2647:2|F2508:3|F2607:3|F2776:3|F2777:3,structured
317831,T04-06770T06-48769,F2596:2|F2647:2|F7323:2|F7325:2,structured
317832,T06-740512T07-85787,F2596:3|F2647:3|F7316:3|F7317:3|F7323:3|F7325:3|F7327:3|F7330:3,structured
317837,T06-71536T07-447535,F2596:2|F2647:2|F2508:3|F2607:3|F2776:3|F2777:3,structured
317838,T07-59777C06-298848,F2975:2|F3095:2|F7306:2|F7307:2,structured
317840,T06-087135T06-70482,F2596:2|F2647:2|F2975:2,structured
317841,T07-035443T08-919697,F2508:3|F2596:3|F2607:3|F2647:3|F2776:3|F2777:3|F2975:3,structured
317842,T10-05727T10-06986,F7302:2|F7308:2|F7310:2|F2508:4|F2607:4|F2776:4|F2777:4,structured
317843,B06-6360083T06-289166,F305:2|F2596:3|F2647:3|F7316:3|F7317:3|F7327:3|F7330:3,structured
317846,B05-6446704T10-232666,F602:2|F2867:2|F2972:2,structured
317851,T11-777910T13-678175,F3095:2|F602:3|F2975:3|F2508:4|F2607:4|F2776:4|F2777:4,structured
317855,T06-632336T08-659130,F6864:2|F6926:2,structured
317856,T10-238786T08-721731,F2429:3|F2430:3|F6864:3|F6926:3,structured
317858,T09-123954T13-135556,F2429:3|F2430:3|F6864:3|F6926:3,structured
317859,T11-8880333T13-157534,F2429:3|F2430:3|F6864:3|F6926:3,structured
317860,T08-721732T13-111993,F2429:3|F2430:3|F6864:3|F6926:3,structured
317915,CHN12-01-860108,,fallback
317965,,,empty
317967,,,empty
317968,,,empty
317969,,,empty
318013,CHN2014-03-376510,F3356,fallback
318015,NL2011-1872245,,fallback
318033,CHN07-03-598161,F2455:2|F2526:2|F2635:2,structured
318071,B2010-4101103,F1161|F2577|F3014,fallback
318079,CHN2014-08-125777,,fallback
318088,B06-5110726,F2752|F2839,fallback
318091,B06-5110732,F2404:2|F2475:2|F2834:2|F2848:2,structured
318122,CHN2014-18-053162,F1553|F303|F962,fallback
318161,,,fallback
318162,,,fallback
31823,,F14,fallback
31824,,F14,fallback
31825,,,fallback
31831,,,fallback
318400,B2008-4133203,,fallback
318420,B2012-4302305,,fallback
318426,CHN2011-12-169136,,fallback
318432,CHN11-12-169175,,fallback
318442,NL10-1272153,,fallback
318446,CHN2012-12-261809,,fallback
318551,CHN2013-08-012345,,fallback
318562,B13-6075377,F1207,fallback
318578,CHN2014-18-053300,F303|F962,fallback
318580,B05-6052258,F2462|F2650|F2651|F2785|F3162,fallback
318582,B05-6054228,F2462|F2650,fallback
318609,,,empty
318610,,,empty
318623,B2013-6075428,,fallback
318628,CHN2013-01-661026,,fallback
318629,CHN2013-01-661026,,fallback
318630,CHN12-01-661026,,fallback
318632,CHN2012-01-860985,,fallback
318633,BELG2007-5067217,F55,fallback
318645,DV06803-2007-556,,fallback
318647,DV06803-2007-556,,fallback
318654,CHN2009-01-659281,F724,fallback
318661,CHN2009-01-661667,,fallback
318662,CHN2009-01-661667,,fallback
318668,NL2004-2060798,F3236:2,structured
318671,CHN2010-852773,,fallback
318682,B12-6044219,F255,fallback
318719,B2010-4049330,,fallback
318734,B2009-2054094,F13|F2671|F330,fallback
318740,B2012-4310405,,fallback
318741,B2008-2234343,F138|F2410|F2737|F557,fallback
318793,,,fallback
318795,,,fallback
318844,,,empty
318845,,,empty
318847,,,empty
318849,,,empty
318887,,,fallback
318888,,,fallback
318930,,,fallback
318932,,,empty
318987,,,empty
318994,,,fallback
319050,T2002-508898,F2422|F2425,fallback
31914,B97-6604291,F2521|F2592|F3095,fallback
319142,CHN2013-03-687664,F3206|F486|F674,fallback
319143,CHN2013-03-687677,F3356,fallback
319144,CHN2010-10-487445,,empty
319165,T98-486861,,fallback
31919,B96-6598546,F2596|F2647|F2975,fallback
319193,,,empty
31920,B96-6376156,F2596|F2647,fallback
319209,B13-4259270,F1459:1|F1922:1,structured
31921,B97-6330121,F2596:1|F2647:1,structured
319215,B13-4259269,F1459:1|F1922:1,structured
319335,CHN2016-08-0300180,,fallback
319680,,,fallback
319706,B13-4259278,F937:1|F1458:2|F1462:2,structured
319707,B13-4259279,F937:1|F1458:2|F1462:2,structured
319708,B13-4259274,F575:1|F1722:1,structured
319716,B10-4049496,F1457:1|F2684:2|F3128:2,structured
31972,T04-17980,,empty
319720,B14-2216207,F515|F699,fallback
319723,,,fallback
319808,B05-3006614,F3116,fallback
319840,CHN2017-08-0111111,,fallback
319844,,,fallback
319879,CHN2012-09-270709,,fallback
319915,B05-6236972,,fallback
319923,,F1658|F317,fallback
319999,B11-6332739,,fallback
320006,B11-6265386,,fallback
320026,,,fallback
320031,BELG1999-4532297,,fallback
32005,,,fallback
320060,CHN2012-01-997803,,empty
320061,CHN2012-03-999910,,fallback
320062,CHN2012-03-990087,,fallback
320113,CHN2011-01-243492,,fallback
320114,CHN2011-03-333301,,fallback
320117,CHN2011-03-888810,,fallback
320118,CHN2011-03-888864,,fallback
320119,CHN2011-03-999005,,fallback
320121,CHN2011-22-1333335,,fallback
320122,CHN2011-03-1000109,,fallback
320123,CHN2011-03-999913,,fallback
320125,CHN2011-03-999920,,fallback
320127,CHN2011-03-999703,,fallback
320129,CHN2011-03-333385,,fallback
320134,CHN11-03-888818,,fallback
320135,CHN2010-03-888331,,fallback
320136,CHN2010-03-888884,,fallback
320181,CHN2014-03-378207,F3356,fallback
320182,CHN2014-03-376568,F3356,fallback
320185,B13-6320537,,fallback
320186,B11-6119064,,fallback
320187,B14-6072435,F3596:1,structured
320199,BE14-6306634,,fallback
320200,,,empty
320203,BE14-6306633,,fallback
320205,,,empty
320206,BE14-6306528,,fallback
320208,BE14-6306527,,fallback
320209,BE14-6306606,,fallback
320213,BE13-6320515,,fallback
320214,BE13-6320502,,fallback
320219,BE13-6320524,,fallback
320222,BE13-6320523,,fallback
320224,,,fallback
320225,BE12-6023218,F1750,fallback
320226,CHN2009-03-000056,,fallback
320228,CHN09-03-055533,,fallback
320230,CHN09-03-000350,,fallback
32029,,,fallback
320295,B11-6331041,F3596:1,structured
320308,B12-6142525,F3385:2|F3450:2|F3653:2|F4056:2,structured
320322,BELG2009-4227572,,fallback
320392,BELG2006-6295809,,fallback
320395,CHN2009-02-010240,,empty
320399,CHN2008-01-360940,,fallback
320403,BELG2010-5143214,,fallback
320406,NL2005-1403574,,fallback
320407,NL2005-1403574,,fallback
320434,,,fallback
320500,CHN2009-02-100055,,empty
320509,,,empty
320585,,,fallback
320854,CHN2007-03-260676,,fallback
320911,B2013-3048566,,fallback
320951,,F3203|F3206|F483,fallback
321125,B12-6307666,,fallback
321139,CHN2012-09-270683,F3271|F910,fallback
321159,CHN2012-09-270625,F4619:1|F4669:1,structured
321162,B09-6040520,F294:1|F1030:1,structured
321193,,F3101,fallback
321226,CHN2014-03-378181,F3203|F3206|F483,fallback
321260,CHN2009-30-254244,,fallback
321261,CHN2009-30-254756,,fallback
321288,,,empty
32133,AU05-YUPIGEON-119,,fallback
321330,,F2717|F783,fallback
321400,,,empty
321403,,,fallback
321407,,,fallback
321408,,,empty
321506,B98-6210455,,fallback
321517,CHN2012-06-209167,,fallback
321564,B13-2022200,F574|F684,fallback
321565,B13-2022201,F574|F684,fallback
321566,B13-2022203,F931,fallback
321785,CHN2012-06-209137,F2372,fallback
321787,CHN2012-06-209008,,fallback
321799,C14-15-062386,,fallback
321813,CHN2012-06-209098,,fallback
321814,CHN2010-33-098177,F306,fallback
321839,CHN08-360940,,fallback
32185,B04-4349178,F583:1|F257:2|F3315:2,structured
32188,T05-007006,F3175:1,structured
321886,CHN2010-33-098213,,fallback
321887,CHN2007-33-051520,,fallback
322020,,,fallback
322021,,,fallback
322022,,,fallback
322023,,,fallback
322024,,F494,fallback
322026,CHN2013-06-030139,F2372,fallback
322028,CHN2012-06-245004,,fallback
322031,CHN2011-33-000886,,fallback
322038,CHN13-33-112971,,fallback
322039,CHN2012-33-101100,,fallback
322040,CHN13-33-112987,F1545|F1555|F962,fallback
322063,B13-2022206,F574,fallback
322065,B13-2022207,F574,fallback
322068,B13-2022208,,fallback
322072,,,fallback
322074,,F192,fallback
322089,B13-2022215,F3262,fallback
322093,B13-2022219,F1233|F766,fallback
322094,,,empty
322121,B13-2022225,,fallback
322152,B13-2022227,,fallback
322240,B13-2022232,F1233|F1235,fallback
322245,B13-2022234,F1235,fallback
322253,CHN2019-08-0008752,,fallback
322255,B13-2022245,F1413|F54,fallback
322256,B13-2022253,F10|F684,fallback
322286,,,empty
322331,CHN2012-06-209115,F990:1|F984:2,structured
322338,,,empty
322356,B12-6315128,F1517|F634|F635,fallback
322357,B2010-6052136,,fallback
322361,B06-6270104,F2297,fallback
322374,BE12-4215875,,fallback
322375,BE10-4175007,,fallback
322378,,,fallback
322456,B13-2022256,,fallback
322458,B13-2022257,,fallback
322462,B13-2022268,F1413|F54|F574,fallback
322463,B13-2022270,F574,fallback
322464,B13-2022271,F1235|F54,fallback
322487,B13-2022299,F931,fallback
322489,B13-2022315,F1413|F54,fallback
32252,,,fallback
322545,CHN2013-15-122709,F1516|F695,fallback
322570,B13-2022331,F10|F684,fallback
322571,B13-2184321,,fallback
322635,B11-3171870,F1437:2|F1448:2,structured
322636,B12-3170650,F1438:2|F1439:2|F1712:2|F1255:3|F203:5|F3003:5,structured
322637,B09-3167998,F344:2|F3111:2|F3244:2|F2486:3|F2676:3,structured
322646,BELG09-3110026,,fallback
322651,BELG10-3136105,,fallback
322652,BELG11-3171863,,fallback
322654,BELG11-3172080,,fallback
322657,BELG12-3170646,,fallback
322658,BELG12-3170639,,fallback
322679,CHN2011-06-313783,,fallback
322739,B13-2022350,F1806|F908,fallback
322742,B13-2022333,F1413,fallback
322765,BE12-6023402,,fallback
322767,BE13-6062148,F1750,fallback
322768,BE13-6062148,F1750,fallback
322769,BE13-6062175,,fallback
322776,,,fallback
322809,B12-6307653,F1196,fallback
322811,B09-6358184,F964:2,structured
322820,,,empty
322821,,,empty
322898,CHN2014-32-600013,,fallback
322900,,F2866|F309|F3155|F3159,fallback
322901,B11-6333573,F100|F2937,fallback
322902,CHN2019-08-0008740,,fallback
322903,CHN2019-08-0008724,,fallback
322904,B10-6359227,F962,fallback
322909,CHN2019-08-0008851,,fallback
322918,CHN2012-08-332331,F2477|F2710,fallback
322926,,,fallback
322927,,,fallback
322928,,,fallback
322929,,,fallback
322931,,,fallback
322933,,,fallback
322935,,,fallback
323026,,,fallback
323028,BE10-2100626,,fallback
323071,,,empty
323086,,,empty
323094,,,empty
323104,,,empty
323113,,,empty
323227,,,fallback
323336,,,empty
323337,,,empty
323339,,,fallback
323356,,,fallback
323358,,,fallback
323365,,,empty
323366,,,empty
323381,,,fallback
323425,,,empty
323428,,,empty
323571,B2012-3168925,,fallback
323606,B2010-4101417,,fallback
323610,NL2011-1872740,,fallback
323623,B11-6119080,,empty
323669,CHN2011-15-096640,F2447|F326|F3317,fallback
323673,CHN2012-15-069163,F326,fallback
323762,,F2068|F2091,fallback
323777,CHN2006-12-114651,,fallback
32378,BELG2008-6731104,,fallback
323803,CHN2007-02-000672,,fallback
323837,,,fallback
323838,,,fallback
323859,CHN2013-12-031029,,empty
323861,CHN2013-12-031962,,empty
323870,,,empty
323923,,,empty
324096,,,empty
324130,,,empty
32428,CHN13-01-565520,,empty
324519,CHN2013-12-032918,,empty
324520,CHN2014-12-260006,,empty
32453,CHN2008-06-420255,F278,fallback
324556,B11-6265521,F3057,fallback
324557,B12-6236199,F3057,fallback
324578,CHN10-33-098222,,fallback
324583,,,empty
324586,,,empty
324594,B2013-2053438,,fallback
324660,CHN2008-02-000012,,fallback
324669,,,fallback
324700,CHN2014-08-060708,,fallback
324739,,F2461,fallback
324754,CHN2004-03-394838,F81,fallback
324761,,,fallback
324767,,F81,fallback
324773,CHN2009-12-228047,,empty
324774,,F2461,fallback
324776,,F2455|F2526|F2635,fallback
324785,,F2461,fallback
324787,,F2455|F2526|F2635,fallback
324792,,F2455|F2526|F2635,fallback
324799,,F2455|F2526|F2635,fallback
324804,BLEG2006-6270255,,fallback
324805,,F2461,fallback
324809,,F2461,fallback
324811,,F2461,fallback
324812,,F2461,fallback
324813,,F538,fallback
324814,,F2461,fallback
324815,,F3000|F894,fallback
324816,,F2455|F2526|F2635,fallback
324817,,,fallback
324820,BELG2006-3148482,F189:2|F535:2|F538:2|F2818:2,structured
324825,TFPF2005-263053,F2404,fallback
324831,,F192|F3078|F3150,fallback
324834,BELG2007-5175991,F192:2|F3078:2|F3150:2|F4491:3|F4492:3,structured
324835,,F192|F3078|F3150,fallback
324841,TFPF2005-263151,F2404,fallback
324850,,F2461,fallback
324878,,,empty
324879,,,empty
324881,,,empty
324882,,,empty
324886,,,empty
324985,,,fallback
324990,,,fallback
324999,,,fallback
325003,,,fallback
325005,,,fallback
325007,,,fallback
325052,,,fallback
325328,,,fallback
325347,CHN2013-15-175818,F4793:1,structured
325350,CHN2015-15-0474384,F7014:2,structured
325352,CHN2012-15-338969,F5432:1|F7267:1,structured
325354,CHN2011-15-170316,,empty
325360,CHN2013-15-135135,,empty
325361,,,fallback
325431,B05-6166372,F990,fallback
32548,,,fallback
325633,,F81,fallback
325642,B04-9134272,,fallback
325644,,F3356,fallback
325645,CHN2010-03-484707,F81,fallback
325646,,F81,fallback
325650,,F81,fallback
325694,B11-3082067,F529:2|F3685:2|F203:4|F3003:4,structured
325699,B12-3170641,F1703:1|F3114:3|F2470:4|F2486:4|F2501:4|F2619:4,structured
325701,B12-3170653,F1437:2|F1448:2|F3114:3|F2470:4|F2486:4|F2501:4|F2619:4,structured
325705,BELG2005-5059246,F600:1|F3078:2|F3150:2,structured
325706,BELG2005-5059344,F3078:2|F3150:2,structured
326013,,F2068|F2091|F890,fallback
326017,,,fallback
326091,,,fallback
326097,,,fallback
326180,CHN07-09-166038,,empty
326223,,F326,fallback
326245,CHN11-09-112872,,empty
32629,,,fallback
326324,,,fallback
326341,CHN12-09-166442,,empty
326342,CHN13-09-165854,,empty
326343,CHN13-09-165858,,empty
326344,CHN13-09-165857,,empty
326345,CHN09-09-158669,,empty
326346,CHN10-09-181272,,empty
326347,CHN12-09-513220,,empty
326349,CHN10-09-152951,,empty
326350,CHN09-09-342333,,empty
326351,CHN09-09-311405,,empty
326355,,,fallback
326361,,,fallback
326403,T08-648101,F2678|F2679,fallback
326424,,,fallback
326430,,,fallback
326438,,,fallback
326459,,F1089|F948,fallback
326461,,,empty
326466,,,fallback
326468,,,fallback
326477,CHN2014-107958,,empty
326478,CHN2014-06-107996,,fallback
326479,CHN2014-06-107868,,empty
326480,CHN2014-107957,,empty
326486,CHN2014-107987,,fallback
326541,,,empty
326547,CHN2011-22-1413288,,empty
326626,,F952,fallback
326645,CHN05-09-006116,,empty
326673,CHN2014-17-033014,,fallback
326709,DV09581-11-323,,fallback
326721,DV09581-11-1048W,,fallback
326727,,,fallback
326761,DV09581-13-1041,,fallback
326773,CHN11-06-316503,F984,fallback
326781,CHN2012-06-245036,,fallback
326823,CHN2012-32-168300,,empty
326825,CHN2012-06-245015,,fallback
32687,,,fallback
326908,DV0919-12-112,,fallback
326925,,F2157|F2189,fallback
326939,,F3040|F3041|F3284|F3332,fallback
326957,TW2014-668866,,empty
326999,BELG2010-2045319,F2472:2|F2410:3,structured
327421,,F1443,fallback
327427,,,fallback
327455,CHN2010-16-101820,,empty
327459,CHN2009-16-000308,,empty
32746,,,fallback
327461,CHN2013-16-000302,,empty
327465,CHN2013-16-000331,,empty
327554,CHN13-06-196021,F990:1|F984:2,structured
327555,CHN2014-12-235602,,fallback
327564,CHN14-12-235607,,fallback
327627,,,fallback
327732,,,empty
327835,DV0824-10-845,F99:2|F967:2|F968:2|F153:3,structured
327836,,,empty
328029,,,fallback
328054,NL13-1581601,,fallback
328075,CHN2014-23-249664,F3170,fallback
328086,NL10-1692709,,fallback
328090,NL10-1692753,,fallback
32814,CHN2008-12-200000,,empty
328149,,,empty
328161,NL10-1537433,F647:2|F786:2|F882:2|F5960:2,structured
328232,,,empty
328254,,,fallback
328255,B09-4189854,,fallback
328293,,F806|F962,fallback
328453,,,empty
328455,CHN2014-09-400820,,empty
328607,CHN2014-09-167067,,empty
328726,CHN2014-09-531411,,empty
328732,CHN14-09-089612,,empty
328783,CHN2014-22-1360834,,empty
329016,CHN18-2014-079771,,empty
329033,CHN18-2014-034114,,fallback
329038,CHN18-2013-076565,F4741:2|F4785:2,structured
329114,,,fallback
329158,,,fallback
329163,,,fallback
329168,,,fallback
329174,,,fallback
329223,,,empty
329231,CHN2014-22-1360811,,empty
329317,B13-6080814,F1033|F1188|F1324,fallback
329325,,,fallback
329397,CHN18-2014-048073,,fallback
329410,,,empty
329419,CHN2008-18-041399,,empty
329421,,,empty
329438,CHN2012-18-043994,F314,fallback
32944,,F2480|F2554,fallback
329448,,,empty
329462,,,fallback
329464,,,fallback
329473,,,empty
329476,,,empty
329491,,,fallback
329495,,,fallback
329498,,,fallback
329505,,,fallback
329582,,,empty
329610,,,fallback
329623,,,fallback
329630,,,fallback
329649,,,fallback
329650,,,fallback
329662,,,fallback
329670,,,fallback
329809,,,empty
329812,,,fallback
329824,,,fallback
329827,CHN2014-22-1360833,,empty
329841,BE13-6075172,,fallback
329855,BE13-6075333,,fallback
32987,BELG2008-6371062,F1186|F819,fallback
330007,B06-6407376,F2514:2|F2650:2|F2708:2|F2408:3|F2462:3,structured
330062,DV2009-0855-196,,fallback
330074,DV2013-04849-933,,fallback
330141,CHN12-03-111336,F439:2|F2857:2,structured
330236,NL07-3750662,,fallback
330238,BE12-6030762,,fallback
330263,NL12-1946317,F1744,fallback
330268,GB10-K25689,,fallback
330422,,,fallback
330428,,,fallback
330441,NL2008-2025637,,fallback
330466,,,empty
330510,CHN2014-10-296366,,empty
330555,,,empty
330603,,,fallback
33082,CHN08-09-013190,,fallback
330842,,,fallback
330936,,,fallback
330944,B14-4234342,F1928:1|F4453:2|F4464:2,structured
331321,,,empty
331335,,F962,fallback
331343,,F3073,fallback
331352,,,fallback
331371,,,empty
331376,,,empty
331385,BE14-2308185,,fallback
331388,BE14-6174359,,fallback
33145,CHN02-10-091190,,fallback
331455,,,fallback
33146,CHN02-10-091118,,fallback
331549,,F2407|F2467|F2555|F2705,fallback
331550,,F2407|F2467|F2555|F2705,fallback
331555,NL12-1742608,F5734:2|F5875:2|F6760:2|F6905:2,structured
331608,NL12-1392739,F5567:2|F5884:2|F6123:2|F7190:2,structured
331613,NL13-1022769,F5690:2|F5691:2|F5567:3|F5884:3|F6123:3|F7190:3,structured
331616,NL07-1544636,F5464:2|F5841:2|F6951:2|F6995:2,structured
331618,NL11-1506863,F7021:2|F7256:2|F5464:3|F5841:3|F6951:3|F6995:3,structured
331619,NL11-1506835,F6899:2|F6951:2|F6995:2|F7157:2,structured
331620,NL11-1506892,F5565:2|F5566:2|F6979:2|F7127:2,structured
331651,,,empty
331658,CHN2014-22-1360837,,empty
331716,,,empty
331781,,,fallback
33188,,,fallback
33189,,,fallback
331906,CHN18-2010-024483,F2946,fallback
331911,,,fallback
331921,CHN18-2013-074820,,fallback
331939,CHN32-2013-999082,,empty
331948,,,empty
331951,,,empty
331959,,,empty
331967,,,fallback
331991,NL07-1730908,,fallback
332245,,,empty
332254,,,empty
332284,,,empty
332306,,,fallback
332326,,,fallback
332346,CHN2014-20-000087,F2521|F2592|F2594|F3087,fallback
332421,CHN07-09-319142,,empty
332424,CHN11-09-112866,,empty
332429,CHN12-09-385281,,empty
332431,CHN12-09-112181,,empty
332443,NL05-1528365,,fallback
332463,,,fallback
332515,,F2475|F2629|F2834|F2848,fallback
332550,B2006-6056066,F467:2|F2098:2|F2214:2|F2858:2,structured
332553,C2013-20-009980,F4535:1|F672:2|F1777:2,structured
332555,B14-6306268,F3033|F404,fallback
332567,B2005-6265618,F2594:2|F2859:2|F3087:2|F4058:2,structured
332568,B2006-6351011,F2596:2|F2607:2|F2647:2|F2858:2,structured
332688,CHN2018-10-1065397,F2860|F3089,fallback
332731,,,fallback
332761,,,empty
332989,BE13-4055547,,fallback
332991,NL14-1050878,,fallback
333002,,,fallback
333004,,,fallback
33301,B05-2063969,F728:1|F739:1,structured
333041,,,empty
33307,B06-6413544,F2658:2|F3310:2,structured
33311,B07-6258710,F3312:1,structured
333144,,,fallback
333201,B12-4191454,F1613:2|F3566:2,structured
333233,,,empty
333255,B07-6229111,,fallback
333257,,,empty
333263,BE13-6030875,,fallback
333269,C14-03-1030017,,empty
33331,B07-6258757,F2796:2,structured
33332,B08-6350780,F2507:2|F2606:2|F2707:2,structured
33333,B08-6350699,F2869:2|F2884:2|F3188:2,structured
33334,B08-6350754,F2789:2|F2609:3|F2718:3,structured
333364,B09-3185135,F40:2|F189:2|F2818:2|F2470:4|F2486:4|F2501:4|F2619:4,structured
333376,B09-3185126,F236:2|F894:2|F895:2|F3001:2,structured
333438,,,empty
333480,,F1375|F1851|F1938|F621,fallback
333496,,F3224,fallback
333575,B06-5046611,F2583:2|F3286:2,structured
333612,,,fallback
333683,B07-3196199,,fallback
333707,,,empty
333728,,,empty
333736,,,empty
333739,,,empty
333744,,,empty
333904,,,empty
334087,,F2688|F83,fallback
334132,,,fallback
334150,,,empty
334178,,,empty
334184,CHN2014-01-328552,,fallback
334187,CHN2011-03-888808,F3101,fallback
334191,,F192,fallback
334197,CHN17-01-0698855,F3101,fallback
334202,,,empty
334211,,,empty
334265,,,empty
334398,,F3269,fallback
334408,B11-4008919,,fallback
334616,,,empty
33464,B03-3233172,F206:1|F2811:2,structured
334661,B11-2186338,F1240:2|F2683:2|F3116:3|F3366:3,structured
334785,NL11-1887817,,fallback
334789,BE12-4253388,,fallback
334910,,,empty
334925,,,empty
334927,,,empty
334948,BELG2006-6148125,F2866|F3159,fallback
334949,BELG2006-6148121,F2866|F3159,fallback
334950,BELG2006-6148249,F2866|F3159,fallback
334951,BELG2006-6148105,F2866|F3159,fallback
334953,BELG2006-6148101,F2866|F3159,fallback
335115,CHN2016-01-0777707,,fallback
335231,NL14-1130291,,fallback
335291,CHN2014-06-167008,F4869:1|F4909:1,structured
335296,CHN2014-06-167023,F4688:1|F2368:2|F2372:2,structured
33535,B08-6350620,F2606:2|F2966:2,structured
335385,CHN14-03-995695,F1908:1|F4500:1,structured
335388,CHN2014-03-995283,F204:2|F1434:2|F2822:2|F3238:2,structured
335402,B14-6241519,F610:2|F2650:3|F2408:4|F2462:4,structured
335415,,,fallback
335496,,,empty
335500,,,empty
335525,,,empty
335534,CHN14-03-995537,F204:2|F1434:2|F2822:2|F3238:2,structured
335573,CHN2014-03-376518,,fallback
335700,,,fallback
335701,,,empty
335702,,,fallback
335703,,,empty
335704,,,empty
335706,,,empty
335708,,,empty
335709,,,empty
335710,,,empty
335711,,,empty
335712,,,empty
335741,,,fallback
335763,,,empty
335767,,,fallback
335768,B13-6312957,F89:2|F245:2|F663:2|F664:2,structured
335769,B13-6311607,F666:2|F2589:3|F2982:3,structured
335770,B13-6312952,F666:2|F1657:2|F404:3|F2589:3|F2982:3|F3033:3,structured
335772,B13-6319801,F1892:1|F1657:2|F404:3|F3033:3,structured
335775,B13-6319835,F1045:2|F1657:2|F1745:2|F404:3|F3033:3,structured
335781,BELG2014--6022639,F628:2,structured
335788,BELG2014--6022837,F628:2,structured
33579,B08-3109192,,structured
335790,BELG2014--6022612,F628:2,structured
335791,BELG2014--6022997,F628:2,structured
335796,,,fallback
335913,,,fallback
335915,,,fallback
335917,,,fallback
335920,,,fallback
335921,,,fallback
335923,,,fallback
335924,,,fallback
335925,,,fallback
335928,,,empty
335941,,,empty
335942,,,empty
335972,,,fallback
335977,,,empty
335979,,,fallback
335981,,,empty
336002,,,empty
336097,,,fallback
336116,,,fallback
336126,,,fallback
336132,,,fallback
336191,BELG2013-6080805,F640:3,structured
336388,,,fallback
336537,BELG2012-2061097,,fallback
336541,CHN2014-06-107956,,empty
336559,BELG2012-2061390,,fallback
336573,BELG2012-2061467,,fallback
336590,BELG2012-2061468,,fallback
336601,BELG2012-2061068,,fallback
336608,B13-6306692,F1215:2|F1334:2|F2880:2|F2934:2,structured
336609,B11-6289619,F87:2|F665:2|F2880:2|F2934:2,structured
336610,BELG2012-2061391,,fallback
336611,B08-6384329,F2933:2|F3325:2|F2589:3|F2982:3|F2415:4|F2438:4,structured
336612,B10-6217447,F1386:1|F404:2|F3033:2,structured
336613,B13-6306678,F406:2|F408:2|F661:2|F2880:3|F2934:3,structured
336615,B13-6027231,F1519:2|F1521:2|F2589:3|F2982:3|F2415:4|F2438:4,structured
336620,BELG2011-2045364,,fallback
33677,,F2455,fallback
33680,,F2455|F53,fallback
336800,,,fallback
33681,,F2455,fallback
336954,B10-4129806,,fallback
336967,B13-4096735,,fallback
336972,B13-4096755,,fallback
337049,,,empty
337050,,,fallback
337059,,,empty
337063,,,fallback
337064,,,empty
337068,,,empty
337070,,,fallback
337077,,,empty
337119,CHN2013-06-196688,,empty
337122,CHN2013-06-196689,,empty
337130,B2011-3170414,F1913|F3116,fallback
337153,B07-4372477,,fallback
337196,,,fallback
337411,,,fallback
337478,B05-6405728,F2788|F2796|F2884|F3314,fallback
337527,,,empty
337550,CHN13-03-1191799,,fallback
337576,NL2005-5525642,F6960:2|F6961:2,structured
337766,,,empty
337776,,,fallback
337833,C07-03-167886,,structured
337882,,,empty
337883,,,empty
337884,,,empty
337888,,,empty
337892,,,empty
337896,,,empty
337899,,,empty
337922,,,fallback
338238,,,empty
338290,C14-03-1000617,F4518:1|F4523:1,structured
338298,C12-03-111280,,fallback
338311,C12-03-111665,,fallback
338312,B10-2045384,F2565:2,structured
338426,,,empty
338442,,,empty
338446,,,empty
338530,BELG2010-3179311,F179|F3100|F3116,fallback
338533,CHN2006-01-506106,,empty
338535,,,fallback
338549,,F132|F2657,fallback
338567,,,fallback
338674,BELG2010-5031684,F4153:2|F2808:3,structured
338724,CHN11-09-430622,,empty
338736,CHN14-09-155062,,fallback
338786,B12-6325770,F3300:2|F3301:2|F409:3|F2550:3|F2766:3|F3032:3,structured
338787,B07--6388666,F2589:2|F2982:2|F2415:3|F2438:3,structured
338792,B06-6185463,F89:2|F245:2|F2415:2|F2438:2,structured
338816,B13-6311732,F90:2|F666:2|F807:2|F2589:3|F2982:3,structured
338823,B13-6311649,F404:2|F490:2|F3033:2,structured
338837,B13-6306693,F1168:2|F1169:2|F1337:2|F762:3|F3260:3,structured
338840,B11-6289629,F1170:2|F7042:2|F2415:3|F2438:3|F2933:3|F3325:3,structured
338842,B13-6167373,F1338:2|F1657:2|F404:3|F2415:3|F2438:3|F3033:3,structured
338861,,,empty
338894,,,empty
338897,,,empty
338905,,,empty
338913,CHN2004-01-075165,,fallback
338977,,,fallback
339002,NL12-1651449,F2486:2|F2676:2|F2470:3|F2501:3|F2619:3,structured
339011,B13-6306667,F1170:2|F2767:3|F2935:3|F3300:3|F3301:3|F409:4|F2550:4|F2766:4|F3032:4,structured
339014,B07-6140120,F91:2|F2729:2|F3299:2|F3302:2,structured
339016,B13--6080547,F820:2|F1032:2|F3307:2|F640:3,structured
339017,B13-6080946,F820:2|F1032:2|F3307:2|F640:3,structured
339018,,F368,fallback
339019,B14-6085316,F416:2|F2643:2|F2952:2|F3044:2,structured
339021,B14--6085254,F1883:2|F2643:2|F2952:2|F306:4|F1186:4,structured
339023,B13--6080624,F1032:2|F1189:2|F3307:2,structured
339025,B13-6080755,F2643:2|F2952:2|F306:3|F1186:3|F2941:5|F2944:5|F117:6|F118:6|F2876:6|F5420:6,structured
339027,B13--6080507,F1537:2|F1655:2|F1681:2|F3307:2,structured
339029,B13-6080502,F2643:2|F2952:2|F820:3|F1032:3|F3307:3|F640:4,structured
339033,B14-6085161,F274:2|F412:2|F2945:2|F3058:2,structured
339035,B14-6085255,F1883:2|F2643:2|F2952:2|F306:4|F1186:4,structured
339042,,,empty
339123,BELG2008-6374015,F3501:1,structured
339127,,,empty
339131,BELG2008-6374026,,fallback
339134,BELG2010-6246102,,fallback
339187,,,empty
339189,NL12-1640877,,fallback
339190,,,fallback
339192,NL11-1764202,,fallback
339193,,,fallback
339194,,F3106,fallback
339199,,,fallback
339200,NL11-1764238,,fallback
339202,,F3267|F57,fallback
339204,NL10-1711157,,fallback
339205,,F3116|F48,fallback
339206,,F3116|F48,fallback
339209,,F2410|F2472|F2524|F2737,fallback
339211,,F2410|F2472|F2524|F2737,fallback
339213,NL12-1640862,,fallback
339214,,,fallback
339215,,F2410|F2472|F2524|F2737,fallback
339218,NL11-1764225,,fallback
339220,,F2410|F2472|F2524|F2737|F3316,fallback
339222,,F2410|F2472|F2524|F2737,fallback
339238,,,fallback
339241,,,empty
339251,,,fallback
339269,B12-3168976,,fallback
339273,B12-3168891,,fallback
339274,,,fallback
339349,,,fallback
339366,DV08833-09-146,F2444,fallback
339402,,,empty
339467,,,empty
339518,,,fallback
339519,B2009-3016482,,fallback
339568,,,empty
339718,,,empty
339781,,,empty
339794,,,empty
339807,,,empty
339808,,,empty
339810,,,fallback
339813,,,fallback
339815,,,fallback
339891,,,empty
339892,NL10-1839122,,fallback
339927,,,empty
339928,CHN10-09-417474,,fallback
339929,,F192,fallback
340025,,,empty
340030,,,empty
340035,,,empty
340041,,,empty
340043,,,empty
340059,B12-3127592,F3204:2|F3205:2,structured
340255,,,empty
34035,,F2538,fallback
340390,,,empty
340504,,,empty
340505,,,empty
340506,,,empty
340507,,,empty
340508,,,empty
340512,,,empty
340576,,,empty
340581,,,empty
340584,NL2007-2036796,,fallback
340606,,F1089,fallback
34068,CHN01-01-447159,,empty
34070,B08-2040236,F555|F755|F874,fallback
34072,B08-2040224,F756,fallback
34073,,,empty
340772,CHN2014-09-536320,,empty
34079,S08-080680,,fallback
340811,CHN2014-17-171544,F1056,fallback
340815,CHN2014-09-450063,F4920:1|F4945:1,structured
340832,,,fallback
340886,,F192,fallback
340942,B13-6284819,F145:2|F286:2|F432:2|F3068:2,structured
340945,CHN12-09-270719,F2582,fallback
341241,,,fallback
341268,,,empty
341302,B12-4232075,F1467:1|F916:2|F919:2,structured
341502,,,fallback
341536,,,fallback
341550,,F2405|F2465|F2477|F2508|F2710|F2712,fallback
341851,B13-3056274,F1065:2|F1431:2,structured
341964,CHN13-09-470049,,fallback
341966,CHN2015-03-1213069,,fallback
342272,,,fallback
342301,CHN14-10-600779,,fallback
342351,CHN08-32-445387,,fallback
342451,,,fallback
342458,,F3037|F844,fallback
342469,,,empty
34248,,,empty
342512,BE10-3179409,F1647,fallback
342531,CHN2009-15-226030,F2497:2|F3122:2|F5405:2,structured
34258,,,fallback
342585,B11-1107110,,fallback
342594,,,fallback
342611,BE11-2205906,,fallback
342614,,,empty
342616,,,empty
342618,,,fallback
342620,,,empty
342621,,,empty
342623,,F615|F897,fallback
342625,,,empty
342627,,,fallback
342677,CHN2014-22-1223970,,empty
342789,,,fallback
342800,,,fallback
342816,,,empty
342838,,,fallback
342843,,F422,fallback
342848,,F2565,fallback
342851,,,fallback
342856,,,empty
342867,,,empty
342872,,,empty
342875,,F2565,fallback
34288,,,fallback
342881,,F422,fallback
342891,,,fallback
34290,,,empty
34301,,,fallback
343072,,,fallback
343081,CHN2014-22-1223971,,empty
343144,,,fallback
34318,,F560,fallback
343194,NL09-1232690,,fallback
343198,CHN06-17-033193,,empty
343285,,,empty
343287,,,empty
343290,,,empty
343292,,,empty
343293,CHN2016-29-0000994,F5738:3|F5801:3,structured
343294,,,empty
343295,B12-9083689,F1529|F3170,fallback
343296,,,empty
343298,CHN2016-29-0006999,,empty
343301,,,fallback
343302,,,empty
343303,,,empty
343305,,,empty
343307,,,empty
343384,IF07-A-2922,,empty
343390,BELG2014-4215610,F4131:2|F56:3|F568:3|F4032:3|F4078:3|F4059:4|F4108:4|F4051:5,structured
343483,IF07-A-2936,,empty
343489,NL09-1232689,,fallback
343490,NL09-1232219,,fallback
343519,,,empty
343520,,,empty
343522,,,fallback
343532,,,empty
343556,BELG2014-4256126,F909:2|F938:2|F2431:2|F2529:2,structured
343559,CHN2014-05-266774,,empty
343563,BELG2014-4255995,F54:2|F2684:2|F2685:2|F3128:2,structured
343582,,,empty
343612,CHN2014-10-220012,F4916:1|F4679:2|F4816:3|F5365:3,structured
343618,,,empty
343627,,,fallback
343629,,,fallback
343633,,,empty
343670,B2009-6130075,F3180|F3347,fallback
343676,,,empty
343692,,,empty
343749,NL14-1130307,,fallback
343758,,,empty
343762,B08-3172902,F36:2|F951:2|F3001:2,structured
343768,B08-3172901,F36:2|F951:2|F3001:2,structured
343774,B08-3172987,F36:2|F951:2|F3001:2,structured
343777,B11-3008108,F527:2|F726:2|F1256:2|F36:4|F951:4|F3001:4,structured
343794,B05-3188928,F2911|F349|F41,fallback
343801,B08-3172821,F2911|F3005|F3115,fallback
343806,,,empty
343809,B09-3127970,F2911|F3005|F3115,fallback
343835,,,empty
343839,B05-3188897,F367:1|F38:2|F2809:2,structured
343842,B02-3027973,F38:1|F2809:1,structured
343848,B09-3128086,F1077|F367,fallback
343854,B10-3100528,F2996|F340|F383,fallback
343863,B09-3099159,F340|F530,fallback
343866,B09-3056216,F2996|F383,fallback
343875,BELG2014--2216401,F2391|F2409|F2410,fallback
343878,BELG2014--2216370,F2391|F2409|F2410,fallback
343880,BELG2014--2216439,F2391|F2409|F2410,fallback
343886,BELG2014--2216369,F2391|F2409|F2410,fallback
343991,IF07-A-2924,,empty
344038,B10-6212263,F658:2|F1014:2|F3017:2|F3081:3,structured
344167,,,fallback
344174,CHN2014-01-369994,,fallback
344184,CHN2014-01-370000,,fallback
344204,CHN2014-10-220013,F4664:2|F4816:2|F4856:2|F5365:2,structured
344304,,,empty
344350,CHN2014-22-1370769,,empty
344393,B12-3050036,F3005:2|F3115:2|F36:3|F951:3|F3001:3,structured
344401,B12-3050028,F1078:2|F1421:2|F36:3|F951:3|F3001:3,structured
344412,CHN2008-22-1119403,,empty
344432,,,empty
344465,CHN2013-15-091374,F150:2|F474:2|F4476:2|F4479:2,structured
344575,BELG2008-6383029,F149:2|F3069:3|F3183:3,structured
344600,,,fallback
344605,,,empty
344612,CHN09-600505,,fallback
344613,CHN07-10-020010,,fallback
344614,CHN07-10-020002,,fallback
344631,,,fallback
344643,,F2577,fallback
344649,BELG2011-6341418,F3883:1|F285:2|F433:2,structured
344669,,F2920,fallback
344683,CHN2013-06-196557,,empty
344690,CHN2013-06-196558,,empty
344694,CHN13-06-196999,,empty
344697,BELG2013-4176658,F3262:2|F54:3|F2685:3,structured
344700,CHN2013-06-187377,,empty
344704,CHN2013-06-187378,,empty
344707,,,fallback
344708,,,empty
344711,,,fallback
344723,,,fallback
344732,B13-3031586,F1402:2|F737:3|F3100:3|F3116:3|F2569:4|F2814:4,structured
344735,B12-3162779,F1443:1,structured
344787,,,empty
344790,,,empty
344797,,,empty
344802,,,empty
344804,,,empty
344805,,,empty
344821,AU2012-JWC-12945,,empty
344838,,F2577,fallback
344962,BELG08-6245439,F628:2,structured
345011,,,empty
345013,CHN2014-06-167011,F1895:1,structured
345019,,,empty
345027,,F139|F2596|F2647|F3169|F3199,fallback
345029,,F139|F2596|F2647|F3169|F3199,fallback
345030,C14-14-017111,F2768:2|F2922:2|F2923:2|F2980:2,structured
345043,,F139|F2596|F2647|F3169|F3199,fallback
345046,C14-14-017126,,fallback
345051,C14-14-017136,,fallback
345065,C14-14-017142,F2923:2|F2980:2|F2768:4|F2922:4,structured
345123,AU2012-JWC-12633,,empty
345142,,,fallback
345413,,,empty
345489,B10-6065396,,fallback
345495,C14-14-017144,F2577|F2684|F760|F910|F929,fallback
345497,C14-14-017145,F2684,fallback
345498,C14-14-017125,,fallback
345499,B2010-6164116,F3180|F3347,fallback
345509,B2011-6326461,F3180|F3347,fallback
345514,C14-14-019723,,fallback
345517,B10-6065368,,fallback
345578,NL2012-1837948,F394:2|F6910:2|F7070:2,structured
345585,B10-6065422,,fallback
345628,C14-14-110492,,fallback
345641,BE13-4001081,F3570:1|F3691:1,structured
345699,C14-14-113723,,fallback
345710,C14-14-113729,,fallback
345715,C14-14-113760,F2768:2|F2922:2|F2923:2|F2980:2,structured
345719,C14-14-113788,,fallback
345751,BELG2008-4222630,,fallback
345761,BELG2009-4090985,,fallback
345762,,,fallback
345767,,,fallback
345769,CHN2012-01-973580,F1628:2|F3040:3|F3181:3|F3225:3|F5968:3|F2782:4|F6935:4|F7168:4,structured
345783,,,fallback
345788,CHN2014-22-1223980,,empty
345807,,,empty
345808,CHN2013-01-916101,F1628:3|F3040:3|F3181:3|F3225:3|F2782:4|F5968:4|F6935:5|F7168:5,structured
345812,,,fallback
345813,,,empty
345817,CHN2013-01-916136,F1628:3|F3040:3|F3181:3|F3225:3|F2782:4|F5968:4|F6935:5|F7168:5,structured
345827,,,fallback
345831,,,empty
345839,,,empty
345840,B2005-2148055,,fallback
345849,,,empty
345858,,,fallback
345869,,,empty
345874,,,empty
345878,,F260|F628,fallback
345904,CHN09-03-678937,,empty
345926,CHN2006-04-228889,,empty
345951,B12-3162823,F1582|F336|F914,fallback
345975,CHN2014-11-044159,,empty
346134,BE10-3029700,,fallback
346145,C14-14-017101,,empty
346168,,F2920,fallback
346221,CHN2013-22-904935,,empty
346307,,,empty
346312,,,empty
346315,CHN2013-22-840125,,empty
346325,CHN2012-01-973599,F4656:2|F4686:2,structured
346326,CHN2012-01-973555,F4656:2|F4686:2,structured
346335,B08-4216099,,fallback
346337,,,empty
346356,CHN2014-01-720016,F725:2|F1040:2|F3132:2|F6256:2,structured
346461,CHN10-09-417427,,fallback
346469,CHN14-32-176918,,empty
346530,DV2012-01217-232,,fallback
346532,DV2012-01217-368,,fallback
346540,,,empty
346570,,,empty
346599,,,empty
346896,CHN11-16-307022,,fallback
346900,CHN08-16-037031,,empty
346903,CHN09-26-191091,,fallback
346935,CHN12-32-1228105,,fallback
346957,CHN13-16-012117,,empty
346981,CHN08-16-023350,,empty
346984,CHN08-16-023355,,empty
346988,CHN2014-22-1360836,,empty
347008,,,fallback
347012,CHN08-16-067673,,empty
347028,BELG2014--6304992,F628:2,structured
347030,BELG2014--6304966,F628:2,structured
347034,BELG2014--6304956,F628:2,structured
34704,,,empty
347044,BELG2014-6304972,F628:2,structured
347052,BELG2014--6022652,F628:2,structured
347062,BELG2014--6022833,F628:2,structured
347064,BELG2014--6304965,F628:2,structured
347075,BELG2014--6022617,F628:2,structured
347091,,,empty
347096,BELG2014--6022972,F628:2,structured
347099,BELG2014--6304954,F628:2,structured
347101,BELG2014--6022999,F628:2,structured
347129,,,empty
347136,,,empty
347138,,,empty
347141,,,empty
347142,,,empty
347145,,,empty
347146,,,empty
347152,,,empty
347156,,,empty
347159,,,empty
347161,,,fallback
347199,BE2014-6059308,F1182,fallback
347320,,,fallback
347339,B12-6142198,F1873:1|F610:3|F3063:3|F3191:3|F2650:4|F2408:5|F2462:5,structured
347353,,F1476|F592|F593,fallback
347429,BE13-3056164,,fallback
347558,,,empty
347561,,,empty
347563,,,empty
347566,,,empty
347571,,,empty
347576,,,empty
347578,,,empty
347584,,,empty
347585,,,empty
347637,,,fallback
347746,CHN2013-01-916138,F1628:3|F5819:3|F5886:3|F5968:3|F3040:4|F3181:4|F3225:4|F6935:4|F7168:4|F2782:5,structured
347752,CHN2013-01-1173169,F1628:3|F5819:3|F5886:3|F5968:3|F3040:4|F3181:4|F3225:4|F6935:4|F7168:4|F2782:5,structured
347828,,,fallback
347852,BELG2012-6236113,F1186|F2467|F306|F3163,fallback
347861,,F1723|F3260,fallback
347983,,,empty
347988,,,empty
347992,,,empty
347993,CHN03-17-121496,,fallback
347994,,,empty
347998,,,fallback
347999,,,empty
348004,,,empty
348006,,,empty
348012,,,empty
348021,,,fallback
348042,,,empty
348048,,,empty
348073,,,empty
348095,CHN2008-22-1143889,,empty
348174,,,empty
348185,,,empty
348189,,,empty
348196,,,empty
348207,,,empty
348218,,,empty
348245,B13-6026063,F3099|F317|F3187,fallback
348335,BE2010-3047215,F1647,fallback
348461,,F217|F2916|F742,fallback
348564,B09-3095205,,fallback
348596,CHN2014-04882,,fallback
348653,,F2089,fallback
348676,CHN2014-22-1370761,,fallback
348696,,,empty
348704,,F74,fallback
348706,,F1174,fallback
348711,,,empty
348712,,,fallback
348714,,,fallback
348715,,,fallback
348731,,,empty
348744,CHN2014-22-1206385,,empty
348782,,,fallback
348932,,,fallback
348934,,,fallback
348951,,F2752|F601,fallback
348985,CHN2010-01-797668,,empty
349008,,,fallback
349022,,,empty
349038,,,empty
349071,C14-14-110479,F54|F573,fallback
349100,C14-14-110472,,empty
349104,CHN2010-01-797661,,empty
349172,CHN2011-32-015249,,empty
349183,,,empty
349203,,,fallback
349205,,,fallback
349208,,,fallback
349224,,,fallback
349229,,,fallback
349235,,,fallback
349240,,,fallback
349244,,,fallback
349247,,,fallback
349360,,,empty
349412,,,empty
349414,,,empty
349446,B11-6117416,F144:2|F4495:2|F4498:2,structured
349456,BELG2007-6385719,F3345:2|F3350:2,structured
349483,CHN2012-06-001199,F4250:2|F4263:2|F4276:2|F4279:2,structured
349490,CHN2011-05-483095,F4320:2|F4774:2,structured
349545,NL2007-1445472,,fallback
349567,CHN2010-02-166855,,fallback
349647,,,empty
349671,CHN2011-22-1200808,,empty
349724,,,empty
349725,,,empty
349726,,,empty
349766,,,empty
349902,,F2752,fallback
349913,CHN2011-22-1200829,,empty
349919,,,fallback
34999,,F2403|F2426|F2797|F2878|F3326,fallback
350004,,F3089,fallback
350101,CHN2012-22-559612,,empty
350161,,,fallback
350190,CHN2012-22-559729,,empty
35023,,,empty
35026,,,empty
350353,,F1583|F1612,fallback
350358,,F1647|F3116|F3308|F520,fallback
350402,CHN2014-22-1223964,,empty
350437,CHN2012-01-629974,,fallback
350785,CHN2014-06-107916,,fallback
350987,CHN2014-22-1360862,,empty
351071,CHN13-26-026710,,empty
351094,CHN17-26-0554697,,fallback
351226,,,fallback
351268,NL11-1281488,,fallback
351377,,,empty
351448,,,empty
351472,,,empty
351477,,,empty
351573,,,empty
351592,CHN10-33-098153,F984:1,structured
351639,,,fallback
351691,,F1468|F749,fallback
351885,CHN12-10-227777,F366,fallback
351914,B11-4097053,F2752|F601|F80,fallback
351973,,,fallback
351978,CHN2013-01-912356,,fallback
351990,CHN2011-01-061001,,fallback
351995,TFPF2013-151641,,fallback
352001,TFPF2013-151417,F2410,fallback
352005,BELG2012-2199226,F431,fallback
352039,NL2016-1808758,,fallback
352113,,,fallback
352124,,,empty
352137,,,empty
352148,,,empty
352150,,,empty
352153,,,empty
352181,,,fallback
352205,TFPF2008-149097,F2849,fallback
352219,TFPF2013-151936,F2422|F2425,fallback
352223,CHN2013-01-089554,F800,fallback
352230,UN2010-149704,F2849,fallback
352303,TFPF2013-158905,F2422|F2425,fallback
352343,CHN2013-01-089559,,fallback
352373,,,fallback
352413,B10-6038015,F413:2|F2402:3|F2492:3,structured
352417,B00-6156137,F3202:1|F3164:2|F2402:3|F2492:3,structured
352418,B00-6156138,F3202:1|F3164:2|F2402:3|F2492:3,structured
352506,,F247|F2717|F783|F784,fallback
352551,B11-6240681,F797:1|F962:1,structured
352563,B10-6359178,F1553:1,structured
352571,B11-6240682,F797:1|F962:1,structured
35260,CHN2013-29-016044,,fallback
352604,CHN14-06-167439,F4910:1|F4941:1,structured
352618,CHN14-06-167435,F4911:1|F4940:1,structured
35266,CHN2018-10-0918818,,fallback
35267,CHN2018-10-0918833,,fallback
35270,CHN2019-10-0650914,,empty
352749,,,empty
35275,CHN2015-10-0873841,,fallback
352750,,,fallback
352755,B11-6342299,,empty
352761,B05-6045081,F789:1|F2866:2|F3159:2,structured
352840,CHN14-26-050074,,empty
352845,TFPF2014-198805,,fallback
352848,TFPF2010-259895,F2410,fallback
353027,B04-4277401,F2753,fallback
353085,CHN2011-12-079046,,empty
353094,,,empty
353097,CHN2011-12-079077,,empty
353104,CHN2011-12-079152,,empty
353108,,,empty
353110,CHN2011-12-079203,,empty
353324,CHN13-32-971904,,fallback
353368,,,fallback
353394,CHN13-32-791984,,fallback
353445,,,fallback
353522,,,empty
353525,,,fallback
353527,,,fallback
353530,,,fallback
353532,,,fallback
353534,,,fallback
353537,,,fallback
35354,,,fallback
353540,,,empty
353569,,F2068|F2091,fallback
353606,B09-9077906,,fallback
353616,B08-9044004,,fallback
353620,B08-9114359,,fallback
353622,B07-9023737,F3203,fallback
353648,B08-9114554,,fallback
35376,,,fallback
353765,BELG2007-4332362,F2684|F3128,fallback
353769,BELG2007-4332332,F2684|F3128,fallback
353779,CHN2013-000689,F2577|F3269|F573,fallback
353788,NL14-1186154,,fallback
353795,B08-6065518,F401:2|F2764:2|F2787:2|F2924:2,structured
353796,,,empty
353802,BE06-3008263,F2683,fallback
353804,,,fallback
353812,CHN2012-12-180682,,empty
353824,CHN2012-12-182659,,empty
353825,CHN2012-12-182663,,empty
353828,,,fallback
353830,CHN2012-12-197880,,empty
353837,CHN2012-12-197935,,empty
353848,,,empty
353902,,,empty
353906,,,fallback
353918,,,fallback
353944,,,empty
353954,,,fallback
353958,,,fallback
353960,,F2212,fallback
353961,,F3101,fallback
353968,BE10-4258199,F54,fallback
353973,CHN2014-226764,,fallback
354004,,F224|F2577|F3262|F3269|F54|F573,fallback
354029,,F224|F2577|F3262|F3269|F54|F573,fallback
354033,,F54,fallback
354151,CHN2013-12-276022,,empty
354153,CHN2013-12-276052,,empty
354157,CHN2013-12-371024,,empty
354248,CHN2014-12-187814,,empty
354264,CHN2014-12-187840,,empty
35427,CHN2017-10-0912000,,fallback
354287,CHN2014-12-187842,,empty
354289,CHN2014-12-187843,,empty
354308,CHN2014-12-187865,,empty
35437,,,empty
35438,,,empty
354397,,,empty
354416,,F2688,fallback
354438,,,empty
354441,,,empty
354471,,,fallback
354479,,,fallback
354488,,,fallback
354492,,,fallback
354494,,,fallback
354495,,,fallback
354509,,,fallback
354513,,,fallback
354515,,,fallback
354529,,,fallback
354561,B10-5031759,F3420:2|F3640:2|F3768:2,structured
354771,,,fallback
354780,,,fallback
354783,,,fallback
354786,,,fallback
354787,,,fallback
354794,,,fallback
354806,,,fallback
354810,,,fallback
354816,,,fallback
354824,,,fallback
354958,B13-6309104,F287:2|F435:2|F998:2|F1385:2,structured
354959,B13-6291245,F287:2|F834:2|F994:2|F1382:2,structured
354960,B13-6291242,F287:2|F435:2|F826:2|F827:2,structured
354961,,,empty
354963,B13-6060873,F287:2|F435:2|F1149:2|F1374:2,structured
354964,B13-6291257,F287:2|F834:2|F994:2|F1382:2,structured
354966,B10-6030100,F287:2|F435:2|F826:2|F827:2,structured
354969,,,empty
355075,B2009-3188082,F3116|F520,fallback
355169,,,empty
355302,,,fallback
355462,CHN2012-04-169258,F2577|F3269|F573|F910,fallback
355486,,,empty
355568,CHN2013-04-000078,,fallback
355623,CHN14-09-166811,,fallback
355632,CHN14-09-166802,,empty
355637,CHN14-09-166817,,fallback
355641,CHN14-09-166815,,empty
355643,CHN14-09-166810,,fallback
355644,CHN14-09-166816,,fallback
355646,,,empty
355652,,,empty
355658,CHN13-09-103339,,empty
355660,CHN14-09-432109,,empty
355698,CHN2013-29-303331,,empty
355704,CHN2013-29-303333,,empty
355706,CHN2013-29-303337,,empty
355728,CHN2013-29-303338,,empty
355736,CHN2013-29-303330,,empty
35574,,,fallback
355742,CHN2014-29-087771,,empty
35575,,F1633|F3009,fallback
355752,CHN2014-29-087772,,empty
355756,CHN2014-29-087777,,empty
355761,CHN2014-29-087778,,empty
355765,CHN2013-09-303339,,empty
355767,CHN2014-29-015551,,empty
355768,CHN2013-29-109618,,empty
355770,CHN2013-29-109619,,empty
355771,CHN12-09-385291,,empty
355817,,,empty
355887,B06-3004383,F2911|F349,fallback
355889,B06-3131096,F1087,fallback
355893,B08-3172944,F1076:1|F1087:1,structured
355894,B09-3128011,F1087:1,structured
355907,B05-3192693,F37:1|F41:1,structured
355909,B09-3127950,F37:2|F41:2|F3005:2|F3115:2,structured
355911,B08-3172857,F37:2|F41:2|F3005:2|F3115:2,structured
355912,B11-3008050,,fallback
355914,B11-3173559,F1077:2,structured
355926,CHN2014-03-376558,F3356,fallback
355943,CHN2014-03-378222,F3356,fallback
355951,CHN2013-03-687595,F3356,fallback
356032,,,fallback
356034,,,empty
356144,,,fallback
356177,,,empty
356179,,,empty
356185,,,empty
35619,,,empty
356233,,,fallback
356242,,,empty
356244,,,empty
356252,,,empty
356258,,,empty
35626,,,fallback
356288,NL13-1524737,F6349:1,structured
356309,T2006-632115,F4540:1|F4541:1,structured
356372,B2008-6144340,F317,fallback
35645,NL03-5301441,F342:1|F2470:1,structured
356468,,,empty
356494,,,empty
356570,CHN09-10-604541,,empty
356616,,F1671,fallback
356677,B2013-6215682,,fallback
356681,,F1672,fallback
356711,CHN2013-15-091374,F150:2|F474:2|F4476:2|F4479:2,structured
35680,NL06-1078569,F341,fallback
356855,,,empty
356857,DV01298-06-291,F252:2|F5229:2|F5230:2|F5514:2,structured
35689,B07-2185202,F57:2|F2754:2|F3013:2|F3267:2,structured
356909,B07-2000708,F2404:2|F2424:2|F2443:2|F5233:2,structured
356911,B07-2000705,F2443:2|F5043:2|F5232:2,structured
356912,B08-2232723,F2404:2|F2442:2|F2443:2|F5234:2,structured
356914,B08-2232726,F2443:2|F5043:2|F2404:3|F2442:3|F5234:3,structured
356995,,,empty
35703,B07-2185227,F2754:2|F2756:2|F2827:2|F3013:2,structured
357104,,,fallback
357106,,,fallback
357107,,,fallback
357116,B13-4176459,F1614|F2577|F3271|F56|F568,fallback
357302,,,empty
357307,,,empty
357314,,,empty
357323,,,empty
357334,,,empty
357364,,,fallback
357373,B05-6038597,,fallback
357375,B05-6038594,,fallback
357392,,,fallback
357493,CHN2013-02-399699,,empty
357512,,,fallback
35754,,,empty
357579,B13-4176484,F1614|F2577|F3271|F56|F568,fallback
357629,,,empty
357736,CHN01-03-024825,,empty
357783,B14-2216170,F1405|F576,fallback
357785,B14-2216377,,fallback
357786,,F2483|F2666,fallback
357793,,,empty
357801,,,empty
357841,BELG2009-50617,F591:2|F2690:3|F2694:3|F3078:3|F3150:3,structured
357843,B13-4176458,F1614|F2577|F3271|F56|F568,fallback
357845,B11-4097073,F1614|F2577|F3271|F56|F568,fallback
357923,CHN12-32-093381,,empty
357992,CHN12-10-227773,F366,fallback
358069,BE14-3067201,,fallback
358080,,F574,fallback
358081,,,fallback
358085,BELG2008-2197553,,fallback
358091,BELG2008-2197680,F1234|F2684|F3128|F3267|F57,fallback
358103,BELG2008-2197680,F1234|F2684|F3128|F3267|F57,fallback
358114,BELG2007-2135215,F3473:2|F3474:2|F3504:2|F3563:2,structured
358124,BELG2007-2135324,,fallback
358133,BELG2009-2230726,F171:1,structured
358146,,,fallback
358148,BELG2004-4433026,,fallback
35823,B03-1466201,,fallback
35824,B05-4085398,,fallback
358284,,,fallback
358311,,,fallback
358329,,F81,fallback
358394,,,empty
358399,,,empty
358419,,F81,fallback
358540,CHN14-12-233824,,empty
358543,CHN2014-12-233837,,fallback
358547,CHN2014-12-100194,,fallback
358549,CHN2014-30-102694,,fallback
35857,B01-6519937,,fallback
35858,B00-6549638,,fallback
35859,CELE04-2044,,fallback
358603,,,empty
358604,,,empty
358613,,F2629|F3025|F3026,fallback
358626,,F515|F699,fallback
358632,CHN11-11-256210,,empty
358653,,,empty
358681,,,fallback
358824,CHN2014-01-011152,,fallback
358831,,,empty
358838,B08-6371229,F2941:2|F2944:2|F117:3|F118:3|F2876:3|F5420:3,structured
358845,B04-4277484,F2577|F2753|F3010,fallback
358851,CHN08-109001,,fallback
358856,CHN08-109020,,fallback
358873,,,empty
35889,,,fallback
358920,B12-6306424,F1186|F1655|F306,fallback
358944,,,fallback
358948,CHN07-300160,,fallback
358957,CHN10-080188,,fallback
358966,CHN08-109080,,fallback
358981,NL14-1050902,,fallback
358982,,,fallback
358988,CHN08-084889,,fallback
359047,,,fallback
359061,,,fallback
359118,,,fallback
359122,B06-6267438,F109|F2413|F2547|F2640|F2856|F640,fallback
359152,,,fallback
359154,,,fallback
359164,CHN2012-04-169501,F2577|F3269|F573,fallback
359191,,,fallback
359214,B14-6085222,F1033|F991|F993,fallback
359217,CHN2011-03-1000030,,fallback
359277,,,fallback
359279,,,fallback
359326,,,fallback
359353,B11-3008433,F1304:2|F1622:2,structured
359355,B11-3008434,F1304:2|F1622:2,structured
359390,,,empty
359394,,,fallback
359411,CHN08-097747,,fallback
359421,CHN10-080005,,fallback
359445,CHN2012-12-176415,,empty
359451,,F2143|F2252|F2508,fallback
359462,,,fallback
359474,,,empty
359479,,,empty
359481,,,empty
35968,CELE04-2223,,fallback
359737,NL11-5016114,,fallback
359751,NL02-2259459,F244:1|F5521:1,structured
359759,NL11-1782104,,fallback
359823,BELG2005-2004954,,fallback
359869,CHN2005-235785,,empty
360041,,,fallback
360045,,,fallback
360047,CHN11-06-091881,,empty
360054,CHN08-109019,,fallback
360057,,,fallback
36008,,,fallback
360082,CHN12-10-016460,F2455,fallback
360083,CHN2012-06-300063,,empty
360112,,,fallback
360140,,F1671,fallback
360464,CHN14-32-176808,,empty
36047,,,fallback
360491,,,fallback
360530,CHN14-32-176847,,fallback
360542,NL2014-1604177,,fallback
360620,CHN13-10-204044,F6759:1|F5543:2,structured
360644,CHN12-10-016442,F2455,fallback
360858,,,fallback
360880,CHN2013-01-012554,,fallback
360884,CHN2014-01-012459,,fallback
360958,NL09-1435827,F6848:2|F7070:2,structured
360977,BELG2012-2157434,F653:2|F702:2|F703:2|F3213:2,structured
360982,BELG2012-2168689,F653:2|F702:2|F703:2|F3213:2,structured
360986,BELG2012-2168690,F653:2|F702:2|F703:2|F3213:2,structured
360995,BELG2008-6369078,,fallback
361076,BELG2012-4128558,F378:2|F569:2|F939:2|F1277:2,structured
361077,BELG2012-4128655,F378:2|F569:2|F939:2|F1277:2,structured
361078,BELG2012-5034417,F540:2|F3079:2|F3116:2|F6189:2,structured
361091,BELG2012-5034553,F3079:2|F3116:2|F5802:2|F4491:3|F4492:3,structured
361094,BELG2012-5034643,F1740:2|F1742:2|F3079:2|F3116:2,structured
361096,BELG2011-6023005,F155:2|F241:2|F301:2|F799:2,structured
361110,BELG2010-6357882,,fallback
361131,,,empty
361152,NL14-1390754,,fallback
361154,,,empty
361254,,,fallback
361257,,,fallback
361259,,,empty
361263,,,fallback
361266,,,fallback
361269,,,fallback
36127,,,fallback
361270,,,empty
361274,,,fallback
361277,,,fallback
361278,,,empty
361280,,,empty
361298,,F456,fallback
361315,,,fallback
361318,,,empty
361320,,,fallback
361377,,,fallback
361401,,,empty
361489,CHN06-11-085999,,empty
361535,,,empty
361696,NL11-1764251,F6518:2|F6548:2|F6550:2|F6625:2,structured
361729,NL08-1739958,,fallback
361875,CHN2000-03-206279,,fallback
361900,B03-6192530,F2854:2|F3043:2,structured
361982,B03-3130403,F3000,fallback
362015,B03-3130401,F2470:2|F2486:2|F2501:2|F2619:2,structured
362066,,,empty
362122,CHN10-03-333396,,fallback
362131,B14-3114550,F1708:1|F1981:1,structured
362135,B14-3114568,F1245:1|F1433:1,structured
36215,NL99-1209703,,fallback
362155,CHN09-03-000021,,fallback
362159,CHN2009-03-055595,,fallback
362168,CHN2011-22-1333336,,fallback
362171,CHN13-03-1191766,,empty
362173,CHN13-03-1191765,,empty
362272,CHN09-03-000054,,fallback
362274,CHN09-03-033321,,fallback
362278,CHN2011-01-575803,,fallback
362334,B10-5020489,F3026,fallback
362436,NL03-1141017,F4036:2|F6779:2|F6795:2|F6882:2,structured
362438,BELG2005-5059380,F3266:1|F3078:2|F3150:2,structured
362442,,,fallback
362450,B05-6448009,F2058:2|F2467:2|F2402:3|F2492:3|F2546:3|F2903:3,structured
362455,BELG2014-4215826,,fallback
362459,,,empty
362464,,F1581|F2680|F2812,fallback
362504,,,fallback
362558,B09-6111744,F1136:1|F133:2|F3170:2,structured
362750,CHN2011-01-316888,,fallback
362788,B04-6293151,F139:1|F2819:1,structured
362816,,F3027,fallback
362835,CHN03-03-300005,,fallback
363004,,,fallback
363049,,,fallback
363056,,,fallback
363082,,,empty
363083,,,empty
363094,NL13-1506217,F1558:2|F1679:2|F5591:2|F5699:2,structured
363100,,,fallback
363102,,,fallback
363143,B09-6326213,,fallback
363190,NL09-1709989,F5762:2|F5786:2|F6986:2|F7144:2,structured
363204,NL12-1389526,F1210:2|F1685:2|F5825:2|F6314:2,structured
363254,,,fallback
363281,C14-01-951902,F1078:3|F1421:3|F2609:3|F2718:3|F2733:3|F3052:3|F36:4|F951:4|F3001:4,structured
363283,C14-01-1147243,F899:2|F1577:2|F36:4|F951:4|F3001:4,structured
363287,C14-01-1147254,F1820:2|F1910:2|F3005:3|F3115:3|F36:4|F951:4|F3001:4,structured
363292,,F1581|F2680|F2812,fallback
363298,B11-3008025,F1715:1,structured
363303,B13-3031551,F1077:2,structured
363305,B13-3031554,F1076:1|F1087:1,structured
363310,B13-3031559,F1591,fallback
363312,B13-3031564,F370:2|F733:2|F1243:2|F1593:2,structured
363316,B13-3031568,F1243|F370,fallback
363318,B13-3031569,,fallback
363325,B13-3031584,,fallback
363327,B13-3031585,,fallback
363336,B14-6049829,F1154:2|F1755:2|F112:3|F113:3|F453:3|F3165:3,structured
363387,BE05-4130434,F2530:2,structured
363442,B2012-3162838,,fallback
363443,B12-6236136,F110|F985|F988,fallback
363454,,,empty
363519,B02-6091479,F2904:1,structured
363686,CHN11-10-100155,F6759:1|F5543:2,structured
363817,,,fallback
363818,,,empty
363885,CHN06-26-158630,,empty
363900,CHN2008-03-328792,,fallback
363901,TFPF2002-508114,,empty
363918,,,fallback
363919,,,fallback
363923,,,fallback
363925,B04-6276660,,fallback
363939,CHN2013-03-399285,,empty
363944,CHN2014-03-669224,,fallback
363957,CHN2014-03-669242,,fallback
364039,CHN2011-03-986606,,fallback
364053,CHN2013-03-399022,,fallback
364054,CHN2014-03-669388,,fallback
364056,CHN2014-03-669076,,fallback
364060,CHN2011-03-986667,,fallback
364063,CHN2013-03-399113,,empty
364065,,F1077,fallback
364067,,,empty
364077,CHN2014-03-669325,,fallback
36410,,,fallback
364113,CHN2014-03-669326,,fallback
36415,,F2390|F2464,fallback
364160,CHN2010-03-828644,,fallback
364164,CHN2014-03-669193,,empty
364166,CHN12-26-061056,,fallback
364176,CHN2006-07-146869,,empty
364178,CHN2011-07-062542,,empty
364183,CHN2013-03-6037326,,fallback
364196,CHN2010-03-879945,,fallback
364198,CHN2011-03-987144,,fallback
36420,,,fallback
364204,CHN2012-03-1067371,,fallback
364206,CHN2012-03-1067027,,fallback
364207,CHN2012-03-1067268,,fallback
364209,CHN2012-03-1067069,,fallback
36421,,F2528|F2570,fallback
364211,CHN2014-03-669276,,fallback
364242,CHN2014-03-669099,,fallback
364243,CHN2013-05-322016,,fallback
364283,CHN2012-07-112110,,empty
364312,B2011-6265388,,fallback
364338,B2012-6306336,,fallback
364347,B2012-6306340,,fallback
364350,B2012-6306353,F2140|F2192,fallback
364356,B2012-6306303,,fallback
364358,BELG11-3171865,,fallback
364409,B2012-6235301,,fallback
36445,B02-6243479,F2657,fallback
364466,CHN2011-03-777701,,fallback
364486,B2012-6235304,,fallback
364489,B2012-6235099,,fallback
364494,CHN2013-03-1513357,,empty
36451,BO4-6458857,F513,fallback
364555,,,fallback
364556,BELG2013-6075761,F1213|F1321,fallback
36459,B05-6221436,F2461|F265,fallback
36461,NL98-1821928,,empty
364618,CHN12-10-016457,,empty
364694,CHN2012-03-1067246,,fallback
364703,CHN2012-03-1067203,,fallback
364708,CHN2014-03-669386,,fallback
364709,CHN2014-03-669387,,fallback
364711,CHN2014-03-466375,,fallback
364712,CHN2014-03-669175,,fallback
364714,CHN2014-03-669176,,fallback
364715,CHN2014-03-669337,,fallback
364717,CHN2012-03-1067377,,fallback
364736,CHN2009-03-318412,,fallback
364740,CHN2014-03-669011,,fallback
364741,CHN2014-03-669012,,fallback
364793,,,fallback
364837,,,fallback
365042,CHN2014-03-669380,,fallback
365045,CHN2014-03-669250,,fallback
365046,CHN2013-03-399029,,fallback
365057,CHN2014-03-669090,,fallback
365058,CHN2014-03-669197,,fallback
365061,CHN2013-03-399262,,fallback
365062,CHN2013-03-399250,,fallback
365063,CHN2014-03-669092,,fallback
365073,CHN2014-03-669100,,fallback
365078,CHN2014-03-669298,,fallback
365079,CHN2014-03-466371,,fallback
365080,CHN2014-03-669271,,fallback
365086,,,fallback
365153,NL2005-1944708,,fallback
365154,CHN2014-03-669324,,fallback
365309,CHN12-10-130316,F6759:1|F5543:2,structured
365319,,,fallback
365320,,,fallback
365331,,,fallback
365367,WN2010-10234,F6924:2|F6943:2|F7010:2|F7118:2,structured
365456,CHN2011-02-010026,,fallback
365501,CHN2011-01-931685,,empty
365539,CHN2014-03-850785,,fallback
365546,CHN2014-03-850553,,fallback
365547,CHN2014-03-850860,,fallback
365555,CHN2013-03-070557,,fallback
365594,NL2010-1070565,,fallback
365605,B11-6219351,,fallback
365610,B09-6233637,F2858|F467,fallback
365616,B10-6246186,,fallback
365660,,,empty
365662,,,empty
365664,,,empty
365665,,,empty
365666,B08-6385205,,fallback
365669,,,empty
365671,,,empty
365678,CHN2011-03-986676,,empty
365680,CHN2011-01-105953,,empty
365681,B09-6111628,F459:2,structured
365682,CHN2009-12-032638,,fallback
365692,CHN2009-15-010023,,empty
365742,,,empty
36577,CHN04-02-418166,,empty
365789,BEL13-6070739,F3773:1|F3455:2|F3586:2,structured
365827,,,fallback
365873,B09-6221045,F119|F120|F2538,fallback
365913,NL05-2209943,F6783:2|F6822:2|F7004:2|F7005:2,structured
365926,B03-4025040,F2503:2|F2832:2|F3133:2|F3268:2,structured
365950,NL2010-1681744,F6491:2|F6553:2|F6578:2|F6601:2,structured
365956,,F3116|F520,fallback
365981,,F2951|F3055,fallback
365983,B11-2055851,,fallback
366004,NL2014-1605823,F1760|F99,fallback
366006,BE14-4215761,,fallback
366057,NL2008-1685516,F6617:1,structured
366059,B2008-6144548,F1390:1|F2206:1,structured
366063,NL2006-1822219,F7166:2,structured
366067,B14-2216414,F512:2|F761:2|F2410:3|F2604:3,structured
366081,B14-2216343,F773:2|F1811:2|F864:3|F3209:3,structured
366093,,,empty
36617,NL04-2183479,,fallback
366207,,,fallback
366208,,,empty
366215,CHN2102-26-175129,,empty
366228,,,empty
366284,NL07-1730972,,fallback
36643,,,fallback
366441,CHN2012-03-1067316,,fallback
366442,CHN2013-03-399118,,fallback
366443,CHN2012-03-1067392,,fallback
36649,,F669,fallback
366497,BELG2011-3175270,F4304:2|F4321:2|F4356:2|F4429:2,structured
366498,BELG2012-3032547,F4304:2|F4321:2|F4356:2|F4429:2,structured
36653,,,fallback
366532,B13-3031647,F349:2|F2911:2,structured
366533,B13-3031667,F1076:1|F1087:1,structured
366536,B13-3031971,F1077:2,structured
366537,B13-3031993,F36:4|F951:4|F3001:4,structured
36657,,,fallback
366714,BELG2011-3175261,,fallback
366847,B2009-3188079,F3116,fallback
366876,CHN12-10-016455,F2455,fallback
366888,CHN2007-15-060488,,empty
36697,,,fallback
36698,,,empty
366999,B08-6192268,,fallback
367057,BELG2003-3220038,F2905|F2999,fallback
367058,CHN2017-03-0077178,F2097:3|F2125:3|F3091:3|F6556:3,structured
367060,DV06720-07-892,,fallback
367087,CHN2013-03-399178,,fallback
367115,NL13-1121514,F5627:2|F5909:2|F5910:2|F5911:2,structured
367116,NL08-1368169,F5451:2|F5457:2|F6776:2|F6803:2,structured
367142,CHN2017-03-0077006,F6653:2|F6698:2,structured
367162,NL2016-1526316,F6577:2|F6580:2|F6610:2|F6646:2,structured
367221,NL07-3732889,F6929:2|F6868:3|F7270:3,structured
367223,CHN2017-03-0077617,F4743:3|F4746:3|F4776:3|F4787:3|F4906:3|F7284:3,structured
367224,CHN08-03-625227,,fallback
367229,CHN2018-03-0222999,F2097:3|F2125:3|F2165:3|F2215:3|F3091:3|F4787:3|F4800:3|F6556:3,structured
367236,,,empty
367255,,,fallback
367260,,,fallback
367272,CHN2015-03-0886640,F6505:3|F6555:3|F6561:3|F6569:3,structured
367359,B2009-6269218,,fallback
367364,B2010-6038389,F110,fallback
367366,B11-6297696,F797|F962,fallback
367370,B12-6236332,,fallback
367371,B13-6080840,,fallback
367378,CHN2016-03-0900878,F2251:3|F3458:3|F4112:3|F4117:3|F6505:4|F6555:4|F6561:4|F6569:4,structured
367382,CHN2018-03-0222912,F4743:3|F4746:3|F4776:3|F4787:3|F4906:3|F7284:3,structured
367383,CHN2015-03-0887725,F2246:2|F6674:2|F6531:3|F6542:4|F6605:4,structured
367412,CHN2017-03-0077070,F4797:2|F4798:2|F6551:4|F6600:4|F6645:4|F6648:4|F2097:5|F2125:5|F3091:5|F6489:5|F6498:5|F6510:5|F6542:5|F6556:5,structured
367478,NL2010-1681719,F6566:1|F6549:2,structured
367488,CHN2018-03-0222144,F5:1|F6504:3|F6515:3|F6527:3|F6606:3,structured
367503,B12-3168986,F3204:2|F3205:2,structured
367586,CHN2014-03-669127,,empty
367636,,,empty
367643,CHN2013-03-688857,,empty
367665,CHN2014-03-669213,,fallback
367687,CHN2014-03-669192,,fallback
367706,CHN2013-03-399278,,empty
367727,CHN2014-03-851092,,fallback
367831,B06-3150959,,fallback
367832,CHN11-02-010592,,fallback
367836,B2008-6340421,F543:2|F2179:2|F2281:2|F3040:2,structured
367837,CHN2016-03-0900800,F4906:2|F7284:2,structured
367839,CHN2018-03-0222015,F6566:2|F6491:3|F6549:3|F6553:3|F6578:3|F6601:3,structured
367988,B13-2053146,,fallback
367990,B13-2053081,,fallback
368002,CHN2012-08-060009,F2057:1|F2083:1,structured
368005,CHN2012-08-079999,F2057:1|F2083:1,structured
368070,,,fallback
368211,CHN2013-07-095019,F2390,fallback
368212,B2013-3160831,,fallback
368266,NL10-1818457,F5714:2|F5901:2|F6018:2|F6176:2,structured
368268,NL09-3929041,F5830:2|F5930:2|F6815:2|F7177:2,structured
368270,NL2007-1214010,,fallback
368274,NL2010-1082935,,fallback
368275,NL10-1864827,,fallback
368277,NL10-1864766,,fallback
368294,NL10-1864753,,fallback
368341,,F2407|F2413|F2467|F2545|F2546|F2659|F2735|F3164|F3202,fallback
368342,,,empty
368368,,F2407|F2467|F640,fallback
368381,B04-3230938,F3116,fallback
368385,B06-6346193,F2651:2|F2785:2,structured
368409,,,empty
368439,,,empty
368460,,,empty
368586,B09-6040524,F609|F962,fallback
368658,,,empty
368659,,,empty
368660,,,empty
368661,,,empty
368664,,,empty
368665,,,empty
368672,CHN2011-01-500891,F2246:2|F6489:3|F6498:3|F6510:3|F6542:3,structured
368673,CHN2010-32-962998,F4745:2|F6544:2|F6569:2|F6561:3,structured
368689,NL2013-1239733,F6549:2|F6566:2|F6650:2|F6496:3,structured
368691,B2017-6147689,F2099:2|F2216:2|F2266:2|F2371:2,structured
368702,CHN2017-03-0077231,F6699:2|F6520:3|F6580:3|F6602:3|F6610:3|F6542:4|F6574:4|F6600:4|F6605:4,structured
368706,CHN2014-03-861866,F3501:2|F3610:2|F4112:2|F4117:2,structured
368708,CHN2018-03-0222892,F4906:2|F7284:2|F2165:3|F2215:3|F4787:3|F4800:3,structured
368712,CHN2018-03-0222193,F6752:2|F6754:2|F6511:3|F6601:3|F6605:3,structured
368727,CHN2018-03-0222011,F6521:3|F6522:3|F6553:3|F6574:3|F6600:3|F6491:4|F6542:4|F6605:4,structured
368730,CHN2018-03-0222901,F2165:4|F2215:4|F2240:4|F2309:4|F4745:4|F4787:4|F4800:4|F6544:4|F6569:4|F6597:4|F2097:5|F2125:5|F3091:5|F6489:5|F6498:5|F6510:5|F6542:5|F6556:5|F6561:5,structured
368736,CHN2016-03-0900625,F4787:2|F4800:2|F2097:4|F2125:4|F3091:4|F6489:4|F6498:4|F6510:4|F6542:4|F6556:4,structured
368764,CHN2018-03-0222108,F6674:3|F6500:4|F6531:4|F6551:4|F6552:4|F6600:4|F6645:4|F6648:4|F6489:5|F6498:5|F6510:5|F6542:5|F6605:5,structured
368776,CHN2016-03-0900632,F2215:3|F2240:3|F2309:3|F4745:3|F6544:3|F6569:3|F6597:3|F6561:4,structured
368824,CHN2014-03-861912,F2251:2|F3458:2|F4112:2|F4117:2,structured
368825,CHN2014-03-861920,F2251:2|F3458:2|F4112:2|F4117:2,structured
368829,CHN2015-03-0886622,F2097:3|F2125:3|F3091:3|F6489:3|F6498:3|F6510:3|F6542:3|F6556:3,structured
368830,CHN2018-03-0222902,F2165:4|F2215:4|F2240:4|F2309:4|F4745:4|F4787:4|F4800:4|F6544:4|F6569:4|F6597:4|F2097:5|F2125:5|F3091:5|F6489:5|F6498:5|F6510:5|F6542:5|F6556:5|F6561:5,structured
368831,CHN2017-03-0077232,F6699:2|F6520:3|F6580:3|F6602:3|F6610:3|F6542:4|F6574:4|F6600:4|F6605:4,structured
368834,CHN2018-03-0222071,F6752:2|F6754:2|F6511:3|F6601:3|F6605:3,structured
368841,CHN2018-03-0222127,F6531:3|F6542:3|F6600:3|F6605:3,structured
369237,,,fallback
369546,BELG2010-6126281,F1529|F3170,fallback
369548,BE14-6100752,,fallback
369673,CHN2018-03-0222194,F6752:2|F6754:2|F6511:3|F6601:3|F6605:3,structured
369678,,F2542|F3212,fallback
369723,NL11-1566814,,fallback
369726,NL03-2327602,F2946:2|F6797:2|F6801:2|F6862:2,structured
369727,NL06-0715662,F6868:2|F7270:2,structured
369728,NL05-0532099,F5604:1|F2881:2|F6929:2,structured
369730,NL03-0346081,,fallback
369731,NL06-0730964,,fallback
369798,,F719,fallback
369814,B2005-2270576,,fallback
369818,,,fallback
369827,HK2010-4686,F1067:1,structured
370000,B05-6085517,,fallback
370118,,,fallback
370136,CHN2009-03-001532,,fallback
370144,BELG2011-3073298,,fallback
370147,BELG2011-3123473,,fallback
370313,CHN14-03-024475,,fallback
370486,,,fallback
370491,CHN08-03-333888,,fallback
370615,,F2246,fallback
370616,,F2246,fallback
37062,,,empty
370712,CHN2004-03-251081,,fallback
370738,NL04-5424101,,fallback
370790,,,fallback
370898,B12-3169047,F900:2|F1402:2|F1447:2,structured
370904,B13-3031552,F1077:2,structured
370913,B13-3031570,F3005:3|F3115:3,structured
370914,B13-3031571,F1820:1|F1910:1,structured
370915,B13-3031573,F1601:1|F1911:1,structured
370920,B13-3031580,F1444:2|F1445:2|F5571:3|F5782:3|F2470:4|F2486:4|F2501:4|F2619:4,structured
370926,,,fallback
370929,B13-3031736,F1911:1|F1267:2|F1268:2,structured
370931,,,fallback
370932,B13-3031928,F349:2|F2911:2,structured
370996,,,fallback
370998,,,fallback
371088,,,fallback
37110,B06-6270305,F299,fallback
371103,,,fallback
371122,CHN08-06-302001,,fallback
371177,,F1706|F1969|F723,fallback
371331,,F2400|F2508|F2521|F2712|F3087,fallback
371371,NL14-1040324,F3922:1|F6194:1,structured
371379,NL14-1040412,F3922:1|F6258:1,structured
371406,,,fallback
371484,NL2001-1098955,,fallback
371485,NL2001-5120346,F2946:2|F6862:2|F6798:3|F6863:3|F7034:3,structured
371488,B05-6052286,F2408:2|F2462:2|F2602:2|F2973:2,structured
37150,B07-6399012,,fallback
371518,,,empty
371521,,F2717|F783,fallback
371536,CHN2012-03-990846,,fallback
371541,CHN2012-03-990844,,fallback
371589,,F635,fallback
371609,CHN10-02-422324,,fallback
371610,CHN2019-29-0066611,,empty
371665,DV09581-14-392,F114|F2701|F3040,fallback
371666,DV09581-14-388,F3040|F3041,fallback
37173,,,fallback
371769,,,empty
372089,CHN2013-05-058682,,fallback
372099,CHN2014-03-669016,,fallback
372245,CHN2014-09-468094,F4852:1|F4873:1,structured
372285,B12-3050176,F1826:1|F1591:2,structured
372290,B13-3031566,F1826:1|F1591:2,structured
372345,,,empty
372348,,,fallback
372353,B2010-3182890,F2399:3|F2469:3|F2527:3|F2570:3,structured
372366,,,fallback
372371,B08-2232709,,fallback
372381,BELG2012-6171832,,fallback
372404,,,fallback
372405,CHN2014-03-669234,,empty
372408,,,fallback
372413,CHN2011-15-057527,F4475:2|F4478:2,structured
372500,CHN2008-09-013166,,empty
372509,B09-4269202,F1583,fallback
372519,B10-4210129,F211:2|F2682:2,structured
372522,B09-4269219,F1583,fallback
372524,B09-4269220,F1583,fallback
372525,B09-4269264,,fallback
372536,,,fallback
372569,CHN14-03-1003202,F633,fallback
372751,B09-6110506,F146:2|F828:2|F3069:2|F3183:2,structured
372755,,F2701|F3040|F3041,fallback
372778,CHN2002-15-082300,F5350:1|F6869:2,structured
372779,CHN2002-15-082300,F5350:1|F6869:2,structured
372815,CHN2012-15-082582,F4835:1|F5349:2,structured
37291,B04-4384602,F2829,fallback
37300,,,fallback
373163,CHN2013-03-687609,F3356,fallback
373210,,F2752|F601,fallback
373211,,F2455|F593,fallback
373214,,F2455|F593,fallback
373247,CHN2002-03-238004,F2506|F2532|F2582,fallback
373264,,,fallback
373267,,,fallback
373268,,,fallback
373275,CHN2012-07-101843,,empty
37328,,,empty
37329,,,fallback
373319,B13-2053469,,fallback
37335,,,empty
373354,CHN07-03-598116,F200:1|F2455:2|F2526:2,structured
373361,B08-5064738,F74:1|F1302:1,structured
373365,B14-2216436,,fallback
373367,B14-2216435,,fallback
373372,B11-6174414,F446:2|F479:2|F1343:2,structured
373373,B10-6234909,F446:2|F468:2|F608:2|F1024:2,structured
373534,,,fallback
373579,,,fallback
373596,BE13-6179989,F1631:1,structured
373706,CHN2006-02-290509,,empty
373724,,,empty
373725,,,empty
373822,,F2593|F2859,fallback
373828,B12-2197243,F1237:1,structured
373908,,F2521|F2592,fallback
373960,NL04-2248596,F2587:2|F2981:2|F7168:2|F7260:2,structured
374037,,,fallback
374038,,,fallback
374039,,,fallback
374041,,,empty
374042,,,fallback
37409,,,empty
374148,BELG2004-6073661,F2866|F3159,fallback
374220,NL03-1076586,,fallback
374275,B2011-3172614,F26|F2814|F3116|F3251,fallback
374277,,,empty
374326,B06-2084234,F16:2|F327:2|F2611:2|F2805:2,structured
37440,,F710,fallback
374424,B2002-6355891,,fallback
374517,T03-2076,F2849,fallback
374595,B10-6031957,,fallback
374601,,F144|F3170,fallback
374609,B13-6080924,F110|F1753|F2407|F2413|F2467|F2545|F2546|F2659|F640,fallback
374610,,F3202|F3307,fallback
374645,B10-6031972,,fallback
374918,CHN12-03-901074,,empty
374930,,F2701|F3040|F3041,fallback
375027,B04-6430835,F132,fallback
375039,,F2389|F2407,fallback
37505,BE2012-4186041,,fallback
375092,,,fallback
375221,B12-6315114,,fallback
375234,,F2413,fallback
375239,BELG13-6080619,F2395|F2410|F2413|F2456|F2467|F2544|F2545|F2546|F2547|F2640|F2705,fallback
375271,,F3200,fallback
375283,,,fallback
375284,,,empty
375288,,,fallback
375475,B12-3127592,F3204:2|F3205:2,structured
37548,,,fallback
375497,CHN2007-10-367919,F4761:1|F4744:2|F4752:2,structured
375964,B11-4008932,,fallback
376103,B13-2022243,,fallback
376105,B13-2184309,F1235,fallback
376107,,F799,fallback
376110,,F799,fallback
376128,B14-6058696,F1671|F1672,fallback
376129,B2014-6058697,F1671|F1672,fallback
376184,B14-3150690,,fallback
376223,BELG2012-4159122,,fallback
376226,,F114|F2586|F3040,fallback
376356,,F182,fallback
376360,B13-3159793,F3116|F338,fallback
376529,,,fallback
376542,B14-3113746,F3116|F338|F906,fallback
376543,CHN2013-29-303332,,empty
376580,B08-6383006,F617,fallback
376696,,,fallback
376698,,,fallback
376702,,F2170,fallback
376704,,,fallback
376706,,,fallback
376707,,,fallback
376708,,,empty
376709,,,fallback
376710,,,fallback
376712,,,fallback
376715,,,empty
376716,,,empty
376718,,,empty
376719,,,empty
376722,,,empty
376729,CHN2007-02-000671,,fallback
376794,BE2012-6306365,F2407|F2413|F2467|F2545|F2546|F2659|F3202,fallback
37690,C06-10-357989,F4509:1|F4542:1,structured
376903,,,empty
37691,,,fallback
376910,,,fallback
37694,,,empty
377068,NL10-1271445,,fallback
377084,BELG2010-2155132,F983:1|F4490:1,structured
377225,CHN2014-15-014241,,empty
377228,CHN2014-15-014228,,fallback
377248,,,empty
377278,B06-6370591,F119|F2403|F2426|F2723,fallback
37731,,,fallback
377342,B08-6231894,F459:2,structured
377343,B09-6242996,,fallback
377344,B08-6231897,F133|F3170|F433,fallback
377356,CHN2012-03-964180,F5281:1|F5323:1,structured
377358,CHN13-03-551314,F4235:1|F4247:1,structured
37740,,,fallback
377401,B09-2130471,F2404:2|F5234:2|F2442:3|F2443:3|F5232:3,structured
377402,CHN08-15-055693,,fallback
377404,B06-5090333,F1618|F2752|F601|F80,fallback
377410,DV09581-13-1279,F5144:2|F5214:2,structured
377419,DV2011-0516-2565,F2586:2|F2701:2|F258:3|F2421:3|F5107:3,structured
377480,NL10-2055381,,fallback
377539,CHN08-15-055717,F3169|F3199,fallback
377540,CHN12-15-097017,F2098,fallback
377700,CHN2010-32-750962,,fallback
377706,B09-6111595,F617:2|F635:2,structured
377730,CHN13-15-122568,F635,fallback
377754,CHN12-03-964171,F5281:1|F5323:1,structured
37777,NL05-0547397,F5791:1,structured
37781,NL01-0135527,F6975:1|F7274:1,structured
378067,,F3137|F3274|F593,fallback
37807,NL08-1660051,,fallback
378090,,,empty
378178,,F2782|F3040,fallback
378341,B14-2335639,F1474|F1476,fallback
378369,,F260|F628,fallback
378370,,,empty
378371,,,fallback
378627,CHN2017-03-0077603,F2165:3|F2215:3|F4787:3|F4800:3|F2097:4|F2125:4|F3091:4|F6489:4|F6498:4|F6510:4|F6542:4|F6556:4,structured
378642,CHN2016-03-0900666,F2165:3|F2215:3|F4787:3|F4800:3|F2097:4|F2125:4|F3091:4|F6489:4|F6498:4|F6510:4|F6542:4|F6556:4,structured
378648,CHN2018-03-0222065,F6531:3|F6542:3|F6600:3|F6605:3,structured
378650,,,fallback
378664,,,fallback
378708,CHN2013-15-030797,,empty
378709,CHN2012-15-067927,,empty
378712,CHN2013-15-030800,,fallback
378762,,F2225,fallback
378893,,F2225,fallback
379031,,,fallback
379036,,,fallback
379041,,,fallback
379155,NL2013-1239773,F2239,fallback
379218,B2012-4078527,F1722|F2684|F3128|F575,fallback
379244,B2005-6052019,,fallback
379265,,,empty
379300,CHN2010-15-185847,F2497:3|F3122:3|F4165:3|F4482:3|F4533:3|F5405:3,structured
379344,CHN2014-03-981048,F4292:2|F4784:2,structured
379428,B11-6240569,F3060|F399|F609,fallback
379432,B11-6240567,F1555,fallback
379434,,,empty
379435,,F260|F628,fallback
379485,,,empty
379488,,,fallback
379499,,,fallback
379501,,,fallback
379503,BE13-2022310,F1413,fallback
379504,NL09-5916307,,fallback
379511,BE12-2002701,,fallback
379514,BE09-2026907,F685,fallback
379517,BE13-2022081,,fallback
379518,BE13-2022008,,fallback
379519,BE09-2231748,F684,fallback
379527,B12-6022218,,fallback
379626,BEL13-2022092,F54|F573,fallback
379675,B2015-3147797,F1581|F3116,fallback
379711,,F2529|F2530|F2753,fallback
379730,,,empty
379731,B11-6265548,F1232:1,structured
379769,,,empty
379860,BE13-2022038,,fallback
379866,,,fallback
37989,CHN03-01-288430,,empty
379929,NL2013-1239558,,fallback
379935,,,fallback
379936,NL2013-1239704,F2239,fallback
38007,,,empty
380096,,,fallback
38023,,F2455,fallback
380259,NL2013-1239712,,fallback
380270,NL2013-1239731,,fallback
380282,NL2013-1239765,,fallback
380284,NL2013-1239774,F6651:1|F6652:1,structured
380295,BE11-6091545,F1389|F402,fallback
380315,,F2506|F3027|F3147,fallback
380317,,F2506|F3027|F3147,fallback
380510,,,empty
380515,,,empty
380516,BE09-2205689,,fallback
380526,,,empty
380574,B2014-4000566,,fallback
380650,B2013-4050525,F2577|F2753,fallback
380662,B2011-3070085,,fallback
380665,B2005-6176514,F636|F637,fallback
380668,B2010-4327613,F1468,fallback
380670,,,fallback
380671,BE08-6050255,,fallback
380673,B2008-6050188,,fallback
380675,B2006-6143233,,fallback
380677,BELG2009-2026927,F1234|F3267|F57,fallback
380678,B2006-2255999,,fallback
380679,B2011-4331222,F1233,fallback
380680,B2010-5178011,,fallback
380682,DV6720-09-1114,,fallback
380683,DV6720-09-1222,,fallback
380693,B2008-6383243,F1144,fallback
380694,B2008-6383255,,fallback
380709,,,empty
380711,,,empty
380712,,,empty
380714,,,empty
380718,,,empty
380722,,,empty
380724,,,empty
380725,,,empty
380754,CHN14-10-271323,,fallback
380756,DV1769-07-1226,,fallback
380776,CHN14-09-089623,F5319:1,structured
380810,BELG2014-4260207,,fallback
380821,,,empty
380854,DV0824-14-999,,fallback
380885,B12-3162845,F2399:3|F2469:3|F2527:3|F2570:3,structured
380906,,,empty
380907,,,empty
380970,CHN2013-15-091869,F2468:2|F2561:2|F2446:3|F2558:3,structured
380978,CC2011-081013,F4555:1|F4556:1,structured
381001,BELG2013-4288397,,fallback
381008,BELG2013-6143829,F456,fallback
381031,NL2013-1239725,,fallback
381149,CHN12-03-111096,F3212,fallback
381166,B12-5015221,F232:2|F392:3|F2580:3|F2631:3|F2841:3|F3025:3|F2433:4|F2629:4,structured
381170,B02-9069971,F2399|F2469,fallback
381171,B12-5015177,F230:2|F2839:2|F3090:2|F2841:3|F3025:3,structured
381176,B14-2041115,F391:2|F2839:2|F2841:3|F3025:3|F392:4|F2433:5|F2629:5,structured
381191,B11-2083359,F2410|F2472,fallback
381197,B10-2045470,F556:2|F2738:2,structured
381202,B2015-3147799,F1094|F1581|F3116,fallback
381211,B2015-3025163,F1111:2|F369:3|F2740:4|F2393:5|F2569:5,structured
381222,B2015-3147766,F1581|F3116,fallback
381230,CHN2019-10-0529828,F2143|F2252|F2400|F2521|F3087,fallback
381233,,,empty
381252,,,empty
381253,,,empty
381254,,,empty
381255,,,empty
381257,,,empty
381258,,,empty
381259,,,empty
381260,,,empty
381261,,,empty
381262,,,empty
381263,,,empty
381266,,,empty
381267,,,empty
381268,,,empty
381269,,,empty
381270,,,empty
381271,,,empty
381272,,,empty
381273,,,empty
381274,,,empty
381275,,,empty
381277,,,empty
381278,,,empty
381279,,,empty
381280,,,empty
381281,,,fallback
381282,,,empty
381285,,,empty
381286,,,empty
381289,,,empty
381291,,,fallback
381315,,,fallback
381332,,,fallback
381399,CHN14-10-313826,F2455,fallback
381430,NL2008-1537315,F6496:2|F6542:2|F6566:2|F6605:2,structured
38148,CHN05-02-102753,,empty
381578,CHN2014-22-1360993,,empty
381697,B2014-4273912,F2753|F3262,fallback
381744,AU07-088,F3284:2|F3332:2,structured
381802,B2014-4000585,F1284,fallback
381814,,,empty
381816,,,empty
381850,,F1848,fallback
38188,CHN08-12-199999,,empty
381889,NL07-5729684,F4491:2|F4492:2,structured
381892,,F192,fallback
381955,,F2157|F2189,fallback
381963,DV2009-0516-1311,F2586:2|F2701:2,structured
381965,DV2010-0516-1361,F258:2|F2421:2|F5107:2|F2586:3|F2701:3,structured
381966,DV2009-0516-2038,F2421:2|F3284:2|F3331:2|F5107:2,structured
381968,DV2011-0516-1291,F2586:2|F2701:2|F258:3|F2421:3|F5107:3,structured
381969,DV2010-0516-804,F2586:2|F2701:2|F3284:2|F3332:2,structured
381970,DV2011-0516-1415,F2421:2|F2977:2|F5107:2|F5271:2,structured
381980,B09-5013382,F79:2|F598:2|F2579:2|F2632:2,structured
381981,B09-5013345,F79:2|F946:2|F3149:2|F3275:2,structured
381983,B08-5038269,F597:2|F2394:2|F2420:2|F2579:3|F2632:4,structured
381984,B07-5042310,F229:2|F237:2|F2579:2|F2846:2,structured
381985,B07-5042387,F2758:2|F2921:2|F3140:2|F3283:2,structured
381986,B09-5013381,F228:2|F2579:2|F3022:2|F2632:3,structured
381988,B09-5013491,F2846:2|F2847:2|F3151:2|F3276:2,structured
381989,B08-5038365,F2846:2|F2847:2|F3151:2|F3276:2,structured
381993,B07-5187726,F597:2|F2394:2|F2420:2|F2579:3|F2632:4,structured
381994,BELG2009-6103321,F430:2|F463:2|F2851:2|F2628:3|F3038:3,structured
381996,BELG2010-6179157,F430:2|F463:2|F2851:2|F2628:3|F3038:3,structured
381998,BELG2012-6283012,F2628:2|F3038:2|F430:3|F463:3|F2851:3,structured
382000,BELG2012-6283139,F430:2|F463:2|F2851:2|F2628:3|F3038:3,structured
382001,B13-6149991,F2628:2|F3038:2|F430:3|F463:3|F2851:3,structured
382005,BELG2013-6320584,F1528:2|F2959:2|F3065:3|F3170:3,structured
382006,BELG2014-6118154,F1315:2|F1644:2|F430:3|F463:3|F2851:3|F2628:4|F3038:4,structured
382007,B06-5100704,F392:2|F2841:2|F3025:2|F2433:3|F2629:3,structured
382045,NL09-1403465,F5940:2|F6873:2|F6891:2|F4491:3|F4492:3,structured
382128,B2010-6031974,F977:2,structured
382136,,,empty
382179,,,empty
382264,,,empty
382304,CHN2007-01-473699,F725:1|F3132:1,structured
382312,,,empty
382319,,,empty
382320,,,empty
382323,,,empty
382844,B06-5108491,,fallback
383003,CHN10-03-497789,,fallback
383059,,,empty
383117,,F2182,fallback
383202,CHN2012-15-189026,,fallback
383535,CHN10-10-716804,F3316,fallback
383536,CHN11-10-521108,F3317,fallback
383537,CHN10-10-715966,F163:2|F214:2|F2410:4|F2472:4|F2524:4|F2737:4,structured
383538,CHN12-10-187120,F3316:2|F3317:2|F4635:2,structured
383615,,,fallback
383617,CHN12-10-198166,F2410:2|F2472:2|F2524:2|F2737:2,structured
383621,CHN10-10-715980,F2743:1|F3106:2,structured
383622,NL05-1445903,,fallback
383624,NL03-1187628,,fallback
383625,,,fallback
383682,UN2013-566833,,fallback
383683,,F1152|F1760,fallback
383706,,,fallback
383726,,,fallback
383731,C07-33-074567,,fallback
383763,CHN14-09-425749,F4681:1|F4682:1,structured
383828,,,fallback
383994,,,fallback
384148,B11-3170445,F3100|F3116|F737,fallback
384339,TW2014-886738,,empty
384376,B2010-6031954,F272:2|F814:2|F3065:2|F3170:2,structured
384446,CHN2007-01-528938,,empty
384452,,F2157|F2189|F2701,fallback
384454,,F2157|F2189,fallback
384456,,F2157|F2189,fallback
384458,,F2157|F2189,fallback
384460,,F2157|F2189,fallback
384461,,F3040|F3041|F3284|F3332,fallback
384462,,F3040|F3041|F3284|F3332,fallback
384464,,F2769|F3284|F3332,fallback
384465,,F2769|F3284|F3332,fallback
384468,,,fallback
384471,,,fallback
384472,,,fallback
384473,,,fallback
384475,,,fallback
384478,,F379,fallback
384479,,F379,fallback
384480,,,fallback
384481,,F379,fallback
384482,,F379,fallback
384485,,,fallback
384496,,F3040|F3041|F3284|F3332,fallback
384498,,F2701|F3040|F3041,fallback
384538,,F2849,fallback
384590,,,empty
384597,,,fallback
384802,CHN14-11-085303,F4709:1,structured
384808,CHN2012-06-209112,,fallback
384856,B2010-6031962,F149:3|F3069:4|F3183:4,structured
384867,B2010-6031961,F149:3|F3069:4|F3183:4,structured
384883,B2010-6031982,F286|F3170|F634,fallback
384884,B2010-6031981,F286|F634,fallback
384921,,,empty
384982,,F710,fallback
385004,,,empty
385125,NL96-9614869,F2436|F2521,fallback
385151,,,empty
385269,BELG2009-6233666,F3501:1,structured
38534,,F189|F236|F3001|F864,fallback
385595,B04-6468295,F3194:1|F2553:2|F2725:2,structured
385623,,,empty
385655,BE12-6023399,F1554|F1786,fallback
385726,,,fallback
385822,,,fallback
385846,,F2536|F2752|F3026,fallback
385848,,F2752|F2839,fallback
385849,,F2606|F2728|F2789|F3049,fallback
385852,,,fallback
385889,BE14-6306549,,fallback
385891,BE14-6306536,F3485:2|F4032:2|F4078:2|F4063:4|F4095:4,structured
385895,,F2866|F309|F3155|F3159,fallback
385925,,F100|F609|F962,fallback
385932,,,fallback
385933,,F3116,fallback
385936,,F3116|F520,fallback
386035,,F2737,fallback
386049,,F2738|F3116|F3179|F3306,fallback
386058,,F168|F193|F20|F773,fallback
386059,,,fallback
386188,CHN2014-15-104981,F193:2|F2738:2|F3306:2|F2144:3|F3116:3,structured
386193,B14-2216404,F512,fallback
386306,B15-3025086,F1104|F3116|F3234,fallback
386307,B15-3025092,F1104|F880,fallback
386308,B15-3025394,F159|F486,fallback
386310,B15-3025020,F1101|F1242|F2569|F2814,fallback
386318,BELG06-3008481,,fallback
386325,,,fallback
386329,,,empty
386335,CHN2015-17-0023201,,fallback
386440,,,fallback
386530,,F2553|F2725|F2780|F294|F2946|F2963|F2964|F3062,fallback
386532,,,empty
386563,CHN15-03-0003406,,empty
386583,B08-6350134,F2403|F2426|F2722|F2797|F2878|F3326,fallback
386586,B09-6173508,F2403:2|F2426:2,structured
386595,B09-6173599,,fallback
386621,,,fallback
386723,,,empty
386782,,,fallback
386936,,,fallback
386945,,F2400|F2521|F3087,fallback
386976,,F2400|F2521|F3087,fallback
387039,CHN14-09-483738,,empty
387076,CHN2014-15-386161,F2472:2|F2654:2|F2987:2|F2410:3,structured
387101,,F1080|F180|F3116|F338,fallback
387105,,F1093|F2742|F3116|F711,fallback
387131,,,empty
387134,,,empty
387136,,,empty
387137,,,empty
387138,,,empty
387203,,,fallback
387217,,F3284|F3332,fallback
387220,,F290|F3087|F667,fallback
387224,B11-3070797,F175,fallback
387302,B12-6196510,,fallback
387334,,F2701,fallback
387339,,F3040|F3041,fallback
387416,BELG2010-4323573,,fallback
387417,BELG2010-4327618,F2186|F2261,fallback
387428,BELG2006-5100879,F601|F80,fallback
387461,,F2553|F2725|F2780|F294|F2946|F2963|F2964|F3062,fallback
387462,,F2553|F2725|F2780|F294|F2946|F2963|F2964|F3062,fallback
387536,B2010-6031973,F977:2,structured
387701,B2010-6031971,,fallback
387702,B2010-6031988,F3170|F431,fallback
387703,B10-6031987,F3170|F431,fallback
387705,B12-3168856,,fallback
387947,,,empty
388040,B12-2191301,F1225,fallback
388055,,F2400|F2521|F3087,fallback
388056,,F2400|F2521|F3087,fallback
388062,CHN2013-15-276050,,empty
388063,B06-5100889,F2752,fallback
388133,,F2553|F2725|F2780|F294|F2946|F2963|F2964|F3062,fallback
388139,,F2553|F2725|F2780|F294|F2946|F2963|F2964|F3062,fallback
38814,CHN2019-08-0093333,,fallback
388147,,,empty
38824,BELG2017-6053433,F1751,fallback
38827,CHN2005-105408,F2596|F2647,fallback
388313,,,empty
388316,,,empty
38832,DV08071-10-483,,fallback
388398,,,empty
388401,,,empty
388406,,,empty
388408,,,empty
388409,,,empty
388412,,,empty
388422,,,empty
388423,,,empty
388424,,,empty
388428,B14--2206738,F167:2|F868:2|F1562:2|F1563:2,structured
388439,,,empty
388444,,,empty
388445,,,empty
388450,DV6348-15-401,,fallback
388507,,F2684|F2685,fallback
388524,,F224|F54,fallback
388573,,,fallback
388574,,,fallback
388576,,,fallback
388577,,,fallback
388578,,,fallback
388579,,,empty
388581,,,fallback
3887,,,empty
388713,,F114,fallback
388720,,F193|F20|F2737|F773,fallback
388750,,F2737,fallback
388780,,F2737,fallback
388783,,F193|F20|F2737|F773,fallback
38880,B2007-3008409,F26,fallback
388818,,F168|F193|F20|F2737|F773,fallback
388838,,F2737,fallback
388840,,F2737|F2738|F3116|F3179|F3306,fallback
388842,,F2737,fallback
388844,,F2737|F2738|F3116|F3179|F3306,fallback
388848,,F2737,fallback
388851,,F2737|F2738|F3116|F3179|F3306,fallback
388858,CHN2014-13-171029,,empty
388859,,F2737|F2738|F3116|F3179|F3306,fallback
388864,,F2737|F2738|F3116|F3179|F3306,fallback
388876,,F2737|F2738|F3116|F3179|F3306,fallback
388878,,F2737,fallback
388880,,F2737,fallback
388883,B10-6031984,F133|F3170|F432|F844,fallback
388884,B10-6031983,F133|F3170|F432|F844,fallback
388904,CHN2014-22-1360892,,empty
388914,CHN16-19-0446861,,empty
388917,CHN12-19-004953,,empty
388918,CHN15-19-0322529,,empty
388938,,,empty
388944,,,empty
388972,,F2737,fallback
388987,,,empty
388989,,,empty
388994,,F2737|F2738|F3116|F3179|F3306,fallback
388995,,,empty
389000,,,empty
389025,CHN2014-22-001306,,empty
38905,,F2185,fallback
389067,,,fallback
389130,,,empty
389137,,,empty
389140,,,empty
389223,DV09581-12-738,,fallback
389224,,,fallback
389311,,,empty
389315,,,empty
389322,,,fallback
389325,B15-3025167,F1242|F1583,fallback
389357,B11-3167733,F4038:2|F4045:2|F4046:2|F4084:2,structured
389445,B07-6076663,F2407:2|F2467:2,structured
389451,,,fallback
389455,,,fallback
389456,B14-3157389,F737:2|F2569:3|F2814:3,structured
389457,,,fallback
389523,DV03236-13-683,F5189:2,structured
389524,DV03236-13-687,F5189:3,structured
389525,B2010-5143270,F341:1|F1297:1,structured
389589,,,empty
389806,,,empty
389811,,,empty
389814,,,empty
389856,CHN14-10-214377,,empty
389862,,,fallback
389865,,F2866|F309|F3155|F3159,fallback
389881,,F609|F962,fallback
389882,,F2491|F2511|F2553|F2725|F3073,fallback
389884,,F2491|F2511|F2553|F2725|F3073,fallback
3899,,,empty
389948,,,fallback
389977,,,fallback
389981,,,fallback
389982,,F35,fallback
389983,,,fallback
389987,,F3113|F3121|F541|F542,fallback
389997,,,empty
390064,CHN13-101986,F3116|F360,fallback
390065,CHN13-101987,F3116|F360,fallback
390074,B12-5006361,F2632|F3283,fallback
390116,,,empty
390117,,,fallback
390141,B11-5166953,F2579|F2632|F598|F79,fallback
390154,,,empty
390156,,,empty
390224,,F2586|F2782|F2851,fallback
390248,,,fallback
390252,,,fallback
390302,DV07983-10-400,F473:2|F1046:2|F3060:2|F2553:3|F2725:3,structured
390328,,,empty
390336,,,fallback
390338,,,fallback
390339,,,fallback
390342,,,fallback
390343,,F2866|F3159,fallback
390371,,,fallback
390389,B10-6357834,,fallback
390413,,,empty
390419,,,empty
390420,,,empty
390457,,,empty
390459,NL07-1955895,,fallback
390461,NL07-1955946,,fallback
390463,NL07-1955955,,fallback
390510,,F1529|F3170,fallback
390534,DV03236-13-661,F5125:1|F252:3|F5229:3|F5230:3|F5514:3,structured
390539,B14-2109797,F596,fallback
390578,CHN09-10-000032,F2925,fallback
390584,C07-10-082891,F2925,fallback
390590,B2006-9138452,,fallback
390636,,,empty
390637,,,fallback
390738,B98-6589990,F2478|F2508|F2521|F2712,fallback
390779,BELG05-2142696,F2472:2|F2410:3,structured
39090,NL05-1398481,,fallback
390927,,,empty
39094,NL2006-1764184,,fallback
390981,,,fallback
390982,,,fallback
391018,,,fallback
39104,,,fallback
391085,B2010-6031968,F1317|F3065|F3170|F617|F635|F637,fallback
391107,BELG05-3185086,F4218:2|F4233:2,structured
391115,,,empty
391126,,,empty
391265,B2010-6031966,F798:2|F1183:2|F1315:2|F3170:2,structured
39145,NL05-1398437,,fallback
391456,B10-6031990,F1315|F1518|F3170,fallback
391458,B10-6031970,F319:2|F3065:2|F3170:2|F3346:2,structured
39148,NL04-2056360,,fallback
391509,CHN2019-10-0529845,F2925,fallback
39153,,,fallback
391545,,,empty
391546,BE13-9029197,F3445:2|F3644:2|F3874:2|F6207:2,structured
391568,,,empty
391570,B08-2234316,F14:2,structured
391622,,,empty
391657,,,empty
391667,,,empty
39167,,F2403|F2426|F2654|F2722|F2797|F2878,fallback
391671,,,empty
391683,BELG2006-3148322,F2818,fallback
39177,NL05-2105283,,fallback
39179,NL05-5531821,F6932:2|F6974:2,structured
391955,BELG2006-3206569,F2486,fallback
391968,,,empty
392009,,,empty
392010,,,empty
392012,,,empty
39218,CH2008-01-475888,,fallback
392281,B15-3025168,F1242|F1583,fallback
392282,,F3116,fallback
392294,BELG2010-6317386,,fallback
392295,BELG2008-4355788,F211,fallback
392299,BELG2010-4210171,F211,fallback
392429,BELG2013-4186089,,fallback
392518,CHN14-26-050071,,empty
392519,CHN13-26-026705,,empty
392542,B09-9079202,,fallback
392543,B09-9077977,,fallback
392544,B06-9123232,F3206|F674,fallback
392545,B08-9114559,,fallback
392546,B09-9079217,F3203|F483,fallback
392547,B08-9114352,,fallback
392548,B08-9044403,,fallback
392550,B06-9123219,,fallback
392551,B08-9044410,F486,fallback
392553,B06-9123239,,fallback
392554,B09-9079210,,fallback
39256,DV02194-13-1565,,fallback
39257,,F2714|F2715,fallback
392576,,F1299|F1300|F1301|F1474|F1475|F227|F3137|F3274|F342|F390|F591|F593|F766,fallback
392630,NL14-1334717,,fallback
392635,,F635,fallback
392651,,,empty
392706,,,empty
392726,BE15-2185810,F3571:2|F3822:2|F3876:2|F3931:2,structured
392730,,F2410|F2472|F2737|F3212|F371,fallback
392740,,,fallback
392741,,,fallback
392742,,,fallback
392744,,,fallback
392745,,,fallback
392757,,,fallback
392760,NL09-1837486,F152|F99,fallback
392763,,,fallback
392805,,,fallback
392874,BE11-4097042,F2752:2|F3479:2|F4033:2,structured
392876,BE12-5061839,F1468:2|F6108:2|F2752:3|F3479:3|F4033:3,structured
392895,BE11-4296587,F173:2|F3393:2,structured
392897,BE11-4234490,F1122:1|F601:2|F2752:2,structured
392926,CHN2006-20-006795,,empty
392928,CHN2006-20-006647,,empty
392936,CHN2006-20-006796,,empty
392941,NL12-1742763,,fallback
392942,NL12-1741963,,fallback
392951,CHN2006-20-007579,,empty
392991,,,empty
39304,,,fallback
393154,,,empty
393173,CHN2019-08-0199916,F1315|F1529|F3170,fallback
393183,,,empty
393309,B12-2198570,F1571:1|F2551:2|F2893:2,structured
393316,B12-2044564,F708:1|F2760:2|F5043:3,structured
393322,B13-2044566,F1049:1|F2655:2|F2404:3|F2442:3,structured
393324,B13-2044576,F1816:1|F2655:2|F2404:3|F2442:3,structured
393454,CHN12-19-035381,,empty
393474,BE11-2138670,,fallback
393475,BE12-2123602,,fallback
393477,B13-2044578,F1409:1|F494:3|F680:3|F2993:3|F2760:4|F5043:5,structured
393482,B12-2047320,F1701:1|F1048:2|F1226:2,structured
393484,NL14-1462280,,fallback
393485,NL14-1462281,,fallback
393486,NL14-1462340,,fallback
393487,NL14-1462185,,fallback
393558,,,empty
39357,CHN01-12-190816,,empty
393570,,,fallback
393575,B08-6368038,F962:2|F3154:2|F3196:2,structured
393637,B10-6031979,F1529|F1638|F1642|F3170,fallback
393723,,,fallback
393731,BELG03-2197151,,fallback
393738,BELG2012-3168973,F197|F2680|F2812|F3241,fallback
393743,BELG2012-3168974,F197|F2680|F2812|F3241,fallback
393898,DV02065-13-254,,fallback
393899,DV02065-12-284,,fallback
393900,DV02065-12-420,,fallback
393901,DV02065-12-441,,fallback
393905,DV02065-12-452,F326,fallback
393906,DV02065-12-459,F14,fallback
393907,DV02065-12-470,,fallback
393909,DV02065-12-485,,fallback
393910,DV02065-12-491,,fallback
393912,DV02065-13-505,,fallback
393914,DV02065-13-516,F326,fallback
393920,DV02065-12-518,,fallback
393922,DV02065-12-519,,fallback
393923,DV02065-13-524,,fallback
393924,DV02065-13-526,,fallback
393925,B14-3150600,F2680|F2812,fallback
393926,DV02065-13-528,,fallback
393927,DV02065-13-530,,fallback
393928,DV02065-13-532,F326,fallback
393929,DV02065-13-546,,fallback
393931,DV02065-13-548,,fallback
393932,DV02065-13-550,,fallback
393933,DV02065-13-554,,fallback
393934,DV02065-13-555,,fallback
393936,DV02065-13-560,F326,fallback
393938,,F14,fallback
393940,DV02065-13-565,,fallback
393942,DV02065-13-572,F326,fallback
393945,DV02065-13-578,,fallback
393946,DV02065-13-586,F14,fallback
393964,B12-1041954,,fallback
393985,,,fallback
394032,,,fallback
394039,,,fallback
394040,,F2782|F3040,fallback
394041,,F2782|F3040,fallback
394042,,,fallback
394127,B11-1046369,,fallback
394128,B12-1041953,,fallback
394129,B10-1003305,,fallback
394166,,F2483,fallback
394167,CHN2007-10-367891,F4750:1|F4762:1,structured
394174,CHN2008-10-288059,F4762:1|F4780:1,structured
394211,B11-1046400,,fallback
394215,B12-1003252,,fallback
394216,B12-1041913,,fallback
394217,B12-1041939,F491:2|F3278:2|F5949:2|F5664:3|F5745:3,structured
394218,B12-1003281,F854:2|F3278:2|F5948:2|F5570:3|F5748:3,structured
394221,B11-1007931,,fallback
394223,B12-1044567,,fallback
394224,B12-1041901,,fallback
394226,B12-1041971,F3278,fallback
394232,B12-1041983,F491,fallback
394235,B12-1044501,,fallback
394240,B12-1041914,,fallback
394243,B12-1044502,,fallback
394244,B12-1003288,F3278,fallback
394245,B12-1041945,,fallback
394246,B12-1003278,,fallback
394250,B12-1041931,,fallback
394251,B12-1003300,,fallback
394263,,F2737|F2738|F3116|F3179|F3306,fallback
394391,NL08-1077362,,fallback
394392,NL05-2083777,,fallback
394393,NL13-1953701,F139|F1801|F3053,fallback
394394,NL13-1961065,,fallback
394395,NL14-1130394,,fallback
394396,NL14-1130392,,fallback
394397,NL14-1130357,,fallback
394398,NL14-1130354,,fallback
394399,NL14-1130271,,fallback
394400,NL14-1130301,F1682,fallback
394402,NL14-1130268,,fallback
394438,CHN2013-15-156962,F326,fallback
394672,,,fallback
394673,,,fallback
394675,B13-6082542,,fallback
394788,B12-6323647,F414:2|F470:2|F975:2|F1034:2,structured
394789,B12-6235086,F103:2|F1151:2|F416:3|F2945:3|F3044:3|F3058:3,structured
394790,B12-6235089,F415:2|F1542:2|F1544:2,structured
394791,B12-6039949,,fallback
394822,DV1055-14-193,,fallback
394825,CHN2013-02-080001,,fallback
394826,B13-6082505,F1886:1|F310:2|F1150:2,structured
39483,,,fallback
394830,B13-6082523,F104|F415,fallback
394934,B12-6142642,F797:1,structured
394940,B13-6122389,F1199:2|F1200:2,structured
394942,BELG2005-2147094,F3200:1|F2643:2|F2952:2,structured
394945,B10-6359167,F100:2|F2868:3|F3045:3,structured
394978,B12-6042578,F456,fallback
395093,,F848,fallback
395094,B13-2044620,F318:1|F2675:2|F5043:2,structured
395095,B12-2198588,F1050:1|F2655:2|F2404:3|F2442:3,structured
395098,B13-2044673,F495:1|F2443:2|F5043:3,structured
395099,B13-2044610,F493:2|F1225:2|F1410:2|F2585:3|F2693:3,structured
395100,B13-2044658,F493:2|F2760:2|F2443:3|F2585:3|F2693:3|F5043:4,structured
395101,B13-2044504,F2760:2|F2404:3|F5043:3|F5234:3|F2442:4|F2443:4|F5232:4,structured
395111,,,fallback
395116,NL2-1463449,F2595:1,structured
395117,NL07-5720611,F3053:1,structured
395119,NL06-5620960,F3053:1,structured
39518,CHN03-12-055977,,empty
395209,B12-2047310,F1570:1|F1048:2|F1226:2,structured
39521,CHN03-12-057337,,fallback
395213,B09-6370181,F604,fallback
395214,B08-6372817,,fallback
395227,NL11-1344649,,fallback
395229,NL08-1102065,,fallback
395232,B12-2047350,F1051:1|F2993:2|F2760:3|F5043:4,structured
395233,B13-2044631,F1571:1|F2551:2|F2893:2,structured
395236,B12-2047376,F1568:1|F1415:2|F1566:2,structured
395238,,F1566|F1570|F1816|F2404|F2424|F2443|F2615|F2630|F2675|F2760|F493,fallback
395240,B13-2044697,F1700:1|F2760:2|F5043:3,structured
395242,B13-2044691,F1050:1|F2655:2|F2404:3|F2442:3,structured
395243,,F2404|F2424|F2443|F2506|F2532|F2582|F2630|F2675|F2760|F2993|F708,fallback
395245,B13-2044676,F493:2|F2969:2|F5042:2|F2585:3|F2693:3,structured
395246,B13-2044669,F1567:1|F494:3|F680:3|F2655:3|F2404:4|F2442:4,structured
395247,,F1048|F1225|F1226|F2442|F2443|F2551|F2615|F2655|F2893|F495,fallback
395248,,F1048|F1225|F1226|F1566|F1569|F2551|F2615|F2760|F2893,fallback
395249,B13-2044701,F1816:1|F2760:2|F2443:3|F5043:4,structured
395252,B12-2198589,F1050:1|F2655:2|F2404:3|F2442:3,structured
395253,B13-2044664,F1815:1|F494:3|F680:3|F2404:4|F5234:4,structured
395254,B13-2044694,F1568:1|F1415:2|F1566:2,structured
39529,CHN05-12-004142,,empty
395312,BELG04-6276748,,fallback
395324,,,fallback
395326,,,fallback
395347,B12-2191330,F494:2|F680:2,structured
395349,B12-2047367,F267:2|F2783:2,structured
395360,NL11-1821750,F303:2|F6947:2,structured
39537,CHN05-12-048558,,empty
395400,B12-6235083,F1174|F3303|F415,fallback
395401,B14-6079191,F415:2|F1174:2|F3303:2|F2768:4|F2922:4|F2923:4|F2980:4,structured
395402,B12-6039955,,fallback
395415,,,empty
395421,,,empty
395443,,,fallback
395494,,,fallback
395496,,,fallback
395498,,,empty
39551,CHN2006-01200,,fallback
395555,B14-6022973,F1768,fallback
395556,B14-6022979,F1881,fallback
395558,B14-6022991,F2692:2,structured
395581,,F2444,fallback
395598,,,empty
395601,,,fallback
395603,,,fallback
395604,,,fallback
395605,,,fallback
395618,B13-3148684,,fallback
395619,B13-3148686,,fallback
395623,AU2012-ARPU-114791,,fallback
395629,B11-4244324,F1284,fallback
395630,B14-4273959,F2577,fallback
395631,B14-4273954,,fallback
395632,B14-6022985,F1160|F3308|F994,fallback
395633,B14-6022942,F1769,fallback
395634,B14-6022922,F1224,fallback
395635,B14-2216246,F1405|F865,fallback
395636,B14-2216238,,fallback
395637,B14-2216222,F1405,fallback
395638,B14-2216194,,fallback
395639,B14-2216406,F15:2|F515:3|F699:3|F3212:3|F2410:4|F2604:4|F2697:4|F2765:4|F2988:4|F7015:4,structured
395640,B14-2216385,F1181|F2738|F773,fallback
395641,B14-3113732,F3116|F360,fallback
395642,B14-3113747,F3116|F338,fallback
395643,B14-6265869,F1657,fallback
395761,B15-2312185,,fallback
395762,B15-2312017,,fallback
395763,B15-2312003,,fallback
395764,B14-6079224,F1150|F1886|F310,fallback
395765,B14-6079129,F1557,fallback
395767,B15-2312009,,fallback
395768,B13-3160844,F3079|F3116,fallback
395770,B14-2216346,,fallback
395772,B14-2216395,F773:2|F1811:2|F864:3|F3209:3,structured
395775,DV01769-14-788,,fallback
395778,B14-6265843,F1521,fallback
395781,B14-6265841,F3033|F404,fallback
395785,B15-2312650,,fallback
395786,B15-2312631,,fallback
395787,B15-2312309,,fallback
395788,B15-2312632,,fallback
395789,B15-2312651,,fallback
395790,NL05-2083565,,fallback
395791,NL09-5914289,,fallback
395792,NL09-1814296,F2595,fallback
395793,B14-3113730,,fallback
395794,B14-3113704,F3116,fallback
395795,B14-3113737,F3116,fallback
395796,B14-6022961,F1163|F260,fallback
395797,B14-6022918,F1768,fallback
395798,B14-6022994,F1769|F260|F3308,fallback
395799,B14-6022988,,fallback
395801,B12-4186096,,fallback
395802,B14-4279741,F2577,fallback
395803,,,fallback
395804,CHN2006-03-278185,,fallback
395805,B14-4273958,F2577,fallback
395806,B14-4273942,F3262,fallback
395807,B14-4273933,F2753|F3262,fallback
395808,B15-2312346,,fallback
395809,B14-4273903,F2753|F3262,fallback
395810,B14-4000586,F1284,fallback
395811,B15-2312088,,fallback
395812,B14-4000553,F1284,fallback
395813,B14-4000509,,fallback
395814,B14-4000489,,fallback
395815,B14-4000312,F1284,fallback
395816,B14-4279750,F2577|F3269|F573,fallback
395817,B14-4279748,F54,fallback
395827,,F1349|F1507,fallback
395828,,F1349|F1507,fallback
395830,,,fallback
395851,B14-4279727,F54,fallback
395852,B14-4279723,F1618|F2752|F601,fallback
395853,B14-4273971,,fallback
395854,B14-4273956,F1285,fallback
395855,B14-4273941,F3262,fallback
395856,B14-4273937,F2577|F2753|F3269|F573,fallback
395857,B14-4000307,,fallback
395859,B14-4279747,F54,fallback
395861,B14-4279739,F2577|F752,fallback
395863,B14-4279736,F2577|F3269|F573,fallback
395868,B14-4279742,F2577,fallback
395870,AU2015-JEDDS-18626,,fallback
395871,AU2015-JEDDS-18700,,fallback
395880,B10-3047284,F3308,fallback
395881,B14-3067026,F1581|F3116,fallback
395882,B14-3155955,F3116:3|F3234:3,structured
395883,B09-3095030,F906:2|F1074:2,structured
395884,B09-3095004,F1581|F3116,fallback
395885,B12-3162816,F1074|F1581|F3116|F906,fallback
395887,B12-3162815,F1074|F1581|F3116|F906,fallback
395890,B14-3157406,F180:2|F3116:2,structured
395891,B14-3150687,F180:2|F3116:2|F3234:3,structured
395913,CHN2019-08-0268000,,fallback
395914,CHN2019-70-253779,,fallback
395916,,,fallback
395921,CHN2017-08-0199582,,fallback
395977,,,empty
395978,,,empty
395983,,,fallback
39600,CHN08-12-079282,,empty
396037,B10-2216095,F503:2|F871:2|F3116:2|F3366:2,structured
396043,BELG2014-4280402,,fallback
396166,,,empty
396167,,,empty
396170,,,empty
396171,,,empty
396270,B15-3147999,,fallback
396273,B15-3148000,F1416:2,structured
396293,,,empty
396485,B11-6265538,F1535|F3200|F985|F988,fallback
396487,B11-6265549,F1188|F3057,fallback
396495,B12-6142702,F1545|F1555|F962,fallback
396497,B11-6331842,,fallback
396498,B06-5108497,,fallback
396536,,,empty
396804,CHN2014-090006,,fallback
396893,CHN2018-03-0222104,F6489:4|F6498:4|F6510:4|F6542:4,structured
397174,CHN10-01-968016,F2042:3|F2044:3|F2047:3|F2053:3|F2064:3|F2065:3|F2067:3|F2081:3,structured
397180,CHN08-01-968609,F2117:2|F2188:2|F2044:3|F2053:3|F2064:3|F2065:3,structured
397181,CHN09-01-803709,F2117:2|F2188:2|F2044:3|F2053:3|F2064:3|F2065:3,structured
397189,CHN11-01-469906,F2044:3|F2048:3|F2053:3|F2055:3|F2062:3|F2064:3|F2065:3|F2114:3,structured
397195,CHN12-01-1002620,F2044:3|F2048:3|F2053:3|F2055:3|F2062:3|F2064:3|F2065:3|F2114:3,structured
397203,B02-4478706,F2061:2|F2105:2|F2106:2|F2133:2,structured
397205,B03-4408129,F2075:2|F2103:2|F2104:2|F2153:2,structured
397206,B03-2120191,F2048:2|F2055:2|F2062:2|F2114:2,structured
397217,CHN12-01-1002669,F2061:3|F2075:3|F2082:3|F2105:3|F2106:3|F2133:3|F2062:4|F2076:4|F2154:4|F2173:4,structured
397236,CHN09-01-981112,F4788:1|F2126:3|F2131:3|F2132:3|F2137:3,structured
397237,CHN10-01-281310,F4788:1|F2126:3|F2131:3|F2132:3|F2137:3,structured
397240,CHN10-01-340707,F2075:3|F2103:3|F2104:3|F2126:3|F2131:3|F2132:3|F2137:3|F2153:3,structured
397244,CHN11-01-575703,F2126:3|F2131:3|F2132:3|F2137:3,structured
397247,CHN14-01-1282220,F2084:3|F2089:3|F2126:3|F2131:3|F2132:3|F2137:3|F2168:3|F2169:3,structured
397252,B05-6336352,F2195:2|F2213:2|F2052:3|F2059:3|F2070:3|F2071:3,structured
397253,CHN11-01-575708,F2057:3|F2145:3|F2042:4|F2044:4|F2047:4|F2052:4|F2053:4|F2059:4|F2064:4|F2065:4|F2067:4|F2070:4|F2071:4|F2081:4,structured
397256,B05-6336371,F2084:2|F2089:2|F2168:2|F2169:2,structured
397276,B03-3186429,F2042:2|F2047:2|F2067:2|F2081:2,structured
397299,B05-6052073,F2086:2|F2119:2|F2149:2|F2183:2,structured
397354,,,empty
397356,CHN13-01-850585,F2289:2|F2306:2|F2084:3|F2089:3|F2168:3|F2169:3,structured
397358,CHN14-01-332012,F2268:2|F4770:2|F4866:2|F2075:4|F2082:4|F2062:5|F2076:5|F2154:5|F2173:5,structured
397359,CHN14-01-1282108,F2268:2|F4770:2|F4866:2|F2075:4|F2082:4|F2062:5|F2076:5|F2154:5|F2173:5,structured
397368,B02-4247632,F2062:2|F2076:2|F2154:2|F2173:2,structured
397419,CHN2014-090005,,fallback
397426,,,empty
397452,BE06-6056029,,fallback
397629,CHN2010-33-098188,,fallback
397631,CHN2012-06-209097,,fallback
39768,CHN08-09592923,F4590:1,structured
39774,NL04-0433846,,fallback
397741,B12-6023701,F1135,fallback
397743,,,fallback
397744,NL13-1184756,,fallback
39782,,,fallback
397833,NL2004-1559362,F2406:2|F2480:2|F6769:2|F6782:2,structured
397849,CHN2010-22-1581112,,empty
397873,B2012-2177368,F329:2|F516:2|F694:2|F3103:2,structured
397878,B2012-2177762,F694:2|F978:2|F1055:2|F3103:2,structured
397891,B2010-5043097,F388:2|F767:2|F2683:2|F3116:3|F3366:3,structured
397895,B2012-2198247,F497:2|F2683:2|F3257:2|F3116:3|F3366:3,structured
397909,B2009-2203637,F160:2|F743:2|F1102:2|F2888:2,structured
397923,B2012-2177705,F1115:2|F1218:2|F2991:2|F3207:2,structured
397931,B09-2060119,,fallback
397932,B2012-2177415,F1115:2|F1218:2|F2664:2|F2984:2,structured
397935,B2012-5034529,F492:2|F679:2|F1115:2|F1218:2,structured
397936,B2008-6340559,F124:2|F2721:2|F2852:2|F3066:2,structured
397941,CHN2014-32-188979,F4492:2|F6873:2|F6891:2|F4491:3,structured
397949,,F3162|F456,fallback
397954,B2010-3011434,F50:2|F730:2|F902:2|F1264:2,structured
397966,B2011-3021308,F2392:2|F2411:2|F2575:2|F2750:2,structured
397969,B2007-3074980,F2572:2|F2621:2|F2677:2|F3247:2,structured
398000,B2010-6174774,F2581:2|F2622:2|F2845:2|F2855:2,structured
398002,B2008-4234190,F51:2|F2679:2|F2824:2|F2912:2,structured
398014,B2007-6042312,F792:2|F793:2|F969:2|F3294:2,structured
398024,,,fallback
398026,B2008-6340560,F124:2|F2721:2|F2852:2|F3066:2,structured
398027,NL2007-2062877,F124:2|F2721:2|F2852:2|F3066:2,structured
398058,,,fallback
398094,B2007-6398115,F124:2|F2721:2|F2852:2|F3066:2,structured
398097,DV0919-12-2438,,fallback
398100,B2011-6238579,F2721:2|F2852:2|F6079:2|F6204:2,structured
398121,BELG2005-6435255,,fallback
398144,B12-2198255,F2683:2|F2991:2|F3207:2|F3116:3|F3366:3,structured
398145,DV03904-12-533,,fallback
398160,,F2413|F2547|F2562|F2640|F2656|F2667|F2792|F2856|F2895,fallback
398185,B2005-5213988,F2512:2|F2600:2|F2840:2|F3025:2,structured
398186,B2003-5120033,F2512:2|F2600:2|F2840:2|F3025:2,structured
398188,B2005-5120037,F2512:2|F2600:2|F2840:2|F3025:2,structured
398190,B2003-5241876,F2512:2|F2600:2|F2840:2|F3025:2,structured
398196,B2002-6257907,F2553:2|F2779:2|F2949:2|F2950:2,structured
398211,DV03904-13-712W,,fallback
398218,DV03904-13-745,,fallback
398260,CHN2014-06-560339,F1232,fallback
398318,B2012-2177387,F498:2|F694:2|F3103:2|F3258:2,structured
398335,DV03904-13-834,,fallback
398343,B2009-2021750,F169:2|F872:2|F2565:2|F3107:2,structured
398347,B2006-6108504,F2495:2|F2786:2|F3067:2|F3328:2,structured
398350,B13-6062109,F1315|F1554|F1786|F3170|F797,fallback
398359,B2011-2079643,,fallback
398360,B2009-3066697,F50:1|F902:1,structured
398361,NL2005-2103414,F6847:2|F6901:2|F6992:2|F7019:2,structured
398362,NL2006-1762492,F2769:2|F6847:2|F7019:2|F7226:2,structured
398364,NL07-1369792,F5610:2|F6799:2|F6879:2|F6915:2,structured
398371,NL2007-1370725,F6774:2|F6782:2|F6892:2|F7133:2,structured
398372,NL2007-1369819,F5765:2|F6847:2|F6938:2|F7019:2,structured
398376,DV03904-14-1024,,fallback
398398,DV03904-14-1065W,,fallback
398400,DV03904-14-1103,,fallback
398401,DV03904-14-1107W,,fallback
398408,NL2008-1158653,F2889:2|F3048:2|F7086:2|F7209:2,structured
398414,NL2008-1158423,F5963:2|F6829:2|F7030:2|F6881:3,structured
398419,NL2008-1158667,F2946:2|F6829:2|F6881:2|F7166:2,structured
398424,CHN2013-04-668572,,fallback
398527,NL2008-1158671,F5479:2|F6829:2|F6881:2|F6946:2,structured
398531,NL2008-1158673,F2470:2|F6829:2|F2486:3|F6881:3,structured
398546,NL2008-1158682,F5558:2|F6829:2|F6881:2,structured
398568,NL2008-1149986,F5458:2|F6829:2|F6963:2|F7232:2,structured
398600,NL2009-1889664,F5626:2|F5692:2|F7172:2,structured
398602,NL2009-1889635,F2946:2|F5593:2|F5676:2|F7166:2,structured
398603,NL2008-1158642,F6829:2|F6861:2|F6947:2|F7219:2,structured
398604,NL2008-1158654,F2889:2|F3048:2|F7086:2|F7209:2,structured
398608,CHN2014-09-410027,F4852:1|F4873:1,structured
398609,CHN2014-09-410035,,empty
398618,NL2008-1158452,F5469:2|F6829:2|F6881:2|F7055:2,structured
398621,NL2008-1158453,F5469:2|F6829:2|F6881:2|F7055:2,structured
398624,CHN2014-09-410036,,empty
398636,NL2008-1158669,F2485:2|F6895:2|F6963:2|F7232:2,structured
398637,NL2008-1158685,F2889:2|F3048:2|F7086:2|F7209:2,structured
398639,NL2009-1889656,F5692:2|F6829:2|F7172:2|F6881:3,structured
39865,,F466,fallback
398662,B15-3025197,F1094|F3116,fallback
398667,B13-3056155,F26|F3116|F3251,fallback
398668,B2012-2175528,F482:2|F694:2|F848:2|F3103:2,structured
398669,B13-3056161,F1582|F3116|F336,fallback
398676,NL2012-3233218,F587:2|F5574:3|F6877:3|F7020:3|F7037:3|F7067:3|F6950:4|F7101:4,structured
398677,NL2012-3233178,F5437:2|F6174:2|F6877:2|F7067:2,structured
398679,NL20012-3233221,F5574:2|F5710:2|F5913:2|F7037:2,structured
39868,CH2008-01-752830,,fallback
398681,NL2012-3223151,F6877:3|F7020:3|F7067:3|F6950:4|F7101:4,structured
398776,B12-4176506,F855:2|F1114:2|F2915:2|F2744:3,structured
398777,B2012-4176505,F855:2|F1114:2|F2915:2|F2744:3,structured
398781,,F1114|F3116|F855|F877,fallback
398782,,F1114|F3203|F486,fallback
398783,,F1114|F3203|F486,fallback
398788,,F224|F54,fallback
399074,,F2069,fallback
399132,,,empty
399228,BELG2010-6052032,F1349|F1507,fallback
399231,CHN2013-06-036004,,empty
399245,B2006-6145436,F94:2|F417:2|F618:2|F3295:2,structured
399247,,,fallback
399249,,F1114|F855|F877,fallback
399250,,F877,fallback
399251,,F1114|F188|F2744|F2915|F855|F877|F914,fallback
399252,,F159|F3116|F486|F877,fallback
399255,,F159|F3116|F486|F877,fallback
399256,,F1114|F188|F2744|F2915|F855|F877|F914,fallback
399261,,F1114|F188|F2744|F2915|F3116|F855|F877|F914,fallback
399263,,F1114|F3116|F855|F877,fallback
399265,B2012-4176541,F855:2|F1114:2|F2915:2|F2744:3,structured
399266,,F3116|F877,fallback
399267,B2012-4176546,F1610:1|F855:2|F1114:2,structured
399268,B2012-4176547,F1610:1|F855:2|F1114:2,structured
399269,,F1114|F855|F877,fallback
399270,,,fallback
399271,,F1114|F855|F877,fallback
399275,,F1114|F855|F877,fallback
399278,,F159|F1610|F372|F486|F877,fallback
399290,B2012-4281866,F1610:1|F877:2|F292:3,structured
399296,B2012-4281867,F1610:1|F877:2|F292:3,structured
399297,,F1114|F3116|F855|F877,fallback
399300,,F1114|F3203|F486,fallback
399313,B2012-4302395,F762:2|F1169:2|F1468:2|F3260:2,structured
399316,B2012-4313637,F372:2|F762:2|F763:2|F3260:2,structured
399330,B2012-4310401,F1169:2|F1468:2|F3260:2,structured
399458,B2005-6440153,F3030:2|F3167:2|F3324:2,structured
399459,B2005-6440154,F3030:2|F3167:2|F3324:2,structured
399523,B15-2071996,,fallback
399524,B15-2071982,,fallback
399525,B15-2071971,,fallback
399591,CHN2014-04881,,fallback
399615,,,fallback
399640,,,empty
399641,,,empty
399654,,,empty
399656,,,fallback
399660,,,empty
399662,,,empty
399663,,,empty
399691,,F1583,fallback
399692,,F1583|F1612,fallback
399693,,F1583,fallback
399695,,F1583,fallback
399701,,F1276|F3116,fallback
399705,,F1094|F3116,fallback
399708,BELG2013-3056091,,fallback
399714,,F3116,fallback
399776,CHN2006-23-080181,,empty
399779,,,fallback
399780,,,fallback
399781,,,fallback
399782,,,fallback
399783,,,fallback
399784,,,fallback
399785,,,fallback
399786,CHN09-23-086624,,fallback
399787,CHN08-23-000005,,fallback
399788,,,fallback
399789,,,fallback
399790,,,fallback
399791,,,fallback
399792,,,fallback
399793,,,fallback
399794,,,fallback
399795,,,fallback
399796,,,fallback
399797,,,fallback
399798,,,fallback
399799,,,fallback
399800,,,fallback
399801,,,fallback
399802,,,fallback
399803,,,fallback
399804,,,fallback
399834,DV0824-14-1497,F362:2|F881:2,structured
399843,DV2014-08943-895,F393:2|F855:2|F1114:2|F1427:2,structured
399935,CHN14-09-425405,,empty
399936,CHN13-10-798570,,fallback
399960,,,fallback
399961,,,fallback
399962,,,fallback
399963,,,fallback
399964,,,fallback
399965,,F2866|F3159,fallback
399966,,,empty
400138,B15-2071984,,fallback
400156,B15-2071989,,fallback
400166,BELG2014-4234003,,fallback
400170,BELG2014-4234033,F1581,fallback
400264,,,fallback
400273,BELG2007-3182014,F2486|F2676|F3001|F36,fallback
400287,,,fallback
400365,DV07237-12-1179,F1531,fallback
400399,CHN2015-09-0048334,,fallback
400402,CHN2015-09-0048347,F2233|F456,fallback
400403,CHN2015-09-0048348,F2233|F456,fallback
400418,BE15-6089222,,fallback
400421,NL11-1470292,F149:3|F3069:4|F3183:4,structured
400427,BE15-6089095,,fallback
400431,,F3116|F369,fallback
400433,CHN15-03-0671527,F314,fallback
400500,,,fallback
400509,NL11-1470295,,fallback
400697,CHN2011-06-316509,,fallback
400766,DV2000-523-02539,,empty
400826,,,empty
400885,,,empty
400897,,F224|F54,fallback
400927,,F2180,fallback
400929,,,fallback
400931,,F2963|F303,fallback
400933,,F2684|F742|F937,fallback
400939,,,fallback
400948,,F2054|F2073,fallback
400968,,,empty
400976,B2010-6031994,F1018:2|F1019:2,structured
401012,CHN14-32-179073,,fallback
401083,,,empty
401084,CHN2015-22-0742649,,empty
401108,CHN2012-06-209168,,fallback
401110,CHN2011-06-258097,,fallback
401111,CHN2012-06-209099,,fallback
401112,CHN2015-22-0742672,,empty
401114,,,empty
401196,BE12-6314391,,fallback
401197,BE12-6314357,,fallback
401278,CHN2015-04-0902380,,empty
401304,CHN2015-04-0903339,,empty
40131,DV05176-08-383,F177:2|F5190:2,structured
401317,BE13-6143752,,fallback
401326,CHN2015-04-0902380,,empty
401329,CHN2015-04-0903339,,empty
401350,,,fallback
401475,NL08-1654047,F2937|F3154|F3196,fallback
401515,,,empty
401517,,,empty
40164,CHN2015-08-0098887,,fallback
401643,CHN2012-15-197355,F3122:2|F5405:2|F2497:3,structured
401645,B05-6337096,F2553|F2725|F2780|F294|F2946|F2963|F2964|F3062,fallback
401653,CC2011-082553,F2614,fallback
401687,,,fallback
401733,,,fallback
401756,NL10-1357162,,fallback
401967,,F3170,fallback
402006,B15-6073078,F249,fallback
402009,,F249,fallback
402011,,F249,fallback
402014,,,empty
402043,CHN2015-06-0203799,F132|F2657|F839,fallback
402060,,F1389,fallback
402079,B15-6073245,F1153|F1376,fallback
402081,B15-6073186,F1371,fallback
402092,,F1209,fallback
402093,,,fallback
402095,,,fallback
402115,,F1553,fallback
402116,B15-6073260,F1553,fallback
402123,B15-6281124,F2007|F251,fallback
402125,B15-6073277,F1152|F1389|F2937,fallback
402126,B15-6073278,F1152|F1389|F2937,fallback
402373,CHN15-13-0100117,,fallback
402402,,,fallback
402403,,,fallback
402406,,F2957,fallback
402408,,,fallback
402410,,F2508|F2607,fallback
402411,,F2478|F2508,fallback
402413,,F2536|F2629|F2840|F3027,fallback
402701,NL08-1545453,,fallback
40276,NL2007-2054466,,fallback
40277,CHN2018-08-0286000,,fallback
402846,B12-3088156,F379|F714,fallback
402860,,,fallback
40294,CHN07-08-072267,F373:2|F3134:2|F5553:3|F6832:3,structured
402946,B2005-6266823,F2640|F2942,fallback
402993,CHN2008-33-008122,,fallback
402994,CHN2015-22-0742649,,empty
402996,CHN2011-06-313784,,empty
403011,,,empty
403023,,,empty
403025,,,empty
403031,,,empty
403036,,,empty
403114,,,fallback
403121,,,fallback
403198,,,empty
403200,,,empty
403213,,,empty
403224,,,empty
403225,,,empty
403232,CHN15-32-1186509,,empty
403240,CHN2006-01-166789,,fallback
403318,,,empty
403339,CHN10-03-484845,F76:1|F81:1,structured
403485,,,empty
403486,CHN2013-22-904988,,empty
403600,,F2577|F760|F910|F929,fallback
403648,,,empty
403914,,,fallback
403933,,,empty
404208,,,empty
404209,,,empty
404217,,,empty
404312,,,empty
404314,,,fallback
404318,,,fallback
404320,,,empty
404321,,,fallback
404413,,,empty
404496,,,empty
404658,CHN2011-32-912065,F2215:2|F2240:2|F2309:2|F6597:2,structured
404694,,,empty
404774,,,fallback
404779,,,fallback
404791,CHN2015-32-1240298,,empty
404804,,F1672,fallback
404833,CHN06-03-312716,,fallback
404844,CHN05-03-260660,F2714,fallback
404905,BELG2014-6175537,F1659,fallback
404992,CHN12-32-065338,,fallback
404997,,,empty
405246,,,fallback
405376,,,empty
405406,CHN2015-01-0005860,,fallback
405422,CHN07-22-998435,,fallback
405423,CHN11-22-1111804,,fallback
405424,CHN05-32-830515,,fallback
405425,CHN07-22-998174,,fallback
405427,CHN07-22-998506,,fallback
405429,CHN08-32-002563,,fallback
405430,CHN09-22-693225,,fallback
405431,CHN10-01-280490,,fallback
405433,CHN10-22-986027,,fallback
405435,CHN10-22-986310,,fallback
405437,CHN11-22-1111867,,fallback
405442,CHN12-22-000127,,fallback
405452,CHN12-22-000128,,fallback
405453,CHN12-22-000468,,fallback
405457,CHN13-22-886701,,fallback
405458,CHN13-22-886707,,fallback
405459,CHN13-22-887744,,fallback
405460,,,fallback
405461,,,fallback
405462,,,fallback
405463,,,fallback
405465,CHN05-32-830577,,empty
405467,CHN07-22-998273,,fallback
405468,CHN10-22-986524,,empty
405472,,,fallback
405473,CHN07-22-998551,,fallback
405474,CHN08-32-002449,,fallback
405480,CHN10-22-986399,,fallback
405482,CHN12-22-058316,,fallback
405485,CHN13-22-886629,,fallback
405490,CHN13-22-887740,,fallback
405497,CHN14-22-1242384,,fallback
405499,,,fallback
405502,,,fallback
405506,,,fallback
405507,,,fallback
405512,,,fallback
405515,,,fallback
405518,,,fallback
405519,,,fallback
405520,CHN08-22-694508,,fallback
405521,CHN10-22-986522,,fallback
405566,,,fallback
405573,CHN11-22-1111890,,fallback
405574,,,fallback
405576,,,fallback
405579,,,fallback
405581,,,fallback
405583,CHN10-22-986029,,fallback
405585,CHN12-22-009983,,fallback
405586,CHN12-22-077972,,fallback
405587,,,fallback
405589,,,fallback
405591,,,fallback
405594,,,fallback
405595,CHN10-22-986033,,fallback
405596,CHN10-22-986293,,fallback
405597,CHN10-22-986520,,fallback
405598,CHN11-22-1111840,,fallback
405599,CHN12-22-690246,,fallback
405600,CHN14-22-1585069,F1186,fallback
405601,,F1186,fallback
405602,,F1186,fallback
405603,,F1186,fallback
405611,B14-6240859,F295:2|F453:3|F1191:3|F3165:3,structured
405638,,,empty
405639,,,empty
405679,CHN13-22-886611,,fallback
405680,CHN13-22-887658,,fallback
405682,,,fallback
405683,,,fallback
405686,,,fallback
405688,,,fallback
405692,CHN03-22-874146,,fallback
405693,CHN09-22-610366,,fallback
405694,CHN10-22-986579,,fallback
405695,CHN12-22-077818,,fallback
405696,CHN13-22-887735,,fallback
405697,,,empty
405698,CHN14-22-1565001,,fallback
405699,CHN14-22-1585009,,fallback
405700,CHN2013-22-886784,,fallback
405701,,,fallback
405702,,,fallback
405703,,,fallback
405704,,,fallback
405705,,,fallback
405708,,,fallback
405709,,,fallback
405711,,,fallback
405718,,F760|F929,fallback
405719,,,fallback
405720,CHN11-22-1111808,,fallback
405721,CHN12-22-099832,,fallback
405724,CHN13-22-886775,,fallback
405725,CHN13-22-887742,,fallback
405726,,,fallback
405727,,,fallback
405729,,,fallback
405730,,,fallback
405731,CHN12-22-077817,,fallback
405733,CHN14-22-1585007,,fallback
405735,,,fallback
405736,,,fallback
405738,,,fallback
405740,CHN14-22-1242387,,fallback
405743,,F760|F929,fallback
405745,CHN12-22-690248,,fallback
405748,CHN10-22-985906,,fallback
405749,CHN13-22-1010605,,fallback
405751,,,fallback
405752,,,fallback
405754,,,fallback
405755,CHN14-22-1242393,,fallback
405758,CHN14-22-1242394,,fallback
405761,,,fallback
405762,,,fallback
405766,,,fallback
405770,B2010-6236911,,fallback
405773,B2014-3155914,F1074|F382|F906|F922,fallback
405779,,,empty
405813,,,fallback
405835,CHN08-06-302057,,fallback
405845,,,fallback
405923,CHN14-32-176989,,fallback
405934,,,fallback
405959,,,empty
405961,,,fallback
405986,,F2425,fallback
405987,,F81,fallback
406205,NL2014-1587660,,fallback
406229,,,fallback
406230,,,fallback
406231,CHN2011-03-881259,,empty
406246,B13-3013588,F1422,fallback
406260,CHN2015-22-0742639,,empty
406278,,,fallback
406279,,,fallback
406287,,,fallback
406290,,,fallback
406296,,F2158|F2182,fallback
406361,,,fallback
406377,,,empty
406406,,,fallback
406410,,,fallback
40646,NL04-0433822,,fallback
406461,,,empty
406481,,,fallback
406521,,,empty
406522,,,empty
406531,,,empty
406532,,,empty
406544,,,empty
406556,,,empty
406558,,,empty
406581,,,empty
406637,,,empty
406689,,,empty
406691,,,empty
406694,,F3175,fallback
406699,,,fallback
406701,CHN2015-17-0226391,,empty
406771,,,empty
406786,,,empty
406818,BELG11-6265260,F2395|F2410|F2413|F2456|F2467|F2544|F2545|F2546|F2547|F2640|F2705,fallback
406837,CHN2014-03-379536,F3206|F486|F674,fallback
406840,CHN2015-03-0422004,F3203|F3206|F3356,fallback
406841,CHN2015-03-0422006,F3356,fallback
406842,CHN2015-03-0422026,F3356,fallback
406843,CHN2015-03-0422049,F3203|F3206|F483,fallback
406846,CHN2015-03-0422241,F3203|F3206,fallback
406847,CHN2015-03-0422247,F3356,fallback
406865,CHN2015-03-0422308,F3206|F486|F674,fallback
406866,CHN2015-03-0422383,F3203|F3206,fallback
406967,GFL115-2010,,fallback
407014,CHN12-32-094137,,empty
407044,GFL208-2010,,fallback
407050,GFL229-2010,,fallback
407054,GFL239-2010,,fallback
407077,GFL79-2011,,fallback
407079,GFL282-2011,,fallback
407101,GFL281-2011,,fallback
407121,GFL492-2010,,fallback
407140,GFL144-2011,,fallback
407141,GFL143-2011,,fallback
407143,GFL196-2011,,fallback
407145,CHN13-32-094715,,fallback
407181,CHN13-32-094716,,fallback
407198,CHN2014-03-378288,F3356,fallback
407200,CHN2015-03-0422047,F3356,fallback
407204,CHN2015-03-0422118,F3356,fallback
407207,CHN2015-03-0422216,F3356,fallback
407293,,,empty
407294,,,empty
407297,,,empty
407300,,,empty
407326,,,fallback
407327,GFL80-2011,,fallback
407334,,,fallback
407347,,F2782|F3040|F3041,fallback
407382,GFL134-2011,,fallback
407383,GFL162-2011,,fallback
407387,GFL85-2011,,fallback
407390,GFL204-2011,,fallback
407391,GFL53-2011,,fallback
407480,,,fallback
407487,,,fallback
40751,CHN03-01-539030,,fallback
407513,,,empty
407514,,,empty
407540,,,empty
407565,,,empty
407569,,,empty
407573,,,empty
407641,,,empty
407648,,,empty
407672,BELG2011-9079513,,fallback
407745,,,empty
407988,,,empty
407994,,,empty
408015,CHN2015-03-0422008,F3356,fallback
408016,CHN2015-03-0422099,F3356,fallback
408017,CHN2015-03-0422100,F3356,fallback
408116,,,fallback
408123,,,fallback
408347,,F2782|F3040|F3041,fallback
408390,,F2426|F2654,fallback
408411,B11-6327032,F100|F1209,fallback
408428,CHN2011-32-569971,,fallback
408488,,,fallback
408500,,F963,fallback
408513,,,fallback
408514,,,empty
408516,,F963,fallback
408517,,F963,fallback
408519,,,fallback
408520,CHN2009-32-229657,,fallback
408522,,,fallback
408524,,,fallback
408525,,,fallback
408527,,,fallback
408528,,,fallback
408529,,,fallback
408530,,,empty
408536,,,empty
408538,,,fallback
408617,,,fallback
408692,CHN2015-01-1182631,,fallback
408886,,,fallback
408904,,F179,fallback
408971,CHN99-005581,,fallback
408999,,,fallback
409092,,,empty
409145,,,empty
409146,,,empty
409332,CHN09-09-432887,F3000|F349,fallback
409383,,,fallback
409415,,,fallback
409445,CHN14-01-1016203,F1556,fallback
409483,CHN2014-779546,,empty
409638,,,empty
409707,,,empty
409767,CHN14-10-985477,,empty
409768,CHN14-01-06131,,fallback
409769,CHN14-01-04832,,fallback
409770,CHN14-09-425828,,fallback
409886,GFL127-2010,,fallback
409887,GFL252-2010,,fallback
409889,GFL496-2010,,fallback
409890,GFL510-2010,,fallback
409891,NL13-1520794,F5951:2|F6096:2|F7201:2|F7202:2,structured
409892,GFL511-2010,,fallback
409894,GFL535-2010,,fallback
409897,GFL579-2010,,fallback
409906,CHN12-32-093383,,empty
410002,NL15-1163351,,fallback
410004,NL15-1163354,,fallback
410024,CHN2015-03-04873,,fallback
410051,,,empty
410131,,,fallback
410133,,,fallback
410211,CHN2012-15-189098,F2465:2|F6796:2|F2405:3|F6762:3,structured
41034,NL07-5724622,F177:2|F5190:2,structured
410523,CHN15-32-0651037,,empty
410759,NL05-2016728,F644:1|F7165:1,structured
410925,BELG09-3167999,,fallback
410951,,F2461,fallback
411195,,,empty
411238,BELG2007-2228251,F2534:2|F2601:2,structured
411241,BELG2006-2215291,F517:2|F686:2|F2894:2|F5721:2,structured
411242,B07-2228247,F23:2|F499:2|F2755:2|F3258:2,structured
411248,BELG2007-2231348,F84:2|F323:2|F2759:2|F5539:2,structured
411253,B05-3005462,F2419:2|F2432:2|F2502:2|F2531:2,structured
411255,BELG2007-2228252,F2534:2|F2601:2,structured
411260,B05-4395807,F225:2|F2624:2|F2670:2|F3018:2,structured
411274,B14-2041178,F3524:2|F3526:2|F3577:2|F4134:2,structured
411276,B14-2041177,F3524:2|F3526:2|F3577:2|F4134:2,structured
411300,B14-2206743,F868:2|F1069:2|F1070:2|F1563:2,structured
411308,B14-2206741,F167:2|F1435:2,structured
411325,C15-0133405,,empty
411334,C15-0133417,,empty
411337,C15-0133419,,fallback
411338,C15-0133420,,fallback
411362,C15-0133429,,fallback
411365,C15-0133457,,fallback
411370,C15-0133458,,fallback
411377,C15-0133465,,empty
411379,C15-0133467,,fallback
411380,C15-0133468,,fallback
411394,C15-0131361,,fallback
411395,C15-0131577,,fallback
411396,C15-0131576,,fallback
411401,C15-0131344,,fallback
411402,C15-0131340,,empty
411452,,,empty
411479,,,empty
411502,,,empty
411506,B15-2307141,,fallback
411694,CHN2008-06-402280,,fallback
41174,,,fallback
41182,BELG2004-3230876,F4331:1,structured
411848,NL11-1955667,F2752,fallback
411944,CHN06-06-130895,,fallback
41195,BELG2004-3230875,F4331:1,structured
41198,,F1581|F2680|F2812,fallback
41204,T1999-591591,F2849:1,structured
41209,NL2008-3830333,,fallback
41215,BELG2007-4081813,,fallback
412159,CHN13-03-222397,F2738,fallback
41217,NL2005-0534554,,fallback
41219,BELG2006-3008001,F4486:1,structured
412329,,,empty
412352,,F2455,fallback
41265,CHN2000-03-206251,,fallback
41273,BELG2009-3095001,F4318:1|F4332:1,structured
412804,CHN2015-12-0238128,,empty
412812,,,fallback
412826,CHN2014-12-270162,,empty
41288,,,fallback
412883,,,fallback
412886,BE10-5114010,,fallback
412953,,,empty
41304,B08-2108383,F304:2|F3243:2|F2439:3|F2681:3,structured
413092,CHN2015-09-0301013,,empty
413103,CHN2015-09-0300980,,empty
413108,CHN2015-09-0300994,,empty
413113,CHN2015-09-0301009,,empty
413126,CHN2015-09-0300988,,empty
413127,CHN2015-09-0382555,,empty
413129,CHN2015-09-0382557,,empty
413133,,F2606|F2728|F2789|F3049,fallback
413193,B09-6040461,F2946,fallback
41326,T06-21109,F3175,fallback
413297,CHN2015-0200633,,fallback
413311,CHN15-04-0869100,,fallback
413313,CHN2015-04-0869096,,fallback
41340,CHN03-01-286713,,empty
413584,CHN2016-15-0320510,F4723:1|F6179:2|F6192:2,structured
413740,,,empty
413750,,F3175,fallback
413760,,F3175,fallback
413765,,F3175,fallback
413781,,,fallback
413783,NL08-5820810,F4493:1|F6046:1,structured
413841,BE2014-3150582,F369,fallback
413883,B15-6177152,F404:2|F490:2|F3033:2,structured
41395,,,empty
413953,,,empty
414113,BELG2010-6200552,F2463:2|F2661:2,structured
414124,CHN15-15-0038876,F152|F99,fallback
414195,CHN2015-15-0478811,F1030|F1221,fallback
414205,CHN2015-03-1210901,,fallback
414208,CHN2009-04-136670,,empty
414369,,,empty
414371,,,empty
414380,,,empty
414385,CHN12-32-065581,,fallback
414520,CHN2015-031210902,,fallback
414527,C15-03-1210905,,fallback
414533,C15-01-0707104,,fallback
414536,C15-01-0707164,,fallback
414654,,F1658|F1948,fallback
414890,,,fallback
414896,,,fallback
414959,,,empty
414960,,,empty
415046,,,fallback
415049,,F3048,fallback
415057,NL2009-1889688,,fallback
415072,,,fallback
415125,,,empty
415159,B08-4346812,,fallback
415161,B14-4148085,F1469:1|F1730:1,structured
415165,B06-4381760,,fallback
415226,,F217|F2916,fallback
415241,B11-3172131,F34:2|F201:2|F2907:2|F3239:2,structured
415356,,,fallback
415357,,F1174,fallback
415363,,,fallback
415364,,,fallback
415386,B11-4244041,F2753,fallback
415387,,,fallback
415390,B10-4324832,,structured
415391,,F217,fallback
415432,NL09-1517556,,fallback
415524,CHN2014-03-379535,F3206|F486|F674,fallback
415526,CHN2014-03-379564,F3206|F486|F674,fallback
415529,CHN2015-03-0422317,F3206|F486|F674,fallback
415530,CHN2015-03-0422046,F3206|F486|F674,fallback
415598,CHN12-03-111634,F485:2|F2802:2|F2887:2|F3206:2,structured
415638,,,empty
415641,,,empty
415666,CHN12-03-111345,F314:2|F2802:2|F2887:2,structured
415685,,,empty
415979,,,empty
41630,B07-6383591,F671,fallback
416369,CHN2015-22-0997659,,empty
416390,,,empty
416393,,,empty
416394,,,empty
416495,C15-260816,,fallback
416500,C14-244782,,empty
416555,,,fallback
416557,,F3200,fallback
416851,,,empty
416854,,,fallback
416856,,,empty
416867,,,fallback
416897,,,empty
416913,,,empty
417158,,,fallback
417163,,F1009,fallback
417168,B06-6188406,F105:1,structured
417169,B10-6038123,F274:2|F412:2|F2407:2|F2952:2,structured
417170,B11-6265322,F3202:2|F3164:3|F3184:3|F2402:4|F2492:4,structured
41720,B08-6340424,F3073,fallback
417211,,,empty
417255,,F3116|F3234,fallback
417382,CHN08-06-173029,F2601,fallback
417386,,,empty
417438,NL2006-2162376,F6902:2|F6944:2|F7106:2|F7108:2,structured
417448,NL2005-1394818,F5632:2|F6845:2|F7058:2|F7109:2,structured
417451,NL2006-2162351,F6805:2|F6845:2|F7032:2|F7033:2,structured
417454,NL2006-2162233,F5547:1|F6944:2|F7106:2,structured
417458,NL2009-1214861,F5546:2|F6022:2|F7236:2|F342:3|F2470:3,structured
417505,DV2012-01769-304,F5262:2,structured
417508,DV2012-01769-220,F5216:2|F5217:2,structured
417527,DV2012-01769-304,F5262:2,structured
417557,,,empty
417576,,,empty
417598,B13-2053493,F1405|F2671|F863,fallback
417625,,,empty
417638,,,empty
417646,,,empty
417728,,,fallback
417732,,,fallback
417743,B10-6181616,,fallback
417781,B11-1045652,F5570:2|F5748:2|F5949:2|F5664:3|F5745:3,structured
417819,,F1628,fallback
417877,B09-2054139,F2737|F3267|F57,fallback
417933,B11-6325608,F104:2|F415:2|F1190:2|F2407:3,structured
417972,TFPF2010-259661,F2422|F2425,fallback
417980,TFPF2011-172214,F2422|F2425,fallback
417997,NL2012-1742242,,fallback
418017,,,fallback
418058,CHN2014-16-182623,F2110,fallback
418126,,F2400,fallback
418129,B14-2216405,F15,fallback
418134,DV02065-13-231,F14,fallback
418245,,,fallback
418264,CHN13-06-196809,F2360:1|F1266:2|F1269:2,structured
418269,CHN13-06-196808,F2360:1,structured
418278,,,fallback
418284,,F372,fallback
418285,,F1169|F1468|F3135|F3260|F762,fallback
418287,,,fallback
418338,,F2752|F601,fallback
418379,CHN2015-13-0100154,,empty
418386,,,empty
418464,,,fallback
418466,,,fallback
418467,,,fallback
418601,B14-4148069,F689:2|F1279:2|F3127:2,structured
418602,B14-4148066,F59:2|F380:2|F689:2|F3127:2,structured
418605,B14-4148048,F689:2|F1279:2|F3127:2,structured
418606,B14-4148062,F920:2|F1279:2|F689:3|F3127:3|F3262:3|F54:4|F2685:4,structured
418629,,,empty
418693,CHN2015-3831,,fallback
418770,,,empty
418796,CHN2015-01-1162089,,fallback
418898,,,fallback
418944,NL2007-1768657,,fallback
419041,,,fallback
419093,,,empty
419123,NL2013-1312644,,fallback
41917,CHN10-01-203520,,fallback
41918,,F2403|F2426|F2797|F2878|F3326,fallback
419195,,,fallback
419206,,,empty
419266,,,empty
419403,NL2007-5729682,F4491:2|F4492:2,structured
419404,CHN2014-32-188980,F4492:2|F6873:2|F6891:2|F4491:3,structured
419405,NL2007-5729680,F4491:2|F4492:2,structured
419412,,,empty
419570,,F1468|F1723|F563,fallback
419599,,F2925,fallback
419604,,,fallback
419607,,,fallback
419621,,,fallback
419629,,,empty
419631,,,fallback
419659,,,fallback
419661,,,empty
419662,,,empty
419667,,,fallback
419670,,,fallback
419671,,,fallback
419688,,,fallback
419691,,,fallback
419693,,,empty
419698,,,fallback
419709,,,fallback
419714,,,empty
419716,,,fallback
419718,,,fallback
419722,,,fallback
419724,,,empty
419742,,,fallback
419751,,,fallback
419753,,,fallback
419754,,,fallback
419758,,,fallback
419766,,,fallback
419767,,,fallback
419769,,,empty
419776,,,empty
419787,TFPF2010-259740,,fallback
419796,,,empty
419808,,,empty
419811,,,empty
419816,,,fallback
419819,,,empty
419822,,,fallback
419826,,,fallback
419860,,,empty
419861,,,fallback
420036,,F15|F1811|F863|F864,fallback
42004,,,empty
420078,,,fallback
420242,CHN2016-15-0337998,F4732:1|F6179:2|F6192:2,structured
420405,CHN13-15-210070,F6179:1|F6192:1,structured
420406,,,fallback
420411,CHN15-06-0367614,,fallback
420444,CHN17-01-0711119,F3101,fallback
420483,DV2011-07454-54,F4477:2|F4481:2,structured
42053,BELG2005-3006862,F4288:1,structured
420547,BELG2006-2082239,F4225:1|F4278:1,structured
420565,CHN2016-15-0212270,F4721:1|F6453:1,structured
420815,B11-6333642,F4410:2,structured
420828,B11-6333700,F4300:2|F4323:2|F4324:2|F4367:2,structured
420892,,,empty
420922,B2014-6091996,F1996,fallback
421090,,F658,fallback
421120,,,empty
421150,,F3040|F3041,fallback
421171,B12-6307296,F4264:2|F4349:2|F4444:2|F4445:2,structured
421251,,,empty
421253,,,fallback
421262,,,empty
421269,,F1196,fallback
421273,,,fallback
421278,,F1027|F1028,fallback
421286,,,fallback
421513,B2005-6357030,,fallback
421521,B07-6390318,F2556:2|F2650:2|F2970:2|F2408:3|F2462:3,structured
421588,CHN2015-01-0103075,,fallback
421693,,,empty
42174,,,fallback
421877,B2005-3183517,,fallback
421912,B2007-3206722,,fallback
421919,CHN2015-16-0058072,,fallback
421930,,,fallback
421931,,,fallback
421941,,,fallback
422111,B11-6174526,F468:2|F1343:2|F2877:2|F3342:2,structured
422129,B07-6157947,F446:2|F468:2|F2877:2|F3178:2,structured
422139,B11-6174478,F468:2|F995:2|F1203:2|F1343:2,structured
422148,B11-6174484,F115:2|F446:2|F469:2|F3344:2,structured
422149,B11-6174550,F115:2|F469:2|F832:2|F833:2,structured
422176,CHN2013-17-053883,F108|F110|F2407|F2940|F514,fallback
422179,B13-6027112,F404:2|F2880:2|F2934:2|F3033:2,structured
422180,B13-6027188,F404:2|F1217:2|F7042:2|F2415:3|F2438:3,structured
422208,,,empty
422222,CHN2015-15-0038869,F1696,fallback
422233,CHN2014-15-278369,F5797:1|F5639:2,structured
422269,B2010-6146369,F2866|F2937|F3154|F3159|F3196,fallback
422331,CHN2018-03-0222128,F6531:3|F6542:3|F6600:3|F6605:3,structured
422343,CHN2018-03-0222070,F2246:3|F6500:3|F6531:3|F6552:3|F6674:3|F6542:4|F6605:4,structured
422352,CHN2017-03-0077625,F2165:3|F2215:3|F4787:3|F4800:3|F2097:4|F2125:4|F3091:4|F6489:4|F6498:4|F6510:4|F6542:4|F6556:4,structured
422353,B12-6235192,F1539:1|F823:2|F1325:2,structured
422395,CHN2018-03-0222200,F6674:2|F6531:3|F6551:3|F6600:3|F6645:3|F6648:3|F6542:4|F6605:4,structured
422396,CHN2018-03-0222346,F4797:3|F4798:3|F6531:3|F6542:3|F6600:3|F6605:3|F6674:4|F6551:5|F6645:5|F6648:5,structured
422427,CHN2016-03-0900891,F6551:3|F6600:3|F6645:3|F6648:3|F2097:4|F2125:4|F3091:4|F6489:4|F6498:4|F6510:4|F6542:4|F6556:4,structured
422431,CHN2018-03-0222988,F2097:3|F2125:3|F2165:3|F2215:3|F3091:3|F4787:3|F4800:3|F6556:3,structured
422560,TFPF2013-151468,,fallback
422596,TFPF2008-149234,F2849,fallback
422665,,,fallback
422698,,,empty
422768,BE14-3150656,F4287:2|F4303:2|F4335:2|F4342:2,structured
422815,BE14-3150545,F4240:2|F4244:2|F4280:2,structured
422825,BE14-3150608,F4319:2|F4318:3|F4332:3,structured
422840,BE14-3150657,F4336:2|F4345:2|F4354:2|F6676:2,structured
422851,BE14-3155931,F4336:2|F4354:2|F4428:2|F4883:2,structured
422855,BE14-3155934,F4355:2|F4393:2|F4451:2|F4470:2,structured
422860,B14-2206616,F1692:1|F1691:2|F1238:3|F1241:3,structured
422863,BE14-3155972,F4253:2|F4306:2|F4358:2|F4379:2,structured
422876,B2012-6306315,F1885|F3307,fallback
422884,B2012-6306301,F1033|F2407|F2413|F2467|F2545|F2546|F2659|F640|F991|F993,fallback
423001,,,fallback
423054,,F2400|F2521|F3087,fallback
42326,,,fallback
42327,,,fallback
423273,,F211,fallback
423287,,,empty
423293,,,fallback
423308,,,empty
423310,,,empty
423419,,,fallback
423432,BE14-1053509,F4392:2|F4411:2|F4412:2,structured
423444,BELG2014-1053503,F4301:2|F4400:2|F4316:3|F4217:4|F4243:4,structured
423499,BELG2014-1053515,F4316:2|F4415:2|F4217:3|F4243:3|F4277:3|F4302:3,structured
42388,CHN02-01-495019,,fallback
423895,,F211,fallback
423932,BELG2014-1053534,F4343:2|F4277:3|F4302:3|F4316:3|F4415:3|F4217:4|F4243:4,structured
423950,NL12-1130740,F222:2|F3116:2,structured
423961,NL10-1164549,F179:2|F714:2|F3116:2,structured
423976,BELG2014-1053531,F4286:2|F4333:2|F4378:2|F4426:2,structured
423982,BELG2014-1053527,F4415:2|F4277:3|F4286:3|F4302:3|F4333:3,structured
424014,CHN15-13-0100131,,fallback
424034,BELG2006-9123115,F4217:2|F4243:2|F4259:2|F4266:2,structured
424159,BELG2013-3160860,F1065|F1431|F3116|F520,fallback
424246,,,empty
424288,BELG2012-6307262,F1554|F1786,fallback
424305,,,fallback
424342,B03-3241949,F2399|F2469|F2746,fallback
42435,CHN05-01-446983,,empty
424357,CHN2017-03-0772256,,fallback
424376,BELG12-4048019,,empty
424380,,,empty
424392,CHN13-03-504880,F5210:2|F5342:2|F6171:2,structured
424393,CHN13-26-028822,,empty
424397,,,empty
424416,,,empty
424417,,,empty
424437,,,empty
424458,,F2782|F3040|F3041,fallback
424480,B09-6111627,F459:2,structured
424508,,,fallback
42452,,,fallback
424520,CHN2017-03-0772232,,empty
424538,,F2701,fallback
424564,BELG2014-4215608,F4264:2|F4274:2|F4382:2,structured
424587,BELG2014-4215749,F4281:2|F4359:2|F4264:3,structured
42459,CHN02-10-062210,,empty
424598,CHN2014-03-662208,,empty
424607,B2003-6266214,F2467:2|F3186:2|F4214:2,structured
424626,,,empty
424633,CHN2017-03-0772231,,empty
424665,,,empty
424688,BELG13-6075336,F1485|F1553|F1664,fallback
424703,B12-6142628,F1178:1|F1180:1,structured
424714,C15-14-0133508,,empty
424819,B14-6070323,F834:2|F1382:2,structured
424851,,,fallback
424863,,F1169|F666,fallback
424875,CHN2015-06-0067843,F4908:1|F4100:3,structured
424881,,F666,fallback
424893,,F1169|F1335|F666,fallback
424927,,,fallback
424933,,,fallback
424936,,,fallback
424938,,,fallback
424941,,,fallback
425005,T03-157539,F4532:1|F2039:2|F2040:2,structured
42523,,,fallback
425333,,,empty
425334,,,empty
425371,,F2553|F2725|F2780|F2946|F2963|F2964|F3062,fallback
425398,BELG09-5061593,F766,fallback
425403,,,fallback
425406,B11-3002098,F570:1,structured
425411,CHN2015-01-0103022,,fallback
425412,BELG2004-6245526,F5251:2|F5252:2|F5972:2|F5188:3|F5189:3,structured
425440,,,fallback
425627,,,empty
425716,CHN2014-01-970514,F1135|F1680,fallback
425858,CHN2015-33-0095996,F1232,fallback
425862,,F2403|F2426|F2722|F2797|F2878|F3326,fallback
425937,,F2577|F3260|F910|F937,fallback
425942,CHN12-03-111909,F7167:2|F7260:2,structured
425989,BE15-3025150,F4118:2|F4119:2|F4127:2,structured
425990,BE15-3025149,F4118:2|F4119:2|F4127:2,structured
426033,BELG2014-6300883,F3180|F3347,fallback
426039,,,fallback
42607,,,empty
42610,,,empty
426127,,,fallback
426128,,,fallback
426129,,,fallback
426130,,,fallback
426154,,F3170,fallback
426156,,F3170,fallback
426162,,,fallback
426167,,,empty
426172,,,fallback
426173,,,fallback
426181,,,fallback
426227,CHN2014-33-119269,F1232,fallback
42635,,,fallback
42639,,,fallback
42644,CHN03-01-368041,,fallback
426564,CHN2015-17-0171218,,empty
426565,,F3116,fallback
426566,CHN2015-17-0171219,,empty
426567,CHN2015-17-0278282,,empty
426570,,F2683|F3116|F360,fallback
426574,,F3116,fallback
426641,C15-17-0197016,,empty
426653,NL12-1755894,F2593|F2776|F2777|F2858|F2861|F3322|F3352|F467,fallback
426661,,,empty
426662,,,empty
426663,,,empty
426674,CHN06-06-273651,,fallback
42669,NL08-5818382,,fallback
426765,,,fallback
426774,NL10-1839074,,fallback
426875,,,fallback
426877,,F2860|F3089,fallback
426908,,F2680|F2683|F2812|F3116,fallback
426936,CHN2015-01-0739544,,fallback
426950,,,empty
426951,,,empty
426952,,,empty
426971,,F192,fallback
427012,B2007-6011035,F2546:2|F2640:2|F2641:2|F2903:2,structured
427033,,F2407|F3307,fallback
427043,NL15-1364169,,fallback
427048,NL15-1364368,,fallback
427104,,,fallback
427114,BE15-4265894,,fallback
427121,,F2038|F3170|F821,fallback
42718,CHN2008-06-302058,,fallback
427266,CHN15-06-0367454,,fallback
427267,,,fallback
427334,,F197|F3116|F3241,fallback
427337,,F1094|F181|F198|F3116,fallback
427400,,,empty
427503,CHN2015-03-0422050,F3203|F3206|F483,fallback
427587,,,empty
427699,B2008-6371024,,fallback
427711,,F2797|F2878|F3326|F3327,fallback
427734,B13-6018501,,fallback
427736,B2010-6052503,,fallback
427753,B2011-2083771,,fallback
427767,B2008-6371168,,fallback
427770,B2013-6018503,,fallback
42780,B01-4424713,,fallback
427819,,,empty
428157,CHN2015-03-1213045,,fallback
428293,,,fallback
428295,,F326,fallback
428306,,F326,fallback
428307,,,fallback
428337,CHN2015-03-0005724,,empty
428363,CHN2015-03-1099217,,empty
428365,CHN2016-03-0112221,,fallback
428471,B15-2307142,,fallback
428545,CHN14-09-089727,F4678:1|F4702:1,structured
428587,,,fallback
428600,CHN2018-03-0222995,F2097:3|F2125:3|F3091:3|F6556:3|F2165:4|F2215:4|F4787:4|F4800:4|F6489:5|F6498:5|F6510:5|F6542:5,structured
428604,CHN2018-03-0222813,F4924:1|F2165:4|F2215:4|F4787:4|F4800:4|F2097:5|F2125:5|F3091:5|F6489:5|F6498:5|F6510:5|F6542:5|F6556:5,structured
428606,CHN2018-03-0222121,F6496:3|F6542:3|F6566:3|F6574:3|F6600:3|F6605:3|F6650:3,structured
428617,NL2015-1706756,F6551:2|F6600:2|F6701:2|F6703:2,structured
428621,,,fallback
428659,,,fallback
428665,,,fallback
428669,,,fallback
428730,CC2011-082004,F4294:2|F7023:2,structured
428799,,,empty
428802,,,empty
428852,B15-3025348,F906:2|F1074:2|F3116:2|F2680:3|F2812:3,structured
428858,B15-3025355,F2746:3|F3116:3,structured
428875,B15-3025356,F2746:3|F3116:3,structured
428878,CHN2015-01-0999621,F152|F99,fallback
428881,BE12-6055555,,fallback
428928,CHN2013-02-080457,,fallback
428945,,,fallback
428958,,,fallback
429065,,,empty
429188,CHN2015-10-0563011,,empty
429190,B2006-6154804,,fallback
429200,B15-2307158,F764|F921,fallback
429242,,F2403|F2426|F2722|F2797|F2878|F3326,fallback
429313,,,fallback
429345,,,empty
429348,,,empty
429417,,,fallback
429464,CHN15-0077509,F6283:1|F6691:1,structured
429467,,F2553|F2725|F2780|F294|F2946|F2963|F2964|F3062,fallback
429479,,F2553|F2725|F2780|F294|F2946|F2963|F2964|F3062,fallback
429482,CHN2015-33-0095959,,fallback
429491,CHN2015-33-0095989,F1058,fallback
429520,CHN2015-33-0095998,,fallback
429532,CHN2015-33-0095981,,fallback
429543,,,fallback
429560,GFL07-1044,,fallback
429566,GFL05-931,,fallback
429632,B15-2062224,,fallback
429642,B15-2062404,F1071|F1181|F510|F773|F878,fallback
429662,B15-2062259,,fallback
429698,,,empty
429700,,,empty
429705,,,fallback
429713,,,fallback
42974,NL01-0179465,F5436:1|F6868:1,structured
429742,IF2015-5183,,fallback
429744,,,fallback
429746,IF2015-5105,,fallback
42977,NL07-3762465,,fallback
42979,NL03-0338901,,fallback
42980,NL05-0521494,,fallback
429866,CHN18-2011-010620,,empty
429987,CHN09-09-179837,,fallback
429996,CHN10-09-170681,,fallback
430007,CHN2019-10-0529560,F2925,fallback
430016,CHN09-09-179812,,fallback
430018,CHN10-09-170630,,fallback
430033,B2009-6040505,F2553:2|F2780:2|F2725:3,structured
430034,B2011-6240202,,fallback
430036,B2007-6363806,F2553:2|F2874:2|F3069:2|F2725:3,structured
430049,DV03904-11-316,,fallback
430052,DV03904-15-343,,fallback
430054,CHN13-03-1191800,,empty
430055,DV03904-13-804,,fallback
430059,CHN14-03-1003437,,fallback
43006,,,fallback
430060,DV03904-15-739,,fallback
430079,DV03904-14-28W,,fallback
430080,,,fallback
430083,DV03904-15-510,,fallback
430085,,,fallback
430086,CHN13-09-118910,,fallback
430087,DV03904-15-509,,fallback
430091,,,fallback
430093,DV03904-15-359,,fallback
430104,CHN12-09-108800,,fallback
430185,DV03904-15-378,,fallback
430217,CHN18-2015-0025767,,empty
430218,,,empty
430244,,,empty
430250,CHN10-09-170669,,fallback
430258,CHN15-09-0119520,,empty
430263,B07-6221325,F2954,fallback
430269,B11-4244478,,fallback
430274,,,empty
430282,DV03904-15-384,,fallback
430295,B11-4244417,,fallback
430336,,,fallback
430343,BELG2010-6246167,,fallback
430350,BELG2010-6246167,,fallback
430355,B11-4244402,F2916|F813,fallback
430518,,,empty
430523,,,empty
430534,B2004-6074821,F2866|F3159,fallback
430535,,,empty
430539,B2006-6147527,F309|F3155,fallback
43078,TFPF08-149478,F2391|F2407|F2410|F2467|F2545,fallback
430786,B2015-2072009,,fallback
430795,B2015-2070202,,fallback
43083,T07-370065,,empty
430836,B05-6451820,,fallback
430838,B2015-2072001,,fallback
43090,TFPF06-632381,,fallback
430903,B2014-6097234,,fallback
430911,NL2011-1733401,,fallback
43092,CHN06-10-150999,,empty
431044,,,empty
431050,,,empty
431063,,,fallback
431064,,,empty
431066,,,empty
431067,,,fallback
431109,CHN2013-15-103913,F4878:1,structured
431110,CHN2013-15-175817,F4793:1,structured
431112,CHN2013-15-175913,F6980:2|F7114:2,structured
431156,NL10-1164680,F2815:2|F2816:2|F3116:2,structured
431182,B11-3123801,F183:2|F2905:2|F2999:2|F3246:2,structured
431210,,,empty
431213,B11-3123806,F196:2|F208:2|F3123:2|F3124:2,structured
431217,NL11-1343916,F5577:2|F5611:2|F5980:2|F6060:2,structured
431310,,,empty
431408,,,fallback
431412,BELG2013-6057025,F4363:1|F4440:1,structured
431497,,,empty
43151,CHN06-10-015988,F2925,fallback
43159,,,empty
43160,,,empty
43162,,,empty
43168,,,empty
43169,,,empty
43173,,,empty
43174,,,empty
43175,,,empty
43176,,,empty
43177,,,empty
43178,,,empty
43179,,,empty
43193,,,empty
432118,,,empty
432119,,F615|F897,fallback
432120,,,empty
432121,,,empty
432123,,F615|F897,fallback
432124,,F260|F628,fallback
432129,,,empty
432130,,,fallback
432135,,,empty
432139,,,empty
432140,,F260|F628,fallback
432142,,,empty
432144,,,empty
432145,,,fallback
432186,,,fallback
432243,,,fallback
432308,,,empty
432314,,,empty
432316,,,empty
432320,,,empty
432324,,,empty
432353,B2005-6085555,,fallback
432356,B2008-6338876,F2594|F2859|F3087,fallback
432357,B2013-3148691,,fallback
432359,DV6720-07-699,,fallback
432415,BE09-6111534,F1518,fallback
432540,,,fallback
432544,,,empty
432563,,,fallback
432566,,,fallback
432631,,,empty
432661,B2015-2072012,,fallback
432669,B2015-2072010,,fallback
432673,CHN2014-10-220040,,empty
432785,BELG2009-6358263,,fallback
432842,CHN2009-03-000246,,fallback
432863,,F2136|F2688|F2689,fallback
432907,B2011-6091593,F100|F1213|F1321|F1485|F1553|F1664|F627|F788,fallback
432910,,,fallback
433020,,F3116|F48,fallback
433079,,,fallback
43310,,,fallback
433100,,,fallback
433133,CHN14-09-089759,,empty
433261,,,empty
433263,,,empty
433268,,,empty
433276,,,fallback
433279,CHN2011-05-066800,,fallback
433284,,F1609|F1913,fallback
433302,,,empty
433317,,,empty
433339,,,empty
433348,,,empty
433381,B13-6035386,,fallback
433383,,,empty
43339,,,empty
433410,B15-6036585,F1322|F1652,fallback
433423,B2015-2072007,,fallback
433427,B15-6036592,,fallback
433431,B15-6036584,F1322|F1652,fallback
433436,B15-6036595,,fallback
433439,B15-6036602,,fallback
433443,B15-6036591,,fallback
433455,B2015-6279697,F1675:1|F1201:2|F1671:2,structured
433513,,,fallback
433519,,,empty
433521,,,empty
433523,,,empty
433545,,,empty
433559,,,empty
433564,,,empty
433565,,F2395|F2407|F2409|F2410|F2413|F2447|F2456|F2467|F2544|F2545|F2546|F2547|F2640|F2659|F2705|F2856|F3202|F3307,fallback
433576,B2007--6777223,F992:1|F2407:2|F2467:2,structured
433581,,,fallback
433695,,F3116,fallback
433818,B2015-2072008,,fallback
433870,,,fallback
433871,,F880,fallback
433879,,,fallback
433883,,,fallback
433899,,,empty
433903,,,empty
433905,,,empty
433906,,F456,fallback
433908,,,fallback
433915,,,fallback
433923,,,fallback
433925,,,empty
433926,,,empty
433928,,,fallback
433930,,,fallback
433934,,,empty
433938,,,fallback
433940,,,empty
433971,,,fallback
433975,,,fallback
433978,,,fallback
433981,B15-4254716,,fallback
433983,B15-4240274,,fallback
434013,,,empty
434016,,,empty
434019,,,empty
434123,DV2015-08619-42,,fallback
434124,DV2015-04386-144,,fallback
434139,,,empty
43422,,,fallback
434226,CHN2015-06-0199133,,empty
434238,,,fallback
434287,,,fallback
434291,,,fallback
434301,,,empty
434303,,,empty
434304,,,empty
434310,,,fallback
434314,,,fallback
434345,,,empty
434396,,,empty
434404,,,fallback
434410,,,empty
434457,,,empty
434487,,,fallback
434491,,,fallback
434521,,F1647|F197|F3116|F3241|F3308|F520,fallback
434535,,,fallback
434579,,F755,fallback
434596,,,fallback
434703,B14-2323420,F1238:2|F1241:2|F1809:2|F1810:2,structured
434753,BELG2008-3109168,F2439:2|F2681:2|F3112:2|F2470:4|F2486:4|F2501:4|F2619:4,structured
434961,,,empty
434969,,,empty
434985,BELG08-3079252,,fallback
435049,,,fallback
435051,B2014-3028484,,fallback
435055,,,fallback
435092,,,fallback
435318,CHN2013-12-180547,,fallback
435355,CHN2014-12-121808,,fallback
435362,,F3116|F360,fallback
435402,CHN2014-17-099154,,empty
435455,CHN2014-17-033122,,empty
435458,CHN2014-11-077642,,empty
435570,CHN2014-12-121832,,fallback
435591,NL13-1730956,,fallback
435609,B2013-3164533,F1609|F1913,fallback
435615,B2013-3164529,F1582|F3116|F336,fallback
435635,CHN2014-12-172093,,fallback
435819,,,empty
435824,CHN14-10-489998,,fallback
435885,,F542,fallback
435941,CHN15-09-0131755,,empty
435950,B07-6371098,F418:2|F2866:3|F3159:3,structured
435954,NL12-1410700,,fallback
435966,,F2506|F3027|F3147,fallback
435980,,,fallback
435982,,,fallback
435987,,,fallback
435990,,,empty
435991,,F2943,fallback
435993,,,empty
435997,,,fallback
436025,,,empty
436031,,,fallback
436168,B12-6042550,F2300:1|F2211:2|F2267:2,structured
436178,BELG2013-4264616,,fallback
436180,BELG2013-4264618,,fallback
436194,BELG2013-4270527,,fallback
436196,BELG2013-4169296,,fallback
436197,BELG2013-4270590,,fallback
436198,B11-6240067,,fallback
436380,,,fallback
436393,,,empty
436402,NL2006-1763608,F6847:2|F6989:2|F7019:2|F7170:2,structured
436403,NL2011-1343215,F2554:2|F5495:2|F7225:2|F2406:3|F2480:3,structured
436405,DV2015-09489-644,,fallback
436408,DV2015-07849-504,,fallback
436420,,,empty
436445,,,empty
436446,,,empty
436448,,,empty
436449,,,empty
436451,,,empty
436518,B2014-2006256,,empty
436523,NL2014-1020650,,empty
436525,NL2014-1020651,,empty
436584,,F1074|F1581|F3116|F906,fallback
436588,,F1581|F3116,fallback
436590,,F1581|F3116,fallback
436600,,F1243|F1581|F3116|F370,fallback
436604,,F180|F3116,fallback
436615,,F3116|F338,fallback
436621,,F3079|F3116,fallback
436622,,F3116,fallback
436627,,F3308,fallback
436629,,F175|F180|F3116,fallback
436654,,,fallback
436681,BELG2008-2159773,F2130:2|F2150:2|F2159:2|F2245:2,structured
436703,B12-2061347,,fallback
436708,,,fallback
436723,,,fallback
436756,,,fallback
436827,,,empty
436834,,,fallback
436842,,,empty
436843,,,empty
436854,,F1761|F1782,fallback
436866,,,empty
436873,B14-2006255,,empty
436874,NL2014-1020648,,empty
436875,NL2014-1020649,,empty
436877,NL2014-1020652,,empty
436880,NL2014-1020655,,empty
436900,B15-6287144,F1169|F1657|F2438|F3325,fallback
436979,,F1169|F1657|F2438|F3325,fallback
436985,,F1338|F1657|F2438|F3325,fallback
437019,,,empty
437020,,,fallback
437023,,F847,fallback
437024,,F1769|F3308,fallback
437025,,F1330|F3308,fallback
437028,,F1163|F260|F3308,fallback
437029,,,fallback
437032,,,fallback
437039,,F3308,fallback
437042,,F1527,fallback
437044,,F1881,fallback
437047,,,fallback
437051,,F1163|F260,fallback
437055,,F1769|F260|F3308,fallback
437105,,F1656|F1681|F3307,fallback
437108,,F110|F1174|F2407|F2413|F2467|F2545|F2546|F2659|F3202|F3307,fallback
437110,,F991|F993,fallback
437112,,F110|F1187|F991|F993,fallback
437115,,F110|F2546|F991|F993,fallback
437117,,F1656|F1681|F3307,fallback
437119,,F110|F2546|F991|F993,fallback
437121,,F3306|F991|F993,fallback
437123,,F1656|F1681|F3307,fallback
437127,,,fallback
437137,,F2407|F2413|F2467|F2545|F2546|F2659,fallback
437145,NL2013-1802256,,fallback
437154,,,fallback
437157,,,fallback
437158,,,fallback
437159,,,fallback
437160,,,fallback
437161,,,fallback
437162,,,fallback
437163,,F1733|F2577|F2752|F913,fallback
437164,,F2752,fallback
437165,,,fallback
437166,,,fallback
437169,,,fallback
437179,,F2753,fallback
437181,,F2752,fallback
437200,,F2780|F635,fallback
437247,,F1104|F3271,fallback
437281,,,fallback
437387,,,empty
437592,,,empty
437593,,,empty
437594,,,empty
437597,,,empty
437598,,,empty
437604,,,empty
437607,,,empty
437610,,,empty
437615,,,empty
437620,,,empty
437622,,,empty
437623,,,empty
437626,,,empty
437628,,,empty
437630,,,empty
437633,,,empty
437715,BELG2008-2159742,F2074:2|F2111:2|F2167:2|F2256:2,structured
437764,,,empty
437779,CHN2011-05-556446,,empty
437894,,,empty
437901,CHN32-2015-0094401,,empty
43798,,F326,fallback
437984,BE2010-6044135,F1344|F1346|F243|F2460,fallback
438028,B2013-2044511,,fallback
438031,B2013-2044511,,fallback
438364,DV08857-12-299,,fallback
438445,,,fallback
438447,,,fallback
438449,,,fallback
438699,,,empty
438730,B2011-2186569,F95:2|F791:2|F2683:2|F3116:3|F3366:3,structured
438733,BELG2013-9029070,,fallback
438780,BELG2012-2069755,F324:2|F505:2|F691:2|F692:2,structured
438784,BELG2012-2067376,F504:2|F690:2|F691:2|F6047:2,structured
438879,,,fallback
438929,,,empty
438986,,,fallback
439005,,F3101,fallback
439006,,F3101,fallback
439007,,,fallback
439008,,F3101,fallback
439009,,F3101,fallback
439012,,,empty
439015,,,fallback
439016,,,fallback
439018,,,fallback
439020,,,fallback
43904,,,fallback
439071,CHN2012-03-111779,F3027|F3147,fallback
439073,CHN2012-03-111869,F2920|F3027,fallback
439091,,,empty
439262,BE15-6059493,,fallback
439312,DV06720-10-203,,fallback
439317,BE10-5100552,F1104,fallback
439383,,,empty
439387,,,fallback
439389,,,fallback
439390,,,empty
439516,BE14-6306637,F3170,fallback
439555,,,empty
439557,,,empty
439580,,,fallback
439590,,,fallback
439614,,,empty
439615,,,empty
439806,B06-4373377,F2685|F2752|F54,fallback
439818,BE11-4308764,,fallback
439840,BE10-2008925,,fallback
439883,DV01777-14-377,,fallback
439905,,,empty
439922,,,fallback
439932,BE15-2080190,,fallback
439949,,,fallback
439954,B13-6062097,,fallback
440045,NL2015-1897071,,fallback
440046,NL2015-1897073,,fallback
440047,NL2015-1897074,,fallback
440048,NL2015-1897077,,fallback
440050,,,empty
440052,NL2015-1897098,,fallback
440053,NL2015-1897104,,fallback
440054,NL2015-1897109,,fallback
440055,NL2015-1897113,,fallback
440061,NL2015-1897135,,fallback
440062,NL2015-1897136,,fallback
440063,NL2015-1897138,,fallback
440064,NL2015-1897141,,fallback
440066,NL2015-1897142,,fallback
440070,,,empty
440071,B2013-5002623,,fallback
440072,B2013-5002652,,fallback
440073,,,empty
440077,NL2015-1897145,,fallback
440078,NL2015-1897148,,fallback
440079,NL2015-1897151,,fallback
440081,NL2015-1900301,,fallback
440082,NL2015-1900302,,fallback
440083,NL2015-1900304,,fallback
440084,NL2015-1900306,,fallback
440085,NL2015-1900307,,fallback
440087,NL2015-1900309,,fallback
440089,NL2015-1900310,,fallback
440091,NL2015-1900315,,fallback
440092,NL2015-1900316,,fallback
440093,NL2015-1900318,,fallback
440095,NL2015-1900319,,fallback
440096,NL2015-1900331,,fallback
440097,NL2015-1900334,,fallback
440099,NL2015-1900342,,fallback
440100,NL2015-3511754,,fallback
440112,,,empty
440127,B2010-6027784,,fallback
440132,B2014-6213346,,fallback
440134,B2014-6298042,,fallback
440136,B2014-6305739,,fallback
440144,B2014-6305713,,fallback
440159,NL13-1312753,,fallback
440191,B10-6154799,,fallback
440340,CHN32-2015-0094418,,fallback
440341,CHN32-2015-0094417,,fallback
440354,CHN32-2015-0094441,F132,fallback
440357,CHN32-2012-965287,F132,fallback
440376,CHN18-2013-239202,,empty
440380,BELG2012-9032128,,fallback
440511,CHN2015-22-0019918,F6324:1|F6066:2|F6067:2,structured
440535,B11-3170517,F198:2|F2393:3|F2569:3,structured
440548,BELG2004-300182,F2530,fallback
440570,CHN32-2015-0094471,F5409,fallback
440574,CHN32-2015-0094467,F5409,fallback
440847,NL13-1804554,F2752|F601,fallback
440855,CC2010-250968,F4294:2|F7023:2,structured
440862,CC2008-288135,F4294:2|F7023:2,structured
440865,CC2010-314558,F522:2|F4305:2|F4551:2|F4294:3|F7023:3,structured
440897,NL11-1343331,F2752,fallback
440898,CHN14-06-132222,,fallback
440899,CHN14-06-132111,,fallback
440900,CHN14-06-131000,,fallback
44095,CHN06-01-709014,,empty
441064,,,empty
441065,,F2925,fallback
441163,B09-6233636,F667:1,structured
441300,CC2011-082061,F522:2|F4305:2|F4551:2|F4294:3|F7023:3,structured
441442,,,empty
44151,CHN2008-12-166046,,empty
441559,,,empty
441707,CHN2015-03-0671821,,fallback
441721,CHN2015-15-0191634,F2484:2|F2493:2|F2557:2|F2804:2,structured
441724,CHN2015-03-0671836,,fallback
441728,CHN2015-03-0670172,,fallback
441733,CHN2015-03-0670989,,fallback
441745,CC2011-082842,F2484:1|F2557:1,structured
441746,CC2011-081269,F2493:1|F2804:1,structured
441771,,F3116,fallback
441931,B15-2200185,F233:2|F778:2|F3148:2,structured
441932,B15-2200189,F947:2|F1124:2|F233:3|F778:3|F3148:3,structured
441934,B15-2200177,F395:2|F594:2|F233:3|F778:3|F3148:3,structured
441936,B15-2200161,F947:2|F1124:2|F1125:2|F1306:2,structured
441937,B15-2200159,F768:2|F5045:2|F233:3|F778:3|F3148:3,structured
441938,B15-2200160,F768:2|F5045:2|F233:3|F778:3|F3148:3,structured
441943,,,fallback
442139,,,fallback
442140,,,fallback
442145,,,fallback
442162,,,fallback
442164,,,fallback
442166,,,fallback
442168,,,fallback
442402,B2012-6196057,F1756,fallback
442468,,,fallback
442500,,,fallback
442544,,,fallback
442616,CHN2015-15-0191872,F2614:2|F4544:2|F4555:2|F4556:2,structured
442892,B08-6315681,F3170,fallback
442901,,F2540,fallback
442925,,F2606|F2728|F2796,fallback
443000,,F342,fallback
443020,,F342,fallback
443032,CHN2015-15-0192997,F2405:2|F2465:2|F6762:2|F6796:2,structured
443055,CHN2011-15-057586,F2497:2|F3122:2|F5405:2,structured
443116,NL2012-1640510,,fallback
443133,,F2414|F2445,fallback
443229,B07-2213597,,fallback
443230,B06-2215497,F1067,fallback
443235,,,fallback
443255,DV11-06348-668,,fallback
443261,DV11-06348-672,F5285:1,structured
443271,DV11-06348-675,,fallback
443274,DV11-06348-676,,fallback
443328,,F1159|F1161|F1646|F1992,fallback
443330,,F1159|F1161|F1646|F1992,fallback
443332,,F1646|F1992,fallback
443339,,F1072|F1646|F3308,fallback
443344,,F1161,fallback
443348,,,fallback
443353,B15-6281353,F1163|F260|F3308,fallback
443356,,,fallback
443357,B15-6281357,F3250,fallback
443508,B08-6116885,F3170,fallback
443610,,F3170,fallback
443618,DV04087-08-592,F2546|F2903,fallback
443656,B2002-2186629,F2522:2|F2541:2|F2562:2|F2792:2,structured
443658,B2009-2213692,F2656:2|F2667:2|F2895:2|F2541:3|F2792:3,structured
443662,B2009-2044111,F2656:2|F2667:2|F2895:2|F2541:3|F2792:3,structured
443665,,F1237|F2562|F2603|F2656|F2668|F2792,fallback
443692,CHN15-03-1409181,F4718:1|F3116:3|F2680:4|F2812:4,structured
443798,CHN2014-05-186000,,fallback
443815,B10-5095230,,fallback
443816,B10-5095235,,fallback
443885,NL13-1239726,,fallback
443906,,,fallback
443948,B2006-6036585,,fallback
444022,CHN2015-08-0419460,F5932:1,structured
444139,,,empty
444201,,,empty
444221,,,empty
444226,,,empty
444243,,,empty
444250,,,empty
444349,CHN2015-01-1161246,,fallback
444398,DV03083-03-104,,fallback
44463,CHN02-01-495120,,empty
444674,B2007-2248729,F2466:2|F2478:2|F2523:2|F2806:2,structured
444688,B2012-2198254,F2683:2|F3116:3|F3366:3,structured
44488,B2009-2060100,,fallback
444979,,,empty
444992,,,empty
445002,B2002-6505639,F2658:2|F2732:2|F2788:2|F3052:2,structured
445004,B2005-6405555,F2507:2|F2598:2|F2599:2|F2606:2,structured
445005,B2005-6405653,F2481:2|F2488:2|F3051:2|F3312:2,structured
445007,B2005-6405525,F2540:2|F2720:2|F2962:2|F2966:2,structured
445008,B2005-6405896,F2869:2|F2882:2|F3052:2|F3310:2,structured
445009,B2006-6412575,F2507:2|F2606:2|F2884:2|F3314:2,structured
445010,B2005-6405658,F2540:2|F2720:2|F2788:2|F2796:2,structured
445017,,,empty
445037,NL13-1948709,F5653:2|F5936:2|F6226:2,structured
445048,NL13-1312753,,fallback
445049,NL2013-1948709,,fallback
445170,B11-6049251,,fallback
445172,B11-6049316,,fallback
445174,B11-6049235,,fallback
445176,B11-6049231,,fallback
445199,B10-4049471,,fallback
445224,B10-5108662,,fallback
445225,B10-5170104,,fallback
445259,,,empty
445262,,,empty
445275,,,fallback
445321,TW09-00090,,empty
445368,,,empty
445385,,,empty
445446,B09-9121543,,fallback
445448,B09-9121544,,fallback
445456,NL08-1685658,,fallback
445473,DV06437-08-299,,fallback
445485,,,fallback
445489,,F2136,fallback
445492,,,fallback
445502,,,fallback
445503,,,fallback
445534,,,empty
445536,,,empty
445571,B15-6052293,F1072|F1646|F1992|F3308,fallback
445590,B15-6052294,F1072|F1646|F1992|F3308,fallback
445591,,,empty
445596,,,fallback
445685,B15-2062269,F864:3|F3209:3,structured
445692,B13-3159433,F1427:1|F1584:1,structured
445699,,,empty
445701,,,empty
445702,,,empty
445705,,,empty
445714,,,empty
445809,B09-5013491,F2846:2|F2847:2|F3151:2|F3276:2,structured
445816,NL11-1205060,F5821:1|F6243:1,structured
445818,NL15-1230641,,fallback
445822,BE15-4268805,,fallback
445823,BE13-4270591,,fallback
445908,,,empty
445926,,,empty
445932,,,empty
445950,,,empty
445974,B06-6267468,,fallback
445986,B07-6076605,F822,fallback
446028,,,fallback
446036,B08-6177501,F1315:1|F4032:2|F4078:2,structured
446105,,,fallback
446107,BELG2008-6383052,,fallback
446109,CHN2015-01-0850042,,fallback
446111,BELG2014-6300783,,fallback
446114,CHN2013-01-1264031,,fallback
446127,CHN2015-01-0850175,,fallback
446128,CHN2015-01-0850026,,fallback
446129,CHN2015-01-0850159,,fallback
446130,BELG2011-6331017,,fallback
446132,BELG2014-6300764,,fallback
446135,BELG2009-6358763,,fallback
446140,BELG2014-3028463,,fallback
446144,BELG2014-3028436,,fallback
446216,BELG2011-3047960,,fallback
446218,BELG2011-3047971,,fallback
446268,CHN2015-01-1080120,,fallback
446269,CHN2014-01-299786,,fallback
446294,,,fallback
446295,,,fallback
446299,,,empty
446304,NL10-1031432,,fallback
446355,CHN2014-09-417927,F2858|F467,fallback
446359,B15-2200317,F768:2|F5045:2|F233:3|F778:3|F3148:3,structured
446363,B15-2200318,F768:2|F5045:2|F233:3|F778:3|F3148:3,structured
446395,,,fallback
446424,BELG2014-3032660,,fallback
446425,BELG2014-3032659,,fallback
446426,BELG2014-3032654,,fallback
446431,BELG2014-3032656,,fallback
446436,BELG2014-3032655,,fallback
446517,B04-6369188,F2608|F2662,fallback
446522,,,empty
446526,,,empty
446528,,,fallback
446576,BELG2010-6359133,,fallback
446579,CHN2015-01-0500014,,fallback
446581,CHN2014-01-299894,,fallback
446582,BELG2009-6358784,,fallback
446584,CHN2015-01-050009,,fallback
446591,CHN2015-01-0500011,,fallback
446593,CHN2015-01-0850041,,empty
446599,CHN2012-01-347233,,fallback
446604,CHN2015-01-0500003,,fallback
446606,BELG2014-6300784,,fallback
446615,BELG2013-3031529,,fallback
446619,CHN2012-01-347577,,fallback
446623,CHN2012-01-346627,,fallback
446631,BELG2014-6300747,,fallback
446633,BELG2012-6037225,,fallback
446765,CHN13-10-000002,,fallback
446768,CHN13-10-000005,,fallback
44677,CHN04-01-017195,,fallback
446778,CHN14-26-439752,,fallback
446780,,,fallback
446794,,,fallback
446847,DV09581-15-1068,,fallback
446853,DV09581-15-1094,,fallback
446854,,,fallback
446876,NL2005-2113609,,fallback
446896,,,fallback
446909,,,fallback
446910,,,fallback
447223,CHN2015-26-0490650,,empty
447389,B12-6032583,F1146|F235|F616,fallback
447390,B11-6171402,F1146|F151|F235|F616|F953,fallback
447403,CHN2015-26-0490655,,empty
447614,CHN18-26-0445108,,fallback
447711,DV09581-10-939,,fallback
447713,C15-01-0005053,F3923:1|F3522:3|F3707:3|F3717:3|F3772:3,structured
447719,C14-01-010002,,fallback
447729,,F1676,fallback
447786,B2012-4176540,F855:2|F1114:2|F2915:2|F2744:3,structured
44817,CHN08-12-079292,,empty
44818,CHN08-12-079293,,empty
448225,CHN13-10-000006,,fallback
448345,,,fallback
448463,BE11-6119158,F3536:3|F4032:3|F4059:3|F4078:3|F4108:3|F4140:3|F4051:4,structured
448469,DV09581-15-1072,,fallback
448478,DV09581-12-1188,,fallback
448520,,F326,fallback
448522,,F326,fallback
448555,CHN2008-06-041688,,fallback
44874,,,fallback
449291,,,empty
449335,,,empty
449373,CHN2015-03-0810065,,fallback
449377,CHN2015-03-0810156,F1581,fallback
449391,CHN2015-03-0811148,F685,fallback
449401,CHN2015-03-0811169,,fallback
449405,CHN2015-03-0811277,,fallback
449578,CHN2015-12-0090779,,empty
449579,CHN2015-12-0090803,,empty
449586,CHN2015-12-0129006,,empty
449588,CHN2012-12-181496,,empty
449620,,F2407|F3202|F3307,fallback
449624,,,fallback
449654,CHN15-05-0029999,,fallback
449723,,F667,fallback
449784,CHN12-05-600596,,fallback
44981,CHN2018-10-0918900,,fallback
44989,CHN2016-10-0243674,,fallback
449901,CHN2014-15-025127,,fallback
449981,NL08-1788620,F799,fallback
44999,CHN07-01-316222,,fallback
450199,CHN2015-06-0474375,F984,fallback
450206,CHN2015-06-0474363,,fallback
450208,CHN2015-06-0474357,F1545|F1555|F962,fallback
450218,CHN2015-06-0490493,,empty
450230,,,fallback
450396,,F1468|F1723,fallback
450402,,,fallback
450403,,F81,fallback
450404,,,empty
450410,,,empty
450411,,,fallback
450423,,,fallback
450485,,F1723|F563|F565,fallback
450488,,,fallback
450592,CHN2014-03-379537,,fallback
450593,CHN2014-03-378230,,fallback
450597,,F2246,fallback
450632,,,fallback
450697,CHN2015-09-0344600,,fallback
450702,CHN2013-11-032197,F4385:1,structured
450715,,,fallback
450720,CHN2015-09-0344594,F4385:1|F4919:2|F224:4,structured
450723,,,fallback
450728,CHN2015-09-0344556,F4147:1|F4709:1,structured
450777,,,empty
450797,B2011-2036727,F2684|F3128|F54,fallback
450846,,,fallback
450851,,,empty
450854,,,empty
450856,,,empty
450857,,,empty
450858,,,empty
450862,CHN2015-09-0330937,F4385:1|F4424:1,structured
450866,B2006-3008313,F179,fallback
450869,B2011-3070100,,fallback
450887,ZHN2015-09-0344573,F7234:2|F224:3,structured
450906,NL03-1731899,,fallback
451100,NL2015-1823174,,fallback
451162,CHN10-490113,F4642:1|F4503:2|F5488:2,structured
451173,NL2012-4412534,,fallback
451181,CHN2013-05-126755,,empty
451187,,,empty
451231,B11-6261669,F2461,fallback
451234,NL2012-1946317,F1744,fallback
451298,TFPF2007-211407,F4341:1,structured
451329,B11-6261678,F1163|F426,fallback
451397,CHN2015-10-0535745,,empty
45141,,,fallback
451534,,,fallback
451536,,,fallback
451542,,,empty
451546,,,empty
451565,,,empty
451571,CHN32-2015-0094456,,fallback
451791,,,fallback
451835,CHN09-32-600511,,empty
451836,NL08-1739958,,fallback
451839,NL12-1389526,F1210:2|F1685:2|F5825:2|F6314:2,structured
451842,NL09-1709989,F5762:2|F5786:2|F6986:2|F7144:2,structured
451843,,,fallback
451844,,,fallback
451846,,,empty
451847,,,fallback
451851,,F110|F1187|F2546|F3200,fallback
451854,B2011-6226421,,fallback
451867,,F2139,fallback
452011,B15-6043335,,fallback
452013,B15-6043338,,fallback
452043,CHN2015-09-0344599,F4385:1|F4424:1,structured
452065,BELG2011-4291462,F2746|F3116,fallback
452646,,F326,fallback
452647,,F326,fallback
452653,,F326,fallback
452654,,F326,fallback
452705,,F326,fallback
452708,,,fallback
452713,,F326,fallback
452714,,F326,fallback
452715,,,fallback
452736,,F3040|F3041,fallback
452803,B13-6075707,F1760,fallback
452964,,F466,fallback
453007,,,fallback
453107,,,fallback
45332,CHN13-01-011171,,empty
453523,CHN15-03-1319766,F4199:1,structured
453702,NL2013-1352163,F5796:1,structured
453720,B2011-3173911,F3116,fallback
453727,NL13-1352174,F6356:1,structured
453737,NL2012-1736876,F6356:1,structured
453777,NL2012-1736745,F6356:1,structured
453901,NL12-1737051,F6268:1,structured
454092,BELG2013-3160868,F3116|F520|F737,fallback
454339,B08-6350661,F2609:2|F2718:2|F2733:2|F3052:2,structured
454400,CHN2009-24-000268,,fallback
454625,,,fallback
454626,,,fallback
454629,,,fallback
454630,,,fallback
454635,,,fallback
454665,DV6720-07-881,,fallback
454738,NL2013-1352222,F6355:1,structured
454740,NL2012-1737039,,fallback
454762,CHN2015-15-0039168,F6980:2|F7114:2,structured
454771,,F710,fallback
454904,B11-3021691,F2043:2|F2223:2,structured
454905,B11-5020174,F78:2|F387:2|F2579:2|F2632:4,structured
454907,B10-6236905,F2228:2|F2273:2|F2278:2|F2283:2,structured
454909,B15-6221271,F2253:2|F2279:2|F2280:2|F2299:2,structured
454912,B15-6221291,F2123:2|F2277:2|F2350:2|F2279:3|F2280:3,structured
454913,B14-6298449,F3940:1|F3992:1,structured
454915,B15-6221260,F2278:2|F2316:2|F2319:2|F2323:2,structured
454917,B15-6221299,F2138:2|F2164:2|F2226:2|F2274:2,structured
454920,B11-6172855,F2254:2|F2318:2|F2320:2|F2321:2,structured
454921,B11-6172858,F2164:2|F2274:2|F2275:2|F2322:2,structured
454922,B11-6172857,F2164:2|F2274:2|F2275:2|F2322:2,structured
454924,B11-6172856,F2254:2|F2318:2|F2320:2|F2321:2,structured
454925,B10-4152441,F267:2|F2404:2|F2442:2|F2783:2,structured
454929,B15-2318479,F1047:2|F1052:2|F2404:2|F5234:2,structured
454980,B12-2191350,F493:2|F2760:2|F2443:3|F2585:3|F2693:3|F5043:4,structured
454982,B12-2191204,F493:2|F2969:2|F5042:2|F2585:3|F2693:3,structured
454984,B14-2149186,F1225:2|F1226:2|F2404:2|F5234:2,structured
455000,,,empty
455087,B07-6033128,,fallback
455088,B08-6383001,F3170,fallback
455096,BELG2011-6133632,F2658:2|F2788:2|F2960:2|F2966:2,structured
455209,,F2407|F2774|F820,fallback
455327,DV0710-12-793,,empty
455329,DV04087-09-265,,empty
455330,DV04087-08-607,,empty
455349,B12-6327841,F1625:1|F962:2,structured
455427,B14-3155808,F1609|F1913,fallback
455464,,,empty
455482,,,empty
455504,B11-2206628,F149:2|F431:2|F693:2|F1066:2,structured
455528,BE11-6219335,F139|F1801|F3169|F3199,fallback
455573,,,empty
455574,,,empty
455633,DV01769-14-315,,fallback
455658,CHN2011-06-000024,F4255:2|F4263:2|F4777:2|F6573:3,structured
455728,NL2013-1352157,,fallback
455840,NL15-1878556,,fallback
455852,,,fallback
455854,,,fallback
455951,BELG2015-6177124,F1772|F2438|F3325,fallback
456045,,,fallback
456096,SU13-CA1526,,fallback
456192,CHN2003-03-224107,F2414:2|F2445:2|F2559:2|F2560:2,structured
456193,CHN2003-03-203006,F2414:2|F2445:2|F2559:2|F2560:2,structured
456247,,,fallback
456432,,F2577|F2753,fallback
456502,CHN2015-12-0238168,,fallback
456572,,,empty
456588,,,empty
456590,,,empty
456592,CHN2015-33-0095980,F990:1|F4938:1,structured
456632,SU13-CA1476,,fallback
456657,B10-2216070,F2144:2|F3116:2|F4224:2|F4230:2,structured
456906,,F1549|F1799|F831,fallback
457211,,,empty
457213,,,empty
457225,CHN15-03-1469286,F1879:1|F6868:3|F6929:3|F7270:3,structured
457311,,,fallback
457318,CHN2005-01-122720,,empty
457319,CHN2007-01-205313,,empty
457320,CHN2012-01-007279,,empty
457322,CHN2012-01-692396,,empty
457323,CHN2013-01-290882,,empty
457325,CHN2014-01-1261822,,empty
457327,CHN2007-01-681092,,empty
457328,CHN2008-01-434778,,empty
457330,CHN2007-01-213883,,empty
457338,CHN11-01-579126,F2098,fallback
457554,,,fallback
457737,,,empty
457754,,,empty
457755,,,empty
457756,,,empty
457768,,F2577,fallback
45781,,,empty
45782,,,fallback
457951,,,empty
457983,,,empty
45823,,,fallback
458240,,,fallback
458241,,F2753|F3269|F573,fallback
458242,,F2753|F3269|F573,fallback
458243,,F2753|F3269|F573,fallback
458518,,F1213|F1321,fallback
458585,,,empty
458587,CHN15-09-0367427,,empty
458593,,,empty
458874,,,empty
458946,B12-4193922,F3130:2|F3131:2,structured
458959,B13-5020405,,fallback
458991,B15-3150647,F1609|F1913,fallback
459000,,F1583|F1609|F1913,fallback
459002,,F1583|F1609|F1913,fallback
459036,,,empty
459037,,,fallback
459060,B06-5054821,,fallback
459070,B07-5080683,,fallback
459126,CHN2015-22-0019967,F5295:1|F5466:3|F5535:3|F5621:3|F7231:3,structured
459142,CHN2015-01-1416278,F6319:1|F1363:2|F99:3|F153:3,structured
459165,,F1111|F1583,fallback
459167,,F1111|F1583,fallback
459273,CHN2013-01-089992,F2268:2|F4844:2|F2075:4|F2103:4|F2104:4|F2126:4|F2131:4|F2132:4|F2137:4|F2153:4,structured
459279,CHN2013-01-089986,F4812:2|F4796:3|F2117:4|F2188:4|F2044:5|F2053:5|F2064:5|F2065:5,structured
459283,CHN2010-01-968022,F2147:2|F2170:2|F2046:3|F2049:3|F2056:3|F2102:3,structured
459286,CHN2015-01-1162061,F2332:2|F4766:3|F2147:4|F2170:4|F2044:5|F2046:5|F2049:5|F2053:5|F2056:5|F2064:5|F2065:5|F2102:5,structured
459287,CHN2013-01-850541,F4766:2|F2147:3|F2170:3|F2044:4|F2046:4|F2049:4|F2053:4|F2056:4|F2064:4|F2065:4|F2102:4,structured
459366,CHN2012-01-1003066,F2313:2|F4788:2|F6657:2|F2126:4|F2131:4|F2132:4|F2137:4,structured
459377,,,fallback
459447,,,empty
459456,,,fallback
459457,,,fallback
459459,,,fallback
459516,CHN2015-12-0129090,,empty
459517,,,fallback
459525,NL13-1352062,,fallback
459526,NL13-1352202,F6335:1,structured
459527,NL13-1352227,,fallback
459659,DV07-0954-761,,fallback
459703,,,fallback
459706,,,empty
459717,,F799,fallback
45972,NL02-0271822,,fallback
459726,,F799,fallback
45975,NL05-0526035,,fallback
45977,NL07-1667781,,fallback
45983,NL08-3821980,,fallback
459831,,,empty
459835,,,empty
45987,NL07-3728157,,fallback
459876,,,fallback
45996,NL03-5343020,,fallback
45997,BE02-4333399,F2684|F3128,fallback
45998,BE04-4277258,F2577|F3269|F573,fallback
45999,B04-4277039,F2577|F3269|F573,fallback
46000,BE05-4130516,F742,fallback
46001,B99-6143680,F2407|F2467|F2542|F2546,fallback
46016,B02-6448530,,fallback
46017,BE05-6045520,,fallback
46018,B07-4363692,,fallback
460309,BELG2005-2197906,F2143,fallback
460345,,,empty
460348,,,empty
460356,,,empty
46038,BE08-2197654,F573,fallback
460430,B08-3004486,F383:2|F2996:2,structured
460475,,,empty
460479,,,empty
460600,,,empty
460614,,,fallback
46066,B05-6444319,F840:1|F841:1,structured
46067,B03-6266312,F3202,fallback
460676,,,empty
460858,GFL441-2014,,fallback
46094,,,empty
461006,,,fallback
461047,B14-6168603,F1196|F1672|F1871,fallback
461049,NL14-1061493,F5580:2|F5636:2|F5817:2|F6241:2,structured
461050,NL14-1061494,F5580:2|F5636:2|F5817:2|F6241:2,structured
461052,BELG2015-4006531,,fallback
461056,NLD2015-1261499,,fallback
461062,BELG2013-6070515,,fallback
461085,,,fallback
461096,,,fallback
461155,CHN15-09-0301526,,empty
461214,CHN17-02-0658235,F4536:1,structured
461225,,,empty
461247,,,empty
461248,,,empty
461250,,,empty
461251,,,empty
461252,,,empty
461253,,,empty
461254,,,empty
461256,,,empty
461257,,,empty
461258,,,empty
461260,,,empty
461261,,,empty
461262,,,empty
461263,,,empty
461264,,,empty
461266,,,empty
461267,,,empty
461268,,,empty
461269,,,empty
461270,,,empty
461271,,,empty
461272,,,empty
461273,,,empty
461274,,,empty
461275,,,empty
461276,,,empty
461277,,,empty
461280,,,empty
461282,,,empty
461283,,,empty
461284,,,empty
461285,,,empty
461286,,,empty
461287,,,empty
461289,,,empty
461290,,,empty
461291,,,empty
461292,,,empty
461294,,,empty
461295,,,empty
461297,,,empty
461298,,,empty
461300,,,empty
461301,,,empty
461302,,,empty
461303,,,empty
461305,,,empty
461306,,,empty
461308,,,empty
461309,,,empty
461310,,,empty
461311,,,empty
461312,,,empty
461313,,,empty
461315,,,empty
461316,,,empty
461317,,,empty
461318,,,empty
461319,,,empty
461320,,,empty
461324,,,empty
461325,,,empty
461326,,,empty
461327,,,empty
461328,,,empty
461329,,,empty
461330,,,empty
461331,,,empty
461332,,,empty
461334,,,empty
461335,,,empty
461337,,,empty
461338,,,empty
461339,,,empty
461340,,,empty
461341,,,empty
461342,,,empty
461343,,,empty
461344,,,empty
461345,,,empty
461346,,,empty
461347,,,empty
461349,,,empty
461350,,,empty
461351,,,empty
461352,,,empty
461353,,,empty
461354,,,empty
461355,,,empty
461366,,,empty
461448,,,fallback
461450,,,empty
461451,,,empty
461568,,,empty
461573,,,fallback
461753,B15-6293462,F1992,fallback
461755,B15-6293441,F1992,fallback
461756,B15-6281409,F1992,fallback
461758,TFPF2004-753757,F2776,fallback
461759,TFPF2005-361493,F2776,fallback
461778,B15-6293459,F1992,fallback
461779,B15-6293460,F1992,fallback
461960,,,empty
461975,,,empty
461979,,,empty
461980,,,empty
461987,,,empty
461988,,,empty
461989,,,empty
461990,,,empty
461993,,,empty
461996,,,empty
461997,,,empty
462005,BE15-4268889,F3616:2|F3443:3|F3639:3|F3769:3|F3536:5|F4032:5|F4078:5|F4140:5,structured
462009,B11-2183872,F170:2|F325:2|F1018:3|F1019:3|F3065:3,structured
462015,B11-2009918,F149:2|F431:2|F693:2|F1066:2,structured
462064,CHN05-03-412017,F2455:2|F2526:2|F2635:2,structured
46211,,,fallback
462118,CHN2014-10-252641,F2143|F2252,fallback
462139,CHN13-09-166156,,empty
462147,B10-4101558,F2577|F3269|F573,fallback
462195,BELG2015-4259387,,fallback
462251,CHN15-10-0359784,,empty
462539,BE15-4268890,F3616:2|F3443:3|F3639:3|F3769:3|F3536:5|F4032:5|F4078:5|F4140:5,structured
462552,NL14-1071840,,fallback
462553,NL14-1071909,,fallback
462556,BE13-4264528,F3406:2|F4039:2|F4105:2|F4026:3|F4040:3,structured
462565,NL2015-1706752,,fallback
462720,,,fallback
462722,,,fallback
462723,,,fallback
462724,BE14-4215602,F3687:1|F56:3|F568:3|F4055:3|F4072:3,structured
462749,CHN2014-03-980216,,fallback
462823,BELG14-3067499,F2399:3|F2469:3|F2527:3|F2570:3,structured
462868,,,empty
462871,,,fallback
463134,B07-2231332,F2689:2|F2808:2,structured
463237,,,fallback
463248,,F1583|F1609|F1913,fallback
463250,,F1583|F1609|F1913,fallback
463293,NL2011-1764198,,fallback
463564,,,empty
463581,BELG2012-3088254,,fallback
463584,BELG2012-3088276,,fallback
463587,,,fallback
463589,,,fallback
463593,,,fallback
463602,,,fallback
463610,BELG2014-6058588,,fallback
463613,BELG2013-6215631,,fallback
463616,BELG2013-6314131,,fallback
463617,BELG2013-6314132,,fallback
463622,BELG2013-6314137,,fallback
463623,BELG13-6314138,,fallback
463639,BELG2012-6322139,,fallback
463641,BELG2012-6322140,,fallback
463654,BELG2010-6143290,,fallback
463655,BELG2011-6226490,,fallback
463656,,,empty
463657,,,fallback
463658,,,fallback
463659,BELG2013-2053464,,fallback
463660,BELG2013-2053465,,fallback
463661,BELG2013-2053481,,fallback
463662,BELG2013-2053482,,fallback
463663,BELG2013-2053412,,fallback
463667,,,fallback
463669,BELG2013-2053356,,fallback
463670,BELG2013-2053355,,fallback
463672,BELG2013-2053452,,fallback
463673,BELG2013-2053366,,fallback
463674,BELG2013-2053446,,fallback
463676,BELG2013-2053476,,fallback
463680,BELG2013-2053391,,fallback
463681,BELG2013-2053429,,fallback
463683,BELG2013-2053475,,fallback
463684,BELG2013-2053421,,fallback
463685,BELG2013-2053474,,fallback
463686,BELG2013-2053378,,fallback
463925,BELG2015-3025316,F1581,fallback
463928,BELG2015-3150432,F1581,fallback
463935,BELG2015-3150581,,fallback
463942,BELG2015-6020304,,fallback
463962,,,fallback
463968,B13-6251407,F1639:2|F1642:2|F1785:2|F1787:2,structured
463970,B15-6099642,F782:2|F1142:2|F1751:2|F1858:2,structured
463976,B15-6099643,F782:2|F1142:2|F1751:2|F1858:2,structured
463977,B14-6303618,F1639:2|F1785:2|F782:3|F1142:3|F1751:3|F1858:3,structured
463979,B14-6086399,F1639:2|F1785:2|F782:3|F1142:3|F1751:3|F1858:3,structured
463985,BE08-6383160,F303|F962,fallback
46408,,,empty
464086,CHN12-03-111517,F2920:2|F3027:2|F3147:2,structured
464093,B13-6251490,F782:2|F1142:2|F1751:2|F1858:2,structured
464103,B13-6250130,F781:2|F1139:2|F2460:2|F3293:2,structured
464104,,,empty
464110,DV07274-14-2747,,fallback
464111,DV07274-14-3052,,fallback
464114,DV07274-14-2752,,fallback
464115,DV07274-14-3021,,fallback
464117,,,empty
464118,DV07274-14-3067,,empty
464120,,,empty
464182,BELG2015-6020301,,fallback
464235,B15-6097733,F606:2|F1140:2|F3292:2|F2637:3|F2958:3,structured
464242,B15-6097751,F360:2|F671:2|F3116:2|F3152:2,structured
464245,B15-6097752,F360:2|F671:2|F3116:2|F3152:2,structured
464248,,F92,fallback
464249,,,fallback
464254,B14-6237790,F2763:2|F2765:2|F3153:2|F3291:2,structured
464255,B14-6097326,F360:2|F1345:2|F1645:2|F3116:2,structured
464256,B10-4251155,F64:2|F212:2|F321:2|F381:2,structured
464257,,F92,fallback
464259,BELG2009-6222172,F2546:3|F2903:3,structured
464350,BELG2009-6111591,,fallback
464351,BELG2008-6177538,,fallback
464352,BELG2008-6177548,,fallback
464468,BELG2015-4259355,,fallback
464476,B11-4288669,F410:2|F741:2|F747:2|F993:2,structured
464485,B14-4250438,F221:2|F581:2,structured
464487,B14-2340605,F1025:2|F1234:2|F1406:2|F1407:2,structured
464488,B14-3004847,F339:2|F732:2|F1589:2|F1707:2,structured
464489,B14-3004848,F339:2|F732:2|F1589:2|F1707:2,structured
464537,,,fallback
464570,B09-5163423,F694:2|F3103:2,structured
464573,DV06150-13-538,F5101:2|F5102:2|F5166:2|F5188:3|F5189:3,structured
464700,CHN13-12-003645,,fallback
464703,CHN13-12-003644,,fallback
464750,DV00986-12-0350,F5663:2|F7215:2,structured
464751,,,fallback
464752,NL12-3214965,F5596:2|F5648:2|F5713:2|F7062:2,structured
464755,NL14-2022082,F227:2|F1475:2|F1476:2|F3274:2,structured
464756,B14-6307981,F381:2|F1615:2|F1759:2|F3104:2,structured
464786,,F2925,fallback
464818,CHN2015-32-0149553,F366:2|F4710:2|F4917:2|F5411:2,structured
46491,B05-2044344,F2442|F2655,fallback
464979,CHN2015-10-0359758,F4693:1|F5988:2|F6064:2,structured
464987,CHN2015-32-0279450,F4614:2|F4917:2|F5411:2,structured
464997,CHN2015-10-0954305,F366:2|F4594:2,structured
465183,B13-6026397,F1890:1,structured
465184,B12-6196517,F1192,fallback
465186,B13-6026367,F1352|F300|F835,fallback
465188,B13-6026379,F1010|F1659,fallback
465189,B13-6026389,F1191|F1659,fallback
465190,B13-6026388,F1191|F1659,fallback
465191,B13-6026407,F1353|F299,fallback
465193,B13-6026422,,fallback
465197,B13-6309484,F1510:1|F1778:1,structured
465207,B13-6026408,F1191,fallback
465217,B13-6309487,F453:2|F1629:2|F3165:2,structured
46528,B02-6091648,,fallback
465342,DV01769-06-1026,F5112:1|F5335:1,structured
465356,BELG2012-6236329,F1186|F2467|F306|F3163,fallback
465373,CHN2013-10-177237,F2143|F2252|F3087,fallback
465387,,F1616,fallback
465389,,F1616,fallback
465417,B12-6238483,F1189|F1536|F3307,fallback
465420,B09-6222176,F700:2|F3307:2,structured
465486,CHN2015-03-0811212,F4416:2|F4790:2|F6677:2|F6726:2,structured
465523,DV2934-11-1188,F478:2|F1654:2|F3164:2|F2402:3|F2492:3,structured
465582,GFL1100-2014,,fallback
465588,B98-6391783,F2692:1,structured
465614,B04-6463772,F2546|F2903|F640,fallback
465648,CHN2014-10-252052,,empty
465769,NL2010-1682353,F6520:2|F6542:3|F6605:3,structured
465770,NL2010-1681866,F6506:2|F6613:2,structured
465772,,,fallback
465773,NL2012-1618352,,fallback
465901,BE2013-3159381,,fallback
465905,BE2010-3047279,,fallback
465906,BE2011-3070176,,fallback
465908,,,fallback
465911,NL2009-1192958,,fallback
46597,,,fallback
466067,CHN15-09-0188740,,fallback
466088,NL2012-1620182,,fallback
466091,NL2012-1620136,,fallback
46616,BELG2002-3069719,,fallback
466523,CHN2016-15-0337891,F6452:1,structured
466546,CHN13-06-012005,F2556:2|F2970:2,structured
466659,,,fallback
466663,,,empty
46670,,,fallback
466705,,,empty
466756,,,empty
466776,,,empty
466778,,,empty
466787,,,empty
466791,,,empty
466792,,,empty
466953,BELG06-520478,F2433|F2444|F2629,fallback
466954,BELG06-5184415,F2433|F2444|F2629,fallback
466958,BE08-6384621,,fallback
466993,,,empty
467069,,,empty
467076,,,empty
467083,,F3116,fallback
467138,BE14-1053400,F3443:2|F3536:4|F4032:4|F4078:4|F4140:4,structured
467144,NL14-1462363,F5892:1|F5454:2|F5848:2,structured
467178,NL14-3413332,F6248:1|F6409:1,structured
467179,NL14-3413348,F6248:1|F6409:1,structured
467182,NL14-3413349,F6248:1|F6409:1,structured
467183,BE13-6273309,F3518:1|F3816:1,structured
467184,NL14-1116510,F3848:1|F6409:1,structured
46723,BELG2003-2191311,F15,fallback
467239,BE14-6085156,F3835:1|F3987:1,structured
46724,BELG2001-2137213,F15,fallback
467360,NL14-1040669,F3742:1|F6387:1,structured
467364,BE14-6298396,F3940:1|F3992:1,structured
467365,BE14-6298397,F3940:1|F3992:1,structured
467369,C14-13-080329,F894,fallback
467384,BE15-4013080,F3616:3|F56:4|F568:4|F3443:4|F4055:4|F4072:4|F3536:6|F4032:6|F4078:6|F4140:6,structured
467406,BE14-6303298,F3461:2|F3502:2|F4082:2,structured
46748,NL2002-1878140,,fallback
467522,,,fallback
467658,,,fallback
46769,,,empty
467695,CHN10-252487,F2577,fallback
46772,,,empty
467874,,,fallback
468230,CHN2015-10-0510040,F4750:2|F4753:2|F4747:3|F4763:3|F4764:3,structured
468248,CHN2006-10-527816,F4747:2|F4763:2|F4764:2,structured
468307,,F179|F714,fallback
468392,,,empty
468445,,,empty
468500,NL11-1912596,F6307:1|F209:2|F5966:2,structured
468525,,,empty
468527,,,empty
468629,,,fallback
468632,B09-6222894,F416:2|F2945:2|F3044:2|F3058:2,structured
468633,B14-6079810,F3306,fallback
468806,CHN15-09-0110040,,fallback
468813,B13-6312979,F404:2|F3033:2|F2589:3|F2982:3|F2415:4|F2438:4,structured
46883,,,fallback
46893,,,fallback
469009,,,empty
469040,B09-6347283,F4242:2|F4264:2|F4295:2|F4369:2,structured
469044,B09-6280077,F4260:2|F4264:2|F4348:2|F4368:2,structured
469047,B15-6284553,F2123:2|F2276:2|F2278:2|F2280:2,structured
469191,B08-6050156,F2866|F3159|F605|F623,fallback
469203,,,fallback
469204,,,fallback
469205,,,fallback
469243,B08-6050168,F2866|F309|F3155|F3159,fallback
469248,B11-6091916,F100,fallback
469253,B14-6049839,F544:2|F641:2|F1305:2|F453:3|F3165:3,structured
469261,B14-6049840,F544:2|F641:2|F1305:2|F453:3|F3165:3,structured
469266,B14-6240855,F112:2|F113:2|F1185:2|F1194:2,structured
469274,B14-6240856,F112:2|F113:2|F1185:2|F1194:2,structured
469289,B14-6240864,F453:2|F6222:2|F112:3|F113:3|F3165:3,structured
469307,B14-6171810,F1008:2|F1236:2|F453:3|F3165:3|F6222:3,structured
469325,B12-3168923,F1101:3|F2569:3|F2814:3|F3260:4,structured
469326,B12-3088154,F180:2|F360:2|F379:2|F2744:3|F2915:3,structured
469328,CHN2009-10-500949,F4762:1|F4780:1,structured
469332,B11-3070092,F1101:2|F3100:2|F3116:2|F3260:3,structured
469334,B08-3037570,F195:2|F2680:2|F2812:2|F3234:2,structured
469340,B12-3168941,F86:2|F3281:2,structured
469343,B12-3168948,F198:2|F2393:3|F2569:3,structured
469346,B09-6238356,F125:2|F449:2|F657:2|F1014:2,structured
469349,B10-6212344,F656:2|F1342:2|F125:3|F449:3|F657:3|F1014:3,structured
469351,B11-6283787,F1012:2|F1173:2|F1341:2|F1378:2,structured
469356,B10-6212103,F449:2|F817:2|F1014:2|F3017:3|F3081:3,structured
469360,NL10-1351522,F6100:2,structured
469365,B15-6284564,F2234:2|F2279:2|F2280:2|F2294:2,structured
469455,,F232,fallback
469456,,F2404,fallback
469558,CHN2009-10-500948,F4762:1|F4780:1,structured
46963,,,fallback
469641,B06-6329998,F132:2|F839:2,structured
469667,BELG2010-6200553,F2661|F302,fallback
469704,B06-6148121,,fallback
469891,,,fallback
46993,,,fallback
469936,,,empty
469984,NL15-1348140,,fallback
470070,B13-4258777,,fallback
470110,CHN2011-01-798883,,fallback
470125,CHN20011-01-798802,,fallback
470127,CHN20011-01-033199,,fallback
470135,,,fallback
470137,BELG2009-5187950,,fallback
470138,CHN2011-01-033177,,fallback
470141,CHN2012-01-1018469,,fallback
470143,CHN2012-01-1017769,,fallback
470152,CHN2011-01-798559,,fallback
470251,,,empty
470256,,,empty
470263,,,empty
470266,B16-6031662,F404:2|F1520:2|F3033:2|F1217:3,structured
470314,CHN11-10-427114,,empty
470332,CHN14-10-843852,,empty
470366,,,empty
470413,CHN2012-24-007825,,fallback
470573,B10-2045388,F3212:2|F2410:3|F2604:3|F2697:3|F2765:3|F2988:3|F7015:3,structured
470580,B12-2061565,F2391|F2410|F2483|F2604|F2666|F2697|F2765|F2988|F3212,fallback
470685,B08-6177567,F459:2,structured
470692,CHN15-19-0322588,,empty
470770,B12-6022175,,fallback
470813,NL2010-1681814,F6534:1|F6574:2|F6600:2,structured
470843,NL2009-1185914,F6521:2|F6522:2|F6565:2|F6602:2,structured
470858,,,fallback
470859,NL2010-1682376,F6574:2|F6576:2|F6579:2|F6600:2,structured
470862,,F1382|F617|F635,fallback
470971,,F1382|F617|F635,fallback
470988,,F1383|F1517|F617|F635,fallback
471036,,F1383|F617|F635,fallback
471050,,,fallback
471051,,,fallback
471052,,,fallback
471066,,F1161|F1529|F1767,fallback
471112,,F1529,fallback
471250,,,fallback
471252,,,fallback
471253,,F2640|F2942|F3164,fallback
471265,,,fallback
471266,,F2390|F2400|F2436|F2508,fallback
471267,,F2390|F2400|F2436|F2508,fallback
471268,,,fallback
471274,,,empty
471406,,,fallback
471408,,,fallback
471409,,,fallback
471411,,,fallback
471412,,,fallback
471414,,,fallback
471417,,F24,fallback
471425,CHN15-0181,F4634:1|F4643:1,structured
471437,,F1609|F1913,fallback
471438,,F1276|F1583,fallback
471440,,F1416|F1583,fallback
47171,DV09776-01-1810,F2417,fallback
471738,,F2405|F2465,fallback
471740,,F2477|F2508|F2710|F2712,fallback
471904,BELG2003-6456831,,fallback
471948,CHN10-22-1078308,,fallback
472058,BELG2014--2112460,F77:3|F164:3|F165:3|F172:3|F2482:3|F2843:3|F2919:3|F6977:3,structured
472059,BELG2010--5012552,F77:2|F2843:2|F2919:2|F6977:2,structured
472060,BELG2012--5005616,F77:3|F164:3|F165:3|F172:3|F2482:3|F2843:3|F2919:3|F6977:3,structured
472062,BELG2014--2112459,F77:3|F164:3|F165:3|F172:3|F2482:3|F2843:3|F2919:3|F6977:3,structured
472063,B07-2038278,F164:2|F165:2|F172:2|F2482:2,structured
472306,,,fallback
47233,NL04-2062317,,fallback
47234,BELG2007-6147597,F658,fallback
47235,B06-6188495,,fallback
47237,NL05-2201711,,fallback
47238,,,fallback
47239,CHN2008-15-047209,,fallback
47241,,F326,fallback
47244,,F2409|F2447|F3317,fallback
47245,CHN2009-15-076400,F326|F3317,fallback
47247,NL04-2061951,F3236|F341,fallback
47254,CHN2009-15-076376,,fallback
47259,,F2671|F3316,fallback
47268,CHN2008-15-076541,F326,fallback
472689,,,fallback
472728,CHN12-03-111828,F3027:2|F3147:2,structured
472794,,F1010|F980,fallback
472800,,F1581|F1913,fallback
472875,CHN15-10-0761979,F1536:2|F275:3|F2407:3|F2952:3|F3221:3|F3184:5,structured
472896,,F3269,fallback
472898,,F3269,fallback
472901,,F2684|F3128|F3269|F575|F580,fallback
472902,,F2684|F2753|F3128|F575|F580,fallback
472903,,F3269,fallback
472978,B08-2040375,F861:1|F2738:2|F2483:4|F2666:4|F3212:5|F2988:6|F7015:6,structured
472987,,,fallback
473023,,F3269,fallback
473025,,,fallback
473055,,,fallback
473061,,,fallback
473063,,,fallback
473143,B04-3004517,F2419:2|F2432:2|F2502:2|F2531:2,structured
473145,B05-4395849,F2537:2|F2829:2|F2831:2|F3018:2,structured
473146,B06-2215243,F2672:2|F3215:2|F7003:2|F7006:2,structured
473147,B06-2215290,F517:2|F686:2|F2894:2|F5721:2,structured
473148,B07-2212310,F2634:2|F6766:2|F6987:2|F7043:2,structured
47330,BE09-4035469,F2577|F567,fallback
473456,CHN12-19-004963,,empty
473500,NL15-1890412,F1801:2|F3168:2|F3199:2|F2594:3|F3087:3,structured
473501,NL15-1895964,F466:2|F2549:3|F2594:3|F2775:3|F2859:3|F3087:3|F4058:3,structured
473502,NL15-1896217,F1801:2|F3168:2|F3199:2|F2594:3|F3087:3,structured
473503,NL15-1899449,F1801:2|F3168:2|F3199:2|F2594:3|F3087:3,structured
473558,,,fallback
473579,C2007-09-151781,F2388:2|F5595:2,structured
473586,C07-151780,F2388:2|F5595:2,structured
473601,C08-11-147314,,empty
473613,,,fallback
473614,C07-11-076292,,empty
473617,C15-11-0262664,F4973:1,structured
473618,C14-11-029099,,fallback
473619,C07-11-076291,,empty
473624,BE14-1073383,F3616:3|F3694:3|F3758:3|F3930:3|F56:4|F568:4|F3443:4|F4055:4|F4061:4|F4072:4|F4098:4|F3536:6|F4032:6|F4078:6|F4140:6,structured
473763,,F1276|F3116,fallback
473924,NL11-1737037,,fallback
473925,NL11-1737038,,fallback
473994,B15-6284574,F2123:2|F2280:2|F1196:3|F2278:3|F2294:3|F2317:3,structured
473997,B15-6284570,F2123:2|F2277:2|F2350:2|F2279:3|F2280:3,structured
474000,B15-6284575,F2253:2|F2279:2|F2280:2|F2299:2,structured
474156,,,empty
47422,BELG2000-6156164,F2413|F2456|F2544|F2545|F2546|F2547|F2640|F2659|F2705|F2856|F640,fallback
47441,,F236|F3001,fallback
474473,,,fallback
47450,,,empty
474525,,F466,fallback
474534,B2009-6358600,F2593|F2776|F2858|F2860|F2861|F3089|F467,fallback
474540,,F466,fallback
474587,,,empty
474602,,,empty
474757,CHN2016-99-000437,F1468,fallback
474946,,F1609|F3116,fallback
474948,B13-3160879,F3116:3|F3234:3,structured
47497,,,fallback
475007,,,fallback
475014,,,fallback
475016,,,fallback
475020,,,fallback
475312,BE11-5057721,F1104,fallback
475321,,F2477|F2593|F2710|F2861,fallback
475326,,,fallback
475328,,F2860|F3089|F3322|F3352,fallback
475329,,F2858|F2860|F3089|F467,fallback
475330,,F2860|F3089,fallback
475331,,F2464|F2860|F3089,fallback
475332,,F2858|F3089|F467,fallback
475335,,F2143|F2252|F2508|F2860|F3089|F3322|F3352,fallback
475339,,F2645|F2711|F291|F3087,fallback
475366,,,empty
475368,,,empty
475369,,,empty
475370,,,empty
475371,,,empty
475372,,,empty
475374,,,empty
475375,,,empty
475376,,,empty
475469,B15-6073269,F1959:1|F2004:1,structured
475507,,,empty
475508,,,empty
475509,,,empty
475510,,,empty
475511,,,empty
475512,,,empty
475519,,F2143|F2252,fallback
475521,,F2858|F2860|F3089|F3322|F3352|F467,fallback
475554,NL15-1230865,,fallback
475557,,,fallback
475623,,F3014,fallback
475630,,,fallback
475634,,,fallback
475686,BE12-5061705,F767,fallback
475687,,,fallback
475688,,,fallback
475935,,F1532|F1534|F317,fallback
475936,,F2858|F467,fallback
476031,BE12-4163438,,fallback
476033,,,empty
476039,,F2521|F2592|F2714|F290|F3087|F667,fallback
476040,,F2710|F3169,fallback
476041,,F2593|F2776|F2858|F2860|F2861|F3089|F467,fallback
476075,BEL2014-6072437,,fallback
476080,BELG2015-3025311,F1581,fallback
476081,BELG2015-3025313,F1581,fallback
476087,BELG2012-3088243,F1581,fallback
476146,,F295|F3165|F453,fallback
476163,NL14-1826161,,fallback
476190,,F1244|F1832|F219,fallback
476215,,F111|F112|F3333|F980,fallback
476333,,,empty
476384,B15-6300167,,fallback
476385,B15-6300168,,fallback
476388,,F406|F408|F661,fallback
476392,,F1169,fallback
476401,,,empty
476403,,,empty
476404,,,empty
476405,,,empty
476406,,,empty
476407,,,empty
476408,,,empty
476409,,,empty
476410,,,empty
476411,,,empty
476412,,,empty
476413,,,empty
476416,BELG2015-3147765,F1581,fallback
476417,BELG2015-3150467,F1581,fallback
476430,,F1891|F3033|F404,fallback
476433,,F1169|F1657|F2438|F3325,fallback
476434,,F1657|F2438|F3325,fallback
476438,,F1657|F1772|F2438|F3325,fallback
476440,,F1335|F1891,fallback
476441,,F3033|F404,fallback
476442,,F3033|F404,fallback
476448,B16-6031704,F1169|F1891|F2438|F3325,fallback
476453,,,fallback
476454,,,fallback
476457,,F1169,fallback
476461,,F2982,fallback
476469,B16-6031751,F1338|F1772,fallback
476478,,F1520|F2935,fallback
476479,B16-6031772,F1520|F2935,fallback
476512,BELG2015-3150593,F1581,fallback
476650,BEL2014-6306578,,fallback
476656,BELG2013-3159412,,fallback
476691,BELG2011-3175219,,fallback
476692,BELG2009-3181570,,fallback
476699,BELG2015-4259310,,fallback
476717,BELG2015-6020302,,fallback
476827,CHN2015-33-0095979,,fallback
476830,,F1506|F3035|F3092|F3165|F453,fallback
476852,B12-6236402,,fallback
476878,BELG2010-6164025,F3180|F3347,fallback
476879,,F2577|F3269|F573,fallback
476913,,,empty
47700,,,fallback
477167,,,empty
477170,,,empty
477172,,,empty
477178,B16-2138188,F1181|F2491|F2511|F2553|F2725|F2780|F2946|F3073|F515|F699|F773,fallback
477191,BELG2012-6226027,F3180|F3347,fallback
477194,NL2008-2023569,F3040:2|F3181:2|F3225:2|F2782:3,structured
477198,NL2008-2023570,F3040:2|F3181:2|F3225:2|F2782:3,structured
477244,CHN2018-08-0085555,,fallback
477247,CHN2019-08-0008727,,fallback
477249,CHN2019-08-0008849,F1315|F1529|F1901|F3170,fallback
477250,CHN2014-08-060908,,fallback
477251,,F2521|F2592,fallback
477282,CHN2016-99-000434,F1468,fallback
477302,,,fallback
477596,,,empty
477622,,,empty
477642,,F2586|F2780|F2782|F294|F2964|F3040|F3062|F3116|F3181|F3225,fallback
477644,NL2009-1649601,F3040:2|F3181:2|F3225:2|F2782:3,structured
477674,CHN2015-15-0474354,,empty
477739,CHN2016-04-0911168,,empty
477743,CHN2016-04-0911106,,empty
477744,CHN2016-04-0916342,,empty
477745,CHN2016-04-0916342,,empty
477746,CHN2016-04-0911168,,empty
477747,CHN2016-04-0611106,,empty
47777,BE05-6087764,F410,fallback
477789,CHN2016-04-1092895,,empty
477794,CHN2016-04-1092895,,empty
477796,B11-5047218,F1738|F3075|F3076,fallback
477797,B11-5047232,F447:2,structured
477798,B12-5057266,F1738:1|F1307:2|F1308:2,structured
477814,,,fallback
477949,CHN2015-33-0095995,F2399:3|F2469:3|F2527:3|F2570:3,structured
478000,,,fallback
478111,B13-6179947,,fallback
478115,,,empty
478417,CHN2016-04-1092834,,empty
478418,CHN2016-04-1092845,,empty
478420,CHN2016-04-0860870,,empty
478423,CHN2016-04-0860896,,empty
478427,CHN2016-04-0860866,,empty
478576,,,fallback
478582,B09-4280096,F901,fallback
478646,,F1676|F3162|F456,fallback
478647,,,empty
478648,,,empty
478651,,F2494|F2593,fallback
478654,,,empty
478669,,,empty
478678,,,empty
478719,,,empty
47872,NL07-4736445,,fallback
478724,,F1235|F2684|F3269|F573,fallback
478725,CHN2015-12-0211015,,fallback
478726,CHN2015-0211113,,fallback
478728,,,fallback
478744,,F2068|F2091|F342,fallback
478745,,F2494|F2593,fallback
478746,BE07-6404543,F2390|F2400|F2436|F2508|F2593|F2594|F2859|F3087,fallback
478747,BE08-6374035,F2390|F2400|F2436|F2508|F466,fallback
478748,,,fallback
478752,CHN2012-26-039145,F2494:2|F2593:2|F6886:2|F7025:2,structured
478767,CHN2014-26-386681,F4806:2|F4840:2|F2494:3|F2593:3|F6886:3|F7025:3,structured
478781,,,empty
478785,,,empty
478834,,F3162|F456,fallback
478952,,,empty
478958,,,empty
478972,,,empty
478979,,,empty
479008,,,fallback
479010,,,fallback
479030,,,fallback
47905,CHN2006-11-171889,,empty
479088,CHN15-12-0212826,,fallback
479091,CHN2015-12-0212276,,fallback
479095,CHN2015-12-0212817,,fallback
479096,CHN2015-12-0212226,,fallback
479100,B08-2040295,F773:1,structured
479101,B10-2045214,F2654:2|F2738:2|F2987:2|F2483:4|F2666:4|F3212:5|F2988:6|F7015:6,structured
479102,B05-2142800,F2410:2|F2604:2|F2697:2|F2765:2,structured
47912,CHN2006-11-021808,,empty
479152,B15-6091605,,fallback
479161,,,fallback
479171,,,fallback
479192,CHN2015-30-0670625,,fallback
479193,CHN2015-12-0212232,,fallback
479196,CHN2015-12-0211046,,fallback
479197,CHN2015-32-0200863,,fallback
479199,CHN2015-32-0200859,,fallback
479200,CHN2015-12-0211068,,fallback
479201,CHN2015-12-0212888,,fallback
479204,CHN2015-12-209598,,fallback
479207,CHN2015-12-0209556,,fallback
479210,CHN2015-12-0212273,,fallback
479212,CHN2015-12-0212248,,empty
479238,,,fallback
479395,,F2410|F3212|F371,fallback
479405,CHN2015-12-0212975,,empty
479408,CHN2015-12-0209564,,fallback
479411,CHN2017-17-0216166,,empty
479412,CHN2015-17-0278299,,empty
479415,CHN2017-17-0216170,,fallback
479429,CHN2004-12-076924,,fallback
479439,,,empty
479441,,,empty
479445,,,empty
479449,,,empty
479462,,,empty
479499,,F2890|F342,fallback
479501,,,empty
479512,,,empty
479565,,F2925,fallback
47957,BE07-6404552,,fallback
47958,BE04-6467223,,fallback
479580,,,empty
479593,,,fallback
479600,,,empty
479636,,,empty
479643,,,empty
479655,,,empty
479667,,,empty
479765,,,fallback
479935,,,empty
479938,B04-4295650,F384:1|F4159:1,structured
479945,,,empty
47997,B04-6231792,F265|F812,fallback
480007,,F2738,fallback
480032,,,empty
480035,,,fallback
480037,,,fallback
480056,,F2451|F2486|F2487|F2683|F2818|F3001|F3116|F342|F44,fallback
480062,CHN2014-26-386681,F4806:2|F4840:2|F2494:3|F2593:3|F6886:3|F7025:3,structured
480100,B2011-2083301,F2472:2|F2410:3|F2604:3|F2697:3|F2765:3,structured
480165,,,fallback
48022,BELG2009-6130600,F4230:1|F4275:2,structured
480227,,,empty
480257,,,fallback
480258,,F2596|F2607|F2647|F2858,fallback
480284,CHN15-12-0108097,,fallback
480288,CHN13-12-182075,,fallback
480290,C15-12-0108077,,fallback
480304,B10-6234957,,fallback
480311,BELG2005-4045129,,fallback
48033,BELG2008-6245480,F4230:1|F4327:2,structured
480338,,F1111|F3116,fallback
480339,,F3116,fallback
480342,B16-3138872,F1276|F1609|F1913,fallback
480412,BE11-4305953,,fallback
480450,,,fallback
480454,B2011-6119185,,fallback
480499,,,fallback
480501,,,empty
480503,,,fallback
480509,,,fallback
480569,,,fallback
480596,,,fallback
480606,B08-6340565,,fallback
480616,AU2016-JEDDS12635,,fallback
480620,AU2015-JEDDS18657,,fallback
480641,B12-6140650,,fallback
480669,,,fallback
480670,,,fallback
480678,,,empty
480685,CHN2016-04-1092873,,empty
480686,CHN2016-04-1092828,,empty
480687,CHN2016-04-1092832,,empty
480688,CHN2016-04-1092818,,empty
480691,CHN2016-04-1092819,,empty
480692,CHN2016-04-1092832,,empty
480693,CHN2016-04-1092828,,empty
480695,CHN2016-04-1092873,,empty
480698,CHN2016-04-1092824,,empty
480700,CHN2016-04-1092818,,empty
480715,CHN2016-04-1092808,,empty
480717,CHN2016-04-1092834,,empty
480718,CHN2016-04-1092843,,empty
480723,CHN2016-04-1092845,,empty
480738,CHN2016-04-1092816,,empty
480745,CHN2016-04-0860866,,empty
480754,CHN2016-04-0860896,,empty
480761,CHN2016-04-0860870,,empty
480764,CHN2016-04-0870017,,empty
480791,AU2016-JEDDS12665,,fallback
480795,AU2016-JEDDS12623,,fallback
480811,CHN15-03-1140260,,fallback
480821,CHN15-03-1140259,,fallback
480953,,,empty
480954,,,empty
480968,CHN2016-04-0870027,,empty
480973,CHN2016-04-0870027,,empty
481052,,,empty
481316,BELG2008-6314621,F2407:2|F2467:2|F2547:2|F2705:2,structured
481318,AU2016-JEDDS12671,,fallback
481319,AU2016-JEDDS12660,,fallback
481321,,,fallback
481323,,,fallback
481324,,,fallback
481337,,,empty
481339,,,empty
481348,,,empty
481349,,,empty
481369,,,empty
481432,C12-354522,,fallback
481433,C12-096594,,fallback
481478,CHN2016-05-0077209,F2942:2|F6573:2|F3186:3|F4214:3,structured
481585,,F232,fallback
481586,C04-123137,F2649:1|F2653:1,structured
481593,,F2506|F3027,fallback
481619,CHN2016-04-0870017,,empty
481661,AU2016-JEDDS12672,,fallback
481664,AU2016-JEDDS12620,,fallback
481669,AU2016-JEDDS12628,,fallback
481671,AU2016-JEDDS12622,,fallback
481673,AU2016-JEDDS12626,,fallback
48168,CHPU97-157869,,fallback
48169,,,fallback
482256,AU2016-JEDDS12699,,fallback
482261,AU2015-GFL-855,F2586|F2782|F2851,fallback
482262,CHN2018-08-0088000,,fallback
482268,,,empty
482271,,,empty
482279,,,empty
482280,,,fallback
482311,,,empty
482312,,,empty
482313,CHN2016-03-0862504,,fallback
482316,,,empty
482365,,,fallback
482366,,F326,fallback
482373,,,fallback
482392,,F326,fallback
482396,,,fallback
482403,,,fallback
482404,,F326,fallback
482406,,,fallback
482407,,F326,fallback
482409,,F326,fallback
482437,AU2016-JEDDS12633,,fallback
482438,AU2016-JEDDS12663,,fallback
482447,CHN16-03-1169214,F1950:1|F1974:1,structured
482454,,,empty
482475,CHN2016-03-0860128,,fallback
482477,CHN2016-03-0860127,,fallback
482537,B16-2138050,F1209|F2410|F2413|F2447|F2467|F2604|F2697|F2765|F2946|F773,fallback
482539,B16-2138470,F1405:1|F870:2,structured
482540,B16-2138473,F2410|F2413|F2447|F2467|F2483|F2666|F2946|F3212|F773,fallback
482543,,,empty
482590,,,empty
482594,,,fallback
482602,,,empty
482603,,,empty
482604,,,empty
482605,,,empty
482606,,,empty
482607,,,empty
482608,,,empty
482609,,,empty
482610,,,empty
482611,,,empty
482613,,,empty
482614,,,empty
482616,,,empty
482617,,,empty
482618,,,empty
482653,AU2016-JEDDS12608,,fallback
482680,CHN2016-13-0029312,,empty
482727,CHN14-12-120533,,fallback
482870,,,fallback
482891,B2011-6325688,F2467:3|F2546:3,structured
482911,,F326,fallback
482942,BELG14-6175558,,fallback
482965,,,empty
482971,BELG2012-6238485,F1557:1,structured
482973,,,empty
482986,,,empty
483085,,,empty
483130,NL10-1727944,F6267:1|F7132:2,structured
483132,,,empty
483241,NL18-3829967,F6433:2|F5597:3|F5729:3|F5512:4|F5865:4|F6026:4|F6929:4|F6975:4|F7095:4|F7274:4|F5436:5|F6868:5,structured
483243,,,fallback
483245,,,fallback
483246,,F2615,fallback
483247,NL16-1255320,,fallback
483248,,,fallback
483290,CHN2016-13-0029884,,empty
483305,NL12-1799610,F5979:1|F7254:1,structured
483362,CHN2016-03-0860156,,fallback
48341,,F2577,fallback
483411,CHN2016-03-0860197,,fallback
483438,CHN15-15-0130737,F5854:1|F5923:1,structured
483439,CHN2016-01-0760036,,fallback
483448,,,empty
483452,BE12-6323033,F1335,fallback
483456,,F2253|F2275|F2279|F2280,fallback
483459,,,empty
483461,,,empty
483504,,,fallback
483513,,,fallback
483516,,,fallback
483519,,,fallback
483568,,,empty
483576,,,empty
483578,,,empty
483583,CHN2013-15-091680,F5406:2|F7339:2|F2520:3|F7336:3,structured
483699,BE13-3160506,F1076:1|F1087:1,structured
483709,BE12-3162777,F2911|F349|F41,fallback
483718,B10-6052106,F3099|F3176|F3187|F3338,fallback
483722,CHN2019-08-0199948,,fallback
483738,,,empty
483744,,,empty
483865,,,empty
483876,B09-6248402,F122:2|F317:2|F3094:2|F3176:3|F3338:3,structured
483878,,,empty
483879,,,fallback
483880,,,fallback
483883,,,fallback
483889,CHN2016-01-0760039,,fallback
483921,,F2410|F2472|F2604|F2697|F2737|F2765,fallback
483952,CHN2016-08-0079901,F2521|F2592,fallback
483989,,,fallback
483993,,F1017|F1179|F2780|F3062,fallback
483994,NL2014-1050892,,fallback
483995,,,fallback
484016,,F2443|F2551|F2582|F2585|F2615|F2630|F2693|F2760|F2893|F493|F5043,fallback
484167,,F3175,fallback
484200,,,empty
484229,B2016-6269106,F406|F408|F661,fallback
484232,B2016-6269109,,fallback
484242,,,fallback
484243,,,empty
484278,BELG2016-3084358,,fallback
484308,BELG2016-3084357,,fallback
484310,BELG2016-3084143,,fallback
484315,,,fallback
484317,CHN2019-08-0100000,F1518|F1921,fallback
484372,CHN2016-03-0860185,,fallback
484388,CHN2016-03-0860139,,fallback
484613,B16-6031683,F1335:2|F87:3|F404:3|F665:3|F2880:3|F2934:3|F3033:3,structured
484646,,,empty
484699,,,empty
484702,,,empty
484703,,,fallback
484806,B16-6031687,F1657:2|F1772:2|F404:3|F3033:3,structured
484982,NL08-1349377,F5907:1|F6182:1,structured
485006,,,fallback
485008,,,empty
485122,,,empty
485123,,,fallback
485273,B2012-6225256,F3056:2|F3308:2,structured
485274,B2012-6225393,F213:2|F3056:2|F3308:2|F2826:3|F3014:3,structured
485348,NL07-1210401,F5757:2|F5973:2|F7137:2|F7209:2,structured
485362,,,fallback
485363,,,fallback
48539,CHN2002-01-055047,,fallback
485454,NL2007-1143821,F1097:1|F6821:2|F7031:2,structured
485500,CHN2016-13-0029769,,fallback
485534,,,fallback
485535,,,fallback
485583,,,empty
485654,CHN16-01-1616047,,fallback
485672,,,empty
485718,,,empty
485751,CHN2016-03-0860166,,fallback
485753,CHN2016-03-0860159,,fallback
485770,,,empty
485849,CHN15-03-0670812,,fallback
485859,,,empty
485864,,,empty
485919,,,empty
485921,,,empty
485922,,,empty
485923,,,empty
485924,,,empty
485926,,,empty
485927,,,empty
485928,,,empty
485929,,,empty
485931,,,fallback
485958,,,fallback
485994,NL2006-0744789,,fallback
486000,NL2010-3038179,,fallback
486010,,,fallback
486011,,,empty
486017,,,empty
486018,,F1047|F1052|F2404|F2424|F2442|F2443|F2551|F2615|F2655|F2675|F2893|F493|F5043,fallback
486022,,,fallback
486023,,F1517|F1529,fallback
486024,,,fallback
486026,,,fallback
486027,,,fallback
486052,,,fallback
486053,,,empty
486073,,,fallback
486075,,,fallback
486099,,,empty
486107,,,fallback
486139,,,empty
486140,,F3116,fallback
486143,,,fallback
486159,B09-6130017,F421:1|F1165:1,structured
48625,CHN07-01-587028,,fallback
486260,,,empty
486263,,,empty
486322,,,empty
486323,,,empty
486356,CHN2016-08-0045552,,fallback
486358,CHN2017-08-0296661,,fallback
486375,,,fallback
486390,BELG2012-2061323,,fallback
486409,BELG2011-2083479,F15,fallback
486414,BELG2011-2083300,,fallback
486421,CHN2016-05909,,fallback
48646,,,fallback
486517,,F110|F1187,fallback
486541,B15-2062496,F1405|F2410|F2604|F2697,fallback
486719,B2015-3025033,F1111|F3116,fallback
486726,B2015-3150647,F1609|F1913,fallback
486751,B16-6031700,F809:2|F1016:2|F91:3|F2880:3|F2934:3|F3299:3,structured
486759,,,empty
486806,,F326,fallback
486807,,,empty
486809,,F326,fallback
486810,,F326,fallback
486813,,,fallback
486814,,,empty
486822,NL09-1895248,F5618:1|F5836:1,structured
486823,NL09-1895173,F5618:1|F5836:1,structured
486824,NL08-1163870,,fallback
486825,NL09-1895106,F7153:1|F7222:1,structured
486826,,,fallback
486827,,,fallback
486828,NL09-1895211,F5460:1|F5989:1,structured
486829,NL08-1163888,F7153:1|F7222:1,structured
486830,,,fallback
487124,,,empty
487127,,,fallback
487128,,,empty
487194,,,empty
487195,,,empty
487196,,,empty
487198,CHN2016-13-0201874,,empty
487295,B16-60316731,F2588:2|F808:3|F1336:3|F2415:3|F2438:3|F404:4|F3033:4,structured
487307,,,fallback
487360,,,empty
487361,,,empty
487363,,,fallback
487368,,,fallback
487388,,,fallback
487389,,,fallback
487396,,,empty
487405,BE08-6368070,,fallback
487476,,,empty
487477,,,empty
487488,,,fallback
487489,,,fallback
487490,,,fallback
487493,,,fallback
487494,,,fallback
487507,,,fallback
487523,,,fallback
487550,B13-3160808,F336:2|F719:2,structured
487599,BELG2017-6053431,,fallback
487612,CHN2019-08-0008834,,fallback
487614,BELG2017-6053432,,fallback
487618,CHN2017-08-0155558,,fallback
487648,,,fallback
487721,CHN2019-08-0008764,,fallback
48774,BELG01-6255263,,fallback
48775,BELG05-6448112,,fallback
487788,,,empty
487793,,,empty
487795,,,empty
487796,,,empty
487811,CHN2019-08-0008673,,fallback
488112,,,fallback
488219,B13-6033471,F2881,fallback
488336,,F326,fallback
488337,,F658,fallback
488362,,,empty
488480,,F110|F1187,fallback
488484,,F110|F1187,fallback
488488,,F110|F1187,fallback
488489,,F110|F1187,fallback
488498,,F110|F1187,fallback
488523,,,empty
488686,,,fallback
488777,,,empty
488806,,,fallback
488870,,,empty
488889,CHN2014-15-278005,F2405:2|F2465:2|F6762:2|F6796:2,structured
488947,BELG2016-3084246,,fallback
489046,,F260|F628,fallback
489047,,,empty
489049,,,fallback
489054,,,fallback
489059,,,fallback
489198,,,fallback
489210,,,empty
489212,,,empty
489213,,,empty
489215,,,empty
489219,,,fallback
489220,B2011-2204066,F337:2|F3179:2,structured
489409,B09-6222926,F821:2|F2407:2|F2555:2|F2940:3,structured
489469,CHN2013-07-213639,,fallback
489520,,,fallback
489521,,,empty
489526,,,empty
489553,,,empty
489563,,,fallback
489652,UN2009-708787,F2405|F2465,fallback
489673,CHN12-507333,,fallback
489697,CHN12-03-507361,,fallback
489704,CHN2018-08-0081111,F466,fallback
489713,,,fallback
489714,,,fallback
489716,,,fallback
489726,B14-4056901,,fallback
489730,B14-4215805,F3170,fallback
489734,B15-6052024,,fallback
489736,,,fallback
489740,,,fallback
490165,CHN2016-08-0045862,,fallback
490166,,,empty
490173,NL11-5015822,,fallback
490193,,,empty
490208,,,empty
490236,NL12-1402704,,fallback
490323,,F326,fallback
490326,,,fallback
490332,,,fallback
490334,,,fallback
490335,CHN2014-15-045000,,fallback
490578,,F1370|F621,fallback
490590,DV0135-10-563,F100|F2937|F626,fallback
490597,BELG2015-6287008,,fallback
490598,BELG2015-6026471,,fallback
490599,BELG2015-6026470,,fallback
490600,BELG2014-6175594,F1191|F1658|F1948|F317,fallback
490601,BELG2014-6175595,F1191|F1658|F1948|F317,fallback
490602,BELG2015-6287039,,fallback
490603,BELG2015-6287038,,fallback
490604,BELG2015-6287007,,fallback
49100,BELG2007-3111605,,fallback
491084,NL11-1277858,F3061,fallback
491090,NL09-1770050,F3061,fallback
491101,NL12-1170611,,fallback
491127,B2004-6276745,F2402:2|F2492:2,structured
491148,,,fallback
491150,CHN2008-01-543509,F4810:1|F2402:3|F2492:3,structured
491151,CHN2012-01-858168,F4884:1|F2402:3|F2492:3,structured
491152,CHN2014-01-1268860,F4925:1|F2402:3|F2492:3,structured
491155,CHN2010-01-926165,F4849:1|F2402:3|F2492:3,structured
491185,CHN2012-01-858132,F4810:1|F2402:3|F2492:3,structured
491187,CHN2011-01-131121,F4811:1|F2402:3|F2492:3,structured
491188,CHN2009-01-985976,F4811:1|F2402:3|F2492:3,structured
491189,CHN2011-01-131132,F4811:1|F2402:3|F2492:3,structured
491193,CHN2011-01-131122,F4811:1|F2402:3|F2492:3,structured
491194,CHN2009-01-353524,F4811:1|F2402:3|F2492:3,structured
491195,CHN2009-01-985978,F4811:1|F2402:3|F2492:3,structured
491197,B2011-6174516,F446:2|F468:2|F2699:3|F2794:3|F2863:3|F3339:3,structured
491198,CHN2013-01-858017,F1865:1|F4905:1,structured
491199,CHN2014-01-1268857,F4842:1|F1865:2|F4905:2,structured
491201,CHN2014-01-1268808,F1865:1|F1866:1,structured
491364,,,empty
491370,,,empty
491371,B12-6321265,F1209|F1684,fallback
491422,NL12-1170581,F296,fallback
491494,,F640,fallback
491519,,F2410|F3212|F371,fallback
491543,,,fallback
491544,,,fallback
491549,,,fallback
491554,,,empty
491561,,F2395|F2407|F2409|F2410|F2413|F2447|F2456|F2467|F2544|F2545|F2546|F2547|F2640|F2659|F2705|F2856,fallback
491566,,F2185,fallback
491569,,,empty
491578,,,fallback
491583,,,fallback
491668,CHN16-11-0342665,F4709:1,structured
491689,,,empty
491691,BELG2012-6312364,F3180|F3347,fallback
49174,,,fallback
491877,,,empty
491903,,,empty
491926,,F624,fallback
491958,,,empty
491975,NL2006-2137854,,fallback
492061,,,empty
492063,BELG2012-6312365,F3180|F3347,fallback
492075,,,empty
492077,,,empty
492095,,,empty
492097,,F1492|F1663|F667|F824,fallback
492126,CHN2016-08-0045117,,fallback
492127,CHN2019-08-0008637,,fallback
492192,,,empty
492285,,,fallback
492288,,,fallback
492290,,,fallback
492322,,,empty
492327,,,empty
492337,,,empty
492342,CHN2016-06-0484545,,empty
492356,,,empty
492369,,,fallback
492372,,,fallback
492393,,,empty
492411,,,empty
492415,CHN16-09-0168500,,empty
492417,CHN16-09-0160916,,fallback
492442,CHN16-09-0160134,,fallback
492448,CHN16-09-0160136,,empty
492449,CHN16-09-0160135,,empty
492450,CHN16-09-0418036,,fallback
492452,CHN16-09-0160138,,fallback
492456,CHN16-09-0418024,,empty
492458,BELG2013-6094509,F3180|F3347,fallback
492552,,F2230,fallback
492553,,F2230,fallback
492554,,,fallback
492667,B14-2127777,F1319:2|F1371:2|F1375:2|F5672:3|F2946:5|F6798:5|F6863:5|F7034:5,structured
492697,,,fallback
492861,B11-2083161,F1061|F2737|F509,fallback
492866,B11-2083094,F764|F921,fallback
492950,,,fallback
492952,,,fallback
492987,,,fallback
492988,,,fallback
493042,,,empty
493055,,,empty
493126,,,empty
493128,,,empty
493167,B12-6321307,F1896,fallback
493177,,F295,fallback
493178,B15-6090978,F453:2|F1493:2|F3165:3,structured
493180,B15-6090971,F453:2|F295:3|F3165:4,structured
493186,NL10-4795774,F789,fallback
493229,,,empty
493414,,,empty
493521,B99-2053071,,empty
493522,B98-2200169,,empty
493525,B98-2200294,,empty
493526,,,empty
493527,,,empty
493528,AU99-0067,,empty
493532,B97-6032382,,empty
493534,B99-2053163,,empty
493535,B98-2200172,,empty
493557,,,fallback
493563,,,empty
493571,,F1189|F2407|F3307,fallback
493656,CHN2016-02462,,fallback
493721,,,empty
493723,,,empty
493724,,,empty
493725,,,empty
493726,,,empty
493729,,,empty
493730,,,empty
493732,,,empty
493735,,,empty
493737,,,empty
493787,BELG2016--1256160,F4718:1|F3116:3|F2680:4|F2812:4,structured
493793,,F2546|F2903|F3202|F413|F991|F993,fallback
493802,,F2546|F2903|F3202|F413|F991|F993,fallback
493805,,F2546|F2903|F3202|F413|F991|F993,fallback
493875,B10-6038233,,fallback
493908,,,empty
493909,,,empty
493958,,,empty
494040,,,empty
494044,,,empty
494047,,,empty
494049,,,empty
494052,,,empty
494053,,,empty
494054,,,empty
494058,,,empty
494217,B2013-6220851,F1865:1|F1866:1,structured
494285,B2011-6177331,F1499:1|F2699:3|F2794:3|F2863:3|F3339:3,structured
494286,CHN2013-01-858012,F1865:1|F4905:1,structured
494436,,,empty
494437,CHN16-26-0090816,,empty
494464,B14-2128137,F1296:2|F1621:2|F1939:2|F1319:3|F1371:3,structured
494608,B14-3067287,,fallback
494780,,,fallback
494813,,F1468|F1723|F563,fallback
494819,B16-6031672,F404:2|F1891:2|F3033:2|F2880:3|F2934:3,structured
494821,,,empty
494839,CHN2010-06-255800,,empty
494989,CHN2012-01-111711,F4657:1|F5038:1,structured
49506,NL09-1204111,,fallback
49507,NL09-1204062,,fallback
49512,NL03-4242657,,fallback
49514,DV06720-07-729,,fallback
495243,,,fallback
495300,,,empty
495325,,,empty
49542,,,fallback
495732,,,empty
495734,,,empty
495775,,,fallback
495776,,,fallback
495782,,,empty
495847,CHN16-03-1169211,F4718:1|F3116:3|F2680:4|F2812:4,structured
495862,BELG2016-1256156,F4718:1|F3116:3|F2680:4|F2812:4,structured
495913,,,empty
495916,,,empty
495924,,,empty
495927,,,empty
495953,,,empty
496051,BELG2010-5170664,,fallback
496052,BELG2010-5170632,,fallback
496083,,,fallback
496084,,,fallback
496125,,,empty
496331,CHN16-03-1169423,F4469:1|F4718:2|F3116:4|F2680:5|F2812:5,structured
496369,,,empty
496380,,,empty
496381,,,empty
496405,,,fallback
496407,,,fallback
496411,,,empty
496412,,,empty
496436,,,empty
496453,,,fallback
496454,,,fallback
496455,,,fallback
496475,B2012-6225242,F265:2|F2692:2|F3056:3|F3308:3,structured
496488,B2011-2205648,F2885:2|F3305:2,structured
496495,B2007-2103571,F2801:2|F3098:2,structured
496499,B2009-6301950,F2609:2|F2718:2|F2733:2|F3052:2,structured
496509,B2009-6301955,F471:2|F2869:2|F2882:2|F2507:3,structured
496514,B2009-6301961,F2658:2|F2732:2|F2788:2|F3052:2,structured
496519,B2007-6385478,F2790:2|F2869:2|F2882:2|F2507:3,structured
496520,B2009-6301956,F2871:2|F2960:2|F2966:2|F158:3|F3310:3,structured
496526,B2012-2177739,F1115:2|F1218:2|F2991:2|F3207:2,structured
496885,B2014-2072904,,fallback
496907,B10-4284708,,fallback
496910,B2015-6052042,,fallback
496946,BELG2010-3180199,,fallback
496949,,F1335|F2438|F2935,fallback
496956,,F1335|F2438|F2935,fallback
496963,BEL2011-3175272,,fallback
496967,BELG2010-3014098,,fallback
496975,BELG2011-3175268,,fallback
496978,BELG2012-3032555,,fallback
496991,BELG2010-3180181,,fallback
497001,BELG2009-3065826,,fallback
497140,,F1564|F863,fallback
497144,,F3033|F404|F666,fallback
497160,,,empty
497163,B2016-2063336,,fallback
497165,,,empty
497200,BELG2012-3032590,,fallback
497208,BELG2010-3014032,,fallback
497215,BELG2009-3065879,,fallback
497223,CHN2016-06-0672381,,empty
497230,BELG2012-3161984,,fallback
497239,BELG2016-1256220,F4718:1|F3116:3|F2680:4|F2812:4,structured
497242,,,fallback
497260,,F2457,fallback
497281,,,empty
497285,CHN2016-06-0671529,F4963:1|F6209:2|F5571:3|F5782:3,structured
497337,CHN2016-06-0672389,F4964:1|F2360:2|F1266:3|F1269:3,structured
497663,,,empty
497672,,,empty
497675,,,empty
497773,CHN2016-32-0555826,,fallback
497775,CHN2016-32-0555827,,fallback
497776,CHN2016-32-0555828,,fallback
497790,,,empty
497792,,,empty
497794,,,empty
497795,,,empty
497796,,,empty
497831,,,fallback
497861,,,empty
497965,,,empty
498048,,,fallback
498071,,,fallback
498072,,,fallback
498091,,,empty
498187,,,empty
498192,B2010-2137074,F2171:2|F2255:2|F2257:2|F2258:2,structured
498199,CHN2016-01-0296215,F6496:3|F6566:3|F6576:3|F6579:3|F6645:3|F6648:3|F6549:4|F6574:4|F6600:4,structured
498204,CHN2011-01-575699,F2184:2|F4788:2|F2044:4|F2053:4|F2064:4|F2065:4|F2126:4|F2131:4|F2132:4|F2137:4,structured
498206,CHN2011-01-469262,F4796:2|F2117:3|F2188:3|F2044:4|F2053:4|F2064:4|F2065:4,structured
498207,NL2009-1723804,,fallback
498208,CHN2011-01-469855,F4812:1|F2117:3|F2188:3|F2044:4|F2053:4|F2064:4|F2065:4,structured
498211,NL2008-5825877,,fallback
498214,NL2011-2017497,,fallback
498215,NL2008-1078545,,fallback
498239,NL2005-1432006,F2457,fallback
498241,CHN14-16-000582,,fallback
498243,NL2005-2082804,F2457|F2595,fallback
498261,,,empty
498262,,,empty
498268,,,fallback
498278,,,fallback
498308,,F1208|F456,fallback
498397,,,empty
498453,,,empty
498457,,,empty
498459,,,empty
498502,,,empty
498503,,,empty
498519,,,empty
498546,,,empty
498576,,,fallback
498716,CHN15-03-1307231,F4718:1|F3116:3|F2680:4|F2812:4,structured
498764,,,fallback
498830,,,fallback
498925,,,fallback
498950,NL2009-1815399,,fallback
499018,CHN16-11-056671,F4918:1|F4983:1,structured
499036,T2007-35840,,fallback
499039,CHN08-06-109333,,fallback
499040,CHN13-06-330026,,fallback
499083,,,empty
499084,,,empty
499088,CHN04-16-000179,,fallback
499089,CHN03-16-000251,,fallback
499091,,,fallback
499136,CHN10-16-000532,,fallback
499139,NL2008-5825355,,fallback
499153,CHN10-16-000588,,fallback
499180,,,empty
499269,CHN12-16-000507,,fallback
499272,CHN2010-16-000548,,fallback
499350,,,empty
499419,,,fallback
499517,,F432,fallback
499524,,F635,fallback
49961,BELG02-6091439,,fallback
499639,,F3101,fallback
499643,,F3101,fallback
499654,,,empty
499665,,,empty
499681,,,fallback
499701,,,empty
499807,,,empty
499863,,,empty
499872,NL2009-1815422,,fallback
499874,NL2009-1815209,,fallback
499879,NL2009-5914088,,fallback
499881,NL2008-2138480,,fallback
499884,NL2010-5016223,,fallback
499885,NL2010-2055196,,fallback
499910,NL2008-4132888,,fallback
500093,B05-5098659,F601|F80,fallback
500178,,,fallback
500251,B16-2147738,,fallback
500318,CHN10-080011,,fallback
500394,,,empty
500399,,,fallback
500408,,,empty
500437,B15-2313186,,fallback
500447,,,empty
500600,,,fallback
500690,,,empty
500796,,,empty
500825,BELG2012-6023281,,fallback
500826,BELG2012-6023340,,fallback
500833,BELG2012-6023358,,fallback
500835,BELG2012-6023366,,fallback
500837,BELG2012-6023430,,fallback
500842,CHN2007-06-025815,,empty
500851,,,empty
500856,,,fallback
500861,,,fallback
500904,BELG2007-6033075,F431,fallback
500956,,F342,fallback
500959,,F2410|F2604|F2697|F2765,fallback
500970,,,fallback
500973,,,fallback
500974,,,empty
500982,,,empty
50109,,,empty
501523,,F2410|F2472|F2737,fallback
501621,NL05--14054041,,fallback
501629,CHN2012-15-215788,F2484:2|F2493:2|F2498:2|F2804:2,structured
501641,CHN2013-15-091144,F2493:2|F2533:2|F2665:2|F7335:2,structured
501661,,,empty
501662,,,empty
501695,,,empty
501715,,,empty
501716,,,empty
501789,,,empty
501790,,,empty
501793,,,empty
501796,,,empty
501798,,,empty
501799,,,empty
501800,,,empty
501801,,,empty
501802,,,fallback
501804,,,empty
501805,,,empty
501807,,,empty
501808,,,empty
501809,,,empty
501810,,,empty
501811,,,empty
501812,,,empty
501813,,,empty
501814,,,empty
501815,,,empty
501816,,,empty
501819,,,empty
501820,,,empty
501821,,,empty
501823,,,fallback
501902,,,empty
501926,,,empty
502300,,,empty
502304,DV1358-11-188,,fallback
502312,BELG2010-5177087,F709:2|F859:2|F1054:2|F2654:3|F2987:3,structured
502410,,,fallback
502462,,,fallback
502470,CHN2013-15-091114,F4597:1|F7301:2,structured
502534,,F1514,fallback
502541,,F1514,fallback
502652,,F3116,fallback
502666,,F1529|F3170|F878,fallback
502701,,,empty
502790,CHN16-26-0029752,,empty
502800,B15-3025023,F855:3|F1114:3|F2915:3|F2744:4,structured
502801,B16-3084408,F1094|F1112,fallback
502827,BELG2013-6062213,,fallback
502828,BELG2013-6062214,,fallback
502830,,,fallback
502839,BELG2013-6062219,,fallback
502853,BELG2013-6062225,,fallback
502854,BELG2009-6111599,,fallback
502875,BELG2011-6119032,,fallback
502876,BELG2014-6174081,,fallback
502882,BELG2008-6177660,,fallback
502886,NL14-1491430,,fallback
502895,NL14-1491458,,fallback
502939,,,empty
502983,,,fallback
502985,,,empty
502986,,,empty
502987,,,empty
502988,,,empty
502990,,,empty
502996,,,fallback
502997,,,empty
502999,,,empty
503000,,,empty
503060,CHN17-26-0825968,F2731,fallback
503072,CHN2015-01-1182121,,fallback
503097,CHN2017-01-0715527,,fallback
503098,CHN2014-01-327878,F988,fallback
503099,,,fallback
503100,,,fallback
503101,,,empty
503105,NL14-1934293,F1663:1|F824:2|F1492:2,structured
503119,,,empty
503120,,,empty
503367,CHN2016-01-0777383,F24|F3101,fallback
503374,,,fallback
503377,,F24|F3101,fallback
503410,CHN12-01-565067,,fallback
503412,CHN2007-26-044608,F2494:2|F2593:2|F6886:2|F7025:2,structured
503461,,,empty
503463,,,empty
503472,BE10-4101181,,fallback
503476,,,empty
503480,,,empty
503601,,,fallback
503912,,,empty
503919,,,empty
504007,CHN15-26-0499754,,empty
504008,BELG2005-3006799,F2399|F3116,fallback
50404,,,empty
504045,,,empty
504053,,,empty
504087,,,empty
504138,,,fallback
504139,,,fallback
50427,BE02-2095198,F2516|F2740,fallback
50430,BE02-2328491,F684,fallback
50432,NL03-1144853,,fallback
504335,,,fallback
504356,,F110|F1187,fallback
504357,,,fallback
504358,,,fallback
504362,,,fallback
50442,B03-4290095,F224|F54|F573,fallback
504612,B10-6355611,F2866:3|F2868:3|F3045:3|F3159:3,structured
504637,BE11-6094026,,fallback
504639,BE11-6094027,F962,fallback
504641,,F1376|F1760|F621,fallback
504642,NL09-1837010,,fallback
504649,DV08857-11-157,,fallback
504651,NL11-1177881,,fallback
504666,,,empty
504669,BELG2008-6177699,F4264:1|F4404:1,structured
504670,BELG2014-6306603,,fallback
504673,BELG2012-6307241,,fallback
504676,BELG2012-6307289,,fallback
504682,BELG2013-6313732,,fallback
504683,BELG2013-6313761,,fallback
504686,BELG2012-6323179,,fallback
504688,BELG2007-6386760,F431,fallback
504689,BELG2007-6386767,,fallback
504726,,,empty
504752,,F3224,fallback
504897,CHN14-15-184019,F4717:1|F4951:1,structured
50491,CHN08-09-013132,F4576:1,structured
504974,,F2399|F2528|F2568|F2569,fallback
505099,CHN14-09-627565,F4670:1|F5671:2|F5996:2,structured
505152,,,empty
505170,,,empty
505181,,,empty
505303,,,empty
505305,,,empty
505322,,,empty
505348,B10-2135084,,fallback
505370,,,empty
505371,,,empty
505395,,,fallback
505427,,,fallback
505456,,,fallback
505473,,,empty
50554,B2003-6471609,,fallback
505685,CHN2013-07-212501,,fallback
50579,,F2404,fallback
505793,,,fallback
505811,,,empty
505822,,,empty
505831,BE15-6020286,,fallback
505834,,,empty
505848,,F1208|F456,fallback
505879,,,fallback
505889,DV09711-12-37V,,fallback
505900,,,fallback
505909,,F110|F1187,fallback
50604,BE03-2049603,F3269,fallback
50606,BE03-2059531,,fallback
50607,BE07-2135135,,fallback
506074,,,empty
50608,NL2004-1305395,,fallback
506096,,,empty
50613,CHN2008-03-408291,,empty
506159,,,empty
506162,BE2011-4096909,,fallback
506165,,,fallback
506179,,,empty
506200,,,empty
50622,CHN2009-03-803839,,empty
506245,,,empty
50629,CHN2009-03-803796,,empty
50631,CHN2009-03-803795,,empty
506427,B08-6177597,F1752,fallback
506431,B08-6177598,F1752,fallback
506450,,,empty
506495,,,empty
506521,,,empty
506554,CHN13-03-1191581,,fallback
506572,CHN13-03-1191468,,fallback
506602,NL15-1823176,,fallback
506692,,,empty
506762,NL2016-1874289,F1801:2|F2594:3|F3087:3,structured
506764,NL2016-1883062,F1801:2|F2594:3|F3087:3,structured
506765,NL2016-1883061,F1801:2|F2594:3|F3087:3,structured
506868,B12-2061567,F2391|F2410|F2483|F2604|F2666|F2697|F2765|F2988|F3212,fallback
506933,B14-2216346,,fallback
507028,B14-6051268,F652:1|F421:2|F1165:2,structured
507029,B14-6300937,F652:1|F421:2|F1165:2,structured
507033,B16-6166252,F1882:1|F421:2|F1165:2,structured
507034,B16-6166272,F1882:1|F421:2|F1165:2,structured
507073,,,empty
507109,,F2542,fallback
507134,BE13-2110129,,fallback
50715,B03-4290069,F2577,fallback
507209,BE11-6091862,F1209,fallback
507215,B08-6372822,F251:2|F620:2|F99:3|F100:3|F153:3|F2868:4|F3045:4,structured
507222,CHN16-01-0159988,F4:2,structured
507228,CHN16-01-11403,F769:3|F770:3|F1120:3|F6148:3|F1628:4|F3040:4|F3181:4|F3225:4|F2782:5|F5968:5|F6935:6|F7168:6,structured
507240,CHN16-01-1054979,F1844:2|F1932:2,structured
507276,BE15-6289447,,fallback
507282,CHN15-01-0480033,F401:3|F769:3|F770:3|F1120:3|F2764:3|F2787:3|F2924:3|F6148:3,structured
507304,CHN16-01-11398,F1011:2|F1331:2|F1332:2|F1773:2,structured
507358,,,empty
507359,CHN16-03-0017009,,empty
507364,,,empty
507487,B08-2040070,F193:2|F865:2|F2738:2|F2410:3|F2604:3,structured
507497,,,empty
507733,B08-6164400,F2700:2|F2799:2|F3319:2|F3320:2,structured
507798,CHN2016-11-0368702,F4894:1|F4709:2,structured
507800,BELG11-5025193,F2752|F80,fallback
507804,CHN2016-11-0368710,F5098:1|F224:3,structured
507849,BE15-3025371,F180,fallback
507859,BE15-3025377,F1583:2|F2746:3|F3116:3,structured
507874,BE15-3025378,F1583:2|F2746:3|F3116:3,structured
507888,B12-3168910,F1080:2|F3206:2|F3355:2|F2399:4|F2469:4|F2527:4|F2570:4,structured
507911,NL10-1528959,F5540:2|F5828:2|F6820:2|F6964:2,structured
507915,,,empty
507932,,,empty
507937,,,empty
508116,,,empty
508245,B10-6357852,F312:2|F3065:2|F459:3,structured
508246,B10-6031864,F312:2|F696:2|F459:3,structured
508359,,,empty
508455,CHN2014-15-184109,F6179:1|F6192:1,structured
508466,CHN2015-06-0199745,,empty
508575,NL12-1064318,,fallback
508624,CHN2014-15-195475,F6328:1|F6453:1,structured
508625,CHN01-06-074826,,fallback
508632,CHN02-32-335419,,fallback
508634,CHN04-06-060909,,fallback
508688,BELG2004-3001666,F2393:2|F2569:2|F2909:2,structured
508692,NL08-1303017,F6800:2|F6998:2,structured
508698,NL05-1405598,F6765:2|F6923:2|F7029:2|F7238:2,structured
508701,NL08-1549154,F6788:2|F6860:2,structured
508712,NL12-1623840,F5641:2|F6810:2,structured
508715,NL10-1693015,F1275:2|F2817:2,structured
508719,NL10-1693025,F99:2|F1006:2,structured
508790,NL08-1884105,F6775:2|F6970:2,structured
508792,NL11-1937499,F2470:2|F3000:2|F6228:2|F6229:2,structured
508794,NL04-2061907,F2890:2|F6826:2|F6967:2|F7028:2,structured
508797,BE08-5116142,F3274:2|F4061:2|F4098:2,structured
508810,NL05-2201701,F342:2|F2470:2,structured
509049,NL2014-1040773,,fallback
509139,,F2393|F2399|F2469|F2528|F2568|F2569|F2678|F2679|F3116,fallback
509190,,,fallback
509198,BELG2016-6267918,F287:2|F435:2|F826:2|F827:2,structured
509203,B14-6070179,F287:2|F435:2|F826:2|F827:2,structured
509248,,,empty
509250,,,fallback
509328,,,empty
509349,,,empty
509393,,,fallback
509482,,,empty
509500,,,empty
509570,CHN08-03-625003,,empty
509577,,,empty
509578,,,empty
509585,,,empty
509586,,,empty
509587,,,empty
509691,CHN2014-15-184017,F4859:1|F6361:2|F6362:2,structured
509727,,,empty
509736,,,empty
509765,,,fallback
509777,,,fallback
509795,,,empty
509797,,,empty
509798,,,empty
509800,,,empty
509802,,,empty
509804,,,empty
509805,,,empty
509844,,F1335|F1468|F2438|F2935|F3325,fallback
509846,,F1335|F1468|F2438|F2935|F3325,fallback
509849,,F1335|F1468|F2438|F2935|F3325,fallback
509850,,F1335|F1468|F2438|F2935|F3325,fallback
509851,,F1335|F1468|F2438|F2935|F3325,fallback
509852,,F1335|F1468|F2438|F2935|F3325,fallback
509853,,F1335|F1468|F2438|F2935|F3325,fallback
509854,,F1335|F1468|F2438|F2935|F3325,fallback
509855,,F1335|F1468|F2438|F2935|F3325,fallback
509856,,F1335|F1468|F2438|F2935|F3325,fallback
509857,,F1335|F1468|F2438|F2935|F3325,fallback
509858,,F1335|F1468|F2438|F2935|F3325,fallback
509859,,F1335|F1468|F2438|F2935|F3325,fallback
509860,,F1335|F1468|F2438|F2935|F3325,fallback
509861,,F1335|F1468|F2438|F2935|F3325,fallback
509862,,F1335|F1468|F2438|F2935|F3325,fallback
509863,,F1335|F1468|F2438|F2935|F3325,fallback
509864,,F1335|F1468|F2438|F2935|F3325,fallback
509887,NL14-1823616,F6113:2|F6114:2|F6183:2,structured
509893,NL14-1823660,F6191:2|F6286:2|F6292:2,structured
509896,NL2008-1377225,F5538:2|F6820:2|F6964:2|F7000:2,structured
509909,BELG09-3021774,F199:2|F889:2|F948:2|F189:3|F2818:3,structured
509958,CHN2014-15-195438,F6451:1,structured
510025,BE14-6171833,F1311:2|F1756:2|F6222:2|F453:3|F3165:3,structured
510043,BE15-6288751,F295:2|F453:3|F3165:3,structured
510124,,,empty
510188,B16-3142579,F1609|F1913,fallback
510189,CHN02-32-337138,,empty
510191,CHN04-32-245065,,fallback
510192,CHN04-32-245066,,fallback
51022,B96-3156317,F2574:1|F2399:2|F2469:2,structured
510220,CHN16-26-0613634,F4619:2|F4669:2|F7247:2,structured
510235,,,empty
510237,B13-3048700,,fallback
510283,B11-3021722,F1088|F191|F890,fallback
510383,CHN2015-15-0120721,F6429:1|F5632:3|F5844:3|F6080:3|F7107:3,structured
51044,,,empty
510488,,,empty
510489,CHN2015-15-0120777,F6453:1,structured
510496,CHN2015-15-0120784,F4898:1|F5286:1,structured
510516,,,empty
510531,B09-4280095,F901,fallback
510533,,,fallback
510549,CHN11-03-1010051,,empty
510585,BE16-3112273,,fallback
510649,,,empty
510650,B13-4013696,F575|F580|F930,fallback
510688,CHN13-03-1191919,,empty
510691,CHN10-02-168544,,empty
510788,BELG2016-6033778,,fallback
510789,,,fallback
510794,,,fallback
510798,NL08-5810070,F5693:2|F7052:2|F5538:3|F5784:3|F5846:3|F5990:3,structured
51080,B2002-6197656,,fallback
510825,NL05-5510070,F5538:3|F6820:3|F6964:3|F7000:3,structured
510864,NL08-1377269,F5467:2|F7257:2|F6883:3|F6894:3|F5538:4|F6820:4|F6964:4|F7000:4,structured
510865,NL08-5810072,F5541:2|F5845:2|F5538:3|F6820:3|F6964:3|F7000:3,structured
510866,NL08-5810101,F5912:1|F6073:2|F7257:2,structured
510869,CHN2015-15-0120923,F4517:1|F6421:1,structured
510886,CHN2015-15-0121000,F4949:1|F6361:2|F6362:2,structured
511195,,,fallback
511275,NL16-1509247,,fallback
511296,,,fallback
511307,BE14-6240827,F295:2|F453:3|F3165:3,structured
511309,BELG07-6371024,F2937|F3154|F3196|F99,fallback
511312,BELG07-6399398,,fallback
511316,BE08-6372801,,fallback
511317,BELG08-6385222,,fallback
511318,BELG09-6269126,,fallback
51132,CHN06-05-052742,,empty
511330,CHN2018-15-0278883,F3973:1|F4950:1,structured
511333,CHN2016-15-0212231,F4723:1|F6179:2|F6192:2,structured
511372,B15-2142603,F22:2|F858:2|F3224:2|F5394:2,structured
511450,,,empty
511480,CHN08-03-614780,,empty
511489,,,empty
511494,CHN15-03-0671173,,empty
511523,B12-6044388,,fallback
511564,CHN14-03-1003489,,empty
51161,NL07-4736443,F425:2|F2946:2|F6798:2,structured
511624,,,empty
511626,,,empty
511627,,,empty
511632,,,empty
511634,,,empty
511635,,,empty
511800,,F1065|F1431|F3116,fallback
511815,CHN2015-12-0129046,,empty
511917,CHN08-03-815683,,empty
511926,B09-3185145,F35:2|F3119:2|F3228:2|F2470:4|F2486:4|F2501:4|F2619:4,structured
511928,CHN30922-2006,,empty
511937,B10-3059492,F190:2|F359:2|F925:2|F3120:2,structured
511942,,,empty
511944,,,empty
511946,,,empty
511947,,,empty
511953,,F2946,fallback
511957,NL10-2046189,F5422:3|F5438:3|F5484:3|F7068:3|F7125:3,structured
511958,NL07-1992335,F5422:2|F5438:2|F5484:2,structured
511966,NL07-1992331,F7068:2|F7125:2,structured
511993,CHN13-03-1191580,,fallback
512004,,,empty
512005,,,empty
512006,,,empty
512030,,,fallback
512178,,,empty
512202,BELG10-2197933,F493:2|F2838:2|F5043:2|F2585:3|F2693:3,structured
512203,BELG10-2197937,F2760:2|F2443:3|F5043:3|F5232:3,structured
512204,BELG10-2197968,F494:2|F680:2|F2443:2|F5043:2,structured
512308,NL10-1615969,,fallback
512310,NL12-1542811,,fallback
512332,,,fallback
512351,NL12-1915733,,fallback
512362,CHN2008-32-999187,F132|F2657,fallback
512428,BELG12-3160782,F1416:2,structured
512429,BELG15-3150605,F1065:2|F1431:2,structured
512480,CHN11-03-1035456,,empty
512494,CHN2016-12-0048867,,fallback
512497,CHN16-12-0048860,,fallback
512499,CHN11-03-1010051,,empty
512512,,,fallback
512517,BE12-4253635,,fallback
512520,B09-6136407,,fallback
512549,B12-5029091,F1310:1|F47:2|F884:2,structured
51263,B2000-2376057,,fallback
512660,CHN11-03-873405,,empty
51278,BE03-4364231,,fallback
512820,NL13-1584104,F6418:1,structured
512837,CHN11-03-1035530,,empty
51284,,,fallback
512849,B14-6300752,,fallback
512899,CHN2012-12-277004,F1564|F863,fallback
512905,CHN2015-12-0004019,F1564:1,structured
512909,,F144|F3170|F617|F635,fallback
512911,,,fallback
512912,CHN2012-12-277083,F1564|F1656|F3057|F863,fallback
512916,,F1177|F610|F829|F962,fallback
512917,,,empty
512919,,F1225|F1226|F2404|F2424|F2443|F2506|F2532|F2582|F2630|F2675|F5043,fallback
513012,CHN15-01-0998946,,fallback
513068,,,fallback
513077,B12-3000450,F716:2|F2825:2|F3006:2|F5050:2,structured
513267,BELG2013-4186018,,fallback
513351,,,empty
513425,CHN2012-06-000886,F4423:2|F4433:2|F4831:2,structured
513446,,,fallback
513454,CHN2014-32-119901,F4423:2|F4433:2|F4831:2,structured
513468,CHN16-03-1070712,,fallback
513490,CHN14-03-1003478,F100,fallback
513503,CHN14-03-1003451,F100,fallback
513509,,F1284,fallback
513539,,,fallback
513599,NL10-1564318,F5617:2|F5835:2|F5987:2|F7221:2,structured
51360,DV02224-09-1087,,fallback
513600,BELG10-6357338,F795:2|F2780:2|F3336:2|F2874:3|F3069:3,structured
513601,NL13-1263617,F683:2|F958:2|F6139:2|F100:4|F2868:4|F3045:4,structured
513613,NL10-1553776,F3172:2|F5803:2|F7264:2,structured
513616,,,empty
513678,,F54,fallback
513704,CHN2016-15-0212235,F5854:2|F5923:2|F6365:2|F5979:3|F7254:3,structured
513830,,,empty
513833,,,fallback
513852,CHN2013-06-378831,,empty
513864,CHN2016-15-0217366,F6722:1|F6729:1,structured
513886,B12-2002525,F54,fallback
51392,,,fallback
51396,,,empty
514049,,,fallback
514058,CHN2016-15-0230514,F3973:1|F6179:2|F6192:2,structured
514068,CHN2016-15-0235611,F6400:1|F6179:2|F6192:2,structured
514083,CHN2016-15-0237111,F4977:1|F6400:1,structured
514169,,,fallback
514192,,,fallback
514214,CHN15-03-0671306,,empty
514236,,,fallback
514240,,,fallback
514269,,F1074|F906,fallback
514271,,,fallback
514283,,F2410|F2472|F2737,fallback
514339,,,fallback
514347,,,fallback
514363,,F2410|F2472|F2737,fallback
514438,CHN2006-03-284796,,fallback
514657,CHN15-03-0671306,,empty
514739,B2011-3123611,F2201:1|F2238:1,structured
514740,B2011-3123608,F1428:1|F1430:1,structured
514742,B2012-3120244,F1578:1|F1595:1,structured
514743,B2011-3123787,F1578:1|F1595:1,structured
514745,B2013-3145750,F1429:1|F2344:1,structured
514748,B2013-3145752,F1428:1|F1430:1,structured
514750,B2013-3145760,F1578:1|F2342:1,structured
514754,B2013-3145788,F720:1|F1424:1,structured
514755,B2014-3115733,F2238:1|F2357:1,structured
514960,B2011-2186556,F44:2|F329:2|F516:2|F3116:3|F3366:3,structured
515022,BE04-3230968,F3116|F48,fallback
515023,,,empty
515037,BE12-2080017,,fallback
515081,GB13-P03170,,fallback
515084,,,fallback
515091,CHN13-03-1191478,,empty
515242,NL2015-1687221,F6659:1,structured
51528,CHN99-02-135112,,empty
515317,,,empty
51532,,,empty
515334,CHN2011-08-080006,,fallback
51536,,,empty
51539,CHN05-02-298574,,empty
515396,,,empty
515397,,,empty
515404,,,empty
515406,,,empty
515413,,,empty
515420,,,empty
515424,NL14-1510439,,fallback
515431,,,fallback
515452,B10-6358918,,fallback
515472,B2011-2000420,F555:2|F1062:2,structured
51549,B09-2060114,,fallback
515550,T2008-508909,,fallback
515588,,F2038|F2063|F2134|F2136,fallback
51560,CHN04-02-081219,,empty
51575,CHN05-02-298584,,empty
51577,CHN05-02-298585,,empty
51579,BE06-2178846,F574,fallback
51580,BE06-2178776,,fallback
515915,,,fallback
515971,B2013-3048641,F723:2|F1706:2|F539:3|F3121:3|F2470:4|F2486:4|F2501:4|F2619:4,structured
516001,,,fallback
516002,,,fallback
516003,,F1154,fallback
516006,,F1939,fallback
516007,,,fallback
516008,,F1485|F1664,fallback
516011,,F1401|F794,fallback
516013,,F1243|F878,fallback
516014,,F1074|F906,fallback
516161,,F1076|F1087|F1819|F1919,fallback
516281,,,empty
516287,,,empty
516296,,F1601|F1911|F37|F41,fallback
516327,,F1601|F1911|F37|F41,fallback
516340,CHN15-09-0305270,,empty
516345,B12-2038127,F879:2|F1702:2,structured
516350,B12-2038201,F879:2|F1702:2,structured
516353,B16-2040065,F1920:2|F2814:2,structured
516357,B15-3147882,F1250:2|F1917:2|F2450:2|F2569:3|F2814:3,structured
516360,BE2008-6377887,F838:1|F654:2|F655:2,structured
516377,,F1601|F1911,fallback
516483,CHN2015-03-0422451,F1392|F1581|F3203|F3206|F484|F486|F674,fallback
516484,CHN2015-03-0422269,F3356,fallback
516553,BELG2015-3147854,F1581,fallback
516555,BELG2013-4186003,F1581,fallback
51673,CHN06-02-016006,,empty
51674,CHN08-02-005763,,empty
51676,CHN05-02-058749,,empty
51677,CHN09-02-045591,,empty
516863,,F2594|F3087,fallback
516866,,F2594|F2859|F3087,fallback
516876,,,fallback
51688,NL07-1207469,F2946,fallback
516882,,,fallback
516901,,,fallback
516941,,,fallback
516946,,,fallback
516985,B03-6086353,F2553|F2725|F2780|F294|F2946|F2963|F2964|F3062,fallback
517114,NL2014-1094308,F2156:2|F2186:2|F5719:2|F6650:2,structured
517155,,,fallback
517156,,,empty
517170,,,empty
517172,,,empty
517183,CHN2015-26-2298295,F2203:2|F4795:2|F5371:2|F6517:2,structured
517202,CHN2015-26-0098249,F2134,fallback
517205,,,empty
517232,,,empty
517245,,,empty
517290,B2009-6114975,,fallback
51737,,,empty
517437,,F2407,fallback
517465,CHN2016-14-0067409,,fallback
517538,CHN2010-03-188256,,fallback
517545,CHN2012-03-808209,,fallback
517553,CHN2016-14-0067410,,fallback
517556,CHN2016-14-0154521,,empty
517558,CHN2016-14-0067406,,empty
517568,DV05950-16-2454,,empty
517571,DV05950-16-2489,,empty
517575,CHN2016-14-0113783,,empty
517576,B09-6114979,F3170|F431,fallback
517578,CHN2016-14-0113800,,fallback
517579,CHN2016-14-0154561,,empty
517605,,,fallback
51761,,F2170,fallback
517681,B2011-4244477,,empty
517685,B2011-4244473,,fallback
517686,,,fallback
517758,B09-6114973,F2875:2|F3182:2,structured
517795,B09-6114969,F617|F636|F637,fallback
517799,,,empty
51787,CHN08-02-005757,,empty
517877,NL2014-1130189,,fallback
517878,,F290|F3087,fallback
517879,,,fallback
517880,,,empty
517882,,F3087,fallback
517889,,,fallback
517898,BELG2015-6281350,F1159|F1161,fallback
517901,BELG2015-6052128,F3308,fallback
517906,BELG2015-24-6080511,F1633,fallback
517949,BELG2015-6080485,F1766|F3290,fallback
517966,BELG2013-5020886,F1476|F591|F592,fallback
518092,B14-2216145,F371,fallback
51822,CHN01-02-129976,,empty
518237,BELG2014-6307638,,fallback
518240,BELG2013-6313731,,fallback
518242,BELG2013-6313744,,fallback
518248,BELG2013-6313745,,fallback
518289,,,fallback
518466,,,fallback
518467,,,fallback
518578,BELG2005-4045185,F1726,fallback
518765,GFL756-2015,,fallback
518900,BELG12-6236302,F2659:3|F3085:3|F117:4|F118:4|F2876:4|F5420:4,structured
518901,BELG2012-6236303,F2659:3|F3085:3|F117:4|F118:4|F2876:4|F5420:4,structured
518934,,F2435|F2478,fallback
51895,CHN07-02-228901,,empty
519221,BE08-6383011,,fallback
519222,B15-6099827,F635:2|F782:3|F1142:3|F1751:3|F1858:3|F3370:3|F3550:3,structured
519223,B15-6099822,F1954:1|F1639:2|F1785:2,structured
519226,B15-6178766,F1382|F617|F635,fallback
519236,CHN16-01-1616967,F1485|F1553|F1664|F621,fallback
519356,CHN2014-06-178248,,empty
519357,CHN2014-06-175666,,fallback
519358,CHN2014-06-175676,,empty
519359,CHN2014-06-178217,,empty
519360,CHN2014-06-178218,,empty
519361,CHN2014-06-178221,,fallback
519362,CHN2014-06-178222,,fallback
519363,CHN2014-06-178238,,empty
519365,CHN2014-06-178247,,empty
519366,CHN2015-06-0118356,,empty
519367,CHN2014-06-178249,,fallback
519368,CHN2014-06-178250,,fallback
519369,CHN2014-06-178268,,empty
519370,CHN2014-06-178295,,fallback
519371,CHN2014-06-178312,,empty
519372,CHN2014-06-178316,,fallback
519373,CHN2014-06-178331,,empty
519374,CHN2014-06-178333,,fallback
519375,CHN2015-06-0118355,,empty
519376,CHN2016-06-0518380,,empty
519377,CHN2015-06-0369702,,empty
519378,CHN2015-06-0369727,,empty
519379,CHN2015-06-0369737,,empty
519380,CHN2015-06-0369815,,empty
519381,CHN2015-06-0369819,,empty
519382,CHN2015-06-0369838,,empty
519383,CHN2016-06-0518366,,empty
519384,CHN2016-06-0518377,,empty
519385,CHN2016-06-0518378,,empty
519386,CHN2016-06-0518848,,empty
519387,CHN2016-06-0518381,,empty
519388,CHN2016-06-0518382,,empty
519389,CHN2016-06-0518386,,empty
519391,CHN2016-06-0518810,,empty
519392,CHN2016-06-0518824,,empty
519393,CHN2016-06-0518841,,empty
519394,CHN2016-06-0518842,,empty
519395,CHN2016-06-0518846,,empty
519398,CHN2016-06-0518887,,empty
519399,CHN2016-06-0518888,,empty
519438,B15-6287005,F445:2|F1167:2,structured
519441,B14-6312125,F3333:2|F300:3|F835:3,structured
519442,B13-6096664,F3056:2|F3308:2,structured
519571,BE14-6174359,,fallback
519629,B15-6080549,F1333:2|F1633:2|F1856:2,structured
51965,CHN08-09-539496,,empty
51975,CHN05-02-058743,,empty
519766,,F2390,fallback
519808,,,empty
519822,B08-5042677,,empty
51984,NL99-4708330,,fallback
519865,,,fallback
519867,,F180|F3116,fallback
519868,AU2014-JEDDS23433,,fallback
519871,AU2016-JEDDS12643,,fallback
519919,,,empty
519931,AU2016-JEDDS-12646,,fallback
519932,AU2016-JEDDS-12682,,fallback
519967,AU2016-JEDDS-12649,,fallback
520000,,F1335|F1468|F2438|F2935|F3325,fallback
520124,,,empty
520126,,,empty
520128,,,empty
520149,,,fallback
520159,BE13-6023569,F3453:2|F3587:2,structured
520164,BE13-6023564,F3591:2|F3497:3|F3777:3,structured
520175,BE13-6023554,F3496:2|F3657:2,structured
520177,BE13-6023589,F3453:2|F3828:2,structured
520183,,,empty
520188,BE13-6023596,F3379:2|F4018:2,structured
520189,BE13-6023576,F3453:2|F3893:2,structured
520204,BE11-6108780,F3378:2|F3495:2,structured
520206,BE12-6320814,F3494:2|F4029:2,structured
520209,BE12-6320807,F3659:2|F4144:2,structured
520210,BE12-6320819,F3497:2|F3539:2|F3777:2,structured
520211,BE12-6157251,F4034:2|F4088:2,structured
520222,BE12-6327434,F3656:2|F4142:2,structured
520223,BE11-6108779,F3588:2|F4142:2,structured
520241,,,empty
520242,,,empty
52026,CHN05-01-550427,,empty
52034,NL00-1211026,,fallback
52053,CHN06-16-039844,F4616:1,structured
52054,B09-3110131,F1253:1|F345:2|F727:2,structured
52059,BE05-2004904,,fallback
520697,B04-3147638,F3116:1|F2678:2|F2679:2,structured
520731,B08-6374015,F3597:1|F3646:1,structured
520742,B09-3095126,F2399:3|F2469:3|F2527:3|F2570:3,structured
520770,B11-6219390,F3414:1,structured
520779,,,fallback
520784,,F1517|F1529,fallback
520785,,F1517|F1529,fallback
520787,B09-6233695,F3610:1|F4112:2|F4117:2,structured
520788,,F1554,fallback
520790,B11-6215380,F3388:1|F4112:1,structured
520886,CHN2012-01-565197,F24|F3101,fallback
520890,CHN17-01-0715511,F1058|F988,fallback
520891,CHN2014-01-1226506,,fallback
520895,CHN2015-01-0500606,F988,fallback
520898,CHN2014-01-328559,F640,fallback
520899,CHN2015-01-0500666,F640,fallback
520909,CHN2014-01-328550,,fallback
520922,CHN2014-01-327897,,fallback
520971,CHN2014-01-821998,,fallback
520972,CHN2012-01-565193,,fallback
520973,CHN2017-01-0698788,,fallback
520974,CHN2013-01-123353,,fallback
520975,CHN2014-01-327888,,fallback
520980,CHN2014-01-328568,,fallback
520981,CHN2014-01-820888,,fallback
520985,CHN2014-01-1226572,,fallback
520987,CHN2016-01-0777705,,fallback
520988,CHN2014-01-820119,F988,fallback
520995,C2018-01-0007,,fallback
521093,CHN2014-01-821999,,fallback
5211,,F2477|F2710,fallback
521102,CHN2011-01-533997,,fallback
521104,CHN2014-01-905168,,fallback
521105,CHN2012-01-923231,,fallback
521106,CHN2012-01-923243,,fallback
521107,CHN2013-01-122300,,fallback
521108,CHN2013-01-122452,,fallback
521109,CHN2013-01-122453,,fallback
521110,CHN2013-01-123422,,fallback
521112,CHN2014-01-327899,,fallback
521114,CHN2013-01-932042,,fallback
521116,CHN2014-01-327884,,fallback
521117,CHN2014-01-327887,,fallback
521118,CHN2014-01-328543,,fallback
521120,CHN2014-01-915148,,fallback
521121,CHN2014-01-915149,,fallback
521122,CHN2014-01-1226505,,fallback
521123,CHN2014-01-1226506,,fallback
521124,CHN2015-01-0501116,,fallback
521125,CHN2015-01-0501666,,fallback
521126,CHN2015-01-0501830,,fallback
521127,CHN2015-01-0501831,,fallback
521128,CHN2015-01-1161809,,fallback
521129,CHN2015-01-1317754,,fallback
521155,CHN2018-10-1065443,,empty
521448,CHN2014-01-327888,,fallback
521449,CHN2013-01-932001,,fallback
521555,NL12-1586919,,fallback
521573,BE09-2119372,F573,fallback
521580,BE09-2119430,F54,fallback
521596,BE12-2002464,,fallback
521660,B08-6369094,F1315|F3170,fallback
521815,BELG2008-5035671,,fallback
52182,BE08-2197569,F10,fallback
521845,B2007-2228126,F722,fallback
521969,,,fallback
521982,B11-6240896,F1752:2|F1018:3|F1019:3,structured
521983,B11-6240897,F1752:2|F1018:3|F1019:3,structured
521987,,F1381|F431,fallback
522002,B09-6111612,F1517|F3170|F635,fallback
522005,,F431,fallback
522015,B10-6317913,,fallback
522025,BE11-6341423,,fallback
522032,BE11-6341403,F1517|F431,fallback
522041,,,empty
522043,BE10-6359135,,fallback
522046,BE11-6240882,F432,fallback
522049,BE10-6359136,,fallback
522051,BE10-6357821,,fallback
522135,,,empty
522174,CHN2015-05-0026585,,fallback
522175,CHN2013-05-137818,,fallback
522176,CHN2014-05-209036,,fallback
52218,,,empty
522183,BE13-6279150,,fallback
522186,,,fallback
522192,BE11-6091669,F1760,fallback
522195,BE11-6091867,,fallback
522196,BE13-6075867,,fallback
522236,BE10-6201606,,fallback
522238,BE11-6116025,,fallback
522271,BE11-6048708,F962,fallback
522316,,,fallback
522332,BELG2013-6023572,F3778:2|F3900:2|F3943:2|F3497:3|F3777:3,structured
522333,BELG2013-6023594,F3453:2|F3654:2|F3893:2|F3894:2,structured
522338,BELG2013-6023562,F3453:2|F3818:2|F3828:2|F3494:3|F4029:3,structured
522339,BELG2012-6307282,F4264:2|F4404:2|F4408:2|F4409:2,structured
522347,DV10-0147-92,F4086:2|F4115:2|F3485:3|F4032:3|F4078:3|F4063:5|F4095:5,structured
52238,,,empty
522427,NL14-1030992,,fallback
522428,NL11-1711201,,fallback
522431,NL13-1207746,,fallback
522432,NL16-1499106,,fallback
522438,NL14-1031042,,fallback
522481,,,fallback
522507,BELG2012-6023398,,fallback
522512,BELG2013-6062206,F4384:2|F4427:2|F4446:2,structured
522534,,,fallback
52258,,,empty
522596,GFL955-2014,,fallback
522598,,,fallback
522627,BELG2013-6062010,F4313:2|F4371:2|F4372:2|F4403:2,structured
522638,,,empty
522643,,,empty
522696,CHN12-01-179186,F3602:2|F5890:2|F5537:3|F5542:3|F5908:3,structured
522772,NL10-1711251,F6598:2|F6599:2,structured
522786,NL2011-1764186,,fallback
522795,,F2242,fallback
52280,,,empty
522810,CHN2010-666669,F2241:1|F2242:1,structured
522872,,F1518|F3170,fallback
522900,BE12-4163436,,fallback
522902,B07-6390958,F2395|F2407|F2413|F2456|F2467|F2544|F2545|F2546|F2547|F2588|F2640|F2659|F2705|F2856|F2940|F640,fallback
522905,B14-6085298,F819:2|F985:3|F988:3|F3042:3|F3202:3|F2402:4|F2492:4,structured
522913,BE12-4216983,F1104:2|F3271:2,structured
522924,BE13-4176657,,fallback
522928,BE13-6023588,F3453:2|F3828:2,structured
522929,BE13-6023578,F3780:2|F3787:2|F3897:2|F3932:2,structured
522930,BE13-6023558,F3378:2|F3495:2,structured
522931,BE13-6023599,F3438:2|F3836:2,structured
522969,,F3284|F3332,fallback
523023,NL11-3055000,F1021:1|F1380:1,structured
523027,B12-6225820,F1137:1|F1383:1,structured
523029,B15-6178469,F1991:1|F2015:1,structured
52306,B03-2059616,F2684,fallback
523065,,,empty
52307,BE07-2252193,,fallback
523075,,,empty
523080,,,empty
523082,,,empty
523088,DV2012-01769-449,,fallback
523090,NL12-1077043,F6171:1,structured
523109,,,empty
523127,B05-6166487,F275:2,structured
523129,,,fallback
523130,,,fallback
523131,,,fallback
523165,,,fallback
523185,B011-6119234,F3065|F3170|F635,fallback
52319,CHN02-04-018222,,empty
523235,,,fallback
523349,,,fallback
52335,CHN06-02-016069,,empty
523351,,,fallback
523363,DV01769-09-1180,F5123:2|F5135:3|F5348:3,structured
523428,,,empty
523485,B16-6076774,F453:2|F112:3|F113:3,structured
523537,,,fallback
523574,CHN07-22-338267,F53:1,structured
523578,,,empty
52359,,,empty
52360,,,fallback
523635,,,fallback
523639,,,fallback
523645,NL11-1764315,,fallback
523646,NL15-1725326,,fallback
523647,NL15-1725333,,fallback
523648,NL15-1725337,,fallback
52369,NL02-1770996,,fallback
523695,,,fallback
523702,,,empty
523709,,,empty
523710,,,empty
523714,,,empty
523716,,,empty
523820,,,fallback
523822,,,fallback
523824,,,fallback
523837,BE16-4241837,,fallback
523841,,,fallback
523854,,,fallback
523864,,,empty
523866,,,empty
52398,,,empty
523982,,,fallback
523989,BE09-2229657,,fallback
524028,BE10-6357828,,fallback
524040,BE10-6357840,F829,fallback
524078,NL13-1664596,F2937:2|F99:3|F153:4,structured
524102,NL12-1089921,F2314:2|F5105:2|F5106:2|F2868:3|F3045:3,structured
524119,,F667,fallback
524120,,,empty
524124,,,empty
524145,,,empty
524149,,,empty
524151,,,fallback
524152,,,fallback
524154,CHN07-22-338234,F53:1,structured
524163,NL15-1495400,F342|F625,fallback
524165,NL15-1731807,,fallback
524169,NL13-1534229,F5950:2|F7073:3|F7074:3|F7197:3,structured
524180,,,fallback
524185,,,empty
524190,,,empty
524198,,,empty
524218,,,empty
524220,,,empty
524369,,,empty
524374,,,empty
524375,,,empty
524377,,,empty
524378,,,empty
524382,B2010-4316346,F3009:2|F3135:2|F3260:2,structured
524393,,,empty
524400,,,empty
524643,,,empty
524652,,,fallback
524653,NL2005-02-066860,,fallback
524654,,,fallback
524674,CHN2013-03-1091871,,empty
524680,CHN2014-03-022530,,empty
524681,CHN2012-03-280885,,empty
524685,CHN2009-03-803779,,empty
524686,CHN2014-03-022577,,empty
524687,CHN2015-03-0167199,,empty
524689,CHN2008-03-408209,,empty
524690,CHN2014-03-022665,,empty
524694,,,empty
524696,CHN2011-03-247314,,empty
524697,CHN2012-03-280848,,empty
524698,CHN2015-03-0167139,,empty
524699,CHN2011-02-301077,,empty
524700,CHN2014-03-022564,,empty
524701,CHN2015-03-0168592,,empty
524702,CHN2009-03-769600,,empty
524707,CHN2016-03-0021163,,empty
524708,CHN2016-03-0021176,,empty
524709,CHN2011-03-247247,,empty
524710,CHN2013-031091852,,empty
524711,CHN2007-03-087806,,empty
524713,CHN2013-03-1036310,,empty
524714,CHN2016-03-0021178,,empty
524715,VHN2012-03-280999,,empty
524716,CHN2015-03-0167132,,empty
524717,CHN2015-03-8800899,,empty
524718,CHN2015-03-0167163,,empty
524719,CHN2013-03-1091666,,empty
524720,CHN2012-03-280988,,empty
524721,CHN2016-03-0021019,,empty
524722,CHN2015-03-0167166,,empty
524724,CHN2010-03-891618,,empty
524725,CHN2015-03-0168591,,empty
524726,CHN2016-03-0468709,,empty
524727,CHN2015-03-8800221,,empty
524728,CHN2010-03-305098,,empty
524729,,,empty
524730,CHN2007-03-087232,,empty
524767,NL16-1858518,,fallback
524816,CHN2014-03-428856,,empty
524817,CHN2013-03-1091692,,empty
524818,CHN2014-03-433656,,empty
524819,CHN2014-03-022516,,empty
524820,CHN2014-03-1250796,,empty
524821,CHN2016-03-0021180,,empty
524822,CHN2016-03-0021022,,empty
524823,CHN2016-03-0021034,,empty
524824,CHN2016-03-0440312,,empty
524825,CHN2013-03-1091672,,empty
524826,,,empty
524827,CHN2016-030468738,,empty
524828,CHN2013-03-1091623,,empty
524829,CHN2016-03-0021158,,empty
524830,CHN2015-03-8800869,,empty
524831,CHN2016-03-0021156,,empty
524832,CHN2016-15-0536856,,empty
524839,CHN2015-03-8800218,,empty
524840,CHN2014-03-1277717,,empty
524841,CHN2016-15-0250863,,empty
524842,CHN2016-03-0468739,,empty
524843,CHN2016-15-0250866,,empty
524844,CHN2015-03-528128,,empty
524845,CHN2015-03-8800229,,empty
524846,CHN2014-03-1277708,,empty
524847,CHN2012-03-302981,,empty
524848,CHN2015-03-8800889,,empty
524849,CHN2016-15-0250869,,empty
524850,CHN2016-15-0250423,,empty
524851,CHN2016-15-0250421,,empty
524852,CHN2005-03-408272,,fallback
52491,NL07-1207744,,fallback
524943,,,fallback
525015,BE13-6023600,F3438:2|F3836:2,structured
525017,BE13-6023552,F3378:2|F3495:3,structured
525018,BE13-6023556,F3380:2|F4018:2,structured
525019,BE13-6023568,F3453:2|F3587:2,structured
525023,BE13-6023581,F3658:2|F4023:2,structured
525029,BE13-6023561,F3453:2|F3494:3|F4029:3,structured
525030,BE13-6023597,F3378:2|F3587:2|F3841:2|F3934:2,structured
525031,BE13-6023553,F3496:2|F3657:2,structured
525032,BE13-6023560,F4057:2|F4034:3|F4088:3,structured
525034,BE13-6023592,F3453:2|F3933:2,structured
525035,BE13-6023577,F3453:2|F3893:2,structured
525037,BE13-6023570,F3378:2|F3495:2,structured
525038,BE13-6023557,F3380:2|F4018:2,structured
525040,BE13-6023591,F3453:2|F3892:2,structured
525048,BE13-6023555,F3658:2|F4023:2,structured
525057,BE13-6023575,F3378:2|F3495:2,structured
525058,BE13-6023579,F3780:2|F3787:2|F3897:2|F3932:2,structured
525061,BE13-6023585,F3453:2|F3897:2,structured
525064,BE13-6023586,F3453:2|F3495:2|F3828:2|F3896:2,structured
525065,BE13-6023565,F3453:2|F3895:2,structured
525069,BE13-6023574,F3378:2|F3495:2,structured
52507,NL04-1389528,F2946,fallback
525074,BE09-6369268,F4015:2|F4088:2|F4111:2|F4142:2,structured
525077,BE12-6320832,F3378:2|F3495:2|F3655:2|F3494:3|F4029:3,structured
525087,BE12-6327438,F3453:2|F3587:2,structured
525104,BE12-6157226,F3162|F3165|F3333|F453|F456|F641,fallback
525107,BE12-6157205,F3591:2|F3497:3|F3777:3,structured
525110,BE12-6327433,F3658:2|F4023:2,structured
525111,BE09-6369273,F3454:2|F4034:2|F4088:2|F4111:2,structured
525167,CHN16-10-0773925,,empty
525177,CHN2011-03-052383,,empty
525236,CHN2013-32-689116,F2461,fallback
525247,B09-3188781,F1581|F3116|F520,fallback
525253,B10-3047277,F1101:2|F2569:2|F2814:2|F3260:3,structured
525259,B12-3086303,F3116,fallback
525265,B12-3086802,F1101:3|F2569:3|F2814:3|F3260:4,structured
525268,B13-3050525,F3116|F520,fallback
525445,,,empty
525542,,F1315|F1518|F3170|F431,fallback
52557,CHN09-16-035586,F4616:1,structured
525651,CHN2011-08-080360,,fallback
525670,CHN2016-30-0109867,,empty
525702,CHN2016-03-0850822,,empty
525703,CHN2016-03-0850248,,empty
525719,,,empty
525721,,,empty
525722,,,empty
525762,,,fallback
525838,,,fallback
525988,,,fallback
526086,,,empty
526088,,,empty
526119,,,empty
526120,,,empty
526146,B2008-4281577,F188:2|F914:2|F2744:2|F2915:2,structured
526147,B2009-2053035,F2667:2|F2895:2|F2522:3|F2541:3|F2562:3|F2792:3,structured
526149,B2003-6226462,,structured
526158,B2012-6225295,F2706:2|F2879:2|F3056:2|F3308:2,structured
526159,B2012-6317974,F2692:2|F3056:2|F3308:2,structured
52618,CHN09-01-660935,,empty
526250,NL2013-1803452,F1363,fallback
526334,DV0366-16-690,,fallback
526372,,,fallback
526457,,,empty
526458,,,empty
526459,,,fallback
526465,,,fallback
526466,,,fallback
526491,,F3116|F48,fallback
526607,B07-6366766,F431,fallback
526608,B07-6383363,,fallback
526609,B13-6311161,,fallback
526610,B13-6317237,,fallback
526622,,,empty
526633,CHN2016-32-0268984,,empty
526643,NL14-1035468,F5436:3|F6868:3,structured
52665,,,fallback
526726,,,fallback
526736,NL10-1727944,F6267:1|F7132:2,structured
526760,,,empty
526861,CHN2015-10-0561630,,empty
527173,CHN2016-01-1087802,,empty
527300,DV03904-16-1483,,fallback
527393,B10-6036026,F638,fallback
527394,B10-6036099,F1681|F2407|F3307,fallback
527398,B12-6066393,F2643:2|F2952:2|F2402:3|F2492:3|F2545:3|F3200:3,structured
527399,B12-6233659,F2643:2|F2952:2|F2402:3|F2492:3|F2545:3|F3200:3,structured
527407,BELG2016-4129596,,fallback
527408,BELG2016-6033926,,fallback
527423,BELG2016-6271004,,fallback
527429,BELG2016-6271012,,fallback
527563,,,fallback
527687,B15-3050811,F1447|F1826|F1969,fallback
527717,NL2014-1059607,,fallback
527897,,,fallback
527909,BE11-4245806,,fallback
527913,BE13-4035500,,fallback
527918,BE14-4033200,,fallback
527924,BE11-4245867,F3500:2|F3760:2|F3762:2|F4139:2,structured
527981,BE14-4033120,F3500:1|F3637:1,structured
527989,NL2015-1706511,,fallback
527998,BELG2016-3138978,F1581,fallback
528003,BELG2016-3142520,,fallback
528015,BELG2016-4129586,,fallback
528026,BELG2013-6313757,,fallback
528030,,,fallback
528031,B2009-4139351,F5791:2|F6929:2|F6868:3|F7270:3,structured
528035,,,empty
528041,BE14-4033116,F3961:1|F6435:2,structured
528042,CHN2011-01-1001362,F599,fallback
528056,CHN13-01-563429,F3194:2|F5470:2|F5994:2|F2553:3|F2725:3,structured
528293,B09-2054184,F773:2,structured
528334,,F3060,fallback
528409,,,empty
528421,NL12-1623851,F342,fallback
528461,B09-6358385,F109:2|F3163:2,structured
528477,B15-6046645,,fallback
528478,B15-6046626,,fallback
528498,,,fallback
528508,B13-6310494,,fallback
528608,,,empty
528609,,,empty
528611,,,empty
528612,,,empty
528613,,,empty
528614,,,empty
528615,,,empty
528616,CHN2009-03-001242,F2849,fallback
528617,,,empty
528625,CHN2014-15-407410,F4803:1|F4820:1,structured
528664,,,fallback
528767,CHN14-12-233921,,fallback
528788,NL2010-1681737,,fallback
528806,CHN14-12-233860,,fallback
528832,,F1532|F1534|F1671|F1672|F1674,fallback
528854,BELG2014-6241031,,fallback
528856,,,fallback
528858,CHN2011-04-030736,,empty
528864,CHN14-12-233619,,fallback
528868,CHN14-12-391101,,fallback
528869,CHN14-12-233923,,fallback
528923,,,fallback
529002,B15-3025348,F906:2|F1074:2|F3116:2|F2680:3|F2812:3,structured
529064,,,empty
529101,CHN16-12-0670129,,fallback
529107,CHN16-32-0165287,,fallback
529108,CHN16-32-0670175,,fallback
529112,CHN16-32-0670131,,fallback
529137,NL16-1517966,,fallback
529218,BELG2009-6115000,,fallback
529334,CHN2017-06-0067105,,empty
529378,BE14-2151057,F3724:2|F5396:2,structured
529428,NL07-1213775,F5490:2|F7082:2|F7084:2,structured
529454,,F3009|F3135|F3260,fallback
529584,BE14-1053133,F3972:1|F3443:3|F3639:3|F3769:3|F3536:5|F4032:5|F4078:5|F4140:5,structured
529586,DV06720-09-1646,F5372:1,structured
529595,CHN2012-10-888101,F5142:1|F5326:1,structured
529598,BELG2014-3014556,F1422:1|F6232:1,structured
529603,CHN2015-03-0810702,F4189:1|F4395:2,structured
529604,BELG2010-2079372,F2529:2|F2530:2|F2577:2|F3011:2,structured
529605,CHN2012-04-169348,F4216:2|F4234:2|F4291:2,structured
529606,CHN2013-01-1251195,,fallback
529623,CHN2012-03-507300,F5760:1|F6604:1,structured
529756,,,empty
52979,,,empty
529802,NL15-1144611,,fallback
529808,NL14-1373177,,fallback
529809,NL14-1373178,,fallback
529810,BE13-6062089,,fallback
529811,BE11-6119116,,fallback
529813,BE10-6031763,F637,fallback
529819,B14-6306582,,fallback
529821,BE11-6115694,,fallback
529822,BE11-6331073,,fallback
529824,BE12-6307274,,fallback
529825,BE10-6357804,,fallback
529828,NL15-1364310,,fallback
529831,BE11-6327194,,fallback
529834,,,fallback
529848,,,empty
529849,,,empty
529854,,,empty
529857,,,empty
529859,,,empty
529864,NL2007-5719669,,empty
529953,CHN2016-12-0048739,,fallback
529956,,,empty
530020,NL2015-1725349,,empty
530025,,F752,fallback
530026,,,fallback
530040,NL2007-1207586,F427,fallback
530041,NL2007-1207585,F427,fallback
530042,NL2007-1207561,F2946,fallback
530043,NL2007-1207549,,fallback
530044,NL2007-1207536,F2946,fallback
530045,NL2007-1207524,F3201,fallback
530046,NL2007-1207501,,fallback
530059,,F369,fallback
530060,,,fallback
530061,,,fallback
530062,,,fallback
530063,,F23|F2601,fallback
530065,,,fallback
530066,,,fallback
530067,,,fallback
530068,,,fallback
530103,TFPF2007-712453,,fallback
530128,,F2455|F2808,fallback
530146,B16-2289696,,fallback
530202,CHN14-03-981689,F3400:2|F5966:2,structured
530204,GFL955-2013,,fallback
530252,B15-3050202,,fallback
530253,B16-6275877,F1534|F1671|F1672,fallback
530254,B16-6275869,F1671|F1672,fallback
530255,B16-6275872,F1672,fallback
530256,B16-6275868,F1671|F1672,fallback
530257,B16-6275878,F1534|F1671|F1672,fallback
530258,B16-6275873,F1672,fallback
530289,BELG2014-6241087,F1543,fallback
530362,,,empty
530372,,,empty
530373,,,empty
530374,,,empty
530375,,,empty
530382,BE15-4130198,F3863:1|F3525:2|F3560:2,structured
530395,CHN2017-01-0712345,,fallback
530397,CHN2010-01-241959,,fallback
530400,CHN2014-01-328556,,fallback
530419,,,empty
530423,,,empty
530424,DV06720-10-28,F5372:1,structured
530425,CHN2014-01-971191,F1299:1|F1743:1,structured
530433,,,empty
530437,,F610,fallback
530439,,,fallback
530476,B09-2054247,F1564|F863,fallback
530539,BE13-4176453,F56:3|F568:3|F4055:3|F4072:3,structured
530541,,F3116,fallback
530578,NL16-1517969,,fallback
530657,,F2400,fallback
53080,,,fallback
530805,BELG2011-4245800,,fallback
530916,BELG2016-6033834,F3162,fallback
530919,BELG2016-6033690,F3162,fallback
530920,,F139|F2351|F2596|F2647|F3169|F3199,fallback
530922,B2007-6310329,F2596|F2607|F2647|F2858,fallback
530924,,,fallback
530925,,,fallback
530926,NL2016-1867255,F3162,fallback
530927,,,empty
531041,,,fallback
531044,,F2586|F2782|F2851,fallback
53105,NL00-1211189,F2946:2|F6770:2|F6862:2,structured
53110,HK2005-222419,,empty
53116,CHN32-2000-056843,,empty
531207,C09-022292,,fallback
531208,C10-190896,,fallback
531209,C12-633535,,fallback
531210,C09-022016,,fallback
531213,,,fallback
531216,CHN2016-03-0860082,F1468,fallback
53123,CHN19-2005-148460,,fallback
53137,,,fallback
531440,,,fallback
531443,,,fallback
53147,,,fallback
531474,BE11-4097077,F2752:2|F3479:2|F4070:2|F4129:2,structured
531542,NL2008-1537226,,fallback
531566,B14-6022784,F1767:1|F260:3|F3308:3,structured
531576,BELG2016-3138787,F1581,fallback
531577,BELG2016-3139000,F1581,fallback
531580,BELG2016-3142507,F1581,fallback
531598,BELG2016-6273961,,fallback
531624,B11-4097261,F4220:2|F4221:2|F4307:2|F4340:2,structured
531641,TW2014-668858,,fallback
531649,,,fallback
531660,,,empty
531661,B2009-6301949,F2609:2|F2718:2|F2733:2|F3052:2,structured
531684,BE10-9039398,F3443:2|F3536:4|F4032:4|F4078:4|F4140:4,structured
53169,,,fallback
531698,,,empty
531710,,,empty
531824,B10-2215851,F1058:1,structured
531901,,,empty
531964,BE09-3016326,,fallback
531983,,,fallback
532020,,,empty
532061,NL11-1890681,F1605:2|F5729:2|F5865:3|F6026:3|F6929:3|F7095:3,structured
532063,,,empty
532064,,,empty
532066,,,empty
532112,B12-6239485,F1696:2|F6083:2|F6084:2|F2866:3|F3159:3,structured
532120,B2010-3094029,,fallback
532136,CHN2016-03-0860138,,fallback
532157,C12-809860,,fallback
53237,CHN03-2004-085144,,fallback
532384,NL08-1350154,,fallback
532386,,,fallback
53239,,F2436|F2521,fallback
532390,,,fallback
532528,,,empty
53253,,,fallback
532538,CHN2011-08-139517,F2596|F2647,fallback
532539,CHN2012-08-330993,,fallback
532540,CHN2019-08-0008737,,fallback
53256,CHN18-2007-063469,F5032:1|F5033:1,structured
532570,,F175|F3116,fallback
53259,CHN18-2007-055093,,empty
532627,,,empty
532656,NL11-1747410,F7029:2,structured
532661,B15-6202880,F1029:2|F1184:2|F5503:2|F6007:2,structured
532705,,F913,fallback
532706,,F2577|F912,fallback
532709,,F2577|F2753,fallback
532710,,F1285,fallback
532711,,F1618|F2752|F601,fallback
532712,,F2753|F3262,fallback
532738,BELG12-3167258,F1089:1|F1599:1,structured
53280,B07-4083585,,fallback
532805,,F3262,fallback
532806,,F3262,fallback
532810,,F1279|F742,fallback
532811,,,fallback
532812,BE16-2146764,,fallback
532842,,,empty
532843,,,empty
532928,BELG2012-6324826,,fallback
53293,,,fallback
532930,BELG2011-6333645,,fallback
532937,BELG2011-6333705,,fallback
532940,BELG2011-6333608,,fallback
532946,BELG2011-6333656,,fallback
532947,BELG2011-6333635,,fallback
532949,BELG2011-6333630,,fallback
532966,BELG2015-6020340,,fallback
532970,BELG2015-6020353,,fallback
532988,BELG2015-6020460,,fallback
533013,CHN2019-08-0009000,F1315|F3170,fallback
53302,CHN2008-15-043954,F3236|F341,fallback
53313,CHN2009-15-076395,F326|F3317,fallback
533134,BE10-6357878,F3537:2|F3600:2|F4032:3|F4078:3|F4059:4|F4108:4|F4051:5,structured
533143,BE11-6119017,F3536:3|F4032:3|F4059:3|F4078:3|F4108:3|F4140:3|F4051:4,structured
533209,BELG2013-6143757,,fallback
533214,BELG2013-6143680,,fallback
533216,BELG2015-6020441,,fallback
533218,BELG2013-6143672,,fallback
533219,BELG2012-6323129,,fallback
533220,BELG2013-6143770,,fallback
533224,BELG2013-6143666,,fallback
533231,BELG2013-6143677,,fallback
533350,B16-6075725,F1512:2|F1661:2|F3073:2|F2553:3|F2725:3,structured
533371,,F1177|F612|F829,fallback
533372,,F1177|F805|F829,fallback
533373,,F2780,fallback
533374,,F1545|F402|F962,fallback
533410,BELG2010-4049363,,fallback
533412,BELG2013-4289961,,fallback
533413,BELG2013-4289986,,fallback
533414,BELG2007-4373751,F4246:1|F4322:1,structured
533415,CHN2016-01-05568,,fallback
533418,,,fallback
533420,,F1362|F3212,fallback
533421,,F1405|F576,fallback
533422,,F1405,fallback
533427,,,fallback
533534,,,empty
533537,,,empty
533538,,,empty
533540,,,empty
533541,,,empty
533548,,,empty
533550,,,empty
533551,,,empty
533555,,,empty
533557,,,empty
533563,,,empty
533568,,,empty
533570,,,empty
533571,,,empty
533577,,,empty
533580,,,empty
533584,,,empty
533592,,,empty
533593,NL2014-1130258,,fallback
533600,,,empty
533601,,,empty
533604,,,empty
533605,,,empty
533607,,,empty
533611,,,empty
533613,,,empty
533614,,,empty
533617,,,empty
533618,,,empty
533641,CHN2017-08-0199563,,fallback
533643,FCI2018-07742,,fallback
533645,CHN2019-08-0008836,,fallback
53387,CHN18-2005-011758,,empty
533912,,,empty
533913,,,empty
533914,,,empty
533915,,,empty
533917,,,empty
533918,,,empty
533919,,,empty
533920,,,empty
533921,,,empty
533922,,,empty
533923,,,empty
533925,,,empty
533926,,,empty
533927,,,empty
533929,,,empty
533931,,,empty
533932,,,empty
533933,,,empty
533957,CHN2016-01-1180608,F6040:3,structured
533960,CHN2014-01-300659,,empty
533972,CHN2015-01-0822798,,empty
533998,CHN2009-01-091941,,empty
534080,T2015-800816,F149|F3065|F3170|F431,fallback
534083,CHN2016-01-1335082,,fallback
534086,CHN2016-01-0760052,F1485|F1553|F1664,fallback
534102,CHN2016-01-1085023,F1485|F1553|F1664|F713,fallback
534121,CHN2016-01-1085028,F1485|F1553|F1664,fallback
534247,BELG2012-3088216,,fallback
534413,BELG2014-3150615,,fallback
534415,BELG2014-3150650,,fallback
534416,BELG2014-3157493,,fallback
534418,BELG2015-3025045,,fallback
534419,BELG2015-3025061,,fallback
534427,BELG2015-3147884,,fallback
534428,BELG2015-3147885,,fallback
534430,BELG2015-3150627,,fallback
534441,B2012-2177784,F694:2|F3103:2,structured
53445,,,fallback
534623,BE11-6330250,F1502,fallback
534624,BE11-6269915,F1781|F1784,fallback
534731,B13-3048745,F542|F890,fallback
534734,B13-3048746,F542|F890,fallback
534735,B09-5062136,F2417|F2501|F2627|F2636|F2688|F342,fallback
534736,B09-5061853,F3425:1|F2688:2|F2689:2,structured
534746,,,fallback
534749,,,fallback
535040,,F431,fallback
53511,NL02-1847119,F7192:1|F7193:1,structured
535126,BELG2015-3025314,F1581,fallback
535325,,F2782|F3040|F3041,fallback
535360,CHN2016-03-0000138,F1754,fallback
535366,B08-2182617,F2449:2|F2571:2|F2739:2|F2953:2,structured
535371,B10-2083169,F515:2|F699:2|F2410:3|F2604:3|F2697:3|F2765:3,structured
535484,,,empty
535561,B12-2030091,,fallback
53559,,,empty
535590,,,empty
535592,,,empty
535599,,,empty
535600,,,empty
535602,,,empty
535603,,,empty
535626,,F2390,fallback
535627,BELG2014-2009619,,fallback
53574,NL01-1411116,,fallback
535815,,F1381,fallback
53582,CHN07-06-000092,,empty
535840,B08-1051972,F2390|F2435|F2436|F2508|F2521,fallback
535842,B07-1057756,F2390|F2435|F2436|F2508|F2521,fallback
53585,CHN06-27-000142,,fallback
535856,NL02-0253086,F6761:2|F6785:2|F6790:2|F6813:2,structured
535857,NL99-2436733,F6763:2|F6781:2|F6789:2|F6823:2,structured
53586,CHN08-06-039092,,fallback
535865,B10-1007756,F2390|F2435|F2436|F2508|F2521,fallback
535866,B08-1007279,F2390|F2435|F2436|F2508|F2521,fallback
53588,CHN09-06-159064,,empty
53590,CHN09-06-159842,,empty
535938,NL2016-1526321,,fallback
535940,BELG2016-3084293,F1581,fallback
535945,BELG2016-3138778,F1581,fallback
535947,BELG2016-3142501,F1581,fallback
535959,BELG2012-4159344,,fallback
535960,BELG2014-4198064,,fallback
535970,BELG2016-6271013,F1581,fallback
535975,BELG2016-6271022,,fallback
535977,BELG2016-6271025,,fallback
535978,,,fallback
535979,BELG2016-6271028,,fallback
535982,BELG2016-6271032,,fallback
535986,BELG2016-6271042,,fallback
535989,DV03095-13-143,F660:2|F3166:2|F5379:2|F5883:2,structured
535990,BELG2012-9105297,,fallback
535991,DV3095-14-5,F5685:2|F6164:2|F6253:2|F6364:2,structured
535993,DV03145-13-1408,F5196:2|F5313:2,structured
535998,BELG2016-6271046,,fallback
53610,,,fallback
536173,,,fallback
536179,,,empty
536186,,,empty
536228,,,fallback
536239,NL08-1102719,,fallback
53627,CHN2017-10-0916712,,fallback
536276,CHN06-04-088740,,empty
536279,,,empty
536314,,,empty
536317,,F2946|F3063|F3193,fallback
536319,B13-6125502,F612:2|F1039:2,structured
536320,B13-6123145,F962:2|F1017:2|F1179:2,structured
536321,B13-6123613,F962:2|F1017:2|F1179:2,structured
536322,B12-2061356,F515:2|F699:2,structured
536323,B13-2053239,,fallback
536328,,,fallback
536458,,,empty
536476,,,empty
536524,CHN2016-13-0208667,,fallback
536592,,,empty
536593,CHN2019-08-0262999,,fallback
536594,CHN2015-08-0017145,F2714|F2715,fallback
536596,CHN2019-08-0008918,,fallback
536597,CHN2017-08-0273816,,fallback
536598,CHN2017-08-0273812,,fallback
536600,CHN2017-08-0199748,,fallback
536622,BE13-4162252,,fallback
536636,,F2782|F3040|F3041,fallback
536773,CHN2016-13-0004065,,empty
536945,NL14-1030917,,fallback
536950,CHN2016-03-0861400,,fallback
536967,BE12-6023245,F1316,fallback
537093,,,empty
537108,,F2782|F3040|F3041,fallback
537167,,,fallback
537169,,,fallback
537170,,,fallback
537199,B15-6293434,F1072|F1992|F3308,fallback
537259,,,fallback
537305,,,empty
537306,,,fallback
537308,,,empty
537354,CHN15-19-0322508,F5250:1|F5351:1,structured
537374,CHN16-19-0449398,F862:1|F162:2|F4663:2,structured
537389,CHN09-19-015914,F987:1|F4520:1,structured
537396,,,empty
537397,CHN2015-06-0270342,,empty
537408,CHN2010-06-091976,,empty
537409,T2006-54864,,empty
537410,CHN15-06-0270337,,empty
537413,CHN13-06-330087,,empty
537431,,,empty
537435,,,empty
537437,,,empty
537441,,,empty
537518,,F2782|F3040|F3041,fallback
537868,NL15-1878741,,fallback
537874,,,fallback
537898,DV03904-15-689,,fallback
537900,DV03904-09-462,,fallback
537901,DV03904-15-333,,fallback
537961,CHN15-19-0322548,F5356:1|F6381:1,structured
537996,,,fallback
538010,NL16-1858732,,fallback
538011,,,fallback
538012,NL16-1858757,,fallback
538013,,,fallback
538014,NL16-1858765,,fallback
538015,,,fallback
538016,,,fallback
538060,,F3009,fallback
538130,B11-6282490,F19:2|F1064:2,structured
538132,B14-6050619,F3645:2|F3734:2|F4052:2|F4120:2,structured
538237,,,empty
538260,CHN2014-08-060906,F2519|F2594,fallback
538261,BELG2014-2148950,F1315|F1529|F1901|F2959|F3170|F636|F637,fallback
538262,CHN2013-08-019966,,fallback
538264,,,empty
538272,,F1599,fallback
538273,,,fallback
538274,,,fallback
538276,,,fallback
538277,,,fallback
538278,,,fallback
538279,,,fallback
538280,,,fallback
538391,,,fallback
538419,B15-6284561,F3663:2|F3729:2|F3736:2|F3737:2,structured
538442,,,fallback
538447,,,empty
538448,,,fallback
538449,,,fallback
538450,,,empty
538451,,,empty
538452,,,fallback
538454,,,empty
538522,CHN2015-12-0131540,,empty
538528,CHN2016-03-0860540,,fallback
538573,B2015-2062271,F3212:3|F2410:4|F2604:4|F2697:4|F2765:4|F2988:4|F7015:4,structured
538715,,,empty
538717,,F591,fallback
538766,,,empty
538772,,,fallback
538786,,,fallback
538788,,,empty
538789,,,fallback
538886,,F189|F2818|F40,fallback
538887,,F189|F2818|F40,fallback
538889,,,fallback
538890,,,fallback
538928,,F2483,fallback
538945,,F1114|F3116|F855|F877,fallback
538954,B12-3112813,F710:2|F759:2|F1110:2|F1247:2,structured
538956,CHN2016-13-0029391,,empty
538998,,F2180|F2196,fallback
539016,NL10-1681371,,fallback
539021,,,empty
53911,,,empty
53915,,,empty
539202,B13-6075780,,fallback
539210,B13-6075876,,fallback
539212,B13-6075911,,fallback
539241,POR2016-6525299,F845:2|F6116:2|F7279:2|F7281:2,structured
539247,B15-3150600,F1416:2,structured
539347,CHN2017-08-0133333,,fallback
539349,CHN2017-08-0131111,,fallback
539359,,,empty
539362,,,empty
539367,,,empty
539377,,,empty
539623,CHN2016-13-0208610,,fallback
539850,,,empty
540391,B16-6076596,F112:3|F113:3,structured
540398,B16-6076623,F295:3|F453:4|F3165:4,structured
540406,,,empty
540407,,F1243|F878,fallback
540408,,F1294|F1647|F1916,fallback
540419,BELG2011-2800414,,fallback
540454,,,empty
540456,,,empty
540513,,,empty
540528,BELG2014-3067140,,fallback
540537,,,fallback
540666,CHN2015-04-03010001,,empty
540707,CHN2015-04-03010001,,empty
540712,,,empty
540715,,,empty
540720,,,empty
540721,,,empty
540722,,,empty
540723,B14-6067260,F1658|F1948|F317,fallback
540726,CHN2015-04-03010001,,empty
540756,CHN2016-04-0860618,,empty
540778,,,empty
540782,CHN2016-04-0860618,,empty
540953,BELG2007-2228241,,fallback
540979,BELG2010-3010079,,fallback
540991,NL11-1890607,,fallback
541013,,F1271,fallback
541023,,F3169,fallback
541107,CHN2016-12-0048757,,empty
541113,B02-6183080,F4032:2|F4063:2|F4078:2|F4095:2,structured
541116,CHN2016-12-0048586,,empty
541190,B11-3070483,F178:1|F1242:1,structured
541191,NL10-1864762,F6158:1|F209:2|F5966:2,structured
541204,,,empty
541205,,,empty
541206,,,empty
541207,,,empty
541208,,,empty
541209,,,empty
541309,B08-3079215,,fallback
541310,B08-3079216,,fallback
541312,B08-3079126,,fallback
541313,B08-3079218,F541,fallback
541315,B08-3079209,F1088:1,structured
541319,,,fallback
541386,B08-3079222,F722:1|F4496:1,structured
541388,B08-3079223,F1057:1|F1079:1,structured
541390,B08-3079224,F1057:1|F1079:1,structured
541394,B08-3079230,F542:1|F952:1,structured
541398,B08-3079240,F890:1|F2470:3|F2486:3|F2501:3|F2619:3,structured
54146,NL2010-1681846,F6521:2|F6522:2|F6553:2|F6491:3,structured
54148,CHN2018-03-0222002,F6674:3|F6500:4|F6531:4|F6551:4|F6552:4|F6600:4|F6645:4|F6648:4|F6489:5|F6498:5|F6510:5|F6542:5|F6605:5,structured
54150,,,empty
541556,B11-4244475,F2753,fallback
541562,B09-1517959,F5520:1|F5962:1,structured
541564,NL09-1517954,F5779:1|F5780:1,structured
541591,B07-6310395,F2594|F3087,fallback
541603,B11-2014357,,fallback
541607,B06-2082417,,fallback
541610,B05-2143338,F20,fallback
541612,B05-2143129,F20,fallback
541669,CHN2015-26-0280698,,fallback
541811,,,fallback
541814,,,fallback
541826,,,fallback
541842,,,fallback
541862,,,fallback
541866,,,empty
541890,,,empty
541925,,,fallback
541927,,,fallback
541973,B11-3170453,,fallback
542070,CHN2012-26-039178,F4806:1|F2494:2|F2593:2,structured
542073,CHN2014-26-536282,F4806:1,structured
542074,,,empty
542075,CHN2012-26-039091,F4806:1|F2494:2|F2593:2,structured
542077,CHN2012-26-039032,,empty
542078,CHN2011-26-286992,,empty
542079,,F2494|F2593,fallback
542080,,,fallback
542082,,,fallback
542128,,,fallback
542129,,,fallback
542130,,,fallback
542131,,,fallback
542132,,,fallback
542133,,,fallback
542134,,,fallback
542135,,,fallback
542137,BELG2011-6049857,F456,fallback
542165,,,empty
542169,,,empty
542171,,,empty
542172,,,empty
542173,,,empty
542175,,,empty
542176,,,empty
542181,,,empty
542185,,,empty
542187,,,empty
542190,,,empty
542198,,,fallback
542205,,,empty
542217,,,empty
542218,,,empty
542220,,,empty
542221,,,empty
542224,,,empty
542240,,,empty
542252,,,empty
542253,,,empty
542255,,,empty
542336,,,empty
542337,,,empty
542364,BELG2013-6143606,,fallback
542371,B05-6173368,F1383|F1517|F1751|F1752|F3065|F3170|F617|F635,fallback
542581,BELG2012-6042367,F3784:1|F4051:3,structured
542607,,,empty
542608,,,empty
542610,,,empty
542611,,,empty
542615,,,empty
542618,,F1055,fallback
54262,,,fallback
542625,,F1055|F2636|F2688,fallback
542626,,,empty
542627,,,empty
542628,,,empty
542629,,,empty
542631,,,empty
542632,,,empty
542699,TWFH2011-000026,,empty
542709,,F110|F2546|F2643|F2952,fallback
542871,,,empty
542876,,,empty
542881,,,empty
542954,,,fallback
542968,,,fallback
543293,B2010-2067891,F701:2|F2702:2|F2992:2|F3218:2,structured
543321,AU2009-GFL-1041,,fallback
543323,AU2009-GFL-404,,fallback
543324,AU2008-GFL-452,,fallback
543326,AU2009-GFL-592,,fallback
543327,AU2008-GFL-647,,fallback
543329,AU2008-GFL-957,,fallback
543338,,,empty
543404,NL07-1828811,F7121:2|F7258:2,structured
543405,NL06-1078565,F5584:2|F6537:2|F6539:2|F7258:2,structured
543406,B14-6298449,F3940:1|F3992:1,structured
543407,B2015-2312882,,fallback
543411,B12-6323350,F3384:3|F4050:3|F4051:3,structured
543412,NL11-1764065,,fallback
543417,B11-6218107,F139|F1801|F2477|F2645|F2710|F2711|F2858|F3169|F3199|F467,fallback
543507,,,empty
543508,,,empty
543510,,,empty
543521,,F1186|F1655|F306,fallback
543522,,F110|F2546|F2659|F3085|F3200|F3202,fallback
543523,,F1186|F1655|F306,fallback
543526,,F2643|F2952,fallback
543527,,F2952|F3163,fallback
543528,,F110|F2643|F2952,fallback
543529,,F3206|F3355|F486,fallback
543531,CHN2015-01-0557550,,fallback
543581,,,empty
543582,,,empty
543583,,,empty
543584,,,empty
543586,,,empty
543588,,,empty
543594,,,empty
543597,,,empty
543619,,,empty
543647,,,empty
543649,,,empty
543650,,,empty
543651,,,empty
543652,,,empty
543653,,,empty
543654,,,empty
543655,,,fallback
543656,,,fallback
543657,,F341,fallback
543660,,,empty
543662,,,fallback
543664,,,fallback
543665,,,empty
543666,,,fallback
543668,,,empty
543669,,,empty
543670,,,empty
543712,B10-3047202,F2569|F2814,fallback
543719,,,empty
543725,,,empty
543730,,,empty
543731,,,empty
543732,,,empty
543733,,,empty
543749,,,empty
543753,,F304,fallback
543757,,,empty
543758,,,fallback
543759,,,empty
543760,,,empty
543769,,,empty
543786,,,empty
543796,CHN16-29-0244401,,empty
543802,,,fallback
543803,,,fallback
543804,,,empty
543805,,,fallback
543806,,,empty
543807,,,empty
543808,,,empty
543860,CHN2008-32-999130,F2883:2|F3343:2,structured
543912,,,fallback
543913,CHN2010-06-281899,F1317,fallback
543922,,,empty
543943,B2011-3170481,,fallback
543944,B2009-4303172,F931,fallback
543968,B06-3175143,F181|F3116|F370,fallback
543984,,,fallback
543992,C16-TL31,F319:3|F3065:3|F3170:3|F3346:3,structured
543993,NL2016-1526381,,fallback
543996,BELG2016-3138977,F1581,fallback
544110,NL02-2259459,F244:1|F5521:1,structured
544120,CHN2012-08-332335,,fallback
544121,CHN2017-08-0138882,,fallback
544175,BE17-4062504,,fallback
544187,NL14-1587566,F954:2|F1744:2|F6363:2,structured
544194,,,fallback
544245,BELG2013-4096874,,fallback
544484,,,empty
544486,,,empty
544555,CHN12-03-111896,F6853:2|F7079:2|F2946:3|F6798:3|F6863:3|F7034:3,structured
544564,,,fallback
544634,BELG2014-6070945,,fallback
544635,BELG2016-6271005,,fallback
544673,BELG2016-4235386,,fallback
544680,,,empty
544682,,,empty
544684,CHN2016-01-1485063,F4843:2|F4886:2|F6694:2|F6551:3|F6600:3,structured
544733,,,fallback
544840,B16-4260917,F2033,fallback
544842,B16-4260954,,fallback
544849,B16-4260968,F1618|F2034|F2752|F601,fallback
544871,,,empty
544916,,,fallback
544917,,,fallback
544920,NL96-9669302,,fallback
544925,CHN2007-01-440184,,fallback
545087,,,empty
545088,,,empty
545089,,,empty
545092,,,empty
545093,,,empty
545094,,,empty
545095,,,empty
545102,,,empty
545211,,,empty
545212,,,empty
545213,,,empty
545214,,,empty
545215,,,empty
545231,CHN2012-01-207784,,fallback
545389,BELG2014-6287758,F3162,fallback
545424,,,empty
545432,CHN13-19-265618,,empty
545433,CHN13-19-265887,,empty
545434,CHN15-19-0322502,,empty
545435,CHN15-19-0322553,,empty
545436,CHN15-19-0322554,,empty
545476,CHN13-19-265869,,empty
545479,,,empty
545480,CHN13-19-263808,,empty
545494,CHN14-19-312954,,empty
545541,,,empty
545542,,,empty
545547,CHN13-19-265611,,empty
545570,CHN15-19-0322514,,empty
545637,,,empty
545650,B15-6099659,F1639|F1785,fallback
545715,,,empty
545788,B14-6022790,F1159:2|F1161:2|F2692:2,structured
545842,CHN15-19-0322587,,empty
545843,CHN15-19-0322468,,empty
545883,,,empty
545888,,,empty
545889,,,empty
546042,,,fallback
546043,,,fallback
546187,,,fallback
546192,,,fallback
546195,,,fallback
546197,,,fallback
546200,,,fallback
546203,,,fallback
546204,,,fallback
546205,,,fallback
546207,,,fallback
546208,,,fallback
546210,,,fallback
546249,,,fallback
546250,,,fallback
546251,,,fallback
546258,,,fallback
546260,,,fallback
546261,,,fallback
546262,,,fallback
546263,,,fallback
546314,,,fallback
546315,,,fallback
546319,,,fallback
546320,,,fallback
546321,,,fallback
546324,,,fallback
546327,,,fallback
546471,,,empty
546475,,,empty
546511,,,fallback
546512,,,fallback
546513,,,fallback
546515,,,fallback
546516,,,fallback
546538,,,fallback
546539,,,fallback
546540,,,fallback
546541,,,fallback
546542,,,fallback
546543,,,fallback
546544,,,fallback
546545,,,fallback
546547,,,fallback
546548,,,fallback
546549,,,fallback
546550,,,fallback
546551,,,fallback
546552,,,fallback
546553,,,fallback
546554,,,empty
546555,,,fallback
546556,,,empty
546557,BE15-6287169,F1169|F1657|F2438|F3325,fallback
546558,,,empty
546561,,,fallback
546563,,,fallback
546565,,,fallback
546576,,,fallback
546577,,,fallback
546735,B10-3045334,,fallback
546738,,F603,fallback
547068,CHN2014-01-328552,,fallback
547127,B16-6076753,F1511:2|F453:3|F3165:3,structured
547224,,,empty
547379,,,empty
547386,,,empty
547387,,,empty
547388,,,empty
547401,,,empty
547403,,,empty
547406,,,empty
547420,,,empty
547508,NL2015-1348183,F3162,fallback
547563,,,empty
547564,,,empty
547574,,,empty
54763,CHN18-2006-011666,,fallback
547703,NL2015--1878306,,fallback
547705,NL2015--1878179,,fallback
547713,NL2015--1878332,,fallback
547871,,F1352|F1535,fallback
547935,NL2015--1878290,,fallback
548200,B05-6085365,F2722:1,structured
548202,B2006-6307544,F2403:2|F2426:2,structured
548209,NL2015--1878091,,fallback
548210,NL2015--1878061,,fallback
548219,B2012-6225247,F265:2|F2826:2|F3014:2|F3056:3|F3308:3,structured
548315,,,fallback
548316,,F640,fallback
548428,CHN2019-08-0099999,F1518|F1921,fallback
548502,CHN2014-01-00694,F2057:3|F2117:3|F2145:3|F2188:3|F2044:4|F2052:4|F2053:4|F2059:4|F2064:4|F2065:4|F2070:4|F2071:4,structured
548503,CHN2014-01-04477,F2092:2|F4742:2|F2117:3|F2188:3|F2061:4|F2105:4|F2106:4|F2133:4,structured
548505,CHN2016-01-0296226,F4766:3|F2084:4|F2089:4|F2126:4|F2131:4|F2132:4|F2137:4|F2147:4|F2168:4|F2169:4|F2170:4|F2044:5|F2046:5|F2049:5|F2053:5|F2056:5|F2064:5|F2065:5|F2102:5,structured
548506,CHN2016-01-0296284,F2147:3|F2170:3|F2044:4|F2046:4|F2048:4|F2049:4|F2053:4|F2055:4|F2056:4|F2062:4|F2064:4|F2065:4|F2102:4|F2114:4,structured
548507,CHN2016-01-0296288,F2092:3|F4742:3|F2057:4|F2117:4|F2145:4|F2188:4|F2044:5|F2052:5|F2053:5|F2059:5|F2061:5|F2064:5|F2065:5|F2070:5|F2071:5|F2105:5|F2106:5|F2133:5,structured
548510,CHN2014-01-1282026,F2345:2|F4766:2|F4767:2|F4845:2,structured
548512,CHN2015-01-1375459,F4788:2|F4812:3|F2126:4|F2131:4|F2132:4|F2137:4|F4796:4|F2117:5|F2188:5|F2044:6|F2053:6|F2064:6|F2065:6,structured
548515,CHN2016-01-1485032,F4788:2|F2126:3|F2131:3|F2132:3|F2137:3,structured
548518,CHN2016-01-1485081,F4788:2|F2126:3|F2131:3|F2132:3|F2137:3,structured
548519,CHN2016-01-1485095,F4788:2|F2126:3|F2131:3|F2132:3|F2137:3,structured
548532,B98-2398266,F2044:2|F2053:2|F2064:2|F2065:2,structured
548533,B04-4019943,F2075:2|F2082:2|F2062:3|F2076:3|F2154:3|F2173:3,structured
548534,B07-5067344,F2126:2|F2131:2|F2132:2|F2137:2,structured
548535,B2003-4133532,F2046:2|F2049:2|F2056:2|F2102:2,structured
548536,NL2006-1953380,F6499:2|F6508:2|F6516:2|F6590:2,structured
548676,BELG2013-3159375,F1581,fallback
548689,BE12-6236174,,fallback
548708,NL2013--1018277,,fallback
54880,BE09-2230743,F1233|F684|F685,fallback
548901,NL2015-1878030,,fallback
548902,NL2015-1878576,,fallback
54892,BE09-2230742,F1233|F684|F685,fallback
548955,,,fallback
548963,BELG2016-6271019,,fallback
548964,BELG2016-6271027,,fallback
548968,BELG2016-6271037,,fallback
548971,BELG2016-6271045,,fallback
548972,BELG2014-6307640,,fallback
549020,DV01769-07-1126,F5135:1|F5348:1,structured
549021,DV01769-06-1100,F5135:1|F5348:1,structured
54912,,F2529|F2530,fallback
54918,,F2529,fallback
54925,,,empty
549317,,,fallback
549325,,,fallback
549326,,,fallback
549327,,,fallback
549328,,,fallback
549329,,,fallback
549331,,,fallback
549335,,,fallback
549382,,F2592|F2714|F290|F3087,fallback
549385,,F2593|F2776|F2858|F2860|F2861|F3089|F467,fallback
549393,,F2594|F3087|F667,fallback
549394,,F2521|F2592|F2594|F3087,fallback
549484,,,fallback
549485,,F1388,fallback
54951,,,fallback
549517,CHN16-19-0474417,,empty
549531,CHN16-19-0469109,,empty
549534,CHN16-19-0474413,F4519:1|F4529:1,structured
549536,,,fallback
549545,,,empty
549560,B13-3056137,F1717:1|F2399:3|F2469:3|F2527:3|F2570:3,structured
549561,B13-3056280,F1717:1|F2399:3|F2469:3|F2527:3|F2570:3,structured
549576,NL10-1822966,,fallback
549577,NL14-1919680,,fallback
549578,NL14-1919406,,fallback
549579,NL14-1919682,,fallback
549580,NL14-1919459,,fallback
549581,NL14-1919515,,fallback
549582,NL11-1872605,,fallback
549584,NL11-1872582,,fallback
549585,NL12-1742416,,fallback
549586,NL14-1919290,,fallback
549587,NL14-1919040,,fallback
549588,NL14-1919584,,fallback
549627,CHN16-0670318,,fallback
549634,CHN16-13-0830374,,fallback
549636,CHN16-10-0830371,,fallback
549640,CHN16-0670192,,fallback
549642,CHN16-0670248,,fallback
549643,CHN16-0670357,,fallback
549648,CHN2013-12-088934,,fallback
549649,CHN2014-30-102694,,fallback
549650,CHN2014-12-235602,,fallback
549651,CHN2016-32-0555826,,fallback
549652,CHN2016-32-0555827,,fallback
549840,,,fallback
549841,,,fallback
549846,DV06025-11-390,,fallback
549847,NL15-1163823,,fallback
549848,NL10-1460775,,fallback
549849,DV06025-11-479,,fallback
549852,B13-6080927,F1883,fallback
549853,CHN2010-20-022170,,empty
549854,CHN2012-20-042468,,empty
549887,CHN2011-08-139513,,fallback
549895,CHN2011-08-139518,F2596|F2647,fallback
549901,NL16-1872831,F6478:1|F1642:2,structured
549902,NL16-1783956,F6481:1|F1989:2|F1209:3|F100:4|F2868:5|F3045:5,structured
550117,B07-5080027,F2626|F2835,fallback
550138,B08-6056151,F2866|F3159|F605|F623,fallback
550139,B11-6091619,F100,fallback
550142,CHN2007-15-083515,,fallback
550190,B08-6117671,,fallback
55021,,,fallback
550210,B13-6090789,F3226:2,structured
550268,,,fallback
550272,CHN2014-15-201663,,empty
550273,CHN2015-15-0475562,,empty
550276,CHN2015-15-0059972,,fallback
550278,CHN2016-15-0128019,,empty
550279,CHN2016-15-0128039,,empty
550390,,,empty
550432,CHN2014-15-000505,,empty
550482,T08-149147,F6926:2|F6864:3,structured
550483,,,fallback
550487,,,fallback
550491,,,fallback
550492,,,empty
550493,,,empty
550494,,,fallback
550499,CHN2009-15-080380,,fallback
550627,,F3116,fallback
550646,CHN2009-15-080369,,fallback
550872,CHN2015-15-0010858,,empty
550879,,,fallback
550882,,,fallback
550884,,,fallback
550885,CHN2016-15-0128098,,fallback
550958,CHN2015-03-0812114,,fallback
550959,,F2922,fallback
550963,CHN2015-15-0069652,,fallback
550964,CHN2008-15-077939,,fallback
550975,CHN2015-03-0811021,,fallback
550976,CHN2012-15-090679,,fallback
550977,CHN2015-15-0069697,,fallback
550978,,,fallback
550979,CHN2012-15-086603,,fallback
550981,CHN2013-15-109286,,fallback
550982,CHN2012-15-088682,,fallback
550983,CHN2012-15-086691,,fallback
550984,CHN2015-15-0069802,F2485,fallback
550985,CHN2014-15-088117,,empty
550995,,,fallback
551060,CHN2012-15-089992,,fallback
551061,CHN2004-15-114206,,fallback
551062,CHN2007-15-065039,,fallback
551063,CHN2015-15-0069813,F211|F2485,fallback
551064,CHN2015-15-0069688,,fallback
551065,CHN2012-15-086630,,fallback
551066,CHN2011-32-262947,F2485,fallback
551067,CHN2015-15-0069736,,fallback
551068,CHN2015-15-0069957,F26|F643,fallback
551069,CHN2015-15-0069960,,fallback
551071,CHN2008-15-077939,,fallback
551074,,,empty
551118,,,empty
551119,,,empty
551197,B08-6259650,,fallback
551198,B09-6326368,,fallback
551199,B11-6226562,,fallback
551333,BE16-6064083,,fallback
551349,,,empty
551497,CHN14-03-379542,,fallback
551498,CHN15-15-0057930,F3206,fallback
551499,CHN15-03-0422388,,fallback
551500,CHN14-03-379528,,fallback
551575,CHN15-02-0500106,,fallback
551602,NL2015-1706632,,fallback
551664,CHN11-19-222902,,empty
551677,B08-2197536,F2684,fallback
551689,,,fallback
551693,,,fallback
551694,,,fallback
551706,,,empty
551825,,,fallback
551830,,,fallback
551874,NL09-1895194,,fallback
551875,,,fallback
551876,NL09-1895220,F6065:1|F7223:1,structured
551877,NL09-1895108,,fallback
551984,,,fallback
55202,,,fallback
552074,,F3040|F3041,fallback
552193,,,empty
55224,,,empty
552387,CHN2013-06-263871,F1315|F3170,fallback
552403,,,empty
552583,,,fallback
552585,,,empty
552591,B2009-6222190,,fallback
552593,,,empty
55275,,,fallback
55305,,,empty
55311,,,empty
55312,,,fallback
553249,CHN2015-15-0069885,,fallback
553255,CHN2015-15-0069835,,fallback
553302,,,empty
553446,CHN2007-03-015974,F163:1|F2410:3|F2472:3|F2524:3|F2737:3,structured
553447,,,fallback
553452,,,empty
553514,B16-3138796,F1280:2|F3116:2|F2740:3|F3260:3|F2393:4|F2569:4,structured
553516,B16-3138758,F1112:2|F292:3,structured
553522,,,fallback
553586,NL16-1783995,F824:2|F1492:2|F5569:2|F7072:2,structured
553587,,,empty
553606,,,empty
553652,CHN16-19-0449910,F4526:1|F4530:1,structured
553680,CHN2011-15-366060,,fallback
553845,,,empty
553850,,,empty
553910,,,fallback
55395,,,fallback
554032,,,fallback
55404,CHN03-29-096903,,fallback
554078,,,fallback
554079,,,fallback
554080,,,fallback
554081,,,fallback
554082,,,fallback
554083,,,fallback
554084,,,empty
554085,,,fallback
554086,,,fallback
554087,,,fallback
554088,,,empty
554089,,,fallback
554095,,,empty
554104,,,fallback
554132,,F1093|F2742|F3116|F711,fallback
554133,,F1080|F180|F3116|F338,fallback
554134,,F3100|F3116|F737,fallback
554135,,F3100|F3116|F737,fallback
554136,,F1080|F180|F3116|F338,fallback
554137,,F3116,fallback
554138,,F1080|F180|F3116|F338,fallback
554139,,F1581|F1717,fallback
554140,,F2683,fallback
554141,,F2683,fallback
554142,,F1065|F1431|F1581|F3116,fallback
554143,,F1243|F1581|F3116|F370,fallback
554144,,F1581|F1717|F486,fallback
554145,,F3116|F877,fallback
554146,,F3116|F474|F855,fallback
554147,,F3116,fallback
554148,,F292|F3116,fallback
554149,,F292|F3116,fallback
554151,,F3116,fallback
554152,,F1581|F3116|F520,fallback
554153,,,fallback
554154,,,fallback
554155,,F1581|F3116|F520,fallback
554156,,,fallback
554295,CHN2011-02-277255,,fallback
554296,CHN2011-02-277250,,fallback
554312,CHN2014-06-158018,,empty
554313,CHN2014-06-158017,,empty
554315,B16-1017087,F1261|F1265|F1392|F713,fallback
554318,CHN2013-06-331200,,empty
554319,CHN13-07-053888,,empty
554320,CHN13-07-276888,,empty
554321,CHN13-07-356999,,empty
554322,CHN13-07-050999,,empty
554324,,,empty
554326,,,empty
554328,,,fallback
554329,B17-1033088,,fallback
554330,B17-1033089,,fallback
554515,,F1529|F3065|F3170,fallback
554517,,,fallback
554518,B17-1033112,,fallback
554533,B17-1033199,F1392,fallback
554534,,,fallback
554575,,,empty
554576,,,empty
554617,,,fallback
554623,,,fallback
554631,B2006-5001649,,fallback
554632,DV06720-08-1206,,fallback
554741,CHN2019-08-0008839,F466,fallback
554778,B17-1033221,,fallback
554834,CH14-01-1015999,,fallback
554836,,,fallback
554837,CHN2013-01-012407,,fallback
554839,CHN2014-01-1019234,,fallback
554840,CHN2015-32-0200224,,fallback
554896,CH14-01-1012981,,empty
555006,B17-1033226,F1394|F1412,fallback
555032,B17-1033230,F1265|F1392|F1736,fallback
555076,CHN2017-13-0162682,,empty
555083,CHN2017-13-0162683,,empty
555143,CHN09-06-110300,,fallback
555144,CHN2010-06-080086,,empty
555146,CHN11-06-091940,,fallback
555147,B2011-6265331,F3202|F3307,fallback
555149,CHN11-06-091987,,empty
555160,B17-1033238,F1265|F1392,fallback
555163,,,fallback
555164,B17-1033242,,fallback
555165,,,fallback
555180,B17-1033247,,fallback
555182,B17-1033248,,fallback
555187,B17-1033249,F1265|F1392,fallback
555188,B17-1033250,F1265|F1392,fallback
555252,BELG2012-3039229,,fallback
555273,,,fallback
555274,,,fallback
555293,NL17-4289451,,fallback
555329,,,fallback
555436,NL17-4289442,,fallback
555483,NL17-4289433,,fallback
555484,,,fallback
555497,,,fallback
555597,B17-6024235,F1846|F1869|F456|F806,fallback
555602,B17-6024350,F456|F981,fallback
555609,B14-3135811,F1581|F3116|F880,fallback
555610,B14-3135838,F369:2|F737:2,structured
555611,B14-3135839,F1243|F878,fallback
555612,B14-3135840,F957,fallback
555613,B14-3135844,F369:2|F2740:3|F2393:4|F2569:4,structured
555614,B14-3135845,F3116|F711,fallback
555615,B14-3135848,F3116,fallback
555616,B14-3135850,F1112:2|F292:3,structured
555617,B08-6164565,F121:2|F646:2,structured
555618,B13-6046451,F1193:2|F1798:2|F453:3|F3165:3,structured
555619,B13-6046478,F300:2|F835:2|F299:3|F4087:3,structured
555621,B13-6046512,F1351:1|F122:3|F317:3|F3094:3|F3176:4|F3338:4,structured
555622,B13-6046523,F1353:2|F1506:2|F453:3|F3165:3,structured
555627,B14-6176308,F1191:2|F980:3|F112:4|F113:4,structured
555628,B15-6267048,F1007:2|F1350:2,structured
555629,B09-6272781,F3221,fallback
555631,B10-6037277,F819:2|F3202:3|F2402:4|F2492:4,structured
555634,B12-6233302,F2659:3|F3085:3|F117:4|F118:4|F2876:4|F5420:4,structured
555635,B13-6082525,F1753:1,structured
555636,B15-6090309,F247|F2717|F982,fallback
555637,B15-6090312,F247|F2717,fallback
555638,B13-6083783,F1634:1,structured
555639,B14-6165135,F1495:2|F1766:2|F3231:2|F3290:2,structured
555640,B14-6165228,F1498:2|F1635:2|F1764:2,structured
555642,,F456|F981,fallback
555655,B14-6165230,F1216:2|F1498:2|F1635:2|F1636:2,structured
555656,B14-6165231,F1216:2|F1498:2|F1635:2|F1636:2,structured
555657,B14-6165232,F1942:1|F1498:2|F1635:2,structured
555658,B14-6165223,F825:2|F1497:2|F1633:2|F1765:2,structured
555659,,F1520,fallback
555660,B09-3039289,F340:2|F530:2|F531:2|F735:2,structured
555661,B11-3113315,F531:2|F757:2|F931:2|F932:2,structured
555663,B12-3122813,F710:2|F759:2|F1110:2|F1247:2,structured
555681,,,empty
555695,,,fallback
555698,B17-6024162,F3162|F456,fallback
55572,,,fallback
555749,,,fallback
555752,,,fallback
555844,CHN16-03-1128910,F4469:1|F4718:2|F3116:4|F2680:5|F2812:5,structured
555867,,F3162|F456,fallback
555946,CHN2019-08-0008900,F1315|F1901|F3170,fallback
555949,CHN2019-08-0008699,,fallback
555950,CHN2019-08-0008757,,fallback
556000,B11-6342129,F3060:2|F2491:3|F2510:3|F2553:3|F2725:3,structured
556002,B12-6327737,F3073:2|F2491:3|F2510:3|F2553:3|F2725:3,structured
556005,B11-6342127,F434:2|F3073:2|F2553:3|F2725:3,structured
556006,,,fallback
556007,BELG2014-3067296,,fallback
556017,,,fallback
556030,,,empty
556031,,,empty
55616,NL2008-1760945,,fallback
556164,CHN2017-13-0162690,,fallback
55618,,F2404,fallback
55619,,,fallback
556210,CHN2017-08-0199518,,fallback
556211,,,empty
556212,,,empty
556329,,,fallback
556406,CHN14-06-167507,,empty
556413,CHN15-06-0367007,,empty
556415,CHN16-0671887,,empty
556416,CHN16-06-0672657,,empty
556418,CHN15-06-0367656,F2297:1,structured
556419,CHN13-06-187367,F2297:1,structured
556420,CHN13-06-187397,F2297:1,structured
556421,CHN14-06-167427,F2297:1,structured
556422,CHN14-06-169953,F2297:1,structured
556423,CHN14-06-167428,F2297:1,structured
556430,CHN15-06-0367988,F2297:1,structured
556432,CHN15-06-0368187,F2297:1,structured
556434,CHN14-06-167819,F2297:1,structured
55651,,,fallback
55658,BE08-4095262,F2577|F567,fallback
55659,BE06-4112095,F2753,fallback
55662,BE09-4035533,,fallback
55672,BE09-4035582,,fallback
556815,,,fallback
556817,,,fallback
556958,TFPF2010-259895,F2410,fallback
556959,TFPF09-139945,,fallback
556964,,,empty
556965,,F163,fallback
556967,B09-2054342,F863,fallback
557059,TFPF2014-198790,,empty
557076,BE10-4030310,,fallback
557108,,,fallback
557110,,,fallback
557144,C17-279037,,empty
557237,,,empty
557238,,,empty
557321,CHN2017-13-0160001,,empty
557369,,,empty
557380,,,empty
557381,,,empty
557382,,,empty
557383,,,empty
557386,,,empty
557387,,,empty
557392,,,empty
557393,,,empty
557394,,,empty
557395,,,empty
557396,,,empty
557397,,,empty
557461,,,fallback
557462,,,fallback
557463,,,fallback
557466,B10-2197996,F493:2|F2838:2|F2404:3|F2442:3|F2585:3|F2693:3,structured
557468,NL07-5720689,,fallback
557478,,F3316,fallback
557480,,,fallback
557507,,,fallback
557521,C17-279137,,empty
557522,C17-279138,,empty
557653,CHN2014-03-003200,F4331:2,structured
557660,CHN2015-03-0811181,,empty
557689,BELG2011-6340291,,fallback
557690,NL2015-1707277,,fallback
557692,CHN2018-08-0199895,,fallback
557725,,F2849,fallback
557726,CH2015-01-0211506,,empty
557732,,F2849,fallback
557735,DV01769-11-444,F5123:2|F5135:3|F5348:3,structured
557737,,,empty
55778,NL04-1114641,F2714:2|F2715:2|F6850:2|F6909:2,structured
557803,,,empty
557808,,,empty
557809,,,empty
557810,,,empty
557811,,,empty
557813,,,empty
557818,T2012-239647,F2545|F2849,fallback
557964,,,fallback
558008,,,empty
558011,,,empty
558034,,,empty
558115,,,empty
558116,,,empty
558117,TFPF2011-172159,F2410|F2849,fallback
558121,CHN2017-13-0162654,,fallback
558122,,,fallback
558139,B12-3127543,,empty
558175,NL11-1185951,F5494:2|F5853:2|F6854:2|F7140:2,structured
558200,,,empty
558201,,,empty
558207,,,fallback
558219,,,empty
558251,,,empty
558353,,,fallback
558381,NL11-1912659,F209:2|F5966:2|F6033:2,structured
558391,NL12-1920976,F5807:2|F5808:2|F6044:2|F6045:2,structured
558394,NL13-1524754,F5808:2|F6037:2|F6038:2|F6193:2,structured
558439,,,fallback
558456,BELG2016-6271007,,fallback
558542,B11-6265185,F306:2|F1186:2,structured
558545,AU2017-JEDDS-10988,,fallback
558546,AU2017-JEDDS-10906,,fallback
558547,AU2017-JEDDS-10907,,fallback
558555,AU2017-JEDDS-10920,,fallback
558556,AU2017-JEDDS-10998,,fallback
558566,AU2017-JEDDS-10942,,fallback
558572,CHN17-03-1361665,F2483:3|F2654:3|F2666:3|F2738:3|F2987:3|F3212:4|F2988:5|F7015:5,structured
558573,CHN17-03-1361666,F2483:3|F2654:3|F2666:3|F2738:3|F2987:3|F3212:4|F2988:5|F7015:5,structured
558574,CHN17-03-1361678,F2483:3|F2654:3|F2666:3|F2738:3|F2987:3|F3212:4|F2988:5|F7015:5,structured
558575,CHN17-03-1361679,F2483:3|F2654:3|F2666:3|F2738:3|F2987:3|F3212:4|F2988:5|F7015:5,structured
558576,CHN17-03-1361881,F2472:2|F2410:3|F2604:3|F2697:3|F2765:3,structured
558577,CHN17-03-1361882,F2472:2|F2410:3|F2604:3|F2697:3|F2765:3,structured
558578,CHN17-03-1361885,F2472:2|F2410:3|F2604:3|F2697:3|F2765:3,structured
558580,CHN17-03-1361900,F2472:2|F2410:3|F2604:3|F2697:3|F2765:3,structured
558598,,,fallback
558635,,,fallback
558637,,,empty
558638,,,empty
558666,B2014-3067293,,fallback
558672,,,empty
558676,,,empty
558683,BELG2010-5061779,,fallback
558686,,,fallback
55869,,,fallback
558723,,,empty
558763,,,fallback
558766,,,fallback
558795,,,empty
558796,,,fallback
558802,,,empty
558805,,,empty
558807,,,empty
558808,,,fallback
558814,,,fallback
558817,,,fallback
558819,,,empty
558822,,,empty
558823,,,empty
558826,,F2196,fallback
558888,,,fallback
558956,CHN12-19-004881,,fallback
558957,CHN12-19-010870,,fallback
558983,AU2017-JEDDS-10945,,fallback
558986,AU2017-JEDDS-10962,,fallback
558989,AU2017-JEDDS-10941,,fallback
559073,,,fallback
559169,,,empty
559171,,,empty
559173,,,empty
559174,,,empty
559175,,,empty
559192,CHN2017-13-0162659,,fallback
55948,CC04-299775,F2477:2|F2508:2|F2710:2|F2712:2,structured
55949,CC04-299768,F2508:2|F2645:2|F2711:2,structured
55950,,,fallback
55951,C02-02-048896,F2520:2|F2616:2|F7336:2|F7340:2,structured
55953,C2002-1097,F2405:2|F2465:2|F6762:2|F6796:2,structured
55954,CC2010-250504,F4294:2|F7023:2,structured
55955,BELG08-2145608,F2760|F5043,fallback
55956,BELG08-2226642,F2760:1|F2443:2|F5043:2,structured
55964,CC04-299991,,fallback
559649,B10-2010-2215881,F2472:2|F2410:3|F2604:3|F2697:3|F2765:3,structured
559653,BELG2010-2215880,F2472:2|F2410:3|F2604:3|F2697:3|F2765:3,structured
55972,C08-33-022135,F4501:2|F4502:2|F4505:2|F4506:2,structured
559728,,,fallback
559729,,F2477|F2508|F2710|F2712,fallback
559768,BELG2015-2016078,,fallback
559813,B14-4279740,F2577|F752,fallback
559814,B14-4279750,F218|F813,fallback
559856,BELG2012-9032480,F1902,fallback
55988,,,fallback
559954,B08-6383040,F2959|F3170|F433,fallback
559955,B08-6177516,,fallback
559956,B08-6177668,F3409:2|F3410:2|F3415:2|F3499:2,structured
559957,B09-6369963,F133|F2959|F3065|F3170|F431,fallback
559960,B06-6034922,F2959,fallback
559961,B08-6177514,F1381|F432,fallback
559963,B08-6177686,F1752|F2959,fallback
559964,B08-6164443,,fallback
559966,B06-6034799,F431,fallback
56016,NL2009-1186096,,fallback
560214,,,fallback
560215,,F250|F271|F991,fallback
560217,,,empty
56042,NL04-2244680,F6806:2|F6850:2|F6865:2|F6908:2,structured
56048,NL02-1950094,F6837:2|F6849:2|F6874:2|F2714:3|F2715:3,structured
56050,NL05-1671793,F6817:2|F6875:2|F6909:2|F2714:3|F2715:3,structured
56053,NL06-1671800,F6875:2|F6955:2,structured
560541,CHN17-11-0099902,F4972:1|F5111:1,structured
560618,NL2012-1232478,,fallback
560767,,,empty
560798,,,fallback
560853,,,empty
560858,CHN17-32-0380310,F4199:1,structured
560859,,,fallback
560860,,,fallback
560863,,,fallback
560864,,,fallback
560865,,,fallback
560866,,,fallback
560871,,,fallback
560881,B2009-6222804,F2407|F2467,fallback
56097,CC2009-055230,F4294:2|F7023:2,structured
560987,,,fallback
560988,,,empty
560989,NL17-1307099,F5725:2|F5931:2|F6392:2|F6430:2,structured
560990,B18-6024933,F1864:2|F1951:2|F295:3|F453:3|F3165:4,structured
560996,,F2577|F2753|F3269|F573,fallback
560997,B18-4220663,F1283:2|F1284:2|F1725:2|F1726:2,structured
561004,,,empty
561016,,,empty
561017,,,empty
56103,BELG2008-6338325,F150:2|F474:2|F2553:2|F2780:2,structured
561115,,,empty
56113,,,fallback
56117,BELG03-6486770,F4476:1|F4479:1,structured
561244,,,fallback
561245,,F2230,fallback
561246,,,empty
561247,,,fallback
561248,,,fallback
561299,B13-6080594,F110|F1174|F2407|F2413|F2467|F2545|F2546|F2659|F3202|F3307,fallback
561407,,,empty
561410,,,empty
561416,,,fallback
561422,,,empty
561423,,,empty
561424,,,empty
561426,,,empty
561427,,,empty
561429,,,empty
561431,,,empty
561435,,,empty
561541,BELG2010-6031880,,fallback
561573,BELG2010-6126280,,fallback
561575,B11-5010006,F2455|F3000|F342|F593,fallback
561778,,,empty
561780,,,empty
561781,,,empty
561782,,,empty
561784,,,empty
561785,,,empty
561786,,,empty
561787,,,empty
561803,,,fallback
561805,,,fallback
561822,BELG2012-6307297,,fallback
561844,,,empty
561863,,,empty
561865,,,empty
561872,,,fallback
561876,,,empty
561884,,,empty
561891,,,fallback
561916,,,empty
561931,,,fallback
562035,BELG2013-6062221,,fallback
562135,,,empty
562147,BELG2014-6306537,,fallback
562149,BELG2014-6306547,,fallback
562167,BELG2010-6345157,,fallback
562213,,,empty
562233,,,fallback
562237,,,fallback
562239,,,fallback
562250,,,empty
56232,B01-6255279,F4009:2|F4010:2|F4042:2|F4049:2,structured
562357,BELG2012-2002425,,fallback
562361,BELG2009-2026913,,fallback
562364,BELG2009-2119421,,fallback
562369,,,empty
562370,,,empty
562373,,,empty
562385,B11-6219333,,fallback
562388,B10-6246152,F467,fallback
562391,B09-6358586,,fallback
562397,BELG2010-2135008,,fallback
562464,,,empty
56247,CHN2008-15-239957,F3122:2|F5405:2,structured
562576,CHN2017-08-0034888,F2860|F466,fallback
56260,C2002-1043,F3122:2|F5405:2,structured
562606,B12-6196002,,fallback
562722,B14-2206674,F869:2|F1068:2|F1239:2|F1411:2,structured
562759,,,empty
562760,,,empty
562762,,,fallback
562765,,,empty
562768,CHN2013-01-1177069,,empty
562769,CHN2017-13-0266077,,empty
562770,CHN2016-32-0269019,,fallback
562772,CHN2016-13-0250002,,fallback
562773,CHN2017-13-0267114,,fallback
562774,CHN2017-13-0267113,,fallback
562775,CHN2017-13-0271866,,fallback
562798,,,empty
562847,B16-6066710,F1859:2|F1880:2|F3056:3|F3308:3,structured
56285,,,empty
56289,,,fallback
562917,CHN2017-06-0649349,,fallback
562921,CHN2017-06-0649288,,fallback
562922,CHN2017-06-0649359,,fallback
562923,CHN2017-06-0649364,,fallback
562924,CHN2017-06-0649339,,fallback
562925,CHN2017-06-0649340,,fallback
562926,CHN2017-06-0649495,,fallback
56293,,,fallback
56296,CHN08-06-039101,F2529,fallback
562962,B14-2323416,F869:2|F1068:2|F1239:2|F1411:2,structured
562964,B14-2323405,F167:2|F868:2|F1562:2|F1563:2,structured
563004,,,empty
563021,NL2011-1185927,,fallback
563040,,,empty
563092,CHN2017-03-0026547,,fallback
563119,CHN14-26-439615,,fallback
563121,,,empty
563126,CHN2017-03-0026780,F1468,fallback
563127,CHN2017-03-0026796,,fallback
563156,,,empty
563230,,,fallback
563234,,F1104|F2752,fallback
563260,,,fallback
563396,CHN2017-01-1191462,,empty
563473,,,fallback
563494,CHN2017-01-1191462,,empty
563676,,,empty
563680,,,fallback
563716,CHN2017-06-0128649,,empty
563717,CHN2017-06-0128649,,empty
563719,,,empty
563723,CHN2007-08-022864,,empty
563783,,,empty
563815,CHN15-17-0021962,,empty
563817,CHN012-17-033217,,empty
563820,CHN13-17-033564,,empty
563822,CHN06-17-033193,,empty
563833,,,fallback
563840,,F1759,fallback
563842,,,fallback
563844,CHN2017-04-0123876,,fallback
563847,,,fallback
563908,,,fallback
563914,,,empty
563934,,,empty
563938,B18-6024954,F2008:2|F112:3|F113:3,structured
563941,B18-6024953,F2008:2|F112:3|F113:3,structured
563944,,,fallback
563945,,,fallback
563946,,,fallback
563952,,F2753|F3262,fallback
563955,,F456,fallback
563956,,F317,fallback
563957,DV202065-13-565,,fallback
563958,,,fallback
563961,,F2577|F2753,fallback
56404,B04-4052618,F559:1,structured
564360,CHN2016-06-0569855,,fallback
564401,,,fallback
564446,,,fallback
564580,,,fallback
564642,,,fallback
564643,,,fallback
564655,,,fallback
564656,,,fallback
564672,,F1213|F1321,fallback
564708,CHN17-03-1106840,F1435:2|F868:3|F869:3|F1068:3|F1239:3|F1411:3|F1563:3,structured
564749,,,fallback
565109,,,empty
565110,,,fallback
565119,,,empty
565120,,,empty
565121,,,fallback
56533,CHN2007-26-124923,,empty
565364,,,empty
565367,,,empty
565368,,,empty
565369,,,empty
565370,,,empty
565474,,,empty
565475,,,empty
565480,,,empty
565486,,,empty
565490,,,empty
565492,,,empty
565494,,,empty
565497,,,empty
565500,,,empty
565501,,,empty
565503,,,empty
565614,,,empty
565615,,,empty
565901,,,empty
565933,CHN2017-13-0266041,,empty
565938,CHN2017-13-0266084,,empty
565942,CHN2017-13-0266076,,empty
566050,CHN2017-32-0939539,,empty
566079,,,empty
566090,,,fallback
566091,,,empty
566097,,,fallback
566145,,,empty
566163,,,fallback
566164,,,fallback
566166,,,empty
566170,B2011-5096282,,empty
566203,,,empty
566279,,F3035,fallback
566284,,,fallback
566326,B11-6318873,F286:2|F651:2|F654:2|F655:2,structured
56645,,,fallback
566554,,,fallback
566556,,F3175,fallback
566559,,F3175,fallback
566560,,F3175,fallback
566564,,,empty
566573,,,empty
566585,,,empty
566588,CHN2016-13-0250022,,fallback
566603,,F3295|F417|F618|F94,fallback
566656,CHN2016-13-0250023,,fallback
566667,,,empty
566770,,,fallback
566793,,,empty
566814,,,empty
56700,B03-6158796,F2860|F3089,fallback
567109,,,fallback
567119,,,fallback
567148,,,empty
567190,,,empty
567238,,,fallback
567239,,,fallback
567261,,,empty
567263,,,empty
567277,CHN12-03-111876,F314,fallback
567330,CHN2016-13-0250023,,fallback
567331,CHN2016-13-0250022,,fallback
567422,NL2013-1947209,F4078:2|F3485:3|F4032:3|F4063:5|F4095:5,structured
567430,BE2014-4240049,F3485:2|F4078:2|F4032:3|F4063:4|F4095:4,structured
567451,,,empty
567459,,,empty
567465,,,empty
567478,,F3175,fallback
567479,,,fallback
567493,,F3175,fallback
567496,,,empty
567498,,,empty
567507,,,empty
567513,,,fallback
567531,,,empty
567532,,,empty
567562,B11-6265340,,fallback
567595,CHN2017-15-0291081,,fallback
567599,DV02065-13-222,,fallback
567600,,,empty
567602,,,empty
567615,CHN2017-17-0289691,F1474|F1476,fallback
567638,,,empty
567665,,,empty
567687,,,empty
567694,,,empty
567695,,,empty
567696,,,empty
567708,,,empty
567742,,,fallback
567886,,,empty
567887,,,empty
567924,,,empty
567926,,,empty
567927,,,empty
567928,,,empty
567932,,,empty
567982,CHN17-11-0099933,,empty
56801,BELG2000-6249381,F1658|F1948|F2453,fallback
568047,CHN13-07-040888,F4155:2|F7326:2,structured
568055,CHN05-03-180073,F63:2|F7326:2,structured
568097,,,empty
568135,,,empty
568152,,F2521,fallback
568226,,F2521,fallback
568227,,F2521,fallback
568228,,F2521,fallback
568229,,F2521,fallback
568230,,F2508|F2521,fallback
568233,,F2521,fallback
568234,,F2457|F2508|F2712,fallback
568284,BX2010-262652,,empty
568285,,F2521,fallback
568288,,,empty
568289,,F2521,fallback
568290,,F2521,fallback
568291,,F2521,fallback
568292,,F2521,fallback
568315,,F2508|F2521,fallback
568316,,F2521,fallback
568317,,F2521,fallback
568318,,F2521,fallback
568319,,F2508|F2521,fallback
568321,,F2521,fallback
568323,,F2521,fallback
568360,,,empty
568361,,F2521,fallback
568364,,F2521,fallback
568365,,F2521,fallback
568380,,F2521,fallback
568381,,F2521,fallback
568384,,,fallback
568494,NL15-1363296,,fallback
568496,DV02065-13-548,,fallback
568498,B15-2062492,F1405|F773,fallback
568499,B14-2216390,,fallback
568524,,,empty
568595,,,empty
568787,,,fallback
568795,,,fallback
568799,,,fallback
568881,,,empty
568945,,F2391|F2409|F2410|F2483|F2666,fallback
568947,,F2391|F2409|F2410|F512|F865,fallback
568948,,F2391|F2409|F2410|F2483|F2666,fallback
568954,,F1474|F1930|F591,fallback
568968,,,fallback
568969,,,fallback
568982,,,empty
568985,,,empty
568986,,,empty
568987,,,empty
568988,,,empty
568989,,,empty
568990,,,empty
568993,,,empty
568998,,,empty
569012,,,empty
569014,,,empty
569016,,,empty
569017,,,empty
569020,,,empty
569026,,,empty
569031,,,empty
569033,,,empty
569035,,,empty
569042,,,empty
569053,,,empty
569054,,,empty
569057,,,empty
569105,B12-6315126,F1954,fallback
569189,,F2577,fallback
569194,,,fallback
569204,,,empty
569208,,,empty
569228,,,empty
569367,BELG2014-6174392,,fallback
569368,BELG2014-6174395,,fallback
569370,BELG2014-6174396,,fallback
569376,BELG2009-6326028,,fallback
569383,BELG2011-6226253,,fallback
569426,,,empty
569440,,,fallback
569458,,,fallback
569504,B15-6052209,F1002:1|F265:2|F3056:3|F3308:3,structured
569514,B10-6343188,F1327:1|F1525:1,structured
569519,B14-6026052,F260:3|F3056:3|F3308:3,structured
569523,B105-6052199,F1160:1|F1993:1,structured
569527,B15-6052193,F1768:1,structured
569533,B15-6052191,F1148:3|F3056:4|F3308:4,structured
569536,,,fallback
569585,,,empty
569600,CHN2017-03-0026581,,fallback
569602,BELG2013-6143688,,fallback
569608,BELG2013-6143736,,fallback
569634,,,fallback
569635,,,fallback
569637,,,fallback
569638,,,fallback
569640,,,fallback
569660,,,empty
569734,,,fallback
569768,B2011-5020179,F2632|F596,fallback
569775,,F2407|F3163,fallback
569779,,,fallback
569814,,,empty
569818,,,empty
569823,,,empty
569825,,,empty
569826,,,empty
569853,C17-279875,,empty
569862,,,empty
569864,CHN2017-12-0428430,,empty
569917,,F3175,fallback
569918,,F3175,fallback
569923,,,empty
569928,,F3175,fallback
570035,B15-6097739,F1138:1|F1344:2|F213:3|F2826:4|F3014:4,structured
570036,B15-6097746,F1489:1|F1791:1,structured
570037,B15-6097769,F1852:1|F1936:1,structured
570038,B15-6097832,F1853:1|F1854:1,structured
570039,B15-6097837,F1346:1|F2460:2|F3293:2,structured
570105,,F2403|F2426|F2722|F2797|F2878|F3326,fallback
570233,,,empty
570234,,,empty
570237,,,fallback
570241,NL2008-2129692,F5604:2|F5916:2|F6030:2,structured
570324,,,fallback
570328,,F3170|F431,fallback
570392,,,fallback
570405,CHN2017-00-2005754,F1468,fallback
570410,CHN2017-00-2005747,,fallback
570413,CHN2017-00-2002240,,fallback
570418,CHN2017-00-2005723,,fallback
570422,CHN14-19-312641,,fallback
570423,CHN2017-00-2005732,,fallback
570424,CHN2017-00-2002246,F1468,fallback
570426,CHN2017-00-2005717,,fallback
570429,DV07274-15-1105,,fallback
570431,CHN2017-00-2005753,F1468,fallback
570442,CHN2017-00-2002273,,fallback
570443,CHN2017-00-2005725,,fallback
570447,CHN2017-00-2005751,,fallback
570461,CHN2017-00-2005760,,fallback
570462,CHN2017-00-2002239,,fallback
570501,,,empty
570578,NL16-1858385,,fallback
570580,NL16-1858516,,fallback
570581,NL16-1858567,,fallback
570582,NL16-1858569,,fallback
570583,NL16-1858675,,fallback
570584,NL16-1858699,,fallback
570586,NL16-1858725,,fallback
570589,NL16-1858783,,fallback
570590,NL16-1858776,,fallback
570591,NL16-1858764,,fallback
570592,NL16-1858740,,fallback
570709,,F1502|F1505|F1668|F1996,fallback
570725,,,empty
570727,,,empty
570735,,,empty
570746,,,empty
57084,,,empty
57085,,,empty
57087,,,empty
570877,CHN2017-09-0224298,F2269,fallback
570883,,,empty
570892,CHN2017-09-0224418,F2212|F2269,fallback
570899,B09-6269285,F1155:1|F2866:2|F3159:2,structured
570903,DV0824-12-820,F249:2|F2866:3|F3159:3,structured
570911,B15-3150419,F1583:2|F3116:2|F2680:3|F2812:3,structured
570915,NL14-1210044,F209:2|F5966:2,structured
570926,DV02098-15-363,F461:2|F5156:2|F5972:2|F5188:3|F5189:3,structured
570987,BELG13-3160885,F1838:1|F2399:3|F2469:3|F2527:3|F2570:3,structured
570988,,,fallback
571006,,,empty
571016,,F2521,fallback
571151,,,empty
571202,,,empty
571203,,,empty
571212,,F2594|F2776|F2777|F3087,fallback
571213,,,empty
571231,,,empty
571233,,,empty
571234,,,empty
571235,,,empty
571236,,,empty
571240,,,fallback
571241,,,fallback
571351,,,empty
571366,,,empty
571406,,,fallback
571420,,,fallback
571423,,F1474|F1475|F1930|F591,fallback
571449,,,empty
571450,,,empty
571792,,,empty
571844,,,empty
571879,,,empty
571907,,,fallback
571908,,,fallback
571909,,,fallback
571910,,,fallback
571911,BE16--6183698,F1560:2,structured
571941,,,fallback
571943,,,empty
571960,BELG2015-3147792,,fallback
571993,BELG2015-3147815,,fallback
571995,,,fallback
571999,BELG2015-3025019,,fallback
572001,BELG2015-3025036,,fallback
572037,BELG2015-3025088,,fallback
572040,BELG2015-3025093,,fallback
572051,,,fallback
572060,,,empty
572074,,,fallback
572088,CHN16-15-0337896,F6452:1,structured
572108,,F2521,fallback
572123,CHN2016-15-0235612,,fallback
572181,CHN2017-30-0749017,,empty
572182,CHN2017-30-0749016,,empty
572228,BELG2015-6284560,F3663:2|F3729:2|F3736:2|F3737:2,structured
572242,BELG2015-3025108,,fallback
572243,BELG2015-3025109,,fallback
572247,BELG2015-3025118,,fallback
572271,BELG2015-3025133,,fallback
572278,BELG2015-3025188,,fallback
572685,,,fallback
572686,,,fallback
572688,,F1511|F1512,fallback
572689,,F1312,fallback
572690,,F2026,fallback
572691,,,fallback
572695,,,fallback
572696,,,fallback
572711,CHN15-03-0710313,F3200,fallback
572778,CHN2015-01-0557162,,fallback
572833,CHN2017-27-0400147,,fallback
57289,BE09-2119340,F54,fallback
57290,B07-2135337,F2684|F3128|F573,fallback
57291,BE09-4328920,,fallback
57292,CN08-005870,F2546|F3202,fallback
572922,CHN2017-00-5001106,,fallback
57293,CNH09-20-003287,,fallback
572940,CHN2017-00-5001106,,fallback
572978,,,fallback
572980,CHN2016-01-1616820,,fallback
572981,CHN2016-01-0012942,,fallback
573096,CHN16-03-1562555,F4718:1|F3116:3|F2680:4|F2812:4,structured
573181,,F2782|F3040|F3041,fallback
573218,CHN10-01-589999,F3040:3|F3181:3|F3225:3|F2782:4|F2946:4|F6829:4|F6881:4|F7166:4,structured
573222,CHN09-01-501821,F2946:3|F3040:3|F3181:3|F3225:3|F6829:3|F6881:3|F7166:3|F2782:4,structured
573251,CHN17-01-1362149,F6358:2|F6359:2|F1628:4|F3040:4|F3181:4|F3225:4|F2782:5|F5968:5|F6935:6|F7168:6,structured
573365,B08-6177097,F2959|F3170|F433,fallback
573383,CHN17-01-1362150,F1844:2|F1932:2,structured
573386,CHN17-01-1362148,F1844:2|F1932:2,structured
573387,CHN16-01-1054998,F1844:2|F1932:2,structured
573388,CHN17-01-1362144,F4734:1|F6221:2|F6457:2,structured
573392,CHN17-01-0704975,F6221:3|F6457:3,structured
573394,CHN17-01-0704991,F4:3|F3040:3|F3181:3|F3225:3|F2782:4,structured
573396,CHN17-01-0704992,F4:3|F3040:3|F3181:3|F3225:3|F2782:4,structured
573398,B15-2198354,F1931:1|F1932:1,structured
573465,,,fallback
573487,,,empty
573515,CHN17-03-1729444,F4718:1|F3116:3|F2680:4|F2812:4,structured
573557,B16-2315203,F1315:2|F1554:2|F1786:2|F3170:2,structured
573558,,,fallback
573560,,F1974,fallback
573561,,F1974,fallback
573570,CHN17-03-1728717,F1950:2|F1974:2|F3116:3|F2680:4|F2812:4,structured
573576,B16-2281467,F1315:2|F1818:2|F1901:2|F3170:2,structured
573577,,F1974,fallback
573578,,,empty
573583,,,empty
573584,,,empty
573585,,F3175,fallback
573592,BELG2006-6154903,F426:1|F4230:1,structured
573623,B16-23156294,F635:2|F1556:2|F1638:2|F1900:2,structured
573625,,,fallback
573649,CHN2015-15-0120976,F4951:1|F4952:1,structured
573653,,,fallback
573659,,F3175,fallback
573660,,F3175,fallback
573661,,,empty
573665,CHN17-11-0099934,,empty
573795,B14-2206605,F868:2|F1069:2|F1070:2|F1563:2,structured
573862,CHN2014-18-037235,,empty
573864,CHN13-2013-239241,,fallback
573867,CHN14-15-184370,,fallback
573879,BE17-4229314,,fallback
573902,B13-6309490,F111:2|F641:2|F112:3|F113:3|F453:3|F3165:3,structured
573903,B15-6300345,F2324:2,structured
573905,B12-6196082,F1659:2|F122:3|F3094:3,structured
573906,B15-6300338,F1191:2|F1889:2|F980:3|F112:4|F113:4,structured
573907,B11-6282673,F1659:1,structured
573909,B15-6026586,F1390|F1514,fallback
573917,CHN14-15-195463,,fallback
57401,CHN09-12-001784,,empty
574012,B16-2147763,,fallback
574018,B15-6287090,F1191:2|F1757:2|F980:3|F112:4|F113:4,structured
574023,BE16-4042961,,fallback
574069,,F3170,fallback
574113,,F3170,fallback
574139,CHN16-15-0212129,,fallback
574193,,,fallback
574194,,F1468|F1723|F3260,fallback
574204,BE07-3182013,F3689:1|F4565:1,structured
574231,,,fallback
574235,,,fallback
574237,CHN13-166116,F3801:1|F6095:1,structured
574239,CHN15-0939833,F3733:1|F3840:1,structured
574241,CHN14-470952,F3733:1|F3738:1,structured
574242,CHN15-0936987,F3738:1|F4695:1,structured
574243,CHN13-002,F3575:2|F3689:2|F4565:2|F3362:3|F4125:3,structured
574244,CHN13-001,F4565:1|F3689:2,structured
574302,CHN2014-18-1163673,,empty
574317,CHN2014-32-1163975,,empty
574331,CHN15-15-0120890,,fallback
574334,B14-2323414,F167:2|F1435:2,structured
574344,CHN16-15-0212078,F3973:1|F6179:2|F6192:2,structured
574348,CHN16-15-0212083,F3973:1|F6179:2|F6192:2,structured
574354,CHN16-15-0212118,,fallback
574398,B2012-5160217,,fallback
57448,CHN09-10-517040,F6759:1|F5543:2,structured
574495,CHN17-11-0099923,F4730:1|F4739:1,structured
57450,CHN03-10-328843,,empty
57454,CHN08-01-125026,,empty
574542,CHN2017-10-0362039,,fallback
574625,,,fallback
574637,,F1974,fallback
574648,,,fallback
574711,,,fallback
574718,,,empty
574750,,,empty
574889,,,empty
574949,CHN15-066818,F3807:1|F3801:2|F6095:2,structured
574967,CHN15-4244751,F3957:1,structured
575023,,,fallback
575025,,,fallback
575044,,F1189|F3307,fallback
575080,,F1189|F3307,fallback
575081,,F2643|F3200,fallback
575082,,F1189|F3307,fallback
575177,BELG16-3138817,F1713|F907,fallback
575182,NL14-1934507,F1082:1|F1718:1,structured
57519,NL06-1078582,F342,fallback
575193,,,fallback
575194,,,fallback
575224,CHN17-15-0328865,,fallback
57527,,,fallback
575319,,,empty
575320,,,empty
575327,CHN16-0934029,F4729:1|F3741:2|F3800:2,structured
575342,CHN2017-01-0100657,F4846:2|F4847:2|F6737:2|F6749:2,structured
575348,CHN2015-01-1375179,F4788:2|F4812:3|F2126:4|F2131:4|F2132:4|F2137:4|F4796:4|F2117:5|F2188:5|F2044:6|F2053:6|F2064:6|F2065:6,structured
575350,CHN2017-01-0666810,F4788:2|F4812:3|F2126:4|F2131:4|F2132:4|F2137:4|F4796:4|F2117:5|F2188:5|F2044:6|F2053:6|F2064:6|F2065:6,structured
575351,CHN2017-01-0661680,F4788:3|F4812:4|F6496:4|F6566:4|F6576:4|F6579:4|F6645:4|F6648:4|F2126:5|F2131:5|F2132:5|F2137:5|F4796:5|F6549:5|F6574:5|F6600:5|F2117:6|F2188:6,structured
575358,CHN2017-01-0100715,F6629:3|F6647:3|F6649:3|F6690:3|F2126:4|F2131:4|F2132:4|F2137:4,structured
575368,CHN2017-01-0100713,F2217:2|F2356:2|F2084:4|F2089:4|F2126:4|F2131:4|F2132:4|F2137:4|F2168:4|F2169:4,structured
575394,CHN2017-01-0661692,F4885:2|F2268:3|F2147:4|F2170:4|F2044:5|F2046:5|F2048:5|F2049:5|F2053:5|F2055:5|F2056:5|F2062:5|F2064:5|F2065:5|F2075:5|F2082:5|F2102:5|F2114:5|F2076:6|F2154:6,structured
575398,CHN2017-01-0100711,F2313:3|F4788:3|F6657:3|F2044:4|F2048:4|F2053:4|F2055:4|F2062:4|F2064:4|F2065:4|F2114:4|F2126:5|F2131:5|F2132:5|F2137:5,structured
575399,CHN2017-01-1363693,F5374:2|F5375:2|F2057:4|F2145:4|F2042:5|F2044:5|F2047:5|F2052:5|F2053:5|F2059:5|F2064:5|F2065:5|F2067:5|F2070:5|F2071:5|F2081:5,structured
575411,CHN2017-01-1363602,F4843:2|F4886:2|F6741:2|F6745:2,structured
575415,CHN2017-01-1363666,F2239:2|F6679:2|F6615:3|F6645:3|F6648:3|F6492:4|F6497:4,structured
575417,CHN2017-01-0100663,F6633:2|F6706:2|F6678:3|F6696:3|F6496:4|F6566:4|F6574:4|F6600:4,structured
57542,CHN09-12-001784,,empty
575454,CHN17-15-0328819,,fallback
575517,,F1382,fallback
575531,,,fallback
575546,CHN17-15-0328870,F5010:1|F6454:1,structured
575554,,F1382,fallback
575687,CHN18-2011-009884,,fallback
575689,,,fallback
575690,,,fallback
575691,,F2404,fallback
575692,,F2404,fallback
575699,,,fallback
575702,,,fallback
575706,,,fallback
575709,,,fallback
575722,,F1730|F3014|F742,fallback
575731,,F1532|F1534|F1672,fallback
575751,,,fallback
576060,,,fallback
576061,,,fallback
576062,,,fallback
576063,,,fallback
576064,,,fallback
576172,CHN2016-12-0050727,,fallback
576213,,,fallback
576214,,,fallback
576290,B14-6022876,F1162:2|F2706:3|F2879:3,structured
576291,CHN12-03-111759,F485:2|F2802:2|F2887:2|F3206:2,structured
576292,CHN12-03-111564,F314:2|F2802:2|F2887:2,structured
576293,,,empty
576335,CHN2014-18-033159,,empty
576490,,,fallback
576491,,,fallback
576492,,,fallback
576493,,,fallback
576495,B2014-6072370,F319:3|F612:3|F857:3|F1039:3|F3065:3|F3170:3|F3346:3,structured
576512,,,fallback
576513,,,fallback
576519,,F2978,fallback
576545,CH2016-12-0050237,,fallback
576546,CHN2016-12-0362684,,fallback
576550,CHN2016-12-0362664,,fallback
576557,CHN2016-12-0362686,,empty
576562,CHN2017-12-0341303,,fallback
576564,CHN2016-12-0048852,,empty
576569,CHN2015-12-0131510,,empty
576570,CHN2015-12-0131580,,empty
576571,CHN2016-12-0048920,,empty
576598,CHN2016-12-0048927,,empty
576599,CHN2016-12-0048928,,empty
576601,CHN2016-12-0049000,,empty
576603,CHN2017-01-0770122,,empty
576605,CHN2017-12-0423895,,empty
576617,CHN2017-01-0770170,,empty
576636,B10-2045050,F1058|F193,fallback
576639,,,fallback
576646,CHN2016-12-0048841,,empty
576647,CHN2016-12-0048915,,empty
576649,CHN2017-12-0423883,,fallback
576650,CHN2016-12-0048823,,empty
576651,CHN2016-12-0048834,,empty
576652,CHN2016-12-0048840,,empty
576653,,,fallback
576654,CHN2016-12-0048888,,fallback
576655,CHN2016-12-0050225,,fallback
576703,,,fallback
576717,,,fallback
576723,,,fallback
576726,,,fallback
576727,,F1382,fallback
576729,B17-6260707,F1382,fallback
576730,,,fallback
576731,,,fallback
576734,,F1529,fallback
576736,,F1383,fallback
576744,,F1529,fallback
576745,,F1529,fallback
576756,,F1021,fallback
576762,B17-6167745,,fallback
576763,,,fallback
576765,,F1529,fallback
576767,,F1383,fallback
576859,,,empty
576860,,,empty
576918,CHN15-19-0414773,,empty
576966,,,empty
576995,BELG2015-6052321,,fallback
576996,BELG2015-6052322,,fallback
576997,BELG2015-6052323,,fallback
576999,BELG2015-6052325,,fallback
577000,BELG2015-6052326,,fallback
577001,BELG2015-6052327,,fallback
577002,BELG2015-6052328,,fallback
577003,BELG2015-6052329,,fallback
577004,BELG2015-6052330,,fallback
577005,BELG2015-6052340,,fallback
577008,BELG2015-6052333,F1072|F1646|F1992|F3308,fallback
577009,BELG2015-6052334,F1072|F1646|F1992|F3308,fallback
577010,BELG2015-6052335,,fallback
577011,BELG2015-6052336,,fallback
577012,BELG2015-6052337,,fallback
577013,BELG2015-6052338,,fallback
577014,BELG2015-6052339,,fallback
577016,BELG2015-6052350,,fallback
577017,BELG2015-6052341,,fallback
577019,BELG2015-6052343,,fallback
577020,BELG2015-6052344,,fallback
577023,,,fallback
577024,BELG2015-6052348,,fallback
577025,BELG2015-6052349,,fallback
577072,BEL2008-6314737,F2659:2|F3085:2|F3202:2|F2402:3|F2492:3,structured
577095,,,empty
577103,,,empty
577125,,,fallback
57713,CHN06-03-312832,,fallback
577148,,,fallback
577329,,,fallback
577330,CHN17-15-0349111,F6179:2|F6192:2|F5632:3|F5844:3|F6080:3|F7107:3,structured
577396,BE08-6177537,,fallback
577416,BE12-6032740,F3938:1|F156:3|F3376:3|F3392:3|F3435:3,structured
577417,BE09-6086178,F3407:1|F4143:1,structured
577446,B2017-2003159,F1099:2|F1414:2|F1598:2|F1857:2,structured
577449,B17-6024361,,fallback
577450,B17-6024363,,fallback
577451,B17-6024364,,fallback
577452,B17-6024226,F972:2|F1676:2,structured
577453,B17-6024311,F1676|F456,fallback
577454,B17-6024315,F456:2|F3162:2,structured
577455,B16-6076470,,fallback
577457,BE11-6327880,F1637:1|F328:3|F860:3|F1060:3|F1146:3,structured
577460,CHN15-03-0670162,F486:2|F487:2|F674:2|F3206:2,structured
577561,B17-2076285,F1913|F2326|F2410|F2483|F2666|F3116|F3212|F474|F510|F711|F874|F878,fallback
577568,B17-2076297,F1913|F224|F2684|F3116|F3128|F3262|F3269|F379|F474|F509|F510|F54|F573|F711|F755|F764|F878|F921,fallback
577572,B17-2076383,F1913|F2410|F2413|F2447|F2467|F2946|F3116|F474|F509|F510|F711|F773|F878,fallback
577574,B17-2076387,F1209|F1913|F2410|F2483|F2604|F2666|F3116,fallback
577575,B17-2076388,F1209|F1913|F2410|F2483|F2604|F2666|F3116,fallback
577578,B17-2076411,F1209|F1913|F2410|F2483|F2604|F2666|F3116,fallback
577594,BE11-6327881,F1637:1|F1699:1,structured
577633,BE15-3025296,F875:1|F175:2,structured
577709,,,fallback
577729,B11-2074116,F3219:2|F3220:2|F694:3|F3103:3,structured
577740,,F1065|F1431|F3116|F520,fallback
57781,,,fallback
577810,,,fallback
577811,,,fallback
577970,,,empty
577976,,,fallback
577977,,,fallback
577978,,,empty
578028,B2007-5067342,F4156:1,structured
578094,,,fallback
578117,B15-6091511,F612:2|F1039:2|F2947:2|F3287:2,structured
578118,B15-6091722,F1177:2|F962:3|F2553:3|F2725:4,structured
578119,B13-3159470,F3116:2|F2680:3|F2812:3|F3234:3,structured
578151,CHN2017-04-1112047,,empty
578169,,,empty
578170,BELG2015-6052360,,fallback
578171,BELG2015-6052351,,fallback
578172,BELG2015-6052352,,fallback
578173,BELG2015-6052353,,fallback
578174,BELG2015-6052354,,fallback
578175,BELG2015-6052355,,fallback
578176,BELG2015-6052356,,fallback
578178,BELG2015-6052358,,fallback
578199,BELG2015-6052373,,fallback
578200,BELG2015-6052362,,fallback
578201,BELG2015-6052363,,fallback
578202,BELG2015-6052365,,fallback
578203,BELG2015-6052366,,fallback
578205,BELG2016-6052369,,fallback
578206,BELG2015-6052370,,fallback
578207,BELG2015-6052371,,fallback
578208,BELG2015-6052372,,fallback
578219,BELG2015-6052384,,fallback
578220,BELG2015-6052375,,fallback
578221,BELG2015-6052376,,fallback
578222,BELG2015-6052377,,fallback
578223,BELD2015-6052378,,fallback
578224,BELG2015-6052379,,fallback
578225,BELG2015-6052380,,fallback
578226,BELG2015-6052381,,fallback
578227,BELG2015-6052382,,fallback
578228,BELG2015-6052383,,fallback
578231,BELG2015-6052394,,fallback
578232,BELG2015-6052385,,fallback
578233,BELG2015-6052386,,fallback
578234,BELG2015-6052387,,fallback
578235,BELG2015-6052388,,fallback
578236,BELG2015-6052389,,fallback
578238,BELG2015-6052391,,fallback
578240,BELG2015-6052393,,fallback
578243,BELG2015-6052399,,fallback
578244,BELG2015-6052395,,fallback
578245,BELG2015-6052396,,fallback
578246,BELG2015-6052397,,fallback
578389,,,fallback
578391,BELG16-3138844,F1074|F906,fallback
578445,DV01063-11-94,,fallback
578447,NL13-1213293,,fallback
578448,DV01063-11-96,,fallback
578449,CHN12-01-442156,,fallback
578450,,,empty
578452,CHN11-01-691477,F5041,fallback
578456,CHN08-01-355172,,fallback
578538,CHN2017-15-0349222,F1841:1|F4977:1,structured
578539,BELG13-6062011,,fallback
57855,B98-6399073,F2444|F2506,fallback
578553,CHN2015-15-0661346,F4978:1|F6454:1,structured
578691,,,fallback
578714,,,fallback
578721,B17-6256028,F1169|F1521,fallback
578741,B17-6256030,F1338,fallback
578750,B17-6256067,F1338,fallback
578752,B17-6256070,F1338,fallback
578783,B09-6110626,,fallback
578817,B17-6256097,F1338,fallback
578821,B17-6022219,F1892,fallback
578823,B17-6022340,F1338,fallback
578830,,,fallback
578840,B16-3138842,F510:2|F878:2|F2746:3|F3116:3,structured
57886,CHN09-10-517003,F6759:1|F5543:2,structured
578896,,F2588|F403|F405,fallback
578905,,F1657|F1891|F2438|F3325,fallback
578938,NL14-1219679,F1718,fallback
578952,BE12-5034338,F1741:1|F3078:2|F3150:2,structured
578956,BE12-5034371,F6094:1|F4061:2|F4098:2,structured
578958,BE12-5034372,F6094:1|F3078:2|F3150:2,structured
578960,BE12-5034419,F3929:1|F3078:2|F3150:2,structured
578963,NL12-1999863,F6287:1|F6288:1,structured
578965,,,fallback
578966,NL12-1999862,F6287:1|F6288:1,structured
578968,NL12-1999859,F6061:1|F6321:1,structured
578974,NL12-1999851,F5568:2|F6857:2|F7191:2|F6811:3,structured
578987,NL12-1254151,F5489:1|F5568:3|F6811:3|F7191:3,structured
579072,,,fallback
579074,,F2038,fallback
579108,NL09-3932449,F6295:1|F5574:2|F7037:2,structured
579140,BE11-3170595,F1303:1|F3116:2|F2680:3|F2812:3,structured
579186,,,empty
579204,B17-2076295,F1209|F1913|F2483|F2666|F2738|F3116,fallback
579208,,,fallback
579226,NL13-1705761,F5788:1|F6284:1,structured
579230,NL12-1793100,F3480:1|F6274:1,structured
579394,B16-6277777,,fallback
579397,B16-6277778,,fallback
579458,DV2012-718-0824,,fallback
579665,B11-6133658,F4064:2|F4079:2|F4081:2|F4138:2,structured
579765,,,fallback
580011,,,fallback
580044,CHN2015-17-0107308,,empty
580046,CHN2015-17-0107305,,empty
580055,NL2008-1586862,,fallback
580114,CHN2016-17-0129468,,empty
58018,NL09-1674403,F7139:1,structured
580316,CHN2016-06-0518395,,empty
580319,CHN2015-06-0369860,,empty
580501,,,empty
580601,CHN15-01-1296444,,empty
580603,CHN14-01-1114008,F5041,fallback
580625,,,empty
58095,BELG2008-2135196,F2577|F3269|F573,fallback
581059,CHN15-01-1309340,,fallback
581069,B17-6022383,F1338,fallback
581080,,F1169|F407,fallback
581081,,F1009|F19|F317,fallback
581083,CHN2017-17-0289580,F1009|F19|F3033|F317|F404|F666,fallback
581149,CHN2017-12-0492698,,fallback
581151,CHN2016-12-0048899,,empty
581155,CHN2017-12-0490463,,fallback
581207,,,fallback
581211,B17-6146521,F1657,fallback
581215,B17-6146527,F1772,fallback
581216,B17-6146540,F1772,fallback
581222,CHN15-01-1296433,F4697:1,structured
581227,CHN15-01-1296450,,fallback
581431,B17-6146550,F1338,fallback
581433,B17-6257543,F1338,fallback
581442,,F1338,fallback
581472,,F2588|F403|F405,fallback
581473,B17-6257566,F2588|F403|F405,fallback
581493,B10-6252635,F112:2|F113:2|F453:2|F3165:2,structured
581699,,F2508|F2712,fallback
581859,B2014-6118167,,fallback
581878,NL14-1210040,F209:2|F5966:2,structured
581879,B10-6165025,F1148:2|F2461:2|F3008:2|F3056:3|F3308:3,structured
581883,B12-6317786,F260:2|F513:2|F3308:2,structured
581884,B14-6304995,F3308:2|F1148:3|F117:4|F118:4|F2876:4|F3056:4|F5420:4,structured
581890,B11-3070188,F914:2|F3116:2|F2680:3|F2812:3,structured
581891,NL12-1623778,F625:2|F1274:2|F5860:2|F342:3|F2470:3,structured
581893,NL13-1243753,F5473:2|F6085:2|F6210:2|F6266:2,structured
581899,NL14-1063667,F1704:2|F6398:2|F6431:2|F5641:3|F6810:3,structured
581901,NL14-1063731,F1252:2|F1425:2|F6135:2|F6214:2,structured
581903,NL15-1710547,F1579:2|F1585:2|F6211:2|F6214:2,structured
581906,NL15-1710585,F1270:2|F1426:2|F5694:2|F342:3|F2470:3,structured
581908,B12-6321150,F456:2|F668:2|F1208:2,structured
581910,NL14-1462244,,fallback
581912,NL16-1072446,,fallback
581914,B06-6405133,F2866:2|F2868:2|F3045:2|F3159:2,structured
581915,B07-6371033,F2886:2|F2937:2|F2964:2,structured
581916,B09-6356757,F3297:2,structured
581917,B09-6358667,F2866:3|F3159:3,structured
581918,B11-6334541,F955:2|F1481:2,structured
581920,B11-6341685,F1391:2|F1552:2,structured
581921,B13-6306722,F308:2|F1388:2,structured
581922,B14-6217076,F1152|F1897,fallback
581924,,,fallback
581952,,,fallback
581958,CHN13-01-1014798,F5081:1,structured
581989,B14-6171827,F1484:2|F1672:2|F453:3|F3165:3,structured
582034,,,fallback
582044,CHN12-01-422336,,fallback
58205,NL05-5531810,F2881:2|F5428:2|F5436:2|F6929:2,structured
582123,,,empty
582125,NL13-5305244,,fallback
582131,NL17-1561765,,fallback
582133,NL15-1143572,,fallback
582135,NL17-1561819,,fallback
582138,CHN15-01-1296440,F5041,fallback
582228,,,empty
582423,,,fallback
582621,CHN11-01-691568,F5041,fallback
582646,,,empty
582648,,,fallback
582666,,,empty
582684,CHN2015-01-0822632,F4959:1|F4960:1,structured
582789,B11-6342264,F1016|F2982,fallback
582797,,,empty
582880,BELG2015-4265771,,fallback
582883,BELG2015-4265776,,fallback
582885,BELG2015-4265777,,fallback
582892,BELG2015-4265780,,fallback
582893,,,fallback
582895,BELG2015-4265781,,fallback
582900,BELG2015-4265787,,fallback
582903,BELG2015-4265788,,fallback
582942,BELG2015-4265795,,fallback
582944,BELG2015-4265796,,fallback
582950,BELG2015-4265804,,fallback
582954,BELG2015-4265805,,fallback
582960,BELG2015-4265806,,fallback
582963,BELG2015-4265809,,fallback
582964,BELG2015-4265810,,fallback
582968,BELG2015-4265811,,fallback
582969,BELG2015-4265812,,fallback
582972,BELG2015-4265820,,fallback
582979,BELG2015-4265822,,fallback
582980,BELG2015-4265825,,fallback
582981,BELG2015-4265826,,fallback
582987,BELG2015-4265828,,fallback
582990,BELG2015-4265830,,fallback
583367,,,fallback
583368,,,fallback
583369,,,fallback
583435,CHN12-22-306570,,fallback
583436,NL16-1475118,F6216:1|F6486:1,structured
583438,CHN09-22-872569,,fallback
583441,NL09-1342528,F6154:1|F5601:2|F7269:2,structured
583515,,,fallback
583516,,F3308,fallback
583517,,F1159|F1161,fallback
583540,,,empty
583630,,,fallback
583634,,,fallback
583651,,,fallback
583653,,,empty
583654,CZ0234-16-1331,F5040:1,structured
583655,,,empty
583659,,,empty
583664,CHN2016-03-0756098,,fallback
583665,CHN2014-03-130736,,fallback
583666,CHN14-03-130822,,fallback
583667,CHN2016-03-0361869,,fallback
583668,CHN2016-03-0376868,,fallback
583673,CHN2016-03-0756028,,fallback
583675,CHN2016-03-0756099,,fallback
583677,CHN2013-03-889391,,fallback
583678,CHN2015-03-1150112,,fallback
583679,,,empty
583705,,,fallback
583708,,,fallback
583709,,,empty
583710,,,fallback
583713,,,fallback
583726,,,empty
583745,,,empty
583750,B15-4168930,,fallback
583768,CZ0234-14-1185,F5256:1,structured
583840,,,fallback
583891,,,empty
583907,,,fallback
583908,,F1243|F878,fallback
583929,CHN2015-01-0822659,,empty
583930,CHN2015-01-0822797,,empty
583936,,,fallback
583937,,F3116|F48,fallback
583948,,,fallback
584010,,,fallback
584017,,,empty
584160,,F2410,fallback
584166,,,empty
584172,,,empty
584189,,,empty
584199,,,empty
584233,,,fallback
584428,,,empty
584526,B2010-6031931,,fallback
584527,CHN12-01-442267,F5041,fallback
584529,B11-6331037,F1317:1|F285:2|F433:2,structured
584531,B2010-6297673,F1063:1|F1362:1,structured
584535,CHN12-01-442266,F5041,fallback
584554,CZ0234-13-1403,F499:1|F1073:1,structured
584560,B2016-4108378,F1607:1|F1460:2|F1608:2,structured
584561,B2016-4108320,F915:1|F1607:1,structured
584563,CHN2016-03-0861542,,fallback
584564,CHN2017-01-1118138,,empty
584565,CHN2017-01-0665179,,empty
584566,CHN2017-01-1118154,,empty
584580,CHN2016-01-0918856,F1865:1|F4842:1,structured
584581,CHN2016-01-0918803,F1865:1|F4842:1,structured
584582,CHN2016-01-0918822,F1865:1|F4842:1,structured
584583,CHN2017-01-1118211,F1865:1|F1866:1,structured
584584,CHN2017-01-1118212,F1865:1|F1866:1,structured
584585,CHN2017-01-0642907,F4927:1|F1865:2|F1866:2,structured
584586,CHN2017-01-1221550,F4927:1|F1865:2|F1866:2,structured
584679,BELG2006-6334294,,fallback
584681,B15-3147967,F1609|F1913,fallback
584691,B14-6303281,,fallback
584696,B09-6326213,,fallback
584697,,F3116,fallback
584728,,,fallback
584747,,,fallback
584748,,,fallback
584794,CHN2016-01-0918831,F4927:1|F1865:2|F1866:2,structured
584795,CHN2017-03-0023773,,fallback
584797,CHN2015-01-0694815,F2361:1,structured
584799,CHN2017-01-0972976,F2361:1|F4987:1,structured
584821,CHN12-01-442302,,fallback
584845,,,empty
584850,,,empty
584851,,,empty
584853,,,empty
584856,,,empty
584862,,,fallback
584952,CHN18-2012-020444,F5409,fallback
584986,BE07-3182016,F3575:1|F3362:2|F4125:2,structured
584996,BE07-6387863,F3412:1|F3487:2,structured
584997,CHN2014-18-039931,,fallback
585009,CHN2017-01-0397416,,empty
585014,CHN2017-01-0397417,,empty
585015,CHN2017-01-0397402,,fallback
585047,CHN2006-02-001020,,empty
585057,B16-6031725,F1169|F407,fallback
585083,,,fallback
585093,,,empty
585102,,,empty
585103,,,empty
585117,,,empty
585118,,,fallback
585121,,,empty
585123,,,empty
585125,,,empty
585149,,,empty
585153,,,empty
585162,,,empty
585228,NL14-1355442,F6460:1,structured
585240,,,empty
585241,,,empty
585243,,,empty
585335,,,fallback
585368,,F342|F593,fallback
585385,,,fallback
585390,DV2016-01769-2388,,fallback
585391,,,fallback
585404,DV2016-01769-2385,,fallback
585405,,,fallback
585412,DV2016-01769-2396,,fallback
585435,,,empty
585438,,,empty
585439,DV2016-01769-2370,,fallback
585453,,,empty
58546,CHN08-22-388815,,fallback
585470,,,fallback
585476,,,empty
585486,,,empty
585525,,,empty
585534,DV2015-01769-1201,,fallback
585536,DV2015-01769-1202,,fallback
585580,DV2015-01769-1214,,fallback
585588,,,fallback
585593,C2010-11-145095,,fallback
585595,,,fallback
585607,,,fallback
585859,,,fallback
585863,,,fallback
585872,,,fallback
585874,,,fallback
585875,,,fallback
585912,,,fallback
585913,,F342,fallback
585937,,,fallback
585950,NL14-1050901,,fallback
585951,,,fallback
585953,,,fallback
585969,,,fallback
585977,,,fallback
585979,,,fallback
585981,,,fallback
585982,,,fallback
585983,,,fallback
585985,,,fallback
586077,CHN2010-11-299475,,empty
586093,,,empty
586097,,,fallback
586115,,,empty
586116,,,empty
586118,,,empty
586164,,,fallback
586167,,,empty
586170,,,fallback
586200,,,fallback
586218,,,fallback
586233,,,fallback
586268,,,empty
586270,CHN2014-02-547556,,fallback
586292,,,empty
586293,,,empty
586312,,,empty
586314,,,empty
586318,,,empty
586319,,F2068|F2091|F2107|F2162|F342,fallback
58650,,F2455,fallback
586516,TFPF2016-169832,F2849,fallback
586522,,,empty
586529,,,empty
586559,,,fallback
586560,,,fallback
586581,,,fallback
586602,,,fallback
586608,,,fallback
586610,,,fallback
586716,NL12-3214965,F5596:2|F5648:2|F5713:2|F7062:2,structured
586721,B10-4251155,F64:2|F212:2|F321:2|F381:2,structured
586745,,F2185,fallback
586748,,,empty
586749,,,empty
586762,,,fallback
58697,B2006-4368550,F2684|F3128|F3269|F573,fallback
58702,B06-3203060,,fallback
58704,,,fallback
587042,BELG2015-2307141,,fallback
587045,BELG15-2307142,,fallback
587046,BELG2014-2216438,,fallback
587047,BELG2014-2216437,,fallback
587065,,,empty
587204,,,fallback
587210,,,empty
587212,NL10-1656091,F5867:1|F5921:1,structured
587213,BE10-2135068,F3741:1|F3800:1,structured
587214,BE12-2002409,F3804:1|F3811:1,structured
587224,BE12-4176424,F3761:1|F3862:1,structured
587308,B12-4215879,,fallback
58737,,F2966,fallback
58738,B09-6301871,F2644:2,structured
587385,BE15-4244769,F3957:1,structured
587406,BE2015-3147718,,fallback
587409,,,fallback
587415,BE17-2145710,,fallback
587416,BE17-2144335,,fallback
587417,BE17-2144338,,fallback
587418,BE17-2144380,,fallback
58742,,,fallback
587436,,,fallback
58744,B09-6301917,F2796:2|F2873:2,structured
587451,BE2012-6023411,F1318:2|F1747:2|F3170:2|F617:3|F635:3,structured
587524,,,empty
587546,,,empty
587557,,,empty
587682,,,empty
587692,,,empty
587696,,,empty
587765,,,fallback
587769,,F342,fallback
58778,,,fallback
58781,,,fallback
587827,,,fallback
587837,,,fallback
588005,,,fallback
588017,,F368,fallback
588020,,,fallback
588023,,,fallback
58804,S09-09879,F278|F3304,fallback
588049,B13-6331614,,fallback
588051,B07-6090572,,empty
588055,,F368,fallback
588067,CHN17-06-0006446,,empty
588069,,,fallback
588077,CHN2017-04-0778366,,fallback
588089,CHN2017-06-0006468,,empty
588095,CHN2014-01-074445,,empty
588110,,F368,fallback
588111,,,fallback
58815,S09-090934,,fallback
588274,,,empty
588357,,,empty
588394,BELG2006-6056068,F2521,fallback
58840,CHN09-220491,,fallback
588407,B12-3088241,F197:2|F3241:2|F4102:2,structured
588423,BELG2004-6275313,F2521|F3087,fallback
588432,NL2010-1711173,,fallback
588435,NL2007-1847696,,fallback
588436,NL2009-1214806,F6217:1,structured
588437,,,fallback
588457,NL09-1214819,,fallback
588460,NL2010-1711278,,fallback
588465,NL2010-1711179,,fallback
588470,NL2008-1569265,F7026:2|F7027:2,structured
588471,NL2008-1569239,F7061:2|F7111:2,structured
588473,B14-4215707,,fallback
588476,NL2010-1711270,,fallback
588496,NL2007-1847646,,fallback
588500,NL2013-1259562,,fallback
588507,NL2010-1711279,,fallback
588510,NL2010-1711269,,fallback
588516,NL2011-1763954,,fallback
588517,NL2009-1214673,,fallback
588518,NL16-1663394,,fallback
588522,NL2010-1711275,,fallback
588523,NL10-1711281,,fallback
588528,NL2011-1764190,F6332:1,structured
588529,NL09-1214854,,fallback
588531,,,empty
588533,,,empty
588534,NL08-1569256,,fallback
588535,NL2010-1711261,,fallback
588543,NL10-1711277,,fallback
588554,NL07-1847693,,fallback
588580,BE2011-6331006,,fallback
588616,,,empty
588619,,,empty
58862,,,fallback
588686,CHN2008-02-351253,,empty
588764,,,fallback
588773,,F635,fallback
588782,,F1900|F635,fallback
588806,,,fallback
588827,,,fallback
588900,,,empty
588902,BE2010-6031232,F1529,fallback
588905,CHN2011-02-074912,,fallback
58892,,F2455,fallback
58896,CHN09-06-062009,,empty
588978,,,empty
588991,,,empty
589094,CHN17-03-1150411,F1009:2|F1349:2|F1509:2,structured
589096,,F1658|F1948,fallback
58913,CHN09-220452,,fallback
589135,,,empty
589138,,F2453,fallback
589139,,F2453,fallback
589140,,F2453,fallback
589142,,F1658|F1948,fallback
589167,CHN2012-02-509661,,fallback
589175,,F1349|F1507,fallback
589219,,,empty
589283,CHN2016-01-0190676,,fallback
589301,,,empty
589316,,,empty
589471,,,empty
589476,,,empty
589479,,,empty
589480,,,empty
589482,,,fallback
589483,,,empty
589523,,,fallback
589530,,,empty
589563,CHN2017-01-0667894,,empty
58959,,,empty
589650,CHN2016-11-0041121,,empty
589697,BE13-3148663,,fallback
589751,,,empty
589827,CHN2018-10-1065144,,empty
589883,,,empty
589912,,,fallback
589940,B12-2035706,F3543:2,structured
589942,,F100|F1213|F1321|F1485|F1553|F1664|F2866|F2937|F3154|F3159|F3196|F627|F788,fallback
589994,B2013-3160031,,fallback
590009,BE13-4265077,,fallback
590017,B2010-2048456,F286|F3068|F3170|F634,fallback
590041,,,fallback
590096,,,empty
590104,CHN2014-11-047188,,empty
590105,CHN2016-11-0089967,,empty
590170,,,fallback
590171,,,empty
590173,,,fallback
590175,,,empty
590176,,,empty
590179,NL13-1524602,F5468:2|F5808:2|F5809:2|F5952:2,structured
590235,NL13-4158618,,fallback
590250,BE16-6275451,,fallback
59028,CHN2004-304988,,fallback
590399,,,fallback
590400,,,fallback
590401,,,empty
590414,,,empty
590443,,,empty
590467,BE16-6172586,,fallback
590475,BEL16-6272432,,fallback
590477,,,fallback
590478,,,empty
590479,CHN2015-01-0003486,,fallback
590480,,,empty
590481,,,empty
590482,,,empty
590483,,,empty
590488,,,empty
590497,,,empty
590510,,,empty
590511,,,empty
590512,,,empty
590513,,,empty
590521,,,fallback
590524,,,empty
590525,,,empty
590536,CHN2015-01-0003479,,fallback
590537,CHN2015-01-0003426,,fallback
590538,CHN2015-01-0003395,,fallback
590540,CHN2014-01-001979,,fallback
590541,CHN2014-01-001917,,fallback
590542,CHN2014-01-001878,,fallback
590543,CHN2014-01-001871,,fallback
590544,CHN20141-01-001859,F2586,fallback
590545,CHN2016-01-0000651,,fallback
590664,DV07274-15-1101,,fallback
590754,B12-4278412,,fallback
590814,,,fallback
590815,BELG2016-3142510,F1581,fallback
590816,NL2016-1663880,,fallback
590819,BELG2009-5185758,,fallback
590823,,,empty
590824,,,empty
590825,CHN2016-13-0029756,,fallback
590826,,,fallback
590827,,,fallback
590828,,,fallback
590829,,,fallback
590830,,,fallback
590831,,,empty
590837,NL10-3058729,F3192,fallback
590872,B2011-6238836,F2364:1,structured
591111,B2015-6093385,F6712:1|F2363:2|F2364:2,structured
591116,B2017-6174523,,fallback
591125,B2016-6066307,F1525,fallback
591159,BELG12-6315117,,fallback
591276,,,empty
591297,B15-2062023,F224|F2684|F3128|F3262|F3269|F379|F54|F573|F755|F764|F921,fallback
591299,B15-2062036,F2684|F2685|F3269|F379|F573|F755,fallback
591300,B15-2062045,F1913|F2684|F2685|F3116|F3269|F379|F573|F755,fallback
591301,B15-2062048,F1056|F2326|F773,fallback
591302,B15-2062049,F1056|F2326|F773,fallback
591318,B15-2062053,F1181|F510|F773|F878,fallback
591322,B15-2062102,F1181|F2410|F2491|F2511|F2553|F2604|F2697|F2725|F2765|F2780|F2946|F2988|F3073|F3212|F773,fallback
591324,B15-2062120,F2410|F2470|F2483|F2486|F2604|F2666|F2697|F2765|F2818|F3000|F371|F515|F699,fallback
591325,B15-2062239,F2410|F2472|F2565|F2666|F2737|F3209|F864,fallback
591326,B15-2062337,F1811|F2410|F2483|F2604|F2666|F2697|F2765|F3209|F326|F864,fallback
591410,,,fallback
591421,,,empty
591434,B2015-6093222,F2349:1|F2363:2|F2365:2,structured
591438,B2015-6093256,F2349:1|F2363:2|F2365:2,structured
591439,B2016-6076863,F2349:1|F2363:2|F2365:2,structured
591440,B2016-6076944,F2378:1|F2363:2|F2364:2,structured
591441,B2015-6285516,F2376:1|F2363:2|F2364:2,structured
591461,B2014-6240103,F2362:1|F2336:2|F2364:2,structured
591466,GB2013-42147,F2178:2|F6557:2|F6575:2|F6622:2,structured
591467,GB2013-42148,F2178:2|F6557:2|F6575:2|F6622:2,structured
591478,NL2012-1077214,,empty
591479,,,fallback
591481,,,fallback
591500,CHN2015-05-0008827,,empty
591603,,,fallback
591606,,F1383|F617|F635,fallback
591608,TFPF09-139995,,fallback
591624,DV06744-09-123,,fallback
591626,DV06744-09-122,,fallback
591627,DV02412-16-7,F5300:1|F5304:1,structured
591628,DV02412-16-8,F5300:1|F5304:1,structured
591631,NL2008-1843096,F6582:1|F6588:1,structured
591632,NL2010-1965927,F6588:1|F6641:1,structured
591634,DV02412-09-412,F5201:1|F6620:1,structured
591635,DV02412-14-1361,F5201:1|F5305:1,structured
591657,NL2009-1440104,F6667:1|F6672:1,structured
591658,NL2010-1926595,F6670:1|F6672:1,structured
591661,NL2007-2073628,F6586:1|F6714:1,structured
591664,NL2010-1926532,F6587:1|F6609:1,structured
591668,NL2012-1840869,F6587:1|F6671:1,structured
591678,B15-2300916,,fallback
591681,NL2016-1716541,F6709:1|F6733:1,structured
591682,NL2011-1970236,F6668:1|F6671:1,structured
591698,,,fallback
591699,,,fallback
591701,,,fallback
591702,,,fallback
591704,,,fallback
591705,,,fallback
591706,,,fallback
591707,,,fallback
591710,,,fallback
591711,,,fallback
591713,,,fallback
591714,,,fallback
591715,,,fallback
591716,,,fallback
591725,,,fallback
591728,,,fallback
591729,,,fallback
591731,,,fallback
591732,,,fallback
591733,,,fallback
591734,,,fallback
591755,,,fallback
591756,CHN2016-13-0029314,,fallback
591758,CHN2017-13-0160057,,empty
591761,CHN2016-13-0029365,,fallback
591764,CHN2017-13-0166504,,empty
591765,CHN2017-13-0160059,,empty
591766,CHN2017-13-0160030,,fallback
591767,,,fallback
591768,,,fallback
591769,,,fallback
591770,,,fallback
591776,,,fallback
591778,,,fallback
591779,,,fallback
591783,,,fallback
591786,,,fallback
591820,,,fallback
591837,DV06744-10-690,F5201:1|F5303:1,structured
591846,CHN2016-13-0029794,,empty
591850,B2015-2142628,F2353:1|F2366:1,structured
591852,B2015-2142627,F2353:1|F2366:1,structured
591856,CHN2017-13-0166487,,empty
591885,CHN2016-13-0029840,,empty
591890,CHN2017-13-0160008,,fallback
591905,,,fallback
591931,,,fallback
591934,,,fallback
591935,,,fallback
591938,,,fallback
592007,CHN2015-13-010197,,fallback
592008,,,empty
592093,CHN12-26-039196,F7146:2|F7147:2,structured
592114,,,empty
592172,,,empty
592184,,,empty
592218,,,empty
592231,CHN2016-13-0201236,,fallback
592232,CHN2016-13-0029931,,empty
592254,,,fallback
592304,,F1208,fallback
592306,,F1208,fallback
592307,,F1208,fallback
592308,,F1208,fallback
592309,,F1208,fallback
592310,,F1208,fallback
592328,B06-6148271,F790,fallback
592370,BEL13-6072300,,fallback
592398,,,empty
592399,,,empty
592426,,,empty
592480,CHN2017-00-2005722,,fallback
592523,B16-2138012,F1209|F2410|F2483|F2604|F2666|F2697|F2765,fallback
592525,B16-2138052,F1209|F1913|F2736|F2762|F3116|F773|F797|F863,fallback
592526,B16-2138058,F1811|F2410|F2737|F3209|F509|F864,fallback
592527,B16-2138059,F2073|F2410|F2737|F773,fallback
592528,B16-2138068,F1913|F2326|F2410|F2483|F2604|F2666|F2697|F2765|F3116|F474|F510|F711|F874|F878,fallback
592529,B16-2138078,F515|F699,fallback
592530,B16-2138087,F2326|F2410|F2483|F2666|F2737|F2946,fallback
592531,B16-2138095,,fallback
592533,B16-2138102,F2326|F2410|F2565|F2604|F2684|F2685|F3269|F379|F573|F755,fallback
592534,B16-2138106,F1209|F2410|F2483|F2604|F2666|F2697|F2765,fallback
592535,B16-2138112,F1965|F2410|F2604|F2737|F3212|F773,fallback
592536,B16-2138114,F2410|F2470|F2472|F2486|F2604|F2666|F2697|F2737|F2765|F2818|F3000|F3209|F371|F864,fallback
592537,B16-2138119,F1209|F2410|F2604|F2697|F2765|F2946|F773,fallback
592538,B16-2138133,F1209|F2326|F2410|F2472|F2604|F2697|F2737|F2765|F3269,fallback
592539,B16-2138141,F1209|F1913|F2736|F2762|F3116|F773|F797|F863,fallback
592540,B16-2138355,F1209|F2410|F2604|F2697|F2765|F3212,fallback
592541,B16-2138379,F1965|F2410|F2604|F2737|F3212|F773,fallback
592542,B16-2138397,F2410|F2470|F2472|F2486|F2604|F2666|F2697|F2737|F2765|F2818|F3000|F3209|F371|F864,fallback
592543,B16-2138398,F2326|F2410|F2470|F2486|F2604|F2697|F2765|F2818|F3000|F371|F874,fallback
592544,B16-2138609,F1209|F1913|F2073|F2410|F2483|F2666|F3116|F865,fallback
592556,B15-2062012,F2410|F2604|F2684|F2685|F2697|F2765|F2988|F3212|F3269|F379|F573|F755,fallback
592557,B15-2062041,F2073|F2410|F2483|F2666|F2738|F865,fallback
592559,B15-2062060,F1913|F2073|F2410|F2483|F2666|F3116|F3179|F865,fallback
592561,B15-2062213,F2410|F2604|F2684|F2685|F2697|F2765|F2988|F3212|F3269|F379|F573|F755,fallback
592562,B15-2062301,F1209|F1913|F2529|F2530|F2577|F2685|F2736|F2762|F3116|F3269|F379|F573|F755|F863,fallback
592563,B15-2062316,F2738,fallback
592564,B15-2062317,F2553|F2725|F2780|F2946|F515|F699,fallback
592565,B15-2062321,F2391|F2410|F2565|F2590|F2604|F2697|F2765|F3317,fallback
592566,B16-2138009,F1056|F168,fallback
592568,B16-2138016,F1913|F2738|F2818|F2878|F3000|F3116|F371,fallback
592569,B16-2138025,F1209|F2410|F2413|F2447|F2467|F2604|F2697|F2765|F2946|F773,fallback
592570,B16-2138030,F15,fallback
592571,B16-2138069,F1913|F2326|F2410|F2483|F2604|F2666|F2697|F2765|F3116|F474|F510|F711|F874|F878,fallback
592573,B16-2138134,F1913|F2326|F2410|F2483|F2604|F2666|F3116|F474|F510|F711|F874|F878,fallback
592574,B16-2138138,F1209|F1913|F2410|F2483|F2604|F2666|F2736|F2762|F3116|F863,fallback
592575,B16-2138139,F1209|F1913|F2410|F2483|F2604|F2666|F2736|F2762|F3116|F863,fallback
592576,B16-2138353,F1209|F2326|F2410|F2472|F2604|F2697|F2737|F2765|F3269,fallback
592577,B16-2138389,F1209|F1811|F2410|F2483|F2604|F2666|F2697|F2765,fallback
592578,B16-2138429,F1209|F1913|F2410|F2604|F2697|F2736|F2762|F2765|F3116|F863,fallback
592584,B17-2076412,F1209|F1913|F2410|F2483|F2604|F2666|F3116,fallback
592601,CHN2017-13-0160080,,fallback
592602,CHN2017-13-0160039,,fallback
592603,,,fallback
592640,,,fallback
592676,,,empty
592708,BELG2011-2083476,F4238:2|F4239:2|F4269:2|F4486:3,structured
592730,,F994,fallback
592814,B13-6284819,F145:2|F286:2|F432:2|F3068:2,structured
592972,CHN2016-22-0770837,F4899:1|F4786:2,structured
592973,CHN2016-22-0770831,F4899:1|F4786:2,structured
592975,CHN2012-22-673663,F4786:1,structured
592976,CHN2016-22-0770838,F4899:1|F4786:2,structured
592977,CHN2015-32-1398264,F4899:1|F4786:2|F4822:2,structured
593018,NL2017-1310297,,fallback
593093,NL2013-1239748,,fallback
593136,NL13-3803046,,fallback
593142,,,fallback
593150,CHN2015-22-481566,F4837:1|F4786:2|F4822:2,structured
593170,,,fallback
593175,,,fallback
593214,,,fallback
593220,,,fallback
593286,,,fallback
593291,,,empty
593294,,,fallback
593365,,,fallback
593366,,,fallback
593367,,,fallback
593368,,,fallback
593369,,,empty
593370,,,fallback
593372,,,fallback
593373,,,fallback
593374,,,fallback
593375,,,fallback
593376,,,fallback
593377,,,fallback
593378,,,empty
593381,,,empty
593382,,F3170,fallback
593384,,,fallback
593386,,,fallback
593389,,,fallback
593390,,,fallback
593392,,,fallback
593393,,,empty
593397,,,fallback
593398,,,fallback
593399,,,fallback
593404,,,fallback
593406,,,fallback
593407,,,fallback
593408,,,fallback
593410,,,empty
593412,,,fallback
593415,,,fallback
593416,,,fallback
593417,,,empty
593584,,,fallback
593592,BELG2015-3150464,F1581,fallback
593593,BELG2017-3008367,,fallback
593599,NL16-1358144,,fallback
593602,,,fallback
593605,,,fallback
593684,B13-6084990,F432,fallback
593686,,,empty
593713,BEL11-6322471,,fallback
593715,B12-5002141,F1131|F1470,fallback
593717,BEL13-6072300,,fallback
593726,,,empty
593729,,,empty
593734,DLD02098-16-180,,empty
593740,BE13-6320003,,fallback
593748,,,empty
593759,CHN16-13-0029889,,fallback
593812,JN2015-3136764,F4812:2|F4796:3|F2117:4|F2188:4|F2044:5|F2053:5|F2064:5|F2065:5,structured
593835,CHN2017-01-0661685,F2092:3|F4742:3|F2057:4|F2117:4|F2145:4|F2188:4|F2044:5|F2052:5|F2053:5|F2059:5|F2061:5|F2064:5|F2065:5|F2070:5|F2071:5|F2105:5|F2106:5|F2133:5,structured
593844,,,fallback
593865,NL2017-1580714,,fallback
593866,NL2017-1580633,,fallback
593867,NL2017-1580716,,fallback
593868,NL2017-1580865,,fallback
593869,NL2017-1581157,,fallback
593871,NL2017-1580535,,fallback
593874,NL2017-1580497,F6472:1|F6482:1,structured
593901,,,fallback
59403,NL2005-1936978,,fallback
594051,NL2015-1725408,,fallback
59410,NL2002-4758416,,fallback
59413,NL2002-2373089,,empty
594284,NL2015-1725407,,fallback
59432,CHN2006-10-058239,F6759:1|F5543:2,structured
594474,,,empty
59448,,,fallback
594506,,,fallback
594544,,,fallback
594547,,,fallback
594548,,,fallback
594549,,,fallback
594593,,,fallback
594691,,,fallback
594696,,,fallback
594701,,,empty
594702,,,fallback
594729,NL16-1255731,,fallback
594731,NL17-1820832,,fallback
594732,,F155|F241|F301|F799,fallback
594763,,,fallback
594769,,F2444,fallback
594807,,,fallback
594816,,,fallback
594817,,F2410,fallback
594828,CHN2017-06-0529325,,fallback
594829,CHN2017-07-0005273,,fallback
594834,DV01769-17-484,F1953:2|F1999:2|F2026:2|F5123:3|F5135:4|F5348:4,structured
594836,,F2455|F2635,fallback
594837,,,fallback
594838,,F2455,fallback
594839,,F2455|F2537,fallback
594840,,F2455|F2537,fallback
594841,,F2455,fallback
594883,,,empty
594919,,,empty
595027,CHN17-19-0571028,,empty
595079,B2010-2044462,,fallback
595105,CHN15-19-0322458,,empty
595109,CHN17-19-0439381,,empty
595148,,,fallback
595149,,,empty
595150,,,fallback
595180,,,fallback
595181,,,fallback
595202,,,empty
595300,CHN17-19-0565668,,empty
595327,,F3262,fallback
595341,BELG2010-1003346,,fallback
595369,CHN2016-01-1623997,,empty
595410,B2011-2080776,,fallback
595413,B2011-2206051,F2235:1,structured
595420,B2011-2085434,,fallback
595504,,,empty
595576,CHN2015-01-0822691,,empty
595611,,,fallback
595624,,,fallback
595654,,,empty
595655,,,fallback
595659,,,empty
595711,,,empty
595810,,,empty
595820,,F1137,fallback
595824,,F1383|F617|F635,fallback
595825,,F1383|F617|F635,fallback
595826,BELG2015-3150671,F1581,fallback
595827,,F1529,fallback
595828,,F1383|F617|F635,fallback
595829,,F1383|F617|F635,fallback
595918,,F1382,fallback
595920,,F1382,fallback
595927,,,fallback
595930,B17-6260748,F1383,fallback
59597,CC08-278851,,fallback
596084,,F1529,fallback
596085,,F1529,fallback
596086,,F1529,fallback
596087,B17-6260770,F1382|F617|F635,fallback
596209,,,fallback
596215,NL13-1961742,F2577|F3170,fallback
596223,,,empty
596226,B2013-2188253,,fallback
596247,B2013-2052207,,fallback
596255,,F1581,fallback
596266,,,empty
596324,,,fallback
596440,BELG2009-3095129,F3116|F877,fallback
596484,,F1159|F630|F999,fallback
596486,B2007-6388944,F2461|F3008,fallback
596630,CHN2012-15-132331,,empty
596638,CHN2012-15-134532,,empty
596651,CHN2016-15-0060035,,empty
596777,,,empty
596781,,,fallback
596791,,F3065|F3170|F617|F635,fallback
596792,TFPF2016-169788,F2410,fallback
596793,CHN2011-02-162972,,empty
596794,,,fallback
596809,,F2925,fallback
596815,B08-6336900,F2477|F2596|F2607|F2645|F2647|F2710|F2711|F2858|F3169|F3199,fallback
596822,BE13-2022077,F3801:1|F3372:2|F3419:2,structured
596823,,,fallback
596843,,F1358|F1359|F1781,fallback
596844,NL14-1258354,F6234:2|F6277:2|F7071:2|F335:3|F3117:3,structured
596968,CHN2017-00-5001106,,fallback
596975,CHN15-12-0212826,,fallback
596978,CHN2015-12-0211015,,fallback
597055,BELG2001-6255382,,fallback
597091,BELG16-3084066,F175:2|F180:2|F3116:2,structured
597092,B17-6084623,F1358:2|F1359:2|F959:3|F960:3|F1360:3,structured
597230,,,fallback
597267,NL2011-5014444,,fallback
597284,,F224|F2577|F3262|F3269|F54|F573,fallback
597289,BELG2010-6052066,F1658,fallback
59747,,F2480|F2554,fallback
597472,NL06-2144034,,fallback
59756,DV08857-07-26,,fallback
597616,,,fallback
59764,DV08857-07-407,,fallback
597671,,,empty
597672,,,empty
597674,,,empty
597676,CHN2013-12-088888,,fallback
597679,CHN17-32-0148158,,empty
597681,CHN17-32-0148227,,empty
597843,,F1781|F1783|F1800,fallback
597846,,,empty
597869,,,fallback
597887,NL2017-1296480,,fallback
597888,NL2015-1725415,,fallback
597890,NL2015-1668042,,fallback
597891,NL2015-1668290,,fallback
597893,NL2016-1544559,,fallback
597933,,,empty
597986,,,empty
597987,,,empty
597989,,,empty
597991,CHN2006-01-601690,F2971:2|F3116:2|F292:3|F2553:3|F2725:3,structured
597993,CHN2016-01-1228687,F292:3|F3116:3|F1101:4|F2569:4|F2680:4|F2812:4|F2814:4|F3260:5,structured
597994,CHN2014-01-1053061,F719:2|F3367:2|F292:3,structured
598061,BELG2015-3118716,F1581,fallback
598096,,,empty
598112,,,fallback
598113,,F290|F3087|F466|F667,fallback
598259,,,empty
598263,,,empty
598264,,,empty
598289,,,empty
598290,,,empty
598357,B14-6086388,,fallback
598371,NL10-1084856,F3040:2|F3181:2|F3225:2|F2782:3,structured
598374,NL15-1208315,F1788:1|F6104:1,structured
598375,NL15-1208208,F1788:1|F6104:1,structured
59843,BELG2003-6485922,,fallback
598541,,F2577|F3269|F573,fallback
598549,B17-6022377,F403:2|F405:2|F2588:2|F2415:3|F2438:3,structured
598554,CHN17-03-1150595,F2017:2|F2028:2|F211:3|F2682:3,structured
598555,DV07367-11-419,F5487:2|F7207:2|F2752:3|F3126:3,structured
598635,BELG17-6084641,F1783:2|F1800:2|F959:3|F960:3|F1358:3|F1360:3,structured
598636,BELG17-6084634,F1195:2|F1997:2|F1998:2,structured
598637,BELG17-6084675,F1488:2|F1799:2|F837:3|F1770:3|F1863:3,structured
598701,CHN2016-15-0387382,,empty
598714,,,empty
59879,B08-6315672,,fallback
598796,NL15-1622111,,fallback
598803,CHN2017-15-0106223,F4947:1|F5001:1,structured
598808,CHN2017-15-0106212,F5000:1|F4803:2|F4820:2,structured
598810,CHN2014-15-407404,F4858:1|F4926:1,structured
598816,CHN2017-15-0106203,F1758:2|F4820:2|F4858:2|F4979:2,structured
598818,CHN2015-15-0084435,F4858:1|F4947:1,structured
598819,CHN2016-15-0387382,,empty
598820,CHN2014-15-407407,F4858:1|F4926:1,structured
598821,CHN2014-14-407463,F4858:1|F4926:1,structured
598829,NL14-1192066,,fallback
598857,B10-6031811,,fallback
598858,,F822,fallback
598859,,,fallback
598881,,,fallback
598969,CHN14-03-368854,F1643:1|F4699:1,structured
599013,,,empty
599049,B13-6062244,F635,fallback
599051,B6331083-11,F1529,fallback
599052,B6119045-11,F3889:1,structured
599054,B6386761-07,F285|F433,fallback
599056,,,fallback
599057,B12-6196556,,fallback
599058,B12-6196564,,fallback
599059,NL10-1125153,F2881,fallback
599060,NL10-1027270,F2881,fallback
599075,,,fallback
599076,,,fallback
599093,CHN2017-01-0698777,,fallback
599096,CHN2016-01-0777123,,empty
599097,CHN13-10-151327,,empty
599111,NL16-1858750,,fallback
599112,NL16-1858793,,fallback
599113,B6072392-14,F635,fallback
599115,B6023221-12,,fallback
599145,,,fallback
599147,NL17-1852080,,fallback
599150,NL17-1840542,,fallback
599154,,,fallback
599155,,,fallback
599159,,,fallback
599160,,,fallback
599162,,,fallback
599164,,,fallback
599165,NL17-1840689,,fallback
599166,NL17-1840716,,fallback
599169,B6049945-11,F4051:2,structured
599175,CHN2015-01-0096664,,empty
599179,,,fallback
599182,NL17-1840788,,fallback
599191,B6308447-13,F2866:3|F3159:3,structured
599192,NL17-1840863,,fallback
599196,CHN2015-01-0048808,,fallback
599199,NLD09-1647128,F7244:2,structured
599200,CHN13-01-563957,F7244:2,structured
599201,CHN13-01-563957,F7244:2,structured
599394,CHN16-01-1170927,,fallback
599395,CHN14-01-905159,F1349|F1507,fallback
599396,CHN2014-01-905165,F1349|F1507,fallback
599397,CHN14-01-331386,F1349|F1507,fallback
599398,CHN14-01-905157,,fallback
599399,CHN17-01-0698887,F1349|F1507,fallback
599401,CHN2012-01-811915,,fallback
599402,CHN2017-01-0711155,F1349|F1507,fallback
599403,CHN2014-01-05463,,fallback
599404,CHN15-01-0501807,,fallback
599405,CHN2014-01-914923,,fallback
599406,CHN14-01-914942,,fallback
599407,CHN13-01-123333,,fallback
599408,CHN12-01-566098,,fallback
599409,CHN13-01-123449,,fallback
599410,CHN2013-01-122283,,fallback
599417,CHN2015-01-0777728,,fallback
599418,CHN17-01-0711118,,fallback
599420,CHN2013-01-122282,,fallback
599423,CHN2014-01-860731,,fallback
599424,CHN2014-01-860750,,fallback
599425,CHN2014-01-915177,,fallback
599432,CHN2015-01-0096740,,empty
599435,CHN2012-01-566042,,empty
599437,CHN2012-01-952549,,fallback
599438,CHN14-01-1165408,F640,fallback
599439,CHN2013-01-122287,,empty
599450,CHN2013-01-1162967,,fallback
599451,CHN2014-01-327880,,empty
599452,CHN16-01-1087133,F1992,fallback
599454,CHN2014-01-327892,,empty
599455,CHN2014-01-328544,,empty
599458,CHN2014-01-820884,,empty
599461,CHN2014-01-1165406,,empty
599465,CHN2017-01-0711115,,fallback
599468,CHN2014-01-1226520,,empty
599473,CHN2016-01-0777111,,empty
599476,CHN2015-01-0503335,,fallback
599478,CHN2015-01-0501110,F20,fallback
599480,CHN2016-01-0777123,,empty
599484,CHN2018-01-0006,F2897|F2925,fallback
599485,CHN2018-01-0018,,empty
599486,CHN2016-01-0777897,,empty
599488,CHN2017-01-0698822,,empty
599489,CHN2017-01-0698838,,empty
599490,CHN2017-01-0711101,,empty
599491,CHN2018-01-0028,F924,fallback
599504,,,fallback
599506,CHN2014-01-557277,,empty
599527,,,fallback
599535,,,fallback
599536,,,fallback
599537,,,fallback
599554,CHN2015-01-0048882,,empty
599556,CHN2013-01-453885,,empty
599557,CHN2015-01-0096661,,empty
599798,CHN2015-01-0048838,,fallback
599799,CHN2015-01-0096688,,empty
599850,B05-6304269,F2699:2|F2794:2|F2795:2|F3190:2,structured
599852,B06-6086604,F2699:2|F2794:2|F2863:2|F3339:2,structured
599853,B06-6416018,F2699:2|F2794:2|F2863:2|F3339:2,structured
599860,B07-6143441,F2699:2|F2794:2|F2795:2|F3190:2,structured
599861,B07-6390961,F137:2|F3077:2|F117:3|F118:3|F2876:3|F5420:3,structured
599863,B05-6445431,F117:2|F118:2|F2876:2|F5420:2,structured
599864,B09-2046317,F698:2|F1116:2|F1228:2|F117:4|F118:4|F2876:4|F5420:4,structured
599866,B08-6314745,F2407:2|F2940:2|F2941:3|F2944:3|F117:4|F118:4|F2876:4|F5420:4,structured
599868,B11-6061221,F1100:2|F1288:2|F2704:2|F2716:2,structured
599869,B15-6045230,F525:2|F738:2|F1147:2|F5044:2,structured
599870,B15-6045252,F256:2|F450:2|F1494:2|F1648:2,structured
599871,B15-6045222,F1471:2|F1670:2|F5573:2|F6035:2,structured
599872,B15-6045221,F1471:2|F1670:2|F5573:2|F6035:2,structured
599873,B15-3150515,F2020:1|F1647:2|F3116:3|F2680:4|F2812:4,structured
599874,B14-3155805,F179:2|F714:2|F1101:3|F2569:3|F2814:3|F3260:4,structured
599875,B15-3150527,F175:2|F180:2|F3116:2,structured
599899,,,fallback
599902,B15-6022225,F1789:2|F6222:2|F453:3|F3165:3,structured
599904,B14-6049843,F1010:2|F1672:2|F1871:2|F112:3|F113:3,structured
599905,B14-6049853,F453:2|F1020:2|F1365:2|F112:3|F113:3,structured
599906,B15-6090980,F453:2|F1312:2|F112:3|F113:3|F6222:3|F3165:4,structured
599907,B15-6022191,F980:2|F1693:2|F112:3|F113:3|F6222:3|F453:4|F3165:4,structured
599908,B15-4268807,F748:2|F750:2|F1468:2|F1836:2,structured
599910,B15-4266440,F762:2|F3260:2,structured
599911,B15-4268817,F565:2|F762:2|F3260:2,structured
599912,B15-4266432,F563:2|F564:2|F565:3|F3260:3,structured
599913,CHN2015-01-0048886,,empty
599914,B15-6099826,F635:2|F782:3|F1142:3|F1751:3|F1858:3|F3370:3|F3550:3,structured
599915,B14-6241146,F962:2|F996:2|F997:2|F3073:3|F2553:4|F2725:4,structured
599916,B15-6099773,F635:2|F782:3|F1142:3|F1751:3|F1858:3|F3370:3|F3550:3,structured
599917,B15-6099775,F782:2|F1142:2|F1751:2|F1858:2,structured
599949,BELG2015-6020316,F3162,fallback
599950,BELG2015-6020445,F3162,fallback
59996,,,fallback
599990,CHN2010-01-913518,F24:2|F3101:2,structured
599992,CHN2011-01-951292,,fallback
599993,CHN2011-01-951295,,fallback
599994,CHN2012-01-207800,F24|F3101,fallback
599995,CHN2012-01-565186,,fallback
599996,CHN2012-01-565197,,fallback
599998,CHN2012-01-566091,,fallback
600000,CHN2013-01-914930,F3121,fallback
600004,CHN2013-01-123423,,fallback
600007,CHN2013-01-123456,,fallback
600008,CHN2013-01-932002,,fallback
600009,CHN2013-01-932049,,fallback
600016,CHN2014-01-1226571,,fallback
600050,NL17-1840884,,fallback
600061,CHN178357-12,,fallback
600064,CHN0055157-15,,fallback
600065,,F342|F590,fallback
600066,,F342|F590,fallback
600069,CHN13-225915,,fallback
600070,CHN14-134334,,fallback
600071,,,fallback
600073,CHN14-01-970388,F829,fallback
600074,CHN14-01-970391,F829,fallback
600083,CHN2016-18-0038868,,fallback
600096,CHN2015-18-0035444,,fallback
600101,CHN2016-03-0860827,,fallback
600113,CHN2012-01-565162,F24|F3101,fallback
600114,CHN12-01-566172,F640|F988,fallback
600115,CHN15-01-0501119,F640,fallback
600116,CHN2012-01-923201,F24|F3101,fallback
600117,CHN12-01-923215,F640,fallback
600118,CHN13-01-089527,F24|F3101|F640,fallback
600119,CHN2013-01-122284,F20,fallback
600120,CHN2013-01-122285,F20,fallback
600122,CHN2013-01-123398,F20,fallback
600123,CHN2013-01-123400,F20,fallback
600124,CHN2013-01-123441,F20,fallback
600125,CHN2013-01-920372,,fallback
600126,CHN2013-01-920380,F988,fallback
600128,CHN17-01-0698836,F1058|F988,fallback
600129,CHN2014-01-822000,F988,fallback
600130,CHN14-01-1165408,F640,fallback
600131,CHN14-01-1165438,F640,fallback
600132,CHN2015-01-0500505,F988,fallback
600133,CHN2015-01-0501110,F20,fallback
600134,CHN17-01-0698837,F1058|F988,fallback
600135,CHN2015-01-0502220,F20,fallback
600136,CHN2015-01-0502225,F20,fallback
600137,CHN15-01-0502228,F640,fallback
600138,CHN2015-01-0503388,F20,fallback
600139,,,empty
600146,,,fallback
600147,,,fallback
600150,,,fallback
600168,,,fallback
600169,,,fallback
600173,CHN2010-02-020338,,fallback
600211,CHN2015-01-1021888,,empty
600279,CHN2014-01-003386,,empty
600280,CHN2014-01-331381,,fallback
600281,CHN2014-01-1226581,,fallback
600283,CHN2014-01-327878,F988,fallback
600284,CHN14-01-328558,F640,fallback
600286,CHN14-01-328599,F640,fallback
600287,CHN2014-01-821996,,fallback
600288,CHN2017-01-0711106,F1058|F988,fallback
600296,CHN2016-03-0861975,,fallback
600301,BE10-3179388,F1065:2|F1431:2,structured
600402,,,fallback
600406,,,fallback
600407,,,fallback
600409,,,fallback
600410,,,fallback
600416,,,fallback
600418,,,fallback
600482,CHN2012-01-131281,F3121,fallback
600518,,F3040|F3041,fallback
600522,BE11-3170537,F3079:2|F3116:2,structured
600527,B11-3170598,F2746:2,structured
600528,BE11-31726734,F159:2|F481:2|F4102:2,structured
600529,NL15-1273996,F3116:2|F5788:2|F198:3,structured
600530,NL15-1273742,F3116:2|F2815:3|F2816:3,structured
600531,BE12-3160779,F1244|F1832|F219,fallback
600532,B12-3160785,F1647|F3116|F3308|F520,fallback
600533,B12-3160786,F1647|F3116|F3308|F520,fallback
600534,NL11-1237557,F2815:2|F2816:2|F3116:2,structured
600535,B14-3067142,F2746:2|F3116:2,structured
600536,NL11-1237503,F2906:2|F5788:2|F198:3|F3116:3,structured
600537,BE15-3147775,F536:2,structured
600538,NL10-1165672,F184:2|F198:2|F2528:2|F3116:2,structured
600539,BE15-3147776,F536:2,structured
600541,B08-2040292,F956,fallback
600542,B10-2045201,F2736:2|F2762:2,structured
600543,B10-2215877,F2410:2|F2604:2|F2697:2|F2765:2,structured
600547,B14-2216233,F865,fallback
600548,B14-2216246,F1405|F865,fallback
600549,B15-2062029,F2472:3|F2410:4|F2604:4,structured
600550,B15-2062224,,fallback
600557,,F1405,fallback
600583,B08-2145546,F2404:2|F2442:2|F2443:2|F5234:2,structured
600587,B14-2216123,F515|F699,fallback
600588,B15-2062046,,fallback
600626,,,fallback
600700,C15-01-0998840,,fallback
600702,C13--01-563215,,fallback
600703,C13-01-563999,,fallback
600705,,,fallback
600706,,,fallback
600707,C13-01-563624,F5537:2,structured
600795,,,empty
600938,,F2407,fallback
600939,,F2407,fallback
600947,BELG2017-3008366,,fallback
600949,NL2015-1036410,,fallback
600952,NL2016-1712727,,fallback
601048,NL17--1528284,F1372:2|F1760:2|F1793:2|F100:3|F2868:4|F3045:4,structured
601052,BELG2017-3008461,,fallback
601054,BELG2014-3067084,,fallback
601064,BELG2017-3132613,F1581,fallback
601211,,F1315|F1749|F3170,fallback
601218,,,fallback
601368,,,fallback
601370,,,fallback
601419,,,fallback
601420,,,fallback
601424,,,fallback
601465,CHN2015-32-1240298,,fallback
601527,,,empty
601654,CHN2016-13-0201235,,empty
601792,,,empty
601801,T13-778803,,empty
60186,,,fallback
602088,CHN2018-02-0106799,,empty
602091,CHN2018-02-0127930,,empty
602110,,,fallback
602389,,,empty
602390,,,empty
60241,BE08-5165414,F2752,fallback
602428,,,empty
602545,CHN2017-10-0356626,,fallback
60259,B04-2220998,F2545,fallback
602625,B17-6148351,F1041:2|F3944:2|F3604:3|F3792:3|F3968:3|F3969:3,structured
602632,B17-6258894,F3589:2|F3790:2|F3898:2|F3967:2,structured
602633,NL17-1269976,F6021:2|F6224:2|F6868:3|F6929:3|F7095:3|F7270:3,structured
602638,B17-6258805,F3604:2|F3792:2|F3968:2|F3969:2,structured
602741,DV0814-12-940,F5184:1|F5185:1,structured
602748,DV03095-16-630,,fallback
602753,NL12-1130288,F2906:2|F3116:2,structured
602824,DV02098-15-155,F5160:2|F5189:2|F6052:2|F5192:3,structured
602829,NL17-1425853,F6344:2|F6469:2|F1572:3|F3116:3|F2683:4|F3366:5,structured
602832,DV0824-12-959,F461:2|F5156:2|F5192:2,structured
602866,CHN2017-27-0980830,,empty
602923,NL14-1329916,F619:2|F970:2|F1797:2|F1849:2,structured
602942,,,empty
602952,CHN2017-27-0980821,,empty
602953,CHN2017-27-0980999,,fallback
602960,NL2015-1777268,,fallback
602963,BELG2014-6154587,,fallback
602974,DV01764-16-213,F2008:2|F112:3|F113:3|F1761:3|F1782:3|F6222:3|F453:4|F3165:4,structured
602977,DV0824-15-463,F6306:2|F6458:2|F209:3|F5966:3,structured
602983,DV02098-13-772,F5971:2|F2946:3|F6798:3|F6863:3|F7034:3,structured
602995,DV02098-15-149,F5189:2|F5195:2|F5162:3|F5188:3|F5196:3,structured
602997,BELG2016-6159226,,fallback
602999,BELG2016-6269418,,fallback
603008,BELG2011-6295832,,fallback
603116,,F1534,fallback
603179,NL16-1677835,F1583:2|F906:3|F1074:3|F3116:3|F2680:4|F2812:4,structured
603180,DV03145-13-645,F5152:2|F5191:2|F5188:3|F5189:3|F5196:3|F5311:3,structured
603184,DV03432-09-109,F5157:2|F5163:2|F6797:2|F6808:2,structured
603188,DV06951-09-0186,F5196:2|F5243:2|F5253:2|F5336:2,structured
603211,C2018-0112949,,fallback
603347,,,fallback
603349,,,fallback
603359,C14-22-1057673,F4513:1,structured
603415,NL17-1685948,F3116:2|F2815:3|F2816:3,structured
603417,TW2014-668861,,fallback
603470,CHN2017-13-0160087,,fallback
603491,CHN2007-02-008290,,empty
603517,,,empty
603523,CHN2016-13-0208676,,fallback
603633,NL15-1363862,F1848:1|F2001:1,structured
603673,,,fallback
603689,CHN13-01-122293,,fallback
603693,,,fallback
603749,CHN2006-02-084111,,fallback
603822,BELG2008-2040058,,fallback
603874,,,fallback
604035,,,fallback
604043,,,fallback
604311,,,empty
604349,,,fallback
604447,,,empty
604448,,,empty
604532,,,fallback
604537,,,empty
604539,,,fallback
604540,,,fallback
604623,,,fallback
604795,CHN2016-13-0029396,,empty
604796,,,fallback
604797,,,empty
604798,,,empty
604800,,,fallback
604802,,,empty
604803,,,fallback
604884,CHN2010-03-003548,,empty
604885,CZ2011-0234-79,,empty
604888,BELG2011-6025547,,fallback
604892,CZ2011-0234-116,,empty
604893,,,fallback
604895,BELG2011-6025387,,fallback
604897,NL2004-2050549,,fallback
604898,NL2004-2050550,,fallback
604904,NL2008-1714084,,fallback
604908,NL2004-1023526,,fallback
604909,NL2009-1358226,,fallback
604965,CHN2017-0344694,,empty
605023,,,empty
605060,C16-22-0188999,,empty
605185,BE17-6037541,,fallback
605191,,,empty
605195,NL2016-1594025,,fallback
605241,,,fallback
605242,,,fallback
605251,,,empty
605254,,,empty
605255,,,empty
605256,,,empty
605261,,,fallback
605262,CHN2015-07-0290583,,fallback
605263,CHN2015-07-0290336,,fallback
605368,,,empty
605484,,,fallback
605643,CHN2010-02-020802,,fallback
605647,,,empty
605648,B17-6174573,F1072:2|F1769:2,structured
605653,,,empty
605685,,,empty
605689,,,empty
605712,CHN2017-0344692,,empty
605764,TW2014-668890,,fallback
605842,,,fallback
605845,,,empty
605858,CHN2015-02-0085193,,fallback
605896,,,fallback
605986,,,empty
606092,CHN2016-01-1485580,F2374:2|F4887:2|F2042:4|F2046:4|F2047:4|F2049:4|F2056:4|F2067:4|F2081:4|F2102:4,structured
606108,CHN2016-01-0296228,F6614:2|F6647:2|F6684:2|F6689:2,structured
606116,CHN2016-01-0296211,F4812:2|F4796:3|F2117:4|F2188:4|F2044:5|F2053:5|F2064:5|F2065:5,structured
606119,JN2015-3136766,F2142:2|F2146:2|F2057:3|F2145:3|F2052:4|F2059:4|F2070:4|F2071:4,structured
60612,,,empty
606123,CHN2017-01-0100702,F2184:3|F2334:3|F4788:3|F4923:3|F2044:5|F2053:5|F2064:5|F2065:5|F2126:5|F2131:5|F2132:5|F2137:5|F2042:6|F2047:6|F2048:6|F2055:6|F2062:6|F2067:6|F2081:6|F2114:6,structured
606124,CHN2016-01-1485655,F2334:2|F4923:2|F2042:5|F2044:5|F2047:5|F2048:5|F2053:5|F2055:5|F2062:5|F2064:5|F2065:5|F2067:5|F2081:5|F2114:5,structured
606136,CHN2011-11-315919,,fallback
606139,,,empty
606147,CHN2017-TB-0580757,,empty
606200,,,empty
606212,,,fallback
606241,CHN2006-04-011654,,empty
606242,CHN2006-04-011654,,empty
606258,NL2016-1526286,F6678:2|F6696:2|F6496:3|F6566:3|F6574:3|F6600:3,structured
606272,,,fallback
606274,B11-6219328,F139|F2596|F2647|F3169|F3199,fallback
606279,,,empty
606280,,,empty
606281,,,empty
606282,,,empty
606315,,F2407|F2413|F2467|F2545|F2546|F2659,fallback
606337,T05-241313,F2443,fallback
606339,T06-216670,F2443|F2534,fallback
606344,T11-621745,,fallback
606345,T08-242845,F2443,fallback
606350,,,empty
606351,T11-621724,,fallback
606387,,,fallback
60641,B03-6266452,F4009:2|F4010:2|F4109:2|F4110:2,structured
606417,,,empty
606426,B12-6236446,F2407|F2413|F2467|F2545|F2546|F2659,fallback
606428,,,fallback
606442,BELG2008-6146487,F3170,fallback
606461,,,empty
606473,BE2010-6052374,F1349|F1507,fallback
606764,CHN2016-17-0033009,,fallback
606766,CHN10-11-299475,,empty
606792,,,empty
606799,C2012-601637,,fallback
606803,NL15-1273729,F419:2|F624:2|F1152:2|F2866:3|F3159:3,structured
606806,CHN2017-10-0789560,,fallback
606809,,,empty
606853,CHN2015-13-0100155,,fallback
606867,,,fallback
606870,,,empty
60689,,,empty
606903,,,empty
60691,NL09-1332603,,fallback
60692,NL09-1332643,,fallback
606968,,,fallback
606978,,,fallback
606992,,,empty
607055,,,empty
607058,,,empty
607059,,,fallback
607060,,,fallback
607066,NL07-1766827,,fallback
607090,CHN2014-12-235649,,fallback
607093,CHN2014-12-233877,,fallback
607096,CHN2015-12-0212295,,fallback
607097,CHN2015-12-0211162,,fallback
607098,CHN2016-32-0670205,,fallback
607099,CHN2015-12-0214697,F163,fallback
607100,CHN2015-12-0211126,F163,fallback
607101,CHN2015-12-0212886,F163,fallback
607103,CHN2016-32-0670038,F163,fallback
607104,CHN2016-32-0670595,,fallback
607105,CHN2014-W-002048,,empty
607108,CHN2014-12-391104,,fallback
607133,,,fallback
607134,,,fallback
607136,,,fallback
607179,,,fallback
607183,,,fallback
607185,,,fallback
607186,CHN2017-13-0166459,,fallback
607207,,F2436|F2521,fallback
607209,,F2508|F2712,fallback
607210,,F2521|F3087,fallback
607212,,F2508|F2712,fallback
607213,,F2521|F2592,fallback
607214,,F2508|F2607|F3087,fallback
607215,,F2521|F2592,fallback
607221,CHN2015-12-0212911,F163,fallback
607222,,F2521,fallback
607223,CHN2016-32-0670368,,fallback
607224,,F2521,fallback
607225,,F2508|F2712,fallback
607230,,F2436|F2521|F2710|F2711,fallback
607231,,F2508|F2712,fallback
607245,CHN2015-12-0212282,F3116|F360,fallback
607246,CHN2016-32-0670035,F890,fallback
607250,CHN2014-12-391017,,fallback
607251,CHN2014-12-233808,F3116|F360,fallback
607252,CHN2016-32-0670045,F890,fallback
607254,CHN2015-12-0211052,F1235,fallback
607255,CHN2016-32-0670030,F1235|F574,fallback
607256,CHN2016-32-0670016,,fallback
607257,CHN2016-32-0670002,F1235,fallback
607258,CHN2016-32-0670547,F1235,fallback
607259,CHN2015-12-0212819,,fallback
607260,CHN2015-12-0212982,,fallback
607264,CHN2014-12-235753,,fallback
607265,CHN2015-12-0211005,F3116|F360,fallback
607266,CHN2015-12-0211086,F1235,fallback
607267,CHN2016-32-0670024,F1235,fallback
607268,CHN2014-12-391057,,fallback
607269,CHN2016-32-0670008,F1235,fallback
607270,CHN2016-32-0670049,,fallback
607271,CHN2015-12-0209576,F1235,fallback
607272,CHN2015-12-0211011,,fallback
607276,CHN2011-12-169002,,fallback
607277,CHN2016-32-0670017,,fallback
607278,CHN2016-32-0670011,F890,fallback
607279,CHN2016-32-0670025,F890,fallback
607280,CHN2015-12-0212818,,fallback
607281,CHN2016-32-0670027,,fallback
607298,,,fallback
607300,,,fallback
607302,,F2521|F2596|F2607|F2647|F2858,fallback
607304,CHN2014-12-233923,,fallback
607305,CHN2015-12-0211028,F3116|F360,fallback
607306,,F2521,fallback
607307,,F2436|F2508|F2521|F2712,fallback
607334,,,empty
607378,CHN2015-32-0200863,,fallback
607384,CHN2016-32-0670005,,fallback
607385,CHN2015-12-0212918,F1235,fallback
607388,CHN2015-12-0212947,F1235,fallback
607389,CHN2016-32-0670006,,fallback
607390,CHN2016-32-0670036,F1235,fallback
607392,CHN2016-32-0670037,F1235,fallback
607465,,,fallback
607501,CHN2016-32-0670046,F1235,fallback
607544,CHN2016-32-0670018,F1235,fallback
607557,CHN2015-12-0211002,F1235,fallback
607560,,,fallback
607608,CHN2014-12-235676,,fallback
607610,CHN2014-12-233920,,fallback
607611,CHN2015-12-0212997,F1235,fallback
607615,CHN2016-32-0670043,F1235,fallback
607616,CHN2015-12-0212880,,empty
607617,CHN2016-12-0354148,,fallback
607618,CHN2015-12-0212805,,empty
607619,CHN2015-12-0212855,,fallback
607622,CHN2015-12-0212959,,empty
607625,CHN2014-12-235797,F1235|F890,fallback
607627,CHN2017-00-2026504,,fallback
607631,CHN2017-00-2026487,,fallback
607633,CHN2017-00-2020471,F1468,fallback
607644,CHN2017-32-0148404,,fallback
607648,CHN2014-12-100194,,fallback
607651,CHN2014-12-233824,,fallback
607653,CHN2014-12-233619,,fallback
607655,CHN2014-12-235607,,fallback
607656,CHN2014-30-102662,,fallback
607757,,,empty
607771,BE11-6119137,,fallback
607819,CHN2014-12-391150,,fallback
607820,CHN2016-32-0670012,F1235,fallback
607821,CHN2016-32-0670047,F3116|F360|F574,fallback
607822,CHN2015-12-0212281,F3116|F360,fallback
607823,CHN2016-12-0354125,F684|F685,fallback
607824,CHN2015-12-0212915,F1235,fallback
607826,CHN2016-32-0670021,F890,fallback
607827,CHN2016-32-0670009,F1235,fallback
607829,CHN2017-32-0148391,,fallback
607830,CHN2017-32-0148392,,fallback
607831,CHN2017-32-0148336,,fallback
607832,CHN2015-12-0211149,,fallback
607833,CHN2015-12-0212983,,fallback
607834,CHN2016-32-0670001,,fallback
607835,CHN2015-12-0212223,F3116|F360,fallback
607836,CHN2016-32-0670010,F890,fallback
607837,CHN2015-12-0212881,,empty
607838,CHN2016-32-0670022,F1235|F574,fallback
607839,CHN2016-W-005032,,fallback
607914,T2013-151621,F3116|F3234|F713,fallback
607917,,,empty
607919,,,fallback
607955,T2017-539150,F100|F1485|F627|F788,fallback
608055,NL14-1130262,F1144:2|F1682:2|F5562:2|F6032:2,structured
608082,,,fallback
608083,,,fallback
608093,,,fallback
608116,B13-4176506,,fallback
608146,,,empty
608208,,,empty
608238,BELG2015-3021901,,fallback
608264,,,empty
608281,,,fallback
608390,BELG2008-6366493,,fallback
608391,BELG2008-6171067,,fallback
60840,,F2577|F567,fallback
608402,,,empty
608405,,F2508,fallback
60841,,,fallback
60842,B03-4146200,,fallback
608510,CHN2014-02-525606,,fallback
608512,,,fallback
608570,NL14-1209067,,fallback
608572,NL17-1411197,,fallback
608573,NL15-1364594,,fallback
608589,NL15-1363863,,fallback
608596,,,fallback
608736,,,fallback
608757,,,fallback
608809,T2017-539101,F100|F1485|F179|F2680|F2812|F361|F627|F788,fallback
608821,T2013-151731,F2422|F2425,fallback
608841,,F605,fallback
608880,CHN13-01-1242538,F1750,fallback
608890,CHN18-01-0372294,F4536:1,structured
609004,,,empty
609037,NL2017-1252111,,fallback
609049,NL2017-1252125,,fallback
609149,CHN2011-02-048702,,fallback
609151,CHN2012-02-102716,,fallback
609162,CHN2013-02-273391,,fallback
609175,CHN13-07-053999,,empty
609176,CHN13-07-063999,,empty
609177,CHN13-07-055191,,empty
609222,CHN13-07-051888,,empty
609223,CHN13-07-054888,,empty
609228,CHN13-07-297888,,empty
609232,CHN13-07-064999,,empty
609234,CHN13-07-055195,,empty
609255,T2016-169700,F1485|F1553|F1664,fallback
609270,B2014-6308710,F1389|F251|F2866|F3159|F621|F627|F788,fallback
609324,NL2017-1378248,,fallback
609360,BELG2013-5008250,,fallback
609406,BELG2015-2175438,,fallback
609407,,,empty
609408,,,fallback
609409,,,empty
609485,B2010-6031965,F798:2|F1183:2|F1315:2|F3170:2,structured
609505,CHN2012-06-328930,,empty
609512,BELG2016-2206101,,fallback
609528,DV0445-16-282,F1668:2|F1888:2,structured
609556,NL15-1348140,,fallback
609574,,,empty
609663,T2017-539285,F1485,fallback
609690,CHN2017-32-0356552,,empty
609816,,,empty
609820,CHN2017-02-0128290,,fallback
610014,NL17-1858201,F6157:2|F6468:2|F209:3|F5966:3,structured
610015,N17-1320027,F6338:2|F6357:2|F6487:2,structured
610046,DV6720-10-177,,fallback
610053,NL11-2021666,,fallback
610054,NL11-3056117,,fallback
610122,,,empty
610123,,,empty
610124,,,empty
610125,,,empty
610126,,,empty
610127,,,empty
610128,,,empty
610131,B09-3188000,,fallback
610133,NL11-1806347,,fallback
610135,BE14-3157399,F1913,fallback
610136,BE13-315931,,fallback
610138,BE11-3070177,,fallback
610140,BE11-6265299,F1535,fallback
61018,NL09-1232575,F3401:2|F3569:2,structured
610188,,,empty
610190,,,empty
610191,,,empty
610192,,,empty
610193,,,empty
610194,,,empty
610196,,,empty
610197,,,empty
610198,,,empty
610200,,,empty
610205,BELG2016-2206124,,fallback
610217,,,empty
610224,,,empty
610226,,,empty
610227,,,empty
610228,,,empty
610233,,,empty
61025,NL09-1232513,F2577|F3269|F573,fallback
610375,BELG2014-2340859,,fallback
610389,,,empty
610396,,,empty
610397,,,empty
610421,BELG2013-5008347,,fallback
610422,,,empty
610423,,,empty
610424,,,empty
610427,,,empty
610429,,,empty
610430,,,empty
610433,,,empty
610436,BELG2013-5008303,,fallback
610466,,,empty
610470,,,empty
610471,,,empty
610473,,,empty
610476,,,empty
610487,BELG2016-2206043,,fallback
610497,BELG2017-4223641,,fallback
610499,CHN17-03-1150537,,fallback
610556,,,empty
610619,,F2782|F3040|F3041,fallback
610961,BE2004-3227979,F2043|F2068,fallback
610964,NL2015-1037534,,fallback
610967,NL2016-1712723,,fallback
611001,CHN2013-22-887744,,fallback
611002,,,fallback
611003,,,empty
611061,,,fallback
611114,NL2017-1458297,,fallback
611129,NL2017-1458100,,fallback
611163,BELG2008-6314898,F2407|F2467|F2545|F3200,fallback
611164,BELG2007-6076058,F3202,fallback
611167,BELG2008-6371220,F3202,fallback
611168,BELG2007-6076653,F2407|F2413,fallback
611169,BELG2007-6076665,F2407|F2940,fallback
611170,BELG2008-6371002,F2407|F2555,fallback
611171,BELG2008-6314897,F2407|F2467|F2545|F3200,fallback
611181,CHN09-09-131039,F4569:1|F4610:1,structured
611194,,,empty
611199,,,empty
611201,,,fallback
611202,,,fallback
611233,NL2017-1458099,,fallback
611235,NL09-1647161,,fallback
611240,NL2017-1458040,,fallback
611366,CHN09-09-131038,F4569:1|F4610:1,structured
611376,,F2797|F2878|F3326|F3327,fallback
611486,B2013-2037646,,fallback
611489,B17-4200150,F1284,fallback
611493,CHN2017-06-0370286,,fallback
611543,,,fallback
611544,,,fallback
611545,,F2403|F2426|F2722|F2797|F2878|F3326|F3327,fallback
611546,B08-6314615,F2413,fallback
611547,B09-6222139,F2546|F2903,fallback
611635,,,fallback
611636,,,fallback
611732,NL2016-1712749,,fallback
611740,NL2016-1712748,,fallback
611741,B12-6023272,,fallback
611787,CHN2017-06-0371963,,empty
611798,NL2012-1051111,,fallback
611799,,,empty
611815,,,empty
611828,,,empty
611832,,,empty
611835,BELG2016-2114151,,fallback
611836,,,fallback
611843,,,empty
611917,B10-6031866,F431,fallback
611930,B10-6031915,F3065|F617|F635,fallback
611965,CHN2016-15-0890910,,fallback
611977,,F384,fallback
611981,,,empty
611982,,,fallback
611986,,,empty
611988,,,empty
611991,,,fallback
612012,,,empty
612019,,,fallback
612020,,,empty
612025,,,fallback
612046,B2010-6031798,,fallback
612058,BELG2007-6220218,F2659|F3085,fallback
612068,,,fallback
612069,CHN2010-15-068969,,fallback
612072,,,empty
612075,,,fallback
612076,,,fallback
612080,,,empty
612083,,,fallback
612093,,,fallback
612099,,,empty
612102,,,empty
612121,BELG2013-6313721,,fallback
612154,C13-TB-165693,,fallback
612173,BE10-6359198,,fallback
612174,BE10-6339802,,fallback
612175,,,empty
612178,,,empty
612179,,,empty
612182,,,empty
612204,,,fallback
612207,,,empty
612209,BELG2005-5133525,F2752,fallback
612212,,,empty
612213,,,fallback
612221,B2004-60995523,F102:2|F2553:2|F2725:2|F3348:2,structured
612249,CHN2018-15-0060756,,fallback
612250,BELG2006-6270413,F2734:2|F2865:2,structured
612251,,,fallback
612252,,,fallback
612352,,,fallback
612431,CHN11-03-777727,F483:2|F674:2|F3203:2|F3206:2,structured
612432,,,empty
612484,,F1104|F2752,fallback
612525,CHN2016-06-0539247,,fallback
612527,CHN2015-06-0320000,,fallback
612585,,,empty
612608,BELG2008-6144510,F1009|F1064,fallback
612615,C14-TB-000008,F431,fallback
612650,CHN2017-15-0514482,,fallback
612656,CHN2016-15-0389136,,fallback
612674,BELG2016-3138903,F4336:2|F4354:2|F4364:2|F4417:2,structured
612678,BELG2016-3138905,F4303:2|F4337:2|F4399:2|F4358:3|F4379:3,structured
612700,BELG2016-3138917,F4381:2|F4430:2|F4461:2|F4465:2,structured
612701,BELG2016-3138921,F4398:2|F4430:2|F4452:2|F4467:2,structured
612703,BELG2016-3084308,F4270:2|F4377:2|F4396:2|F4463:2,structured
612706,BELG2016-3084342,F4270:2|F4401:2|F4428:2|F4883:2,structured
612712,BELG2013-6062206,F4384:2|F4427:2|F4446:2,structured
612718,BELG2012-6307296,F4264:2|F4349:2|F4444:2|F4445:2,structured
612744,,F3170,fallback
612748,,,fallback
612798,CHN2016-02-6192287,,empty
612839,BE16-4078685,,fallback
612861,,,fallback
612869,B15-1051547,F377:2|F850:2|F1393:2|F756:3|F1278:3,structured
612871,B15-1051554,F756:2|F849:2|F1278:2|F1902:2,structured
612924,CHN2016-15-0439076,,fallback
612962,,,empty
612975,,,empty
612984,,,empty
612995,,,empty
613,,,empty
613097,,F2225|F3009|F372,fallback
613098,BE17-4238901,,fallback
613118,C10-02-466216,,fallback
613161,B15-1051550,F484:2|F1042:2|F1106:2|F1279:2,structured
613162,B15-1051553,F756:2|F849:2|F1278:2|F1902:2,structured
613175,,,fallback
613179,,,empty
613180,,,empty
613181,,,empty
613182,,,empty
613183,,,empty
613187,,,empty
613189,,,empty
613190,,,empty
613192,,,empty
613194,,,fallback
613238,,,fallback
613411,BE08-677571,F149|F3065|F3170|F431,fallback
613415,BELG2014-3150545,,fallback
61352,CHN2005-06-004815,,empty
613562,,,empty
613636,,,fallback
613641,,,fallback
613655,BELG2014-3155893,,fallback
613753,DV10-1769-1163,,fallback
613754,DV11-01769-186,F5123:2|F5135:3|F5348:3,structured
613800,,,empty
613806,CHN2016-06-0539297,,fallback
613808,B2011-6140218,,fallback
613810,CHN2015-06-0621162,,fallback
613811,CHN2015-06-0319687,,fallback
613812,CHN2016-01-0560250,,fallback
613813,CHN2017-00-2004220,,fallback
613827,,,fallback
613877,CHN2011-06-263621,F1315|F3170,fallback
613888,NL13-1785101,,fallback
613958,CHN13-01-914810,,fallback
613990,CHN12-03-111874,F439:2|F2857:2|F2978:2|F3015:2,structured
613992,,,fallback
614000,,,fallback
614009,,,fallback
614024,,,fallback
614049,B2011-6332980,F993,fallback
614054,CHN2015-06-0173118,,empty
614056,NL12-1755876,F2521|F2592,fallback
614059,CHN2016-06-0126937,,empty
614070,DV0674-17-400,,fallback
614080,NL2015-1892762,,fallback
614081,NL14-1338268,,fallback
614082,B2011-6331092,,fallback
614083,B2011-6331065,,fallback
614084,B08-6177576,,fallback
614093,CHN2017-06-0370282,,fallback
614097,CHN2015-06-0319805,,empty
614103,CHN2016-06-0182993,,fallback
614111,CHN2016-06-0126943,,fallback
614112,,,empty
614113,,,fallback
614119,NL2015-1892762,,fallback
614120,NL14-1338268,,fallback
614126,B2011-6331092,,fallback
614127,B2011-6331065,,fallback
614138,B14-6072401,,fallback
614156,B12-6023431,,fallback
614164,B12-6023352,,fallback
614165,B12-6023273,,fallback
614172,B09-6114940,F1643,fallback
614173,B09-6111640,F1641,fallback
614175,B08-6177576,,fallback
614239,CHN2014-06-020678,,fallback
614240,CHN2016-06-0127000,,fallback
614241,CHN2016-06-0126951,,fallback
614245,B2011-6140278,F991,fallback
614246,CHN2014-06-020605,,fallback
614248,,,fallback
614249,CHN2014-06-020601,,fallback
614253,IF2016-88888,,empty
614274,,,fallback
614297,,,fallback
614326,,F197|F3116|F3241,fallback
614346,,F3116,fallback
614372,B12-6321994,,fallback
614404,B13-3047686,F542|F890,fallback
614409,B13-3047699,,fallback
614410,B12-3070040,F331:2|F774:2|F539:3|F3121:3|F2470:4|F2486:4|F2501:4|F2619:4,structured
614412,,,fallback
614481,B2014-3027025,,fallback
614489,B16-1146002,,fallback
614490,B15-6178447,,fallback
614491,B15-6034008,,fallback
614492,B11-6103169,F780:1|F1348:1,structured
614675,DV10-01769-1341,,fallback
614764,,,fallback
614812,B13-3080124,,fallback
614865,,,fallback
614952,,F2155|F3269|F573,fallback
615001,B16-4136960,F1109:2|F1460:2|F1607:2|F1608:2,structured
615004,B16-4136954,F758:2|F935:2|F1723:2|F1912:2,structured
615011,B17-2076309,F1209|F1913|F2736|F2738|F2762|F3116|F863,fallback
615015,B17-2076301,F1913|F2410|F2472|F2483|F2604|F2666|F2737|F3116|F474|F510|F711|F878,fallback
615025,B16-4108354,F1109:2|F1460:2|F1607:2|F1608:2,structured
615029,B16-4136953,F758:2|F935:2|F1723:2|F1912:2,structured
615042,DV02412-13-0503,,fallback
615043,,F1906,fallback
615045,DV02412-14-1369,F5141:2|F5202:2|F5312:2|F6167:2,structured
615046,DV02412-14-1403,F5141:2|F5202:2|F5312:2|F6167:2,structured
615059,DV02412-15-0235,F5296:2|F5200:3|F5299:3|F5943:3|F6237:3,structured
615060,DV02412-15-0336,F5202:2|F5299:2|F6167:2|F6237:2,structured
615067,DV02412-16-0049,F5200:2|F5205:2|F5207:2|F5238:2,structured
615068,DV02412-16-0059,F5237:1|F3843:2|F5055:2,structured
615069,DV02412-16-0109,F5108:2|F5109:2|F5203:2|F5206:2,structured
615071,DV02412-16-0113,F5300:2|F5301:2,structured
615072,DV02412-16-0143,F5200:2|F5299:2|F5943:2|F6237:2,structured
615073,DV06744-14-0288,F5236:2|F5339:2,structured
615102,B17-2076357,F2410|F2472|F2604|F2666|F2697|F2737|F2765|F2988|F3209|F3212|F864,fallback
615106,B17-2076151,F1209|F1913|F2410|F2604|F3116|F3212,fallback
615113,B17-2076425,F2326|F2410|F2483|F2666|F2737|F515|F699,fallback
615125,B17-2076318,F2684|F2685|F3128|F3269|F379|F573|F755|F764,fallback
615128,B17-2076396,F1056|F168,fallback
615137,B17-2076392,F1209|F1913|F2483|F2666|F2738|F3116,fallback
615140,B17-2076302,F1913|F2410|F2472|F2483|F2604|F2666|F2737|F3116|F474|F510|F711|F878,fallback
615169,B17-2076325,F2410|F2472|F2483|F2666|F2737|F3209|F515|F699|F864,fallback
615174,B17-2076408,F1209|F2946|F515|F699,fallback
615177,B17-2076122,F2738,fallback
615178,B17-2076370,F1209|F1913|F2410|F2604|F3116|F3212,fallback
615188,B17-2076404,F1913|F2410|F2413|F2447|F2467|F2946|F3116|F474|F509|F510|F711|F773|F878,fallback
615212,CHN2015-03-0810800,,fallback
615222,B15-6285754,F3498:2,structured
615231,B17-2076312,F224|F2410|F2604|F2684|F2685|F3128|F3262|F3269|F379|F54|F573|F755|F764|F921,fallback
615232,B17-2076395,F1209|F1811|F2410|F2483|F2604|F2666|F2697|F2765,fallback
615272,B17-2076405,F1913|F2410|F2413|F2447|F2467|F2946|F3116|F474|F509|F510|F711|F773|F878,fallback
615273,B17-2076047,F224|F2577|F2684|F2685|F3126|F3262|F3267|F3269|F379|F54|F57|F573|F755,fallback
615275,B17-2076131,F1913|F2410|F2413|F2447|F2467|F2946|F3116|F474|F509|F510|F711|F773|F878,fallback
615280,B17-2076303,F2410|F2472|F2604|F2666|F2697|F2737|F2765|F2988|F3209|F3212|F864,fallback
615281,B17-2076435,F2725|F2780|F2818|F2878|F3000|F371|F399,fallback
615282,B17-2076140,F2326|F2410|F2470|F2486|F2604|F2697|F2765|F2818|F3000|F371|F874,fallback
615289,B16-2138111,F1056:1,structured
615304,NL2013-1520141,F5665:2|F5747:2|F7198:2|F7200:2,structured
615308,B15-2062042,F1811|F1913|F3116|F3209|F864,fallback
615309,B15-2062084,F2410|F2737|F2818|F3000|F3209|F371|F864,fallback
615310,B17-2076142,F1209|F2410|F2483|F2604|F2666|F2697|F2765,fallback
615311,B17-2076120,F1181|F1913|F2491|F2511|F2553|F2725|F2780|F2946|F3073|F3116|F474|F509|F510|F711|F773|F878,fallback
615312,B17-2076143,F224|F2410|F2604|F2684|F2685|F3128|F3262|F3269|F379|F54|F573|F755|F764|F921,fallback
615324,DV02098-16-1210,F5189:2|F5282:2|F5283:2,structured
615325,B16-03-1366005,F3212:3|F2410:4|F2604:4|F2697:4|F2765:4|F2988:4|F7015:4,structured
615330,CHN15-02-0005765,,fallback
615332,,F1018|F1019|F1752|F3170,fallback
615435,,,empty
615482,,,fallback
615535,BELG2010-6052106,F3099|F3176|F3187|F3338,fallback
615542,,,fallback
615681,,,fallback
615859,CHN2015-03-0811128,,fallback
615944,,,empty
615972,CHN2016-17-0033024,,empty
615974,CHN2012-17-105268,,fallback
616013,,,fallback
616156,BE12-6028353,F3065|F3170|F635,fallback
616204,,,fallback
616210,C2006-22-0728635,,fallback
616211,C2013-22-678695,,fallback
616213,B12-6033322,,fallback
616214,B12-6033636,,fallback
616298,,,empty
616299,CHN2018-12-0079857,,fallback
616306,,,fallback
616316,,,fallback
616340,C2012-22-622649,,fallback
616347,C2015-22-0837455,,fallback
616353,CHN2018-13-0317224,,fallback
616367,,,fallback
616380,,,empty
616392,CHN2016-15-0049238,F431,fallback
616412,,,fallback
616440,B11-6226283,F268:2|F456:2|F1295:2|F3162:2,structured
616510,NL11-1185759,F1468:2|F6050:2|F7169:2,structured
616515,,,fallback
616652,,,fallback
616653,,,empty
61668,NL09-1349085,,fallback
61669,NL06-5624334,,fallback
616812,,,empty
616828,,,empty
616830,,,empty
616832,,,empty
616833,,,empty
616835,,,empty
616836,,,empty
616837,,,empty
616843,,,empty
616844,,,empty
616845,,,empty
616857,,,empty
616860,,,empty
616862,,,empty
616864,,,empty
616905,,,fallback
616946,DV07552-12-18,,structured
616947,DV7552-09-146,,fallback
616948,NL13-1365008,,fallback
616953,DV02098-17-1744,F5168:2|F5189:2|F5192:3,structured
616954,DV02098-17-1681,F5168:2|F5189:2|F5192:3,structured
616955,DV02098-17-1662,F5173:2|F5189:2|F5192:2|F5195:2,structured
616959,CHN2015-01-1182386,F2289:3|F2306:3|F2042:4|F2044:4|F2047:4|F2053:4|F2064:4|F2065:4|F2067:4|F2081:4|F2084:4|F2089:4|F2168:4|F2169:4,structured
616973,CHN2016-01-1485603,F4848:2|F4867:2|F4868:2|F4407:3|F5373:3,structured
616980,CHN2016-01-05859,F2204:2|F2061:4|F2075:4|F2082:4|F2105:4|F2106:4|F2133:4|F6499:4|F6508:4|F6516:4|F6590:4|F2062:5|F2076:5|F2154:5|F2173:5,structured
617057,CHN2012-22-771640,F4786:1|F4822:1,structured
617200,CHN2017-01-0100657,F4846:2|F4847:2|F6737:2|F6749:2,structured
617411,,F2407|F2413|F2467|F2545|F2546|F2659,fallback
617412,,F110|F1753|F2407|F2413|F2467|F2545|F2546|F2659|F640,fallback
617413,,F2407|F2413|F2467|F2545|F2546|F2659,fallback
617431,,,empty
617445,CHN2016-01-1485209,F4848:2|F4867:2|F4868:2|F4407:3|F5373:3,structured
617467,,,fallback
617487,,,empty
617488,,,empty
617489,,,empty
617490,,,empty
617491,,,empty
617492,,,empty
617493,,,empty
617494,,,empty
617495,,,empty
617642,,F1592,fallback
617749,,,empty
617751,,,empty
617762,,,empty
617863,,,empty
617864,,,empty
617867,,,empty
617897,,,empty
617958,,,fallback
618016,DV01769-18-56,,fallback
61805,,,fallback
618059,,,fallback
618068,B10-2045186,F2391|F2410|F2483|F2604|F2666|F2685|F3269|F379|F573|F755,fallback
618083,,,empty
618084,,,empty
618085,,,empty
618086,,,empty
618087,,,empty
618088,,,empty
618089,,,empty
618090,,,empty
618091,,,empty
618144,,,empty
618150,,,empty
618151,,,empty
618228,,,fallback
618236,,,fallback
618273,,,empty
618279,,,empty
618309,B17-2076310,F1209|F1913|F2736|F2738|F2762|F3116|F863,fallback
618325,,F1681|F3307|F820,fallback
618334,,,fallback
618433,,F2410|F2413|F2447|F2467|F2565|F2946|F3317|F773,fallback
618437,,,fallback
618444,,F2671|F863,fallback
618507,,,fallback
618518,DV02098-17-1761,F5164:2|F5170:2|F5189:2|F5195:2,structured
618557,,F2396|F2461|F2692,fallback
618598,,F2654|F2737|F2738|F2987,fallback
618602,,F2410|F2604|F2697|F2737|F2765,fallback
618605,,F2654|F2738|F2987|F863,fallback
618618,,,fallback
618619,,,fallback
618625,BE09-41501299,,fallback
618678,,F2738|F863,fallback
618683,,,fallback
618685,,F2483|F2666|F2738,fallback
618687,,F2410|F2472|F2604|F2697|F2765,fallback
618692,,F2410|F2472|F2604|F2697|F2765,fallback
618850,,,fallback
618868,,,fallback
619196,,,fallback
619197,,,fallback
619241,CHN2018-15-0065778,,fallback
619246,CHN2018-32-0066219,F431,fallback
619257,CHN2012-15-912552,,fallback
619279,,,empty
619280,C14-157902,,fallback
619405,,,fallback
619406,,,fallback
619410,,,fallback
619411,,,fallback
619432,,F1315|F3170,fallback
619434,,F1315|F3170,fallback
619435,,F1315|F3170,fallback
619436,,F1315|F1529|F3170,fallback
619439,,,fallback
619440,,,fallback
619442,,,fallback
619443,,,fallback
619444,,,fallback
619445,,,fallback
619446,,,fallback
619447,,,fallback
619448,,,fallback
619450,,,fallback
619451,,,fallback
619452,,,fallback
619453,,,fallback
619454,,,fallback
619455,,,fallback
619456,,,fallback
619457,,,fallback
619458,,,fallback
619459,,,fallback
619460,,,fallback
619461,,,fallback
619462,,F1760,fallback
619463,,F1760,fallback
619465,,F1760,fallback
619466,,F1760,fallback
619468,,,fallback
619469,,,fallback
619471,,,fallback
619473,,,fallback
619474,,F1913,fallback
619487,,,fallback
619488,,F1320,fallback
619489,,F1696,fallback
619490,,F1553|F609|F962,fallback
619491,,,fallback
619492,,,fallback
619493,,,fallback
619494,,F1696,fallback
619497,,F1913,fallback
619498,,F1913,fallback
619499,,F1913,fallback
619500,,F1913|F855,fallback
619501,,F1913|F855,fallback
619502,,F1913,fallback
619503,,F1913,fallback
619504,,F1109|F1607|F1920,fallback
619505,,F957,fallback
619506,BE2017-3008016,F1913,fallback
619507,,,fallback
619508,,,fallback
619510,,,fallback
619512,,F1760,fallback
619514,,F152|F99,fallback
619515,,F152|F99,fallback
619516,,F99,fallback
619517,,F152|F788|F99,fallback
619526,,F2782|F3040|F3041,fallback
619565,NL18-1540346,F2016:2|F6463:2|F1111:3|F3116:3|F369:4|F2680:4|F2812:4|F2740:5|F2393:6|F2569:6,structured
619577,NL17-1730337,F197:3|F1583:3|F3116:3|F3241:3|F2680:4|F2746:4|F2812:4,structured
619585,NL18-1540436,F1093:3|F1111:3|F2742:3|F3116:3|F369:4|F2399:4|F2469:4|F2527:4|F2570:4|F2680:4|F2812:4|F2740:5|F2393:6|F2569:6,structured
619595,,F2455,fallback
619606,,F2866|F3159,fallback
619608,,F2866|F3159,fallback
619609,,F2410|F2472|F773,fallback
619610,B12-3088242,F197:2|F3116:2|F3241:2|F2680:3|F2812:3,structured
619612,B12-3160798,F1093:2|F2742:2|F2399:3|F2469:3|F2527:3|F2570:3,structured
619613,B12-3160797,F1093:2|F2742:2|F2399:3|F2469:3|F2527:3|F2570:3,structured
619622,B17-3008210,F2746:2|F1065:3|F1431:3,structured
619628,B17-3008345,F1583:2|F2746:3|F3116:3|F2680:4|F2812:4,structured
619629,B17-3008354,F2746:2|F1065:3|F1431:3,structured
619630,B17-3008209,F2746:2|F1065:3|F1431:3,structured
619631,B17-3008340,F1609:2|F906:3|F1074:3|F3116:3|F2680:4|F2812:4,structured
619632,B17-3008330,F1294:2|F1647:2|F1916:2|F3116:3|F2680:4|F2812:4,structured
619633,B17-3008325,F1971:2|F2915:3|F2744:4,structured
619634,B17-3008259,F855:2|F6048:2|F6255:2|F3116:3|F2680:4|F2812:4,structured
619635,B16-3138756,F855:2|F1114:3|F2915:3|F3116:3|F2680:4|F2744:4|F2812:4,structured
619642,NL16-1872722,F1381:2|F977:3|F1065:3|F1431:3,structured
619648,NL17-1528405,F6434:2|F6459:2|F209:3|F5966:3,structured
619649,B17-3008496,F1249:2|F906:3|F1074:3,structured
619650,B17-3008347,F907:2|F1609:2|F1713:2,structured
619651,B17-3008252,F1232|F510|F878,fallback
619652,B16-3138703,F1609:2|F906:3|F1074:3,structured
619712,CHN2018-13-0317235,,fallback
619760,,,empty
619809,,,empty
619865,,,fallback
619872,,F3201,fallback
619873,,,fallback
619875,,,fallback
619876,,,fallback
619953,,,empty
619954,,,empty
619957,,,empty
619958,,,empty
619962,,,empty
619972,,,empty
619973,,,empty
619978,,,fallback
619979,,,fallback
619986,,,fallback
620031,,,empty
620040,,,fallback
620069,,,fallback
620167,,,empty
620168,,,fallback
620170,,,empty
620171,,,empty
620172,,,empty
620181,B10-2044459,,fallback
620404,,F260|F3308,fallback
620408,,,empty
620411,,,empty
620421,,,empty
620443,,,empty
620484,,,fallback
620492,CHN15-03-0670966,F2643:3|F2952:3|F820:4|F1032:4|F3307:4|F640:5,structured
620501,,,fallback
620508,,,fallback
620515,,,fallback
620524,BELG2012-6307272,,fallback
620554,,,empty
620644,,,fallback
620703,BE18--3067579,F1243,fallback
620763,B15-6046456,F1135:2|F1680:2|F1933:2,structured
620768,DV0263-15-198,F6982:2|F7195:2|F2959:3|F3170:3|F3345:3|F3350:3,structured
620770,NL17-1458574,F1380,fallback
620771,NL17-1528370,F420:2|F1641:2|F5800:2,structured
620780,B16-3142560,F907:2|F1713:2|F1101:3|F2569:3|F2814:3|F3260:4,structured
620877,,F224|F2685|F2915|F54,fallback
620919,BE18-3130828,F1243,fallback
621055,BE18-3067006,F1243,fallback
621270,,,empty
621271,CHN2018-15-0086963,F431,fallback
621328,,,fallback
621341,,,fallback
621347,,,fallback
621349,CHN2016-02-0325198,,empty
621351,,,empty
621487,,,empty
621488,,,empty
621532,B15-6025971,F1170|F1657|F1891,fallback
621533,B15-6025987,F1891|F2982,fallback
621542,,F1016|F1335|F1468|F2438|F2588|F2880|F2935|F3033|F3325|F404|F666|F87,fallback
621544,,F1016|F1335|F1468|F2438|F2588|F2880|F2935|F3033|F3325|F404|F666|F87,fallback
621545,,,fallback
621546,,,fallback
621547,,F1016|F1335|F1468|F2438|F2588|F2880|F2935|F3033|F3325|F404|F666|F87,fallback
621587,,F1555,fallback
621622,,,fallback
621685,B17-2076141,F1209|F2410|F2483|F2604|F2666|F2697|F2765,fallback
621728,B17-2076305,F1209|F2073|F2410|F2604|F3212,fallback
621833,,,fallback
621834,,,fallback
621845,,,fallback
621853,,,empty
621948,NL17-4703991,F6285:1|F6311:1,structured
622106,AU2016-JEDDS12637,,fallback
622110,,,fallback
622111,,,fallback
622227,,F2442|F2462|F2514|F2556|F2650|F2651|F2708|F2785|F2970,fallback
622237,CHN2018-04-0887260,,empty
622238,CHN2018-04-0887248,,empty
622327,AU2017-JEDDS10954,,fallback
622339,CHN12-03-111916,F314|F486|F487,fallback
622351,,F3284|F3332,fallback
622357,,,empty
622358,,,empty
622361,,,fallback
622365,CHN2009-02-245061,,fallback
622415,,,fallback
622420,,,fallback
622421,,,empty
622422,,,fallback
622428,,,fallback
622432,,,fallback
622454,,,fallback
622459,BE17-4200081,,fallback
622465,,,fallback
622466,BE17-4200084,F2577|F913,fallback
622467,BE17-4200208,F1454,fallback
622475,,,fallback
622484,BE17-4200440,,fallback
622487,,,fallback
622501,BE17-6037662,,fallback
622502,BE17-6037797,F3901:1,structured
622505,B17-6262889,F3901:1,structured
622511,,,fallback
622520,,,fallback
622528,,,fallback
622535,,,fallback
622536,,,fallback
622539,,,fallback
622548,,,fallback
622550,,,fallback
622552,,,fallback
622555,,,fallback
622557,,,fallback
622562,,,fallback
622563,,,fallback
622564,,,fallback
622571,,,fallback
622572,,,fallback
622581,,F3201,fallback
622582,,F179,fallback
622610,,F2536|F2629|F2841|F3025|F392|F80,fallback
622629,,,fallback
622638,,,fallback
622643,,,empty
622657,,F3170,fallback
622685,,,fallback
622687,,,fallback
622688,,,empty
622692,,F2406|F2480|F2554,fallback
622694,,,empty
622788,,,fallback
622926,,,fallback
622942,,,fallback
623039,,,fallback
623057,,,fallback
623058,,,fallback
623062,,,fallback
623063,,,fallback
623064,,,fallback
623065,,,fallback
623078,,,fallback
623084,,,fallback
623086,,,fallback
623089,,,fallback
623091,,,fallback
623095,,,fallback
623097,,,fallback
623100,,,fallback
623131,,,fallback
623269,,,fallback
623271,,,empty
623273,,,fallback
623274,,,fallback
623275,,,fallback
623276,,,fallback
623277,,,fallback
623286,,,fallback
623289,,,fallback
623291,,,fallback
623293,,,fallback
623299,,,fallback
623301,AU2017-JEDDS10947,,fallback
623319,,,fallback
623324,,,fallback
623326,,,fallback
623328,,,fallback
623329,,,fallback
623331,,,fallback
623332,AU2018-JEDDS35181,,fallback
623361,BE17-4200081,,fallback
623374,BE17-4200208,F1454,fallback
623388,BE17-4200084,F2577|F913,fallback
623389,BE17-6037662,,fallback
623400,CHN2018-06-0071178,,empty
623409,,,fallback
623410,,,fallback
623411,,,fallback
623412,,,fallback
623413,,,fallback
623415,,,fallback
623416,,,fallback
623419,,,empty
623421,,,fallback
623422,,,fallback
623424,,,fallback
623449,,,fallback
623451,,,fallback
623454,,,fallback
623456,,,fallback
623457,,,fallback
623460,,,empty
623463,,,fallback
623466,,,fallback
623468,,,fallback
623470,,,fallback
623493,,,empty
623494,,,empty
623708,B15-6108251,F959:2|F960:2|F1358:2|F1360:2,structured
623778,NL18-1240867,F1966:2|F6436:2|F6470:2,structured
623842,,,empty
623959,B17-3041452,F2501:3|F2619:3|F2470:4|F2486:4,structured
623982,,,fallback
623992,,,fallback
624046,,,fallback
624061,,,empty
62409,BELG02-5051022,,empty
62411,BELG02-6505676,,empty
624238,B17-2076308,F1913|F2326|F2410|F2483|F2666|F3116|F3212|F474|F510|F711|F874|F878,fallback
624330,,,empty
624348,,,empty
624353,,,empty
624363,,,empty
624364,,,empty
624366,,,empty
624369,,,empty
624462,,,empty
624503,,,fallback
624577,BELG16-3084051,F2746:2|F1065:3|F1431:3,structured
624624,,,fallback
624646,,,fallback
624650,,,fallback
62469,,,empty
624693,,,fallback
624696,,,fallback
624698,,,fallback
624699,,,fallback
624701,,,fallback
624702,,,fallback
624703,,,fallback
624704,,,fallback
624705,,,fallback
624706,,,empty
624707,,,empty
624708,,,fallback
624709,,,fallback
624710,,,fallback
624711,,,fallback
624712,,,empty
624713,,,fallback
624746,CHN2017-04-0123876,,fallback
624747,CHN2018-22-1073062,,fallback
624771,BE12-4163435,F1104|F3271,fallback
624855,,,empty
624861,CHN2018-01-0996676,F4927:1|F1865:2|F1866:2,structured
624868,,,empty
624879,,F2752|F601,fallback
624886,,,empty
624887,,,empty
624908,,,fallback
624956,,F1555,fallback
62496,B06-6267451,F413,fallback
624969,,,empty
624970,,,empty
625028,,,fallback
625037,,,fallback
625038,,,fallback
625041,,,empty
625042,B14-6175194,F1025|F299|F643,fallback
625049,B16-6032497,F1191:2|F980:3|F3176:3|F3338:3|F112:4|F113:4,structured
625050,B17-6256158,F1191:2|F5064:2|F980:3|F3176:3|F3338:3|F112:4|F113:4,structured
625054,B16-6020206,,fallback
625055,B09-4035101,,fallback
625056,NL18-5132476,F5931:2|F6333:2|F6334:2|F7241:2,structured
625057,NL2012-1946418,F1744,fallback
625075,BE13-6150270,F3448:2|F3650:2|F3735:2|F3776:2,structured
625076,,F299|F645,fallback
625079,B15-6178683,F1383|F1517|F617|F635,fallback
625083,BE12-6123482,F3649:2|F3794:2|F3797:2,structured
625084,,,fallback
625085,NL16-1255001,,fallback
625086,NL16-1331169,F6142:2|F6389:2|F6390:2|F6428:2,structured
625088,NL15-1211110,F5849:2|F6053:2,structured
625089,NL15-1211111,F5849:2|F6053:2,structured
625090,,,fallback
625093,B17-6025449,F1191:2|F1192:2|F1515:2|F980:3|F112:4|F113:4,structured
625094,,F1660|F1754,fallback
625129,CHN12-03-111566,F485:2|F486:2|F487:2|F3206:2,structured
625261,,,empty
625262,,,empty
625531,BELG17-3008102,F1065:3|F1431:3,structured
625564,,F2359,fallback
625566,,,fallback
625574,,,fallback
625580,,,fallback
625586,,,empty
625587,,,fallback
625588,,,empty
625601,,,empty
625698,,,fallback
625699,,,fallback
625700,,,fallback
625705,,,fallback
625706,CHN2017-13-0160033,F260,fallback
625708,CHN2017-13-0160081,,empty
625709,CHN2017-13-0160061,,empty
625710,CHN2017-13-0160062,,empty
625748,B16-3138754,F336:2|F719:2|F1276:2|F906:3|F1074:3,structured
625751,B16-3138760,F855:2|F957:2|F3116:3|F2680:4|F2812:4,structured
625909,CHN2018-17-0369648,,empty
625910,CHN2018-17-0369616,,empty
625911,CHN2018-17-0369631,,empty
625914,CHN2018-17-0369732,,empty
625917,CHN2018-17-0369717,,empty
625923,,,empty
625924,,,empty
625930,,,empty
625963,,,empty
625972,CHN2016-13-0029810,,empty
626022,,,fallback
626023,,,fallback
626026,,,fallback
626027,,,fallback
626029,,F1315|F3170,fallback
626030,,F1908|F3213|F653,fallback
626031,,F1315|F3170,fallback
626032,,F2946,fallback
626034,,,fallback
626035,,,empty
626036,,,fallback
626038,,F1434,fallback
626039,,,fallback
626040,,F1315|F3170,fallback
626041,,,fallback
626042,,F1315|F3170,fallback
626043,,,fallback
626044,,,empty
626045,,,empty
626047,,,fallback
626048,,F2577,fallback
626049,,,fallback
626050,,F1381,fallback
626051,,F1381,fallback
626052,,,empty
626053,,,fallback
626054,,,fallback
626055,,F1381|F432,fallback
626056,,,fallback
626057,,,fallback
626058,,,fallback
626062,,,fallback
626065,,,empty
626078,CHN2013-15-0128303,,fallback
626132,B2011-6119106,F635,fallback
626171,,,empty
626172,,,empty
626180,,,empty
626207,,,empty
626212,NL07-1933133,,fallback
626235,,,fallback
626244,,,fallback
626245,,,fallback
626246,B15-6036583,F1322,fallback
62625,,F326,fallback
626261,,,empty
626262,,,empty
626282,CHN2017-15-0170127,,fallback
626298,,,empty
626302,CHN2017-13-0160079,,fallback
626307,,,empty
626310,,F2186,fallback
626315,CHN2017-13-0160090,,empty
626318,,,empty
626320,CHN2017-13-0160025,,fallback
626327,CHN2007-15-0178925,,empty
626355,,F2830|F3259,fallback
62636,CHN2005-09-301836,,fallback
626369,CHN2016-15-0060058,,empty
62637,CHN2005-10-596060,,fallback
626405,AU2018-JEDDS35190,,fallback
626446,,,empty
626459,,,empty
626464,,,empty
626468,,,empty
626481,,,empty
626493,,,empty
626499,,,empty
626505,,,empty
626506,,,empty
626567,B13-5002966,F1133:1|F596:2|F2579:3|F2632:4,structured
626580,CHN2017-15-0108658,,empty
626586,,,fallback
626589,CHN2017-15-0108653,,empty
626597,CHN2016-15-0128069,,empty
626606,,,fallback
626625,,,fallback
626633,CHN18-8000435,,fallback
626636,CHN18-8000437,,fallback
626643,CHN2011-05-483094,F4320:2|F4774:2,structured
626647,,,fallback
626648,,,fallback
626651,,,fallback
626652,,,fallback
626662,,F2836|F3141,fallback
626665,,,fallback
626670,,F2937,fallback
626674,,,fallback
626675,,,fallback
626681,,,fallback
626686,,F1061,fallback
626690,,,fallback
626698,,,fallback
626802,,F456,fallback
626805,,,fallback
626807,,,fallback
626812,B17-2076139,F224|F2577|F2684|F2685|F3126|F3262|F3267|F3269|F379|F54|F57|F573|F755,fallback
626814,,,fallback
626826,,,fallback
626828,,,fallback
626829,,F1583|F1913|F3116,fallback
626842,,,fallback
626846,,,fallback
626904,CHN2013-02-408393,,fallback
626905,,,empty
626910,,,fallback
626935,CHN2017-15-0141103,,empty
626936,NL2007-1766826,,fallback
626978,,,empty
626987,,,empty
627022,,,empty
627035,CHN2016-13-0029878,F5110:1,structured
627036,,,empty
627042,,,empty
627046,,,empty
627091,,,empty
627092,BE11-6331666,F1529,fallback
627093,,,fallback
627132,,,empty
627139,,,empty
627141,CHN2017-0207832,,fallback
627149,CHN2017-13-0160055,,fallback
627151,CHN2016--13-0029317,,fallback
627179,CHN18-09-0501268,,fallback
627181,CHN18-09-0060166,,fallback
627185,CHN18-09-0062682,,fallback
627186,CHN18-09-0060165,,fallback
627191,,,empty
627192,,,fallback
627193,,,fallback
627196,,,empty
627215,,,fallback
627240,,,fallback
627268,,,empty
627276,,,empty
627277,,,empty
627278,,,empty
627287,,,empty
627329,CHN2018-12-0383262,,fallback
62733,BE07-4373756,F2684|F3128|F575|F580,fallback
627331,CHN2018-12-0329999,,fallback
627334,CHN2017-12-0423700,,fallback
627340,B17-5129968,,fallback
627341,B17-5129967,,fallback
627342,CHN2017-12-0492704,,fallback
627372,CHN17-09-0160136,,empty
627453,CHN2014-02-573584,,empty
627456,,F1161|F2879|F3308,fallback
627457,,,fallback
627465,,,empty
627468,,F3105,fallback
627469,,,empty
627470,,,fallback
627471,,,fallback
627480,,,fallback
627515,BE13-6077718,,fallback
627519,BE17-6216770,,fallback
627536,BE14-6125020,,fallback
627539,BE18-6115944,,fallback
627545,BE15-6168687,,fallback
627563,CHN18-09-0062672,,empty
627565,CHN18-09-0062668,F2916|F813,fallback
627572,,,empty
627594,CHN18-09-0060161,,empty
627608,BE17-6257713,,fallback
627612,BE15-6168725,F785,fallback
627616,BE14-6312654,F785,fallback
627622,BE17-6216766,,fallback
627626,BE18-6242658,,fallback
627628,BE08-6349099,,fallback
627633,BE17-6257720,,fallback
627641,BE17-6216721,,fallback
627642,BE17-6257745,,fallback
627648,BE15-6168682,,fallback
627658,BE17-6257715,,fallback
627661,BE17-6257716,,fallback
627671,BE17-6216720,,fallback
627707,,,fallback
627716,,,fallback
627867,B11-6091884,,fallback
627886,,,empty
627893,,F3326|F3327,fallback
627912,,,empty
627975,CHN15-03-1307231,F4718:1|F3116:3|F2680:4|F2812:4,structured
627977,BELG2016--1256160,F4718:1|F3116:3|F2680:4|F2812:4,structured
627978,,,fallback
627979,BELG2016--1256160,F4718:1|F3116:3|F2680:4|F2812:4,structured
627981,BELG2016-1256220,F4718:1|F3116:3|F2680:4|F2812:4,structured
627982,CHN17-03-1087667,F4469:1|F1082:2|F1718:2,structured
627998,,,empty
628012,,,empty
628062,CHN2018-01-0130825,F1868:1|F1865:2|F4905:2,structured
628064,CHN2018-01-0996654,F5004:1|F1865:2|F1866:2,structured
628065,CHN2018-01-0996672,F5009:1|F5023:1,structured
628066,CHN2018-01-0996681,F5021:1|F1865:2|F1866:2,structured
628067,CHN2018-01-0996682,F5021:1|F1865:2|F1866:2,structured
628068,CHN2018-01-0996686,F5009:1|F5023:1,structured
628069,CHN2018-01-0996687,F1731:2|F1929:2|F2361:2|F4987:2,structured
628070,CHN2018-01-0996688,F1731:2|F1929:2|F2361:2|F4987:2,structured
628071,CHN2018-01-0996694,F5009:1|F1731:2|F1929:2,structured
628075,CHH2018-01-1218861,F5025:1|F1979:2|F1982:2,structured
628076,CHN2018-01-1218863,F5021:1|F1865:2|F1866:2,structured
628077,CHN2018-01-1500892,F2361:2|F4927:2|F4987:2|F1865:3|F1866:3,structured
628092,CHN2017-01-1225576,F1868:1|F4956:1,structured
628093,CHN2018-01-0996605,F5004:1|F1865:2|F1866:2,structured
628094,CHN2018-01-0996606,F5004:1|F1865:2|F1866:2,structured
628096,CHN2018-01-1218813,F5025:1|F1865:2|F4905:2,structured
628097,CHH2018-01-1218814,F5025:1|F1865:2|F4905:2,structured
628098,CHN2018-01-1218881,F4928:1|F4927:2|F1865:3|F1866:3,structured
628099,CHN2018-01-1500896,F5025:1|F1865:2|F4905:2,structured
628100,CHN2018-01-1500899,F1865:2|F4842:2,structured
628101,CHN2018-01-1603621,F5025:1|F1865:2|F4905:2,structured
628102,CHN2018-01-1603629,F1865:2|F4842:2,structured
628103,CHN2018-01-1603630,F1865:2|F4842:2,structured
628135,,F1485|F1664,fallback
628138,,,fallback
628140,,,fallback
62815,,,fallback
628197,CHN2016-15-0337998,F4732:1|F6179:2|F6192:2,structured
628246,,,fallback
628258,,F1153|F1988|F2007,fallback
628259,,,fallback
628268,,F1319|F1940,fallback
628271,CHN2006-26-113798,,empty
628272,CHN2008-26-227576,,empty
628275,,,empty
628276,,,empty
628277,CHN2017-15-0141117,,empty
628278,CHN2017-15-0170112,,empty
628279,,,empty
628281,,,empty
628282,CHN2017-15-0178917,,empty
628283,,,empty
628285,CHN2016-15-0128326,,empty
628292,CHN2016-15-0128347,,empty
628326,CHN2018-30-0270029,,fallback
628333,CHN2018-30-0270035,,empty
628338,CHN2018-30-0270095,,empty
628346,CHN2018-30-0271505,,empty
628351,CHN2018-30-0270038,,empty
628352,CHN2018-30-0270076,,fallback
628354,CHN2018-30-0270060,,fallback
628356,CHN2018-30-0270059,,fallback
628358,CHN2018-30-0270073,,fallback
628359,CHN2018-30-0270021,,empty
628363,CHN2018-01-0996601,F1865:1|F1866:1,structured
628364,CHN2018-01-0996602,F1865:1|F1866:1,structured
628365,CHN2018-01-0996613,F1865:1|F1866:1,structured
628366,CHN2018-01-0996651,F1865:1|F1866:1,structured
628367,CHN2018-01-0996652,F1865:1|F1866:1,structured
628368,CHN2018-01-1218811,F1865:1|F1866:1,structured
628369,CHN2018-01-1218812,F1865:1|F1866:1,structured
628370,CHN2018-01-1218893,F1865:1|F1866:1,structured
628371,CHN2018-01-0996675,F4927:1|F1865:2|F1866:2,structured
628372,CHN2018-01-1500900,F4927:1|F1865:2|F1866:2,structured
628384,BELG11-4288345,,fallback
628389,CHN2015-23-0566555,,fallback
628393,CHN2014-23-248628,,fallback
628408,,,fallback
628410,CHN2014-23-249776,,fallback
628413,CHN2014-22-1556836,,fallback
628416,CHN2014-22-1556835,,fallback
628417,CHN2014-23-249645,,fallback
628418,,,fallback
628437,,,empty
628448,,,fallback
628474,,,fallback
628528,,,fallback
628538,CHN2016-32-0051985,,empty
628548,CHN2016-15-0128321,,empty
628573,,,fallback
628581,,,fallback
628596,,,empty
628597,,,empty
628675,CHN2018-30-0270092,,fallback
628685,CHN2018-30-0270046,,empty
628688,CHN2018-30-0270126,,empty
628698,CHN2018-32-0708056,,empty
628699,CHN2014-05-055809,F4100:2,structured
628710,BELG2012-2061180,F4352:1|F4225:2|F4278:2,structured
628720,CHN2018-32-0708054,,empty
628722,CHN2018-32-0708053,,empty
628724,CHN2018-03-0310582,,empty
628725,CHN2018-03-0310580,,fallback
628726,CHN2018-03-0310598,,fallback
628727,CHN2018-03-0310573,,empty
62873,,,fallback
628744,CHN2009-15-279943,F3371:2|F4100:2,structured
628855,CHN2016-15-0100394,,empty
629062,,,empty
629067,,,fallback
629092,,,empty
629097,,,empty
629101,,,empty
629109,CHN2017-23-0195011,F3170,fallback
629129,CHN18-03-0900987,F4536:1,structured
629132,CHN2015-01-0690689,F2361:1,structured
629170,,,fallback
629174,,,fallback
629175,,,empty
62918,NL08-1191656,,fallback
629277,,,fallback
629300,,,empty
629307,,,empty
629313,B18-2069160,F2410|F2483|F2553|F2604|F2666|F2697|F2725|F2765|F2780|F2946,fallback
629314,B18-2069161,F2410|F2483|F2553|F2604|F2666|F2697|F2725|F2765|F2780|F2946,fallback
629318,B18-2069162,F1209|F1913|F2736|F2762|F3116|F474|F510|F711|F863|F878,fallback
629321,B18-2069165,F1209|F1811|F2410|F2472|F2604|F2737,fallback
629322,B18-2069166,F1913|F2326|F2738|F3116|F474|F510|F711|F874|F878,fallback
629328,B18-2069171,F2032|F2684|F2685|F3269|F379|F573|F755,fallback
629330,B18-2069179,F224|F2577|F3126|F3262|F3267|F54|F57|F573,fallback
629343,DV02098-04-1495,,fallback
629344,DV02098-16-1028,F5187:2|F5189:2|F5195:2|F5972:3|F5188:4,structured
629345,DV02098-17-1697,F5186:2|F5189:2|F5195:2|F5173:3,structured
629347,DV02098-12-681,F603:2|F5189:2|F5192:2,structured
629358,,,empty
629360,,,fallback
629415,B10-3137482,,fallback
629446,B18-2069186,F1209|F1913|F2410|F2604|F2697|F2738|F2765|F3116,fallback
629447,B18-2069187,F1209|F1913|F2410|F2604|F2697|F2738|F2765|F3116,fallback
629451,B18-2069198,F1913|F2410|F2604|F2697|F2738|F2765|F3116,fallback
629452,B18-2069200,F2410|F2483|F2604|F2666|F2697|F2765|F962,fallback
629453,B18-2069361,,fallback
629459,B18-2069362,,fallback
629463,CHN2014-05-055732,F4814:1|F4890:1,structured
629464,B18-2069370,F1913|F2736|F2762|F3116|F474|F509|F510|F711|F863|F878,fallback
629466,B18-2069377,F1913|F2326|F2410|F2483|F2666|F3116|F3212|F474|F510|F711|F874|F878,fallback
629467,B18-2069378,F2326|F2410|F2604|F2684|F2685|F3269|F379|F573|F755|F874,fallback
629469,B18-2069380,F2410|F2483|F2553|F2604|F2666|F2697|F2725|F2765|F2780|F2946,fallback
629470,B18-2069381,F2410|F2483|F2553|F2604|F2666|F2697|F2725|F2765|F2780|F2946,fallback
629487,B18-2069391,F1209|F1913|F2736|F2762|F3116|F773|F863,fallback
629488,B18-2069392,F1209|F1913|F2736|F2762|F3116|F773|F863,fallback
629496,C18-24-0733699,,empty
629498,B18-2069410,F2326|F2410|F2413|F2447|F2467|F2483|F2666|F2737|F2946|F773,fallback
629511,,,fallback
629512,,,empty
629517,,,empty
629519,,,empty
629521,,,fallback
629528,,,empty
629529,,,empty
629530,,,empty
629534,,,empty
629537,,,fallback
629539,,,fallback
629540,,,empty
629542,,,empty
629544,,,empty
629545,,,fallback
629546,,,empty
629548,,,empty
629551,,,empty
629552,,,fallback
629556,B18-2069425,F1913|F2410|F2472|F2577|F2666|F2737|F3116|F3126|F3209|F474|F510|F711|F864|F878,fallback
629557,B18-2069427,F224|F2326|F2410|F2604|F2684|F2685|F3128|F3262|F3269|F379|F54|F573|F755|F764|F921,fallback
629560,B18-2069436,F1181|F1209|F2410|F2491|F2511|F2553|F2604|F2697|F2725|F2765|F2780|F2946|F3073|F773,fallback
629584,B2018-2069437,F1181|F1209|F2410|F2491|F2511|F2553|F2604|F2697|F2725|F2765|F2780|F2946|F3073|F773,fallback
629618,B17-2076324,F1209|F1913|F2410|F2604|F3116|F3212,fallback
629625,B17-2076376,F1913|F2410|F2472|F2483|F2604|F2666|F2737|F3116|F474|F510|F711|F878,fallback
629626,B17-2076398,F2684|F2685|F3269|F379|F573|F755,fallback
629628,B17-2076423,F2326|F2410|F2470|F2486|F2604|F2697|F2765|F2818|F3000|F371|F874,fallback
629629,B17-2076426,F224|F2410|F2604|F2684|F2685|F3128|F3262|F3269|F379|F54|F573|F755|F764|F921,fallback
629632,,,fallback
629633,,,fallback
629634,,,fallback
629635,,F773,fallback
629662,,,empty
629667,T2016-0259,F2975|F3095,fallback
629815,BELG2012-6201317,,fallback
629820,BELG2017-6037517,,fallback
629821,,,fallback
629840,,,empty
629841,,,empty
629842,,,empty
629843,,,empty
629844,,,empty
629845,,,empty
629878,B16-6188866,F1754,fallback
629903,T2016-0258,,fallback
629941,T2017-2315405,F2975|F3095,fallback
629969,C2018-12-0383243,,empty
629970,,,empty
629971,,,fallback
629972,,,fallback
630074,,,empty
630196,,,fallback
630197,,,fallback
630208,,,fallback
630247,,,empty
630253,BE18-6167808,,fallback
630263,BE13-4096740,,fallback
630283,,,fallback
630358,CHN17-09-0162698,,empty
630359,CHN17-09-0206519,,empty
630360,CHN17-09-0162697,,empty
630368,CHN18-09-0130952,,empty
630370,CHN16-09-0113137,,empty
630392,,,fallback
630416,,,fallback
630417,B2012-3127598,,fallback
630418,,,fallback
630419,BO5-4403706,,fallback
630422,BELG2013-3056024,F1581,fallback
630425,T2016-0466,F2975|F3095,fallback
630428,,,fallback
63044,,,empty
630451,B2017-3008292,F1583,fallback
630462,,,empty
630471,DV0297-10-158,,fallback
630475,DV02585-11-728,F5537:2|F5542:2|F5908:2,structured
630476,,,fallback
630484,BELG2013-3159401,,fallback
630491,,,fallback
630497,BELG2014-3157392,F1581,fallback
630504,BELG2015-3025022,,fallback
630520,BELG2013-3164543,,fallback
63054,CHN09-16-035584,F4617:1|F4652:1,structured
630540,BELG2018-3128625,,fallback
630555,BELG2012-3162831,,fallback
630562,,,empty
630602,B15-1051551,F1394:2|F1412:2|F1688:2|F3206:3|F3357:3,structured
630608,B15-1051555,F1395:2|F1694:2|F3206:2|F3357:2,structured
630610,CHN2011-01-1000253,,fallback
630617,C14-22-1057602,,empty
630687,,,empty
630694,,,fallback
630695,,,fallback
630714,CHN2014-13-144442,,empty
630740,,,empty
630742,,,empty
630883,,,empty
630890,,,empty
630903,,,empty
630906,,,empty
630910,,,empty
630920,,,empty
630921,,,empty
630922,,,empty
630925,,,fallback
630932,,,empty
630935,,,empty
630954,,,fallback
630982,CHN2018-30-0270029,,fallback
631036,,,empty
631042,CHN2018-00-B004737,,fallback
631065,C2018-12-0329955,,fallback
631066,C2018-12-0330000,,fallback
631068,C2017-12-0492707,,fallback
631069,C2018-12-0383264,,fallback
631070,C2018-12-0383271,,fallback
631071,C2018-12-0383263,,fallback
631082,,,fallback
631083,,,fallback
631085,,,fallback
631086,,,empty
631087,,,empty
631091,B10-6031878,F319:2|F3065:2|F3170:2|F3346:2,structured
631103,B10-6031862,F272:2|F814:2|F3065:2|F3170:2,structured
631156,,F1659|F1757,fallback
631157,,F1659|F1757,fallback
631175,BELG2013-2053461,,empty
631237,,,empty
631238,,,empty
631240,,,empty
631242,B17-6092038,F780:2|F1348:2|F1957:2|F2006:2,structured
631248,,,empty
631250,,,empty
631253,,,empty
631254,,,empty
631258,,,fallback
631434,,,empty
631535,,,fallback
631537,,,fallback
631546,,,fallback
631548,,,fallback
631565,,,fallback
631576,,,fallback
631578,,,empty
631580,,,fallback
631582,,,fallback
631613,,,empty
63162,,F2480|F2554,fallback
631631,,,fallback
631640,,,fallback
631649,,,fallback
631654,,,fallback
631655,,,fallback
631656,,,fallback
631673,DV09581-13-1001,,fallback
631713,DV07364-10-141,,fallback
631714,DV07364-10-110,,fallback
631718,,,fallback
631725,,,fallback
631726,,,empty
631727,,,fallback
631728,,,empty
631729,,,empty
631730,,,fallback
631731,,,empty
631732,,,fallback
631750,BE09-4018157,,fallback
631798,B17-6260774,F3444:2|F3535:2|F3605:2|F4032:4|F4078:4,structured
631799,B18-6123297,F3444:2|F3535:2|F3605:2|F4032:4|F4078:4,structured
631800,,F1315|F145|F1517|F1529|F1554|F2780|F3170|F3182|F432|F637,fallback
631824,,F1315|F1382|F1383|F145|F1554|F2780|F3170|F3182|F432|F617|F635|F637,fallback
631825,,F1315|F1382|F1383|F145|F1554|F2780|F3170|F3182|F432|F617|F635|F637,fallback
631834,,,fallback
631842,,,empty
631855,DV09581-11-383,,fallback
631878,B15-6100897,F1213:2|F1321:2|F604:3|F100:4|F309:4|F2866:4|F3155:4|F3159:4|F2868:5|F3045:5,structured
631920,CHN2018-00-B004685,,fallback
631974,,,fallback
632079,CHN2017-32-0939565,,fallback
632080,CHN2017-30-0749165,,empty
632082,CHN2017-30-0749103,,fallback
632123,,,fallback
632129,,,empty
632148,,,empty
632153,,,empty
632157,,,empty
632161,,,empty
632520,DV02098-14-1140,F5160:2|F5189:2|F6052:2|F5192:3,structured
632525,,,fallback
632526,,,empty
632532,CHN2015-23-0566489,F3262|F54,fallback
632550,CHN2018-00-B008565,,fallback
632579,,,empty
632625,,,fallback
632636,CHN2018-00-B004701,,fallback
632645,AU2018-JEDDS35108,,fallback
632651,CHN2015-23-0566488,F3262|F54,fallback
632652,,,fallback
632665,CHN2018-26-0234509,,empty
632669,CHN2016-23-0885089,F3262,fallback
632670,CHN2016-23-0885084,F3262,fallback
632672,CHN2014-23-148104,,fallback
632738,,,fallback
632739,,,empty
632764,,,empty
632765,,,fallback
632766,,,empty
632767,,,empty
633051,CHN2018-00-B004706,F1581,fallback
633054,,,fallback
633083,C2012-100011,,fallback
633136,B16-3138736,,empty
633148,,,empty
633214,,,fallback
633218,CHN18-09-0062751,,empty
633230,C2013--43456,,fallback
633232,,,fallback
633238,,,empty
633252,CHN2014-23-249928,F3170,fallback
633255,CHN2014-22-1556831,F3170,fallback
633260,CHN2014-23-249659,F3170,fallback
633264,CHN2017-23-0195012,F3170,fallback
633268,CHN2014-23-0195040,F3170,fallback
633273,CHN2016-23-0885056,F3170|F636|F637,fallback
633274,CHN2016-23-0885166,F3170,fallback
633280,CHN2013-23-686638,F931,fallback
633337,,,empty
633338,,,empty
633344,B11-2070535,F3543:2,structured
633348,,,empty
633360,,,fallback
633371,,,empty
633483,,,fallback
633485,,,fallback
633506,,F1315|F145|F1529|F1554|F2780|F3170|F3182|F432|F637,fallback
633514,,,fallback
633515,,,fallback
633524,,,fallback
633525,,,fallback
633526,,,fallback
633530,NL09-4210207,,fallback
633683,,,fallback
633684,,,fallback
633685,,,fallback
633687,,F1759,fallback
633689,,,fallback
633694,,F1906,fallback
633738,,,empty
633753,,,fallback
633855,C18-01-0372303,F4735:1|F4736:1,structured
634160,,,empty
634161,,,empty
634164,,,empty
634167,,,empty
634170,,,empty
634174,,,empty
634181,,,empty
634184,,,empty
634202,C18-03-0901000,F1906,fallback
634205,,,fallback
634207,,F2399|F3116|F723,fallback
634208,,,fallback
634222,,F2399|F3116|F723,fallback
634236,CHN18-09-0500064,,empty
634241,,,empty
634354,BE14-6091885,,fallback
634355,BELG2006-6210140,,fallback
634372,,,fallback
634398,BELG2013-2053230,,empty
634399,BELG2011-2083306,,empty
634406,T2016-158533,F1485|F1553|F1664|F402,fallback
634486,,,fallback
634533,,,empty
634589,,,empty
634591,,,empty
634602,,,fallback
634615,,,fallback
634691,CHN2018-01-0815615,,fallback
634719,,,fallback
634729,,,fallback
634730,,,fallback
634731,,,fallback
634736,,,fallback
634739,,,fallback
634751,,,fallback
634753,,,fallback
634764,,F3170|F431,fallback
634816,,,fallback
634991,,,fallback
634993,,,empty
634994,,,empty
634999,,F2516|F2740|F684,fallback
635050,CHN2016-15-0060035,,empty
635054,,,empty
635058,CHN2017-15-0108658,,empty
635059,CHN2017-15-0108653,,empty
635062,CHN2016-15-0060058,,empty
635067,CHN2017-15-0010335,,empty
635069,CHN2016-15-0128345,,empty
635071,CHN2017-15-0016245,,empty
635072,CHN2016-15-0128044,,empty
635073,,,empty
635075,CHN2014-15-107883,,empty
635076,CHN2016-15-0128084,,empty
635077,CHN2014-15-107875,,empty
635091,CHN2017-15-0178926,,empty
635092,CHN2017-15-0170106,,empty
635095,CHN2016-15-0128059,,empty
635096,CHN2016-15-0128058,,empty
635098,CHN2012-15-132338,,empty
635103,CHN2016-15-0128350,,empty
635104,CHN2017-15-0170101,,empty
635106,CHN2017-15-0141104,,empty
635154,,,fallback
635155,,,fallback
635235,CHN17-03-1150445,F2011:2|F1392:3|F1398:3|F1451:3|F1803:3|F1804:3|F3237:3,structured
635266,C2017-0600682,,fallback
635411,B13-6122390,F1199:2|F1200:2,structured
635446,B15-6091495,F962:2|F1546:2|F1550:2,structured
635489,,,empty
635547,NL11-1185980,F2401|F2946|F3201,fallback
635561,,F1751|F1858,fallback
635631,,,empty
635645,B11-5006852,F1131:1|F1470:1,structured
635741,CHN2018-04-0860169,,empty
635743,CHN2018-04-0860189,,empty
635803,BE13-3048560,,fallback
635815,NL12-1403137,,fallback
635821,NL12-1403225,,fallback
635844,CHN15-32-0218996,,fallback
635867,CHN16-32-0662393,,fallback
635928,DV02098-16-1010,F5162:2|F5188:2|F5189:2|F5196:2,structured
635998,CHN2014-01-1016190,F636:2|F637:2,structured
636001,BELG2010-6343256,F284:2|F288:2|F1315:2|F3170:2,structured
636003,CHN2015-01-0015403,,fallback
636008,CHN2012-01-018375,F1317:2|F1649:2|F5410:2|F5412:2,structured
636019,CHN2014-01-1017776,F636:2|F637:2,structured
636029,CHN2016-01-1616218,F286:2|F634:2|F636:2|F637:2,structured
636030,CHN2015-01-1416874,F431:2|F1529:2|F1748:2|F3170:2,structured
636031,CHN2015-01-0015770,,fallback
636035,CHN2011-01-981476,,fallback
636054,,,fallback
636064,,,empty
636074,,,empty
636122,,,empty
636127,,,empty
636128,,,empty
636131,,,empty
636132,,,empty
636139,,,empty
636140,,,empty
63618,CHN2000-10-340423,,empty
636193,,,fallback
636194,,,fallback
636195,,F3194,fallback
636198,,F1553,fallback
636206,CHN14-32-433517,,empty
636279,GB14-P33704,,fallback
636449,CHN2018-01-0815673,,fallback
636506,CHN18-00-B008669,F4737:2|F1969:3|F1970:3|F1980:3|F1985:3,structured
636536,,,fallback
636538,CHN2018-10-1065084,F2925,fallback
63654,,,fallback
636564,,,fallback
636599,,,fallback
636606,,,empty
636609,,,empty
636644,,,fallback
636721,BE18-3067379,,fallback
636724,BE18-3067380,,fallback
636726,BE18-3067585,,fallback
636727,BE18-3067599,,fallback
636728,BE18-3067600,,fallback
636729,BE18-3067497,,fallback
636730,BE18-3067498,,fallback
636731,BE18-3130816,,fallback
636749,BE18-3067427,,fallback
636750,BE18-3067342,,fallback
636751,,,fallback
636752,BE17-3008140,,fallback
636756,BE16-3084104,,fallback
636757,BE18-3067364,,fallback
636758,BE18-3067387,,fallback
636761,BE14-6306610,,fallback
636762,BE14-6306593,F1638|F1640,fallback
636763,BE14-6306632,,fallback
636764,BE14-6306580,F3899:1|F4032:3|F4078:3,structured
636765,BE14-6306620,F1750,fallback
636766,BE14-6306621,F1750,fallback
636859,C2018-0266911,,empty
636928,,,fallback
636932,,F1657,fallback
637036,,F175|F180|F3116,fallback
637095,,,empty
637116,,,fallback
637117,,,fallback
637119,,,empty
637121,,,fallback
637122,,,empty
637124,,,empty
637134,,,fallback
637144,,,fallback
637149,,,fallback
637180,,,empty
637188,,,empty
637397,,,fallback
637412,,F2592|F290|F3087,fallback
637457,,,fallback
637459,,,fallback
637461,,,fallback
637475,,,fallback
637476,,,fallback
637486,CHN2012-10-707896,,fallback
637491,,,fallback
637492,B16-6126823,F783:2|F784:2|F1496:2|F3289:2,structured
637494,,F1485|F1664,fallback
637495,,F1503|F2006,fallback
637498,,F1485|F1664,fallback
637502,,,fallback
637503,,,fallback
637504,,,fallback
637505,,,fallback
637506,,,fallback
637517,,,empty
637545,NL2015-1082895,,fallback
637583,BELG10--6180768,,fallback
637602,,,fallback
637657,GB11-R04102,,fallback
637662,AU2014-APC-13244,F2688|F2689,fallback
637669,NL17-3750689,F1604:2|F1761:2|F1782:2|F6410:2,structured
637670,CHN2014-3372209,,empty
637716,,,fallback
637717,,,fallback
637721,,,fallback
637736,,,fallback
637738,,,fallback
637749,,,fallback
637751,,,fallback
637752,,,empty
637799,CHN2018-01-0815677,,fallback
637807,,,empty
637808,,,empty
637847,,F1127,fallback
637848,,,fallback
637864,BE12-6307283,,fallback
637873,BE14-3115682,,fallback
637954,CHN18-15-0134580,F637:2|F830:2|F272:3|F814:3,structured
637960,,,empty
637969,,,fallback
637974,CHN2016-W-005032,,fallback
637975,CHN2018-03-0102152,,fallback
637987,CHN2015-12-0212257,,fallback
637994,CHN2015-12-0214364,,fallback
637995,CHN2015-12-0214417,,fallback
637996,CHN2016-32-0670173,,fallback
637997,CHN2016-32-0670362,,fallback
637998,CHN2016-32-0670509,,fallback
638003,CHN2015-12-0211165,,fallback
638027,,,empty
638063,,,fallback
638098,CHN2016-15-0060075,,empty
638102,CHN2016-15-0128221,,empty
638119,CHN2016-15-0128306,,empty
638265,NL08-1549196,,fallback
638268,CHN2013-12-101915,,fallback
638270,CHN2013-12-101916,,fallback
638276,CHN2012-12-261807,,fallback
638283,CHN2013-12-099031,,fallback
638289,CHN2013-12-088946,,fallback
638293,CHN2013-12-088900,,empty
638303,CHN2013-12-088825,,fallback
638338,CHN2011-12-160915,,fallback
638359,CHN2013-12-088824,,empty
638365,CHN2012-12-261806,,fallback
638369,CHN2011-12-169187,,fallback
638391,CHN2010-12-174824,,empty
638460,CHN2010-12-168652,,fallback
638461,CHN2010-12-168653,,fallback
638471,CHN11-10-078271,,empty
638472,CHN11-10-078273,,empty
638473,CHN11-10-078272,,empty
638503,CHN11-10-078278,,fallback
638731,,,fallback
638764,,,empty
638918,CHN2013-02-013504,,fallback
638919,CHN2013-02-013597,,fallback
638954,CHN11-32-155488,,empty
639015,CHN2013-02-001282,,fallback
639016,CHN2013-02-003878,,fallback
639017,CHN2013-02-013503,,fallback
639018,CHN2013-02-013558,,fallback
639048,,,empty
639051,,,fallback
639201,,,fallback
639202,B2013-2172424,,fallback
639208,,,fallback
639209,,,fallback
639220,,,fallback
639280,,,fallback
639282,,,fallback
639292,,,empty
639298,,,empty
639303,,,fallback
639308,,,empty
639326,,,fallback
639331,,,fallback
639332,,,fallback
639333,,,fallback
639334,,,fallback
639336,,,fallback
639338,,,fallback
639341,,,fallback
639342,,,fallback
639343,,,fallback
639345,,,fallback
639346,,,fallback
639347,,,fallback
639349,,,fallback
639351,,,fallback
639427,CHN17-32-0091417,,empty
639436,,,empty
639452,CHN2017-15-0328759,F3973:2|F6179:3|F6192:3,structured
639638,BE16-3084483,F4251:2,structured
639661,,,fallback
639722,CHN15-10-0740612,,empty
639983,B14-6235897,F1867:1,structured
640009,B11-6091986,F1760,fallback
640020,B11-6091888,F1760|F2967,fallback
640069,,,fallback
640073,BELG2005-3006583,,fallback
640091,BELG2006-3008003,F1581,fallback
640092,BELG2007-3008347,,fallback
640099,BELG2009-3095082,,fallback
640118,BELG2009-3095111,,fallback
640119,DE08619-15-61,F800:2|F1491:2|F2387:2|F6757:2,structured
640121,NL2010-2031686,F5953:2|F5954:2|F6911:2|F7205:2,structured
640127,BELG2011-6061221,F1100:2|F1288:2|F2704:2|F2716:2,structured
640138,BELG2009-3095224,,fallback
640158,B16-6032586,,fallback
640159,B09-6248548,F1508,fallback
640160,B09-6370701,F317,fallback
640161,BELG2010-2024097,,fallback
640167,B17-6025423,F445:2|F1167:2|F1658:2,structured
640176,B17-6025425,F1508:2|F1658:2,structured
640177,BELG2010-3047084,,fallback
640325,BELG2010-3047086,F1581,fallback
640326,BELG2010-3047091,,fallback
640327,BELG2011-3070033,,fallback
640341,BELG2011-3175768,,fallback
640365,BELG2012-3089679,F4336:1|F4354:1,structured
640392,BELG2014-3067121,F1581,fallback
640398,BELG2014-3157495,F1581,fallback
640419,BELG2015-3025021,F1581,fallback
640421,BELG2015-3147826,,fallback
640424,BELG2015-3150433,F1581,fallback
640460,,,fallback
640462,,,fallback
640465,B17-6167513,F1021|F1382,fallback
640466,B16-6167530,,fallback
640579,CHN17-10-1072325,,empty
640707,CHN2018-10-0973074,F4967:1|F4362:3|F4802:3|F4782:4|F4789:4|F4819:4|F4829:4,structured
640708,CHN2018-15-0112525,F4857:2|F4877:2|F4914:2|F4969:2,structured
640713,B17-6167640,F1137|F1383|F1529,fallback
640718,B18-6123224,,fallback
640721,B18-6123231,F1382,fallback
640741,CHN2018-10-0973078,F5028:1|F4679:2|F4816:3|F5365:3,structured
640749,BE2015-3025161,F1581,fallback
640750,BE2010-4020268,F378:2|F569:2|F939:2|F1277:2,structured
640785,BE2013-6304954,F1517:1,structured
640790,,,fallback
640793,BE2013-6062091,,fallback
640798,,,fallback
640836,NL2014-1603723,F1666:2|F1760:2|F99:3|F153:3|F1368:3,structured
640837,NL2012-1389525,F1210:2|F1685:2|F5825:2|F6314:2,structured
640860,,,fallback
640864,B18-6123279,F1382,fallback
640867,,F1021|F1380|F1529,fallback
640876,,F1382|F617|F635,fallback
640885,B18-6253817,,fallback
640889,,,fallback
640895,C2013-889887,,empty
641000,,F1383|F617|F635,fallback
641001,B18-6253941,F3444:2|F3535:2|F3605:2|F4032:4|F4078:4,structured
641002,B18-6253954,F1382|F617|F635,fallback
641003,B18-6253961,,fallback
641004,,F1382,fallback
641005,B18-6253966,F1382,fallback
641006,B18-6253967,F1382,fallback
641010,,,fallback
641011,B18-6254871,F1382,fallback
641012,B18-6254875,F3444:2|F3535:2|F3605:2|F4032:4|F4078:4,structured
641013,B18-6254876,F3444:2|F3535:2|F3605:2|F4032:4|F4078:4,structured
641042,,,fallback
641044,,,fallback
641051,,,fallback
641052,,,fallback
641056,B15-1051564,F713:2|F1261:2|F1265:2|F1392:2,structured
641057,,,empty
641063,BE2011-6119176,F3065|F3170,fallback
641065,,,fallback
641066,,,empty
641070,,,empty
641072,BELG2014-3067003,F1581,fallback
641088,BELG2016-3084079,F1581,fallback
641109,BELG2016-3084182,F1581,fallback
641136,BELG2016-3138788,F1581,fallback
641137,BELG2016-3141691,F1581,fallback
641141,BE2012-6315136,,fallback
641151,BE2013-6319004,F1888,fallback
641153,BE2012-6315131,F431:2|F4285:2|F4405:2,structured
641158,BE2017-4062766,F4208:2|F4466:2|F4471:2|F4472:2,structured
641161,,F2593|F2859|F290|F3087|F466|F667,fallback
641162,BE2016-6075888,,fallback
641164,BE2017-6153399,,fallback
641167,BELG2017-3008027,F1581,fallback
641193,BELG2017-3008872,F1581,fallback
641195,BELG2018-3067014,F1581,fallback
641209,,,fallback
641212,,,fallback
641223,,F1517,fallback
641234,,,fallback
641270,,,fallback
641281,,,fallback
641284,,,fallback
641285,,,fallback
641287,,,fallback
641288,,,fallback
641290,,,fallback
641294,,,fallback
641295,,,fallback
641308,,,fallback
641386,NL11-3023881,,fallback
641389,,,fallback
641396,,,fallback
641407,,,fallback
641422,,,empty
641433,,,fallback
641458,BE12-6023417,F1529|F1642|F3170,fallback
641468,BELG2018-3067047,F1581,fallback
641472,,,fallback
641476,,,empty
641479,,,empty
641487,,,empty
641491,BELG2018-3067067,F1581,fallback
641494,BELG2018-3067086,,fallback
641498,BELG2018-3067199,F1581,fallback
641500,BELG2018-3067200,F1581,fallback
641501,BELG2018-3067279,F1581,fallback
641508,,,empty
641548,BELG2018-3067280,F1581,fallback
641551,BELG2018-3067343,F1581,fallback
641662,BELG2018-3067390,,fallback
641664,BE18-2084033,,fallback
641665,BELG2018-3067407,F1581,fallback
641669,BELG2018-3067465,,fallback
641674,NL18-1540443,F1913:2|F3116:3|F2680:4|F2746:4|F2812:4|F3234:4,structured
641679,BE18-2084011,,fallback
641680,BELG2018-3128611,,fallback
641684,B16-6031724,F407:2|F1169:2|F2880:3|F2934:3|F409:4|F2550:4|F2766:4|F3032:4,structured
641687,B16-6031558,F1168:2|F1169:2|F1337:2|F762:3|F3260:3,structured
641695,,,fallback
641699,,,fallback
641700,,,fallback
641701,,,fallback
641702,,,fallback
641709,,,fallback
641711,CHN17-03-1295665,,fallback
641715,CHN15-03-0168525,,fallback
641717,,,fallback
641721,,F1609|F1913|F379|F714,fallback
641737,B15-1051541,F1392:2|F1451:2|F1803:2|F1804:2,structured
641738,,F1383|F1529|F617|F635,fallback
641765,,,empty
641779,,,empty
641797,B17-2076003,F1181|F1209|F1913|F2491|F2511|F2553|F2725|F2736|F2762|F2780|F2946|F3073|F3116|F773|F863,fallback
641799,B17-2076012,F1209|F1913|F2483|F2666|F2738|F3116,fallback
641800,B17-2076014,F2410|F2472|F2604|F2666|F2697|F2737|F2765|F2988|F3209|F3212|F864,fallback
641802,B17-2076017,F1056|F168,fallback
641803,B17-2076021,F2326|F2410|F2470|F2486|F2604|F2697|F2765|F2818|F3000|F371|F874,fallback
641804,B17-2076028,F2684|F2685|F3128|F3269|F379|F573|F755|F764,fallback
641806,B17-2076035,F2469|F2528|F2738|F556|F773|F797,fallback
641808,B17-2076029,F2684|F2685|F3128|F3269|F379|F573|F755|F764,fallback
641809,B17-2076045,F1209|F1913|F2736|F2738|F2762|F3116|F863,fallback
641810,B17-2076051,F2326|F2410|F2604|F2684|F2685|F3269|F379|F573|F755,fallback
641811,B17-2076065,F2410|F2604|F2697|F2725|F2765|F2780|F399,fallback
641813,B17-2076078,F1181|F1209|F1913|F2491|F2511|F2553|F2725|F2736|F2762|F2780|F2946|F3073|F3116|F773|F863,fallback
641814,B17-2076079,F1056|F168,fallback
641819,,,fallback
641824,B17-2076081,F1913|F224|F2684|F3116|F3128|F3262|F3269|F379|F474|F509|F510|F54|F573|F711|F755|F764|F878|F921,fallback
641826,B17-2076094,F2073|F2410|F2483|F2666|F3212|F515|F699,fallback
641829,B17-2076101,F1209|F1811|F2410|F2483|F2604|F2666|F2697|F2765,fallback
641831,B17-2076106,F1209|F2073|F2410|F2604|F3212,fallback
641839,B17-2076111,F1209|F2410|F2483|F2604|F2666|F2697|F2765,fallback
641841,B17-2076113,F1209|F1913|F2410|F2604|F3116|F3212,fallback
641846,B17-2076125,,fallback
641858,B18-2069190,F1209|F2073|F2738,fallback
641860,B18-2069197,F1209|F1913|F3116|F474|F509|F510|F711|F878,fallback
641864,B18-2069367,F1913|F2410|F2472|F2577|F2666|F2737|F3116|F3126|F3209|F474|F510|F711|F864|F878,fallback
641866,B18-2069390,F2410|F2472|F2666|F2737|F3209|F3212|F864,fallback
641869,B18-2069399,F224|F2577|F3126|F3262|F3267|F54|F57|F573,fallback
641870,B18-2069405,F2326|F2410|F2472|F2737|F2946|F3269|F515|F699,fallback
641875,B18-2069419,F1811|F2483|F2666|F3209|F3269|F864,fallback
641917,B15-3144517,F1578|F1595,fallback
641929,,,fallback
641930,,,fallback
641944,BE10-6031710,F3170|F431,fallback
641976,,,fallback
641977,,,fallback
641978,,,fallback
641979,,,empty
641980,,,empty
641981,BELG2012-3127549,F4399:1|F4358:2|F4379:2,structured
641983,BELG2013-3160858,,fallback
641984,BELG2014-3070364,,fallback
641986,BELG2014-3157897,,fallback
641987,BELG2015-3147825,,fallback
641988,CHN2016-09-0445149,F2269,fallback
641994,BELG2015-3150458,,fallback
641996,BELG2015-3150477,,fallback
641997,BELG2015-3150484,,fallback
642000,BELG2016-3084127,F1581,fallback
642001,BELG2016-3084134,,fallback
642002,BELG2016-3138774,F1581,fallback
642003,BELG2016-3138880,,fallback
642004,BELG2016-3141635,F1581,fallback
642009,BELG2016-3144289,F1581,fallback
642011,BELG2016-4246825,,fallback
642012,BELG2018-3067049,F1581,fallback
642013,DV05369-12-1293,,fallback
642014,NL2009-1375328,,fallback
642015,NL2010-1693078,F4345:1|F6676:1,structured
642024,CHN18-03-1397970,,fallback
642037,,F1338|F1772,fallback
642039,,,empty
642048,C2015-0228872,,fallback
642049,CHN11-10-119809,,fallback
642054,B18-2069251,F1209|F1913|F2410|F2604|F2697|F2736|F2762|F2765|F3116|F863,fallback
642106,B18-2069397,F1913|F3116|F474|F509|F510|F711|F878,fallback
642107,B18-2069407,,fallback
642109,B18-2069413,F1913|F2410|F2604|F2697|F2737|F2765|F3116|F3209|F474|F510|F711|F864|F878,fallback
642110,B18-2069441,F1209|F1913|F2410|F2483|F2604|F2666|F2736|F2762|F3116|F863,fallback
642111,B17-2076049,F1913|F2410|F2472|F2483|F2604|F2666|F2737|F3116|F474|F510|F711|F878,fallback
642112,B17-2076210,F1913|F2326|F2410|F2483|F2666|F3116|F3212|F474|F510|F711|F874|F878,fallback
642113,B17-2076258,F1181|F1913|F2410|F2491|F2511|F2553|F2604|F2697|F2725|F2765|F2780|F2946|F3073|F3116|F474|F510|F711|F773|F878,fallback
642114,B17-2076007,F2410|F2472|F2483|F2666|F2737|F3209|F515|F699|F864,fallback
642115,B17-2076019,F1209|F2073|F2410|F2604|F3212,fallback
642116,B17-2076026,F1913|F224|F2684|F3116|F3128|F3262|F3269|F379|F474|F509|F510|F54|F573|F711|F755|F764|F878|F921,fallback
642117,B17-2076030,F2565|F371,fallback
642118,B17-2076041,F1913|F2326|F2410|F2483|F2666|F3116|F3212|F474|F510|F711|F874|F878,fallback
642119,B17-2076061,,fallback
642120,B17-2076080,F1209|F2410|F2604|F2697|F2765|F2818|F2878|F3000|F371,fallback
642121,B17-2076095,F1209|F1811|F2410|F2483|F2604|F2666|F2697|F2765,fallback
642122,B17-2076102,F1209|F1811|F2410|F2483|F2604|F2666|F2697|F2765,fallback
642124,B17-2076107,F1913|F2326|F2410|F2483|F2666|F3116|F3212|F474|F510|F711|F874|F878,fallback
642125,B17-2076114,F1209|F1913|F2736|F2738|F2762|F3116|F863,fallback
642126,B17-2076119,F1913|F2410|F2604|F2684|F2685|F3116|F3269|F379|F573|F755,fallback
642127,B17-2076226,F1913|F2410|F2604|F2738|F3116|F3212,fallback
642135,CHN11-10-119810,,fallback
642137,CHN18-03-1397351,,fallback
642140,,,fallback
642141,,,fallback
642168,CHN2018-10-0973056,F4914:1,structured
642176,CHN2018-10-0404732,F4996:1|F4779:2|F4591:3|F4621:3,structured
642257,CHN2007-15-166878CHN2012-15-175946,,empty
642266,,,fallback
642273,,,fallback
642284,,,fallback
642370,,F1209,fallback
642371,,,fallback
642372,,F2501|F342,fallback
642447,,,empty
642455,CHN13-10-472124,,empty
642478,CHN17-03-1337249,,fallback
642513,,,empty
642525,CHN2016-13-0208695,,fallback
642559,,F1104|F2752,fallback
642682,CHN18-03-1397378,,fallback
642683,CHN17-32-0354709,,fallback
642700,CHN17-32-0091056,,empty
642716,C2018-0901072,,fallback
642733,CHN16-32-0659998,,fallback
642734,CHN12-10-663238,,empty
642735,CHN16-32-0657341,,fallback
642737,CHN16-32-0663566,,fallback
642738,CHN17-10-0258117,,empty
642740,CHN17-32-0091051,,empty
642747,CHN15-32-0217863,,empty
642776,,,fallback
642777,,,fallback
642778,,,fallback
642779,,,fallback
642780,,,fallback
642781,,,fallback
642783,BELG2014-2345050,,fallback
642784,,,fallback
642785,,,fallback
642786,BELG2016-6237641,,fallback
642787,BELG2016-6237617,,fallback
642789,BELG2015-6177149,,fallback
642790,BELG2016-6237619,,fallback
642791,BELG2015-6026000,,fallback
642792,BELG2015-6025952,,fallback
642793,BELG2015-6025992,,fallback
642794,,,fallback
642795,,,fallback
642796,BELG2016-4233771,,fallback
642799,DV2015-02098-197,,fallback
642800,DV2015-02098-196,,fallback
642802,,,fallback
642803,DV2015-02098-161,,fallback
642804,,,empty
642805,,,empty
642806,,,empty
642807,,,fallback
642808,,,fallback
642809,,,empty
642810,,,fallback
642811,,,fallback
642812,,,empty
642813,,,fallback
642814,,,fallback
642815,,,fallback
642816,,,fallback
642817,,,fallback
642818,,,fallback
642819,,,fallback
642821,,,fallback
642822,,,fallback
642823,,,fallback
642824,,,fallback
642825,,,fallback
642826,,,fallback
642827,,,fallback
642828,,,fallback
642829,,,fallback
642830,,,fallback
642831,,,fallback
642832,,,fallback
642833,,,empty
642834,,,fallback
642835,,,fallback
642836,,,fallback
642837,,,fallback
642838,,,fallback
642839,,,fallback
642840,,,fallback
642841,,,fallback
642842,,,fallback
642843,,,empty
642844,,,fallback
642845,,,fallback
642846,,,fallback
642847,,,fallback
642848,,,fallback
642849,,,fallback
642850,,,fallback
642851,,,fallback
642852,,,fallback
642853,,,fallback
642854,,,fallback
642855,,,fallback
642856,,,fallback
642858,,,fallback
642859,,,fallback
642860,,,fallback
642930,CHN14-32-042098,,empty
642932,CHN08-10-573933,,fallback
642948,CHN2017-01-0137972,,fallback
642949,CHN2017-0137971,,fallback
642950,CHN2016-01-1335112,,fallback
642951,CHN2018-01-0685697,,fallback
642952,CHN2018-01-0685676,,fallback
642953,CHN2018-01-0685675,,fallback
642959,CHN2018-0685665,,fallback
642960,CHN2018-01-0685664,,fallback
642961,CHN2018-01-0685652,,fallback
642962,CHN2018-01-0685689,,fallback
642963,CHN2018-01-0685674,,fallback
642964,CHN2018-01-0685673,,fallback
642965,CHN2017-01-0137993,,fallback
642966,CHN2018-01-0685666,,fallback
642967,CHN2018-01-0685655,,fallback
642968,CHN2018-01-0680700,,fallback
642969,CHN2018-01-0680699,,fallback
642970,CHN2018-01-0685693,,fallback
642971,CHN2018-01-0685691,,fallback
642972,CHN2017-01-0137963,,fallback
642973,CHN2017-01-0137962,,fallback
642974,CHN2017-01-0130344,,fallback
642978,B17-5123511,,fallback
642979,B17-5003414,,fallback
642980,,,fallback
642981,,,fallback
642982,,,fallback
643004,B18-5040307,F596,fallback
643005,B18-5040331,F596,fallback
643007,B18-5040366,,fallback
643008,B18-5040497,,fallback
643013,B18-5122853,F946,fallback
643014,B18-5122854,F946,fallback
643019,,,fallback
643020,NL2017-1445881,,fallback
643021,NL2017-1445858,,fallback
643022,,,fallback
643024,,,fallback
643026,,,fallback
643035,,,fallback
643036,B18-5122855,F946,fallback
643046,,,fallback
643047,,,fallback
643049,B18-5122881,,fallback
643051,,,fallback
643052,,,fallback
643054,BELG2015-6002934,,fallback
643055,,,fallback
643056,,,fallback
643058,,,fallback
643111,,F139|F3169|F3199,fallback
643113,,,fallback
643114,,,fallback
643115,,,fallback
64314,,,empty
643171,NL09-1403377,F2461,fallback
643173,NL09-1403398,F4491:2|F4492:2,structured
643223,BE2011-3070191,,fallback
643241,,,fallback
643264,C17-279036,,fallback
643265,C17-279860,,fallback
643266,C14-380243,,fallback
643267,C14-380251,,fallback
643268,C14-380376,,fallback
643269,C14-380377,,fallback
643270,C15-705772,,fallback
643272,C15-751536,,fallback
643273,C15-751629,,fallback
643275,C15-751648,,fallback
643277,C12-809860,,fallback
643345,NL2011-1159933,,fallback
643363,,,fallback
643366,,F3116|F877,fallback
643367,,F3116|F877,fallback
643368,,F1072|F1992,fallback
643375,B217-2005198,,fallback
643376,,F1880|F1992,fallback
643377,B2018-2053733,,fallback
643379,,,fallback
643381,B2018-3003612,F1592|F1969,fallback
643382,B2018-3067082,,fallback
643386,B2018-3067264,F1973,fallback
643387,B2018-3107035,F1819,fallback
643394,B2012-3168982,F1913,fallback
643404,,,empty
643406,,F913,fallback
643436,,,fallback
643437,,,empty
643438,,,fallback
643443,C14-380289,,fallback
643532,C17-279025,,fallback
643533,C17-279026,,fallback
643535,C17-279085,,fallback
643539,C17-279190,,fallback
643542,C11-512619,,fallback
643543,C15-705727,,fallback
643545,C15-705771,,fallback
643546,C15-705816,,fallback
643548,C15-705856,,fallback
643549,C15-705857,,fallback
643589,,,fallback
643590,,,fallback
64362,CHN2011-09-197520,F2477:2|F2593:2|F2710:2|F2861:2,structured
643635,,,empty
643672,,,empty
643741,BELG10--6180767,,fallback
643782,,,empty
643805,B17-2076307,F1913|F2326|F2410|F2483|F2666|F3116|F3212|F474|F510|F711|F874|F878,fallback
643806,B17-2076147,F2410|F2472|F2483|F2666|F2737|F3209|F515|F699|F864,fallback
643807,B17-2076439,F1913|F2410|F2472|F2483|F2604|F2666|F2737|F3116|F474|F510|F711|F878,fallback
643809,B15-2062061,F1913|F2073|F2410|F2483|F2666|F3116|F3179|F865,fallback
643877,B2013-6103507,F1028,fallback
643884,B17-2076373,F1913|F2738|F3116|F474|F509|F510|F711|F878,fallback
643903,,F1021,fallback
643920,,,fallback
643951,,,fallback
643954,,,fallback
643956,,,fallback
643957,,,fallback
643965,NL05-1339168,,fallback
644133,,,fallback
644134,BELG2006-6334181,,fallback
644136,BELG1999-6557954,,fallback
644138,,,empty
644139,,,fallback
644153,,,fallback
644163,,,fallback
644166,,,fallback
644167,,,fallback
644170,,,fallback
644171,,,fallback
644223,,,fallback
644238,,F2477|F2508|F2710|F2712,fallback
644246,,,fallback
644247,,,fallback
644248,,,fallback
644255,,,fallback
644256,,,fallback
644319,C2018-0069942,,empty
644320,,,empty
644323,BELG2008-2169694,F2455,fallback
644324,BELG2008-2169643,F2455,fallback
644326,C2013-24-121127,,empty
644327,C2013-24-121126,,empty
644328,C2015-24-0430229,,empty
644329,C2016-24-0151119,,empty
644331,C2015-24-0430021,,empty
644332,C2017-24-0412099,,fallback
644333,C2017-24-0412100,,fallback
644334,C2017-24-0412110,,fallback
644335,C2017-24-0421578,,fallback
644336,C2017-24-0412186C2017-24-0412186,,fallback
644337,C2017-24-0421546,,fallback
644339,C2017-24-0412178,,fallback
644340,C2017-24-0421521,,fallback
644341,C2017-24-042200,,empty
644342,C2017-24-0412098,,fallback
644343,BE11-4244494,,fallback
644363,BELG2017-2056974,,fallback
644364,BELG2017-2056998,,fallback
644443,,F63,fallback
644496,,,empty
644562,B17-2076342,F1209|F1811|F2410|F2483|F2604|F2666|F2697|F2765,fallback
644579,,F2714,fallback
644675,,,fallback
644719,C14-164976,,fallback
644721,,,fallback
644722,C2016-0003147,,fallback
644780,NL13-1724178,F5681:2|F5749:2|F5769:2|F7149:2,structured
644795,,,fallback
644796,BE2016-6075768,,fallback
644815,CHN2017-02-0008165,,fallback
644816,CHN2015-02-0001576,,fallback
644817,CHN2015-02-0001577,,fallback
644818,CHN2015-02-0500556,,fallback
644819,CHN2017-02-0008166,,fallback
644821,CHN2018-02-0018777,,fallback
644822,CHN2018-02-0165598,,fallback
644833,,F2508,fallback
64485,CHN05-09-002488,F2925,fallback
64487,CHN08-09-005656,F2925,fallback
64489,CHN03-09-021127,F2897,fallback
64491,CHN05-09-030237,F2925,fallback
64492,CHN05-09-030666,,fallback
64497,CHN99-10-077534,F2897,fallback
644976,,,fallback
644977,CHN2016-13-0029324,,fallback
644979,CHN2016-13-0201242,,fallback
644980,,,fallback
644981,BE14-6306584,,fallback
644982,CHN2017-02-0522522,,fallback
645043,,,fallback
645046,,F2477|F2645|F2710|F2711|F2858|F2955,fallback
645048,CHN2016-13-0029888,,fallback
645049,CHN2016-13-0029887,,fallback
645066,,,empty
645087,,,fallback
645089,,,fallback
64514,NL04-1195668,,fallback
645151,,,empty
645195,,,fallback
645273,,,fallback
645321,BE2011-6103524,F2927|F3291,fallback
645325,,,fallback
645329,,,empty
645370,,,empty
64538,CHN07-09-329197,F2925,fallback
64539,CHN05-10-331007,F2897,fallback
64540,B08-4172540,F2684,fallback
64541,CHN07-09-425150,,empty
64542,B04-4269266,F2577,fallback
64549,CHN08-09-517908,,fallback
645571,,,fallback
645572,,,fallback
645619,,,empty
645632,,,fallback
645637,,,fallback
645647,,,fallback
645656,,F3116,fallback
645676,NL17-1848896,F1612:2|F3116:3|F2680:4|F2812:4,structured
645685,NL13-1394851,F209:2|F5966:2,structured
645688,BE18-4194731,,fallback
645692,NL16-1047663,F1561:2|F1909:2|F6405:2|F209:3|F5966:3,structured
645703,CHN2018-14-0003898,,fallback
645725,B09-6358208,F1323|F2407,fallback
645726,B09-6358201,F3202,fallback
645731,CHN2013-02-003879,,fallback
64574,NL01-1886552,,fallback
645857,CHN2016-13-0029853,,empty
645858,CHN2016-13-0029854,,empty
645861,,,fallback
645862,,,fallback
645864,,,fallback
645865,,,fallback
645876,,,empty
645878,,,empty
645885,CHN2017-02-0008329,,fallback
645886,CHN2018-02-0018885,,fallback
645887,CHN2018-02-0018886,,fallback
645888,CHN2018-02-0018999,,fallback
64589,,F3175,fallback
645905,CHN2017-14-0138191,,empty
645921,,,fallback
645922,,F1532|F1534|F1672,fallback
645931,,,empty
645944,,,empty
64599,CHN2008-10-268105,,empty
646000,BELG2013-6031730,F453:2|F973:2|F3162:2|F3165:2,structured
646003,,F2897,fallback
646029,,,fallback
646030,,,fallback
646031,CHN2018-14-0003898,,fallback
646053,,,fallback
646063,,,empty
646079,BE2012-4278414,,fallback
646080,BE2011-4312122,,fallback
646081,,,fallback
646082,,,fallback
646176,C2015-1623269,,fallback
646200,,,fallback
646207,,,fallback
646208,,,fallback
646250,CHN2018-01-1361540,F4788:3|F4812:4|F6496:4|F6566:4|F6576:4|F6579:4|F6645:4|F6648:4|F2126:5|F2131:5|F2132:5|F2137:5|F4796:5|F6549:5|F6574:5|F6600:5|F2117:6|F2188:6,structured
646280,,,fallback
646291,,F1532|F1534,fallback
646393,C2011-05-202394,,empty
646394,C2010-05-166506,,empty
646395,C2011-05-195988,,empty
646400,CHN2015-02-0001588,,fallback
646401,CHN2016-02-0603273,,fallback
646457,,F1209,fallback
646466,,,fallback
646471,,,fallback
646474,,,fallback
646519,,,empty
646595,BELG2016-4135296,,fallback
64660,,F2897,fallback
646632,,,fallback
646633,,,fallback
64665,NL01-1886512,,fallback
646659,B13-3159359,,fallback
646678,BELG2015-4014080,,fallback
646682,,,fallback
646684,BE14-4000569,F913,fallback
646685,,,fallback
646686,,F1209,fallback
646687,,,fallback
646688,,F604,fallback
646690,,,fallback
646691,,F605|F623,fallback
646753,CHN2017-02-0005649,,fallback
646754,CHN2017-02-0005727,,fallback
64681,CHN00-10-225386,,fallback
646838,,F1730|F217|F2916|F3014|F742,fallback
646844,,F152|F99,fallback
646845,,,fallback
646846,,,fallback
646847,,,fallback
646848,,,fallback
646849,,,empty
646850,,,fallback
646851,,,fallback
646852,,,fallback
646855,,,empty
646856,,,fallback
646859,,,fallback
646861,,,fallback
646862,,,fallback
646863,,,empty
646864,,,empty
646870,,,fallback
646871,,,fallback
646873,,,fallback
646874,,,fallback
646876,,,fallback
646877,,,empty
646879,,,fallback
646880,,,fallback
646881,,,empty
646882,,,fallback
646883,,,fallback
646888,B14-3157393,F1581|F3116|F880,fallback
646900,,,fallback
646903,BELG2018-3067396,F1581,fallback
646904,BELG2018-6024002,,fallback
646918,,F846,fallback
646920,,,fallback
646925,,,fallback
646946,CHN2018-01-1364005,,fallback
646960,BE2016-6064085,,fallback
646981,,,fallback
646986,,,fallback
646988,,,fallback
646989,,,fallback
646995,,,fallback
646996,,,fallback
646998,,,fallback
647000,,,fallback
647061,,,fallback
647062,,,fallback
647101,CHN2017-00-2002262,,fallback
647104,,F1555,fallback
647116,,,fallback
647140,CHN2017-01-0661689,F4843:2|F4886:2|F6741:2|F6745:2,structured
647141,CHN2017-01-1363668,F6704:2|F2332:3|F6601:3|F4766:4|F6511:4|F6605:4|F2147:5|F2170:5|F2044:6|F2046:6|F2049:6|F2053:6|F2056:6|F2064:6|F2065:6|F2102:6,structured
647145,CHN2016-01-0296261,F2204:2|F2061:4|F2075:4|F2082:4|F2105:4|F2106:4|F2133:4|F6499:4|F6508:4|F6516:4|F6590:4|F2062:5|F2076:5|F2154:5|F2173:5,structured
647147,CHN2016-02-0307064,,fallback
647220,,F2308,fallback
647226,CHN11-10-229849,,empty
647227,CHN11-10-229865,,empty
647228,CHN11-10-229892,,empty
647229,CHN11-10-229879,,empty
647231,BE17-6216720,,fallback
647233,BE08-6349099,,fallback
647234,BE18-6242658,,fallback
647238,CHN17-26-0825768,,empty
647240,,,empty
647249,BE17-6216770,,fallback
647253,BE14-6125020,,fallback
647254,BE17-6257713,,fallback
647256,BE13-3148383,,fallback
647257,BE13-6077718,,fallback
647258,BE14-6312654,F785,fallback
647259,BE15-6168682,,fallback
647260,B12-6225026,F1159:2|F1526:2|F265:3|F2826:3|F3014:3|F3056:4|F3308:4,structured
647261,B11-6261691,F1148:2|F3056:3|F3308:3,structured
647263,BE17-6216766,,fallback
647265,B11-6240349,F610:2|F3063:2|F3191:2|F2650:3|F2408:4|F2462:4,structured
647266,BE15-6168725,F785,fallback
647267,BE17-6257715,,fallback
647274,BE17-6257716,,fallback
647275,B11-6108686,F641:1|F6222:2|F453:3|F3165:3,structured
647276,B11-6332488,F453:2|F1191:2|F3165:2,structured
647278,B16-6076797,F642:2|F1194:2|F453:3|F3165:3|F6222:3,structured
647281,BE09-6174267,,fallback
647282,BE17-6257745,,fallback
647289,BE18-6115944,,fallback
647290,BE17-6257720,,fallback
647292,BE17-6216721,,fallback
647293,BE15-6168687,,fallback
647344,,F2734|F2793|F2865|F299|F3035|F3092,fallback
647346,,,empty
647350,,,fallback
647351,,,empty
647356,,,empty
647357,,,empty
647358,,,empty
647359,,,empty
647360,,,empty
647372,,,empty
647382,,,fallback
647399,BE14-6306602,F1900|F635,fallback
647403,CHN2018-23-0557990,,fallback
647405,,F2097,fallback
647417,NL17-1852040,,fallback
647423,,,fallback
647428,NL18-1803333,,fallback
647429,NL18-1803395,,fallback
647431,NL18-1803466,,fallback
647432,NL18-1803469,,fallback
647433,NL18-1803497,,fallback
647434,NL18-1803516,,fallback
647435,NL18-1803522,,fallback
647437,NL18-1803544,,fallback
647439,NL18-1803573,,fallback
647440,NL18-1803580,,fallback
647441,NL18-1803589,,fallback
647442,NL18-1803600,,fallback
647443,NL18-1803615,,fallback
647444,NL18-1803649,,fallback
647445,NL18-1803688,,fallback
647451,CHN2016-02-0666131,,fallback
647452,CHN2016-02-0666132,,fallback
647456,,,fallback
647457,,,fallback
647458,,,fallback
647463,,,fallback
647495,,F1723|F563|F565,fallback
647499,CHN17-26-0554752,,empty
647514,,,fallback
647529,BE14-6174310,F56:3|F568:3|F4055:3|F4059:3|F4072:3|F4108:3|F4051:4,structured
647531,,,fallback
647546,,,fallback
647572,BE14-6174338,F3502:2|F56:3|F568:3|F4055:3|F4072:3,structured
64760,,,fallback
647636,BELG2018-4193568,,fallback
647642,,,fallback
647645,,,fallback
647671,BE14-6303242,F3408:2|F56:3|F568:3|F3384:3|F4050:3|F4055:3|F4072:3,structured
647674,BE14-6303272,F806:2|F56:3|F568:3|F2650:3|F4055:3|F4072:3|F2408:4|F2462:4,structured
647679,BE14-6303244,F56:3|F568:3|F3536:3|F4032:3|F4055:3|F4072:3|F4078:3|F4140:3,structured
647681,BE16-6060674,,fallback
647694,,,fallback
647733,B13-3159471,F1913,fallback
647772,,F3170,fallback
647773,,F3170,fallback
647774,,F3170,fallback
647775,,F3170,fallback
647799,,,fallback
647861,BE15-4013407,F3443:3|F3639:3|F3769:3|F3536:4|F4032:4|F4059:4|F4078:4|F4108:4|F4140:4|F4051:5,structured
647863,BE15-4013079,F3443:3|F3616:3|F3639:3|F3769:3|F56:4|F568:4|F4055:4|F4072:4|F3536:5|F4032:5|F4078:5|F4140:5,structured
647866,,F1723|F3260,fallback
647894,,,empty
647897,BE14-1053392,F3616:2|F3673:2|F3443:3|F3639:3|F3769:3|F3536:5|F4032:5|F4078:5|F4140:5,structured
647920,,,empty
647921,,,empty
647925,BE16-1016202,F3948:2|F3971:2,structured
648027,BE2012-4176401,,fallback
648028,BE2012-4281887,,fallback
648044,B11-6119022,F1556|F1638,fallback
648156,CHN16-26-0613657,,empty
648157,CHN2012-01-420438,,empty
648159,CHN2013-01-992041,,empty
648160,CHN2014-01-1039874,,empty
648161,CHN2015-01-3186015,,empty
648163,CHN2017-01-1538077,,empty
648164,CHN2017-01-0000012,,empty
648165,CHN2017-01-1258647,,empty
648166,AU2017-TDYL-88,,empty
648167,AU2017-TDYL-81,,empty
648172,,,fallback
648173,,,fallback
648197,AU2017-TDYL-90,,empty
648198,AU2017-TDYL-72,,empty
648200,CHN2011-01-233717,,empty
648201,CHN2011-01-717143,,empty
648202,CHN2012-01-662735,,empty
648203,CHN2012-01-265058,,empty
648214,,,fallback
648292,BE2014-3143029,,fallback
648293,BE2017-3074642,,fallback
648294,CHN13-26-128999,,empty
648301,BE14-4215806,F3536:3|F4032:3|F4059:3|F4078:3|F4108:3|F4140:3|F4051:4,structured
648305,NL13-1312549,F6155:2|F6225:2|F6269:2|F1682:3|F5562:3,structured
648309,,,fallback
648312,BE14-6072404,F3536:3|F4032:3|F4059:3|F4078:3|F4108:3|F4140:3|F4051:4,structured
648313,,,fallback
648315,,F1723|F3260,fallback
648316,CHN16-07936,,fallback
648319,BELG2016-6271033,F4442:2|F4462:2|F4384:3|F4427:3|F4446:3,structured
648320,,,fallback
648324,BE13-6062153,F3890:2|F1315:3|F3170:3,structured
648328,B11-6119003,,fallback
648329,B10-3080227,F1418,fallback
648336,,F3170,fallback
648337,BE2014-6306599,,fallback
648338,BE2007-6033149,,fallback
648339,BE2007-6033166,F3170,fallback
648340,,,fallback
648341,,,fallback
648342,CHN12-15-296909,F1843:1,structured
648343,CHN17-15-0368638,F5358:1|F5359:1,structured
648344,CHN16-15-0353158,F5358:1|F5359:1,structured
648345,B12-3041389,F1418:1|F364:2|F2997:2,structured
648346,B15-3002985,F1418:1|F364:2|F2997:2,structured
648347,B11-3046609,F554:1|F1418:1,structured
648366,CHN2008-01-211700,,fallback
648368,CHN2012-01-848934,,fallback
648380,B14-6265845,F808:2|F1336:2|F404:3|F2415:3|F2438:3|F3033:3,structured
648383,B14-6265856,,fallback
648384,B14-6265860,F1168|F1169|F1337,fallback
648385,B14-6265861,F1168|F1169|F1337,fallback
648386,B14-6265874,F1338|F3033|F404,fallback
648387,B14-6265879,,fallback
648388,B14-6265885,,fallback
648389,B14-6265890,F666,fallback
648390,B14-6265893,F1169|F1657|F1892,fallback
648398,CHN14-32-344313,,empty
648405,CHN14-10-928393,F1728:1|F1834:1,structured
648406,CHN14-10-928394,F1728:1|F1834:1,structured
648418,,,fallback
648439,BE15-2074638,F3723:2|F3795:2|F3810:2|F4135:2,structured
648440,CHN2018-11-0350253,,empty
648441,CHN2018-11-0350243,,empty
648452,CHN2018-18-0037578,,empty
648453,,,empty
648468,,F1555,fallback
648541,,,fallback
648551,,F1468|F749,fallback
648592,,,fallback
648594,,,fallback
648595,,,fallback
648596,,,fallback
648598,,,fallback
648601,,,fallback
648603,,,fallback
648655,B13-6055439,F1322:2|F1623:2|F1652:2|F1653:2,structured
648665,CHN2016-05911,,fallback
648687,CHN09-03-678172,F314,fallback
648706,CHN18-03-1320165,F2036:1|F4740:1,structured
648780,BELG2008-6385508,F4264:2|F4298:2|F4348:2,structured
648782,CHN12-03-111287,,fallback
648797,BELG2012-6321551,,fallback
648815,BE14-3155898,F3820:2|F4102:2|F4126:2,structured
648830,BE18-3128602,F3918:2|F3984:2|F4102:2,structured
648832,BE18-3067299,F3918:2|F3984:2|F4102:2,structured
648833,BE18-3128601,F3918:2|F3984:2|F4102:2,structured
648844,BE13-3159464,F3399:2|F4102:2|F4128:2,structured
648852,,F2545,fallback
649043,,,fallback
649044,,,fallback
649049,,,fallback
649052,,,fallback
649060,BELG2017-3132671,F1581,fallback
649098,,F53,fallback
649246,,,fallback
649269,,,fallback
649271,,F2477|F2508|F2710|F2712,fallback
649281,BE2014-4279755,,fallback
649282,BE2014-4000362,,fallback
649285,BE2014-4279759,,fallback
649286,BE2015-4130090,,fallback
649287,BE15-4130224,,fallback
649359,BE14-3067173,F3545:2|F3820:2|F4102:3|F4126:3,structured
649369,BE14-3053859,F3925:2|F3955:2|F3474:3|F3512:3|F4102:3,structured
649375,BE17-3008009,F3813:2|F3859:2|F3474:3|F3512:3|F4102:3,structured
649376,BE18-3067555,F3976:2|F3990:2|F3474:3|F3512:3|F4102:3,structured
649377,BE18-3130847,F3739:2|F3981:2|F3474:3|F3512:3|F4102:3,structured
649380,BE14-3067286,F3687:1|F3703:2|F4127:2,structured
649381,BE17-3008039,F3545:2|F3703:2|F4127:2|F4102:3|F4126:3,structured
649382,BE16-3084115,F3911:2|F3917:2|F3616:3|F3703:3|F4127:3|F3443:4|F3536:6|F4032:6|F4078:6|F4140:6,structured
649384,BE14-3067001,F4102:2|F56:3|F568:3|F4055:3|F4072:3,structured
649387,,,fallback
649388,,,empty
649389,,,empty
649397,,,empty
649398,,,empty
649399,,,empty
649400,,,empty
649405,,,empty
649408,,,empty
649413,,,empty
649416,,,empty
649417,,,empty
649485,B12-6225026,F1159:2|F1526:2|F265:3|F2826:3|F3014:3|F3056:4|F3308:4,structured
649486,B11-6261691,F1148:2|F3056:3|F3308:3,structured
649497,B11-6240349,F610:2|F3063:2|F3191:2|F2650:3|F2408:4|F2462:4,structured
649520,CHN2018-01-0875020,,empty
649533,,,fallback
649592,,,empty
649593,,,empty
649594,,,empty
649597,DV04287-09-775,,fallback
649599,,,empty
649600,,,empty
649602,,,empty
649603,,,empty
649606,,,empty
649608,,,empty
649610,,,empty
649611,,,empty
649612,,,empty
649613,,,empty
649616,,,empty
649618,CHN18-26-0445607,,fallback
649619,CHN18-26-0438760,,fallback
649660,,F110|F1187|F2546|F3200,fallback
649685,,,fallback
649713,,,empty
649714,BELG2012-4159458,,fallback
649724,,F2752|F3260|F601,fallback
649804,BELG2013-6095208,F4350:1|F4373:1,structured
649805,BELG2013-6095212,F4350:1|F4373:1,structured
649814,,,fallback
649815,,,empty
649839,BE15-4168931,F745:2|F3472:2|F3517:2,structured
649848,BE15-4168953,F3402:2|F3403:2|F3427:2|F3433:2,structured
649853,,F1468|F3040|F3041|F749,fallback
649854,,,fallback
649855,BE15-4168956,F3819:1|F3866:1,structured
649914,BE17-2017008,F3675:2|F3676:2|F3907:2|F3908:2,structured
649923,,,fallback
649928,BE16-6263090,F1322|F1652,fallback
64994,CHN07-06-227277,F428:1|F429:1,structured
649946,B12-6323811,F2463:2|F2661:2|F3160:2,structured
649947,B12-6323812,F2463:2|F2661:2|F3160:2,structured
64995,CHN07-06-227278,F428:1|F429:1,structured
649951,CHN2018-11-0350380,,empty
64996,CHN09-06-223820,F428:1|F429:1,structured
649960,,,empty
64997,CHN09-06-224099,F428:1|F429:1,structured
649982,BELG2013-6139806,F4418:2|F4419:2|F4420:2|F4421:2,structured
65000,CHN03-06-240099,F2187:1|F4749:1,structured
65001,CHN2003-06-240100,F2187:1|F4749:1,structured
650040,,,empty
650085,BE17-2005110,F3666:2|F3811:2|F3812:2|F5244:2,structured
650090,BE12-2198156,,fallback
650094,BE14-4280437,,fallback
650110,BELG2015-2106417,,fallback
650112,BELG2018-6024336,,fallback
650113,BELG2018-6024260,,fallback
650115,BELG2018-6024255,,fallback
650116,BELG2017-6024053,,fallback
650173,CHN16-06-0665457,F3719:2|F4078:2|F4032:3,structured
650174,,,fallback
650187,BE12-6323144,F3452:2|F3613:2|F4051:2,structured
650193,BE16-6033657,F3384:2|F4050:2|F3461:3|F3529:3|F3592:3|F4082:3,structured
650198,BE14-4215664,F3384:2|F3616:2|F4050:2|F3443:3|F3536:5|F4032:5|F4078:5|F4140:5,structured
650200,BE12-6042510,F4059:2|F4108:2|F4051:3,structured
650206,BE17-5033278,,fallback
650207,BE15-2306612,F1474,fallback
650211,BE17-6024362,F3461:2|F3529:2|F3592:2|F4082:2,structured
650223,BE15-6020270,F3461:2|F4082:2|F3508:3|F3531:3|F3384:4|F4050:4,structured
650269,BE16-6273979,F3508:2|F3531:2|F3802:2|F3803:2,structured
650272,B17-5060157,F3870:2|F3891:2|F3919:2|F3946:2,structured
650277,B15-2319134,F382:2|F922:2|F3116:3|F3234:3,structured
650291,B06-6034899,F3536:2|F4140:2|F4032:3|F4063:3|F4078:3|F4095:3,structured
650367,,,fallback
650378,CHN18-15-0169556,F830:2|F3447:2|F272:3|F814:3|F3345:3|F3350:3,structured
650383,CHN10-01-928189,F595:2|F5658:2|F5978:2|F6124:2,structured
650482,CHN17-26-0554711,,fallback
650483,,,fallback
650486,CHN12-03-111973,,fallback
650487,,,fallback
650537,,,fallback
650571,CHN2017-04-1112047,,empty
650572,CHN2013-03-138921,F4318:2|F4331:2|F4332:2,structured
650599,NL2013-1662854,,fallback
650601,,,empty
650602,NL2012-1894136,,fallback
650606,BELG2015-2039110,,fallback
650608,BELG2015-3028537,,fallback
650610,BELG2017-3043766,,fallback
650611,BELG2018-3067397,F1581,fallback
650612,BELG2016-3072319,,fallback
650613,BELG2015-3109577,,fallback
650620,BELG2016-4076089,,fallback
650624,BELG2013-4163877,,fallback
650630,BELG2018-4194555,,fallback
650633,BELG2016-6023014,,fallback
650640,BELG2018-6024442,,fallback
650648,BELG2016-6033658,,fallback
650651,DV2014-07274-3034,,fallback
650703,,,empty
650704,,,empty
650709,CHN2018-01-1151546,,empty
650777,,,fallback
650778,,,fallback
650788,,,fallback
650789,,,fallback
650790,,,fallback
650798,,,fallback
650799,,,fallback
650801,,,fallback
650832,B17-6025444,F1390,fallback
650876,CHN2015-01-1181027,F4812:2|F4796:3|F2117:4|F2188:4|F2044:5|F2053:5|F2064:5|F2065:5,structured
650880,CHN2016-01-00753,F4812:3|F2044:4|F2048:4|F2053:4|F2055:4|F2062:4|F2064:4|F2065:4|F2114:4|F4796:4|F2117:5|F2188:5,structured
650897,,,fallback
650929,CHN17-06-0767215,F3409:2|F3415:2|F3740:2|F3831:2,structured
650965,C2018-0254190,,fallback
650974,B18-6018803,F3162|F456,fallback
650975,B18-6018804,F3162|F456,fallback
650977,NL11-1159868,F7244:2|F3386:3|F5447:3|F7211:3,structured
650979,,,fallback
650987,,,empty
651006,NL16-4280078,F3425:3|F5712:3|F5732:3|F5861:3|F7244:3|F3386:4|F5447:4|F7211:4,structured
651008,NL17-1561801,F6029:2|F6198:2|F7244:3|F3386:4|F5447:4|F7211:4,structured
651009,NL17-1561802,F6029:2|F6198:2|F7244:3|F3386:4|F5447:4|F7211:4,structured
651012,NL17-1561816,F6294:2|F6318:2|F7244:3|F3386:4|F5447:4|F7211:4,structured
651018,NL10-3040963,F3425:2|F5712:2|F5732:2|F5861:2,structured
651020,NL16-1817719,F3942:2|F3956:2|F6440:2|F3461:3|F4082:3,structured
651023,NL15-4273214,F3578:2|F5399:2|F7244:3|F3386:4|F5447:4|F7211:4,structured
651029,,,fallback
651032,,,fallback
651039,NL15-1143917,F5332:2|F5333:2|F6102:2|F6186:2,structured
651042,,,fallback
651045,NL15-1143963,F3429:2|F3764:2,structured
651050,BELG2016-6255578,,fallback
651054,,,fallback
651055,,,fallback
651057,,,fallback
651060,,,fallback
651061,,,empty
651090,,,empty
651106,,,empty
651109,,,fallback
651110,,,empty
651118,,,fallback
65112,,,empty
651231,,F1315|F1518|F1529|F3170,fallback
651232,,F1529|F3170,fallback
651233,,F1517,fallback
651234,,F1517,fallback
651235,,,fallback
651236,,F1517,fallback
651237,,,fallback
651238,B09-6111591,F3065|F3170|F319|F3346,fallback
651239,B09-6358768,F3065|F3170|F319,fallback
651240,B12-6023342,F1517|F634|F635,fallback
651241,B14-6050956,F1529|F3170|F878,fallback
651242,B14-6072340,F285|F433,fallback
651253,B10-6342809,F3162|F456,fallback
651254,B12-6042578,F3162|F456,fallback
651255,B13-6309567,F3162|F456|F806,fallback
651256,B16-6033951,F1676,fallback
651257,,F431,fallback
651258,B13-6062123,F1638,fallback
651259,B13-6095228,F1517,fallback
651260,B13-6313730,F1315|F1554|F3170|F797|F962,fallback
651271,,,fallback
651273,B11-6119183,F1018|F1019|F1752|F3170,fallback
651275,B11-6341422,F3170,fallback
651278,,F3170,fallback
651279,,F1318|F1747,fallback
651284,B14-4215813,F1315|F1554|F3170,fallback
651285,,F1518|F1638|F1640,fallback
651286,,,fallback
651287,,F3170,fallback
651294,BELG2015-4014328,,fallback
651295,,,fallback
651320,BELG2011-4312910,,fallback
651342,,F667,fallback
651359,,,fallback
651385,,,fallback
651455,,,fallback
651478,,,fallback
65154,BELG06-2019967,F2615|F2760|F2893,fallback
651547,,,fallback
651548,,,fallback
651551,CHN2016-03-0860682,F4366:2|F4370:2|F6642:2|F6686:2,structured
651616,,F1202,fallback
651618,,,fallback
651639,,F1038|F209,fallback
651708,,F1358|F1359|F1502|F1505|F1781|F1784,fallback
651716,,,fallback
651731,BELG2015-3142774,,fallback
651758,,,fallback
651760,BELG2017-4052985,,fallback
651763,BELG2016-4112002,,fallback
651797,NL14-1462192,F3578:2|F3603:2|F6309:2|F6310:2,structured
651823,,F100,fallback
651828,CHN2018-09-0260855,,fallback
651830,,,fallback
651831,CHN2018-09-0260856,,fallback
651856,,,fallback
651858,,F1106|F755,fallback
651863,,,fallback
651921,,,fallback
651927,,,fallback
651928,,F1106,fallback
651929,,F1467,fallback
651937,,,fallback
651969,,,empty
652001,,,fallback
652002,,F1106,fallback
652004,,,fallback
652011,,,empty
652044,,F1106|F755,fallback
652048,,,fallback
652050,,F1106,fallback
652052,,,fallback
652069,,F1265|F1392,fallback
652071,CHN16-05081,F3455:3|F3488:3|F3528:3|F3581:3|F3586:3|F3608:3|F3436:4|F3440:4|F3489:4|F4106:4,structured
652107,,,fallback
652108,,F1106,fallback
652112,,,fallback
652113,,,fallback
652115,,,fallback
652133,,,fallback
652134,,,fallback
652135,NL2014-1499725,,fallback
652141,,,fallback
652144,,,fallback
652145,BELG2013-5008346,,fallback
652146,,,fallback
652167,,F1144|F1801|F3322|F3352|F467|F667,fallback
652175,,,fallback
652179,,,fallback
652180,,,fallback
652181,BELG2014-4282105,,fallback
652182,,,fallback
652184,,F1467,fallback
652185,,F1131|F1470,fallback
652186,,F1131|F1470,fallback
652187,,F1131|F1470,fallback
652188,BELG2017-3011583,,fallback
652189,,F1824|F1829,fallback
652190,BELG2018-4184239,,fallback
652191,BELG2018-4184175,,fallback
652194,BELG2014-2234269,,fallback
652196,,,fallback
652198,BELG2018-4184240,,fallback
652199,BELG2018-4184226,,fallback
652200,BELG2018-4184213,,fallback
652203,BELG2012-6023210,F4427:1|F4446:1,structured
652213,BELG2016-4076049,,fallback
652216,CHN11-01-003078,F4056:2|F4116:2|F5500:2|F7168:2,structured
652217,BELG2018-4194369,,fallback
652218,BELG2018-4194370,,fallback
652219,,,fallback
652220,BELG2015-4257651,,fallback
652221,,F2866|F3159,fallback
652222,,F615|F897,fallback
652226,BE16-4065338,F3694:2|F3697:2|F3758:2|F3875:2,structured
652227,NL2017-1458029,,fallback
652228,NL2017-1458211,,fallback
652234,B18-6024421,F3162|F456,fallback
652235,BE15-4130335,F3694:2|F3758:2|F4131:3|F56:4|F568:4|F4032:4|F4078:4|F4059:5|F4108:5|F4051:6,structured
652236,B18-6018815,F3162|F456,fallback
652237,B18-6024090,F456,fallback
652239,BE16-4065138,F3468:2|F3520:2|F3694:2|F3758:2,structured
652242,,,empty
652248,BE13-8021502,F3562:2|F3704:2|F3869:2|F2752:4|F3479:4|F4033:4,structured
652260,,F1061|F509,fallback
652262,,F1647|F179|F3308|F714,fallback
652263,,,empty
652264,,,fallback
652265,,F1294,fallback
652268,,F1294,fallback
652269,,,fallback
652270,,,fallback
652272,BELG2018-4194582,,fallback
652274,,,empty
652275,,,empty
652276,,,fallback
652277,,,empty
652279,,,fallback
652280,,,fallback
652281,,,fallback
652282,,,fallback
652283,,,fallback
652284,,F1276,fallback
652286,BELG2018-4194659,,fallback
652287,,,fallback
652289,BELG2018-4194729,,fallback
652296,,F1276,fallback
652297,,,fallback
652298,BELG2017-4077403,,fallback
652299,,,fallback
652300,,F981,fallback
652301,BELG2017-4102900,,fallback
652302,,,fallback
652303,,F3162,fallback
652304,,,fallback
652305,BELG2018-2038287,,fallback
652306,,,fallback
652311,BELG2015-6107403,,fallback
652329,B08-2040296,F773:1,structured
652332,B10-2215863,F2472:2|F2654:2|F2987:2|F2410:3,structured
652353,BELG2015-6269451,,fallback
652355,,,fallback
652356,,F1182|F3073,fallback
652359,,F2765,fallback
652360,,,fallback
652361,BELG2017-6082374,,fallback
652362,BELG2018-6154405,,fallback
652377,,,fallback
652378,,F962,fallback
652379,,F1345|F1645|F92,fallback
652451,,,empty
652518,,,fallback
652619,,F455,fallback
652620,,,fallback
652621,,,fallback
652622,,F1131|F1470,fallback
652623,,,fallback
652628,,F171|F574,fallback
652661,B13-6319414,F982:2|F2717:2,structured
652669,,,fallback
652677,,,fallback
652687,,,fallback
652688,,,fallback
652689,,,fallback
652713,CHN13-01-913336,F3880:2|F3881:2|F3484:3|F3595:3|F5439:3|F6907:3,structured
652714,CHN16-05003,F4631:3|F250:5|F271:5|F829:5|F991:5|F5791:5|F6929:5|F6868:6|F7270:6,structured
652715,CHN17-00-2004867,F4707:2,structured
652743,CHN12-01-178232,F3105:2|F4133:2|F3484:3|F3595:3|F5439:3|F6907:3,structured
652750,CHN17-03-0027466,F3525:2|F3105:3|F4133:3|F3484:4|F3595:4|F5439:4|F6907:4,structured
652797,CHN14-01-970500,F3484:3|F3595:3|F5439:3|F6907:3|F6929:3|F7095:3|F5436:4|F6868:4|F7270:5,structured
652802,CHN2018-22-0256265,F2332:3|F4812:3|F4766:4|F4796:4|F2117:5|F2147:5|F2170:5|F2188:5|F2044:6|F2046:6|F2049:6|F2053:6|F2056:6|F2064:6|F2065:6|F2102:6,structured
652830,CHN16-05059,F4698:2|F3484:4|F3595:4|F3711:4|F3825:4|F5439:4|F6907:4|F6929:4|F7095:4|F56:5|F568:5|F4055:5|F4072:5|F5436:5|F6868:5|F7270:6,structured
652831,CHN12-01-179999,F3484:2|F3595:2|F5439:2|F6907:2,structured
652833,CHN14-01-971888,F3484:2|F3595:2|F5439:2|F6907:2,structured
652838,CHN12-01-993444,F3633:2|F3635:2|F4640:2|F3484:4|F3595:4|F5439:4|F6907:4,structured
652860,NL15-1348143,F197:2|F3252:2|F2680:3|F2812:3|F3116:3,structured
652897,CHN2019-15-0065935,,fallback
652903,BELG2018-6123449,F2780,fallback
652915,CHN13-01-563361,F5357:2|F3484:3|F3595:3|F5439:3|F5881:3|F6907:3|F7174:4|F342:5|F2470:5,structured
652916,CHN16-01-0999555,F3484:2|F3595:2|F56:4|F568:4|F4055:4|F4072:4,structured
652983,,,fallback
652984,,,fallback
652985,B17-6146534,F1169:2|F1338:2|F2415:3|F2438:3|F409:4|F2550:4|F2766:4|F3032:4,structured
652986,,F1684,fallback
652999,CHN2018-22-0256265,F2332:3|F4812:3|F4766:4|F4796:4|F2117:5|F2147:5|F2170:5|F2188:5|F2044:6|F2046:6|F2049:6|F2053:6|F2056:6|F2064:6|F2065:6|F2102:6,structured
653001,CHN2018-01-1361540,F4788:3|F4812:4|F6496:4|F6566:4|F6576:4|F6579:4|F6645:4|F6648:4|F2126:5|F2131:5|F2132:5|F2137:5|F4796:5|F6549:5|F6574:5|F6600:5|F2117:6|F2188:6,structured
653002,CHN2016-01-0296215,F6496:3|F6566:3|F6576:3|F6579:3|F6645:3|F6648:3|F6549:4|F6574:4|F6600:4,structured
653003,CHN2016-01-1485063,F4843:2|F4886:2|F6694:2|F6551:3|F6600:3,structured
653004,CHN13-01-850585,F2289:2|F2306:2|F2084:3|F2089:3|F2168:3|F2169:3,structured
653006,CHN14-01-332012,F2268:2|F4770:2|F4866:2|F2075:4|F2082:4|F2062:5|F2076:5|F2154:5|F2173:5,structured
653007,CHN14-01-1282088,F2218:2|F2339:2|F2042:4|F2044:4|F2047:4|F2053:4|F2064:4|F2065:4|F2067:4|F2081:4,structured
653011,,F1389|F621,fallback
653014,,,fallback
653016,,,fallback
653017,,,fallback
653019,,F209,fallback
653024,,,fallback
653025,,,fallback
653027,,,empty
653033,,,fallback
653034,,,fallback
653072,BELG2014-4215817,,fallback
653081,BELG2015-6048693,,fallback
653088,,,fallback
653089,,,fallback
653093,BELG2018-6063728,,fallback
653103,BELG2016-3039640,,fallback
653104,BELG2018-6034626,,fallback
653107,BELG2014-3004610,,fallback
653126,BE2013-4229435,,fallback
653128,BE2012-4312287,,fallback
653169,CHN2017-02-0007527,,fallback
653170,CHN2017-02-0007528,,fallback
653176,DV2016-07274-54,,fallback
653178,BELG2018-4149706,,fallback
653188,BELG2018-6255420,,fallback
653191,BELG2018-6034125,,fallback
653192,DV07274-18-458,,fallback
653223,BELG2011-6203200,,fallback
653232,,,empty
653235,,,empty
653236,BELG2016-6070584,,fallback
653242,BELG2017-6162113,,fallback
653248,,,empty
653255,,,fallback
653288,,,fallback
653289,,,fallback
653387,,,fallback
653437,BELG2017-3048303,,fallback
653438,BELG2016-4130089,F2151,fallback
653443,BELG2018-6123367,F2780,fallback
653449,,,empty
653459,CHN2018-14-0003491,,fallback
653461,,,fallback
653468,,,fallback
653471,,,fallback
653472,,,fallback
653483,,,fallback
653508,CHN2018-14-0003491,,fallback
653509,CHN2018-14-0003491,,fallback
653510,CHN2015-26-0098249,F2134,fallback
653511,CHN2015-26-2298295,F2203:2|F4795:2|F5371:2|F6517:2,structured
653530,DV02098-17-1321,F5164:2|F5170:2|F5189:2|F5195:2,structured
653531,DV02098-16-1233,F799:2|F1204:2|F5189:2|F5195:2,structured
653546,NL14-1050794,,fallback
653578,CHN16-26-0170781,,fallback
653607,BELG2017-6145032,F2946,fallback
653608,,,empty
653749,,,fallback
653752,,,empty
65378,,,fallback
653828,CHN2018-03-0102735,F1581,fallback
653844,BE11-4312039,,fallback
653846,BE11-4096963,,fallback
653850,BE17-4061172,,fallback
653878,CHN2017-13-0166445,,empty
653900,CHN2018-00-B021681,,fallback
653902,CHN2018-00-B021663,,fallback
653921,BELG2007-6311557,F2407|F2467|F640,fallback
653922,BELG2008-6314977,F2407|F2774,fallback
653923,BELG2008-6371166,F2407|F2903,fallback
653924,BELG2010-6038276,,fallback
653927,BELG2012-6306327,F110|F2952,fallback
653928,BELG2011-6332738,F1188|F3057,fallback
653929,BELG2012-6236200,F3057,fallback
653931,BELG2007-6076685,F2407|F2546|F2903|F2940,fallback
653932,BELG2010-6038359,F2413|F3202,fallback
653933,BELG2010-6038406,F1189,fallback
653934,BELG2008-6371199,,fallback
653935,BELG2007-6076020,F2545|F985,fallback
653936,BELG2007-6076240,F2407|F2467,fallback
653937,BELG2010-6038128,,fallback
653938,BELG2009-6358321,F3070,fallback
653940,BELG2010-6038289,F3163,fallback
653941,BELG2008-6371201,F2546|F2903|F2922,fallback
653943,BELG2007-6311510,F3202,fallback
653944,BELG2005-6166530,F2407|F2952,fallback
653954,CHN15-02-0001037,F3395:2|F3396:2|F4044:2|F4122:2,structured
653956,CHN2018-00-B023632,F1468,fallback
653957,CHN2018-00-B021686,,fallback
653958,CHN2018-00-B023604,F1468,fallback
654053,,F710,fallback
654054,CHN2018-22-0256272,F4788:3|F4846:3|F4847:3|F6737:3|F6749:3|F2126:4|F2131:4|F2132:4|F2137:4,structured
654081,,F342|F593,fallback
654101,NL14-1020537,,fallback
654150,,,fallback
654152,,,fallback
654159,,,empty
654165,,,fallback
654197,CHN18-10-0461311,,empty
654198,CHN17-10-0227319,,empty
654201,CHN14-10-185606,,empty
654208,,,empty
654210,,,empty
654220,,,fallback
654224,,,fallback
654254,B17-6174604,,fallback
654259,B17-6174599,F1161,fallback
654263,,,fallback
654264,,F1869,fallback
654270,,F1345|F1645,fallback
654276,,,fallback
654278,,F3116,fallback
654281,,,fallback
654282,,F1265|F1392,fallback
654283,,,fallback
654296,,F3170,fallback
654298,,,fallback
654300,,F1039|F612,fallback
654301,,,empty
654302,,F1131|F1470,fallback
654303,,,fallback
654309,,F962,fallback
654320,CHN18-09-0478857,,empty
654321,CHN18-09-0478856,,empty
654322,CHN18-09-0130979,,empty
654325,CHN2015-02-0300376,,fallback
654329,,F970,fallback
654330,,,fallback
654331,,F1371,fallback
654335,,,fallback
654336,,F1131|F1470,fallback
654337,,F1294,fallback
654344,,F1184|F1532|F1534,fallback
654347,,F209,fallback
654348,CHN18-09-0130914,,empty
654350,CHN16-09-0125238,,empty
654351,CHN18-09-0460676,,empty
654352,,F1155,fallback
654353,,,fallback
654354,,F1233|F1467,fallback
654356,,,fallback
654358,,F1039|F612,fallback
654360,,,fallback
654361,,F179,fallback
654362,,F1106|F755,fallback
65437,CHN2011-08-140000,F2596|F2607|F2647|F2858,fallback
654388,CHN2018-10-1065348,,empty
654390,,,fallback
654391,,,fallback
654394,,,fallback
654395,BELG2015-3126558,,fallback
654406,C2018-1100145,,fallback
654429,,F3060,fallback
654435,,,fallback
654437,,,fallback
654438,,,fallback
654441,,,fallback
654442,CHN2018-01-1755199,F2231:2|F2250:2|F2351:2|F2142:3|F2146:3,structured
654443,CHN2015-01-1375741,F4788:2|F4812:3|F2126:4|F2131:4|F2132:4|F2137:4|F4796:4|F2117:5|F2188:5|F2044:6|F2053:6|F2064:6|F2065:6,structured
654451,CHN2015-01-1375014,F2208:2|F2209:2|F2195:3|F2213:3|F2052:4|F2059:4|F2070:4|F2071:4,structured
654455,,,fallback
654458,,F962,fallback
654462,,F1485|F1664|F2006,fallback
654469,,,empty
654479,BE14-3004582,F3424:2|F3513:2|F3514:2|F3746:2,structured
654488,BE18-3072217,F3424:2|F3513:2|F3514:2|F3746:2,structured
654500,BE16-3008704,F3513:2|F3746:2|F3935:2|F3953:2,structured
654504,BE16-3008709,F3513:2|F3746:2|F3935:2|F3953:2,structured
654506,BE16-3008534,F3513:2|F3746:2|F3935:2|F3953:2,structured
654558,,F1345|F1645|F1913|F3116|F360,fallback
654565,,F603,fallback
654569,,F1618|F2033|F2034|F2752|F601,fallback
654570,,F1609|F1913|F379|F714,fallback
654571,BE16-3008677,F3557:2|F3621:2|F3680:2|F3855:2,structured
654573,BE18-3072225,F3743:2|F3744:2|F3755:2|F3815:2,structured
654578,BE15-3006142,F3364:2|F3509:2|F3682:2|F3695:2,structured
654581,,,empty
654583,,,empty
654586,,,empty
654587,,,empty
654589,,,fallback
654593,,,fallback
654595,,,fallback
654597,,,fallback
654598,,,fallback
654613,,F1502|F1505,fallback
654617,,F1074|F906,fallback
654620,,F605|F623|F627|F788,fallback
654713,,F1035|F2491|F2511|F2553|F2725|F3073,fallback
654715,,F152|F99,fallback
654735,,F688,fallback
654736,,,fallback
654737,,,fallback
654738,,,fallback
654739,,,fallback
654742,,F1383|F1529|F617|F635,fallback
654743,,F1564|F863,fallback
654744,,F1564|F863,fallback
654745,,,fallback
654746,,F1338|F1772,fallback
654753,,,fallback
654754,,,fallback
654755,,,fallback
654772,,,fallback
654773,,,fallback
654774,,F684|F685,fallback
654776,,F1356|F411,fallback
654777,,,fallback
654778,,,fallback
654785,,,empty
654787,,,fallback
654808,NL14-1462511,F1906:2|F5684:2|F6371:2|F6372:2,structured
654815,,F3116|F360,fallback
654818,,,fallback
654826,BELG2018-6018882,,fallback
654829,,,fallback
654830,BELG2018-4194756,,fallback
654831,,,fallback
654848,,,fallback
654850,B16-3142044,F3116|F523|F532,fallback
654852,,,fallback
654855,NL2018-1376635,F1468,fallback
654856,,F411,fallback
654859,,,empty
654860,NL2018-1376555,F1468,fallback
654863,,,fallback
654864,,,fallback
654869,,F411,fallback
654872,,F3192,fallback
654873,BELG2018-2010202,,fallback
654874,,,fallback
654876,,F285,fallback
654877,BELG2018-2010287,,fallback
654879,,,fallback
654880,,,fallback
654882,BELG2018-2144381,,fallback
654883,,,fallback
654884,,F3192,fallback
654888,,F2577|F3262|F753,fallback
654889,BELG2018-2038475,,fallback
654896,NL2013-1450690,,fallback
654923,CHN2017-17-0289817,F1564,fallback
654954,,,fallback
654971,BE2018-2038496,,fallback
654980,DV2018-07274-442,,fallback
654983,CHN2017-17-0289849,F1564,fallback
654987,,,empty
654988,,,fallback
654989,,,fallback
654991,,,fallback
654992,,,fallback
655007,BELG2017-6162112,,fallback
655017,BELG2012-3160718,F1581,fallback
655021,BELG2016-4260996,,fallback
655033,BE14-2048244,F3574:2|F3713:2|F3877:2|F3878:2,structured
655034,BE14-2048245,F3574:2|F3713:2|F3877:2|F3878:2,structured
655103,BE14-2048324,F3708:2|F3717:2|F3963:2|F3964:2,structured
655112,CHN17-06-9989558,F3383:2|F3661:2|F4145:2,structured
655113,,F1349|F1507|F2453|F3208|F3341,fallback
655138,,F2453|F2954|F3034|F9,fallback
655144,BELG2018-6024434,,fallback
655153,,F2453|F2793|F2954|F3034|F9,fallback
655158,,F2432|F2502|F2504|F2531,fallback
655174,CHN17-06-9989626,F4017:2|F4022:2|F4104:2,structured
655175,,F2432|F2502|F2504|F2531,fallback
655189,,F2432|F2502|F2504|F2531,fallback
655199,BELG2018-4054836,,fallback
655202,BELG2018-3052806,,fallback
655212,BELG2016-6255579,,fallback
655216,BELG2017-3077714,,fallback
655226,,,fallback
655358,,,empty
655370,B14-6306634,,fallback
655372,,,fallback
655377,,,empty
65539,,F317,fallback
65540,,F766,fallback
655400,,,empty
65541,,,fallback
655416,BE15-2175437,F3708:2|F3717:2|F3963:2|F3964:2,structured
65542,,,fallback
655420,BE13-5008236,F3708:2|F3717:2|F3767:2|F4097:2,structured
65543,,,fallback
65545,,,fallback
655452,CHN2016-01-0296219,F6675:2|F6704:2|F6601:3|F6511:4|F6549:4|F6566:4|F6574:4|F6600:4|F6605:4,structured
65546,,,fallback
655468,,,empty
655470,,,empty
655476,,,empty
655479,,,empty
65548,,,fallback
65550,,,fallback
655528,BELG2012-6321550,F4454:1,structured
65553,,,fallback
65555,,F3290,fallback
65556,,F783|F784,fallback
655576,,,empty
65559,BE11-2198278,F54|F684|F685,fallback
655609,BELG2018-3123465,,fallback
655610,NL2018-5193686,,fallback
655611,DV07274-16-1,,fallback
655616,BELG2018-6154521,,fallback
655617,BELG2016-3039700,,fallback
655618,CHN2018-15-0298089,F6365:2|F6722:2|F6729:2|F5979:3|F7254:3,structured
65563,B14-2005481,F1749:2|F1934:2,structured
655637,CHN2016-01-0296215,F6496:3|F6566:3|F6576:3|F6579:3|F6645:3|F6648:3|F6549:4|F6574:4|F6600:4,structured
655640,NL2011-1740912,F6645:2|F6648:2|F6549:3|F6566:3|F6574:3|F6600:3,structured
655641,NL2013-1239323,F6496:2|F6566:2|F6576:2|F6579:2,structured
655659,,,empty
65566,B12-4302268,F2830|F3009|F3135,fallback
655664,,,fallback
655668,CHN2019-26-0780148,F5008:1|F5923:2|F5854:3,structured
65567,,,empty
655671,,,empty
65568,B2009-5061878,,fallback
65570,,,fallback
65571,,,fallback
65572,BE13-4063150,F3462:2|F4056:2|F4075:2|F4092:2,structured
655740,,,empty
655744,,,fallback
655750,CHN2018-04-0887430,,empty
655751,CHN2018-04-0887398,,empty
655754,CHN2018-04-0887594,,empty
655755,CHN2018-04-0887522,,empty
655769,,F63,fallback
65577,NL18-1100199,F6197:2|F5914:3|F6070:3,structured
65578,NL10-1681705,,fallback
65579,,F1370|F627|F788,fallback
655792,CHN2018-15-0298006,F4977:1|F5003:1,structured
655793,CHN2018-15-0298034,F6626:2|F6627:2|F6725:2|F7275:2,structured
655794,CHN2018-15-0295227,F4727:1,structured
65581,B09-4042911,,fallback
655811,,,empty
655822,,,empty
655823,,,empty
655826,,,empty
65584,B08-4040806,,fallback
655842,BELG2017-2058073,,fallback
655844,BELG2018-4195017,,fallback
655846,BELG2016-3020002,,fallback
655847,BELG2017-3113309,,fallback
655848,BELG2017-3010303,,fallback
655849,BELG2018-6024233,,fallback
655850,BELG2017-3010360,,fallback
655853,BELG2015-4167941,,fallback
655854,BELG2016-6056246,,fallback
655855,BELG2017-6052830,,fallback
655856,BELG2017-3113308,,fallback
655857,BELG2018-6024408,,fallback
655858,BELG2018-2038383,,fallback
655859,,F342|F593,fallback
655860,BELG2018-4184144,,fallback
655862,BELG2018-4184195,,fallback
655863,BELG2017-4220635,,fallback
655868,CHN2018-155-0295217,F6103:2|F6185:2|F6401:2|F5979:3|F7254:3,structured
65587,NL12-1284695,F3412:2|F4056:2|F4060:2|F4096:2,structured
655887,BELG2012-6321542,,empty
655888,BELG2012-6321472,F4458:1|F100:2,structured
655889,BELG2012-6321558,F4387:1|F4175:2|F5672:3|F2946:5|F6798:5|F6863:5|F7034:5,structured
655896,BELG2012-6321561,,empty
655898,BELG2012-6321519,,empty
65590,,,fallback
655900,BELG2012-6321483,F101:2|F1223:2|F2967:2|F100:3|F2868:4|F3045:4,structured
655902,,,fallback
65591,,F2577|F2753|F3269|F573,fallback
65592,,F2138|F2164|F2226|F2254|F2274|F2322,fallback
65594,NL11-1741013,,fallback
655996,NL2016-1499357,,fallback
655998,,F3116,fallback
65601,B09-2130270,,fallback
65602,,,fallback
656038,CHN2017-02-0008206,,fallback
656129,,,fallback
656130,,,empty
656132,,,empty
656167,BE2016-3084097,,fallback
656168,BE2018-3067406,,fallback
65617,,F1517|F1529,fallback
656170,BE2018-3067357,,fallback
656171,BE2018-3067078,F1920,fallback
656175,BE2018-3067540,,fallback
656176,BE2018-3128766,F1920,fallback
656177,BE2015-4014532,,fallback
656178,,F1516|F695,fallback
656180,BE2018-3067552,,fallback
656181,BE2015-3150451,,fallback
656185,BE2018-3067553,,fallback
656186,BE2018-3067388,,fallback
656187,BE2018-3067255,,fallback
656188,BE2012-3088098,,fallback
656189,BE2018-3067481,,fallback
656224,,,empty
656225,,,empty
65623,,F99,fallback
65625,NL13-1490882,F3365:2|F6048:2|F6255:2|F4102:3,structured
65626,,F1382|F617|F635,fallback
65627,,F100|F251,fallback
65629,,F2866|F3159,fallback
65630,BE12-6196008,F1009|F1757,fallback
65632,,,fallback
65633,BE2017-3059692,F1581,fallback
65638,,,fallback
65639,BE2011-6332458,F1511|F1512,fallback
656401,,,empty
656402,,,fallback
656410,CHN2018-17-0039853,F1564|F379|F714|F863,fallback
656411,CHN2018-17-0086053,F1564|F863,fallback
656412,CHN2017-17-0289728,F1564|F1656|F3057|F863,fallback
656416,,,empty
656519,B07-3080393,,fallback
656638,BE19-4184190,F1969,fallback
656650,,,fallback
656651,,,fallback
656652,,,fallback
656653,,,fallback
656658,CHN2018-10-1065376,F2897|F2925,fallback
656659,CHN2019-10-0529729,,empty
656660,CHN2016-10-0817262,F2143|F2252,fallback
656794,B17-4214216,,fallback
656795,CHN2016-10-0764331,,fallback
656805,,,fallback
656813,,,empty
656823,BELG2012-6321549,F866:2|F1209:2|F2866:3|F3159:3|F5672:3|F2946:5|F6798:5|F6863:5|F7034:5,structured
656826,,,empty
656901,BELG2008-6364058,,fallback
656958,,,fallback
656966,,,fallback
656967,,F2478|F2776|F2777,fallback
657010,,,fallback
657023,,,fallback
657038,,,fallback
657039,,,fallback
657041,,,fallback
657058,,,fallback
657059,,,fallback
657062,,,fallback
657079,,,fallback
657080,,,fallback
657081,,,fallback
657115,,,fallback
657122,,,fallback
657123,,,fallback
657124,,,fallback
657125,,,fallback
657247,,,empty
657250,B17-6028448,F1191:2|F5064:2|F980:3|F3176:3|F3338:3|F112:4|F113:4,structured
657290,B17-6257759,F980:2|F1898:2|F1949:2|F112:3|F113:3,structured
657291,B17-6268668,F1658:2|F1947:2|F1948:2|F2009:2,structured
657292,DV02098-16-1123,F5183:2|F5189:2|F5195:2|F5173:3,structured
657293,DV02098-16-1129,F3349:2|F5189:2|F5194:2|F5578:2,structured
657294,B14-6087393,F837:2|F1770:2|F1863:2,structured
657295,B11-6240668,F1316:2|F1377:2|F1384:2|F1640:2,structured
657315,BELG2011-6282414,F317,fallback
657329,BELG2005-4281706,,fallback
657338,NL02-0271480,,fallback
657356,,,empty
657360,,,empty
657363,,,empty
657369,,,empty
657372,BELG2010-3010369,F3156:1,structured
657376,,,empty
657381,,,fallback
657385,B04-3104012,F2617:1|F2811:2,structured
657386,B06-3107145,,fallback
657391,NL2015-1680051,,fallback
657392,B09-4303164,,fallback
657407,BE17-4228910,,fallback
657413,NL11-1592019,F3582:1|F6015:1,structured
657421,,,fallback
657435,BE16-6081769,,fallback
657436,CHN2010-02-000268,,fallback
657437,CHN2013-02-000002,,fallback
657438,CHN2013-02-000049,,fallback
657439,CHN2013-02-000057,,fallback
657440,CHN2014-02-000001,,fallback
657441,CHN2014-02-000087,,fallback
657442,CHN2014-02-000088,,fallback
657443,CHN2014-02-000100,,fallback
657444,CHN16-17-0161600,F1118:2|F4922:2|F6572:2|F6673:2,structured
657463,CHN2016-17-0161575,F1291:2|F4861:2|F4981:2|F6572:2,structured
657466,BE2016-3084098,,fallback
657467,BE2018-3067316,,fallback
657468,BE2017-3008084,,fallback
657471,CHN2018-02-0018936,,fallback
657474,CHN2017-17-0175109,F1117:2|F4897:2|F6173:2|F6572:2,structured
657541,GELG2007-3185970,F2501|F2619|F3001,fallback
657560,BE2018-3067256,,fallback
657561,BE2018-3067509,,fallback
657562,BE2018-3067303,,fallback
657574,B02-3025837,F342,fallback
657646,,,empty
657647,,,fallback
657648,,,empty
657650,,,fallback
657651,,,fallback
657653,,,fallback
657654,,,fallback
657658,NL10-2064875,,fallback
657659,CHN2015-01-0557117,,fallback
657807,,,empty
657847,CHN2018-17-0007952,F1291:2|F1118:3|F4922:3|F6572:3|F6673:3,structured
657856,BE2011-4309484,,fallback
657857,BE2012-4311216,,fallback
657858,BE2014-4235141,,fallback
657876,BE2004-5065517,,fallback
657877,BE2009-5026725,,fallback
657881,,,fallback
657882,,,fallback
657884,,,fallback
657885,,,fallback
657886,,,fallback
657887,,,fallback
657888,,,fallback
657890,,,fallback
657891,,,fallback
657892,,,fallback
657893,,,fallback
657894,,,fallback
657895,,,fallback
657915,CHN2016-0500212,F3821:2|F4980:2|F2617:3|F2811:4,structured
657916,CHN2013-17-080033,F4860:1|F4879:2|F6129:2,structured
657917,CHN2015-17-0080234,F1117:2|F5435:2|F6173:2|F6250:2,structured
657918,CHN2015-17-0080288,F1117:2|F5435:2|F6173:2|F6250:2,structured
657921,CHN2008-17-008149,,fallback
657922,CHN2008-17-008205,F1118:1|F6673:1,structured
657923,CHN2008-17-008906,F1291:1|F6572:1,structured
657944,CHN2010-17-001902,,fallback
657945,,,empty
657946,CHN2010-17-080001,,fallback
657947,CHN2010-17-080007,F5435:1|F6250:1,structured
657948,CHN2010-17-080019,,fallback
657949,,,empty
657950,,,empty
657951,CHN2010-17-080020,,fallback
657952,,,empty
657953,CHN2010-17-080832,,fallback
657954,CHN2010-17-080836,F1291,fallback
657955,CHN2011-17-002754,F1292:1|F1118:2|F6673:2,structured
657956,CHN2011-17-005416,,fallback
657957,CHN2011-17-005426,,fallback
657958,CHN2011-17-080027,,fallback
657959,CHN2012-17-080080,F1118:1|F1291:1,structured
657960,CHN2012-17-080197,,fallback
657961,CHN2012-17-304051,F1291,fallback
657962,,,empty
657963,,,empty
657964,CHN2013-17-080813,F1117:1|F6173:1,structured
657965,CHN2013-17-080837,F1117,fallback
657966,CHN2013-17-080838,F1117,fallback
657967,,,empty
657982,BELG2015-6289227,F1800:1,structured
657994,CHN2013-17-080839,,fallback
657995,CHN2013-17-080866,F1117,fallback
657996,CHN2013-17-080874,,fallback
657999,,,empty
658001,,,empty
658002,,,empty
658003,CHN2013-17-080875,F1117,fallback
658004,CHN2013-17-080876,F1117,fallback
658005,CHN2013-17-080910,F1117,fallback
658006,CHN2014-01-010151,F1118|F1291,fallback
658007,CHN2014-17-008471,F1117,fallback
658008,CHN2014-17-088474,,fallback
658009,CHN2014-17-088490,F4897:1|F6572:1,structured
658010,CHN2014-17-088530,F1118:1|F6673:1,structured
658012,CHN2015-17-0080606,,fallback
658013,CHN2015-17-0080640,,fallback
658014,CHN2015-17-0080648,,fallback
658015,CHN2015-17-0080649,,fallback
658016,CHN2015-17-0080688,,fallback
658017,CHN2015-17-0080768,F1117,fallback
658018,CHN2015-17-0080774,F1117:2|F4897:2|F6173:2|F6572:2,structured
658019,CHN2015-17-0080790,,fallback
658020,CHN2016-17-0083305,,fallback
658021,CHN2016-17-0083325,,fallback
658022,CHN2016-17-0083350,,fallback
658023,CHN2016-17-0083354,F1117,fallback
658024,CHN2016-17-0083372,,fallback
658025,CHN2016-17-0083373,,fallback
658026,CHN2016-17-0083407,,fallback
658027,CHN2016-17-0083414,,fallback
658031,CHN2016-26-0505063,,fallback
658032,CHN2017-00-8005590,,fallback
658033,CHN2017-17-0019951,F1291,fallback
658034,CHN2017-17-0019987,F1291:1|F6572:2,structured
658035,CHN2017-17-0019998,,fallback
658036,CHN2017-17-0486014,F1117,fallback
658038,CHN2018-17-0080229,F1291:2|F1118:3|F4922:3|F6572:3|F6673:3,structured
658040,CHN2018-17-0080710,F1291,fallback
658041,CHN2018-17-0080737,F1291,fallback
658042,CHN2018-17-0080756,F1291,fallback
658043,CHN2018-17-0080779,F1117|F1291,fallback
658044,CHN2018-17-0080780,F1117|F1291,fallback
658078,BELG2012-6321484,F4425:1|F4437:1,structured
658081,BELG2012-6321485,F4425:1|F4437:1,structured
658113,CHN2014-17-088438,F4922:1|F6572:1,structured
658114,CHN2015-17-0080618,F3821:1,structured
658115,CHN2015-17-0080620,,fallback
658116,CHN2015-17-0080729,,fallback
658117,CHN2015-17-0080747,,fallback
658118,CHN2015-17-0080760,F4861:1|F4981:1,structured
658119,CHN2015-17-0080775,F1117:2|F4897:2|F6173:2|F6572:2,structured
658120,CHN2016-17-0083313,,fallback
658121,CHN2016-17-0083322,F1117,fallback
658122,CHN2016-17-0083388,,fallback
658123,CHN2016-17-0083408,,fallback
658125,CHN2016-26-0505053,,fallback
658126,CHN2017-17-0019990,F1117,fallback
658128,CHN2018-17-0080709,F1291,fallback
658129,B2009-4303163,,fallback
65813,,,fallback
658161,,,empty
658230,CHN2017-02-0008330,,fallback
658231,CHN2018-02-0018765,,fallback
658232,CHN2018-02-0018766,,fallback
658233,CHN2018-02-0018881,,fallback
658234,CHN2018-02-0018882,,fallback
658246,,,fallback
658247,,,fallback
658248,,,fallback
658249,,,fallback
658256,CHN2014-17-088531,F1117:1|F6173:1,structured
658347,C12-197168,,fallback
658462,,,empty
658464,,,empty
658489,,,fallback
658490,,,empty
658492,,,empty
658500,NL09-1224882,F6146:1|F6218:1,structured
658522,CHN2015-02-0300376,,fallback
658523,CHN2015-02-0637299,,fallback
658535,,,empty
658540,B2010-3181565,F40:2|F189:2|F2818:2|F2470:4|F2486:4|F2501:4|F2619:4,structured
658541,B2011-3020772,F1088|F191|F890,fallback
658632,,,empty
658635,,,empty
658638,,,empty
658641,BELG2018-6018867,,fallback
658642,BELG2018-6018895,,fallback
658643,BELG2016-6033823,,fallback
658646,BELG2018-4194888,,fallback
658728,,,fallback
658762,B14-6235895,F1867:1,structured
658764,BE2012-3120140,,fallback
658766,BE2012-3120182,F1595,fallback
658767,BE2013-3080128,,fallback
658768,BE2014-3115693,,fallback
658776,,,fallback
658777,,,fallback
658778,,,fallback
658780,,,fallback
658782,,F1088|F189|F191|F2818|F40|F890,fallback
658783,,F1191|F1658|F1947|F1948|F2009,fallback
658793,CHN2018-17-0080339,,fallback
658795,CHN2018-17-0080421,,fallback
658796,CHN2018-17-0080095,,fallback
658798,CHN2018-17-0080355,,fallback
658800,CHN2018-17-0080425,,fallback
658801,CHN2018-17-0080306,,fallback
658802,CHN2017-17-0486082,,fallback
658807,CHN2017-17-0017831,,fallback
658812,CHN2018-17-0080244,,fallback
658823,CHN2018-17-0080389,,fallback
658824,CHN2018-17-0080104,,fallback
658825,C2018-17-0080728,,fallback
658828,CHN2017-17-0486771,,fallback
658837,CHN2018-17-0080781,,fallback
658840,CHN2018-17-0080014,,fallback
658843,CHN2018-17-0080193,,fallback
658846,CHN2018-17-0080164,,fallback
658847,CHN2018-17-0080143,,fallback
658861,,,empty
658865,B12-6225744,F3182,fallback
658883,,,empty
658887,,,fallback
658889,CHN2017-17-0019977,,fallback
658900,CHN2017-02-0005726,,fallback
658908,,,empty
658909,B10-6297752,F1788|F962,fallback
658912,NL15-1520729,F6373:2|F6412:2|F448:3|F962:3|F136:4|F2963:4|F3194:4|F2553:5|F2725:5,structured
658919,,,empty
658924,NL13-1032933,F448:2|F962:2|F136:3|F2963:3|F3194:3|F2553:4|F2725:4,structured
658985,,,fallback
658986,,,fallback
658987,,,fallback
658988,,,fallback
658989,,,fallback
658990,,,fallback
658991,,,fallback
658992,,,fallback
658993,,,fallback
658994,,,fallback
658995,,,fallback
658996,,,fallback
658997,,,fallback
658998,,,fallback
658999,,,fallback
659000,,,fallback
659001,,,fallback
659002,,,fallback
659003,,,fallback
659004,,,fallback
659005,,,fallback
659007,,,fallback
659036,BE2009-4189897,,fallback
659037,CHN2017-02-0008129,,fallback
659056,CHN2017-02-0007979,,fallback
659057,CHN2017-02-0007980,,fallback
659058,BE2011-4008918,,fallback
659059,CHN2014-02-321929,,fallback
659060,CHN2013-02-000089,,fallback
659061,CHN2013-02-000091,,fallback
659063,CHN2014-02-321930,,fallback
659090,CHN2013-02-301064,,fallback
65913,DV09341-98-770,,fallback
659188,BELG2010-3179311,F179|F3100|F3116,fallback
659190,NL2012-1618382,,fallback
659192,NL2012-1618381,,fallback
659193,BELG17-6025594,,fallback
659194,BE2016-6032583,F1191,fallback
659195,,,empty
659196,,,empty
659197,,,empty
659198,,,fallback
659199,,,fallback
659200,,,empty
659202,,F2182,fallback
659203,,,fallback
659204,,F2182|F2407,fallback
659207,,F3001,fallback
659208,B17-6262962,,fallback
659210,B2016-6277209,,fallback
659212,,,fallback
659213,,,empty
659214,,,fallback
659217,B04-9134228,F3203,fallback
65926,,,empty
659265,BELG2010-6038462,,fallback
659266,BELG2010-6038525,,fallback
659267,BELG2011-6265516,,fallback
659269,BELG2011-6332708,F1188,fallback
659270,BELG2011-6332740,F1033,fallback
659271,BELG2012-6236074,F1188|F3307,fallback
659272,BELG2012-6236084,,fallback
659274,BELG2012-6236260,,fallback
659275,BELG2012-6236435,F1885|F3307,fallback
659276,BELG2009-6222763,F2545,fallback
659277,BELG2013-6080496,F1032|F3307|F820,fallback
659278,BELG2012-6032714,,fallback
659279,BELG2012-6196566,F1193,fallback
659280,BELG2013-6026506,F1010|F1659,fallback
659282,NL2003-1339954,,fallback
659283,NL2007-1973491,,fallback
659285,NL2008-3853371,,fallback
659286,NL2010-3031202,,fallback
659287,NL2011-3001414,,fallback
659288,NL2012-1907730,,fallback
659289,NL2013-3328774,,fallback
659290,NL2015-3526113,,fallback
659291,NL2015-3526132,,fallback
659293,NL2013-1801744,,fallback
659294,NL2010-1271137,,fallback
659295,NL2010-2041957,,fallback
659296,NL2012-1947424,,fallback
659308,CHN2007-32-100099,,fallback
659309,CHN2008-24-001038,,fallback
659310,CHN2008-24-019839,,fallback
659311,CHN2008-24-019515,,fallback
659312,CHN2009-24-019815,,fallback
659313,CHN2008-24-019858,,fallback
659314,CHN2009-24-160891,,fallback
659315,CHN2008-24-019837,,fallback
659316,CHN2010-24-019991,,fallback
659317,IF2009-044,,fallback
659318,CHN2008-24-019834,,fallback
659319,CHN2009-24-160885,,fallback
659320,CHN2008-24-019872,,fallback
659321,CHN2008-24-160881,,fallback
659322,CHN2008-24-001032,,fallback
659323,CHN2009-24-160892,,fallback
659324,CHN2009-24-160893,,fallback
659325,CHN2010-24-019908,,empty
659326,CHN2010-24-019909,,empty
659327,CHN2010-32-961851,,fallback
659328,CHN2010-32-961854,,fallback
659331,CHN2012-03-510262,,fallback
659332,CHN2013-03-020903,,fallback
659333,CHN2012-24-000051,,fallback
659334,CHN2012-24-000052,,fallback
659335,CHN2012-24-000054,,fallback
659336,CHN2012-24-000071,,fallback
659337,CHN2012-24-000072,,fallback
659338,CHN2012-24-000074,,fallback
659339,CHN2014-24-019990,,fallback
659340,CHN2013-24-000204,,fallback
659341,CHN2015-24-0009962,,fallback
659345,,,empty
659346,NL2014-1930825,,fallback
659347,,,fallback
659348,BELG2012-4313949,,fallback
659352,BELG2012-4052140,,fallback
659389,BELG2008-6383059,,fallback
659421,B15-1051549,F484:2|F1042:2|F1106:2|F1279:2,structured
659440,CHN18-03-1320422,F3206|F674,fallback
659446,,F3297,fallback
659448,BELG2013-3138072,,fallback
659449,BELG2017-3070024,,fallback
659486,,,empty
659524,,,empty
659527,,,empty
659642,,,fallback
659643,,,fallback
659644,,,fallback
659645,,,fallback
659646,CHN2017-02-0007376,,fallback
659792,,,empty
659797,,,empty
659851,NL17-1862836,,fallback
659914,,,empty
659915,,,empty
659917,,,empty
659918,B08-4095019,,fallback
659920,B08-4095109,F752,fallback
659924,B11-4244527,,fallback
659971,CHN2017-01-0100712,F2313:3|F4788:3|F6657:3|F2044:4|F2048:4|F2053:4|F2055:4|F2062:4|F2064:4|F2065:4|F2114:4|F2126:5|F2131:5|F2132:5|F2137:5,structured
659976,CHN2017-01-0100726,F2265:2|F2346:2|F4961:2|F4991:2,structured
659979,CHN2018-01-0811258,F2092:3|F4742:3|F2057:4|F2117:4|F2145:4|F2188:4|F2044:5|F2052:5|F2053:5|F2059:5|F2061:5|F2064:5|F2065:5|F2070:5|F2071:5|F2105:5|F2106:5|F2133:5,structured
659982,CHN2017-01-0100653,F2259:2|F2265:2|F4933:2|F4955:2,structured
659988,CHN2017-06-0505317,F6649:2|F6740:2|F6750:2|F6629:3,structured
659993,CHN2018-01-1755192,F2231:2|F2250:2|F2351:2|F2142:3|F2146:3,structured
659995,,,fallback
660013,B14-6175064,F1025|F299|F643,fallback
660041,B18-6015774,F1352:2|F1660:2|F1191:3|F1658:3|F1948:3|F980:4|F112:5|F113:5,structured
660042,B17-60025071,F1514:2|F1576:2|F1697:2|F317:3|F3176:4|F3338:4,structured
660091,,,fallback
660116,C19-733122,,fallback
660118,C19-733125,,fallback
660119,C19-733149,,fallback
660120,C19-733123,,fallback
660149,,,fallback
660150,,,fallback
660151,,,fallback
660152,,,fallback
660153,,,fallback
660155,,,fallback
660161,,,fallback
660232,,,fallback
660240,CHN2016-03-0860838,F4334:2|F6651:2|F6652:2|F3400:3|F5966:3,structured
660242,CHN2015-03-0812061,F4334:2|F6651:2|F6652:2|F3400:3|F5966:3,structured
660252,CHN2018-02-0018677,,fallback
660253,CHN2018-02-0018678,,fallback
660291,,,fallback
660304,,,fallback
660305,,,fallback
660314,B13-6320223,,fallback
660315,B13-6320221,,fallback
660321,B16-6116738,F411:2|F1356:2|F1482:2|F1483:2,structured
660322,B18-6249181,F635:2|F1987:2|F1072:3,structured
660323,B14-6212090,F1319:2|F1371:2|F1375:2|F5672:3|F2946:5|F6798:5|F6863:5|F7034:5,structured
660324,B12-6321617,F605:2,structured
660327,B18-6249215,F1329:2|F1330:2|F1646:2|F1072:3,structured
660330,,,empty
660332,BELG2010-6052453,F3099|F3176|F3187|F3338,fallback
66037,BELG2005-4045270,F2155|F2529|F2530|F2577|F2753|F3012|F3269|F573,fallback
66038,BELG2005-4045228,F2155|F2529|F2530|F2577|F2753|F3269|F573,fallback
660380,NL10-1294831,,fallback
660441,NL13-1174055,F6317:1,structured
660445,NL13-1174055,F6317:1,structured
660499,,,fallback
660507,,,fallback
660508,,,fallback
660509,,,fallback
660510,,,fallback
660511,,,fallback
660512,,,fallback
660513,,,fallback
660514,,,fallback
660515,,,fallback
660516,,,fallback
660517,,,fallback
660518,,,fallback
660519,,,fallback
660522,,,fallback
660530,,,fallback
660531,,,fallback
660532,,,fallback
660533,,,fallback
660534,,,fallback
660535,,,fallback
660536,,,fallback
660537,,,fallback
660538,,,fallback
660539,,,fallback
660540,,,fallback
660541,,,fallback
660542,,,fallback
660543,,,fallback
660544,,,fallback
660545,,,fallback
660546,,,fallback
660547,,,fallback
660575,NL2015-1708790,,fallback
660601,,,fallback
660617,,F1161|F1854|F671|F92,fallback
660630,CHN18-03-1320095,F1032|F1189|F1537|F1655|F1681|F3307,fallback
660637,,F2910,fallback
660682,,,fallback
660683,,,fallback
660684,,,fallback
660685,,,fallback
660686,,,fallback
660687,,,fallback
660688,,,fallback
660689,,,fallback
660691,,,fallback
660692,,,fallback
660693,,,fallback
660694,,,fallback
660695,,,fallback
660696,,,fallback
660699,,,fallback
660729,,,empty
660732,,,empty
660734,,F2910,fallback
660735,,F2910,fallback
660736,,F2910,fallback
660737,,F2910,fallback
660738,,F2910,fallback
660739,,F2910,fallback
660740,,F2910,fallback
660741,,F2910,fallback
660742,,F2910,fallback
660743,,F2910,fallback
660744,,F2910,fallback
660745,,F2910,fallback
660749,,,fallback
660750,,,fallback
660751,,,fallback
660752,,,fallback
660753,,,fallback
660910,,,fallback
660912,B09-5013382,F79:2|F598:2|F2579:2|F2632:2,structured
660921,,,fallback
660922,,,fallback
660923,,,fallback
660924,,,fallback
660925,,,fallback
660926,,,fallback
660927,,,fallback
660928,,,fallback
660929,,,fallback
660930,,,fallback
660948,,,fallback
660949,,,fallback
660986,,,fallback
660993,CHN2016-13-0083319,,empty
660994,,,empty
661174,NL2019-1118860,F6621:2|F6662:2,structured
661175,NL2019-1118799,F6621:2|F6662:2|F6708:2,structured
661187,,,fallback
661190,T2016-169727,F1485|F1664,fallback
661196,,,fallback
661221,CHN2019-13-0315156,,fallback
661226,CHN2011-02-000160,,fallback
661227,,F2186|F3137,fallback
661234,CHN18-03-1320334,F1279|F3127|F380|F59|F689|F920,fallback
661307,,,empty
661352,,,empty
661424,,,empty
661425,,,empty
661426,,,empty
661429,,,empty
661430,,,empty
661434,,,fallback
661437,,,empty
661458,B18-6253941,F3444:2|F3535:2|F3605:2|F4032:4|F4078:4,structured
661461,B18-6254876,F3444:2|F3535:2|F3605:2|F4032:4|F4078:4,structured
661462,B18-6254875,F3444:2|F3535:2|F3605:2|F4032:4|F4078:4,structured
661476,B18-6040369,,fallback
661478,B15-6051416,,fallback
661479,B11-6115169,,fallback
661510,,,empty
661524,CHN2018-02-0688343,,empty
661554,,,empty
661611,,,empty
661620,NL2017-1852205,,fallback
661647,,,empty
661660,,,empty
661669,B12-5034433,F1297|F3079|F3116|F341,fallback
661670,,,empty
661675,NL08-1102595,F5538:2|F5846:2,structured
661694,,,empty
661714,,,empty
661715,,,empty
661717,,,empty
661730,,,empty
661737,,,empty
661754,CHN2015-01-0005744,F2204:2|F2061:4|F2075:4|F2082:4|F2105:4|F2106:4|F2133:4|F6499:4|F6508:4|F6516:4|F6590:4|F2062:5|F2076:5|F2154:5|F2173:5,structured
661831,,,empty
661836,,,empty
661837,,,empty
661840,,,empty
661849,,,empty
661851,,,empty
661857,,,empty
661866,,,fallback
661920,BELG2016-3103741,,fallback
661999,,,empty
662007,,,empty
662009,CHN2018-02-0018898,,fallback
662010,,,fallback
662012,,,fallback
662015,,,fallback
662023,,,empty
662068,B17-6025583,F1352:2|F1191:3|F1658:3|F1948:3|F980:4|F3176:4|F3338:4|F112:5|F113:5,structured
662075,CHN2017-02-0008129,,fallback
662083,,,fallback
662132,,,empty
662183,,,empty
662205,,,fallback
662221,,,fallback
662274,,,empty
662298,,F1297|F3079|F3116|F341,fallback
662299,,,empty
662301,,,fallback
66234,,,empty
662409,,,fallback
662427,,,fallback
662441,,,fallback
662443,,,fallback
662445,,,fallback
662447,,,fallback
662448,,,fallback
662453,,,fallback
662455,,,fallback
662463,,,fallback
662478,,,empty
662491,CHN2016-10-0871598,,empty
662492,CHN2016-10-0871593,,empty
662513,,,fallback
662514,,,empty
662536,B16-6269126,F406|F408|F661,fallback
662537,B14-2345045,F2438|F2588|F3325,fallback
662540,,,fallback
662544,CHN119-03-0060845,F200:2|F2017:3|F2028:3|F2455:3|F2526:3|F211:4|F2682:4,structured
662595,,,empty
66261,B09-6357582,F2946,fallback
662656,,,empty
662657,,,empty
662658,,,fallback
662659,,,empty
662666,,,empty
662667,,,empty
662673,,F3065|F3170|F617|F635,fallback
662675,,F3065|F3170|F617|F635,fallback
662676,,F3065|F3170|F617|F635,fallback
662677,,F3065|F3170|F617|F635,fallback
662678,B2001-6255336,F2051:2|F2069:2|F2101:2,structured
662680,NL2000-2283463,F7180:1|F2731:2|F6906:2,structured
662682,BELG2009-6358277,F4248:2|F4261:2|F4262:2|F4347:2,structured
662691,,,fallback
662692,,,fallback
662696,,,empty
662697,,,fallback
66272,B03-6266143,F2705,fallback
66273,B03-6266540,F2546|F2547|F2705|F3304,fallback
662773,,F3284|F3332,fallback
662774,,F3284|F3332,fallback
662775,,F3284|F3332,fallback
662781,,F3284|F3332,fallback
662784,,F3284|F3332,fallback
662785,,F3284|F3332,fallback
662787,,F3284|F3332,fallback
662805,,,fallback
662809,,,empty
662899,,,fallback
662900,BE12-4159476,,fallback
662901,BE14-4214265,,fallback
662904,,,fallback
662907,CHN2012-10-033773,,empty
662922,CHN2013-10-127803,,empty
662923,CHN2015-10-0563000,,empty
662924,CHN2014-10-296372,,empty
662925,CHN2014-10-296373,,empty
66309,,F260|F628,fallback
663103,CHN2015-10-0535724,F2143|F2252|F2508|F2860|F3089|F3322|F3352,fallback
663104,CHN2017-10-0229371,F2925,fallback
663105,,F2680|F2812,fallback
663109,CHN2017-08-0104716,F4486:2,structured
663112,,,fallback
663114,,,empty
66312,,,empty
663123,,,empty
663124,,,empty
663125,,,empty
663127,,,empty
663128,,,empty
66313,,,empty
66314,,,empty
663143,CHN18-16-0060161,,fallback
66315,,,fallback
663163,,,fallback
663185,CHN18-16-0060162,,fallback
663186,CHN17-16-0090308,,fallback
66319,,,empty
663193,CHN18-16-0060195,,fallback
66322,,,empty
663221,CHN17-16-0090358,,fallback
663222,CHN17-16-0090542,,fallback
663228,CHN17-16-0090307,,fallback
66324,,F260|F628,fallback
663255,CHN15-16-091132,,fallback
66328,,,empty
66330,,,empty
66334,,,empty
66335,,,empty
66336,,,empty
663370,BE17-4176079,,fallback
663393,BE17-4176076,,fallback
663401,BE17-4176057,,fallback
663404,BE17-4176061,,fallback
663412,BE17-4176062,,fallback
66354,BELG2004-6231893,F2461|F2542,fallback
663546,,,empty
66355,BELG2004-6231749,F2461|F2542,fallback
66356,BELG2005-6221297,F2461|F2542,fallback
66357,BELG2005-6221063,F2461|F2542,fallback
663578,,,empty
66358,BELG2006-6154543,F2461|F2542,fallback
663581,,,empty
663583,C16-17-029794,,empty
663589,,,empty
66359,BELG2007-6110081,,fallback
663596,BE17-4176063,,fallback
663602,BE17-4176064,F1839,fallback
663603,BE17-4176065,F1839,fallback
663605,BE17-41760137,,fallback
663606,,,fallback
663608,BE17-4176067,,fallback
663610,,,fallback
663611,BE17-4176068,,fallback
663613,BE17-4176070,,fallback
663614,BE17-4176069,,fallback
663616,BE17-4176072,,fallback
663619,BE17-4176074,F1977,fallback
663620,BE17-4176075,F1977,fallback
663623,BE17-4176077,,fallback
663626,BE17-4176078,,fallback
663637,CHN2019-08-0267777,F1751,fallback
663639,CHN2019-08-0268888,F1751,fallback
663642,BE17-4176083,F1924,fallback
663643,BE17-41760138,,fallback
663644,BE17-4176087,,fallback
663645,BE17-4176084,,fallback
663646,BE17-4176085,,fallback
663675,NL18-1803202,,fallback
663676,NL18-1803230,,fallback
663678,NL18-1803481,,fallback
663679,NL18-1803635,,fallback
663684,,,fallback
663685,NL18-1803639,,fallback
663686,NL18-1803685,,fallback
663687,NL18-1803697,,fallback
663688,NL18-1803761,,fallback
663689,NL18-1803780,,fallback
663690,NL18-1803793,,fallback
663691,NL18-1803795,,fallback
663692,NL18-1803797,,fallback
663694,NL18-1803816,,fallback
663695,NL18-1803831,,fallback
663696,NL18-1803833,,fallback
663697,NL18-1803869,,fallback
663699,NL18-1803900,,fallback
663703,CHN2018-10-1065126,,empty
663704,CHN2016-10-0764055,,empty
663705,CHN2016-10-0836532,,empty
663726,CHN18-01-1756526,F6723:2|F6738:2|F4812:4|F2044:5|F2048:5|F2053:5|F2055:5|F2062:5|F2064:5|F2065:5|F2114:5|F4796:5|F2117:6|F2188:6,structured
663741,,,fallback
663742,,,fallback
663808,,,fallback
663812,,,fallback
663814,,,fallback
663815,,,fallback
663829,,,fallback
663834,CHN2019-12-0016075,,fallback
663959,,,empty
664017,,,fallback
664019,,,fallback
664021,CNH2017-17-0289876,F1009,fallback
664036,,,empty
664056,,,fallback
664064,BELG2015-3126204,,fallback
664069,,,fallback
664071,,,empty
664072,,,empty
664085,,,empty
664087,,,empty
664088,,,fallback
664095,,,fallback
664096,,,empty
664098,,,fallback
664099,,,fallback
664109,,,fallback
664114,,,empty
664141,,,empty
664142,,,empty
664143,,,empty
664145,,,empty
664152,,,fallback
664153,,,fallback
664156,,,fallback
664157,,,fallback
664158,,,empty
664159,,,fallback
664161,,,empty
664163,,,fallback
664164,,,fallback
664172,CHN2012-23-585063,,fallback
664173,CHN2016-23-0885009,,fallback
664175,CHN2013-23-444935,,fallback
664176,CHN2017-23-0195055,F3162|F456,fallback
664180,,,empty
664183,CHN2019-22-0626063,,fallback
664196,,,empty
664234,BE16-6053869,,fallback
664238,,,empty
664245,,,empty
664251,,,empty
664270,CHN2017-15-0317888,F4793:1|F4948:1,structured
664271,CHN2017-15-0514429,F4878:1,structured
664307,BE16-3084362,,fallback
664309,,,empty
664349,,,empty
664353,,,fallback
664380,,,fallback
664388,NL19-1417202,,fallback
664395,NL19-1417201,,fallback
664399,CHN2019-26-0780135,F4898:2|F5286:2,structured
664454,,,fallback
664457,,,empty
664476,CHN2017-15-0512904,,fallback
664481,CHN2019-10-0529840,,empty
664484,CHN2019-10-0529546,,empty
664485,CHN2016-10-0764327,,empty
664495,CHN2019-10-0529596,,empty
664584,CHN2017-15-0512903,,fallback
664585,CHN2017-15-0512960,,fallback
664587,CHN2017-15-0512980,,fallback
664588,CHN2017-23-0195557,,fallback
664598,,,empty
664599,,,fallback
664601,CHN2018-15-0507352,,fallback
664611,,,empty
664630,,,empty
664634,CHN2018-15-0507245,,fallback
664639,CHN2017-00-8004226,,empty
664641,CHN2017-26-0699933,,empty
664670,,,empty
664671,CHN2017-26-0699911,,empty
664741,CHN2017-29-0011003,,empty
664746,,,fallback
664750,,,empty
664751,,,fallback
664757,CHN2013-32-980952,,empty
664760,CHN2014-27-001010,,empty
664761,CHN2016-26-0424618,,empty
664800,,,fallback
664802,,,fallback
664824,,,empty
664826,,,empty
664852,,,empty
664894,DV01063-13-1990,F5071:2|F5083:2|F5084:2|F5086:2,structured
664902,BELG2011-3170483,F1581,fallback
664916,DV01063-16-1293,F5073:2|F5085:2|F5091:2|F5100:2,structured
664917,,,empty
664961,,,empty
664963,,,empty
665031,,,fallback
665054,C16-0514404,,fallback
665089,B16-4230490,F1502,fallback
665101,,,fallback
665103,BE14-6116453,,fallback
665152,,F2586|F2780|F2782|F294|F2964|F3040|F3062|F3116|F3181|F3225,fallback
665175,,F1518,fallback
665206,,,empty
665207,,,empty
665272,,,empty
665283,,,empty
665311,,,empty
665320,,,empty
665400,CHN19-03-0777740,F2483:3|F2654:3|F2666:3|F2738:3|F2987:3|F3212:4|F2988:5|F7015:5,structured
665475,BELG2011-6140876,F1322|F1652,fallback
665477,,,fallback
665480,,,fallback
665505,,,empty
665508,,,empty
665511,,,empty
665514,,,empty
665515,,,empty
665609,,,empty
665610,,,empty
665611,,,fallback
665612,,,empty
665620,,,empty
665621,,,empty
665634,,,fallback
665644,,,empty
665726,,,empty
665731,,,empty
665735,CHN2019-15-0042660,,empty
665736,,,empty
665738,,,empty
665740,,,empty
665761,,F2521,fallback
665790,CHN2013-23-686695,F636|F637,fallback
665798,,,empty
665799,,,empty
665800,,,empty
665818,B10-2045187,,fallback
665819,,,empty
665836,B12-2061184,F864:2|F3209:2,structured
665848,CHN14-19-326536,F4515:1|F4521:1,structured
665853,CHN2019-00-H006872,,fallback
665866,CHN2015-03-0810108,,fallback
665878,ELG2010-6359161,F605,fallback
665881,,,empty
665897,,,fallback
665902,,,fallback
665969,CHN2018-10-1065386,,empty
665976,B1996-6335231,F2052:2|F2059:2|F2070:2|F2071:2,structured
666032,,,empty
666036,,,empty
666037,,,empty
666038,,,empty
666072,B14-2216397,F863:1|F2866:4|F2868:4|F3045:4|F3159:4,structured
666073,B14-2216398,F863:1|F2866:4|F2868:4|F3045:4|F3159:4,structured
666077,B17-2076024,F576:2|F764:2|F921:2|F2410:4|F2604:4,structured
666078,B17-2076204,F1071:2|F1181:2|F2410:4|F2604:4|F2697:4|F2765:4,structured
666079,CHN2017-26-0699966,,empty
666080,BE18-6156685,F1359,fallback
666085,CHN2017-10-0229466,,empty
666086,CHN2018-10-1065282,,empty
666088,CHN2015-10-0536445,,empty
666124,,,fallback
666150,,,fallback
666152,B18-2069172,F2032:1|F755:2,structured
666158,B18-2069386,F2032:1|F755:2,structured
666159,B18-2069444,F2032:1|F755:2,structured
666162,,,empty
666164,,,empty
666166,,,empty
666167,,,empty
666169,B19-2031036,F1071:2|F1705:2,structured
66617,NL01-5150581,,fallback
666170,B19-2031040,F2032:1|F1994:2,structured
666175,,,fallback
666178,NL2011-1237220,F1370|F1371,fallback
666179,B08-6314652,F2407|F2774,fallback
666196,B19-2031053,F863,fallback
666209,B19-2031110,F576:3|F1705:3|F2410:5|F2604:5,structured
66621,NL05-1405306,F342,fallback
666210,B19-2031155,F1705:3,structured
666211,B19-2031069,F2326:3,structured
666212,B19-2031131,F2326:2|F515:3|F699:3|F2073:3|F6535:3,structured
666217,B19-2031048,F761:2|F2032:2|F755:3,structured
666218,CHN2014-15-109737,F4793:1,structured
666232,CHN2014-15-109737,F4793:1,structured
666233,CHN2013-15-175913,F6980:2|F7114:2,structured
666237,B14-2216368,F512,fallback
66626,B07-2192104,F324|F504,fallback
666287,,,fallback
666290,,,fallback
666291,,,fallback
666293,,,fallback
666296,,,fallback
666330,CHN18-03-0987865,F1695:2|F1905:2|F773:3|F2410:4|F2604:4|F2697:4|F2765:4,structured
666331,B17-6174621,F1161:2|F1935:2|F1072:3,structured
666334,,,fallback
666335,,,empty
666341,CHN2012-15-605497,,fallback
666344,C14-YG-995358,,fallback
66636,CHN07-22-122182,,fallback
666371,,,empty
666379,,,empty
666381,,,empty
666388,,,empty
666389,,,empty
666391,,,empty
666392,,,empty
666398,,,fallback
666401,,,fallback
666402,,,fallback
666403,,,fallback
666404,,,fallback
666405,,,fallback
666406,,,empty
666407,,,fallback
666409,,,fallback
666410,,,empty
666412,,,fallback
666413,,,empty
666414,,,empty
666415,,,fallback
666416,,,fallback
666417,,,empty
666418,,,fallback
666419,,,fallback
666420,,,fallback
666421,,,empty
666422,,,fallback
666423,,,fallback
666424,,,fallback
666425,,,fallback
666426,,,fallback
666427,,,fallback
666439,,,fallback
666440,,,fallback
666441,,,fallback
666442,,,empty
666444,,,empty
666448,CHN2015-15-1219612,,fallback
66645,NL08-2013788,F5612:2|F5810:2|F5815:2|F5831:2,structured
666450,,,fallback
666451,,,fallback
666452,,,fallback
666456,,,fallback
666461,NL2014-1605823,F1760|F99,fallback
666464,DV07237-12-1179,F1531,fallback
666560,,,empty
666576,,F1468|F1723,fallback
666599,,,empty
666600,,,fallback
666601,,,fallback
666603,,,fallback
666605,,,empty
666606,,,fallback
666607,CHN2017-15-0317888,F4793:1|F4948:1,structured
666608,CHN2017-15-0514429,F4878:1,structured
666651,,,empty
666661,,,empty
666727,,,fallback
666729,,,fallback
666730,,,empty
666754,,,empty
666769,,,empty
666774,,,empty
666781,,,empty
666783,,,empty
666785,,,empty
666790,,,empty
666791,,,empty
666824,,,empty
666825,,,empty
666826,,,empty
666830,,F3065|F3170|F617|F635,fallback
666831,,F3065|F3170|F617|F635,fallback
666832,B12-6023345,F1750:1,structured
666835,B12-3127501,F3116:2|F3204:2|F3205:2|F2680:3|F2812:3,structured
666838,B12-3127513,F194:2|F547:2|F3116:2|F2740:3|F2393:4|F2569:4,structured
666847,NL04-2246505,,fallback
666850,NL06-1195085,F5436:2|F6868:2,structured
666853,NL07-1667713,,fallback
667072,,F2186,fallback
667076,CHN2017-15-0514430,F4878:1,structured
667131,,,fallback
667180,,,fallback
667182,,F956,fallback
667217,,,fallback
667232,B11-2083292,,fallback
667237,B11-2083494,F956,fallback
667240,B09-2054248,F15,fallback
667245,B11-2083458,,fallback
667251,B11-2083401,F874:1,structured
667258,,,fallback
667261,B11-2083368,,fallback
667265,B09-2054201,,structured
667295,,,fallback
667454,CHN2018-10-0967438,,empty
667455,CHN2017-10-0075448,,empty
667456,CHN2018-10-1065274,,empty
667461,NL2009-1728455,F3155|F3196|F961,fallback
667550,,,empty
667584,CHN19-01-0002657,F2347:2|F4827:2|F2057:3|F2145:3|F2052:4|F2059:4|F2070:4|F2071:4,structured
667585,CHN19-01-0002702,F6611:2|F2084:3|F2089:3|F2168:3|F2169:3|F6511:3|F6605:3,structured
667586,CHN19-01-1800285,F2347:2|F4827:2|F2289:3|F2306:3|F2084:4|F2089:4|F2168:4|F2169:4,structured
667587,CHN19-01-1800149,F4843:2|F4886:2|F2057:4|F2084:4|F2089:4|F2145:4|F2168:4|F2169:4|F2052:5|F2059:5|F2070:5|F2071:5,structured
667588,CHN19-01-1800675,F4843:2|F4886:2|F2057:4|F2084:4|F2089:4|F2145:4|F2168:4|F2169:4|F2052:5|F2059:5|F2070:5|F2071:5,structured
667589,CHN19-01-1800335,F2092:3|F4742:3|F2057:4|F2117:4|F2145:4|F2188:4|F2044:5|F2052:5|F2053:5|F2059:5|F2061:5|F2064:5|F2065:5|F2070:5|F2071:5|F2105:5|F2106:5|F2133:5,structured
667590,CHN19-01-1800278,F2377:2|F6735:2|F2142:4|F2146:4|F2057:5|F2145:5|F4766:5|F2052:6|F2059:6|F2070:6|F2071:6|F2084:6|F2089:6|F2126:6|F2131:6|F2132:6|F2137:6|F2147:6|F2168:6|F2169:6,structured
667591,CHN19-01-1800421,F2377:2|F6735:2|F2142:4|F2146:4|F2057:5|F2145:5|F4766:5|F2052:6|F2059:6|F2070:6|F2071:6|F2084:6|F2089:6|F2126:6|F2131:6|F2132:6|F2137:6|F2147:6|F2168:6|F2169:6,structured
667595,CHN19-01-0002691,F2117:3|F2188:3|F6645:3|F6648:3|F2044:4|F2053:4|F2064:4|F2065:4|F6549:4|F6566:4|F6574:4|F6600:4,structured
667598,CHN19-01-0002725,F4812:2|F2184:3|F4788:3|F2117:4|F2188:4|F2044:5|F2053:5|F2064:5|F2065:5|F2126:5|F2131:5|F2132:5|F2137:5,structured
667619,,,fallback
667620,,,fallback
667621,B2013-2172601,,fallback
667631,,,fallback
667636,,,empty
667666,,F3116,fallback
667672,,F3116,fallback
667675,,F2879|F3308,fallback
667679,,,empty
667680,,,empty
667681,,,empty
667682,,,empty
667683,,,empty
667684,,,fallback
667685,,,fallback
667731,,,empty
667745,,F1468|F1723|F217|F3040|F3041,fallback
667751,B12-3050430,F367,fallback
667763,BE16-2147673,F1696,fallback
667779,,,fallback
667780,,,fallback
667806,CHN2019-22-0869863,,fallback
667815,,,empty
667836,,,fallback
667837,,,fallback
667845,CHN2019-10-0529530,F2925,fallback
667861,CHN2019-10-0529722,F2925,fallback
667868,CHN2016-10-0764397,F2860|F3089,fallback
667875,CHN2019-10-0529890,F2860|F3089,fallback
667880,CHN2019-10-0529700,F2925,fallback
667881,B14-3067037,,fallback
667883,CHN2019-10-0529660,F2464|F2860|F3089,fallback
667884,,,fallback
667891,CHN2019-10-0529648,,fallback
667892,CHN2018-10-0968495,,fallback
667899,,,fallback
667912,,,empty
667913,,,empty
667928,,,empty
667951,,,empty
667953,,,empty
66797,NL06-1075702,F5582:1|F6532:1,structured
667993,,,empty
667994,,,empty
667995,,,empty
667996,,,empty
667997,,,empty
668002,,,empty
668003,,,empty
668034,CHN2017-15-0172667,,fallback
668143,CHN2017-23-0195558,,fallback
668196,,,fallback
668256,,,fallback
668257,,,fallback
668258,BL05-6450510,,fallback
668259,BL07-6310332,,fallback
668268,DV02065-12-420,,fallback
668277,,,empty
668287,,F1518|F1640,fallback
668293,CHN2015-17-0033060,,fallback
668297,CHN2015-17-0107307,,fallback
668305,CHN2017-17-0033068,,fallback
668307,CHN2018-17-0087387,,fallback
668465,BL2010-6246164,F4212:2|F4213:2|F4236:2|F4237:2,structured
668474,BEL09-5070723,,fallback
668507,BE14-6118083,F1211|F1802,fallback
668548,,,empty
66856,,F2519|F2521|F2592|F2594,fallback
668599,CHN04-2016-1098008,,empty
668603,CHN18-2016-0013449,,empty
668604,CHN18-2016-0013451,,empty
668606,,,empty
668612,CHN01-2017-1235403,,empty
668614,CHN01-2016-1085931,,empty
668625,,,fallback
668627,,,fallback
668628,,,empty
668631,CHN2018-10-1065148,,empty
668632,CHN2019-10-0529888,,empty
668647,BELG2012-6321246,,fallback
668649,BELG2012-6123287,,fallback
668653,,,fallback
668656,,,fallback
668662,,,fallback
668663,,,fallback
668664,,F456,fallback
668665,,,fallback
668668,,,empty
668677,,,empty
668686,,,empty
668689,DV2010-0811416,,fallback
668703,CHN19-01-1800034,F2313:3|F4788:3|F6657:3|F2126:4|F2131:4|F2132:4|F2137:4,structured
668705,CHN19-01-1800164,F4788:3|F2126:4|F2131:4|F2132:4|F2137:4|F4812:4|F4796:5|F2117:6|F2188:6,structured
668818,,,empty
668821,,,empty
668823,,,empty
668867,,,empty
668868,,,empty
668869,,,empty
668871,,,fallback
668879,,,fallback
668880,,,empty
66899,B08-6177691,,fallback
66909,B03-6257134,F459:1,structured
669110,,,empty
669112,,,fallback
669120,,,fallback
669170,BELG2014-6022840,,fallback
669180,NL08-1700771,F5736:1|F5936:1,structured
669356,CHN19-01-0002710,F6636:2|F6644:2|F2268:3|F4770:3|F4866:3|F2075:5|F2082:5|F2062:6|F2076:6|F2154:6|F2173:6,structured
669530,,,empty
669540,,,empty
669571,,,empty
669623,,,empty
669728,,,fallback
669729,,,fallback
669730,,,fallback
669731,,F2553|F2725|F2780|F2963|F2964|F3062,fallback
669732,,,fallback
669733,,,fallback
669767,,F1581|F2680|F2812,fallback
669769,,,fallback
669770,,,fallback
669772,,,fallback
669774,,,fallback
669775,,,fallback
669794,,,fallback
669830,,,empty
669832,CHN2014-06-392110,,empty
669965,CHN19-01-1800486,F6705:2|F6737:2|F4766:4|F2147:5|F2170:5|F6496:5|F6566:5|F6576:5|F6579:5|F6645:5|F6648:5|F2044:6|F2046:6|F2049:6|F2053:6|F2056:6|F2064:6|F2065:6|F2102:6|F6549:6,structured
669966,CHN19-01-1800487,F6705:2|F6737:2|F4766:4|F2147:5|F2170:5|F6496:5|F6566:5|F6576:5|F6579:5|F6645:5|F6648:5|F2044:6|F2046:6|F2049:6|F2053:6|F2056:6|F2064:6|F2065:6|F2102:6|F6549:6,structured
670022,,,empty
670032,,,empty
670039,CHN19-01-0002747,F2171:3|F2255:3|F2257:3|F2258:3|F2289:3|F2306:3|F2084:4|F2089:4|F2168:4|F2169:4,structured
670044,CHN2019-03-1079999,F4534:1|F4537:1,structured
670079,CHN19-01-1800578,F2239:3|F2380:3|F4989:3|F6675:3|F4788:4|F6615:4|F2126:5|F2131:5|F2132:5|F2137:5|F6492:5|F6497:5|F6549:5|F6566:5|F6574:5|F6600:5,structured
67008,B08-6177693,F637:1,structured
670084,CHN19-01-1800609,F4931:2|F4788:3|F2289:4|F2306:4|F4812:4|F2084:5|F2089:5|F2126:5|F2131:5|F2132:5|F2137:5|F2168:5|F2169:5|F4796:5|F2117:6|F2188:6,structured
670098,BELG2011-9065049,F3356,fallback
67010,B08-6177679,F3447:1|F3345:2|F3350:2,structured
670129,,,fallback
670130,DV08600-19-707,F249:2|F2937:2|F2866:3|F3159:3,structured
670131,DV08600-19-745,F249:2|F2937:2|F2866:3|F3159:3,structured
670132,DV08600-19-718,F249:2|F2937:2|F2866:3|F3159:3,structured
670133,DV0824-15-86,F249:2|F2937:2|F2866:3|F3159:3,structured
670207,,,empty
670354,CHN2016-17-0033029,,fallback
670373,,F1074|F3116|F906,fallback
670374,,F1074|F3116|F906,fallback
670375,,,fallback
670376,BELG2012-6023349,,fallback
670379,,,empty
670380,,F1104|F2752,fallback
670381,,,fallback
670382,,,fallback
670407,B2015-3147798,F1583|F3234|F719,fallback
670408,,F2688|F2689|F342,fallback
670415,B2015-3137762,,fallback
670423,B2015-3147761,,fallback
670424,B2016-3142458,F6408:1,structured
670435,,,fallback
670452,B2006-6154436,F3501:1|F3534:1,structured
670507,,,fallback
670511,,,fallback
670512,,,empty
670513,,,empty
670573,CHN19-01-1800508,F2315:2|F2352:2|F6734:2|F6744:2,structured
670574,CHN19-01-1800674,F2147:3|F2170:3|F2046:4|F2049:4|F2056:4|F2057:4|F2084:4|F2089:4|F2102:4|F2145:4|F2168:4|F2169:4|F2052:5|F2059:5|F2070:5|F2071:5,structured
670576,CHN19-01-1800534,F4903:2|F4930:2|F2092:4|F4742:4|F2057:5|F2117:5|F2145:5|F2188:5|F2044:6|F2052:6|F2053:6|F2059:6|F2061:6|F2064:6|F2065:6|F2070:6|F2071:6|F2105:6|F2106:6|F2133:6,structured
670577,CHN19-01-0002743,F2231:2|F2250:2|F4407:2|F5373:2,structured
670670,CHN01-2016-1085933,,fallback
670671,CHN01-2016-1085931,,empty
670674,CHN01-2016-1085943,,fallback
670706,CHN01-2016-1085941,,empty
670728,,,empty
670729,CHN18-2011-132918,,empty
670739,CHN04-2016-1098017,,empty
670741,CHN18-2010-098862,,empty
670749,,,empty
670750,,,empty
670768,NL13-1629984,,fallback
670845,,,empty
670865,CHN2019-10-0529909,F4915:1|F4944:1,structured
670866,CHN2019-10-0529585,,empty
670868,CHN2018-10-1065217,,empty
670869,CHN2019-10-0529646,,empty
670870,CHN2019-10-0529725,,empty
670934,,,fallback
670935,,,fallback
670936,NL2013-1239654,,fallback
670937,NL2013-1239666,,fallback
670941,NL10-1681728,F6491:2|F6531:2|F6553:2|F6542:3|F6605:3,structured
670949,,,empty
670950,,,empty
670970,,,empty
670971,B16-6033749,,fallback
670972,CHN2018-10-1065189,,fallback
670974,CHN2019-10-0529818,,empty
670977,,,empty
670994,CFI2016-6460920,F1996:2|F7278:2|F7280:2,structured
671070,CHN2011-12-320073,F1564|F863,fallback
671077,CHN2017-17-0011519,F1564|F1656|F3057|F863,fallback
671082,CHN2014-15-184329,F5854:1|F5923:1,structured
671083,CHN2018-15-0298411,,empty
671094,CHN2019-03-1102445,,empty
671113,,,fallback
671155,CHN15-01-1309343,,fallback
671161,,,empty
671272,,,empty
671282,,,empty
671283,,,empty
671286,,F2866|F2868|F3045|F3159,fallback
671287,,F3116|F914,fallback
671291,B13-3031703,F367:2|F1600:2|F2397:2|F38:3|F2809:3,structured
671292,C15-01-0013297,F36:3|F951:3|F3001:3,structured
671296,C14-01-1238178,F36:5|F951:5|F3001:5,structured
671317,,,empty
671326,,,fallback
671334,,,empty
671335,,,empty
671388,,F1208,fallback
671410,,F100,fallback
671415,,F1319|F605|F621|F623,fallback
671418,,F1319|F1389,fallback
671420,,F3079|F3116|F425,fallback
671422,,F209,fallback
671433,,F175|F180|F3116,fallback
671437,,F209,fallback
671467,B13-3031693,F1304:3|F1622:3,structured
67148,CHN2018-08-0088900,,fallback
671481,,,empty
671484,SH2018-0136,F5854:2|F5923:2|F5632:3|F5844:3|F6080:3|F7107:3,structured
671600,,F1061|F509,fallback
671613,,,empty
671615,,,empty
671616,,,empty
671617,,,empty
671621,,,empty
671622,,,empty
671623,,,empty
671625,,,empty
671626,,,empty
671628,,,empty
671630,,F1967|F1968,fallback
671633,,,empty
671634,,,empty
671657,,,empty
671661,,,empty
671662,,,empty
671674,,,fallback
671675,,,fallback
671676,,,empty
671683,,,fallback
671697,,,fallback
671707,CHN01-2017-1235406,,empty
671745,,,fallback
671764,,,empty
671766,,,empty
671769,,,fallback
671775,,,fallback
671806,,,fallback
671813,,,empty
671816,,,empty
671904,BELG10-2045383,F4158:1|F4164:1,structured
671905,,,fallback
671929,CHN2019-17-0080623,F1009,fallback
671930,CHN2019-17-0080622,F1009,fallback
671940,,,fallback
671957,CHN2019-10-0529831,,empty
671958,CHN2019-10-0529775,,empty
671961,,,empty
671984,,,empty
671993,,,empty
672023,BELG10-2045360,F4172:1|F4488:1,structured
672024,,,fallback
672032,,,fallback
672035,,,fallback
672049,,,empty
672050,BELG2014-3004509,,fallback
672051,BELG2013-3003149,,fallback
672052,,,fallback
672053,CHN2018-15-0298191,F5854:2|F5923:2,structured
672055,CHN2019-15-0001928,F5014:1|F5031:1,structured
672077,,F1284,fallback
672226,,F1065|F1431|F3116,fallback
672229,,F1609,fallback
672230,,F180,fallback
672231,,F3306,fallback
672232,,F3306,fallback
672234,,,fallback
672235,,,fallback
672236,,,fallback
672237,,,fallback
672238,,,fallback
672239,,,fallback
672245,NL2008-1692594,,fallback
672248,NL15-1144597,F1943:2|F6370:2,structured
672253,,,fallback
672261,B14-6175308,F1191:2|F980:3|F112:4|F113:4,structured
672262,BE18-2053885,,fallback
672263,BE19-4050486,,fallback
672264,BE18-3066722,,fallback
672265,BE18-4071829,,fallback
672266,BE18-2010119,,fallback
672267,BE18-2010046,,fallback
672268,BE19-4050583,,fallback
672269,BE18-4076071,,fallback
67227,BELG2014-2344315,F1315|F1529|F2959|F3170|F636|F637,fallback
672271,BE18-2038603,,fallback
672272,BE16-2146311,,fallback
672273,BE18-2136884,,fallback
672275,B17-6025402,F1855:1|F1507:2|F1754:2,structured
672293,B14-6240182,F400:2|F1776:2|F1790:2|F1955:2,structured
672294,,F1790|F1796,fallback
672295,B17-6148757,F1790:2|F1796:2|F1995:2|F2012:2,structured
672305,,,empty
672308,,,empty
672310,,,empty
672313,,,empty
672321,,,fallback
672323,,,fallback
672324,,,fallback
672325,,,fallback
672327,,,fallback
672328,,,fallback
672329,,,fallback
672330,,,fallback
672332,,,fallback
672333,,,fallback
672335,,,fallback
672339,,,empty
672340,,,empty
672343,,,empty
672344,,,empty
672366,,,empty
672383,,,empty
672398,NL08-1125286,F5532:1|F6857:1,structured
672399,NL08-1125280,F5536:1|F6940:1,structured
672413,NL2006-1792804,F6857:2|F7085:2|F7158:2|F6811:3,structured
672418,B15-6093218,F614:2|F1513:2|F1547:2|F1580:2,structured
672429,,,empty
672431,,,empty
672432,,,empty
672434,,,fallback
672469,,,fallback
672498,,,empty
672523,NL17-1848822,F1781:2|F1784:2|F1960:2|F1996:2,structured
672529,B16-6081006,F831:2|F1211:2|F1549:2|F1802:2,structured
672608,CHN2019-17-0080709,F2033:1|F2034:1,structured
672617,CHN2017-17-0289900,F1276|F1609|F1913|F379|F714,fallback
672725,NL12-1880647,F261:2|F263:2|F5804:2|F5946:2,structured
672731,,,empty
672736,,,fallback
672737,,,fallback
672738,B16-6129329,F1202:2|F1878:2|F1944:2|F1945:2,structured
672745,NL12-1086659,F7011:2,structured
672747,DV02114-12-2572,F98:2|F249:2|F2866:4|F3159:4,structured
672749,,,empty
672751,,,empty
672754,,,empty
672755,,,empty
672756,,,empty
672767,,,empty
672805,,,empty
672806,,,empty
672808,,,empty
672818,,,empty
672867,B17-6084648,F1358:2|F1800:2|F2010:2,structured
672871,,,fallback
672872,,,fallback
672938,,,empty
672976,,,empty
672978,,,empty
672979,,,empty
672986,,,empty
672989,,,fallback
673076,CHN2019-10-0529946,,empty
673079,,,empty
673081,,,empty
673098,B2008-5116090,F2243:1|F2126:2|F2137:2,structured
673185,,,empty
673186,CHN2019-000011,,empty
673187,CHN2019-000039,,empty
673188,CHN2019-000066,,empty
673193,CHN2019-00-000051,,fallback
673194,CHN2019-000054,,empty
673195,CHN2019-000111,,empty
673199,CHN2019-000071,,empty
673200,CHN2019-000053,,empty
673201,CHN2019-000012,,empty
673202,CHN2019-000016,,empty
673203,CHN2019-000125,,empty
673206,CHN2018-15-0298310,F4953:1|F4993:1,structured
673208,CHN2018-15-0298305,F4953:1|F4993:1,structured
673232,,,fallback
673258,CHN19-01-0002734,F2351:2|F6702:2|F2142:3|F2146:3|F6549:3|F6566:3,structured
673259,CHN19-01-0002726,F2239:2|F4904:2|F4929:2|F6602:2,structured
673261,CHN19-01-0002727,F2239:2|F4904:2|F4929:2|F6602:2,structured
673262,CHN19-01-0002679,F2239:2|F4904:2|F4929:2|F6602:2,structured
673264,CHN19-01-1800011,F2239:2|F2381:2|F4990:2|F6602:2,structured
673265,CHN19-01-1800008,F6633:2|F6706:2|F4846:3|F4847:3|F6737:3|F6749:3,structured
673266,CHN19-01-1800014,F2184:3|F6645:3|F6648:3|F6549:4|F6566:4|F6574:4|F6600:4|F2044:5|F2053:5|F2064:5|F2065:5,structured
673274,CHN19-01-1800333,F2239:3|F4843:3|F4886:3|F6679:3|F6694:3|F6551:4|F6600:4|F6615:4|F6645:4|F6648:4|F6492:5|F6497:5,structured
673276,CHN19-01-1800263,F6705:2|F6737:2|F4766:4|F2147:5|F2170:5|F6496:5|F6566:5|F6576:5|F6579:5|F6645:5|F6648:5|F2044:6|F2046:6|F2049:6|F2053:6|F2056:6|F2064:6|F2065:6|F2102:6|F6549:6,structured
673278,CHN19-01-1800307,F6705:2|F6737:2|F4766:4|F2147:5|F2170:5|F6496:5|F6566:5|F6576:5|F6579:5|F6645:5|F6648:5|F2044:6|F2046:6|F2049:6|F2053:6|F2056:6|F2064:6|F2065:6|F2102:6|F6549:6,structured
673280,CHN19-01-0002718,F2315:2|F2352:2|F6734:2|F6744:2,structured
673282,CHN19-01-1800685,F6723:2|F6738:2|F2315:3|F2352:3|F6612:3|F6656:3,structured
673390,CHN19-01-1800047,F2184:3|F6645:3|F6648:3|F6549:4|F6566:4|F6574:4|F6600:4|F2044:5|F2053:5|F2064:5|F2065:5,structured
673395,CHN19-01-1800022,F2184:3|F6645:3|F6648:3|F6549:4|F6566:4|F6574:4|F6600:4|F2044:5|F2053:5|F2064:5|F2065:5,structured
673399,CHN19-01-0002736,F2291:2|F6635:2|F6655:2|F2117:4|F2188:4|F2044:5|F2053:5|F2064:5|F2065:5,structured
673404,CHN19-01-0002707,F4407:2|F5373:2|F6702:2|F6549:3|F6566:3,structured
673406,CHN19-01-1800032,F2315:2|F2352:2|F6734:2|F6744:2,structured
673451,,,fallback
673453,B2006-6230940,,fallback
673477,,,fallback
673479,,,fallback
673480,CHN2019-10-0529856,,empty
673481,CHN2019-10-0529715,,empty
673560,CHN15-32-0350903,,empty
673565,CHN2017-13-0166450,,empty
673575,NL08-1549034,F342,fallback
673584,NL08-1549104,,fallback
673629,,,fallback
673631,,,fallback
673632,,,fallback
673636,CHN2019-06-0788490,F1468,fallback
673637,CHN2019-06-0788511,,fallback
673638,CHN2019-06-0788554,F1581,fallback
673640,CHN2019-06-0788573,,fallback
673641,CHN2019-06-0788504,,fallback
673642,CHN2019-06-0788529,F1913,fallback
673644,CHN2019-06-0788572,,fallback
673647,CHN2019-06-0788579,F1913,fallback
673658,,,fallback
673724,CHN2019-17-0080572,F1169|F407,fallback
673725,CHN2019-17-0080501,,fallback
673729,,F1564|F1656|F3057|F863,fallback
673746,CHN2019-00-B004846,,fallback
673748,CHN2019-00-B004861,,fallback
673750,CHN2019-00-B004892,,fallback
673755,CHN2019-00-B006951,,fallback
673756,CHN2019-00-B004873,,fallback
673767,CHN2019-00-B004884,,fallback
673772,CHN2019-00-B006958,,fallback
673773,CHN2019-00-B004875,,fallback
673784,CHN2019-00-B006950,,fallback
673786,CHN2019-00-B004901,,fallback
673787,,F1468|F1723|F2308,fallback
673788,CHN2019-00-B006955,,fallback
673793,CHN2019-03-2172060,,fallback
673802,CHN2019-03-2173059,,fallback
673811,CHN2019-03-2173066,,fallback
673823,CHN2019-03-2172041,,fallback
673829,CHN2019-03-2171234,,fallback
673831,CHN2019-03-2171235,,fallback
673837,CHN2019-03-0832911,,fallback
673846,CHN2019-03-0832965,,fallback
673949,,,fallback
673993,,,fallback
673996,,F1183|F1315|F1518|F3170|F798,fallback
674032,,,fallback
674033,,F1468|F1723|F2078|F2151|F2186,fallback
674037,,,empty
674124,,F3116|F369,fallback
674125,,F1155|F2866|F3159|F624,fallback
674126,,F1319|F1485|F1664,fallback
674127,,F1213|F1319|F1321|F621,fallback
674128,,F621|F962|F964,fallback
674129,,F1152|F1897,fallback
674170,CHN2019-17-0080592,F1284|F1618|F2752|F601,fallback
674173,,,fallback
674174,,,fallback
674175,BELG2008-3079232,F2068|F2091,fallback
674176,,,fallback
674180,CHN2016-06-0061107,F4851:1|F4423:2|F4433:2,structured
674192,,,fallback
674196,BE2018-3072242,,fallback
674197,BE2019-3035080,,fallback
674202,,F1315|F1529|F1901|F3170,fallback
674206,CHN16-19-0446825,,empty
674207,CHN2013-05-193379,F4850:1|F4255:3|F4263:3|F4777:3|F6573:4,structured
674209,CHN16-19-0449958,,empty
674211,CHN17-19-0429064,,empty
674213,CHN17-19-0438846,,empty
674215,CHN17-19-0439869,,empty
674217,CHN17-19-0439755,,empty
674218,CHN17-19-0439802,,empty
674219,,F1315|F1642|F1751|F3170,fallback
674244,CHN12-19-035382,,empty
674258,CHN14-19-312967,,empty
674259,CHN14-19-312970,,empty
674260,CHN15-19-0322538,,empty
674261,CHN16-19-0446881,,empty
674262,CHN16-19-0446885,,empty
674263,CHN17-19-0439098,,empty
674302,BE06-6243200,F1317|F3065|F3170|F617|F635|F637,fallback
674346,,,empty
674402,,,empty
674403,,,empty
674404,,,empty
674406,,,empty
674407,,,empty
674408,,,empty
674420,CHN2015-06-0067865,F4413:1|F4443:1,structured
674422,B19-6016358,F1658|F1660|F1948,fallback
674424,B19-6016359,F1658|F1660|F1948,fallback
674426,B19-6016362,F1658|F1660|F1948,fallback
674427,B19-6016363,F1658|F1660|F1948,fallback
674428,B19-6016537,F1658|F1948,fallback
674429,B19-6016538,F1658|F1948,fallback
674477,CHN2017-06-0067195,F4942:1|F4255:2|F4263:2,structured
674515,CHN2017-06-0067128,F4413:1|F4423:2|F4433:2,structured
674525,,,empty
674526,,,empty
674528,,,empty
674529,,,empty
674531,,,empty
674574,,,fallback
674582,,,fallback
674583,,,fallback
674611,,,empty
674612,,,empty
674613,,,empty
674614,,,empty
674615,,,empty
674616,CHN2018-01-1755004,F6636:2|F6644:2|F2126:3|F2131:3|F2132:3|F2137:3,structured
674617,CHN2018-01-1755146,F6636:2|F6644:2|F2126:3|F2131:3|F2132:3|F2137:3,structured
674618,CHN19-01-0002723,F2333:2|F4813:2|F4847:2|F4407:3|F5373:3,structured
674619,CHN19-01-0002699,F4407:2|F4788:2|F5373:2|F2126:4|F2131:4|F2132:4|F2137:4,structured
674620,CHN19-01-0002750,F4407:2|F4788:2|F5373:2|F2126:4|F2131:4|F2132:4|F2137:4,structured
674622,CHN19-01-0002751,F4407:2|F4788:2|F5373:2|F2126:4|F2131:4|F2132:4|F2137:4,structured
674624,CHN19-01-0002721,F2313:3|F4788:3|F6657:3|F2126:4|F2131:4|F2132:4|F2137:4,structured
674626,CHN19-01-1800129,F2313:3|F4788:3|F6657:3|F2126:4|F2131:4|F2132:4|F2137:4,structured
674627,CHN19-01-1800130,F2313:3|F4788:3|F6657:3|F2126:4|F2131:4|F2132:4|F2137:4,structured
674628,CHN19-01-1800156,F2268:2|F2334:3|F4923:3|F2126:4|F2131:4|F2132:4|F2137:4|F2042:6|F2044:6|F2047:6|F2048:6|F2053:6|F2055:6|F2062:6|F2064:6|F2065:6|F2067:6|F2081:6|F2114:6,structured
674629,CHN19-01-1800167,F2268:2|F2334:3|F4923:3|F2126:4|F2131:4|F2132:4|F2137:4|F2042:6|F2044:6|F2047:6|F2048:6|F2053:6|F2055:6|F2062:6|F2064:6|F2065:6|F2067:6|F2081:6|F2114:6,structured
674630,CHN19-01-1800308,F2239:3|F6636:3|F6644:3|F6675:3|F2126:4|F2131:4|F2132:4|F2137:4|F6615:4|F6492:5|F6497:5|F6549:5|F6566:5|F6574:5|F6600:5,structured
674631,CHN19-01-1800309,F2239:3|F6636:3|F6644:3|F6675:3|F2126:4|F2131:4|F2132:4|F2137:4|F6615:4|F6492:5|F6497:5|F6549:5|F6566:5|F6574:5|F6600:5,structured
674633,CHN19-01-1800265,F2239:3|F6636:3|F6644:3|F6675:3|F2126:4|F2131:4|F2132:4|F2137:4|F6615:4|F6492:5|F6497:5|F6549:5|F6566:5|F6574:5|F6600:5,structured
674634,,,empty
674635,CHN19-01-1800677,F6746:2|F6704:3|F2084:4|F2089:4|F2126:4|F2131:4|F2132:4|F2137:4|F2168:4|F2169:4|F6601:4|F6511:5|F6605:5,structured
674636,,,empty
674637,CHN19-01-1800678,F6746:2|F6704:3|F2084:4|F2089:4|F2126:4|F2131:4|F2132:4|F2137:4|F2168:4|F2169:4|F6601:4|F6511:5|F6605:5,structured
674641,CHN19-01-1800026,F2231:2|F2250:2|F2075:4|F2103:4|F2104:4|F2126:4|F2131:4|F2132:4|F2137:4|F2153:4,structured
674645,CHN19-01-1800038,F2231:2|F2250:2|F2075:4|F2103:4|F2104:4|F2126:4|F2131:4|F2132:4|F2137:4|F2153:4,structured
674647,CHN19-01-1800045,F2231:2|F2250:2|F2075:4|F2103:4|F2104:4|F2126:4|F2131:4|F2132:4|F2137:4|F2153:4,structured
674653,CHN19-01-1800583,F6735:2|F4848:3|F4867:3|F4868:3|F4407:4|F5373:4|F2084:5|F2089:5|F2126:5|F2131:5|F2132:5|F2137:5|F2168:5|F2169:5,structured
674658,CHN19-01-1800095,F2381:2|F4990:2|F4788:4|F4812:5|F6496:5|F6566:5|F6576:5|F6579:5|F6645:5|F6648:5|F2126:6|F2131:6|F2132:6|F2137:6|F4796:6|F6549:6|F6574:6|F6600:6,structured
674662,CHN19-01-1800416,F2381:2|F4990:2|F4788:4|F4812:5|F6496:5|F6566:5|F6576:5|F6579:5|F6645:5|F6648:5|F2126:6|F2131:6|F2132:6|F2137:6|F4796:6|F6549:6|F6574:6|F6600:6,structured
674672,CHN19-01-1800205,F2334:2|F2259:3|F2265:3|F4933:3|F4955:3|F2044:5|F2048:5|F2053:5|F2055:5|F2062:5|F2064:5|F2065:5|F2114:5,structured
674674,CHN19-01-1800273,F4931:2|F4788:3|F2289:4|F2306:4|F4812:4|F2084:5|F2089:5|F2126:5|F2131:5|F2132:5|F2137:5|F2168:5|F2169:5|F4796:5|F2117:6|F2188:6,structured
674675,CHN19-01-1800274,F4931:2|F4788:3|F2289:4|F2306:4|F4812:4|F2084:5|F2089:5|F2126:5|F2131:5|F2132:5|F2137:5|F2168:5|F2169:5|F4796:5|F2117:6|F2188:6,structured
674677,CHN19-01-1800445,F2092:3|F4742:3|F2057:4|F2117:4|F2145:4|F2188:4|F2044:5|F2052:5|F2053:5|F2059:5|F2061:5|F2064:5|F2065:5|F2070:5|F2071:5|F2105:5|F2106:5|F2133:5,structured
674678,CHN19-01-1800446,F2092:3|F4742:3|F2057:4|F2117:4|F2145:4|F2188:4|F2044:5|F2052:5|F2053:5|F2059:5|F2061:5|F2064:5|F2065:5|F2070:5|F2071:5|F2105:5|F2106:5|F2133:5,structured
674679,CHN19-01-1800227,F4788:3|F2057:4|F2084:4|F2089:4|F2126:4|F2131:4|F2132:4|F2137:4|F2145:4|F2168:4|F2169:4|F2052:5|F2059:5|F2070:5|F2071:5,structured
674681,CHN2018-01-1755822,F4788:3|F2126:4|F2131:4|F2132:4|F2137:4|F2313:4|F6657:4|F2044:5|F2048:5|F2053:5|F2055:5|F2062:5|F2064:5|F2065:5|F2114:5,structured
674682,CHN19-01-1800222,F4788:3|F4843:3|F4886:3|F6741:3|F6745:3|F2126:4|F2131:4|F2132:4|F2137:4,structured
674683,CHN19-01-1800323,F4788:3|F4843:3|F4886:3|F6741:3|F6745:3|F2126:4|F2131:4|F2132:4|F2137:4,structured
674686,CHN19-01-1800192,F4932:2|F6748:2|F4788:3|F2126:4|F2131:4|F2132:4|F2137:4,structured
674687,CHN19-01-1800380,F4932:2|F6748:2|F4788:3|F2126:4|F2131:4|F2132:4|F2137:4,structured
674690,CHN19-01-1800136,F4788:3|F2126:4|F2131:4|F2132:4|F2137:4|F2289:4|F2306:4|F2084:5|F2089:5|F2168:5|F2169:5|F4766:5|F2147:6|F2170:6,structured
674691,CHN19-01-1800137,F4788:3|F2126:4|F2131:4|F2132:4|F2137:4|F2289:4|F2306:4|F2084:5|F2089:5|F2168:5|F2169:5|F4766:5|F2147:6|F2170:6,structured
674692,CHN19-01-1800680,F4788:3|F2126:4|F2131:4|F2132:4|F2137:4|F2289:4|F2306:4|F2084:5|F2089:5|F2168:5|F2169:5|F4766:5|F2147:6|F2170:6,structured
674732,CHN19-01-1800138,F4846:2|F4868:2|F2289:4|F2306:4|F2084:5|F2089:5|F2168:5|F2169:5|F4766:5|F2126:6|F2131:6|F2132:6|F2137:6|F2147:6|F2170:6,structured
674734,CHN19-01-1800027,F2239:2|F2057:3|F2145:3|F6615:3|F2052:4|F2059:4|F2070:4|F2071:4|F6492:4|F6497:4,structured
674735,CHN19-01-0002739,F2284:2|F2293:2|F2057:3|F2145:3|F2052:4|F2059:4|F2070:4|F2071:4,structured
674736,CHN19-01-0002740,F2284:2|F2293:2|F2057:3|F2145:3|F2052:4|F2059:4|F2070:4|F2071:4,structured
674737,CHN19-01-0002688,F2351:2|F2057:3|F2142:3|F2145:3|F2146:3|F2052:4|F2059:4|F2070:4|F2071:4,structured
674738,CHN19-01-0002658,F6634:2|F2057:3|F2145:3|F6491:3|F6553:3|F2052:4|F2059:4|F2070:4|F2071:4,structured
674739,CHN19-01-0002746,F2171:3|F2255:3|F2257:3|F2258:3|F2289:3|F2306:3|F2084:4|F2089:4|F2168:4|F2169:4,structured
674740,CHN19-01-1800284,F2347:2|F4827:2|F2289:3|F2306:3|F2084:4|F2089:4|F2168:4|F2169:4,structured
674741,CHN19-01-0002700,F2347:2|F4827:2|F2289:3|F2306:3|F2084:4|F2089:4|F2168:4|F2169:4,structured
674742,CHN19-01-0002701,F2347:2|F4827:2|F2289:3|F2306:3|F2084:4|F2089:4|F2168:4|F2169:4,structured
674744,CHN19-01-0002753,F2142:3|F2146:3|F4843:3|F4886:3|F6694:3|F2057:4|F2145:4|F6551:4|F6600:4|F2052:5|F2059:5|F2070:5|F2071:5,structured
674745,CHN19-01-1800279,F2377:2|F6735:2|F2142:4|F2146:4|F2057:5|F2145:5|F4766:5|F2052:6|F2059:6|F2070:6|F2071:6|F2084:6|F2089:6|F2126:6|F2131:6|F2132:6|F2137:6|F2147:6|F2168:6|F2169:6,structured
674746,CHN19-01-1800312,F2377:2|F6735:2|F2142:4|F2146:4|F2057:5|F2145:5|F4766:5|F2052:6|F2059:6|F2070:6|F2071:6|F2084:6|F2089:6|F2126:6|F2131:6|F2132:6|F2137:6|F2147:6|F2168:6|F2169:6,structured
674770,CHN19-01-1800170,F2382:2|F4988:2|F2092:4|F4742:4|F2057:5|F2117:5|F2145:5|F2188:5|F2044:6|F2052:6|F2053:6|F2059:6|F2061:6|F2064:6|F2065:6|F2070:6|F2071:6|F2105:6|F2106:6|F2133:6,structured
674771,CHN19-01-1800144,F6736:2|F2239:3|F5374:3|F5375:3|F6602:3|F2057:5|F2145:5|F2042:6|F2044:6|F2047:6|F2052:6|F2053:6|F2059:6|F2064:6|F2065:6|F2067:6|F2070:6|F2071:6|F2081:6,structured
674835,CHN2019-10-0529887,,empty
674837,,,fallback
674838,CHN2017-01-0100658,F4846:2|F4847:2|F6737:2|F6749:2,structured
674839,CHN2017-01-0505322,F2315:2|F2352:2|F6612:2|F6656:2,structured
674842,B16-3138736,,empty
674845,CHN2019-03-0832869,F1581,fallback
674846,CHN2019-03-0832939,F1468,fallback
674847,CHN2019-03-0832982,,fallback
674849,CHN19-01-0002607,F2325:2|F2337:2|F2351:2|F2142:3|F2146:3,structured
674851,CHN2019-03-0832978,,fallback
674852,CHN19-01-0002713,F2325:2|F2337:2|F2231:3|F2250:3|F2351:3|F2142:4|F2146:4,structured
674853,CHN19-01-0002760,F2325:2|F2337:2|F2231:3|F2250:3|F2351:3|F2142:4|F2146:4,structured
674854,CHN2019-03-0832921,F1468,fallback
674856,CHN2019-03-0832871,,fallback
674857,CHN19-01-0002742,F2231:2|F2250:2|F4407:2|F5373:2,structured
674858,CHN18-01-1756563,F2351:2|F2142:3|F2146:3|F2231:3|F2250:3|F2284:3|F2293:3,structured
674860,CHN2019-03-0832914,,fallback
674862,CHN19-01-0002749,F4700:2|F7297:2|F4848:3|F4867:3|F4868:3|F4407:4|F5373:4,structured
674863,CHN2019-03-0832889,,fallback
674865,CHN19-01-0002744,F2171:3|F2255:3|F2257:3|F2258:3|F2044:4|F2048:4|F2053:4|F2055:4|F2062:4|F2064:4|F2065:4|F2114:4,structured
674866,CHN2019-03-0832860,,fallback
674869,CHN19-01-0002745,F2171:3|F2255:3|F2257:3|F2258:3|F2044:4|F2048:4|F2053:4|F2055:4|F2062:4|F2064:4|F2065:4|F2114:4,structured
674870,CHN2019-03-0832942,,fallback
674872,CHN2016-01-0296241,F2263:2|F2289:3|F2306:3|F2084:4|F2089:4|F2168:4|F2169:4|F6499:4|F6508:4|F6516:4|F6590:4,structured
674873,CHN19-01-0002663,F6735:2|F6531:3|F6654:3|F2044:4|F2048:4|F2053:4|F2055:4|F2062:4|F2064:4|F2065:4|F2114:4,structured
674874,CHN19-01-0002672,F6735:2|F6531:3|F6654:3|F2044:4|F2048:4|F2053:4|F2055:4|F2062:4|F2064:4|F2065:4|F2114:4,structured
674875,CHN19-01-0002729,F2268:2|F4844:2|F2218:3|F2339:3|F2042:5|F2044:5|F2047:5|F2053:5|F2064:5|F2065:5|F2067:5|F2081:5,structured
674876,CHN19-01-1800036,F2268:2|F4844:2|F2218:3|F2339:3|F2042:5|F2044:5|F2047:5|F2053:5|F2064:5|F2065:5|F2067:5|F2081:5,structured
674877,CHN19-01-1800037,F2268:2|F4844:2|F2218:3|F2339:3|F2042:5|F2044:5|F2047:5|F2053:5|F2064:5|F2065:5|F2067:5|F2081:5,structured
674878,CHN19-01-1800393,F4934:2|F4957:2|F2263:3|F2044:5|F2048:5|F2053:5|F2055:5|F2062:5|F2064:5|F2065:5|F2114:5|F6499:5|F6508:5|F6516:5|F6590:5,structured
674879,CHN19-01-1800394,F4934:2|F4957:2|F2263:3|F2044:5|F2048:5|F2053:5|F2055:5|F2062:5|F2064:5|F2065:5|F2114:5|F6499:5|F6508:5|F6516:5|F6590:5,structured
674882,CHN19-01-1800693,F2268:3|F4844:3|F4788:4|F2075:5|F2103:5|F2104:5|F2126:5|F2131:5|F2132:5|F2137:5|F2153:5|F2313:5|F6657:5|F2044:6|F2048:6|F2053:6|F2055:6|F2062:6|F2064:6|F2065:6,structured
674884,CHN19-01-0002675,F4848:2|F4407:3|F5373:3|F2057:4|F2145:4|F2042:5|F2044:5|F2047:5|F2052:5|F2053:5|F2059:5|F2064:5|F2065:5|F2067:5|F2070:5|F2071:5|F2081:5,structured
674885,CHN19-01-1800092,F4848:2|F4407:3|F5373:3|F2057:4|F2145:4|F2042:5|F2044:5|F2047:5|F2052:5|F2053:5|F2059:5|F2064:5|F2065:5|F2067:5|F2070:5|F2071:5|F2081:5,structured
674886,CHN18-01-1756530,F2329:2|F4407:3|F4846:3|F4847:3|F5373:3|F6737:3|F6749:3,structured
674909,NL2011-1766465,,fallback
674910,,,fallback
674919,NL2011-1864824,,fallback
674922,,,fallback
674923,,,fallback
674925,,,empty
674926,,,empty
674932,,,fallback
674934,,,fallback
674935,,,fallback
674936,,,fallback
674937,,,fallback
674938,,,fallback
674939,CHN2019-02-0008865,,fallback
674940,CHN2019-02-0008866,,fallback
674941,CHN2019-02-0008868,,fallback
674942,CHN2019-02-0019111,,fallback
674981,,,empty
674983,,,fallback
675001,NL18-3829991,F1783:2|F1800:2|F1604:3|F1761:3|F1782:3|F6410:3,structured
675023,BELG2018-6252960,,fallback
675025,BELG2018-6252959,,fallback
675026,B16-1254098,F605:3|F623:3|F627:3|F788:3,structured
675032,,,fallback
675033,,,fallback
675038,,,fallback
675039,,,fallback
675040,,,fallback
675044,CHN19-01-1800018,F2171:3|F2255:3|F2257:3|F2258:3|F2268:3|F4770:3|F4866:3|F2075:5|F2082:5|F2062:6|F2076:6|F2154:6|F2173:6,structured
675045,CHN19-01-0002757,F2310:2|F4867:2|F2268:3|F4770:3|F4866:3|F2075:5|F2082:5|F2062:6|F2076:6|F2154:6|F2173:6,structured
675046,CHN19-01-0002758,F2310:2|F4867:2|F2268:3|F4770:3|F4866:3|F2075:5|F2082:5|F2062:6|F2076:6|F2154:6|F2173:6,structured
675047,CHN2017-01-0100721,F4885:2|F6649:2|F6700:2|F2268:3|F2075:5|F2082:5|F2062:6|F2076:6|F2154:6|F2173:6,structured
675048,CHN19-01-1800115,F2382:3|F4988:3|F6636:3|F6644:3|F2126:4|F2131:4|F2132:4|F2137:4|F2268:4|F4770:4|F4866:4|F2075:6|F2082:6,structured
675049,CHN19-01-1800122,F2292:2|F2380:2|F4989:2|F2268:4|F4770:4|F4866:4|F2075:6|F2082:6,structured
675050,CHN19-01-1800125,F2382:3|F4988:3|F6636:3|F6644:3|F2126:4|F2131:4|F2132:4|F2137:4|F2268:4|F4770:4|F4866:4|F2075:6|F2082:6,structured
675051,CHN19-01-1800126,F2382:3|F4988:3|F6636:3|F6644:3|F2126:4|F2131:4|F2132:4|F2137:4|F2268:4|F4770:4|F4866:4|F2075:6|F2082:6,structured
675052,CHN19-01-1800261,F2382:3|F4988:3|F6636:3|F6644:3|F2126:4|F2131:4|F2132:4|F2137:4|F2268:4|F4770:4|F4866:4|F2075:6|F2082:6,structured
675053,CHN19-01-1800262,F2382:3|F4988:3|F6636:3|F6644:3|F2126:4|F2131:4|F2132:4|F2137:4|F2268:4|F4770:4|F4866:4|F2075:6|F2082:6,structured
675054,CHN19-01-1800673,F2147:3|F2170:3|F2046:4|F2049:4|F2056:4|F2057:4|F2084:4|F2089:4|F2102:4|F2145:4|F2168:4|F2169:4|F2052:5|F2059:5|F2070:5|F2071:5,structured
675057,,,fallback
675059,,,fallback
675071,,,fallback
675109,CHN18-01-1756548,F2042:4|F2046:4|F2047:4|F2049:4|F2056:4|F2067:4|F2081:4|F2102:4|F2147:4|F2170:4|F2313:4|F4788:4|F6657:4|F2126:6|F2131:6|F2132:6|F2137:6,structured
675111,,,fallback
675112,CHN19-01-0002705,F2239:2|F6602:2|F6675:3|F6615:4|F6492:5|F6497:5|F6549:5|F6566:5|F6574:5|F6600:5,structured
675113,CHN19-01-1800341,F6724:2|F6496:4|F6566:4|F6576:4|F6579:4|F6645:4|F6648:4|F6549:5|F6574:5|F6600:5,structured
675114,CHN19-01-1800342,F6724:2|F6496:4|F6566:4|F6576:4|F6579:4|F6645:4|F6648:4|F6549:5|F6574:5|F6600:5,structured
675115,CHN19-01-1800368,F6724:2|F6496:4|F6566:4|F6576:4|F6579:4|F6645:4|F6648:4|F6549:5|F6574:5|F6600:5,structured
675118,CHN19-01-1800024,F2284:2|F2293:2|F6611:2|F6511:3|F6605:3,structured
675119,CHN19-01-1800023,F2284:2|F2293:2|F6611:2|F6511:3|F6605:3,structured
675120,CHN19-01-1800028,F2351:2|F6702:2|F2142:3|F2146:3|F6549:3|F6566:3,structured
675121,CHN19-01-1800009,F2351:2|F6702:2|F2142:3|F2146:3|F6549:3|F6566:3,structured
675122,CHN19-01-0002735,F2351:2|F6702:2|F2142:3|F2146:3|F6549:3|F6566:3,structured
675123,CHN19-01-0002628,F2231:2|F2250:2|F6531:2|F6654:2,structured
675124,CHN19-01-0002608,F2231:2|F2250:2|F6531:2|F6654:2,structured
675127,CHN19-01-1800015,F2289:3|F2306:3|F2084:4|F2089:4|F2168:4|F2169:4|F6496:4|F6566:4|F6576:4|F6579:4|F6645:4|F6648:4|F6549:5|F6574:5|F6600:5,structured
675128,CHN19-01-1800016,F2289:3|F2306:3|F2084:4|F2089:4|F2168:4|F2169:4|F6496:4|F6566:4|F6576:4|F6579:4|F6645:4|F6648:4|F6549:5|F6574:5|F6600:5,structured
675132,CHN18-01-1756585,F4812:3|F6704:3|F2332:4|F4796:4|F6601:4|F2117:5|F2188:5|F4766:5|F6511:5|F6605:5|F2044:6|F2053:6|F2064:6|F2065:6|F2147:6|F2170:6,structured
675134,CHN19-01-0002651,F4796:3|F4812:3|F2117:4|F2188:4|F2044:5|F2053:5|F2064:5|F2065:5,structured
675135,CHN19-01-0002728,F4796:3|F4812:3|F2117:4|F2188:4|F2044:5|F2053:5|F2064:5|F2065:5,structured
675136,CHN19-01-0002756,F4796:3|F4812:3|F2117:4|F2188:4|F2044:5|F2053:5|F2064:5|F2065:5,structured
675137,CHN19-01-0002755,F4796:3|F4812:3|F2117:4|F2188:4|F2044:5|F2053:5|F2064:5|F2065:5,structured
675138,CHN19-01-0002618,F4902:2|F4958:2|F4766:3|F2147:4|F2170:4|F2044:5|F2046:5|F2049:5|F2053:5|F2056:5|F2064:5|F2065:5|F2102:5,structured
675139,,,empty
675140,CHN19-01-1800006,F4902:2|F4958:2|F4766:3|F2147:4|F2170:4|F2044:5|F2046:5|F2049:5|F2053:5|F2056:5|F2064:5|F2065:5|F2102:5,structured
675142,CHN19-01-1800035,F4902:2|F4958:2|F4766:3|F2147:4|F2170:4|F2044:5|F2046:5|F2049:5|F2053:5|F2056:5|F2064:5|F2065:5|F2102:5,structured
675143,,,empty
675144,CHN19-01-1800042,F2117:3|F2188:3|F4766:3|F2044:4|F2053:4|F2064:4|F2065:4|F2147:4|F2170:4|F2046:5|F2049:5|F2056:5|F2102:5,structured
675145,CHN19-01-1800043,F2117:3|F2188:3|F4766:3|F2044:4|F2053:4|F2064:4|F2065:4|F2147:4|F2170:4|F2046:5|F2049:5|F2056:5|F2102:5,structured
675147,,,empty
675149,CHN19-01-1800048,F4812:2|F4796:3|F2117:4|F2188:4|F2044:5|F2053:5|F2064:5|F2065:5,structured
675150,CHN19-01-0002634,F4812:2|F2184:3|F4788:3|F2117:4|F2188:4|F2044:5|F2053:5|F2064:5|F2065:5|F2126:5|F2131:5|F2132:5|F2137:5,structured
675152,CHN19-01-0002637,F4796:3|F2084:4|F2089:4|F2117:4|F2126:4|F2131:4|F2132:4|F2137:4|F2168:4|F2169:4|F2188:4|F2044:5|F2053:5|F2064:5|F2065:5,structured
675153,CHN19-01-0002720,F4796:3|F2084:4|F2089:4|F2117:4|F2126:4|F2131:4|F2132:4|F2137:4|F2168:4|F2169:4|F2188:4|F2044:5|F2053:5|F2064:5|F2065:5,structured
675155,CHN19-01-1800029,F4796:3|F2084:4|F2089:4|F2117:4|F2126:4|F2131:4|F2132:4|F2137:4|F2168:4|F2169:4|F2188:4|F2044:5|F2053:5|F2064:5|F2065:5,structured
675158,CHN19-01-1800280,F4846:3|F4847:3|F6737:3|F6749:3|F4766:4|F2147:5|F2170:5|F6496:5|F6566:5|F6576:5|F6579:5|F6645:5|F6648:5|F2044:6|F2046:6|F2049:6|F2053:6|F2056:6|F2064:6|F2065:6,structured
675159,CHN19-01-1800281,F4846:3|F4847:3|F6737:3|F6749:3|F4766:4|F2147:5|F2170:5|F6496:5|F6566:5|F6576:5|F6579:5|F6645:5|F6648:5|F2044:6|F2046:6|F2049:6|F2053:6|F2056:6|F2064:6|F2065:6,structured
675161,,,empty
675162,CHN19-01-0002685,F6635:2|F6655:2|F2117:3|F2188:3|F2044:4|F2053:4|F2064:4|F2065:4,structured
675163,,,empty
675164,,,empty
675166,,,empty
675169,,,empty
675170,,,empty
675171,,,empty
675172,,,empty
675174,CNH2017-17-0289875,F1009,fallback
675176,,,empty
675177,,,empty
675178,,,empty
675210,BE2016-4065456,,fallback
675211,,,empty
675217,B11-4245868,,fallback
675234,,,empty
675235,,,empty
675236,,,empty
67524,NL05-0526024,,fallback
675241,,,empty
675262,CHN16-00-12636,F456:2|F805:2|F981:2|F1869:2,structured
675263,CHN19-01-1800606,F6739:2|F6755:2|F6649:3|F6740:3|F6750:3|F6629:4,structured
675267,CHN19-01-0051669,F1969:2|F1970:2|F1980:2|F1985:2,structured
675272,,,empty
675274,,,empty
675277,,,empty
675278,,,empty
675280,,,empty
675281,C2013-01-817989,,fallback
675282,,,fallback
675283,,,fallback
675286,,,empty
675289,,,empty
675290,,,empty
675291,,,empty
675295,,,empty
675296,,,empty
675297,,,empty
675298,,,empty
675299,,,empty
675300,,,empty
675304,B11-2041601,F506:2|F867:2|F3224:2,structured
675305,B15-2148329,F1807:1,structured
675306,NL2011-1137087,F6496:2|F6531:2|F6566:2|F6542:3|F6605:3,structured
675307,NL2012-1618383,F5472:2|F5548:2|F6576:2|F6579:2,structured
675314,NL2013-1239268,,fallback
675318,,,fallback
675319,NL2013-1239559,,fallback
675320,,,empty
675321,,,empty
675323,NL2013-1239665,F6574:2|F6542:3|F6605:3,structured
675324,NL2013-1239682,,fallback
675325,,,empty
675327,,,fallback
675333,CHN2019-03-1102465,F1732:2|F6285:2|F6311:2|F5684:3|F7262:3,structured
675343,,,fallback
675344,,,fallback
675387,,F1723|F3260,fallback
675392,,,empty
675393,,,empty
675394,,,empty
675395,,,empty
675397,,F3170|F431,fallback
675398,,F3170,fallback
675399,,F1183|F1315|F3170|F798,fallback
675401,,F1183|F1315|F3170|F798,fallback
675403,,,empty
675404,,,empty
675407,,,empty
675410,,,empty
675411,,,empty
675415,,,empty
675418,,,empty
675419,,,empty
675422,,,empty
675423,,,empty
675427,,,empty
675428,,,empty
675430,,,empty
675431,,,empty
675432,,,empty
675433,,,empty
675434,,,empty
675439,,F1900|F635,fallback
675440,,F3170,fallback
675442,,,fallback
675461,,,empty
675478,,,empty
675490,,,fallback
675494,B16-6240050,F242:2|F480:2|F956:2,structured
675497,,,empty
675498,,,empty
675500,,,empty
675501,,,empty
675503,,,fallback
675504,,,fallback
675507,,,empty
675513,CHN2018-17-0087335,,fallback
675514,CHN2019-17-0033038,,fallback
675515,CHN2018-17-0087354,,fallback
675516,CHN2018-10-0480277,,empty
675517,CHN2016-32-0627792,,empty
675518,CHN2018-17-0033039,,empty
675519,CHN2018-17-0033040,,empty
675520,CHN2018-17-0033019,,empty
675521,CHN2018-17-0033020,,empty
675522,CHN2016-32-0627748,,empty
675535,,,empty
675536,,,empty
675539,CHN2018-17-0087304,,fallback
675540,CHN2018-17-0087323,,fallback
675541,CHN2018-17-0087355,,empty
675542,CHN2018-17-0087356,,empty
675543,CHN2017-17-0033048,,empty
675544,,,empty
675546,,,empty
675547,,,empty
675555,,,empty
675557,,,empty
675560,,,empty
675563,B2019-08603,,empty
675564,,,fallback
675565,CHN2017-17-0033033,,empty
675566,CHN2017-17-0033041,,empty
675567,CHN2017-17-0033042,,empty
675570,CHN2018-17-0087320,,empty
675571,CHN2018-17-0087319,,empty
675592,,,empty
675593,,,empty
675596,NL14-1071820,F5598:2|F5730:2|F5862:2|F5864:2,structured
675611,B15-6287523,F456,fallback
675612,CHN2016-15-0212007,F4982:1,structured
675668,B12-6323164,F456|F973,fallback
675670,B13-6143805,F456,fallback
675671,B13-6143505,F456,fallback
675674,B14-6174207,F456|F610,fallback
675675,B15-6020035,,fallback
675676,B16-6033979,,fallback
675677,B16-6033980,,fallback
675678,B16-6033986,,fallback
675679,B16-6033985,,fallback
675686,,,empty
675709,,F1209,fallback
675710,,,fallback
675711,,,fallback
675715,,,fallback
675716,CHN2018-10-1065354,,empty
675732,B15-6020416,,fallback
675742,BE2014-3067021,F1401|F1583|F719|F794,fallback
675744,BE16-6020016,,fallback
675746,BE16-6113416,,fallback
675747,BE15-3006100,,fallback
675748,,,fallback
675752,BE2016-6156489,F1358|F1359|F1785,fallback
675755,,,fallback
675757,BE2016-2023431,,fallback
675760,C19-01-0886666,,fallback
675761,C19-01-0886777,,fallback
675771,C19-01-0886866,,fallback
675772,C19-01-0886899,,fallback
675773,C19-01-0886656,F1967:1,structured
675785,BE11-3008153,F3857:1,structured
675792,B07-3008321,F338:1|F2576:2|F2399:3|F2469:3,structured
675793,B14-4032061,F928:1|F1729:1,structured
675794,,,fallback
675796,B14-4032079,F1463:1|F1839:1,structured
675808,,,empty
675809,CHN2018-03-0492043,,fallback
675833,,,empty
675838,,,empty
675841,DV0298-16-308,F5189:2|F5194:2|F5972:2|F5188:3,structured
675843,,,fallback
675847,,,fallback
675848,,,fallback
675850,,,fallback
675851,,,fallback
675855,,,fallback
675859,,,fallback
6759,B00-6553117,F2390|F2400|F2436|F2508,fallback
675931,,,fallback
675932,,,fallback
675937,B14-4032065,F1978:1,structured
675938,B14-4230067,F1975:1|F61:2|F901:2,structured
675939,B14-4032059,F1976:1|F1977:1,structured
675940,B14-4032057,F1840:1|F1924:1,structured
675941,B14-4032055,F1463:1|F1839:1,structured
675942,B14-4032053,,fallback
675944,B14-4032071,F61:2|F579:2|F901:2|F918:2,structured
675945,NL11-1806347,,fallback
675979,,,fallback
675981,BELG2014-6311503,F2375:1|F1502:2|F1505:2,structured
675982,BEL2014-6311501,F1662:2|F1775:2|F1779:2|F1861:2,structured
675986,B2013-4289177,,fallback
675987,B2014-4090475,,empty
676111,BE2015-3150405,F1074|F3116|F906,fallback
676112,BE2015-3150411,F1583|F3116|F719,fallback
676113,B16-3084207,F3116,fallback
676124,,F1583|F1609|F1913,fallback
676125,BE2016-3084208,F1094|F1583,fallback
676126,BE2015-3150404,F175|F180|F3116,fallback
676127,BE2016-3084212,,fallback
676128,BE2016-3084497,F536|F855,fallback
676135,BE2012-4216995,F1104,fallback
676136,,,fallback
676137,,,fallback
676138,BE2014-4215778,F1529|F3170|F319|F3346,fallback
676139,BE2014-4215781,F1529|F3170,fallback
676142,DV14-1769-290,,fallback
676195,,,empty
676206,,,empty
676214,,,empty
676216,CHN16-32-0659987,,empty
676217,CHN18-32-0607673,,empty
676219,,,fallback
676220,,,fallback
676221,,,fallback
676222,,,fallback
676223,CHN2012-10-0979,,empty
676234,CHN2019-32-0165478,,fallback
676236,,,fallback
676237,,,empty
676238,,,empty
676239,,,empty
676243,,,empty
676244,,,empty
676251,,,empty
676253,,,fallback
676289,,,empty
676293,,,fallback
676296,,,fallback
676301,,,fallback
676319,BE2014-3114571,,fallback
676321,BE2014-3114448,F1708,fallback
676329,NL11-5005221,,fallback
676330,NL12-1198892,,fallback
676336,,,empty
676341,B17-6260746,F1382,fallback
676343,,,fallback
676345,,,fallback
676349,B17-5053122,F1113:2|F1298:2|F1616:2|F1721:2,structured
676350,,,fallback
676351,CHN2018-03-1320312,,fallback
676352,,,fallback
676355,CHN2018-03-1320311,,fallback
676358,,,empty
676366,DV02098-16-204,F5189:2|F5192:3,structured
676368,DV02098-16-203,F5189:2|F5192:3,structured
676376,,,fallback
676377,,,fallback
676378,NL18-1496524,F1565:2|F5974:2|F6245:2|F3116:3|F2680:4|F2812:4,structured
676380,BE13-4096750,,fallback
676383,BE2014-4059960,,fallback
676387,BE2016-4170852,F216|F363,fallback
676388,,,fallback
676406,,F621,fallback
676408,SGP17-170095,F3922:1|F6157:2|F6271:2,structured
676409,SGP17-170544,F3922:1|F6157:2|F6271:2,structured
676414,SGP15-150500,F3922:1,structured
676415,SGP15-150197,F3922:1,structured
676416,SGP15-150199,F4193:1|F6296:1,structured
676418,SGP15-150501,F3922:1,structured
676419,SGP15-150502,F3922:1|F6296:1,structured
676425,,,fallback
676430,,,fallback
676431,,,fallback
676441,,,fallback
676442,,,fallback
676443,,,fallback
676449,,,empty
676450,,,empty
676477,DV08805-13-763,F5069:1|F5340:2|F5341:2,structured
676493,,,fallback
676503,B2010-2801800,F2176:2|F2190:2|F2227:2|F3214:2,structured
676506,BE2015-6020184,F1036|F1759,fallback
676507,BE2015-6020234,F1104|F3271|F456|F981,fallback
676508,BE2015-6284533,F1676,fallback
676511,,,empty
676535,,,empty
676536,,,fallback
676537,,,empty
676539,,,empty
676541,,,fallback
676542,,,fallback
676547,,,fallback
676550,,,fallback
676551,,,fallback
676568,,,fallback
676569,,F3065,fallback
676571,,,fallback
676572,,,fallback
676583,CHN2017-15-0328982,F4953:1|F6179:2|F6192:2,structured
676584,B17-6260773,,fallback
676585,B18-6123255,,fallback
676596,CHN2019-11-0069386,,fallback
676597,B15-3148535,F1969,fallback
676601,CHN2013-09-210445,,empty
676602,DV05837-17-624,F636|F637,fallback
676603,,F635,fallback
676604,,F635,fallback
676605,,F1991,fallback
676606,,F1991,fallback
676607,,F1991,fallback
676609,,F1991,fallback
676610,,F1991,fallback
676620,,,fallback
676621,CHN2015-11-0036188,,fallback
676624,CHN2015-11-0101000,,fallback
676638,CHN2017-15-0328981,F4992:1|F5008:1,structured
676646,,,fallback
676647,,,fallback
676649,,,fallback
676651,NL2012-1334219,,fallback
676685,CHN2017-15-0328778,F1841:1|F5012:1,structured
676689,,,fallback
676691,CHN2017-15-0349000,F1841:1|F4982:1,structured
676693,CHN2017-15-03239000,F5007:1|F5014:1,structured
676694,,,fallback
676695,,,fallback
676703,CHN2017-15-0328999,F1841:1|F5012:1,structured
676704,CHN2018-15-0298288,F1841:1|F5012:1,structured
676706,,,fallback
676724,,,empty
676737,,,empty
676738,,,empty
676739,,,empty
676741,,,empty
676783,NL14-1130316,,fallback
676784,,F3156,fallback
676787,,F3156,fallback
676802,,F3156,fallback
676803,,F3156,fallback
676856,BE2015-4268866,,fallback
676857,BE2016-4129202,F3684:2|F3985:2|F3988:2,structured
676861,BE2016-4129201,F3684:2|F3985:2|F3988:2,structured
676865,BE2016-4129213,F3684:2|F3985:2|F3988:2,structured
676868,BE2016-4129214,F3684:2|F3985:2|F3988:2,structured
676873,BE2015-4268868,,fallback
676874,BE2015-4013345,F973|F981,fallback
676876,BE2011-4097013,F1104|F3128|F3271,fallback
676909,,,fallback
676925,,,fallback
676926,,,fallback
676927,,,empty
676933,BE13-4096799,,fallback
676941,,,fallback
676948,,,fallback
676957,,F1518|F3065|F3170|F319|F3346|F431,fallback
676958,,F1518|F3065|F3170|F319|F3346|F431,fallback
676959,,F1518|F3065|F3170|F319|F3346|F431,fallback
676960,,F1518|F3065|F3170|F319|F3346|F431,fallback
676961,,F1518|F3065|F3170|F319|F3346|F431,fallback
676962,,F1518|F3065|F3170|F319|F3346|F431,fallback
676963,,F1518|F3065|F3170|F319|F3346|F431,fallback
676978,,,fallback
676982,,,empty
677008,,,fallback
677009,,,fallback
677012,,,empty
677013,,,empty
677014,,,empty
677016,,,empty
677017,,,empty
677037,CHN15-01-00539,F4203:1|F3922:2|F6325:2,structured
677047,C15-01-0464608,F340,fallback
677070,,,fallback
677071,CHN2007-09-179911,,fallback
677075,,F1315|F3170,fallback
677099,,,fallback
677100,,,empty
677113,,,fallback
677115,,,empty
677126,CHN15-06-0276663,,empty
677136,CHN14-06-158272,,empty
677137,CHN14-06-158271,,empty
677138,CHN15-06-0270291,,empty
677139,CHN15-06-0270292,,empty
677145,CHN13-06-330086,,empty
677146,,,fallback
677147,,,fallback
677148,,,fallback
677149,CHN15-06-0270338,,empty
677150,,,fallback
677152,,,fallback
677155,,,fallback
677156,,F543,fallback
677169,CHN2014-09-144958,,empty
677171,CHN2010-09-313321,,fallback
677172,CHN2012-09-112255,,fallback
677178,CHN2016-09-0119571,,empty
677181,CHN2016-09-0119572,,empty
677182,,F1315|F3170,fallback
677183,,F1315|F3170,fallback
677184,,F1315|F3170,fallback
677186,,F1315|F3170,fallback
677189,,F1315|F3170,fallback
677202,,F3170|F431,fallback
677230,,F144,fallback
677231,,F144|F3170|F431,fallback
677234,,,empty
677235,,,empty
677240,CHN2017-15-0448888,F4949:1,structured
677262,CHN2019-13-0134466,,fallback
677266,CHN2019-13-0134474,,fallback
677267,BELG2004-6049118,,fallback
677269,BELG2004-6849180,,fallback
677273,,,fallback
677285,,,empty
677288,,,empty
677312,,,empty
677315,,,empty
677386,,,fallback
677388,,,empty
677389,,,fallback
677392,,,fallback
677394,,,fallback
677397,,,empty
677398,,,empty
677399,,,fallback
677400,,,empty
677401,,,fallback
677405,,,fallback
677406,,,fallback
677407,,,fallback
677408,,,fallback
677409,,,empty
677412,,,empty
677416,CHN2017-11-0208677,,empty
677417,CHN2018-11-0172602,,empty
677418,CHN2016-11-0089905,,fallback
677426,,,fallback
677434,,,empty
677445,,,empty
677458,,,empty
677465,,,empty
677468,KLPR2016-502181,,empty
677470,KLPR2017-552882,,empty
677471,CHN2018-11-0003411,,empty
677472,CHN2014-11-047188,,empty
677475,,,fallback
677496,,,fallback
677499,,,fallback
677500,,,fallback
677503,,,fallback
677506,,,fallback
677507,,F1581,fallback
677510,B10-6031760,F977:2,structured
677512,B13-6122564,F297:2|F5255:2|F5334:2|F434:3|F2553:4|F2725:4,structured
677513,CHN2018-15-0298345,F5013:1|F6729:1,structured
677517,CHN2018-15-0298408,F4993:1|F5027:1,structured
677537,B15-6059419,,fallback
677539,B16-3084976,F4251:2,structured
677540,B16-3084228,F1581,fallback
677543,NL10-1674744,F6574:2|F6576:2|F6579:2|F6600:2,structured
677545,B13-9023877,,fallback
677550,B15-2127825,F1405|F576,fallback
677553,B14-4057121,F3765:2|F3832:2|F3402:3|F3403:3|F3427:3|F3433:3,structured
677562,B19-2149117,F2022:2,structured
677566,,F3156,fallback
677567,CHN2015-11-0067532,,empty
677569,CHN2016-11-0089967,,empty
677570,,,fallback
677572,,,fallback
677577,CHN14-01-1282088,F2218:2|F2339:2|F2042:4|F2044:4|F2047:4|F2053:4|F2064:4|F2065:4|F2067:4|F2081:4,structured
677585,CHN2019-18-0089266,,empty
677587,CHN09-01-803710,F2057:2|F2145:2|F2052:3|F2059:3|F2070:3|F2071:3,structured
677596,CHN2019-18-0089266,,empty
677608,CHN2013-11-066475,,empty
677619,,,fallback
677670,,,empty
677679,,,fallback
67768,,,empty
677680,CHN2016-11-0076481,,empty
677681,CHN2016-11-0089956,,empty
677682,CHN2016-11-0076491,,empty
677683,,,fallback
677686,,,fallback
677690,CHN2019-17-0080623,F1009,fallback
677703,BELG2015-6004849,,fallback
677704,,,fallback
677705,,,fallback
677710,,,fallback
677711,,,empty
677712,,,empty
677713,CHN2016-11-0076482,,empty
677714,CHN2016-11-0070678,,empty
677723,CHN2011-11-096961,,empty
677747,CHN2016-11-0041121,,empty
677748,,,empty
677749,CHN2019-14-0041168,,fallback
677750,CHN2016-11-0071573,,empty
677751,CHN2019-15-0288757,F4977:1,structured
677752,,,empty
677759,CHN2019-14-0041197,,empty
677760,,,fallback
677761,,,fallback
677763,,,fallback
677765,,,fallback
677766,,,fallback
677767,CHN2018-11-0003411,,fallback
677768,,,fallback
677769,,,fallback
677770,,,fallback
677775,B19-6016539,,fallback
677776,B19-6016540,,fallback
677781,,,fallback
677784,,,fallback
677786,,,fallback
677787,,,fallback
677791,,,fallback
677808,,,fallback
677844,,,fallback
677849,DV07364-07-672,F4157:1|F4166:1,structured
677868,,,fallback
677870,,,fallback
677873,,,empty
67788,BELG009-6248547,F1508,fallback
67794,CHN2012-17-167556,,empty
677941,,,empty
677946,,,empty
677947,,,empty
677975,,,empty
677976,,,empty
677978,,,empty
67798,,,empty
677980,,,empty
677992,C19-01-0886766,F6209:2|F349:3|F1304:3|F1622:3|F2911:3,structured
677993,C18-01-0444151,F6209:2|F349:3|F1304:3|F1622:3|F2911:3,structured
677996,C17-01-1602975,F1304:3|F1622:3|F3005:4|F3115:4,structured
677997,C18-01-0286856,F6209:2|F349:3|F1304:3|F1622:3|F2911:3,structured
677999,C18-01-0286855,F6209:2|F349:3|F1304:3|F1622:3|F2911:3,structured
678000,C18-01-0286837,F6209:2|F349:3|F1304:3|F1622:3|F2911:3,structured
678001,C18-01-0286986,F6209:2|F349:3|F1304:3|F1622:3|F2911:3,structured
678006,,,fallback
678012,,,empty
678013,,,fallback
678019,,,fallback
678020,,,fallback
678021,,,fallback
678051,,,fallback
678060,,,fallback
67808,CHN2013-17-208508,,empty
678080,,,fallback
678081,BELG2015-6025943,,fallback
678082,,,empty
678083,,,fallback
678084,,,fallback
678085,,,empty
678086,,,fallback
678089,C18-01-0286838,F6209:2|F349:3|F1304:3|F1622:3|F2911:3,structured
678090,,,empty
678091,,,empty
678092,,,fallback
678097,DV02065-12-420,,fallback
678113,C17-01-1602885,F1304:3|F1622:3|F3005:4|F3115:4,structured
678114,C15-01-0013231,F1267:2|F1268:2,structured
678117,C19-01-0886868,F6209:2|F349:3|F1304:3|F1622:3|F2911:3,structured
678121,,,fallback
678128,B15-6177105,F1335,fallback
678153,C18-01-0286955,F1087|F900,fallback
678155,C18-01-0444165,F1087|F900,fallback
678156,NL2014-1653223,,fallback
678162,,,fallback
678164,NL2011-1564621,F1375,fallback
678165,NL2014-1655698,F100,fallback
678167,NL2010-1697531,F605|F623|F627|F788,fallback
678169,B2012-6022691,F1769|F260|F3308,fallback
678191,B2012-6024563,F1769|F3308,fallback
678192,B2012-6022693,,fallback
678193,NL2011-1754628,,fallback
678196,NL2011-1754629,F100,fallback
678197,NL2011-1664621,,fallback
678198,B2012-6023613,F1769|F260|F3308,fallback
678199,B2012-6023615,,fallback
678202,B2012-6025692,F1769|F3308,fallback
678205,NL2014-1654665,F4410:2,structured
678207,NL2014-1654551,,fallback
678209,NL2013-1754628,,fallback
678211,NL15-1164756,F5516:2|F5522:2|F5702:2,structured
678244,C19-01-0886775,F1715:2,structured
678245,C19-01-0886776,F1715:2,structured
678254,C16-01-1604319,F1715:2,structured
678255,C16-01-1604396,F1715:2,structured
678257,C16-01-1604395,F1715:2,structured
678287,,,fallback
678290,,,fallback
678292,,,fallback
678297,,,fallback
678300,,,fallback
678301,,,fallback
678302,,,fallback
678303,,,fallback
678340,,,empty
678346,CHN2018-11-0337746,,fallback
67835,,,fallback
678378,DV05950-13-482,,fallback
678389,,,empty
678391,,,empty
678392,B18-6123263,,fallback
678393,,,empty
678399,B17-6167796,F1529,fallback
678434,,,fallback
678443,,,empty
678454,C18-01-0286867,F1443:2,structured
678455,C17-01-1602978,F38:2|F898:2|F2809:2,structured
678456,B13-3031563,F370:2|F733:2|F1243:2|F1593:2,structured
678457,C16-01-1604247,F370:3|F733:3|F1243:3|F1304:3|F1593:3|F1622:3,structured
678474,,,fallback
678493,B2015-5153784,F591:2|F1474:2|F1930:2|F3078:3|F3150:3,structured
678497,,,empty
678498,,,empty
678544,CHN2018-0295222,F6400:1|F6179:2|F6192:2,structured
678545,CHN2018-15-0075835,,fallback
678547,CHN2015-15-0014548,,fallback
678549,CHN2017-15-0000619,F1349|F1507,fallback
678551,CHN2019-32-0015986,F1349|F1507,fallback
678580,CHN2017-15-0177228,,fallback
678585,,F1564|F863,fallback
678589,,F1564|F863,fallback
678608,,,empty
678610,,,empty
678619,CHN2018-15-042240,F1841:1|F6361:2|F6362:2,structured
678621,CHN2018-15-0422299,F4667:1|F6179:2|F6192:2,structured
678642,,,empty
678643,,F2182,fallback
678644,,,fallback
678645,,,empty
678658,,,empty
678660,,,empty
678661,,,empty
678686,,F1516|F3170|F695,fallback
678687,,,fallback
678688,,F1315|F1554,fallback
678689,,,fallback
678690,,F1638,fallback
678691,,,fallback
678692,B15-3152028,F1446:2|F1590:2|F1592:2|F1822:2,structured
678694,B16-3107389,F1590:2|F1592:2,structured
678695,B16-3107137,F1833:1|F1446:2|F1822:2,structured
678696,C18-01-0444170,F1826:2|F1446:3|F1590:3|F1591:3|F1592:3|F1822:3,structured
678697,C19-01-0886644,F3005:4|F3115:4,structured
678698,C19-01-0886643,F3005:4|F3115:4,structured
678699,C19-01-0886628,F3005:4|F3115:4,structured
678700,C19-01-0886946,F3005:4|F3115:4,structured
678703,C19-01-0886808,F1077:3,structured
678704,B06-4266433,,fallback
678706,B10-4258311,,fallback
678709,NL2010-1338552,,fallback
678710,B09-2053133,,fallback
678711,B05-4281776,,fallback
678733,TFPF2005-105869,,fallback
678735,B10-2045192,,fallback
678749,B2006-6270133,F1010,fallback
678750,B09-2053133,,fallback
678753,,F402,fallback
678754,,F3060,fallback
678755,,F3162|F456|F806,fallback
678756,,,fallback
678757,,F1468,fallback
678758,,F2007|F251,fallback
678759,,F1371,fallback
678768,,F2577,fallback
678769,,F3116|F44|F503|F871,fallback
678770,CHN12-03-111563,F2396|F2461|F260|F2692|F3308,fallback
678771,,,fallback
678772,,,fallback
678773,,,fallback
678777,,,fallback
678781,NL09-1835415,,fallback
678783,,,fallback
678784,,,fallback
678785,C18-01-0444166,F1077|F898,fallback
678799,C19-01-0886859,F349:3|F2911:3,structured
678800,C17-01-1602815,F1715:3,structured
678808,,,empty
678809,,,empty
678812,CHN2017-15-0168608,,empty
678814,CHN2017-15-0711276,,empty
678822,,F3260|F372,fallback
678824,,,fallback
678836,,,fallback
678871,C15-01-1185911,F1968:1|F900:3|F1402:3|F1447:3,structured
678872,C15-01-1185918,F1968:1|F900:3|F1402:3|F1447:3,structured
678873,C17-32-0703236,F1077:2|F367:3|F1600:3|F2397:3|F38:4|F2809:4,structured
678875,B10-3163561,F1077:1,structured
678888,CHN2015-32-0036767,,fallback
678899,,,empty
678901,,,empty
678957,,,empty
678958,NL06-5629215,,fallback
678960,,,empty
678963,B13-3031567,F1243|F370,fallback
678964,C16-01-1604221,F1967:1|F1968:2|F900:4|F1402:4|F1447:4,structured
678966,C19-01-0886626,F36:4|F370:4|F733:4|F951:4|F1243:4|F1304:4|F1593:4|F1622:4|F3001:4,structured
678967,C19-01-0886625,F36:4|F370:4|F733:4|F951:4|F1243:4|F1304:4|F1593:4|F1622:4|F3001:4,structured
678968,,,fallback
678983,,F626,fallback
679018,NL2009-1276305,,fallback
679033,,,empty
679060,CHN2019-18-0030111,,empty
679062,CHN2019-00-G003926,,empty
679063,CHN2019-18-0030217,,empty
679066,C19-01-0886616,F1967:2|F367:3|F1600:3|F1968:3|F2397:3|F38:4|F2809:4|F900:5|F1402:5|F1447:5,structured
679067,C19-01-0886668,F1967:2|F367:3|F1600:3|F1968:3|F2397:3|F38:4|F2809:4|F900:5|F1402:5|F1447:5,structured
679069,C19-01-0886608,F367:3|F370:3|F733:3|F1243:3|F1593:3|F1600:3|F2397:3|F38:4|F2809:4,structured
679077,C19-01-1104813,F1967:1|F1968:2|F900:4|F1402:4|F1447:4,structured
679106,C19-01-0886837,F4528:2|F1267:3|F1268:3|F3005:4|F3115:4|F36:5|F951:5|F3001:5,structured
679107,C19-01-1101812,F1967:2|F4531:2|F1968:3|F900:5|F1402:5|F1447:5,structured
679108,C19-01-0886747,F1819:2|F1919:2|F367:3|F1600:3|F2397:3|F38:4|F2809:4,structured
679113,,,fallback
679126,DV0824-15-1025,F914,fallback
679127,,,fallback
679128,,,fallback
679129,,,fallback
679130,,,fallback
679133,,,fallback
679134,,,fallback
679136,,,fallback
679138,,F3201,fallback
679139,,F3201,fallback
679141,,,fallback
679145,,,fallback
679161,,,empty
679163,,,fallback
679164,C18-01-0286801,F1715:2,structured
679165,C16-01-1604208,F1077:3,structured
679167,C19-01-0886855,F1715:3|F1077:4,structured
679169,C19-01-0886612,F4531:1|F1715:3,structured
679176,,,empty
679189,,,empty
679205,,F846,fallback
679206,,F846,fallback
679207,,,empty
679215,,,fallback
679225,BELG2010-5043041,,fallback
679228,,,fallback
679230,B15-6130907,,fallback
679233,,,empty
679234,,,fallback
679235,,F1609|F1913|F3116,fallback
679236,,F1609|F1913|F3116,fallback
679237,,F1065|F1431|F1581,fallback
679238,,F1065|F1431|F1581,fallback
679239,,F1581|F1583,fallback
679240,,F1581|F1583,fallback
679241,,F1581|F1583,fallback
679242,,F1609|F1913,fallback
679243,,F1609|F1913,fallback
679244,,F1581,fallback
679285,B2014-6175856,F4422:2|F4434:2|F4435:2,structured
679295,CHN2019-00-000093,,empty
679297,CHN2017-32-0266080,,empty
679298,CHN2017-30-0749027,,empty
679306,BE2014-3157782,F4254:2|F4338:2|F4380:2,structured
679308,,,empty
679310,B10-2045387,F3212:2|F2410:3|F2604:3|F2697:3|F2765:3|F2988:3|F7015:3,structured
679311,B11-6091407,,fallback
679313,B15-2062105,F1071,fallback
679314,B15-2062331,F2326,fallback
679316,B15-2062001,F2326,fallback
679320,B13-6082505,F1886:1|F310:2|F1150:2,structured
679322,CHN2017-30-0749048,,fallback
679323,CHN2019-30-0568120,,empty
679324,CHN2011-08-080360,,fallback
679325,CHN2016-01-1087802,,empty
679326,CHN2011-08-080010,,fallback
679328,CHN2017-30-0749267,,empty
679329,,,fallback
679339,,,empty
679372,,,fallback
679374,,,empty
679375,,,empty
679382,,,empty
679389,,F175|F180|F3116,fallback
679390,,F3079|F3116|F425,fallback
679393,,,fallback
679394,,F1315|F3170|F798,fallback
679395,,F153|F99,fallback
679396,B12-2061557,F2483:2|F2666:2,structured
679397,B08-2040026,F773,fallback
679401,CHN2017-13-0266077,,empty
679402,CHN2019-00-000027,,empty
679403,CHN2017-30-0749083,,empty
679404,CHN2019-00-000039,,empty
679405,CHN2018-32-0978431,,fallback
679406,CHN2017-30-0749176,,empty
679407,CHN2019-00-000066,,empty
679408,CHN2017-30-0749033,,empty
679409,CHN2018-01-0866033,,empty
679410,,,empty
679414,,,fallback
679415,,,fallback
679416,,,fallback
679417,,,fallback
679418,,,fallback
679421,,,fallback
679422,,,fallback
679439,,,fallback
679440,,F139,fallback
679441,,,fallback
679442,,F139,fallback
679444,,,fallback
679445,,F132,fallback
679446,,F1612,fallback
679447,,F647,fallback
679448,B05-6040688,F2657,fallback
679449,,F2782,fallback
679450,,F2453,fallback
679451,,F342,fallback
679452,,F3000,fallback
679453,,,fallback
679455,,,fallback
679456,,,fallback
679457,,F326,fallback
679458,,F3170,fallback
679459,,F181|F370,fallback
67946,,,empty
679460,,,fallback
679462,,,fallback
679463,,F3170,fallback
679465,,F132|F839,fallback
679467,,,fallback
679468,,,fallback
679469,,F181|F370,fallback
679470,,,fallback
679471,,F3170,fallback
679472,,F647,fallback
679473,,F326,fallback
679475,,,fallback
679476,,F2940,fallback
679477,,F3170,fallback
679478,,,fallback
679479,,F3262,fallback
679480,,,fallback
679482,,,fallback
679483,,F2453,fallback
679484,,,fallback
679486,,F2782,fallback
679487,,F132|F2657,fallback
679488,,,fallback
679489,,F132,fallback
679490,,F1144,fallback
679491,,F342,fallback
679494,,F181|F3116|F370,fallback
679495,,,fallback
679496,,F181|F370,fallback
679497,,,fallback
679498,,F326,fallback
679499,,F3000,fallback
679500,,F3170|F431,fallback
679503,,,fallback
679504,,F80,fallback
679505,,F1618|F2752|F601,fallback
679506,,F80,fallback
679507,,,fallback
679508,,,fallback
679509,,F431,fallback
679510,,F1315|F3170,fallback
679511,,F181|F370,fallback
679512,,,fallback
679513,,F1315|F3170,fallback
679514,,F1850,fallback
679515,,,fallback
679516,,F3073|F890,fallback
679517,,,fallback
679518,,F1007,fallback
679519,,F2453,fallback
679520,,,fallback
679521,B11-3021764,F1248:2|F3362:2|F3466:2|F4125:2,structured
679522,,,fallback
679524,,,fallback
679525,,F821,fallback
679528,,F1553,fallback
679529,,F132|F2657,fallback
679532,AU10-20460,F132|F2657,fallback
679533,,,fallback
679534,,,fallback
679535,,F80,fallback
679539,,F181|F370,fallback
679540,,F1193,fallback
679541,,,fallback
679542,DV10-02065-717,F3394:2|F3421:2|F3422:2|F3423:2,structured
679548,CHN2016-30-0109867,,empty
679549,CHN2016-13-0250002,,empty
679550,CHN2015-01-0822077,,empty
679551,BELG2017-6182065,F3999:2|F4001:2|F4002:2|F4007:2,structured
679556,B14-2216194,,fallback
679557,B14-2216182,F515|F699,fallback
679558,B13-2053147,F2483,fallback
679559,B08-2236568,F1181|F773,fallback
679561,B16-2138013,F956,fallback
679562,B11-2083460,F956,fallback
679564,B11-2083206,F2472:2|F2410:3|F2604:3,structured
679565,B15-2062224,F2410|F2604,fallback
679566,B11-2083490,F773:2,structured
679567,,F3033|F404|F666,fallback
679568,,F3033|F404|F666,fallback
679569,CHN2019-30-0088807,,empty
679570,CHN2019-30-0088882,,fallback
679571,CHN2019-30-0081776,,empty
679572,CHN2019-30-0088894,,empty
679573,CHN2019-30-0088007,,empty
679574,CHN2019-30-0088881,,fallback
679577,CHN2019-30-0088895,,empty
679578,,,empty
679579,,,fallback
679586,,,empty
679587,,,empty
679625,CHN2018-30-0266071,,empty
679626,CHN2019-00-000054,,empty
679714,,,fallback
679719,CHN2019-30-0568128,,fallback
679721,CHN2019-30-0600010,,empty
679724,CHN2019-30-0601204,,empty
679727,CHN2019-30-0600013,,empty
679742,CHN2017-01-1287160,,empty
679743,CHN2017-30-0749016,,empty
679782,,,empty
679783,DV16-2736-1083,F1823:2|F1830:2|F1831:2,structured
679888,,,empty
679927,,F827,fallback
679961,B15-3025124,F2746:3|F3116:3,structured
679998,,,empty
680009,,,empty
680017,C16-01-1583855,F370:3|F733:3|F1243:3|F1304:3|F1593:3|F1622:3,structured
680022,,,empty
680023,CHN2018-02-0888850,,fallback
680024,CHN2018-02-0888849,,fallback
680025,CHN2018-02-0888828,,fallback
680098,,,empty
6801,B00-6553114,F2390|F2400|F2436|F2508,fallback
680119,,F1383|F1517|F1751|F1752|F3065|F3170|F617|F635,fallback
680120,,F1383|F1517|F1751|F1752|F3065|F3170|F617|F635,fallback
680121,,,fallback
680123,,,fallback
680124,B12-6123385,F605:2|F623:2|F627:2|F788:2,structured
680126,NL15-1706334,F5474:2|F5855:2|F6329:2|F6531:2,structured
680138,,,empty
680146,,,fallback
680147,,,fallback
680228,,F3116|F360,fallback
680229,,F3116|F360|F719,fallback
680250,,,fallback
680251,,,fallback
680253,,,empty
680254,,,fallback
680255,,,fallback
680256,NL2007-3734918,,fallback
680257,,,fallback
680258,,,fallback
680259,,,fallback
680267,,,fallback
680306,,,fallback
680309,,,fallback
680316,CHN2019-10-0529566,,empty
680317,CHN2019-10-0529614,F2143|F2252|F2400|F2521|F3087,fallback
680326,,,fallback
680328,,F2246,fallback
680387,,F2399|F3116,fallback
680388,,,fallback
68041,,,fallback
680426,,,fallback
680443,,F1706|F1969|F723,fallback
680454,,,fallback
680461,CHN2016-15-0513382,,empty
680470,,F1065|F1431|F1581|F3116,fallback
680471,,,fallback
680472,,,fallback
680473,,,fallback
680474,,,fallback
680475,,,fallback
680476,,,fallback
680477,CHN2014-10-254534,,empty
680479,CHN2012-10-033654,,empty
680487,,,empty
680488,,,empty
680497,CHN2019-03-2172376,,fallback
680499,CHN2019-03-0854967,,fallback
6805,B03-6485749,F2390|F2400|F2436|F2508,fallback
680500,,,empty
680503,,,empty
680519,,,fallback
680532,,,empty
680533,,,fallback
680534,,,fallback
680640,CHN2018-32-0411842,,empty
680641,CHN2015-32-1388233,,empty
680642,CHN2018-32-0716259,,empty
680659,CHN2014-TB-155401,,fallback
680661,CHN2017-15-7200012,,fallback
680704,C17-15-0000627,,empty
680722,NL13-1239728,,fallback
680752,B10-6339959,F2866:3|F2868:3|F3045:3|F3159:3,structured
680767,,,empty
680768,,,empty
680770,NL08-3828800,,fallback
680771,B12-6123740,,fallback
680772,B14-6241885,F962,fallback
680781,B12-6196569,F1009|F1757,fallback
680784,B12-6123729,F100,fallback
680787,B12-6326745,F1213|F1321,fallback
680790,B12-6321252,F2180|F2196,fallback
680793,B12-6196008,F1009|F1757,fallback
680795,B12-6326989,F1353|F1660|F317,fallback
680798,B13-6026405,,fallback
680875,,,empty
680879,,,empty
680880,,,empty
680881,,,empty
680882,,,empty
680883,,,empty
680884,,,empty
680887,B13-6026435,F1349|F1507,fallback
680889,B14-6175587,F1025|F299,fallback
680892,B13-6026282,F1191,fallback
680894,B13-6320172,F1192|F1515,fallback
680899,B13-6308645,F1659|F1798,fallback
680900,B13-6180108,F980:1|F112:2|F113:2,structured
680906,B12-2197239,,fallback
680907,B13-3161565,,fallback
680910,B12-2197536,,fallback
680911,NL12-1980824,F227|F3274,fallback
680912,NL12-1980825,F227|F3274,fallback
680927,,,fallback
680939,,,empty
680941,,F2477|F2508|F2710|F2712,fallback
680942,CHN12-03-111942,F2920:2|F3027:2|F3147:2,structured
680949,,,fallback
680962,,,fallback
680963,,,fallback
680964,CHN2019-02-0008867,,fallback
680967,CHN16-32-0670367,F5209:2|F5254:2|F5288:2,structured
680968,CHN16-32-0670193,F5209:2|F5254:2|F5288:2,structured
680969,CHN12-03-111930,F1032|F1883|F2643|F2952|F3307|F820,fallback
680970,,,fallback
680971,,,fallback
68103,,,empty
681050,,,empty
681116,,,empty
681124,,,empty
681144,,,fallback
681145,,,fallback
681147,,,fallback
681159,,,empty
681189,B17-6092230,F605:2|F623:2|F1850:2|F1896:2,structured
681193,B17-6092310,F1209:2|F1988:2|F2007:2|F100:3|F2868:4|F3045:4,structured
681240,,,fallback
681241,,,fallback
681242,,,fallback
681243,,,fallback
681244,,,fallback
681245,,,fallback
681246,,,fallback
681248,,,empty
681252,,,empty
681263,CHN2019-10-0529622,,empty
681300,B13-6082519,,fallback
681301,B13-6082408,F273,fallback
681371,,,fallback
681372,,,empty
681421,,F2946,fallback
681424,NL2017-158929,F188|F3116,fallback
681478,,,fallback
681527,,,empty
681529,,,empty
681530,,,empty
681531,,,fallback
681550,CHN2019-10-0529680,F2143|F2252|F2508|F2860|F3089|F3322|F3352,fallback
681555,,,empty
681556,,,fallback
681557,CHN19-06-0371883,F3389:2|F3391:2|F3540:2|F4028:2,structured
681584,S14-141899,F3547:1|F3623:1,structured
681588,C15-20-0001399,F3547:1|F3623:1,structured
681589,C15-20-0006897,F3547:1|F3623:1,structured
681595,B11-6133742,F2609:2|F2718:2|F2733:2|F3052:2,structured
681596,B11-6133715,F452:2|F2733:2|F3052:2|F2609:3|F2718:3,structured
681597,B11-6133730,F3459:2|F4062:2|F4064:2|F4091:2,structured
681598,B11-6133726,F3459:2|F4062:2|F4064:2|F4091:2,structured
681604,C17-00-2004908,F2023:1|F3547:2|F3623:2,structured
681629,,,fallback
681632,,,fallback
681633,,,fallback
681635,,,fallback
681645,B16-3065040,F3546:2|F3551:2|F3916:2|F4067:2,structured
681753,CHN2014-20-001342,F6122:1|F5977:2,structured
681779,,F1144,fallback
681806,BELG2017-1589524,F188|F3116,fallback
681894,,F2577|F2752|F601,fallback
681895,,F1529,fallback
681902,,,fallback
681918,,,fallback
681960,,F1609|F1913,fallback
681972,,,fallback
681975,CHN16-06-0665825,,fallback
681976,CHN16-06-0634375,,fallback
681977,CHN16-06-0665950,,fallback
681978,CHN15-06-0563108,,fallback
681979,CHN15-06-0203266,,fallback
682018,CHN2019-10-0529760,,empty
682019,CHN2018-10-1065368,F2464|F2860|F3089,fallback
682022,,,fallback
68203,BELG2003-6287278,F1658|F1948,fallback
682030,B11-6133701,F452:2|F2733:2|F3052:2|F2609:3|F2718:3,structured
68204,,,fallback
682041,,,fallback
682065,B17-6024296,F1846:1|F456:2|F1869:2,structured
68207,NL2005-5535041,,fallback
682070,B17-3042166,F3365:2|F3820:2|F4102:3,structured
68215,CHN2012-08-001322,,fallback
682188,,F3170,fallback
682189,,F3170,fallback
682190,,F3170,fallback
682193,BLE2015-6198973,,fallback
682194,BLE2015-6198968,,fallback
682195,BLE2014-6306910,,fallback
682196,BLE2015-6198959,,fallback
682251,,,fallback
682252,,,fallback
682253,,,fallback
682254,,,fallback
682255,,,fallback
682256,,,fallback
682257,,,fallback
682258,,,fallback
682284,B16-3112378,F1424,fallback
682314,BE12-2080211,,fallback
682330,NL10-1839123,,fallback
682338,CHN2017-15-0317938,F5433:2,structured
682339,CHN2017-15-0317908,F5433:2,structured
682340,NL2013-1520288,F5440:2|F6236:2|F6350:2,structured
682343,NL2014-1260794,F5822:2|F6346:2|F6347:2|F7218:2,structured
682346,,,empty
682348,,,empty
682349,,,empty
682350,,,empty
682355,,,empty
682359,,,empty
682363,,,empty
682368,,,empty
682373,,,empty
682374,,,empty
682382,,F1237,fallback
682429,,,empty
682451,,,fallback
682469,NL19-1191114,,fallback
682472,,,fallback
682474,CHN2018-05-0916685,F1965:1,structured
682488,CHN07-03-623692,F483:2|F2823:2|F3118:2|F3203:2,structured
682586,CHN12-06-522843,F4032:3|F4063:3|F4078:3|F4095:3,structured
682587,CHN15-06-0203156,F2403|F2426|F2722|F2797|F2878|F3326,fallback
682588,CHN17-06-0674305,F285|F459|F651,fallback
682592,CHN16-06-0665968,F1136|F133|F285|F312|F3170,fallback
682595,CHN19-06-0371870,F2407|F2545|F2856|F2940|F3093,fallback
682596,CHN18-06-0146389,F2403|F2426|F2722|F2797|F2878,fallback
682597,CHN16-06-0665815,F285|F459|F617|F635|F651,fallback
682598,CHN16-06-0546323,F144|F285|F2875|F312|F3170|F459,fallback
682599,CHN13-32-400220,F2678|F2679|F2683|F3116,fallback
682600,CHN15-06-0563388,F144|F285|F2959|F3170|F459|F617|F635,fallback
682601,CHN14-06-185377,F133|F1381|F284|F288|F2959|F3065|F3170|F432,fallback
682602,CHN14-06-185373,F133|F1381|F284|F288|F2959|F3065|F3170|F432,fallback
682617,CHN15-17-00219,,empty
682620,B15-6025971,F1170|F1657|F1891,fallback
682621,B15-6025987,F1891|F2982,fallback
682704,,,fallback
682706,,,fallback
682710,,,fallback
682711,,,fallback
682712,CHN2015-15-0335083,,fallback
682719,,,fallback
682720,,,fallback
682781,,,fallback
682783,,,fallback
682784,,F604|F846,fallback
682785,,F604|F846,fallback
682786,,F604|F846,fallback
682787,,F604|F846,fallback
682788,,F604|F846,fallback
682789,,F604|F846,fallback
682791,,F604|F846,fallback
68280,,,fallback
682818,BELG2015-6168688,,fallback
682821,BELG2015-6208599,,fallback
682823,BELG2011-6329566,,fallback
682834,CHN19-03-0031744,F200:2|F2455:3|F2526:3,structured
682840,CHN18-03-0550642,F2455:3|F2526:3|F2635:3|F2846:3|F2847:3|F3151:3|F3276:3,structured
682841,CHN19-03-0086613,F200:2|F2455:3|F2526:3,structured
682843,NL16-4280389,,fallback
682846,CHN15-06-0203303,F285|F459|F617|F635,fallback
682847,CHN2018-02-0018888,,fallback
682867,,,fallback
682869,CHN19-03-0060899,F200:2|F2455:3|F2526:3|F2635:3,structured
682877,,,fallback
682881,,,fallback
682882,,,fallback
682883,,,fallback
6829,B04-4424662,F3175,fallback
682902,,,fallback
682905,,,fallback
682907,,,fallback
682908,,,fallback
682909,,,fallback
682910,,,empty
682911,,F2390|F2400|F2436|F2521,fallback
682912,,,fallback
682913,,,fallback
682967,,,fallback
682968,,,fallback
682986,,F2400|F2477|F2478|F2508|F2521|F2592|F2712|F3087,fallback
682994,SGP17-170074,F4178:1|F4184:1,structured
683058,,,fallback
683067,CHN13-13-055736,F3852:1|F3850:2|F3860:2,structured
683079,,F604|F846,fallback
683080,,F604|F846,fallback
683081,,F604|F846,fallback
683082,,F604|F846,fallback
683083,,F604|F846,fallback
683084,,F604|F846,fallback
683085,,F604|F846,fallback
683090,SGP15-150199,F4193:1|F6296:1,structured
683093,SGP150-150197,F3922:1|F6296:1,structured
683095,SGP15-150502,F3922:1|F6296:1,structured
683136,,,fallback
683158,SGP14-140382,F3523:1,structured
683159,SGP16-151290,F3705:1|F7294:1,structured
683162,SGP17-170735,F4178:1|F7292:1,structured
683165,SGP17-170540,F4178:1|F7292:1,structured
683166,SGP17-170128,F4178:1|F4184:1,structured
683178,SGP16-151289,F4176:1|F7294:1,structured
683182,SGP14-140396,F4178:1|F4194:1,structured
683184,,,empty
683188,C2018-0000827,,fallback
6832,B04-4424702,F131:1|F3174:1,structured
683231,CHN13-11-158828,F3845:2|F4328:3|F56:4|F568:4|F4055:4|F4072:4,structured
683264,SGP14-140263,F3706:1|F7290:1,structured
683267,SGP14-140003,F3706:1|F6296:1,structured
683269,CHN13-13-035038,F3706:1|F6296:1,structured
683307,B15-6063377,F4229:2|F4284:2|F4314:2|F4468:2,structured
683328,,,fallback
683329,,,fallback
683330,SGP16-151671,F4179:1|F4185:1,structured
683332,SGP16-151603,F4179:1|F4185:1,structured
683335,,,empty
683338,CHN19-06-0371566,F1021|F1382|F144|F3065|F3170|F635,fallback
683339,CHN18-06-0146554,F1382|F617|F635,fallback
683342,CHN16-06-0589810,F4078:2|F3409:3|F3410:3|F3415:3|F3499:3|F4032:3,structured
683343,CHN18-06-0400525,F1846|F1869|F456|F806,fallback
683344,CHN16-06-0546461,F3414:2|F3503:2|F3597:2|F4117:2,structured
683345,CHN15-06-0203073,F3409:2|F3415:2|F3493:2|F3642:2,structured
683346,CHN15-06-0563292,F3409:2|F3415:2|F3719:2|F4032:3|F4078:3,structured
683358,SGP16-151670,F4185:1,structured
683391,SGP16-151195,F4179:1|F4180:1,structured
683394,,F209,fallback
683396,,,fallback
683397,,,fallback
683398,,F1038|F209,fallback
683423,,,fallback
683425,,,fallback
683426,,,fallback
683427,,,fallback
683429,,,fallback
683430,,,fallback
683431,,,fallback
683433,,,fallback
683437,,,fallback
683440,,,fallback
683453,,,fallback
683454,,,fallback
683455,,,fallback
683456,,,fallback
683459,,,fallback
683460,,F2477|F2508|F2710|F2712,fallback
683461,,F1390|F1515|F1949,fallback
683462,,,fallback
683463,,,fallback
683464,,,fallback
683466,,,fallback
683467,,,fallback
683472,,F1646|F1992,fallback
683475,,,fallback
683476,,,fallback
683478,,,fallback
683479,,F2521|F2714,fallback
683484,,,fallback
683485,,,empty
683486,,,fallback
683487,,,fallback
683488,,,fallback
683489,,,empty
683491,,,empty
683492,,,fallback
683499,,,fallback
683500,,,fallback
683502,,,fallback
683503,,F3260|F762,fallback
683504,,,fallback
683505,,,fallback
683506,,,fallback
683507,,,fallback
683508,,,fallback
683520,,,fallback
683521,,,fallback
683522,,,fallback
683523,,,fallback
683524,,,fallback
683525,,,fallback
683527,,,fallback
683541,,,fallback
683542,,,fallback
683543,,,fallback
683544,,,fallback
683545,,,fallback
683547,,,fallback
68357,,,fallback
683587,,,fallback
683595,,,fallback
683596,,,fallback
683597,,,fallback
683598,,,fallback
683609,CHN2010-15-044870,,fallback
683610,CHN2019-15-06692119,,fallback
683611,CHN2019-15-2010670,,fallback
683616,CHN2020-15-0624344,,fallback
683620,,,fallback
683622,B12-3162673,F175:2,structured
683623,B11-3077180,F914:2|F3116:2|F2680:3|F2812:3,structured
683624,B11-3171570,F425:2,structured
683630,,,fallback
683635,,,fallback
683637,,,fallback
683639,,,fallback
683640,,,fallback
683645,,,fallback
683646,,,fallback
683647,,,fallback
683648,,,fallback
683650,,,fallback
683652,,,fallback
683653,,,fallback
683655,,,fallback
683656,,,fallback
683662,,,fallback
683673,,,fallback
683676,,F973,fallback
683677,,,fallback
683680,,,fallback
683681,,,fallback
683682,NL2009-1377901,F6560:1|F6568:1,structured
683687,,,fallback
683688,,,fallback
683693,,F962,fallback
683696,,F209,fallback
683698,,F209,fallback
683701,,,fallback
683703,,F209,fallback
683722,,,fallback
683736,,,empty
683754,,,fallback
683755,,,fallback
683758,,F604|F846,fallback
683759,,,fallback
683762,,,fallback
683763,,F1207|F1503|F1781|F1784,fallback
683764,,F1554|F1639|F1785|F1786,fallback
683765,NL2016-1179636,,fallback
683773,,,fallback
683774,,,fallback
683775,,F3260|F563|F762,fallback
683776,,,fallback
683777,,,fallback
683778,,,fallback
683779,,,fallback
683781,,F1468|F2186|F3260,fallback
683782,,,fallback
683785,,,fallback
683787,,,fallback
683788,,,fallback
683789,,,fallback
683791,,F2196,fallback
683792,,,fallback
683793,,F1947|F2009,fallback
683797,,,fallback
683799,,,fallback
683811,,F247|F2717|F982,fallback
683839,CHN19-03-0060801,F4567:2|F76:3|F81:3|F2455:3|F2526:3|F2635:3,structured
683841,B07-6310166,,fallback
683961,,,empty
683969,,,empty
684055,CHN2015-17-0229265,,fallback
684056,CHN2016-17-0048692,,fallback
684060,CHN2015-17-0175366,,empty
684066,BELG2007-6356177,F132,fallback
684068,NL2009-1377815,,fallback
684135,CHN2015-0237778,,empty
684136,,,empty
684165,,,empty
684166,CHN2016-0199869,,empty
684215,,,fallback
684216,,,fallback
684228,,,empty
684233,CHN16-13-0016680,F4204:1|F4720:1,structured
684280,,,empty
684294,CHN19-03-0060163,F4567:2|F76:3|F81:3|F2455:3|F2526:3|F2635:3,structured
684295,CHN19-03-0060178,F2036:2|F4740:2|F2455:3|F2526:3|F2635:3,structured
684314,SGP14-140011,F3766:1|F3926:1,structured
684317,,,fallback
684318,,,fallback
684347,,,empty
684348,,,empty
684349,,,empty
684351,,,empty
684352,,,empty
684353,,,empty
684354,,,empty
684383,,,fallback
684385,,,fallback
684386,BE2017-3008279,F4006:1|F4008:1,structured
684387,NL18-1343000,F1530:2|F1881:2|F1992:2|F453:3|F3165:3,structured
684440,,,empty
684456,,,empty
684457,,,empty
684458,,,fallback
684460,,,fallback
684466,,,fallback
684488,,,empty
684550,,,fallback
684560,,,empty
684623,CHN2019-11-0240266,,fallback
684625,CHN2019-11-0240317,,fallback
684626,CHN2019-11-0240318,,fallback
684627,CHN2019-11-0240276,,fallback
684628,CHN2019-10-0011358,,empty
684630,CHN2019-00-B009096,,empty
684633,CHN2019-10-0015528,,empty
684635,CHN2019-00-B009116,,empty
684695,,,fallback
684696,,,fallback
684697,,,fallback
68605,,,empty
68745,BELG2003-6147115,F2657,fallback
68747,,,fallback
68748,NL07-1730908,F83,fallback
68749,,F2390,fallback
68768,B98-6492040,F3081,fallback
68771,B05-5045012,,fallback
68785,BELG2009-3021720,,fallback
68856,,,fallback
68878,,,fallback
68987,DV02070-13-149,,fallback
69204,,,fallback
69205,,,fallback
69206,B09-4035498,,fallback
70063,,,fallback
70085,BELG20005-6452558,F1193,fallback
70183,CHN07-22-998432,,fallback
70187,CHN08-32-002491,,fallback
70197,B08-3088037,F2747:2|F3007:2|F3261:2|F3269:2,structured
70200,B01-4501937,,fallback
70498,CHN2011-09-454861,F467:2|F2858:2|F2860:2|F3089:2,structured
70706,B2005-6125312,F132,fallback
70797,,,fallback
70862,CHN03-2008-408262,,fallback
71196,DK06-6621427,,fallback
71207,BELG1996-6025101,F2407,fallback
71227,CHN09-09-007233,F2897:2|F2925:2|F6828:2,structured
71245,BELG2010-4049400,F224|F2577|F3262|F3269|F54|F573,fallback
71283,CHN2012-08-351999,F2596|F2607|F2647|F2858,fallback
71325,NL2008-1979784,F2714|F2715,fallback
71418,B08-3079152,,fallback
71420,B08-3079151,,fallback
71607,CHN2011-08-139999,,fallback
71608,NL1998-9821108,F2390|F2519|F2594,fallback
71610,BE07-2135296,,fallback
71645,NL1999-1209710,,fallback
71647,NL2009-1606838,F2714|F2715,fallback
71682,CHN04-22-660442,,fallback
71697,BE2007-2135310,F684,fallback
71901,,,fallback
71940,CHN08-22-880188,,fallback
71942,CHN07-22-998552,,empty
71980,NL1999-9959135,,fallback
71981,NL97-9747442,,fallback
72087,B06-6343581,F2546:2|F2903:2|F2402:3|F2492:3,structured
72100,B08-2040066,F2448:2|F2612:2|F2736:2|F2762:2,structured
72136,B08-2040086,F371:2|F2565:2|F2410:4|F2604:4|F2697:4|F2765:4,structured
72160,NL09-1332442,,fallback
72166,B06-4126914,F3264|F761|F764,fallback
72406,BELG08-6314650,F108:1|F514:1,structured
72407,,,fallback
72571,BEFG2001-6311760,F2722,fallback
72591,NL05-2041440,,fallback
73010,,,fallback
73022,,,fallback
73087,,,fallback
73256,TF08-149500,F2849,fallback
73259,B04-6058267,F2543:2|F2793:2|F2954:2|F3034:2,structured
73260,CHN18-2009-020037,,empty
73262,CHN19-2009-070049,,empty
73292,,F2722,fallback
73495,,,empty
73511,,,fallback
73517,,,fallback
73525,,,empty
73527,,,fallback
73528,,,fallback
73529,,,fallback
73530,,,fallback
73531,,,fallback
73601,,,fallback
73602,,,empty
73603,,,fallback
73626,DV03-494-08770,,empty
74082,,,fallback
74083,,,fallback
74087,NL08-2020810,,fallback
74088,,,fallback
74235,B06-4028444,,fallback
74333,CHN05-16-020993,,empty
74345,,F2470|F2486|F2619|F341,fallback
74346,BELG09--5070877,F341,fallback
74374,,,fallback
74375,NL05-1405522,,fallback
74378,NL08-1549117,,fallback
74472,,,fallback
74521,,,fallback
74522,,,fallback
74535,,F342,fallback
74540,,,fallback
74568,,F2925,fallback
74760,CHN2007-01-127310,F2472:2|F2410:3|F2604:3|F2697:3|F2765:3,structured
74763,,F1658|F1948,fallback
74775,,,fallback
74777,,,empty
74851,CHN2009-05-300112,,empty
75127,,,fallback
75128,B09-4072803,,fallback
75174,B07-2232719,F2452:2|F2669:2|F2808:2,structured
75177,CHN07-03-633277,F4585:1|F4587:1,structured
75178,B08-3079270,F539:2,structured
75179,B09-3021719,F1059:2,structured
75200,NL2005-1928887,F5755:1|F6927:2|F7035:2,structured
75211,NL2005-5532478,F4489:1,structured
75377,B09-2226519,,fallback
75383,,F2553|F2725|F2780|F2963|F2964|F3062,fallback
75597,BELG2003-3128705,,fallback
75636,,,empty
75690,B08-6384648,F1167,fallback
75747,B08-4347448,F2155|F3269|F573,fallback
75749,B08-4347446,F54:1,structured
75750,B08-4355574,F2155|F3269|F573,fallback
75751,B08-4355571,F2155|F3269|F573,fallback
75757,B98-6527257,,fallback
75776,,F2553|F2725|F2780|F2874|F294|F2963|F2964|F3059|F3062|F3069|F3183|F829,fallback
75797,B06-6174000,F2426|F2654,fallback
75938,NL16-1331180,F5914:2|F5919:2|F6070:2|F6196:2,structured
75939,NL16-1331188,F5914:2|F5919:2|F6070:2|F6196:2,structured
75940,,F1468|F1618|F2752|F601,fallback
75941,,F1383|F617|F635,fallback
75942,,,fallback
75943,,F1760,fallback
75944,,F3162|F455|F456,fallback
76221,,,empty
76307,BELG2004-5091056,F2758|F3283,fallback
76308,,,fallback
7632,B06-6411063,,fallback
76322,BELG2004-5091199,F3283|F78,fallback
7633,B06-64411039,,fallback
76331,,,fallback
76335,,F2477|F2596|F2607|F2645|F2647|F2710|F2711|F2858|F3169|F3199,fallback
76336,B10-6246105,F139|F2457|F2477|F2596|F2645|F2647|F2710|F2711|F3169|F3199,fallback
76337,,F2508|F2521|F2592|F2594|F2776|F2777|F3087,fallback
76338,B09-6233641,F2478|F2521|F2594|F2776|F2777|F3087,fallback
76339,B09-6233611,F2478|F2521|F2594|F2776|F2777|F3087,fallback
7634,B06-6411032,,fallback
76340,B09-6233648,F2594|F2859|F3087,fallback
76341,,F2478|F2521|F2592|F2594|F2776|F2777|F3087,fallback
76342,B09-6233653,F2858|F2860|F3089|F467,fallback
76343,B09-6233643,F2594|F2859|F3087|F466,fallback
76345,,F3169|F3199,fallback
76346,B05-3006685,F2451|F2487|F2680|F2683|F2812|F3116,fallback
76347,B00-3280245,F2399|F2469,fallback
7635,B06-6036647,,fallback
76350,B06-3008489,F2824,fallback
76352,,F2407|F3307,fallback
76353,,F106|F107,fallback
76355,,F2639,fallback
7636,NL00-2153265,F2798,fallback
76366,,,fallback
7637,NL00-2153363,F2798,fallback
76370,B06-3000737,F2825,fallback
76371,,,fallback
76377,,,fallback
76378,,,fallback
7638,NL00-2153355,,fallback
76380,,,fallback
76381,,,fallback
76420,,F2788|F2796|F2884|F3314,fallback
76421,,F2789,fallback
76422,B09-6301876,F2658|F2732|F2788|F3052,fallback
76425,,,fallback
76436,B08-6338827,F2491|F2510|F2978,fallback
76456,,F2155|F3269|F573,fallback
76458,CHN2008-06-170069,,empty
76460,,F2155|F3269|F573,fallback
76488,,F2155|F3269|F573,fallback
76489,,F2155|F3269|F573,fallback
76494,,F2155|F3269|F573,fallback
76630,,,fallback
76952,CHN2010-08-259999,F2596|F2647,fallback
7699,B04-6200911,,fallback
76998,,,fallback
76999,,,fallback
7700,B04-6200927,,fallback
77000,,,fallback
77001,,,fallback
77002,,,fallback
77016,BELG2006-3008090,F4219:2|F4223:2|F4267:2|F4317:2,structured
7708,NL00-2153265,F2798,fallback
7709,,,fallback
77098,BELG2009-3021712,,fallback
7710,NL00-2153363,F2798,fallback
77109,BELG2009-3021722,,fallback
7711,NL05-1664478,,fallback
77127,BELG2009-3021739,,fallback
77139,NL2004-1389725,,fallback
77140,BELG2005-3224578,,fallback
77328,NL08-1549158,F3043,fallback
77365,,,fallback
77366,,,fallback
77529,,F2752|F3026|F601,fallback
77551,CHN08-09-013070,,fallback
77552,CHN08-09-517898,F2925,fallback
77555,CHN09-09-025638,,empty
77557,CHN10-09-124939,,empty
77611,,,fallback
77624,,,fallback
77625,,,fallback
77627,,,empty
77641,,,empty
77646,,,fallback
77656,CHN2008-03-333993,,fallback
77752,NL07-1226511,,fallback
7783,B05-3105014,,fallback
77893,,,fallback
77983,NL98-1421591,,fallback
78040,,,empty
78062,B2003-5063091,F2923:2|F2980:2|F2768:4|F2922:4,structured
78077,,,empty
78220,NL07-1220728,,fallback
78223,,,fallback
78225,NL08-3857407,F5605:2|F5606:2|F5711:2|F7175:2,structured
78226,NL09-1686173,,fallback
78229,,,fallback
78231,GFL2001-651,,fallback
78232,NL07-4747737,,fallback
78233,NL07-4747742,,fallback
78234,,,fallback
78237,DV07-05958-826,,fallback
78240,NL07-1104630,,fallback
78241,NL10-1823445,,fallback
78452,CHN2016-03-0900973,F6531:2|F6630:2|F6491:3|F6542:3|F6553:3|F6605:3,structured
78461,CHN10-02-302155,,fallback
78466,CHN09-02-480044,,fallback
78493,,,empty
78532,B09-6220968,F3326|F3327,fallback
78596,CHN07-17-053375,,empty
78601,B10-4210691,F1106|F755,fallback
79071,,,fallback
79120,,,fallback
7916,CHN98-12-031920,,empty
7918,,,empty
79219,,,fallback
79233,NL16-1019653,,fallback
7928,,,fallback
79382,,,fallback
79449,B10-2192396,F2601|F848,fallback
79450,B10-2192262,,fallback
79619,NL08-1792708,,fallback
79620,NL08-1792714,,fallback
79621,NL07-2069222,,fallback
79622,NL08-1792705,,fallback
79784,,,empty
79875,BELG2010-6052379,F1349|F1507,fallback
79877,BELG2010-6052440,F1192|F1515,fallback
79890,BELG2009-6358333,,fallback
79951,,,fallback
80032,,,empty
80158,,,fallback
80159,,,fallback
80262,,,fallback
80272,NL2009-1186007,F6674:1|F6531:2|F6542:3|F6605:3,structured
80327,NL09-5919044,,fallback
80362,,F2797|F2878,fallback
80455,B09-6216079,F119|F120|F2797|F2878|F3326|F3327,fallback
80503,,,empty
80535,NL00-2467536,,fallback
80543,NL2007-1129401,F6489:2|F6498:2|F6510:2|F6542:2,structured
80545,CHN2016-03-0900751,F2251:3|F3458:3|F4112:3|F4117:3|F6505:4|F6555:4|F6561:4|F6569:4,structured
80593,,,fallback
80595,,,fallback
80596,,,fallback
80789,NL07-5713925,F5538:2|F5784:2|F5846:2|F5990:2,structured
80790,DV0516-10-594,,fallback
80794,NL10-1528946,F7137:2|F7209:2|F5538:3|F6820:3|F6964:3|F7000:3,structured
80796,NL10-1529069,F5538:2|F5846:2|F6820:2|F6964:2,structured
80797,NL07-5713890,F6883:2|F6894:2|F5538:3|F6820:3|F6964:3|F7000:3,structured
80798,NL09-5903655,F5628:2|F6113:2|F6114:2|F6883:3|F6894:3,structured
80801,NL07-5713904,F5455:2|F5527:2|F7002:2|F7057:2,structured
80812,,,empty
80842,NL09-5916682,F5686:2|F5689:2|F5700:2|F7217:2,structured
80874,,,fallback
80924,BELG2009-6248550,,fallback
81196,B07-4350834,F2753|F559,fallback
81197,B07-4350835,F2753|F559,fallback
81198,B08-4091252,F2753|F559,fallback
81200,,,empty
81395,CHN2010-04-060044,,fallback
81474,,,fallback
81546,,,empty
81814,CHN10-03-167633,,empty
81921,,,fallback
81922,,F2123|F2164|F2253|F2254|F2279|F2280|F2299,fallback
82059,B08-4095016,F2577|F3269|F573,fallback
82150,BE09-2230751,F54,fallback
82247,NL01-4743636,F2946,fallback
82313,B05-4045228,F2155|F2529|F2530|F2577|F2753|F3269|F573,fallback
82322,B05-3180210,,fallback
82325,CHN09-32-601953,,fallback
82326,CHN08-10-450217,F2529|F2530|F2753,fallback
82327,CHN08-10-450800,F2753|F3012,fallback
82375,CHN09-32-589677,,fallback
82376,CHN09-32-601705,,fallback
82380,CHN05-10-123056,,fallback
82388,CHN08-10-451719,,fallback
82392,CHN08-10-451704,,fallback
82617,,,empty
82700,,,fallback
82708,DV01769-06-1148,F5118:1,structured
82863,NL09-5916274,,fallback
82929,,,fallback
83005,CHN09-06-100978,F5117:2|F5138:2,structured
83079,,F3262,fallback
83188,NL2010-1681876,F6500:2|F6531:2|F6552:2|F6542:3|F6605:3,structured
83196,CHN2016-03-0900860,F2352:2|F2359:2|F6521:3|F6522:3|F6553:3|F6491:4,structured
83248,,,fallback
83254,,,fallback
83285,NL07-1183428,F3040:2|F3181:2|F3225:2|F2782:3,structured
83326,,,fallback
83329,B98-5075395,,fallback
83367,NL11-1394369,F6119:1|F6261:1,structured
83369,B11-2063177,F1058|F193|F2410|F2738,fallback
83400,,,fallback
83437,,F2912,fallback
83438,,,empty
83469,BELG2007-3128456,F4252:1|F4357:1,structured
83526,,,fallback
83786,B04-4277382,F2753|F3264|F3269|F573,fallback
8384,,,fallback
83883,,,fallback
83900,,,empty
83973,B06-4169348,F2577|F3269|F573,fallback
83977,B07-4253815,F760:1|F929:1,structured
83978,BELG2003-3241937,F4486:1,structured
84004,NL06-1337823,,fallback
84017,CHN2016-03-0900946,F6500:3|F6531:3|F6552:3|F6489:4|F6498:4|F6510:4|F6542:4|F6605:4,structured
84072,NL07-3762444,,fallback
84076,B2013-6308022,F2090:2|F2166:2|F2282:2|F2295:2,structured
84120,CHN10-01-203459,,fallback
84168,B05-4333769,F751:1,structured
84325,NL2008-1549144,F342,fallback
84327,NL2009-1159148,,fallback
84334,NL2004-2061925,,fallback
84337,NL2005-1405508,,fallback
84357,NL2007-1829127,,fallback
84358,NL2006-5629201,,fallback
84620,,F1027|F132,fallback
84696,B2005-6164697,F2038,fallback
84740,,,fallback
84831,,,empty
84865,B08-4098498,F2577|F2753|F3269|F573,fallback
84870,B07-6258781,F3351,fallback
84871,B06-6230940,,fallback
84873,B09-6401900,,fallback
84875,B09-6301904,,fallback
84876,B09-6301906,,fallback
84878,B09-6301912,,fallback
84882,DV02884-10-502,,fallback
84954,,,fallback
85355,,,empty
85360,,,fallback
85400,DV06720-06-381,,fallback
85456,,,fallback
85481,DV06720-07-691,,fallback
85548,NL2007-1475174,,fallback
85603,DV06720-08-1049,,fallback
86035,,F2410|F2472,fallback
86046,CHN2008-03-632843,F2165:2|F2215:2|F4787:2|F4800:2,structured
86060,,F2410|F2472,fallback
86177,CHN1999-03-273002,,fallback
86194,BELG95-6201253,,fallback
86263,CHN10-20-001680,F3269,fallback
86266,CHN08-08-245894,,fallback
86271,,,fallback
86404,B2005-6037302,,fallback
86410,BELG2008-3069096,F204:2|F558:2|F2822:2|F3238:2,structured
86417,BELG2010-2046293,F149:2|F431:2|F693:2|F1066:2,structured
86422,B10-2046282,F170:2|F325:2|F1018:3|F1019:3|F3065:3,structured
86443,BELG2008-3069058,,fallback
86570,B05-6037320,,fallback
86606,BELG2007-5080173,F593,fallback
86648,BELG2008-6192155,F2294:1|F2298:1,structured
86657,CHN2009-16-087887,,empty
86873,B11-6340826,F1757,fallback
86887,,,empty
86930,B05-6037316,,fallback
86933,B2003-6042233,,fallback
8696,B06-6343569,,fallback
8697,B06-6343576,F278|F3304,fallback
87546,DV04715-07-201,F5059:1|F5061:1,structured
87555,CHN03-10-350500,F6759:1|F5543:2,structured
87594,CHN05-10-351246,,empty
87638,CHN08-10-278416,F2925,fallback
87793,CHN08-10-608576,F6759:1|F5543:2,structured
87813,DV0814-07-1203,,fallback
87835,B01-6398429,F2518:1,structured
87888,,F604,fallback
88003,CHN10-03-167637,F2884,fallback
88038,B10-2197919,F2838:2|F2404:3|F2442:3,structured
88100,B2006-6267435,,fallback
88105,CHN2010-03-188097,,empty
88197,CHN2009-10-549930,F6759:1|F5543:2,structured
88217,BELG2007-6125114,F247,fallback
88221,CHN10-01-203295,,fallback
88230,B07-4116398,F3211:1,structured
88461,DV01063-04-1783,,fallback
88475,CHN08-03-326297,,fallback
88477,CHN2010-03-828791,,fallback
88496,NL04-2248584,,fallback
88637,CHN2003-01-299487,,empty
88643,CHN2008-03-326301,,empty
88649,CHN2009-03-318397,,empty
88660,CHN2009-03-318389,,empty
88670,CHN2006-02-368811,,empty
88672,CHN2006-02-290509,,empty
88675,CHN2009-03-318388,,fallback
88679,CHN2009-02-388800,,empty
88680,CHN2009-02-388766,,empty
88681,CHN2008-03-328792,,fallback
88682,CHN2010-03-828658,,fallback
88683,CHN2010-03-828843,,empty
88691,,,fallback
88694,,,empty
88698,,,empty
88714,,F3084,fallback
88768,,,fallback
88992,CHN05-03-360999,,fallback
89003,CHN10-193542,F2897:2|F2925:2|F6828:2,structured
89005,,,fallback
89093,,,fallback
89130,B06-2258693,F2396|F2461,fallback
89135,NL08-1897561,F260|F2659|F2951|F3055|F3085|F3308|F819,fallback
89136,B08-5061314,,fallback
89137,B03-6266057,,fallback
89149,BELG2008-6144192,F121|F646,fallback
89151,BELG2010-6037961,F992,fallback
89156,,,empty
89287,CHN10-32-260336,,fallback
89290,,F2399|F2441|F2469,fallback
89308,B05-6037337,F2590|F2697|F2765,fallback
89312,B05-6037337,F2590|F2697|F2765,fallback
89317,B05-5133117,F2444|F2506|F2535|F2536|F2629,fallback
89324,B10-4258633,,fallback
89325,B10-4258634,,fallback
89331,CHN10-32-261910,,fallback
89334,CHN09-10-045477,F2390,fallback
89335,,F2155,fallback
89336,CHN08-10-109828,F2155,fallback
89345,CHN10-10-040175,F2390,fallback
89348,CHN10-252487,F2577,fallback
89351,CHN10-32-257262,,empty
89631,BELG2005-3006795,,fallback
89633,GB2008-Z-22222,,fallback
89662,,,empty
89713,,,empty
89719,,,empty
89788,,,empty
89802,,,fallback
90179,B07-4116219,,fallback
90183,,F3116|F3269,fallback
90192,B03-6266516,,fallback
90260,,,empty
90263,,,empty
90301,,,fallback
90304,,,fallback
90347,,,fallback
90374,,F1001|F2407|F2903|F3308|F847,fallback
90531,CELE03-4333,,fallback
90532,,F260|F2659|F2951|F3055|F3085|F3308|F819,fallback
90537,B01-6255113,F2407|F2413|F2467,fallback
90547,,,fallback
90548,,,fallback
90629,NL08-4200191,F5355:2|F7206:2|F3181:3|F3225:3|F5501:3,structured
90634,,,fallback
90635,CHN14-08-278600,F2866:2|F3159:2,structured
90641,,F1566|F2404|F2424|F2443|F2444|F2506|F2532|F2551|F2582|F2615|F2630|F2675|F2760|F2838|F2893|F5043,fallback
90642,B12-6125390,F1636|F825,fallback
90644,B12-6125485,F2717,fallback
90647,B12-6125392,F1333,fallback
90649,,F1375,fallback
90653,B18-4097118,F567:2|F912:2|F913:2|F1618:2,structured
90656,,,fallback
90658,,F456,fallback
90660,,,empty
90673,NL18-1700711,F1870:3|F1872:3|F5723:3|F6027:3|F6142:3|F6389:3|F6390:3|F6428:3,structured
90676,B18-4220628,F1282:2|F1454:2|F1724:2|F1835:2,structured
90679,,,empty
90681,NL16-1263981,F6272:2|F6406:2|F7244:3|F3386:4|F5447:4|F7211:4,structured
90789,B2008-5061959,F227|F3274,fallback
90794,B2009-5104435,F1301|F227|F3274,fallback
90804,B05-6037344,F2460|F2590|F2765|F3291|F671,fallback
90841,,F2517|F2642|F2657|F2674,fallback
90881,,,empty
90886,,,empty
90891,,F2143|F2252|F3087,fallback
90928,CHN10-06-035887,,empty
90933,CHN10-06-035666,,fallback
90934,CHN08-06-039110,,fallback
90939,CHN10-06-035898,,empty
90967,,,fallback
90989,CHN2008-01-779858,,empty
91118,CHN2007-01-189787,,fallback
91122,CHN2007-01-189800,,empty
91135,CHN2009-01-771188,,empty
91206,B01-6398417,,fallback
91215,NL08-5820918,,fallback
91270,,F2395|F2407|F2409|F2410|F2413|F2447|F2456|F2467|F2544|F2545|F2546|F2547|F2640|F2659|F2705|F2856,fallback
91345,NL06-5601388,,fallback
91370,NL10-1186958,,fallback
91468,NL10-1055791,F2486,fallback
91529,DV08-02098-448,,fallback
91532,,,fallback
91533,,,empty
91534,,,empty
91536,,,fallback
91537,,,empty
91538,,,empty
91540,NL10-1035621,,fallback
91541,NL10-1035665,F5687:2|F2946:3|F6862:3,structured
91542,,,fallback
91574,,,fallback
91577,,,empty
91605,NL07-1580038,,fallback
91614,NL07-1580044,,fallback
91659,B05-4130422,F3014|F3269|F573|F742|F755,fallback
91686,B09-6219266,F991,fallback
91693,BELG2010-6052582,F1191|F1349|F1507|F1754,fallback
91734,B09-2230753,,fallback
91761,BE08-4107596,,fallback
91764,NL09-4210150,,fallback
91768,BE10-4123169,,fallback
91869,NL09-4765804,,fallback
91874,NL09-1565757,,fallback
91877,BE12-3088266,F1583|F1913|F3116,fallback
91960,,,empty
92172,NL07-5700375,,fallback
92179,B07-3008703,F2825,fallback
92204,,F2553|F2725|F2780|F2874|F294|F2963|F2964|F3059|F3062|F3069|F3183|F829,fallback
92376,,,fallback
92495,B04-6294563,,fallback
92500,B2009-4035351,F2577|F3269|F573,fallback
92511,B07-3008704,F2825,fallback
92685,,F2540|F2720|F2884,fallback
92746,CHN07-10-010315,,fallback
92825,CHN2006-01-379001,,empty
92836,CHN2009-03-318597,,fallback
92885,B08-4255005,,fallback
92948,,,fallback
93094,CHN14-08-278599,F2866:2|F3159:2,structured
93101,,F456,fallback
93114,,F317,fallback
93117,,F456,fallback
9312,B05-6338438,,empty
93163,,,fallback
93192,CHN18-2010-101624,,fallback
9323,B00-2117109,,fallback
93251,CHN2010-18-101625,,fallback
93255,CHN2010-18-099465,,fallback
93326,,,fallback
93346,,,fallback
93633,B08-5116069,,fallback
93716,NL10-1125156,F2881,fallback
93742,,F2723,fallback
93743,,,empty
93803,,F2143|F2252,fallback
93804,,F2400|F2521|F3087,fallback
93807,CHN2009-100162,,fallback
93809,,,fallback
93920,,F2538|F2723|F3326,fallback
9399,,,fallback
9427,,F278,fallback
94275,,,empty
94308,B10-6052583,F1349|F1507,fallback
94447,,,fallback
94461,B08-6052160,,fallback
94656,NL10-1027239,F2881,fallback
94679,CHN18-2009-026788,,fallback
94684,CHN18-2009-024994,,fallback
94694,CHN18-2010-113355,,empty
94697,CHN18-2010-098854,,empty
94701,CHN18-2010-107106,,fallback
94702,CHN18-2010-113360,,empty
94729,,F2401|F244|F2491|F2510|F2725|F2946|F315|F3203|F3206,fallback
94735,B02-6505109,F2517|F2642|F2657|F2674,fallback
94772,,,empty
94956,T09-689189,,fallback
95031,BELG2010-2198018,,fallback
95036,BELG2003-4290046,F2752|F3126,fallback
95217,B03-6086168,F2491:2|F2511:2,structured
95252,K05-178316,,fallback
95355,CHN07-10-310204,,fallback
95535,NL10-1027238,F2881,fallback
95539,NL10-1125531,F2881,fallback
95555,CHN09-32-608412,,empty
95564,CHN10-10-001615,F2390,fallback
95779,,F3175,fallback
95782,,,empty
95786,,F3175,fallback
95787,,F3175,fallback
95788,,F3175,fallback
95791,,F3175,fallback
95799,,F3175,fallback
95804,,,empty
95910,,,empty
96023,B10-6204437,F2869|F2882|F3052|F3310,fallback
96024,B10-6204431,F2608|F3052|F3310,fallback
96030,B10-6204442,F2597|F2608,fallback
96031,B10-6204405,F2962|F2966,fallback
96163,,,empty
96271,B00-3220694,,fallback
96573,,,fallback
96634,CHN09-10-003747,,empty
96700,BELG2015-2149087,F1315|F1529|F1642|F2959|F3170|F636|F637,fallback
96709,B07-6110002,F213|F2461|F2692|F2706|F3014|F422,fallback
96719,B07-6110098,F3055|F847,fallback
96720,B07-6110112,F126|F2461|F2951|F3055,fallback
96731,B07-6110247,F260|F2951|F3055|F3308,fallback
96746,B07-6110332,F260|F265,fallback
96756,B07-6110345,F2461|F260|F2692,fallback
96774,B07-6110421,F260|F265|F3308,fallback
96776,B07-6110439,F2461,fallback
96778,B07-6110442,F3055,fallback
96818,,,fallback
96854,CHN2008-03-326379,,empty
97137,,F2506|F3027|F3147,fallback
97145,,,fallback
97163,,,empty
97257,CHN07-03-317366,F76:1|F81:1,structured
97454,CHN03-03-196086,,fallback
97563,CC10-401714,F2614,fallback
97574,,,empty
97576,,,empty
97581,,,empty
97582,,,empty
97584,B12-5015221,F232:2|F392:3|F2580:3|F2631:3|F2841:3|F3025:3|F2433:4|F2629:4,structured
97587,,,empty
97604,,,empty
97607,B09-6248084,,fallback
97632,,,fallback
97634,,,empty
97635,,,empty
97646,,,empty
97648,,,empty
97665,,,fallback
97667,,F2897|F2925,fallback
97669,,,fallback
97670,,,empty
97673,,,fallback
97675,,,fallback
97678,,,fallback
97682,,F2897|F2925,fallback
97684,,F2925,fallback
97686,,F2925,fallback
97693,,F2925,fallback
97700,,,fallback
97732,,,fallback
97733,,,fallback
97735,,,fallback
97737,,,empty
97738,,,fallback
97739,,,fallback
97741,,,fallback
97750,,,fallback
97752,,,fallback
97755,,,empty
97756,,,empty
97761,,,fallback
97821,,,fallback
97822,,,fallback
97824,,,empty
97825,,,fallback
97833,,,fallback
97834,,,fallback
97835,,,empty
97836,CHN2008-10-697782,,fallback
97838,,,fallback
97839,,,fallback
97840,,,fallback
97850,,,fallback
97854,,,fallback
97855,,,fallback
97858,,,fallback
97860,,,fallback
97861,,,fallback
97862,,,fallback
97863,,,fallback
97873,,,fallback
97874,,,empty
97876,,,fallback
97879,,,empty
97880,,,empty
97882,,,fallback
97981,,,fallback
98072,,,empty
98125,NL09-5907483,,fallback
98285,,,empty
98286,,,empty
98287,,,fallback
98290,B04-6464213,F2608|F2707|F2719,fallback
98292,B04-6464284,F2540|F2552|F2720|F2884,fallback
98368,,,empty
98468,,,fallback
9848,B97-6355026,F2642:1|F2674:1,structured
9849,B01-6525192,F2517|F2642|F2657|F2674,fallback
9850,B00-6340091,F2517|F2642|F2657|F2674,fallback
98574,,,fallback
98577,B2008-6374019,,fallback
98579,B2007-6399032,,fallback
98580,B07-3182075,F1089|F331|F774,fallback
98581,B2005-6445727,F2540|F2720|F2962|F2966,fallback
98592,B2009-5187968,F771:1|F160:2|F2888:2,structured
98595,,,fallback
98598,,,fallback
98599,NL03-1057280,F2818|F3001|F342,fallback
98611,B2009-5187976,F1478:1|F160:2|F2888:2,structured
98614,,F1055,fallback
98631,B2009-6130759,F265:2|F2396:2|F2461:2,structured
98633,B2009-4035092,F218:2|F813:2,structured
98676,NL04-2197251,,fallback
98913,,,fallback
98968,NL10-1822923,,fallback
98970,NL10-1822669,,fallback
98971,NL10-1822620,,fallback
98972,NL10-1823445,,fallback
98973,NL10-1822666,,fallback
98974,NL10-1822661,,fallback
98978,NL10-1822697,,fallback
99089,,F1382|F617|F635,fallback
99099,,,fallback
99147,,,empty
9931,NL08-1392270,,fallback
99422,,,fallback
99433,,,fallback
99434,,,fallback
99535,BELG2004-6231650,,fallback
99679,,,fallback
99680,BE10-3163909,,fallback
99703,,F303,fallback
99777,,,fallback
99779,,,fallback
99882,B2005-6449680,F2606|F2720|F2728|F2884,fallback
99883,B2005-6405510,,fallback
99884,B2007-5067146,F924:1|F5939:1,structured
99887,B2009-5187983,F55:1|F160:2|F2888:2,structured
99897,,,fallback
99900,B2005-6452633,F317,fallback
99901,,F1009|F1064|F1191|F122|F2793|F3035|F3092|F645,fallback
99927,B06-5010845,F3279:1|F3280:1,structured
99928,B06-5010638,F2768:2|F2922:2|F2923:2|F2980:2,structured
99944,,F3175,fallback
99945,,F3175,fallback
99950,,F3175,fallback
99972,CHN2010-01-995962,,empty
99973,CHN2010-01-850504,,empty
99985,CHN2009-12-017667,,empty
99990,CHN2009-12-017764,,fallback
