img_id,ancestor,contribution
100009,NL99-1612926,0.5
100009,NL04-1408253,0.25
100009,NL01-1866742,0.25
100009,NL00-1217817,0.5
100009,NL03-4774127,0.25
100009,NL05-4708743,0.25
100460,BE05-6221006,0.5
100460,BE94-6495178,0.5
100460,BE93-5188111,0.25
100460,BE86-6616231,0.25
100900,NL02-5255446,0.5
100900,NL99-2585526,0.25
101192,NL08-2020822,0.5
101192,NL05-1909293,0.25
101192,BE00-6367184,0.125
101192,NL02-5255446,0.625
101192,NL99-2585526,0.3125
101192,NL04-5435151,0.25
101192,NL00-1122178,0.125
101192,NL99-1585505,0.125
101728,CC08-080133,0.5
101728,CC00-179370,0.25
101728,CC03-260036,0.25
101728,CC02-286352,0.5
101728,B88-28221,0.25
101728,B88-8901,0.25
102694,DV01769-98-919,0.5
102712,CHN04-12-209217,0.5
102712,NL96-9613089,0.25
102712,CHN03-12-009637,0.25
102712,GF99-195,0.5
102712,LN94-9418179,0.25
102712,LN93-9323197,0.25
104084,B97-6165917,0.5
104084,B03-6266353,0.25
104100,TW93-238804,0.5
104100,B86-9122830,0.25
104100,NL88-2692608,0.25
104100,TW93-103725,0.5
104100,B82-5000628,0.25
104100,NL82-1325105,0.25
104103,B88-6717673,0.5
104103,GL93-3993,0.25
104103,B98-3200237,0.25
105501,NL04-0447254,0.5
105501,NL02-1644564,0.5
105578,B02-6455413,0.5
105578,B00-5244099,0.5
10650,B00-6190647,0.5
10650,B99-6493886,0.25
10650,B95-6637863,0.25
106502,NL16-1331180,0.5
106502,NL11-1521612,0.25
106502,NL05-1243818,0.125
106502,NL08-1291712,0.125
106502,NL08-1291700,0.25
106502,NL06-1967847,0.125
106502,NL05-1234823,0.125
106502,NL16-1330276,0.5
106502,NL15-1502891,0.25
106502,NL10-1856406,0.25
10651,B01-6041061,0.5
10651,B99-6047027,0.25
10651,B96-6086151,0.25
10651,B93-6057630,0.5
10651,B85-6567117,0.25
10651,B86-6475047,0.25
10653,B98-6084041,0.5
10653,B93-6057663,0.25
10653,B95-6054392,0.25
10653,B96-6086176,0.5
10653,B87-6360589,0.25
10653,B93-6057734,0.25
10658,B00-6098005,0.5
10658,B96-6086384,0.25
10658,B93-6057627,0.25
10658,B98-6084024,0.5
10658,B91-6183106,0.25
10658,B94-6081753,0.25
106932,B90-3119128,0.5
10764,NL04-1389374,0.5
10764,NL00-1122150,0.25
10764,D02098-03-1030,0.25
10765,B99-6560463,0.5
10765,B92-6682536,0.25
10765,B91-6685038,0.25
10765,B03-6471605,0.5
10765,B99-6185756,0.25
10765,B95-6647246,0.25
108048,B02-4247518,0.5
108048,B98-4184712,0.375
108048,B94-4407032,0.375
108048,B01-4178925,0.5
108048,B96-4391958,0.25
108048,B99-4393519,0.25
108092,B98-6589970,0.5
108092,B91-6680418,0.25
108092,BEL95-6274320,0.25
108092,BL98-6278036,0.5
108092,B86-6320969,0.25
108092,BEL92-6162746,0.25
108218,NL2006-4720774,0.5
108218,NL2000-5063949,0.25
108218,NL2004-5430805,0.25
108218,NL2007-1817846,0.5
108218,NL2004-2050252,0.25
108218,NL2000-1975952,0.25
108267,BE12-5015222100,0.5
108267,BE05-5220465,0.25
108267,BE04-5226586,0.25
108267,BE12-5015196,0.5
108267,BE99-5271731,0.25
108267,BE04-5065566,0.25
108636,NL2002-2173592,0.5
108636,NL2000-5063949,0.25
108636,NL1998-5821416,0.25
108636,NL1997-5700531,0.5
108636,NL1996-1434375,0.25
108636,NL1987-1055610,0.25
108638,NL2007-1129401,0.5
108638,NL2002-2173592,0.25
108638,NL2000-5063949,0.125
108638,NL1998-5821416,0.125
108638,NL1997-5700531,0.25
108638,NL1996-1434375,0.125
108638,NL1987-1055610,0.125
108638,B2008-6340442,0.5
108912,NL00-1148553,0.5
108992,B16-6065083,0.5
108992,B12-4186291,0.25
108992,B05-4045392,0.25
108992,B15-2300729,0.5
108992,B13-2006114,0.25
108992,B09-5163265,0.25
108992,B92-2195255,0.125
108992,B04-2116092,0.125
108993,B05-6170855,0.5
108993,B00-6254332,0.25
108993,B97-6420763,0.25
108993,B03-6095358,0.5
108993,B93-6499550,0.25
108993,B95-6189656,0.25
109638,B10-6357722,0.5
109638,B07-6229162,0.25
109638,B02-6354135,0.125
109638,B05-6451851,0.125
110138,NL2006-4720774,0.5
110138,NL2000-5063949,0.25
110138,NL2004-5430805,0.25
110138,NL2003-1135475,0.5
110138,NL2002-1635264,0.25
110138,NL1995-1941948,0.25
110224,B2006-6185559,0.5
110224,B2002-6051523,0.25
110224,B97-6101002,0.25
110224,B2004-6208297,0.5
110224,B94-6093587,0.25
110224,B96-6100246,0.25
110480,B04-6467380,0.5
110480,B97-6270413,0.25
110480,B94-6434172,0.25
110480,B97-6600148,0.5
110480,B93-6631866,0.25
110480,B91-6680124,0.25
110486,B01-6263147,0.5
110486,B99-6185566,0.25
110486,B91-6685038,0.25
110486,B01-6523833,0.5
110486,B94-6434010,0.25
110486,B92-6606146,0.25
112077,NL2006-4720774,0.5
112077,NL2000-5063949,0.25
112077,NL2004-5430805,0.25
112077,NL2004-2050221,0.5
112077,NL2001-1886692,0.25
112077,NL1993-2696113,0.25
112079,NL2010-1681846,0.5
112079,NL2008-1537225,0.25
112079,NL2001-1886692,0.1875
112079,NL2002-1635193,0.125
112079,NL1993-2696113,0.0625
112079,NL2005-1441789,0.25
112079,NL1999-2411769,0.125
112079,NL1999-2411761,0.125
112079,B2008-6340442,0.5
112093,NL07-5711981,0.5
112093,NL05-1191690,0.5
112289,NL2002-1635264,0.5
112289,NL1998-1215809,0.5
112289,NL1995-1942000,0.25
112289,NL1993-2696143,0.25
112699,B06-6056065,0.5
112699,B03-6485765,0.25
112699,B91-6227405,0.125
112699,B97-6592444,0.125
112699,B00-6553131,0.25
112699,B95-6274330,0.125
112699,BE95-6274317,0.125
112699,B04-6293191,0.5
112699,B90-630670,0.25
112699,B94-6241201,0.25
112735,NL2010-1681876,0.5
112735,NL2009-1186097,0.25
112735,NL2006-4720774,0.125
112735,NL2000-5063949,0.125
112735,NL2004-5430805,0.0625
112735,NL2000-1975952,0.125
112735,NL2003-1135371,0.25
112735,NL1996-2279515,0.125
112735,NL2001-1886591,0.125
112735,CHN2015-03-0887777,0.5
112735,NL2007-1129401,0.25
112735,NL2002-2173592,0.125
112735,NL1998-5821416,0.0625
112735,NL1997-5700531,0.125
112735,NL1996-1434375,0.0625
112735,NL1987-1055610,0.0625
112735,B2008-6340442,0.25
112868,NL2013-1239517,0.5
112868,NL2007-1817923,0.25
112868,NL2003-1135475,0.25
112868,NL2002-1635264,0.125
112868,NL1995-1941948,0.125
112868,NL2009-1186402,0.5
112868,NL2004-2050252,0.25
112868,NL2001-1886550,0.25
113862,CHN2007-04-176460,0.5
113862,BELG2005-6378066,0.5
113863,CHN2005-04-179190,0.5
113863,BELG2005-6378066,0.5
114143,CHN05-02-023608,0.5
114143,CC2002-1043,0.5
114143,B88-6717673,0.25
114143,GL93-3993,0.125
114143,B98-3200237,0.125
114143,B88-6725723,0.25
114719,CHN02-09-120188,0.5
114778,NL99-9964496,0.5
114778,NL93-1125375,0.5
114917,BELG2007-4115066,0.5
114917,BELG2005-43215172,0.25
114917,BELG2004-4277483,0.25
114917,BELG1997-4237625,0.125
114917,BELG1991-4261261,0.125
114917,BELG2007-4369817,0.5
114917,BELG2001-4483214,0.25
114919,BELG2008-4254890,0.5
114919,BELG2002-4333309,0.25
114919,BELG2006-4271058,0.25
114919,BELG2004-4277483,0.5
114919,BELG1997-4237625,0.25
114919,BELG1991-4261261,0.25
115902,B93-6501300,0.5
116055,B00-2352683,0.5
116055,B08-2040296,0.5
116055,B04-5174902,0.25
11677,B02-00825411,0.5
11677,B99-01439857,0.25
11677,B99-6485734,0.25
11677,B98-6350218,0.5
11677,B00-0000006,0.25
11677,B86-6056506,0.25
116926,B00-6178839,0.5
116926,B97-6162118,0.25
116926,B97-6162340,0.25
117130,CHN03-10-475647,0.5
117130,CHN03-10-467758,0.5
118570,B02-4174127,0.5
118570,B02-4134569,0.5
118570,BELG1999-4066126,0.25
118570,BELG1994-4421785,0.25
118571,B97-4237817,0.5
118586,B02-4174127,0.5
118586,B02-4134569,0.5
118586,BELG1999-4066126,0.25
118586,BELG1994-4421785,0.25
121101,NL07-1203498,0.5
121101,NL06-5623780,0.5
12133,B01-6080659,0.5
12133,B99-3085120,0.25
12133,B96-6379868,0.25
12133,B98-6044236,0.5
12133,B91-3000847,0.25
12133,B96-4605777,0.25
12139,B04-6244764,0.5
12139,B00-6245150,0.25
12139,B00-6245149,0.25
12139,B04-6244762,0.5
12139,B99-6340994,0.25
12139,B99-6343940,0.25
121550,B89-2559604,0.5
121550,B85-2359168,0.25
121550,B85-5230489,0.25
121550,B98-2061410,0.5
121550,B97-2076498,0.25
121550,NL96-2477441,0.25
121826,B90-4002926,0.5
121826,B90-4002911,0.5
121902,B00-6534281,0.5
121924,B11-6265152,0.5
121924,B06-6267300,0.25
121924,B00-6156432,0.25
121946,NL07-1203498,0.5
121946,NL06-5623780,0.5
12209,NL98-5820804,0.5
12209,NL97-5700937,0.25
12209,NL97-7034327,0.25
12209,NL2003-1723256,0.5
12209,NL90-2191223,0.25
12209,NL95-1379941,0.25
124086,B99-5118824,0.5
124086,B86-6360347,0.25
124086,B93-5169865,0.25
124089,B1998-6396501,0.5
124089,B98-3158062,0.5
124112,B00-5234619,0.5
124133,B02-6121675,0.5
124133,BELG1994-6495178,0.5
124211,NL03-1168484,0.5
124211,NL98-1249271,0.25
124211,NL97-1560008,0.25
124219,B2010-6342923,0.5
124219,NL08-211559,0.25
124219,NL98-5012191,0.25
124220,B2010-6342923,0.5
124220,NL08-211559,0.25
124220,NL98-5012191,0.25
124276,BE04-4277026,0.5
124276,BE01-4383337,0.25
124276,BE91-4261261,0.75
124276,BE90-4002926,0.375
124276,BE90-4002911,0.375
124645,B08-6369078,0.5
124645,B00-6540682,0.25
124645,B02-6183083,0.25
124645,B08-2189983,0.5
124645,B04-2139350,0.25
124645,B06-2213954,0.25
124646,B05-2267186,0.5
124646,B03-2101321,0.5
125599,B05-6153315,0.5
125599,B2004-6293194,0.25
125599,B1998-6278076,0.25
125599,B2004-6467255,0.5
125599,B89-6150123,0.25
125918,NL16-1523674,0.5
125918,NL13-1237320,0.25
125918,NL02-1665312,0.125
125918,NL12-1395446,0.125
125918,NL14-1441995,0.25
125918,B12-6326126,0.125
125918,NL11-1470512,0.125
125918,NL16-1523685,0.5
125918,NL11-1740162,0.25
125918,NL13-1237283,0.25
125919,NL12-1615476,0.5
125919,B11-6238597,0.25
125919,B11-6238543,0.25
125919,NL07-1844857,0.5
125919,NL03-1166012,0.25
125919,NL06-1096451,0.25
126446,NL08-2041129,0.5
126446,CHN09-02-003632,0.5
126447,NL08-2041129,0.5
126447,CHN09-02-003632,0.5
127310,NL16-1331186,0.5
127310,NL09-2027019,0.25
127310,NL09-2027040,0.25
127310,NL08-1291717,0.125
127310,NL08-1291700,0.125
127310,NL06-1967847,0.0625
127310,NL05-1234823,0.0625
127310,NL16-1331159,0.5
127310,NL13-1023621,0.25
127310,NL14-1754809,0.25
127341,B00-4524225,0.5
127341,B95-4148211,0.25
127341,B94-4578836,0.25
127341,B99-4534680,0.5
127364,B03-2044303,0.5
127364,B99-2017698,0.25
127364,B99-3199649,0.25
127364,B99-4534680,0.5
128207,B03-2168980,0.5
128207,B03-3103042,0.5
128207,B99-3221004,0.25
128207,B99-3221110,0.25
128207,B85-6527336,0.125
128207,B93-3130073,0.125
128941,B05-6166491,0.5
128941,B01-6255457,0.25
128941,B99-6143597,0.25
128941,B04-5221280,0.5
128941,B00-5150519,0.25
128941,B01-5025782,0.25
129312,B01-2030715,0.5
129312,B97-2378786,0.25
129312,B85-6580826,0.125
129312,DV03661-93-400,0.125
129312,B96-6515027,0.25
129312,B81-6688022,0.125
129312,B85-6580715,0.125
129312,B04-2018545,0.5
129312,B92-5040382,0.25
129312,B91-5060199,0.25
129354,NL13-1237320,0.5
129354,NL02-1665312,0.25
129354,NL12-1395446,0.25
129354,NL14-1441995,0.5
129354,B12-6326126,0.25
129354,NL11-1470512,0.25
129727,B98-6590496,0.5
129727,B03-6266193,0.5
129727,B96-6307261,0.25
129727,B92-6074700,0.25
129738,B07-9028276,0.5
129738,B05-6381477,0.25
129738,B06-62012282007,0.25
129738,B04-9107392,0.5
129738,B01-6326421,0.25
129738,B03-9012163,0.25
129739,NL08-1548996,0.5
129739,NL03-5301440,0.25
129739,NL01-2386190,0.25
129739,B99-3020065,0.5
129739,B95-3336674,0.25
129739,B92-3138672,0.125
129739,B89-3160827,0.125
129739,B92-3138647,0.25
129739,B87-3089349,0.125
129739,B88-3307763,0.125
129740,B07-3161836,0.5
129740,B03-3131024,0.25
129740,B98-3194065,0.25
129740,B99-3020065,0.5
129740,B95-3336674,0.25
129740,B92-3138672,0.125
129740,B89-3160827,0.125
129740,B92-3138647,0.25
129740,B87-3089349,0.125
129740,B88-3307763,0.125
129742,B06-6150906,0.5
129742,B99-3020065,0.5
129742,B95-3336674,0.25
129742,B92-3138672,0.125
129742,B89-3160827,0.125
129742,B92-3138647,0.25
129742,B87-3089349,0.125
129742,B88-3307763,0.125
129749,B06-6150906,0.5
129749,B99-3020065,0.5
129749,B95-3336674,0.25
129749,B92-3138672,0.125
129749,B89-3160827,0.125
129749,B92-3138647,0.25
129749,B87-3089349,0.125
129749,B88-3307763,0.125
13006,NL98-1436313,0.5
13006,NL99-1107508,0.5
130063,B09-4077202,0.5
130066,B09-4077202,0.5
130069,B05-4126349,0.5
130069,B03-4196510,0.25
130069,B03-4031418,0.25
130069,B06-4370915,0.5
130069,B05-4126057,0.25
130069,B05-4126065,0.25
130071,B05-4323990,0.5
130071,B02-3228815,0.25
130071,B01-4237509,0.25
130071,B05-4323879,0.5
130071,B03-4423894,0.25
130071,B04-3104177,0.25
130075,B03-4423894,0.5
130075,B10-4007946,0.5
130076,B08-4216026,0.5
130076,B07-4216855,0.25
130076,B07-4216814,0.25
130076,B06-3002185,0.5
130078,B07-3008489,0.5
130078,B01-4297604,0.25
130078,B06-4370915,0.5
130078,B05-4126057,0.25
130078,B05-4126065,0.25
130092,B09-6301870,0.5
130092,B02-6290709,0.25
130092,B00-6548780,0.25
130092,B93-6491172,0.125
130092,B91-6685040,0.125
130094,B02-6366788,0.5
130094,B95-6637008,0.25
130094,B95-6316476,0.25
130143,B06-6334205,0.5
130143,B95-6647246,0.25
130146,B01-6263976,0.5
130146,B93-6681396,0.25
130148,B03-6471645,0.5
130148,B96-6490451,0.25
130149,B03-6471645,0.5
130149,B96-6490451,0.25
130150,B08-6350739,0.5
130447,B04-6293166,0.5
130447,B97-6592486,0.5
130447,B95-6274342,0.5
130447,B04-6293217,0.5
130449,B04-6293166,0.5
130449,B97-6592486,0.5
130449,B95-6274342,0.5
130449,B04-6293217,0.5
130613,NL08-1577562,0.5
130613,NL05-1419056,0.25
130613,NL06-1091773,0.25
130613,NL08-1577565,0.5
130613,NL00-5056164,0.25
130613,NL06-1091713,0.25
130783,B03-2001819,0.5
130783,B98-2436672,0.5
130783,B93-5288924,0.25
130783,B91-5268690,0.25
130801,B03-6482648,0.5
130801,B90-6652120,0.625
130801,B94-6323005,0.25
130801,B00-6367169,0.5
130801,B95-6246005,0.25
130801,B93-6621023,0.125
131139,CC04-299775,0.5
131139,B94-6668861,0.25
131139,B87-6337115,0.125
131139,B93-6440306,0.125
131139,B97-6592452,0.25
131139,B93-6440308,0.125
131139,B89-6150123,0.125
131139,CC03-030444,0.5
131139,B94-6261321,0.25
131139,B93-6440307,0.125
131139,B92-6162729,0.125
131139,B96-6376126,0.25
131571,NL08-1098225,0.5
131571,NL01-1135600,0.25
131571,NL06-1763820,0.25
131571,NL07-1854469,0.5
131571,NL00-2187115,0.25
131571,NL04-2088643,0.25
132275,B2005-5217183,0.5
132275,B97-6355026,0.25
132275,B93-2434274,0.125
132275,B92-6074663,0.125
132275,B99-6366880,0.25
132292,CHN11-2006-041933,0.5
132292,C02-112665,0.25
132292,C03-082182,0.25
132297,HK2005-222419,0.5
132297,CHN18-2007-063469,0.5
132297,CHN32-2004-789851,0.25
132297,CHN32-2000-056843,0.25
132364,B07-3182025,0.5
132364,B07-3182009,0.5
13240,B97-6390086,0.5
13240,B93-6621110,0.25
13240,B94-6323005,0.25
13240,B98-6523011,0.5
13240,B93-6621060,0.25
13240,B96-6286093,0.25
132522,NL16-1331188,0.5
132522,NL11-1521612,0.25
132522,NL05-1243818,0.125
132522,NL08-1291712,0.125
132522,NL08-1291700,0.25
132522,NL06-1967847,0.125
132522,NL05-1234823,0.125
132522,NL14-1754821,0.5
132522,NL13-1023581,0.25
132522,NL10-1456183,0.25
133729,CHN2006-03-075859,0.5
133729,CHN18-2006-011666,0.25
133729,CHN2004-304988,0.25
13379,B00-6474655,0.5
13379,B96-6586824,0.25
13379,B97-6548725,0.25
13379,B03-6384564,0.5
13379,B97-6548525,0.25
13379,B98-6492636,0.25
13402,B96-5290252,0.5
13402,B89-5340010,0.25
13402,B90-5061274,0.5
13402,B84-6510285,0.25
13402,B85-6580876,0.25
13452,B01-5028418,0.5
13452,B95-5889144,0.25
13452,B95-5000924,0.25
135294,NL2000-1491539,0.5
135294,NL2000-1487958,0.5
135302,NL2000-1491539,0.5
135302,NL2000-1487958,0.5
135305,B97-5261930,0.5
135306,NL2002-1119009,0.5
135919,B06-4112354,0.5
136223,B04-2018501,0.5
136223,B03-2001819,0.25
136223,B98-2436672,0.25
136223,B93-5288924,0.125
136223,B91-5268690,0.125
136714,NL87-2886086,0.5
136851,B02-6091494,0.5
136851,B99-2370428,0.25
136851,B92-6074328,0.25
136851,B00-6156141,0.125
136851,B98-6429866,0.0625
136851,B98-6210106,0.5
136851,B84-0000002,0.25
136851,B89-6479635,0.25
136936,BE05-6153301,0.5
137035,B01-6135326,0.5
137035,B97-6162340,0.25
137261,DV01769-08-638,0.5
137267,DV01769-07-689,0.5
137267,DV01769-04-1280,0.25
137267,DV01769-06-99,0.25
137267,DV09468-04-252,0.5
137267,DV01769-99,0.25
137267,DV01769-02-607,0.25
137272,B04-6293165,0.5
137272,B02-6478464,0.25
137272,B95-6274320,0.25
137272,B04-6293217,0.5
137272,B97-6592486,0.25
137272,B95-6274342,0.25
137332,CHN04-09-27261604,0.5
137332,NL96-1737675,0.25
137332,NL96-2204410,0.25
137332,CHN07-09-425140,0.5
137332,CHN00-10-0202279,0.25
137332,CHN00-10-02009500,0.25
137391,B05-5220465,0.5
137391,B95-5111423,0.25
137391,B00-5150646,0.25
137391,B95-5111449,0.125
137391,B97-5204417,0.125
137391,B04-5065566,0.5
137391,B97-6594874,0.25
137391,B01-5025766,0.25
137396,NL11-1764052,0.5
137396,NL07-1847705,0.25
137396,NL07-1847706,0.25
137396,NL07-1847627,0.5
137396,BE06-6413730,0.25
137396,NL03-1168483,0.25
137400,NL16-1331180,0.5
137400,NL11-1521612,0.25
137400,NL05-1243818,0.125
137400,NL08-1291712,0.125
137400,NL08-1291700,0.25
137400,NL06-1967847,0.125
137400,NL05-1234823,0.125
137400,NL16-1330276,0.5
137400,NL15-1502891,0.25
137400,NL10-1856406,0.25
137748,C04-10-068680,0.5
137748,C06-10-145308,0.5
138147,B06-6154774,0.5
138147,B01-6153558,0.25
138147,B99-6151734,0.25
138147,B94-6495178,0.5
138927,CHN09-09-003329,0.5
139146,B07-5080068,0.5
139146,B1999-5091084,0.25
139146,B2001-5010600,0.25
139146,B01-6182211,0.5
139146,B98-5296409,0.25
139146,B97-6523459,0.25
139638,NL2001-5150429,0.5
139638,B2002-3025836,0.5
140335,NL08-1392287,0.5
140335,NL06-2101045,0.25
140335,NL95-2123024,0.25
140335,NL08-3821982,0.5
140335,NL05-0547397,0.25
140335,NL04-0428849,0.125
140335,NL03-0375941,0.25
140335,NL02-0271883,0.125
140335,NL99-9964496,0.0625
140335,NL93-1125375,0.0625
140335,NL94-9410369,0.125
140448,B04-6293166,0.5
140448,B97-6592486,0.25
140448,B95-6274342,0.25
140448,B04-6293181,0.5
140448,B99-6559757,0.25
140448,B99-6265183,0.25
140494,B05-6166491,0.5
140494,B01-6255457,0.25
140494,B99-6143597,0.25
140622,B02-6091917,0.5
140622,B98-6590496,0.25
140622,B90-6277377,0.25
140622,B98-6210377,0.5
140622,B96-6307261,0.25
140622,B92-6074700,0.25
141616,B06-5197847,0.5
141616,B02-5242919,0.25
141616,B03-5067262,0.25
141616,B06-5205018,0.5
141616,B99-5165173,0.25
141616,B03-5067089,0.25
141819,NL00-4728204,0.5
141819,B96-6286060,0.25
141819,NL98-5821416,0.25
141819,NL00-1211116,0.5
141819,NL93-1768700,0.25
141819,NL98-5821415,0.25
142096,B09-2026913,0.5
142096,B08-2197688,0.25
142096,B00-4065848,0.25
142098,B09-2119419,0.5
142098,B00-2038018,0.25
142098,B05-41604430,0.25
142098,B09-2119437,0.5
142098,B03-2059619,0.25
142098,B03-4290095,0.25
142137,B06-3008013,0.5
142137,B99-3103770,0.25
142137,B98-3158062,0.25
142183,B05-2044100,0.5
142183,B98-6593439,0.25
142183,NL03-1731796,0.25
142183,NL05-1936565,0.5
142183,B98-4184712,0.375
142183,B99-4393519,0.25
142183,B94-4407032,0.125
142213,B01-3031005,0.5
142213,B96-3156104,0.25
142213,B91-3204220,0.125
142213,B90-3119120,0.125
142213,B88-3206112,0.25
142213,B87-3008002,0.125
142213,B81-3238253,0.125
142213,B06-3008003,0.5
142213,B00-3195099,0.25
142213,B95-3185530,0.125
142213,B93-3051184,0.125
142213,B98-3158062,0.25
142481,CHN08-10-589543,0.5
142481,CHN09-10-573932,0.5
142483,CHN08-12-215889,0.5
142483,CHN02-10-600606,0.5
142912,B07-6110331,0.5
142912,B03-6226167,0.25
142912,B00-6272030,0.25
142912,B04-6231763178,0.5
142912,B01-6153558,0.25
142912,B94-6495178,0.25
142914,B05-6221288,0.5
142914,B01-6153558,0.25
142914,B02-6121579,0.25
142914,B07-6110234,0.5
142914,B95-036,0.25
142914,B03-6226034,0.125
142916,B05-6221281,0.5
142916,B01-6153558,0.25
142916,B03-6226043,0.25
142916,B97-6362091,0.125
142916,B99-6151734,0.125
142916,B00-6272299,0.5
142916,B96-6307033,0.25
142916,B97-6362086,0.25
142917,B06-6154673,0.5
142917,B03-6226167,0.25
142917,B00-6272030,0.25
142917,B04-6231730,0.5
142917,B02-6121573,0.25
142917,B02-4479161,0.25
142917,B95-4148210,0.125
142917,B97-4263065,0.125
143111,CHN01-01-113951,0.5
143111,CHN00-308859,0.25
143111,CHN03-252131,0.5
143111,T00-096393,0.25
143111,DV08833-96-1741372,0.25
143115,CHN2001-01-113951,0.5
143398,CHN01-01-113951,0.5
143398,CHN00-308859,0.25
143398,CHN03-252131,0.5
143398,T00-096393,0.25
143398,DV08833-96-1741372,0.25
143400,CHN01-01-113951,0.5
143400,CHN00-308859,0.25
143400,CHN03-252131,0.5
143400,T00-096393,0.25
143400,DV08833-96-1741372,0.25
143403,CHN01-01-113951,0.5
143403,CHN00-308859,0.25
143403,CHN03-252131,0.5
143403,T00-096393,0.25
143403,DV08833-96-1741372,0.25
143463,CHN08-12-215889,0.5
143463,CHN02-10-600606,0.5
143497,NL02-4763096,0.5
143856,B07-6076301,0.5
143856,B00-6156147,0.25
143856,B00-6156179,0.25
143856,B09-6222914,0.5
143856,B05-6168668,0.25
143856,B97-6206715,0.125
143856,B02-6092827,0.125
143856,B02-6092673,0.25
143856,B97-6364092,0.125
143856,B96-6223435,0.125
144375,NL00-1487185,0.5
144375,NL02-2259429,0.25
144375,NL04-1299432,0.25
144375,NL99-2514000,0.5
144375,NL00-1101692,0.25
144375,NL03-1631575,0.25
144690,NL00-1398682,0.5
144690,NL99-5963281,0.25
144690,NL96-1722231,0.25
144835,NL05-1394730,0.5
144835,NL04-2050258,0.5
145097,NL2010-1681846,0.5
145097,NL2008-1537225,0.25
145097,NL2001-1886692,0.1875
145097,NL2002-1635193,0.125
145097,NL1993-2696113,0.0625
145097,NL2005-1441789,0.25
145097,NL1999-2411769,0.125
145097,NL1999-2411761,0.125
145097,NL2013-1239756,0.5
145097,NL2009-1186403,0.25
145097,NL2004-2050252,0.125
145097,NL2010-1682105,0.25
145097,NL2006-4720774,0.125
145097,NL2000-5063949,0.0625
145097,NL2004-5430805,0.0625
145097,NL2003-1103686,0.125
145561,NL2007-1129401,0.5
145561,NL2002-2173592,0.25
145561,NL2000-5063949,0.125
145561,NL1998-5821416,0.125
145561,NL1997-5700531,0.25
145561,NL1996-1434375,0.125
145561,NL1987-1055610,0.125
145561,B2008-6340442,0.5
145962,B06-2082050,0.5
145962,B92-2198165,0.25
145962,B91-6437358,0.125
145962,B83-2350199,0.125
145962,B01-1439889,0.5
145962,B88-2563607,0.25
145962,B93-1979344,0.25
147661,B05-6198745,0.5
147661,B91-6227456,0.25
147661,B92-6162746,0.25
148515,NL07-5713947,0.5
148515,NL05-5510010,0.25
148515,NL06-5616956,0.25
148515,NL05-5510059,0.5
148515,NL02-1472705,0.25
148515,NL99-5949561,0.25
148515,NL93-2437240,0.125
148515,NL93-5366432,0.125
148528,C96-479409,0.5
148528,B85-6379890,0.25
148528,C91-1227424,0.25
148594,B00-6534281,0.5
148895,BE03-4431181,0.5
148895,BE05-4333360,0.5
149410,B00-5271057,0.5
149410,B93-5010010,0.25
149410,B93-5010004,0.25
149410,B03-5071666,0.5
149411,B92-5000631,0.5
149411,B95-5052496,0.5
149421,B92-6241976,0.5
149421,B02-5051207,0.25
149421,B86-6260314,0.5
149869,NL97-2433008,0.5
149869,NL96-1607140,0.25
149869,NL94-2413022,0.25
149869,NL91-1442581,0.5
149869,NL85-461235,0.25
149869,NL90-1790062,0.25
150519,B00-3046702,0.5
150519,B05-3182278,0.5
150535,B04-3173462,0.5
150535,B98-3013162,0.5
150566,NL02-1129952,0.5
150566,NL2003-1931715,0.5
150569,C96-479409,0.5
150569,B85-6379890,0.25
150569,C91-1227424,0.25
150581,B06-3175954,0.5
150581,B02-3069776,0.5
150606,B03-6381698,0.5
150606,B01-6370331,0.25
150697,B04-6095860,0.5
150697,B99-6000159,0.25
150697,B96-6286083,0.25
150697,B03-6086005,0.5
150697,B02-6183649,0.25
150697,B95-6246005,0.25
150697,B90-6652120,0.125
150697,B93-6621023,0.125
150718,C96-479409,0.5
150718,B85-6379890,0.25
150718,C91-1227424,0.25
150930,C96-479409,0.5
150930,B85-6379890,0.25
150930,C91-1227424,0.25
150932,C96-479409,0.5
150932,B85-6379890,0.25
150932,C91-1227424,0.25
150933,C96-479409,0.5
150933,B85-6379890,0.25
150933,C91-1227424,0.25
150934,C96-479409,0.5
150934,B85-6379890,0.25
150934,C91-1227424,0.25
150937,C96-479409,0.5
150937,B85-6379890,0.25
150937,C91-1227424,0.25
150943,C96-479409,0.5
150943,B85-6379890,0.25
150943,C91-1227424,0.25
153183,NL98-2588500,0.5
153183,NL93-2101473,0.5
153376,BELG2001-4383206,0.5
153376,BELG1991-4261261,0.5
153656,NL05-1909293,0.5
153656,BE00-6367184,0.25
153656,NL02-5255446,0.25
153656,NL99-2585526,0.125
153656,NL04-5435151,0.5
153656,NL00-1122178,0.25
153656,NL99-1585505,0.25
154762,B97-6355026,0.5
154762,B93-2434274,0.25
154762,B92-6074663,0.25
154762,B99-6366880,0.5
155051,B06-4112284,0.5
155051,B03-4146093,0.25
155051,B94-4421875,0.25
155051,B06-6154869,0.5
155051,B03-6226201,0.25
155051,B04-6231792,0.25
155057,B07-4253815,0.5
155057,B04-4431710,0.25
155057,B05-4333735,0.25
155057,B05-4333769,0.5
155057,B04-4277227,0.25
155061,CHN09-09-007968,0.5
155061,CHN10-09-224584,0.5
155859,B05-6450540,0.5
155859,B98-6278036,0.25
155859,B91-6227456,0.125
155859,B92-6162746,0.125
156642,B08-4095255,0.5
156788,B02-6505638,0.5
156788,B93-6491935,0.25
156788,B95-6647246,0.25
156788,B00-6452296,0.5
156788,B91-6298409,0.25
156788,B91-6685038,0.25
157109,B06-3098075,0.5
157109,B98-3080001,0.25
157109,B96-3226008,0.25
157109,B03-2191428,0.5
157109,B85-2359168,0.25
157109,B89-2201387,0.25
157836,B01-6094275,0.5
157836,B00-6141430,0.25
157836,B00-6549276,0.25
157836,B02-6113220,0.5
157836,B00-6440232,0.25
157836,B97-6210632,0.125
157836,B95-6303932,0.125
157836,B00-6141444,0.25
157933,B03-6266090,0.5
157933,B94-6214446,0.25
157933,B97-6165917,0.25
157933,B03-6266353,0.125
158208,BELG08-6338325,0.5
158208,B00-6545658,0.25
158208,B02-6503571,0.25
158208,BELG03-6486770,0.5
158208,BELG90-6652120,0.25
158208,BELG93-6621023,0.25
158311,B07-4084232,0.5
158311,B92-4490676,0.25
158311,B05-4265173,0.5
158311,B04-4368701,0.25
158311,B97-4528428,0.25
158327,B09-4211505,0.5
158327,B07-4084168,0.25
158327,B06-4143237,0.25
158327,B05-4411111,0.5
158327,B00-4523840,0.25
158327,B92-4490676,0.25
158365,B07-4084029,0.5
158365,B00-4523840,0.25
158365,B97-4528428,0.25
158365,B03-4239536,0.5
158365,B01-4470488,0.25
158365,B96-4533430,0.25
159604,C96-479409,0.5
159604,B85-6379890,0.25
159604,C91-1227424,0.25
159747,B04-4437257,0.5
159747,B03-4430921,0.25
159747,B03-4135844,0.5
159747,B99-4365080,0.25
159747,B99-4393579,0.25
160869,CHN02-15-090410,0.5
160869,B97-432179998,0.25
160869,B98-421012398,0.25
160870,CHN02-15-090410,0.5
160870,B97-432179998,0.25
160870,B98-421012398,0.25
160871,CHN02-15-090410,0.5
160871,B97-432179998,0.25
160871,B98-421012398,0.25
160873,CHN02-15-090410,0.5
160873,B97-432179998,0.25
160873,B98-421012398,0.25
160874,CHN02-15-090410,0.5
160874,B97-432179998,0.25
160874,B98-421012398,0.25
160875,CHN02-15-090410,0.5
160875,B97-432179998,0.25
160875,B98-421012398,0.25
160876,B09-5061926,0.5
160876,CHN02-15-090410,0.5
160876,B97-432179998,0.25
160876,B98-421012398,0.25
160877,CHN09-15-297917,0.5
160877,CHN02-15-090410,0.5
160877,B97-432179998,0.25
160877,B98-421012398,0.25
160878,CHN02-15-090410,0.5
160878,B97-432179998,0.25
160878,B98-421012398,0.25
161095,CHN02-10-192004,0.5
161095,CHN03-10-467758,0.5
161585,B01-6519919,0.5
161585,B00-6652466,0.25
161585,B99-6169909,0.25
161798,B08-4346863,0.5
161798,BE06-4044540,0.25
161798,BE96-4391970,0.25
161798,NL06-5621654,0.5
161798,NL02-2173518,0.25
161950,CHN2006-09-002684,0.5
161950,CHN2004-09-152721,0.25
161950,CHN03-09-021140,0.25
162276,B07-4361085,0.5
162276,B06-4081816,0.25
162276,B01-4094638,0.25
162276,B99-4262223,0.125
162276,B99-3199708,0.5
162276,B95-3211364,0.25
162276,B91-3204047,0.25
162283,B06-3008013,0.5
162283,B99-3103770,0.25
162283,B98-3158062,0.25
162283,B99-3199708,0.5
162283,B95-3211364,0.25
162283,B91-3204047,0.25
162968,CHN08-09-013053,0.5
162968,CHN98-10-539145,0.5
162968,B96-2363131,0.25
162968,NL91-1122331,0.5
162968,CHN98-10-538799,0.5
162968,B96-6086064,0.25
162968,CHN08-09-013052,0.5
162971,CHN08-09-592896,0.5
162971,CHN08-09-013193,0.5
162973,CHN02-10-049055,0.5
163071,B06-6154774,0.5
163071,B01-6153558,0.25
163071,B99-6151734,0.25
163617,NL02-5255446,0.5
163617,NL99-2585526,0.25
163620,NL02-5255446,0.5
163620,NL99-2585526,0.25
163681,NL99-2255904,0.5
164151,NL02-5255446,0.5
164151,NL99-2585526,0.25
164322,DV02098-02-416,0.5
164322,B97-6449984,0.25
164322,DV02098-97-330,0.25
164447,B06-6267074,0.5
164447,B98-6594049,0.25
164447,B94-1621421,0.25
164709,B05-6166279,0.5
164709,B98-6210287,0.375
164709,B96-3121904,0.3125
164709,B90-6277397,0.1875
164709,B06-6267294,0.5
164709,B98-6210293,0.25
164709,B92-6074579,0.125
164709,B92-6074426,0.125
164709,B99-6143595,0.25
165971,B13-3159402,0.5
165971,B04-3069721,0.25
165971,B98-3158062,0.125
165971,B05-3006583,0.25
165971,B94-3237367,0.125
166018,B01-6524809,0.5
166018,B95-6274349,0.25
166018,B94-6261231,0.125
166018,B94-6261205,0.125
166018,B93-6440331,0.25
166018,B91-6680418,0.125
166018,B89-6150123,0.125
166092,CHN09-01-001923,0.5
166092,CHN06-09-278242,0.5
166371,B02-3255938,0.5
167099,CHN04-03-333311,0.5
167099,CHN09-03-355573,0.5
167099,CHN07-03-003364,0.25
167099,CHN06-03-495565,0.25
167223,B08-6369076,0.5
167223,B04-6307259,0.25
167223,B97-6407575,0.125
167223,B06-6210990,0.25
167223,B05-6337294,0.125
167223,B05-6337115,0.125
167223,B04-2133646,0.5
167223,B01-2287659,0.25
167223,B02-2161806,0.25
167346,BELG98-3158062,0.5
168068,B07-3200000,0.5
168068,B06-2452361,0.25
168068,B05-3224593,0.25
168252,NL09-3928930,0.5
168252,NL04-0414033,0.25
168252,NL01-0143185,0.25
169198,B07-6155353,0.5
169198,B05-6444367,0.25
169198,B05-6444400,0.25
169450,B06-6056102,0.5
169450,B94-6649645,0.5
169450,B85-6377515,0.25
169450,B89-6727919,0.25
16995,NL07-5705110,0.5
16995,NL08-1174850,0.5
170109,B01-6262957,0.5
170109,B91-6680123,0.25
170109,B96-6445285,0.25
170109,B96-6445358,0.5
170109,B93-6491173,0.25
170109,B90-6563338,0.25
170111,B01-6523821,0.5
170111,B01-6523829,0.5
170111,B98-6411580,0.5
170111,B91-6680124,0.25
170157,B07-6229074,0.5
170157,B03-6460032,0.25
170157,B06-6407360,0.25
170157,B07-6229023,0.5
170157,B02-6354241,0.25
170162,B09-6222045,0.5
170162,B01-6253991,0.25
170162,B00-6155746,0.25
170335,B94-6261212,0.5
170335,B91-6227405,0.25
170335,B89-6699714,0.25
170372,CHN07-15-115977,0.5
170372,CC04-299775,0.25
170372,B94-6668861,0.125
170372,B87-6337115,0.0625
170372,B93-6440306,0.0625
170372,B97-6592452,0.125
170372,B93-6440308,0.0625
170372,B89-6150123,0.0625
170372,CC03-030444,0.25
170372,B94-6261321,0.125
170372,B93-6440307,0.0625
170372,B92-6162729,0.0625
170372,B96-6376126,0.125
170372,CHN09-15-213266,0.5
170372,CC02-02-048896,0.25
170372,CC2002-1043,0.25
170372,B88-6717673,0.125
170372,GL93-3993,0.0625
170372,B98-3200237,0.0625
170372,B88-6725723,0.125
170482,CHN07-15-218633,0.5
170482,B88-6717673,0.375
170482,GL93-3993,0.1875
170482,B98-3200237,0.1875
170482,CC2002-1043,0.25
170482,B88-6725723,0.125
170482,C09-027471,0.5
170482,C08-000076,0.25
170482,BELG03-3020346,0.125
170482,C2004-133063,0.125
170482,C04-044633,0.25
170482,BELG96-3101043,0.125
170639,NL03-1387087,0.5
170639,NL04-1069173,0.5
170806,B06-6154774,0.5
170806,B01-6153558,0.25
170806,B99-6151734,0.25
170806,B94-6495178,0.5
170908,C04-299775,0.5
170908,B87-6337115,0.25
170908,B93-6440306,0.25
170908,CC2002-1097,0.5
170908,B82-5000628,0.25
170908,NL82-1325105,0.25
171240,NL2006-2179587,0.5
171240,B95-3336674,0.25
171240,B92-3138672,0.125
171240,B89-3160827,0.125
171240,B92-3138647,0.25
171240,B87-3089349,0.125
171240,B88-3307763,0.125
171240,NL2008-1760976,0.5
171240,NL91-2580661,0.25
171240,NL2006-2179581,0.25
171448,B09-3095066,0.5
171500,B98-6210293,0.5
171500,B92-6074579,0.25
171500,B92-6074426,0.25
171500,B99-6143595,0.5
171500,B96-3121904,0.375
171500,B98-6210287,0.25
171500,B90-6277397,0.125
172129,B05-6448111,0.5
172129,B04-6277729,0.25
172129,B02-6106932,0.125
172129,B00-6243714,0.0625
172129,B00-6243597,0.0625
172129,B96-6600523,0.125
172129,B95-6427760,0.0625
172129,N92-6208105,0.0625
172129,B97-6165725,0.25
172129,B96-6223374,0.125
172129,B96-6223331,0.125
172129,B96-6615170,0.5
172129,B87-2297197,0.25
172129,B82-6380170,0.25
172624,B06-5197577,0.5
172624,B01-6182211,0.5
172624,B98-5296409,0.25
172624,B97-6523459,0.25
172626,B06-5197577,0.5
172626,B01-6182211,0.5
172626,B98-5296409,0.25
172626,B97-6523459,0.25
173197,B09-6222995,0.5
173432,B02-6509064,0.5
173432,B98-6594049,0.25
173432,B94-6214211,0.25
173432,B81-6463237,0.125
173432,B88-6318694,0.125
173432,B99-6143668,0.5
173432,B97-6569500,0.25
173432,B92-6673402,0.25
173445,NL06-1078593,0.5
173445,NL03-5301440,0.25
173445,NL03-5301441,0.25
173445,B87-3089349,0.125
173445,B02-3025837,0.125
173445,NL04-1073271,0.5
173445,NL91-2917874,0.25
173445,NL99-4019864,0.25
173547,NL08-1760960,0.5
173547,NL03-1387087,0.25
173547,NL04-1069173,0.75
173623,NL08-1760990,0.5
173623,NL08-1760976,0.5
173623,DV02376-03-34,0.25
173623,NL06-2179581,0.25
173697,B05-6448135,0.5
173697,B04-6277729,0.25
173697,B02-6106932,0.125
173697,B00-6243714,0.0625
173697,B00-6243597,0.0625
173697,B96-6600523,0.125
173697,B95-6427760,0.0625
173697,N92-6208105,0.0625
173697,B97-6165725,0.25
173697,B96-6223374,0.125
173697,B96-6223331,0.125
17407,B00-6156342,0.5
17407,B96-6223357,0.25
17407,SA96-0095447,0.25
17407,B97-6165825,0.5
17407,B90-6277376,0.25
17407,B92-6074390,0.25
174571,B05-3006503,0.5
174571,B98-3158062,0.25
174826,BE02-6354241,0.5
174826,BE94-6366938,0.25
175110,B98-6210450,0.5
175110,B64-6140875,0.25
175110,B82-6380170,0.25
175206,NL05-1909293,0.5
175206,BE00-6367184,0.25
175206,NL02-5255446,0.25
175206,NL99-2585526,0.125
175206,NL04-5435151,0.5
175206,NL00-1122178,0.25
175206,NL99-1585505,0.25
176486,BE05-4402403,0.5
176486,BE03-4290083,0.25
176486,BE07-4100040,0.5
176486,BE06-4105014,0.25
176486,BE05-4033597,0.25
176570,BE08-4112820,0.5
176570,BE05-4281706,0.25
176570,BE04-6030372,0.5
176725,DV07-08857-401,0.5
176725,NL05-1936842,0.25
176725,NL99-2308215,0.25
176725,NL95-1091674,0.125
176725,NL98-5821416,0.125
176725,B09-6047528,0.5
177331,B04-6095466,0.5
177331,B99-6438033,0.25
177331,B03-6086289,0.25
177331,B03-6086029,0.5
177331,B97-6390133,0.25
177331,B98-6523290,0.25
177331,B90-6652120,0.1875
177331,B95-6246005,0.125
177331,B93-6621023,0.0625
177333,B05-6453975,0.5
177333,B98-6523289,0.25
177333,B95-6246005,0.25
177333,B90-6652120,0.125
177333,B93-6621023,0.125
177333,B06-6414966,0.5
177333,B97-6390022,0.25
177333,B96-6452295,0.25
177553,B06-3210725,0.5
177553,B03-6086031,0.25
177553,B03-6086300,0.25
177553,NL98-7052936,0.5
177553,NL96-1935167,0.25
177553,NL91-1796568,0.25
17833,NL11-1599911,0.5
17833,NL08-2020821,0.25
17833,NL05-1909293,0.125
17833,BE00-6367184,0.0625
17833,NL02-5255446,0.3125
17833,NL99-2585526,0.15625
17833,NL04-5435151,0.125
17833,NL00-1122178,0.0625
17833,NL99-1585505,0.0625
178446,NL06-1597645,0.5
178446,B90-3119128,0.25
178446,NL98-1933559,0.5
178447,B06-3008217,0.5
178813,NL05-0566495,0.5
178813,NL02-0271839,0.25
178813,NL02-0271822,0.25
178813,NL00-0077722,0.5
178813,NL95-9545408,0.25
179053,NL09-1375308,0.5
179053,NL08-1730707,0.25
179053,NL03-1354063,0.25
179053,NL03-0349320,0.5
179053,NL97-9780926,0.25
179053,NL98-9848157,0.25
179054,NL08-3828933,0.5
179054,NL02-0240933,0.25
179054,NL04-2211127,0.25
179054,NL04-0442748,0.5
179054,NL02-1812373,0.25
179054,NL98-9848157,0.25
179821,B06-6267362,0.5
179955,NL08-1100383,0.5
179955,BE05-6045166,0.25
179955,BE03-6192564,0.25
179955,NL09-1836136,0.5
179955,NL05-2109150,0.25
179955,NL04-1560084,0.25
180008,B04-6467302,0.5
180008,B97-6270490,0.25
180008,B93-6681396,0.25
180008,B09-6301870,0.5
180008,B02-6290709,0.25
180008,B00-6548780,0.25
180008,B93-6491172,0.125
180008,B91-6685040,0.125
180009,B04-6467302,0.5
180009,B97-6270490,0.25
180009,B93-6681396,0.25
180009,B09-6301870,0.5
180009,B02-6290709,0.25
180009,B00-6548780,0.25
180009,B93-6491172,0.125
180009,B91-6685040,0.125
180010,B02-6299000,0.5
180010,B98-6491935,0.25
180010,B95-6647246,0.25
180012,B02-6499279,0.5
180012,B94-6434010,0.25
180012,B94-6582712,0.25
180012,B03-6483982,0.5
180012,B99-6185756,0.25
180012,B95-6647246,0.25
181171,DV04715-07-201,0.5
181171,DV00516-05-1309,0.25
181171,DV00645-03-1789,0.25
181171,DV08575-09-167,0.5
181171,DV01217-07-743,0.25
181171,DV0516-05-1648,0.125
181171,DV0516-05-1210,0.125
181171,DV08575-07-442,0.25
181171,DV07287-04-13,0.125
181171,DV01769-03-312007,0.125
181203,B98-6466725,0.5
181203,B94-6667010,0.25
181203,B89-6611641,0.25
181203,B02-6505110,0.5
181203,B89-6606996,0.25
181203,B92-6596037,0.25
181880,CHN07-000538,0.5
181880,BELG1987-3008002,0.25
181880,BELG1981-3238253,0.25
181880,BELG02-3003873,0.5
181880,BELG1993-3354340,0.25
181880,BELG1992-3233008,0.25
182336,CC10-314503,0.5
182336,CHN05-02-023608,0.25
182336,CC2002-1043,0.25
182336,B88-6717673,0.125
182336,GL93-3993,0.0625
182336,B98-3200237,0.0625
182336,B88-6725723,0.125
182336,CHN10-15-185847,0.5
182336,C08-000076,0.25
182336,BELG03-3020346,0.125
182336,C2004-133063,0.125
182336,C04-044633,0.25
182336,BELG96-3101043,0.125
182873,NL07-3762443,0.5
182873,AU02-220,0.5
182874,B2001-2190395,0.5
182874,B1995-6230635,0.5
182874,DV1993-1439975,0.25
182878,B2001-2190395,0.5
182878,B1995-6230635,0.5
182878,DV1993-1439975,0.25
182885,CHN2006-26-139912,0.5
182888,CHN2006-26-139912,0.5
182888,CHN2007-26-002282,0.5
182888,B2001-2190395,0.25
182888,B1995-6230635,0.25
182888,DV1993-1439975,0.125
182889,CHN2006-26-139912,0.5
182889,CHN2007-26-002282,0.5
182889,B2001-2190395,0.25
182889,B1995-6230635,0.25
182889,DV1993-1439975,0.125
182890,CHN2006-26-139912,0.5
182890,CHN2007-26-002282,0.5
182890,B2001-2190395,0.25
182890,B1995-6230635,0.25
182890,DV1993-1439975,0.125
182893,CHN2006-26-139912,0.5
182893,CHN2007-26-002282,0.5
182893,B2001-2190395,0.25
182893,B1995-6230635,0.25
182893,DV1993-1439975,0.125
182895,NL2005-2103430,0.5
182895,B1995-6230635,0.5
182895,DV1993-1439975,0.25
182907,CHN2006-26-139912,0.5
182907,CHN2007-26-002281,0.5
182907,B2001-2190395,0.25
182907,B1995-6230635,0.25
182907,DV1993-1439975,0.125
182909,CHN2006-26-139912,0.5
182909,CHN2007-26-002281,0.5
182909,B2001-2190395,0.25
182909,B1995-6230635,0.25
182909,DV1993-1439975,0.125
182913,CHN2007-26-001399,0.5
182913,NL2005-2103430,0.25
182913,B1995-6230635,0.375
182913,DV1993-1439975,0.1875
182913,CHN2009-26-188114,0.5
182913,CHN2006-26-139912,0.25
182913,CHN2007-26-002281,0.25
182913,B2001-2190395,0.125
182929,B1998-5075454,0.5
182929,B1997-5267265,0.5
182936,CHN2006-26-139912,0.5
182936,B1999-4288739,0.5
182939,CHN2006-26-009833,0.5
182939,B1997-3305936,0.25
182939,NL2000-5063358,0.25
182939,CHN2007-26-002282,0.5
182939,B2001-2190395,0.25
182939,B1995-6230635,0.25
182939,DV1993-1439975,0.125
182940,CHN2009-26-188106,0.5
182940,B1997-6362058,0.25
182940,CHN2007-26-001294,0.25
182940,CHN2005-26-090194,0.5
182940,CHN2004-26-111052,0.25
182940,B1998-5075454,0.125
182940,B1998-5075521,0.125
182940,B1997-5166341,0.25
182948,CHN2006-26-009916,0.5
182948,NL1998-5845612,0.25
182948,NL2001-1124548,0.25
182948,CHN2006-26-009860,0.5
182948,B2001-3031243,0.25
182953,CHN2010-26-099996,0.5
182953,CHN2007-26-001399,0.25
182953,NL2005-2103430,0.125
182953,B1995-6230635,0.1875
182953,DV1993-1439975,0.09375
182953,CHN2009-26-188114,0.25
182953,CHN2006-26-139912,0.125
182953,CHN2007-26-002281,0.125
182953,B2001-2190395,0.0625
182960,CHN2006-26-009833,0.5
182960,B1997-3305936,0.25
182960,NL2000-5063358,0.25
182960,CHN2007-26-002282,0.5
182960,B2001-2190395,0.25
182960,B1995-6230635,0.25
182960,DV1993-1439975,0.125
182962,CHN2006-26-009833,0.5
182962,B1997-3305936,0.25
182962,NL2000-5063358,0.25
182962,CHN2007-26-002282,0.5
182962,B2001-2190395,0.25
182962,B1995-6230635,0.25
182962,DV1993-1439975,0.125
182967,CHN2007-26-001399,0.5
182967,NL2005-2103430,0.25
182967,B1995-6230635,0.5
182967,DV1993-1439975,0.25
182967,CHN2007-26-002282,0.5
182967,B2001-2190395,0.25
182968,CHN2008-26-002282,0.5
182968,CHN2007-26-002282,0.5
182968,B2001-2190395,0.25
182968,B1995-6230635,0.25
182968,DV1993-1439975,0.125
182971,CHN2007-26-001310,0.5
182971,B1999-5118824,0.25
182971,CHN2007-26-002282,0.5
182971,B2001-2190395,0.25
182971,B1995-6230635,0.25
182971,DV1993-1439975,0.125
182972,CHN2006-26-139912,0.5
182973,B1999-4500907,0.5
182974,B05-4333765,0.5
182974,B05-4045080,0.5
182975,B05-4333765,0.5
182975,B05-4045080,0.5
182977,B1999-5118824,0.5
182983,CHN2006-26-190971,0.5
182983,B1998-5075454,0.25
182983,IF1999-008870,0.25
182983,NL1994-1380745,0.125
182987,B2001-5010384,0.5
182987,B1998-5075454,0.25
182989,B1998-5075454,0.5
182989,B1997-5267265,0.5
182992,B1998-5075454,0.75
182992,CHN2004-26-111051,0.5
182992,B1998-5075521,0.25
182998,B2008-4346244,0.5
182998,B2007-4373762,0.5
183006,CHN2009-26-191093,0.5
183006,NL1999-5906124,0.25
183006,CHN2008-26-002865,0.5
183023,CHN2005-26-189226,0.5
183023,NL2002-2114430,0.25
183023,NL2000-5042692,0.5
183033,NL1994-1143018,0.5
183033,B1995-6230635,0.5
183033,DV1993-1439975,0.25
183078,B94-6495178,0.5
183134,CHN2002-15-166116,0.5
183134,NL96-2437152,0.25
183134,NL96-2437159,0.375
183231,CHN2002-166138,0.5
183231,NL96-2437152,0.25
183231,NL96-2437159,0.375
183290,B2001-3031243,0.5
183293,NL1998-5845612,0.5
183293,NL2001-1124548,0.5
183444,B2000-3106326,0.5
183444,NL1998-1403340,0.5
183898,B2005-3191042,0.5
183898,B2000-3106326,0.25
183898,NL1998-1403340,0.25
183898,T2003-302363,0.5
183907,NL2005-2041303,0.5
183907,NL2001-0108538,0.5
18392,NL98-9880970,0.5
18392,NL97-9782667,0.25
18392,NL95-2199819,0.25
18392,NL03-0376794,0.5
18392,NL02-0254043,0.25
18392,NL99-9962177,0.25
184139,B2001-2190395,0.5
184139,B1995-6230635,0.5
184139,DV1993-1439975,0.25
184189,B1995-6230635,0.5
184189,DV1993-1439975,0.25
184216,CHN2006-26-111914,0.5
184216,B1993-5010004,0.25
184216,B1991-5110266,0.125
184216,CHN2006-26-186029,0.5
184216,B1998-5075454,0.375
184216,CHN2004-26-111051,0.25
184216,B1998-5075521,0.125
184244,CHN2009-26-188033,0.5
184244,NL1999-5906124,0.25
184244,CHN2009-26-188114,0.5
184244,CHN2006-26-139912,0.25
184244,CHN2007-26-002281,0.25
184244,B2001-2190395,0.125
184244,B1995-6230635,0.125
184244,DV1993-1439975,0.0625
184317,B1993-5010004,0.5
184317,B1991-5110266,0.25
184425,NL2009-1186007,0.5
184425,NL2007-1817993,0.25
184425,NL2006-4720774,0.125
184425,NL2000-5063949,0.0625
184425,NL2004-5430805,0.0625
184425,NL2000-1975952,0.125
184425,NL2007-6229191,0.25
184425,NL2010-1681855,0.5
184425,NL2008-1537203,0.25
184425,NL2007-1817852,0.125
184425,NL2007-1817880,0.125
184425,NL2009-1186402,0.25
184425,NL2004-2050252,0.125
184425,NL2001-1886550,0.125
184443,NL2011-1740985,0.5
184443,NL2006-2162253,0.25
184443,NL2003-1135462,0.125
184443,NL2003-1135318,0.125
184443,NL2007-1786839,0.25
184443,NL2005-1358883,0.125
184443,NL2003-1147135,0.125
184443,NL2014-1059627,0.5
184443,NL2011-1741071,0.25
184443,NL2006-4720774,0.125
184443,NL2000-5063949,0.0625
184443,NL2004-5430805,0.0625
184443,NL2000-1975952,0.125
184443,NL2007-1817864,0.25
184447,NL2008-1537203,0.5
184447,NL2007-1817852,0.25
184447,NL2007-1817880,0.25
184447,NL2009-1186402,0.5
184447,NL2004-2050252,0.25
184447,NL2001-1886550,0.25
184779,B2007-6076174,0.5
184779,B2004-6276670,0.25
184779,B1998-6210287,0.25
184779,B1994-6214450,0.5
184779,B1989-6305821,0.25
184783,B2002-6091855,0.5
184783,B1995-6230638,0.25
184783,B1992-6074328,0.25
184783,B1997-6165917,0.5
184783,B1994-6214446,0.25
184783,B1982-6380170,0.25
184786,B2006-6267300,0.5
184786,B2001-6255231,0.25
184786,B1998-6210450,0.25
184786,B2003-6266119,0.5
184786,B1987-2297197,0.25
184786,B1996-6615170,0.25
184827,CHN2002-26-015147,0.5
184827,NL1994-1143018,0.25
184827,B1995-6230635,0.375
184827,DV1993-1439975,0.1875
184827,CHN2011-26-099888,0.5
184827,CHN2006-26-139912,0.25
184827,CHN2007-26-002282,0.25
184827,B2001-2190395,0.125
184851,B2010-6038252,0.5
184851,B2002-6091855,0.25
184851,B1995-6230638,0.125
184851,B1992-6074328,0.125
184851,B1997-6165917,0.25
184851,B1994-6214446,0.125
184851,B1982-6380170,0.125
184851,CHN2010-04-060132,0.5
184851,B2006-6267096,0.25
184858,CHN2011-26-099843,0.5
184858,CHN2006-26-190971,0.25
184858,B1998-5075454,0.125
184858,IF1999-008870,0.375
184858,NL1994-1380745,0.1875
184858,CHN2007-26-067069,0.5
184858,NL2002-1616137,0.25
185255,CHN2007-26-002310,0.5
185255,NL1997-1870078,0.25
185255,NL2000-1489219,0.25
185786,NL1999-5906124,0.5
185835,CHN2007-26-002310,0.5
185835,NL1997-1870078,0.25
185835,NL2000-1489219,0.25
185961,CHN2011-26-100001,0.5
185961,CHN2010-26-099878,0.25
185961,CHN2006-26-139912,0.125
185961,CHN2011-26-100055,0.5
185961,CHN2006-26-139904,0.25
185961,B1998-5075454,0.125
185961,B1997-5267265,0.125
185961,CHN2009-26-181035,0.25
185961,B2001-2190395,0.125
185961,B1995-6230635,0.125
185961,DV1993-1439975,0.0625
185966,CHN2006-26-139904,0.5
185966,B1998-5075454,0.25
185966,B1997-5267265,0.25
185966,CHN2007-26-001294,0.5
185976,NL1997-1870078,0.5
185976,NL2000-1489219,0.5
185978,IT2000-000878,0.5
185979,CHN2006-26-009938,0.5
185979,B1997-5166322,0.25
185979,B1998-5075834,0.25
185979,CHN2006-26-009954,0.5
185979,NL1993-2652867,0.25
185979,NL1994-1380745,0.25
186516,B2010-6038252,0.5
186516,B2002-6091855,0.25
186516,B1995-6230638,0.125
186516,B1992-6074328,0.125
186516,B1997-6165917,0.25
186516,B1994-6214446,0.125
186516,B1982-6380170,0.125
186516,CHN2009-26-188114,0.5
186516,CHN2006-26-139912,0.25
186516,CHN2007-26-002281,0.25
186516,B2001-2190395,0.125
186516,B1995-6230635,0.125
186516,DV1993-1439975,0.0625
186530,B98-6210407,0.5
186530,B96-3121904,0.25
186530,B90-6277397,0.25
186530,B94-6214211,0.5
186530,B81-6463237,0.25
186530,B88-6318694,0.25
186581,NL2005-2041303,0.5
186584,CHN2005-26-163679,0.5
186584,NL2002-2114430,0.25
186584,NL2001-1184395,0.25
186584,CHN2007-26-067031,0.5
186584,NL2005-2041303,0.25
186584,NL2001-0108538,0.25
18664,NL2004-0452773,0.5
18664,GFL00-995,0.25
18668,NL2005-1547868,0.5
18668,NL2005-0029618,0.5
18668,NL1999-2507150,0.25
18668,NL2000-0083413,0.25
186843,B2005-3191042,0.5
186843,B2000-3106326,0.25
186843,NL1998-1403340,0.25
186843,CHN2003-26-089085,0.5
186854,CHN2005-26-189218,0.5
186854,NL1998-5805083,0.25
186854,CHN2007-32-875355,0.5
186854,B2005-3191042,0.25
186854,B2000-3106326,0.125
186854,NL1998-1403340,0.125
186922,B2005-3191042,0.5
186922,B2000-3106326,0.25
186922,NL1998-1403340,0.25
186922,T2003-224604,0.5
187301,CHN2006-26-000010,0.5
187301,B1997-6327448,0.25
187301,B1989-6158654,0.25
187301,CHN2005-26-090167,0.5
187301,B1991-5110266,0.375
187301,B1993-5010004,0.25
187465,B07-6369510,0.5
187465,B2006-6149916,0.5
187465,B2000-6440232,0.25
187465,B2001-6455003,0.25
188129,NL05-2132538,0.5
188129,NL93-2101409,0.25
188129,NL84-954984,0.125
188129,NL89-1140179,0.125
188129,NL04-1590412,0.25
188129,NL94-2483933,0.125
188129,NL99-1861305,0.5
188129,NL86-183633,0.25
188131,NL93-2101409,0.5
188131,NL84-954984,0.25
188131,NL89-1140179,0.25
188131,NL04-1590412,0.5
188131,NL94-2483933,0.25
188134,B08-6191404,0.5
188134,B03-6146635,0.25
188134,B01-5193595,0.25
188134,B08-4056108,0.5
188134,B05-4646605,0.25
188134,B05-4346680,0.25
188135,B08-6191590,0.5
188135,B06-2083035,0.25
188135,B06-6087309,0.25
188135,B06-2083016,0.5
188135,B02-2235443,0.25
188135,B05-2141268,0.25
188197,B09-3095085,0.5
188197,B02-3003668,0.25
188197,B94-2401842,0.125
188197,B97-3157176,0.125
188197,B77-3064419,0.0625
188197,B91-3204047,0.0625
188197,B02-3255937,0.25
18879,B96-6307183,0.5
18879,B89-6324199,0.25
18879,B90-6237584,0.25
18879,B90-6237714,0.5
18879,B88-6163589,0.25
18879,B88-6163547,0.25
189514,CHN2010-26-099996,0.5
189514,CHN2007-26-001399,0.25
189514,NL2005-2103430,0.125
189514,B1995-6230635,0.1875
189514,DV1993-1439975,0.09375
189514,CHN2009-26-188114,0.25
189514,CHN2006-26-139912,0.125
189514,CHN2007-26-002281,0.125
189514,B2001-2190395,0.0625
189658,B06-2075920,0.5
189658,B00-6545658,0.25
189658,B02-6503571,0.25
189658,B04-6095738,0.5
189658,B90-6652120,0.25
189658,B94-6323005,0.25
189709,CHN2011-26-099829,0.5
189709,CHN2005-26-189218,0.25
189709,NL1998-5805083,0.125
189709,CHN2007-32-875355,0.25
189709,B2005-3191042,0.125
189709,B2000-3106326,0.0625
189709,NL1998-1403340,0.0625
189709,NL1999-1910933,0.5
189709,CHN2005-26-189226,0.25
189709,NL2002-2114430,0.125
189709,NL2000-5042692,0.25
189804,CHN2008-26-190205,0.5
189804,NL2002-1294169,0.25
189804,NL1999-1910933,0.5
189804,CHN2005-26-189226,0.25
189804,NL2002-2114430,0.125
189804,NL2000-5042692,0.25
189806,CHN2007-32-875386,0.5
189806,IF2005-13780,0.25
189806,CHN2004-10-578269,0.25
189806,NL1999-1910933,0.5
189806,CHN2005-26-189226,0.25
189806,NL2002-2114430,0.125
189806,NL2000-5042692,0.25
189811,CHN2009-26-246108,0.5
189811,CHN2000-26-053011,0.25
189811,CHN2006-26-187089,0.25
189811,NL1999-1910933,0.5
189811,CHN2005-26-189226,0.25
189811,NL2002-2114430,0.125
189811,NL2000-5042692,0.25
189815,CHN2009-26-246108,0.5
189815,CHN2000-26-053011,0.25
189815,CHN2006-26-187089,0.25
189818,CHN2009-26-246108,0.5
189818,CHN2000-26-053011,0.25
189818,CHN2006-26-187089,0.25
189818,NL1999-1910933,0.5
189818,CHN2005-26-189226,0.25
189818,NL2002-2114430,0.125
189818,NL2000-5042692,0.25
189825,CHN2009-26-188188,0.5
189825,CHN2008-26-190205,0.25
189825,NL2002-1294169,0.125
189825,NL1999-1910933,0.75
189825,CHN2005-26-189226,0.375
189825,NL2002-2114430,0.1875
189825,NL2000-5042692,0.375
190461,NL09-1180929,0.5
190461,NL11-1736843,0.5
190461,NL05-1394730,0.25
190461,NL04-2050258,0.25
19126,BELG1995-3058504,0.5
19143,NL06-1520270,0.5
19143,NL05-1238716,0.25
19143,B00-5160743,0.5
191736,CHN02-15-090390,0.5
191738,CHN02-15-090390,0.5
191983,B06-6056102,0.5
191983,B94-6649645,0.5
191983,B85-6377515,0.25
191983,B89-6727919,0.25
191985,B01-6365158,0.5
191985,B97-6592444,0.5
19302,BE01-2137017,0.5
19302,BE00-2178285,0.25
19302,BE91-2306170,0.25
19302,BE03-3241938,0.5
19302,BE00-3195099,0.25
19302,BE98-3158062,0.25
193367,B03-6192564,0.5
193367,B00-6141430,0.25
193367,B00-6549576,0.25
193373,B01-6146101,0.5
193433,B2003-6485937,0.5
193433,B98-6210293,0.25
193433,B92-6074579,0.125
193433,B92-6074426,0.125
193433,B98-6210287,0.25
193433,B96-3121904,0.125
193433,B90-6277397,0.125
193524,CHN2008-26-002283,0.5
193524,CHN2007-32-875386,0.25
193524,IF2005-13780,0.125
193524,CHN2004-10-578269,0.125
193524,CHN2009-26-181035,0.5
193524,B2001-2190395,0.25
193524,B1995-6230635,0.25
193524,DV1993-1439975,0.125
193533,CHN2007-26-001310,0.5
193533,B1999-5118824,0.25
193533,CHN2009-26-181035,0.5
193533,B2001-2190395,0.25
193533,B1995-6230635,0.25
193533,DV1993-1439975,0.125
194926,B1997-6165851,0.5
194926,B1995-6230656,0.5
194928,B1997-6599835,0.5
194928,B1994-6214446,0.25
194928,B1982-6380170,0.25
194928,B1994-6214259,0.5
194928,B83-6376407,0.25
195056,B06-6267022,0.5
195056,B97-6165830,0.25
195056,B04-6276330,0.25
196001,B03-6266090,0.5
196001,B94-6214446,0.25
196001,B97-6165917,0.25
196001,B03-6266353,0.125
196599,NL01-1350801,0.5
196599,NL94-2542264,0.25
196599,NL97-2500708,0.25
196599,NL96-1742833,0.5
196599,NL95-2648983,0.25
196599,NL92-2907649,0.25
196962,B2005-6338472,0.5
196962,B97-6596425,0.25
196962,NL2001-2198844,0.25
196962,B1999-6438292,0.5
196962,B1997-6390022,0.25
196962,B1995-6246005,0.25
196990,CHN2010-32-961850,0.5
196990,CHN2008-03-634998,0.25
196990,CHN2004-01-309465,0.125
196990,CHN2005-01-356357,0.125
196990,CHN2006-03-037834,0.25
196990,CHN1999-03-080057,0.125
196990,CHN1998-03-146995,0.125
196990,CHN2016-03-0900869,0.5
196990,CHN2014-30-102781,0.25
196990,RO2010-0011263,0.125
196990,CHN2012-03-510111,0.125
196990,B2008-6340442,0.25
196994,NL2006-4720774,0.5
196994,NL2000-5063949,0.25
196994,NL2004-5430805,0.25
196994,NL2008-1537227,0.5
196994,NL2005-1394813,0.25
196994,NL1998-1215809,0.25
196994,NL1995-1942000,0.125
196994,NL1993-2696143,0.125
197291,CHN2008-03-634998,0.5
197291,CHN2004-01-309465,0.25
197291,CHN2005-01-356357,0.25
197291,CHN2006-03-037834,0.5
197291,CHN1999-03-080057,0.25
197291,CHN1998-03-146995,0.25
197313,CHN2014-30-102781,0.5
197313,RO2010-0011263,0.25
197313,CHN2012-03-510111,0.25
197313,B2008-6340442,0.5
197580,CHN2014-30-102781,0.5
197580,RO2010-0011263,0.25
197580,CHN2012-03-510111,0.25
197580,B2008-6340442,0.5
197612,CHN2016-03-0900792,0.5
197612,CHN2015-03-0886622,0.25
197612,B2008-6340454,0.125
197612,B2005-6338472,0.0625
197612,B97-6596425,0.03125
197612,NL2001-2198844,0.03125
197612,B1999-6438292,0.0625
197612,B1997-6390022,0.03125
197612,B1995-6246005,0.03125
197612,NL2007-1129402,0.125
197612,NL2002-2173592,0.0625
197612,NL2000-5063949,0.03125
197612,NL1998-5821416,0.03125
197612,NL1997-5700531,0.0625
197612,NL1996-1434375,0.03125
197612,NL1987-1055610,0.03125
197612,NL2010-1681855,0.25
197612,NL2008-1537203,0.125
197612,NL2007-1817852,0.0625
197612,NL2007-1817880,0.0625
197612,NL2009-1186402,0.125
197612,NL2004-2050252,0.125
197612,NL2001-1886550,0.0625
197612,NL2013-1239751,0.5
197612,NL2010-1682173,0.25
197612,NL2007-1817907,0.125
197612,NL2003-1103686,0.0625
197612,NL2004-2050373,0.125
197612,NL2007-1786839,0.25
197612,NL2005-1358883,0.125
197612,NL2003-1147135,0.125
197813,B02-6503242,0.5
198588,CHN07-15-115968,0.5
198588,CHN04-15-162988,0.25
198588,CHN02-15-286160,0.25
198588,CHN11-15-057527,0.5
198588,CHN07-15-115921,0.25
198588,NL98-1279297,0.125
198588,NL98-1279298,0.125
199184,CHN03-09-002015,0.5
199725,B11-6119152,0.5
199725,B08-6177699,0.25
199725,BE10-6163736,0.25
199725,B11-6119113,0.5
199725,B10-6031799,0.25
199725,B04-6307341,0.125
199725,B03-6150214,0.0625
199725,B03-6257098,0.0625
199725,B98-6335690,0.125
200007,CHN2004--000545,0.5
200007,CHN01-03-018810,0.25
200007,CHN2002-03-272303,0.5
200007,B86-6716815,0.25
200007,C93-0399731,0.25
200008,CHN2004--000545,0.5
200008,CHN01-03-018810,0.25
200008,JPN99-21375,0.5
200008,BELG87-6337147,0.25
201209,DV0941-00-1742,0.5
201525,CHN2005-15-199735,0.5
201535,NL96-2437152,0.5
201535,NL96-2437159,0.75
201537,CHN2003-15-088668,0.5
201539,DV0941-00-1742,0.5
201563,CHN2002-15-166116,0.5
201563,NL96-2437152,0.25
201563,NL96-2437159,0.375
201887,CHN08-32-900129,0.5
201887,B03-4031498,0.25
201887,B07-6258691,0.25
201887,CHN09-06-092588,0.5
201887,NL2001-5122357,0.25
201887,B07-6258645,0.25
202336,B11-1106878,0.5
202336,NL01-5163045,0.25
202336,NL99-1497535,0.125
202336,NL00-5065922,0.125
202452,B88-6717673,0.75
202452,GL93-3993,0.375
202452,B98-3200237,0.375
202452,CC2002-1043,0.5
202452,B88-6725723,0.25
202791,B08-6164399,0.5
202791,B00-6240105,0.25
202791,B99-6252346,0.125
202791,B99-6252356,0.125
202791,B99-6260005,0.25
202791,B93-6097246,0.125
202791,B94-6652880,0.125
202791,NL07-1780891,0.5
202791,NL05-5534883,0.25
202791,NL00-5054876,0.25
202855,DV01769-01-640,0.5
202855,DV07900-95-202,0.25
202855,DV01769-02-638,0.5
202855,DV01769-97-27,0.25
202855,DV09341-98-770,0.25
203013,B14-6298066,0.5
203013,B13-6308479,0.25
203013,B11-6333783,0.25
203013,B14-6298070,0.5
203013,B13-6310308,0.25
203013,B12-6321401,0.25
203029,NL08-2020900,0.5
203029,NL06-1097230,0.25
203067,NL15-1850040,0.5
203067,NL12-1005204,0.25
203067,NL07-2007621,0.25
203067,NL05-1936558,0.125
203067,B01-3266512,0.125
203067,NL14-1373376,0.5
203067,DV00825-07-928,0.25
203067,NL08-2021383,0.25
203067,NL07-5719772,0.125
203067,NL07-1180406,0.125
203118,B04-6468526,0.5
203118,B02-6091917,0.25
203118,B98-6590496,0.125
203118,B90-6277377,0.125
203118,B94-6214211,0.25
203118,B81-6463237,0.125
203118,B88-6318694,0.125
203118,B03-6266193,0.5
203118,B96-6307261,0.25
203118,B92-6074700,0.25
203122,B04-6468526,0.5
203122,B02-6091917,0.25
203122,B98-6590496,0.125
203122,B90-6277377,0.125
203122,B94-6214211,0.25
203122,B81-6463237,0.125
203122,B88-6318694,0.125
203122,B03-6266193,0.5
203122,B96-6307261,0.25
203122,B92-6074700,0.25
203160,B06-6405193,0.5
203160,B03-6032888,0.25
203160,B04-6470911,0.25
203160,DV01274-10-800,0.5
203160,DV01274-04-1241,0.25
203165,NL04-1395514,0.5
203165,NL94-5602014,0.25
203165,NL95-5501868,0.25
203165,DV07237-11-1601,0.5
203165,B00-6178820,0.25
203165,B08-6293405,0.25
203340,NL03-2324692,0.5
203340,NL02-5229545,0.5
203340,NL95-5559347,0.25
203340,NL90-2256086,0.25
203348,NL05-1246083,0.5
203348,NL04-1896031,0.25
203348,NL96-2091350,0.125
203348,NL01-1695110,0.125
203348,NL02-5229564,0.25
203348,NL95-5559347,0.125
203348,NL90-2256086,0.125
203348,NL08-2067809,0.5
203348,NL03-1727300,0.25
203348,NL05-4708743,0.25
203352,B99-6268840,0.5
203352,NL04-1896031,0.25
203352,NL96-2091350,0.125
203352,NL01-1695110,0.125
203352,NL02-5229564,0.25
203352,NL95-5559347,0.125
203352,NL90-2256086,0.125
203360,NL09-2095747,0.5
203360,NL05-1246083,0.25
203360,NL04-1896031,0.125
203360,NL96-2091350,0.0625
203360,NL01-1695110,0.0625
203360,NL02-5229564,0.125
203360,NL95-5559347,0.3125
203360,NL90-2256086,0.3125
203360,NL04-1560084,0.25
203360,NL02-5229545,0.5
203523,NL09-1683808,0.5
203523,NL07-1217871,0.25
203523,NL03-1743138,0.25
203523,B11-6330256,0.5
203523,B10-6271300,0.25
203523,B10-6224158,0.25
203529,B12-6323641,0.5
203529,B08-6316427,0.25
203529,B08-6316401,0.25
203534,NL12-1557329,0.5
203534,NL06-2110862,0.25
203534,NL12-1470381,0.5
203534,NL07-1652831,0.25
203549,B13-6043006,0.5
20362,B00-6474388,0.5
203795,CHN05-09-168898,0.5
203795,CHN06-09-309454,0.5
203798,NL05-1376044,0.5
203798,CHN2009-09-131039,0.5
203937,NL08-3821038,0.5
203937,NL03-1262093,0.25
203937,NL04-0430783,0.25
203937,NL09-3920729,0.5
203937,NL05-1521415,0.25
203937,NL08-3819951,0.25
204143,NL2003-1386948,0.5
204143,NL98-1512769,0.25
204143,BL97-5166166,0.125
204143,BL90-5226682,0.125
204143,CHN2010-29-228977,0.5
204311,CHN03-03-303796,0.5
204311,CHN03-03-333333,0.5
204675,B08-6372527,0.5
204675,B04-6278385,0.25
204675,B07-6077302,0.25
204675,B08-6316413,0.5
204676,B09-6222652,0.5
204676,B04-6277729,0.25
204676,B02-6106932,0.125
204676,B00-6243714,0.0625
204676,B00-6243597,0.0625
204676,B96-6600523,0.125
204676,B95-6427760,0.0625
204676,N92-6208105,0.0625
204676,B99-6143668,0.25
204676,B97-6569500,0.125
204676,B92-6673402,0.125
204677,B04-6276418,0.5
204678,B05-6448107,0.5
204678,B06-6267074,0.5
204678,B98-6594049,0.25
204678,B94-1621421,0.25
204923,B00-6156146,0.5
205472,NL09-1649333,0.5
205472,NL05-1912566,0.25
205472,NL07-1183619,0.25
205472,NL07-1183604,0.5
205472,NL04-1328708,0.25
205472,NL00-1136495,0.25
205483,NL13-1940940,0.5
205483,B11-6167136,0.25
205483,NL05-0530224,0.25
205483,NL14-1060080,0.5
205483,NL10-1688197,0.25
205524,B05-2142800,0.5
205524,B98-6084339,0.25
205524,B93-6057704,0.125
205524,B94-6081753,0.125
205524,B92-2198165,0.25
205524,B91-6437358,0.125
205524,B83-2350199,0.125
205524,B07-2090939,0.5
205524,B03-2242332,0.25
205524,B04-2202420,0.25
206791,CHN2002-15-166138,0.5
206791,NL96-2437152,0.5
206791,NL96-2437159,0.5
206791,CHN2003-15-049526,0.5
206829,B08-6245196,0.5
206834,B05-6221037,0.5
207051,CHN2011-10-449661,0.5
207051,CHN2005-01-593564,0.25
207051,CHN2008-03-333099,0.25
207051,CHN2008-10-616028,0.5
207051,CHN2007-12-116142,0.25
207051,CHN2004-12-034733,0.25
207074,CHN10-10-080690,0.5
207074,CHN2009-10-500943,0.5
207074,CHN2007-10-179908,0.25
207074,DV147-03-674,0.25
207075,CHN07-10-388717,0.5
207075,CHN98-10-262331,0.25
207075,CHN04-09-000839,0.25
207075,CHN2009-10-655034,0.5
207075,CHN06-01-319951,0.25
207075,CHN03-10-363799,0.25
207077,CHN2005-01-593564,0.5
207077,CHN2008-03-333099,0.5
207139,CHN2008-03-333043,0.5
207139,CHN2006-16-003726,0.5
207286,NL07-5705110,0.5
207286,NL08-1174850,0.5
207522,CHN2003-26-090030,0.5
207522,ML1994-1143018,0.25
207522,B1995-6230635,0.25
207522,DV1993-1439975,0.125
207522,CHN2006-26-190874,0.5
207522,CHN2005-26-000054,0.25
207522,D1995-6230635,0.25
207551,NL00-5065897,0.5
207551,NL01-5163065,0.25
207551,NL01-5163045,0.25
207551,NL99-1497535,0.125
207551,NL00-5065922,0.125
207551,NL08-1967454,0.5
207551,NL02-2173592,0.25
207551,NL07-1199569,0.25
207553,NL08-1159883,0.5
207553,NL02-1179942,0.25
207553,NL99-1178147,0.25
207553,NL06-1828547,0.5
207553,NL01-2416849,0.25
207682,B07-6168509,0.5
207682,B83-53240010,0.25
207682,B89-5340010,0.25
207682,B07-6168507,0.5
207682,B85-5096007,0.25
207682,B92-5040349,0.25
207690,CHN03-159038,0.5
207690,NL96-1008762,0.25
207690,NL97-125233813210,0.25
207705,NL96-2437152,0.5
207705,NL96-2437159,0.75
207707,NL96-2437152,0.5
207707,NL96-2437159,0.75
207728,NL96-2437152,0.5
207728,NL96-2437159,0.75
207735,CHN05-15-180337,0.5
207735,CHN03-15-088688,0.5
208071,B04-6458802,0.5
208420,DV02098-99-802,0.5
208443,CHN2011-10-449661,0.5
208443,CHN2005-01-593564,0.25
208443,CHN2008-03-333099,0.25
208443,CHN2008-10-616028,0.5
208443,CHN2007-12-116142,0.25
208443,CHN2004-12-034733,0.25
208701,B95-6246005,0.5
208701,B90-6652120,0.25
208701,B93-6621023,0.25
208778,B04-6293166,0.5
208778,B97-6592486,0.5
208778,B95-6274342,0.5
208778,B04-6293217,0.5
209118,B99-2036005,0.5
209118,B98-2061410,0.5
209118,B97-2076498,0.25
209118,NL96-2477441,0.25
209393,NL79-342670,0.5
209393,NL76-1837108,0.5
209393,NL01-1822826,0.25
209394,B07-1873253,0.5
209395,B06-3008234,0.5
209395,B02-3185273,0.25
209395,B02-4333308,0.25
209395,B07-3008349,0.5
209395,B01-3031030,0.25
209395,B02-3003538,0.25
209395,B96-4391939,0.125
209395,B94-3237043,0.125
209397,CHN10-10-080690,0.5
209397,CHN2009-10-500943,0.5
209397,CHN2007-10-179908,0.25
209397,DV147-03-674,0.25
209780,BE06-6413727,0.5
209780,BE03-6460062,0.5
209780,BE00-6301617,0.25
209780,BE94-6366891,0.25
209788,BE08-6559130,0.5
209788,BE02-6354241,0.25
209788,BE94-6366938,0.125
209788,BE07-6229144,0.5
209788,BE03-6460062,0.25
209788,BE00-6301617,0.125
209788,BE94-6366891,0.125
209801,CHN07-10-388717,0.5
209801,CHN98-10-262331,0.25
209801,CHN04-09-000839,0.25
209801,CHN2009-10-655034,0.5
209801,CHN06-01-319951,0.25
209801,CHN03-10-363799,0.25
210312,BE08-6374778,0.5
210312,BE03-6483323,0.25
210312,BE05-6052018,0.5
210548,NL79-342670,0.5
210548,NL76-1837108,0.5
210548,NL01-1822826,0.25
210624,DV3095-13-135,0.5
210624,NL03-4129151,0.25
210624,DV51-11-998,0.25
210624,DV03095-12-260,0.5
210624,DV9984-09-9176,0.25
210624,DV4079-10-1934,0.25
210632,B07-6368703,0.5
210940,BE09-6358795,0.5
210940,BE10-6031772,0.5
210940,BELG2003-6257240,0.25
210967,NL79-342670,0.5
210967,NL76-1837108,0.5
210967,NL01-1822826,0.25
211016,NL2009-1403349,0.5
211016,B95-3336674,0.25
211016,B92-3138672,0.125
211016,B89-3160827,0.125
211016,B92-3138647,0.25
211016,B87-3089349,0.125
211016,B88-3307763,0.125
211016,CHN2013-29-004445,0.5
211016,CHN2010-29-050554,0.25
211016,CHN2010-29-050552,0.125
211016,CHN2010-29-228977,0.125
211272,B05-2143139,0.5
211272,B03-2191226,0.25
211272,B92-2198165,0.25
211272,B91-6437358,0.125
211272,B83-2350199,0.125
212168,NL11-1050302,0.5
212168,B03-6086336,0.25
212168,B05-6451194,0.25
212168,NL12-1923328,0.5
212168,B07-6363026,0.25
212168,B05-5024279,0.25
212168,B02-6268081,0.125
212168,B00-2168778,0.0625
212168,B01-6213118,0.0625
212168,B02-6268029,0.125
212168,B97-6499247,0.0625
212181,NL79-342670,0.5
212181,NL76-1837108,0.5
212181,NL01-1822826,0.25
212238,BE07-4027809,0.5
212238,BE06-4361304,0.5
213216,B02-6509064,0.5
213216,B98-6594049,0.25
213216,B94-6214211,0.25
213216,B81-6463237,0.125
213216,B88-6318694,0.125
213216,B99-6143668,0.5
213216,B97-6569500,0.25
213216,B92-6673402,0.25
213527,BE09-5026800,0.5
213527,BE97-6499255,0.25
213527,BE08-5040331,0.25
213527,BE09-5026965,0.5
213527,BE07-5195006,0.25
213527,BE07-5035394,0.25
213979,CHN2005-15-199735,0.5
214179,CHN2006-32-399179,0.5
214184,CHN2002-15-166138,0.5
214184,NL96-2437152,0.5
214184,NL96-2437159,0.5
214184,CHN2003-15-049526,0.5
214187,CHN2002-166138,0.5
214187,NL96-2437152,0.25
214187,NL96-2437159,0.375
214189,NL99-9959182,0.5
214189,NL00-0064676,0.5
214271,CHN2007-10-179908,0.5
214271,DV147-03-674,0.5
214415,C04-299775,0.5
214415,B87-6337115,0.25
214415,B93-6440306,0.25
214415,CC2002-1097,0.5
214415,B82-5000628,0.25
214415,NL82-1325105,0.25
214448,B88-6717673,0.75
214448,GL93-3993,0.375
214448,B98-3200237,0.375
214448,CC2002-1043,0.5
214448,B88-6725723,0.25
214468,B88-6717673,0.5
214468,GL93-3993,0.25
214468,B98-3200237,0.25
214892,NL79-342670,0.5
214892,NL76-1837108,0.5
214892,NL01-1822826,0.25
214909,NL08-1226020,0.5
214909,NL04-1226133,0.5
215293,B93-2053827,0.5
215293,B91-6376055,0.5
215416,NL04-2211129,0.5
215416,NL97-9780881,0.25
215416,NL97-1729993,0.25
215416,NL89-5925374,0.125
215416,NL94-1573603,0.125
215416,NL04-2211188,0.5
215416,NL03-0349315,0.25
215416,NL00-0052411,0.25
215418,NL04-2211129,0.5
215418,NL97-9780881,0.25
215418,NL97-1729993,0.25
215418,NL89-5925374,0.125
215418,NL94-1573603,0.125
215418,NL04-2211188,0.5
215418,NL03-0349315,0.25
215418,NL00-0052411,0.25
215419,NL04-1484243,0.5
215419,NL96-2604660,0.25
215419,NL93-2153128,0.125
215419,NL91-1633955,0.125
215419,NL02-1826753,0.25
215419,NL97-9782596,0.125
215419,NL96-9618799,0.125
215419,NL05-2029943,0.5
215419,NL04-1706348,0.25
215419,NL02-1027650,0.25
215420,NL06-5611330,0.5
215420,NL04-1704945,0.25
215420,NL02-1266200,0.25
215420,NL06-1160994,0.5
215420,NL01-2055992,0.25
215420,NL98-5812162,0.25
215421,NL00-2178226,0.5
215421,NL99-9966242,0.25
215421,NL96-9618807,0.25
215425,NL96-2604660,0.5
215425,NL93-2153128,0.25
215425,NL91-1633955,0.25
215425,NL02-1826753,0.5
215425,NL97-9782596,0.25
215425,NL96-9618799,0.25
215431,NL99-4436639,0.5
215431,NL96-2605492,0.25
215431,NL96-5663396,0.25
215431,NL00-1537267,0.5
215431,NL95-2642442,0.25
215431,NL94-1322489,0.25
215434,B10-2141283,0.5
215434,B08-4347450,0.25
215434,B10-5182707,0.5
215434,B10-5020450,0.25
215434,B08-5165460,0.25
215437,NL96-2604660,0.5
215437,NL93-2153128,0.25
215437,NL91-1633955,0.25
215437,NL02-1826753,0.5
215437,NL97-9782596,0.25
215437,NL96-9618799,0.25
215438,NL09-1331885,0.5
215438,NL04-0442747,0.25
215438,NL05-05344554,0.25
215438,NL03-0349333,0.5
215438,NL98-9848172,0.25
215438,NL00-0052445,0.25
215441,NL1997-9747422,0.5
215441,NL87-8791846,0.25
215441,NL87-8791870,0.25
215583,NL04-2147064,0.5
215583,NL98-1326845,0.25
215583,NL93-5383224,0.5
215583,NL97-1716278,0.5
215583,NL92-5212284,0.25
215735,B05-3185140,0.5
215735,B03-6129799,0.5
216053,B88-6717673,0.75
216053,GL93-3993,0.375
216053,B98-3200237,0.375
216053,CC2002-1043,0.5
216053,B88-6725723,0.25
216064,B88-6717673,0.75
216064,GL93-3993,0.375
216064,B98-3200237,0.375
216064,CC2002-1043,0.5
216064,B88-6725723,0.25
216096,CHN03-10-313591,0.5
216096,CHN2000-10-460437,0.25
216096,CHN2000-10-318331,0.25
216451,GFL633-2004,0.5
216451,NL0177721-01,0.25
216451,NL2310369-91,0.5
216451,GFL404-2003,0.5
216451,NL1414085-85,0.25
216469,B02-6270286,0.5
216469,B97-4483920,0.25
216469,B97-6548709,0.25
216771,B04-6293165,0.5
216771,B02-6478464,0.25
216771,B95-6274320,0.25
216771,B04-6293217,0.5
216771,B97-6592486,0.25
216771,B95-6274342,0.25
216773,B04-6293165,0.5
216773,B02-6478464,0.5
216773,B95-6274320,0.5
216773,B2004-6293222,0.5
217239,CHN02-03-063009,0.5
217239,CHN02-03-063003,0.5
217249,NL79-342670,0.5
217249,NL76-1837108,0.5
217249,NL01-1822826,0.25
217834,B06-1974998,0.5
217834,B05-6453311,0.25
217834,B98-6523289,0.125
217834,B95-6246005,0.125
217834,B90-6652120,0.0625
217834,B93-6621023,0.0625
217834,B94-3237168,0.25
217834,B07-3008326,0.5
217834,B04-3001796,0.25
217834,B99-3199708,0.25
217834,B95-3211364,0.125
217834,B91-3204047,0.125
217849,B07-3008442,0.5
217849,B99-3285097,0.25
217849,B00-3001593,0.25
217849,B03-3003524,0.5
217849,B95-3211364,0.25
217849,B98-3158062,0.25
217868,B07-510704,0.5
217868,B02-681972,0.25
217868,B00-9103534,0.25
217868,B05-3006501,0.5
217868,B04-3001535,0.25
217868,B98-3158062,0.25
218652,B98-6312911,0.5
218652,B92-6308540,0.25
218652,B97-6217464,0.25
218652,B86-6271103,0.5
218652,B82-6380170,0.25
218905,B01-6455003,0.5
218905,B95-6302321,0.25
218905,B98-6160968,0.25
219069,NL05-1936624,0.5
219069,B96-6286060,0.25
219069,NL03-2324278,0.25
219148,BE07-5042754,0.5
219148,BE10-5114010,0.5
219849,B09-6248277,0.5
219849,B08-6174628,0.25
219849,B06-6270152,0.25
219849,B09-6248546,0.5
219849,B01-6387350,0.25
219849,B98-6350130,0.125
219849,B99-6448053,0.125
219852,B10-6052443,0.5
219852,B06-6411619,0.25
219852,B02-00825433,0.125
219852,B01-6387350,0.125
219852,B98-6350130,0.0625
219852,B99-6448053,0.0625
219852,B01-6387174,0.25
219852,B97-6597293,0.125
219852,B00-6249328,0.125
221121,B06-5150005,0.5
222210,NL08-1760960,0.5
222210,NL03-1387087,0.25
222210,NL04-1069173,0.25
22257,B84-6160994,0.5
22257,B84-6685755,0.5
222802,NL79-342670,0.5
222802,NL76-1837108,0.5
222802,NL01-1822826,0.25
22301,B00-4423432,0.5
22301,B98-6339887,0.5
223423,NL97-2253100,0.5
223423,B96-6286060,0.375
223423,NL92-5310320,0.25
223423,NL98-5821470,0.5
223423,NL97-2252940,0.25
223423,NL96-8022870,0.125
223423,NL92-53103641995,0.125
223423,NL97-2253103,0.25
223423,NL88-2763998,0.125
223556,BE10-6346673,0.5
223556,B06-6270117,0.25
223556,B08-6174630,0.25
223556,B05-6116293,0.125
223556,B03-6277483,0.125
223556,B00-61759805,0.0625
223556,B00-6175870,0.0625
223556,BE09-6249988,0.5
223841,B10-6155000,0.5
223841,B01-6080717,0.25
223876,NL03-1130820106,0.5
223876,NL00-1977888,0.25
223876,NL96-9694027,0.25
223876,NL03-113828207,0.5
223876,NL01-1888847,0.25
223977,NL03-230307007,0.5
223977,NL97-1526227,0.25
223977,NL97-152667,0.25
223977,NL03-113822406,0.5
223977,NL96-9694027,0.25
223989,NL04-205293408,0.5
223989,NL03-1302805,0.25
223989,NL01-1888832,0.25
223989,NL04-2052787,0.5
223989,NL99-1378768,0.25
223990,NL03-230307007,0.5
223990,NL97-1526227,0.25
223990,NL97-152667,0.25
223990,NL03-113822406,0.5
223990,NL96-9694027,0.25
224012,NL04-205293408,0.5
224012,NL03-1302805,0.25
224012,NL01-1888832,0.25
224012,NL04-2052787,0.5
224012,NL99-1378768,0.25
224026,NL04-205304906,0.5
224026,NL02-1638113,0.25
224026,NL02-1638126,0.25
224026,NL04-205298906,0.5
224026,NL93-2700132,0.25
224043,B08-6372577,0.5
224043,B01-6455003,0.25
224043,B95-6302321,0.125
224043,B98-6160968,0.125
224043,B06-6148300,0.5
224043,B00-6141430,0.25
224043,B00-6549276,0.25
225059,CHN02-15-090390,0.5
22610,BE02-6121679,0.5
226153,NL98-5812191,0.5
227646,BELG2009-6356739,0.5
227646,BELG2006-6410696,0.5
227646,BELG2003-6192606,0.25
227646,BELG2003-6032896,0.25
228030,B09-6076642,0.5
228144,B95-6274425,0.5
228144,B93-6440326,0.25
228144,B92-6162744,0.25
228187,CHN02-15-090410,0.5
228187,B97-432179998,0.25
228187,B98-421012398,0.25
228188,CHN02-15-090410,0.5
228188,B97-432179998,0.25
228188,B98-421012398,0.25
228664,B04-6293165,0.5
228664,B02-6478464,0.25
228664,B95-6274320,0.25
228664,B04-6293217,0.5
228664,B97-6592486,0.25
228664,B95-6274342,0.25
229155,B06-6201022,0.5
229155,B03-6355571,0.25
229155,B01-6153949,0.25
229155,B05-6381242,0.5
229155,B99-6256549,0.25
229162,B06-6201022,0.5
229162,B03-6355571,0.25
229162,B01-6153949,0.25
229162,B05-6381242,0.5
229162,B99-6256549,0.25
229167,B05-6381286,0.5
229167,B03-6355923,0.25
229167,B04-120994,0.25
229183,B05-6381341,0.5
229183,B01-6153949,0.25
229613,B04-6231751,0.5
229613,B00-6272081,0.25
229613,B03-2191191,0.25
229637,B06-4042817,0.5
229637,B03-4378639,0.25
229637,B02-4206909,0.25
229637,B05-4313689,0.5
229637,B00-4480783,0.25
230364,DV03145-11-61,0.5
230364,DV02098-07-216,0.25
230364,DV02098-02-525,0.25
230364,DV02098-95-12,0.25
230364,DV03145-10-16,0.5
230364,DV02098-03-1105,0.25
230364,DV02098-93-665,0.125
230796,HK2005-222419,0.5
231600,B05-3206901,0.5
231600,B01-3001627,0.25
231600,B02-3003096,0.25
231600,B08-3194413,0.5
231600,B01-3191970,0.25
231600,B99-3001481,0.125
231600,B00-3193872,0.125
231600,B96-3113234,0.25
231600,B94-3316697,0.125
231600,B95-3064628,0.125
231601,B05-3206901,0.5
231601,B01-3001627,0.25
231601,B02-3003096,0.25
231601,B08-3194413,0.5
231601,B01-3191970,0.25
231601,B99-3001481,0.125
231601,B00-3193872,0.125
231601,B96-3113234,0.25
231601,B94-3316697,0.125
231601,B95-3064628,0.125
231603,B01-3191970,0.5
231603,B99-3001481,0.25
231603,B00-3193872,0.25
231603,B96-3113234,0.5
231603,B94-3316697,0.25
231603,B95-3064628,0.25
231630,B08-4349387,0.5
231630,B05-4408025,0.25
231630,B03-4162060,0.25
231630,B09-4133452,0.5
231630,B02-4264199,0.25
231630,B07-4053250,0.25
232298,CHN07-15-115921,0.5
232298,NL98-1279297,0.25
232298,NL98-1279298,0.25
232298,CHN07-15-115969,0.5
232298,NL96-2293298,0.25
232298,NL98-1279335,0.25
232301,DV04715-04-688,0.5
232301,DV09605-01-598,0.25
232301,DV02887-01-2998,0.25
232301,DV04715-04-897,0.5
232301,DV00645-02-1069,0.25
232301,DV00645-97-323,0.25
232991,CHN02-15-090390,0.5
233177,B99-6143668,0.5
233177,B97-6569500,0.25
233177,B92-6673402,0.25
233259,B09-3040149,0.5
233259,B08-3037512,0.25
233259,B06-2158233,0.25
233259,B10-3047217,0.5
233259,B04-3230881,0.25
233259,B02-3255937,0.25
233901,B2000-4317176,0.5
233901,B1997-4182143,0.25
233901,B1993-4449137,0.25
233902,B03-6437325,0.5
233902,B97-6101027,0.25
233902,B02-6051777,0.25
233902,B00-6032231,0.5
233902,B94-6093575,0.25
233902,B90-6331119,0.25
236138,CHN08-01-125201,0.5
236138,NL05-1625467,0.25
236138,NL00-0092192,0.125
236138,NL94-1812938,0.125
236138,BE06-6212508,0.25
236138,BE05-6170855,0.125
236138,BE03-6095358,0.125
236138,CHN11-01-1000254,0.5
236138,NL02-0271866,0.25
236138,NL97-9779802,0.125
236138,NL94-9410369,0.1875
236138,NL07-1936831,0.25
236138,NL02-0271840,0.125
236138,NL00-0077729,0.0625
236138,NL93-1125375,0.09375
236138,NL03-0375941,0.125
236138,NL02-0271883,0.0625
236138,NL99-9964496,0.03125
236522,BE05-4344619,0.5
236522,BE00-3256861,0.25
236522,BE00-3127222,0.25
236522,BE06-4288140,0.5
236522,BE03-4364134,0.25
236702,NL10-1457321,0.5
236702,NL07-5710138,0.25
236702,B03-3003455,0.25
236702,NL06-1974733,0.5
236702,B05-6453312,0.25
236702,NL95-1596968,0.25
23688,NL79-342670,0.5
23688,NL76-1837108,0.5
23688,NL01-1822826,0.25
23689,NL79-342670,0.5
23689,NL76-1837108,0.5
23689,NL01-1822826,0.25
237140,CHN07-09-0021112,0.5
237140,CHN04-09-007137,0.25
237140,CH02-10-695514,0.25
237140,CHN04-09-007132,0.5
237140,B96-3096031,0.25
237934,NL2006-4720774,0.5
237934,NL2000-5063949,0.25
237934,NL2004-5430805,0.25
237934,NL2007-1817846,0.5
237934,NL2004-2050252,0.25
237934,NL2000-1975952,0.25
237936,NL2007-1129401,0.5
237936,NL2002-2173592,0.25
237936,NL2000-5063949,0.125
237936,NL1998-5821416,0.125
237936,NL1997-5700531,0.25
237936,NL1996-1434375,0.125
237936,NL1987-1055610,0.125
237936,NL2007-1129412,0.5
237936,B2004-6177627,0.25
238195,NL2008-2020821,0.5
238195,NL2000-1122178,0.25
238195,NL2004-5435151,0.25
238195,NL2002-5255446,0.5
238195,NL1997-5700643,0.25
238195,NL1999-1585526,0.25
238436,CHN2016-03-0900632,0.5
238436,CHN2011-32-912065,0.25
238436,CHN2007-03-529866,0.125
238436,B2002-6506934,0.125
238436,NL2004-1114742,0.0625
238436,B2008-4270255,0.125
238436,B2007-4235685,0.0625
238436,B2004-4035026,0.0625
238436,CHN2010-32-962998,0.25
238436,CHN2004-03-335303,0.125
238436,CHN1999-01-012013,0.0625
238436,NL2001-0182248,0.0625
238436,CHN2008-177484,0.125
238436,NL2002-5200927,0.09375
238436,NL2003-5308529,0.0625
238436,NL2002-1012476,0.03125
238436,CHN2016-03-0900666,0.5
238436,CHN2010-01-810707,0.25
238436,B2008-6340454,0.125
238436,B2005-6338472,0.0625
238436,B97-6596425,0.03125
238436,NL2001-2198844,0.03125
238436,B1999-6438292,0.0625
238436,B1997-6390022,0.03125
238436,B1995-6246005,0.03125
238436,NL2007-1129402,0.125
238436,NL2002-2173592,0.0625
238436,NL2000-5063949,0.03125
238436,NL1998-5821416,0.03125
238436,NL1997-5700531,0.0625
238436,NL1996-1434375,0.03125
238436,NL1987-1055610,0.03125
238436,CHN2008-03-632843,0.25
238436,CHN2007-03-528937,0.125
238436,B2000-2152014,0.0625
238436,CHN2007-03-528963,0.125
238436,CHN2006-03-102079,0.0625
238436,CHN2005-01-356357,0.0625
238440,CHN2016-03-0900792,0.5
238440,CHN2015-03-0886622,0.25
238440,B2008-6340454,0.125
238440,B2005-6338472,0.0625
238440,B97-6596425,0.03125
238440,NL2001-2198844,0.03125
238440,B1999-6438292,0.0625
238440,B1997-6390022,0.03125
238440,B1995-6246005,0.03125
238440,NL2007-1129402,0.125
238440,NL2002-2173592,0.0625
238440,NL2000-5063949,0.03125
238440,NL1998-5821416,0.03125
238440,NL1997-5700531,0.0625
238440,NL1996-1434375,0.03125
238440,NL1987-1055610,0.03125
238440,NL2010-1681855,0.25
238440,NL2008-1537203,0.125
238440,NL2007-1817852,0.0625
238440,NL2007-1817880,0.0625
238440,NL2009-1186402,0.125
238440,NL2004-2050252,0.125
238440,NL2001-1886550,0.0625
238440,NL2013-1239751,0.5
238440,NL2010-1682173,0.25
238440,NL2007-1817907,0.125
238440,NL2003-1103686,0.0625
238440,NL2004-2050373,0.125
238440,NL2007-1786839,0.25
238440,NL2005-1358883,0.125
238440,NL2003-1147135,0.125
238444,BE11-5170084,0.5
238444,BE07-5195006,0.25
238444,BE05-5123179,0.25
238444,BE11-5170096,0.5
238444,BE09-5026772,0.25
238444,BE08-5000573,0.25
238451,CHN2016-03-0900792,0.5
238451,CHN2015-03-0886622,0.25
238451,B2008-6340454,0.125
238451,B2005-6338472,0.0625
238451,B97-6596425,0.03125
238451,NL2001-2198844,0.03125
238451,B1999-6438292,0.0625
238451,B1997-6390022,0.03125
238451,B1995-6246005,0.03125
238451,NL2007-1129402,0.125
238451,NL2002-2173592,0.0625
238451,NL2000-5063949,0.03125
238451,NL1998-5821416,0.03125
238451,NL1997-5700531,0.0625
238451,NL1996-1434375,0.03125
238451,NL1987-1055610,0.03125
238451,NL2010-1681855,0.25
238451,NL2008-1537203,0.125
238451,NL2007-1817852,0.0625
238451,NL2007-1817880,0.0625
238451,NL2009-1186402,0.125
238451,NL2004-2050252,0.0625
238451,NL2001-1886550,0.0625
238451,NL2013-1239735,0.5
238451,NL2007-1817923,0.25
238451,NL2011-1741053,0.25
238645,NL2011-1737011,0.5
238645,NL2006-4720774,0.25
238645,NL2000-5063949,0.125
238645,NL2004-5430805,0.125
238645,NL2007-1817846,0.25
238645,NL2004-2050252,0.125
238645,NL2000-1975952,0.375
238645,NL2008-1537218,0.5
238645,NL2006-1327267,0.25
238830,B08-4117604,0.5
238872,NL2009-1186403,0.5
238872,NL2004-2050252,0.25
238872,NL2010-1682105,0.5
238872,NL2006-4720774,0.25
238872,NL2000-5063949,0.125
238872,NL2004-5430805,0.125
238872,NL2003-1103686,0.25
238880,NL2008-1537203,0.5
238880,NL2007-1817852,0.25
238880,NL2007-1817880,0.25
238947,B2008-6340454,0.5
238947,B2005-6338472,0.25
238947,B97-6596425,0.125
238947,NL2001-2198844,0.125
238947,B1999-6438292,0.25
238947,B1997-6390022,0.125
238947,B1995-6246005,0.125
238947,B2008-6340442,0.5
238948,NL2002-1635104,0.5
238948,NL1999-2360259,0.25
238948,NL2001-1886777,0.25
238948,NL2009-1186313,0.5
238948,NL2007-1817907,0.25
238948,NL2004-2050252,0.125
238948,NL2003-1103686,0.125
238948,NL2008-1537236,0.25
238948,NL2002-1635264,0.125
238948,NL2001-1886517,0.125
238949,NL2008-2049116,0.5
238949,NL2000-5063909,0.25
238949,NL2007-1207628,0.25
238949,NL2010-1682373,0.5
238949,NL2009-1186309,0.25
238949,NL2003-1135475,0.25
238949,NL2002-1635264,0.125
238949,NL1995-1941948,0.125
238951,CHN2004-02-130728,0.5
238951,B1999-6265238,0.25
238951,B1996-6376193,0.25
238951,CHN2004-02-070783,0.5
238951,B2001-6366746,0.25
238951,B1995-6639248,0.25
238952,NL2002-1635214,0.5
238952,NL1998-1215892,0.25
238952,NL2001-1886800,0.25
238952,NL2003-5308529,0.5
238952,NL2002-5200927,0.25
238952,NL2002-1012476,0.25
238953,NL2010-1682333,0.5
238953,NL2008-2049005,0.25
238953,NL1998-5821450,0.125
238953,NL2004-5430805,0.125
238953,NL2004-2050343,0.25
238996,NL2010-1682173,0.5
238996,NL2007-1817907,0.25
238996,NL2004-2050252,0.125
238996,NL2003-1103686,0.125
238996,NL2004-2050373,0.25
238996,NL2007-1786839,0.5
238996,NL2005-1358883,0.25
238996,NL2003-1147135,0.25
238997,NL2010-1682318,0.5
238997,NL2009-1186437,0.25
238997,NL2007-1817879,0.25
238997,NL2011-1736818,0.5
238997,NL2006-1091312,0.25
238997,NL2007-1817891,0.25
238998,CHN2009-03-1034163,0.5
238998,CHN2006-01-600506,0.25
238998,CHN2006-01-600308,0.25
238998,CHN2015-03-0886687,0.5
238998,NL2009-1186007,0.25
238998,NL2007-1817993,0.125
238998,NL2006-4720774,0.0625
238998,NL2000-5063949,0.03125
238998,NL2004-5430805,0.03125
238998,NL2000-1975952,0.0625
238998,NL2007-6229191,0.125
238998,NL2010-1681855,0.25
238998,NL2008-1537203,0.125
238998,NL2007-1817852,0.0625
238998,NL2007-1817880,0.0625
238998,NL2009-1186402,0.125
238998,NL2004-2050252,0.0625
238998,NL2001-1886550,0.0625
239000,CHN2015-03-0886917,0.5
239000,NL2007-1817968,0.25
239000,NL2010-1681825,0.25
239000,B2008-6340442,0.5
239013,NL2002-1635264,0.5
239013,NL1998-1215870,0.5
239013,NL1993-2733044,0.25
239013,NL1995-1941948,0.25
239015,CHN2015-03-0886640,0.5
239015,CHN2009-01-220179,0.25
239015,NL2002-1635214,0.125
239015,NL1998-1215892,0.0625
239015,NL2001-1886800,0.0625
239015,NL2003-5308529,0.125
239015,NL2002-5200927,0.0625
239015,NL2002-1012476,0.0625
239015,B2008-6340442,0.5
239043,NL2008-2049005,0.5
239043,NL1998-5821450,0.25
239043,NL2004-5430805,0.25
239043,NL2007-1817999,0.5
239043,NL1993-2733044,0.375
239043,NL1998-1215870,0.25
239043,NL1995-1941948,0.125
239062,CHN2004-02-130728,0.5
239062,B1999-6265238,0.25
239062,B1996-6376193,0.25
239062,CHN2004-02-070783,0.5
239062,B2001-6366746,0.25
239062,B1995-6639248,0.25
239081,AU2008-2897,0.5
239081,NL2012-5200201,0.5
239081,NL2008-2020821,0.25
239081,NL2000-1122178,0.125
239081,NL2004-5435151,0.125
239081,NL2002-5255446,0.25
239081,NL1997-5700643,0.125
239081,NL1999-1585526,0.125
239156,CHN2017-03-0077060,0.5
239156,CHN2016-03-0900833,0.25
239156,NL2010-1681876,0.125
239156,NL2009-1186097,0.0625
239156,NL2006-4720774,0.03125
239156,NL2000-5063949,0.03125
239156,NL2004-5430805,0.015625
239156,NL2000-1975952,0.03125
239156,NL2003-1135371,0.0625
239156,NL1996-2279515,0.03125
239156,NL2001-1886591,0.03125
239156,CHN2015-03-0887777,0.125
239156,NL2007-1129401,0.0625
239156,NL2002-2173592,0.03125
239156,NL1998-5821416,0.015625
239156,NL1997-5700531,0.03125
239156,NL1996-1434375,0.015625
239156,NL1987-1055610,0.015625
239156,B2008-6340442,0.0625
239156,NL2010-1681805,0.25
239156,NL2007-1817928,0.125
239156,NL2003-1135415,0.0625
239156,NL2004-2050343,0.0625
239156,NL2004-2050221,0.125
239156,NL2001-1886692,0.0625
239156,NL1993-2696113,0.0625
239156,NL2013-1239744,0.5
239156,NL2008-2049116,0.25
239156,NL2000-5063909,0.125
239156,NL2007-1207628,0.125
239156,NL2010-1682373,0.25
239156,NL2009-1186309,0.125
239156,NL2003-1135475,0.125
239156,NL2002-1635264,0.0625
239156,NL1995-1941948,0.0625
239172,NL2011-1741071,0.5
239172,NL2006-4720774,0.25
239172,NL2000-5063949,0.125
239172,NL2004-5430805,0.125
239172,NL2000-1975952,0.25
239172,NL2009-1186313,0.5
239172,NL2007-1817907,0.25
239172,NL2004-2050252,0.125
239172,NL2003-1103686,0.125
239172,NL2008-1537236,0.25
239172,NL2002-1635264,0.125
239172,NL2001-1886517,0.125
239239,CHN2016-03-0900792,0.5
239239,CHN2015-03-0886622,0.25
239239,B2008-6340454,0.125
239239,B2005-6338472,0.0625
239239,B97-6596425,0.03125
239239,NL2001-2198844,0.03125
239239,B1999-6438292,0.0625
239239,B1997-6390022,0.03125
239239,B1995-6246005,0.03125
239239,NL2007-1129402,0.125
239239,NL2002-2173592,0.0625
239239,NL2000-5063949,0.03125
239239,NL1998-5821416,0.03125
239239,NL1997-5700531,0.0625
239239,NL1996-1434375,0.03125
239239,NL1987-1055610,0.03125
239239,NL2010-1681855,0.25
239239,NL2008-1537203,0.125
239239,NL2007-1817852,0.0625
239239,NL2007-1817880,0.0625
239239,NL2009-1186402,0.125
239239,NL2004-2050252,0.125
239239,NL2001-1886550,0.0625
239239,NL2013-1239751,0.5
239239,NL2010-1682173,0.25
239239,NL2007-1817907,0.125
239239,NL2003-1103686,0.0625
239239,NL2004-2050373,0.125
239239,NL2007-1786839,0.25
239239,NL2005-1358883,0.125
239239,NL2003-1147135,0.125
239248,NL2010-1681846,0.5
239248,NL2008-1537225,0.25
239248,NL2001-1886692,0.1875
239248,NL2002-1635193,0.125
239248,NL1993-2696113,0.0625
239248,NL2005-1441789,0.25
239248,NL1999-2411769,0.125
239248,NL1999-2411761,0.125
239248,CHN2015-03-0886687,0.5
239248,NL2009-1186007,0.25
239248,NL2007-1817993,0.125
239248,NL2006-4720774,0.0625
239248,NL2000-5063949,0.03125
239248,NL2004-5430805,0.03125
239248,NL2000-1975952,0.0625
239248,NL2007-6229191,0.125
239248,NL2010-1681855,0.25
239248,NL2008-1537203,0.125
239248,NL2007-1817852,0.0625
239248,NL2007-1817880,0.0625
239248,NL2009-1186402,0.125
239248,NL2004-2050252,0.0625
239248,NL2001-1886550,0.0625
239254,NL2008-1537315,0.5
239254,NL2006-4720774,0.25
239254,NL2000-5063949,0.125
239254,NL2004-5430805,0.125
239254,NL2003-1135475,0.375
239254,NL2002-1635264,0.1875
239254,NL1995-1941948,0.1875
239254,NL2013-1239744,0.5
239254,NL2008-2049116,0.25
239254,NL2000-5063909,0.125
239254,NL2007-1207628,0.125
239254,NL2010-1682373,0.25
239254,NL2009-1186309,0.125
239265,NL2011-1737011,0.5
239265,NL2006-4720774,0.25
239265,NL2000-5063949,0.125
239265,NL2004-5430805,0.125
239265,NL2007-1817846,0.25
239265,NL2004-2050252,0.125
239265,NL2000-1975952,0.125
239265,B2008-6340442,0.5
239328,AU2008-2897,0.5
239328,NL2012-5200201,0.5
239328,NL2008-2020821,0.25
239328,NL2000-1122178,0.125
239328,NL2004-5435151,0.125
239328,NL2002-5255446,0.25
239328,NL1997-5700643,0.125
239328,NL1999-1585526,0.125
239554,CHN2009-01-220179,0.5
239554,NL2002-1635214,0.25
239554,NL1998-1215892,0.125
239554,NL2001-1886800,0.125
239554,NL2003-5308529,0.25
239554,NL2002-5200927,0.125
239554,NL2002-1012476,0.125
239554,CHN2010-01-004466,0.5
239579,CHN2016-03-0900833,0.5
239579,NL2010-1681876,0.25
239579,NL2009-1186097,0.125
239579,NL2006-4720774,0.0625
239579,NL2000-5063949,0.0625
239579,NL2004-5430805,0.03125
239579,NL2000-1975952,0.0625
239579,NL2003-1135371,0.125
239579,NL1996-2279515,0.0625
239579,NL2001-1886591,0.0625
239579,CHN2015-03-0887777,0.25
239579,NL2007-1129401,0.125
239579,NL2002-2173592,0.0625
239579,NL1998-5821416,0.03125
239579,NL1997-5700531,0.0625
239579,NL1996-1434375,0.03125
239579,NL1987-1055610,0.03125
239579,B2008-6340442,0.125
239579,NL2010-1681805,0.5
239579,NL2007-1817928,0.25
239579,NL2003-1135415,0.125
239579,NL2004-2050343,0.125
239579,NL2004-2050221,0.25
239579,NL2001-1886692,0.125
239579,NL1993-2696113,0.125
239607,NL2009-1186007,0.5
239607,NL2007-1817993,0.25
239607,NL2006-4720774,0.125
239607,NL2000-5063949,0.0625
239607,NL2004-5430805,0.0625
239607,NL2000-1975952,0.125
239607,NL2007-6229191,0.25
239607,NL2010-1681855,0.5
239607,NL2008-1537203,0.25
239607,NL2007-1817852,0.125
239607,NL2007-1817880,0.125
239607,NL2009-1186402,0.25
239607,NL2004-2050252,0.125
239607,NL2001-1886550,0.125
239746,B98-6210293,0.5
239746,B92-6074579,0.25
239746,B92-6074426,0.25
239746,B99-6143595,0.5
239746,B96-3121904,0.375
239746,B98-6210287,0.25
239746,B90-6277397,0.125
240546,NL08-1760978,0.5
240546,B01-3076095,0.25
240546,NL02-1897972,0.25
240546,NL08-1760982,0.5
240546,B04-3099144,0.25
240546,NL07-2036923,0.25
240552,NL2006-2179585,0.5
240552,B02-6504135,0.25
240552,NL98-1512769,0.25
240552,BL97-5166166,0.125
240552,BL90-5226682,0.125
240552,NL2008-1760980,0.5
240552,NL2007-2036789,0.25
240554,NL2006-2179585,0.5
240554,B02-6504135,0.25
240554,NL98-1512769,0.25
240554,BL97-5166166,0.125
240554,BL90-5226682,0.125
240554,NL2008-1760980,0.5
240554,NL2007-2036789,0.25
241134,DV09615-96-561,0.5
241134,DV07900-95-202,0.5
241136,DV09615-96-561,0.5
241136,DV07900-95-202,0.5
241507,NL98-1512769,0.5
241507,BL97-5166166,0.25
241507,BL90-5226682,0.25
241508,NL98-1512769,0.5
241508,BL97-5166166,0.25
241508,BL90-5226682,0.25
241509,B05-3185099,0.5
241509,B95-3336674,0.25
241509,B92-3138672,0.125
241509,B89-3160827,0.125
241509,B92-3138647,0.25
241509,B87-3089349,0.125
241509,B88-3307763,0.125
244172,BE05-6045520,0.5
244172,BE05-6449907,0.5
244309,CHN2010-09-206026,0.5
244309,CHN2011-09-430179,0.5
245671,BELG2004-4433021,0.5
245671,B01-4489665,0.25
246159,NL2011-1737011,0.5
246159,NL2006-4720774,0.3125
246159,NL2000-5063949,0.15625
246159,NL2004-5430805,0.15625
246159,NL2007-1817846,0.25
246159,NL2004-2050252,0.1875
246159,NL2000-1975952,0.1875
246159,CHN2015-03-0886687,0.5
246159,NL2009-1186007,0.25
246159,NL2007-1817993,0.125
246159,NL2007-6229191,0.125
246159,NL2010-1681855,0.25
246159,NL2008-1537203,0.125
246159,NL2007-1817852,0.0625
246159,NL2007-1817880,0.0625
246159,NL2009-1186402,0.125
246159,NL2001-1886550,0.0625
246193,NL99-9959188,0.5
246193,CHN2004-15-148533,0.5
246811,B97-6213430,0.5
246811,T01-65692,0.25
246811,T97-366463,0.125
246811,T99-033140,0.125
246811,B97-6436271,0.25
246811,T90-0247719,0.125
246811,T88-35895,0.125
247007,B04-6105645,0.5
247007,B03-6032807,0.25
247007,T07-035445,0.5
247007,B96-6598546,0.25
247007,B97-6604291,0.25
247190,NL06-1838531,0.5
247190,NL06-1838524,0.5
247268,DV03145-11-50,0.5
247268,DV02098-02-525,0.25
247268,DV02098-95-12,0.125
247268,DV07237-09-402,0.5
247268,DV02098-04-1463,0.25
247268,DV02098-99-802,0.25
247344,B07-6076502,0.5
247344,B05-6448135,0.25
247344,B04-6277729,0.125
247344,B02-6106932,0.0625
247344,B00-6243714,0.03125
247344,B00-6243597,0.03125
247344,B96-6600523,0.0625
247344,B95-6427760,0.03125
247344,N92-6208105,0.03125
247344,B97-6165725,0.125
247344,B96-6223374,0.0625
247344,B96-6223331,0.0625
247344,B98-6210169,0.25
247344,B03-6266374,0.5
247344,B98-6210293,0.25
247344,B92-6074579,0.125
247344,B92-6074426,0.125
247344,B98-6210287,0.25
247344,B96-3121904,0.125
247344,B90-6277397,0.125
247798,B08-4216026,0.5
247798,B07-4216855,0.25
247798,B07-4216814,0.25
247798,B08-4200981,0.5
248737,B2008-6340454,0.5
248737,B2005-6338472,0.25
248737,B97-6596425,0.125
248737,NL2001-2198844,0.125
248737,B1999-6438292,0.25
248737,B1997-6390022,0.125
248737,B1995-6246005,0.125
248737,NL2007-1129402,0.5
248737,NL2002-2173592,0.25
248737,NL2000-5063949,0.125
248737,NL1998-5821416,0.125
248737,NL1997-5700531,0.25
248737,NL1996-1434375,0.125
248737,NL1987-1055610,0.125
248740,B01-6153558,0.5
248740,B99-6151734,0.5
248856,B97-2378787,0.5
248856,B85-6580826,0.25
248856,DV03661-93-400400,0.25
249042,B06-3201618,0.5
249042,B99-3103770,0.25
249042,B01-3116171,0.25
249045,B10-4325612,0.5
249045,B09-3095085,0.25
249045,B02-3003668,0.125
249045,B94-2401842,0.0625
249045,B97-3157176,0.0625
249045,B77-3064419,0.03125
249045,B91-3204047,0.03125
249045,B02-3255937,0.125
249045,B06-4247115,0.25
249045,B05-3176580,0.5
249045,B99-3103770,0.25
249045,B01-3116171,0.25
249142,CHN2007-15-115964,0.5
249142,CHN11-15-057484,0.5
249142,CHN07-15-115977,0.25
249142,CC04-299775,0.125
249142,B94-6668861,0.0625
249142,B87-6337115,0.03125
249142,B93-6440306,0.03125
249142,B97-6592452,0.0625
249142,B93-6440308,0.03125
249142,B89-6150123,0.03125
249142,CC03-030444,0.125
249142,B94-6261321,0.0625
249142,B93-6440307,0.03125
249142,B92-6162729,0.03125
249142,B96-6376126,0.0625
249142,CHN09-15-213266,0.25
249142,CC02-02-048896,0.125
249142,CC2002-1043,0.125
249142,B88-6717673,0.0625
249142,GL93-3993,0.03125
249142,B98-3200237,0.03125
249142,B88-6725723,0.0625
249150,B2008-6340454,0.625
249150,B2005-6338472,0.3125
249150,B97-6596425,0.15625
249150,NL2001-2198844,0.15625
249150,B1999-6438292,0.3125
249150,B1997-6390022,0.15625
249150,B1995-6246005,0.15625
249150,CHN2017-03-0077603,0.5
249150,CHN2010-01-810707,0.25
249150,NL2007-1129402,0.125
249150,NL2002-2173592,0.0625
249150,NL2000-5063949,0.03125
249150,NL1998-5821416,0.03125
249150,NL1997-5700531,0.0625
249150,NL1996-1434375,0.03125
249150,NL1987-1055610,0.03125
249150,CHN2008-03-632843,0.25
249150,CHN2007-03-528937,0.125
249150,B2002-6506934,0.0625
249150,B2000-2152014,0.0625
249150,CHN2007-03-528963,0.125
249150,CHN2006-03-102079,0.0625
249150,CHN2005-01-356357,0.0625
249165,B06-5010886,0.5
249165,B00-5244073,0.25
249165,B96-6938419,0.125
249165,B96-6038485,0.125
249165,B00-5143517,0.25
249165,B94-6108650,0.125
249165,B96-6038445,0.125
249165,B10-6038399,0.5
249165,B09-6358270,0.25
249165,B99-6143980,0.25
249803,B09-3188079,0.5
249803,B01-3031005,0.25
249803,B96-3156104,0.125
249803,B91-3204220,0.0625
249803,B90-3119120,0.0625
249803,B88-3206112,0.125
249803,B87-3008002,0.0625
249803,B81-3238253,0.0625
249803,B06-3008003,0.25
249803,B00-3195099,0.125
249803,B95-3185530,0.0625
249803,B93-3051184,0.0625
249803,B98-3158062,0.125
249803,CHN12-32-979735,0.5
249803,B2003-4031498,0.25
249803,CHN07-08-029476,0.25
251596,NL02-1949800,0.5
251774,B10-4007833,0.5
251774,B08-4070090,0.5
251927,B01-2285134,0.5
251927,B97-245036492,0.25
251927,B97-209445097,0.25
251927,B98-2273925,0.5
251927,B91-2356662,0.25
251927,B90-2273555,0.25
251934,NL08-1545445,0.5
251934,NL05-1400857,0.25
251934,NL09-1192857,0.5
251968,CZ06-0214-1731,0.5
251968,B00-3661909,0.25
251968,B03-2101898,0.25
251968,SK06-0203-1387,0.5
251968,B00-6098253,0.25
251968,DV04-7237-0766,0.25
2522,B02-6503242,0.5
252639,B01-6146101,0.5
252938,B04-6293166,0.5
252938,B97-6592486,0.25
252938,B95-6274342,0.25
252938,B04-6293181,0.5
252938,B99-6559757,0.25
252938,B99-6265183,0.25
252947,PN2001-2,0.5
252947,B92-6162756,0.25
252947,B94-6649650,0.25
253142,NL2002-1119009,0.5
253244,DV04715-04-504,0.5
253244,B03-5233115,0.5
253245,DV01769-03-44,0.5
253245,DV01769-04-1039,0.5
253835,B07-9023364,0.5
253835,B07-9071615,0.25
253835,B99-3172131,0.25
253835,B07-9023098,0.5
253835,F04-264053,0.25
253835,B99-9128113,0.25
253957,B04-3230865,0.5
253957,B03-3003390,0.25
253957,B01-3031007,0.25
253957,B04-3238463,0.5
253957,B00-3200623,0.25
253957,B03-3003334,0.25
254738,NL08-2020815,0.5
254738,NL02-5255446,0.25
254738,NL99-2585526,0.125
254738,BE09-5186754,0.5
254750,DV01769-03-44,0.5
254750,DV01769-04-1039,0.5
254753,DV04715-04-504,0.5
254753,B03-5233115,0.5
255335,B02-6455413,0.5
255335,B00-5244099,0.5
256022,B2008-6340454,0.5
256022,B2005-6338472,0.25
256022,B97-6596425,0.125
256022,NL2001-2198844,0.125
256022,B1999-6438292,0.25
256022,B1997-6390022,0.125
256022,B1995-6246005,0.125
256022,NL2007-1129402,0.5
256022,NL2002-2173592,0.25
256022,NL2000-5063949,0.125
256022,NL1998-5821416,0.125
256022,NL1997-5700531,0.25
256022,NL1996-1434375,0.125
256022,NL1987-1055610,0.125
256617,NL2002-1119009,0.5
256629,NL07-1372726,0.5
256927,B2011-6238397,0.5
256927,B09-6323112,0.5
256937,B2011-6238397,0.5
256937,B09-6323112,0.5
256947,B12-6325530,0.5
256947,B11-6244772,0.25
256947,B09-6323111,0.5
257089,B02-3067041,0.5
257146,B97-6592486,0.5
257146,B95-62744342,0.5
257148,B01-6365158,0.5
257148,B93-644030493,0.5
257152,B98-6589969,0.5
257152,B98-6278076,0.5
257168,NL94-9426017,0.5
257377,CHN2012-10-000631,0.5
257377,CHN2011-10-449661,0.25
257377,CHN2005-01-593564,0.125
257377,CHN2008-03-333099,0.125
257377,CHN2008-10-616028,0.25
257377,CHN2007-12-116142,0.125
257377,CHN2004-12-034733,0.125
257377,CHN2008-10-280075,0.5
257377,CHN2006-10-520004,0.25
257377,BELG2005-5181382,0.25
257501,NL02-1145880,0.5
257502,NL05-2135996,0.5
257502,NL05-5522944,0.5
257502,NL02-1145880,0.25
257533,DV07237-09-220,0.5
257533,NL07-5572589,0.25
257533,NL05-1936510,0.25
257533,NL06-1843764,0.5
257533,NL00-1499166,0.25
258373,NL01-1822835,0.5
258373,NL93-2775035,0.25
258373,NL00-2040241,0.25
258373,NL01-1822879,0.5
258373,NL98-1279132,0.25
258373,NL00-2040219,0.25
25849,B99-3285081,0.5
25849,BE00-3200607,0.5
258861,CHN2009-10-511475,0.5
258861,CHN2008-03-333043,0.25
258861,CHN2006-16-003726,0.25
258861,CHN2009-10-500927,0.5
258861,CHN2003-10-349099,0.25
258861,CHN2007-10-380415,0.25
258986,BE08-5061955,0.5
258986,BE03-5071667,0.25
258986,BE07-5080547,0.25
258986,B06-5150283,0.125
258986,B92-5335457,0.0625
258986,B93-5010001,0.0625
258986,BE05-5148195,0.5
258986,BE99-5091083,0.25
258986,BE00-4443884,0.25
258988,NL05-1936918,0.5
258988,NL07-1207620,0.5
258988,NL97-2252909,0.25
258988,B81-6116734,0.125
258988,NL88-2763998,0.125
259284,B10-5031229,0.5
259284,B10-5033876,0.5
259284,B07-5080672,0.25
259284,B07-5080692,0.25
259790,B06-2082123,0.5
259790,B05-2142800,0.25
259790,B98-6084339,0.125
259790,B93-6057704,0.0625
259790,B94-6081753,0.0625
259790,B92-2198165,0.125
259790,B91-6437358,0.0625
259790,B83-2350199,0.0625
259790,B02-3256948,0.25
259794,B01-2137150,0.5
259794,B87-4021090,0.375
259794,B90-2553359,0.25
259794,B83-2350199,0.125
259807,B01-2137150,0.5
259807,B87-4021090,0.375
259807,B90-2553359,0.25
259807,B83-2350199,0.125
259817,B05-2143027,0.5
259817,B99-2036005,0.25
259817,B98-2061410,0.25
259817,B97-2076498,0.125
259817,NL96-2477441,0.125
259849,CC04-299869,0.5
259849,TW95-193065,0.25
259849,B90-72456,0.125
259849,B86-16743,0.125
259849,B93-13187,0.25
259849,B91-11089,0.375
259849,B87-27088,0.375
259849,CNH11-15-060525,0.5
259850,B06-2082098,0.5
259850,B98-6084339,0.25
259850,B93-6057704,0.125
259850,B94-6081753,0.125
259850,B92-2198165,0.25
259850,B91-6437358,0.125
259850,B83-2350199,0.125
259854,BELG06-2082300,0.5
259854,B01-3076096,0.25
259854,B94-2061350,0.25
260422,CHN2012-10-108332,0.5
260422,CHN10-10-080690,0.25
260422,CHN2009-10-500943,0.25
260422,CHN2007-10-179908,0.125
260422,DV147-03-674,0.125
260422,CHN2011-10-057072,0.5
260422,CHN2010-10-005310,0.25
260422,CHN2008-10-126989,0.25
260732,B07-4093493,0.5
260739,CHN09-01-499289,0.5
260739,CHN09-09-131039,0.5
260739,CHN05-09-028582,0.25
260739,CHN01-09-283395,0.25
260857,NL99-2308215,0.5
260857,NL95-1091674,0.25
260857,NL98-5821416,0.25
260859,NL05-0568771,0.5
260859,NL04-0453305,0.25
260859,NL03-0364963,0.25
260859,NL01-2271644,0.5
260859,NL00-4083704,0.25
261005,CHN2008-11-142978,0.5
261005,NL2007-1864855,0.5
261007,CHN2008-11-142978,0.5
261007,NL2007-1864855,0.5
261018,B02-4064520,0.5
261018,B99-4262213,0.25
261018,B95-4611494,0.25
26114,NL97-5701389,0.5
26114,NL94-2227825,0.25
26114,NL92-5310320,0.25
26114,NL96-1844305,0.5
26114,NL93-1341142,0.25
26114,NL92-2497698,0.25
26126,NL00-5054132,0.5
26126,NL98-1223976,0.25
26126,NL99-4300712,0.25
26126,NL04-2057881,0.5
26126,NL02-1644388,0.25
26126,NL95-5567947,0.25
261319,BELG08-6338325,0.5
261319,B00-6545658,0.25
261319,B02-6503571,0.25
261319,CHN11-15-060550,0.5
261319,BELG90-6652120,0.25
261319,BELG93-6621023,0.25
26133,BE06-4044540,0.5
26133,BE96-4391970,0.5
261425,B97-6165917,0.5
261425,B03-6266353,0.25
261816,B96-6598453,0.5
261816,B89-6150135,0.25
261816,B93-6677331,0.25
261816,B87-6337209,0.5
261816,B85-6377502,0.25
261816,B73-6736019,0.25
262560,T2006-211012,0.5
262560,T2000-248584,0.25
262560,T2002-024200,0.25
262560,BELG2007-3128456,0.5
262560,BELG2005-3177035,0.25
262560,BELG1998-3240118,0.25
263373,B06-6173261,0.5
263373,B01-6255185,0.25
263373,B03-6266072,0.25
263373,B06-6052299,0.5
263373,B04-6277729,0.25
263373,B02-6106932,0.125
263373,B00-6243714,0.0625
263373,B00-6243597,0.0625
263373,B96-6600523,0.125
263373,B95-6427760,0.0625
263373,N92-6208105,0.0625
263373,B01-6041059,0.25
263377,B06-6173261,0.5
263377,B01-6255185,0.25
263377,B03-6266072,0.25
263377,B06-6052299,0.5
263377,B04-6277729,0.25
263377,B02-6106932,0.125
263377,B00-6243714,0.0625
263377,B00-6243597,0.0625
263377,B96-6600523,0.125
263377,B95-6427760,0.0625
263377,N92-6208105,0.0625
263377,B01-6041059,0.25
263393,B06-6173261,0.5
263393,B01-6255185,0.25
263393,B03-6266072,0.25
263393,B06-6052299,0.5
263393,B04-6277729,0.25
263393,B02-6106932,0.125
263393,B00-6243714,0.0625
263393,B00-6243597,0.0625
263393,B96-6600523,0.125
263393,B95-6427760,0.0625
263393,N92-6208105,0.0625
263393,B01-6041059,0.25
263573,CHN03-03-300979,0.5
263573,CHN03-03-318293,0.5
263686,CHN02-03-063009,0.5
263686,CHN02-03-063003,0.5
263942,NL11-1394369,0.5
263942,NL07-1430568,0.25
263942,NL09-1186028,0.25
263942,NL11-1736843,0.5
263942,NL05-1394730,0.25
263942,NL04-2050258,0.25
264172,B01-2137150,0.5
264172,B87-4021090,0.375
264172,B90-2553359,0.25
264172,B83-2350199,0.125
264301,B00-6156141,0.75
264301,B98-6429866,0.375
264301,B92-6074328,0.5
264774,B98-6594049,0.5
264774,B94-1621421,0.5
265925,CHN2010-29-050554,0.5
265925,CHN2010-29-050552,0.25
265925,CHN2010-29-228977,0.25
265966,CHN07-15-115921,0.5
265966,NL98-1279297,0.25
265966,NL98-1279298,0.25
265966,CHN07-15-115969,0.5
265966,NL96-2293298,0.25
265966,NL98-1279335,0.25
265967,BELG08-6338325,0.5
265967,B00-6545658,0.25
265967,B02-6503571,0.25
265967,BELG03-6486770,0.5
265967,BELG90-6652120,0.25
265967,BELG93-6621023,0.25
266845,B06-6166694,0.5
267047,B09-6323172,0.5
267047,B09-6323136,0.5
267065,B13-6313796,0.5
267065,B07-6033129,0.25
267065,B98-6335690,0.375
267065,B08-6369093,0.5
267065,B07-6033110,0.25
267392,NL07-1552376,0.5
267392,NL01-1551027,0.25
267392,NL00-1632891,0.25
267392,NL07-1552489,0.5
267392,NL99-2004475,0.25
267392,NL02-1319512,0.25
267522,B2000-3106326,0.5
267522,NL1998-1403340,0.5
268177,CHN2012-29-077714,0.5
268177,NL08-1760960,0.5
268177,NL03-1387087,0.25
268177,NL04-1069173,0.5
268177,NL2004-2248536,0.5
268182,CHN2012-29-077714,0.5
268182,NL08-1760960,0.5
268182,NL03-1387087,0.25
268182,NL04-1069173,0.5
268182,NL2004-2248536,0.5
268183,CHN2012-29-077714,0.5
268183,NL08-1760960,0.5
268183,NL03-1387087,0.25
268183,NL04-1069173,0.5
268183,NL2004-2248536,0.5
268195,CHN2011-29-009777,0.5
268195,CHN2010-29-050554,0.5
268195,CHN2010-29-050552,0.25
268195,CHN2010-29-228977,0.25
268198,NL2008-1760940,0.5
268198,CHN2008-333996,0.25
268198,B01-3076095,0.125
268198,BELG2001-6255263,0.125
268198,CHN2010-29-050554,0.5
268198,CHN2010-29-050552,0.25
268198,CHN2010-29-228977,0.25
268210,CHN2012-29-077714,0.5
268210,NL08-1760960,0.5
268210,NL03-1387087,0.25
268210,NL04-1069173,0.5
268210,NL2004-2248536,0.5
268990,NL97-5701389,0.5
268990,NL94-2227825,0.25
268990,NL92-5310320,0.25
268990,NL96-1844305,0.5
268990,NL93-1341142,0.25
268990,NL92-2497698,0.25
269702,NL09-1186592,0.5
269702,NL02-1635264,0.25
269702,NL06-2162375,0.25
269702,NL09-1054581,0.5
269702,NL04-1849869,0.25
269702,NL98-1215842,0.25
269723,B07-6076174,0.5
270163,BE11-6341535,0.5
270163,BE02-6354241,0.25
270163,BE94-6366938,0.125
270165,BE12-6042564,0.5
270165,BE09-6326077,0.25
270165,BE02-6354135,0.125
270165,BE05-6052018,0.125
270165,BE04-6202033,0.25
270165,BE12-6323113,0.5
270165,BE06-6413727,0.25
270165,BE03-6460062,0.25
270165,BE00-6301617,0.125
270165,BE94-6366891,0.125
270167,BE12-6023495,0.5
270167,BE09-6358795,0.25
270167,BE10-6031772,0.25
270167,BELG2003-6257240,0.125
270167,BE11-5056980,0.5
270167,BE09-5052386,0.25
270167,BE06-4112378,0.125
270167,B03-4146313,0.0625
270167,B00-4065892,0.0625
270167,BE99-5000704,0.125
270167,BE95-4628426,0.0625
270167,BE96-4603915,0.0625
270382,CHN2011-29-053028,0.5
270382,NL2004-2248536,0.25
270382,NL08-1760960,0.125
270382,NL03-1387087,0.0625
270382,NL04-1069173,0.0625
271570,B07-9023172,0.5
271570,B08-9044015,0.5
271570,B07-3181232,0.25
271570,B07-9023007,0.25
271583,B12-9032373,0.5
271583,B10-5043087,0.5
272907,B04-6468525,0.5
272907,B02-6091917,0.25
272907,B98-6590496,0.125
272907,B90-6277377,0.125
272907,B94-6214211,0.25
272907,B81-6463237,0.125
272907,B88-6318694,0.125
272907,B98-6210287,0.5
272907,B96-3121904,0.25
272907,B90-6277397,0.25
272910,B04-6468525,0.5
272910,B02-6091917,0.25
272910,B98-6590496,0.125
272910,B90-6277377,0.125
272910,B94-6214211,0.25
272910,B81-6463237,0.125
272910,B88-6318694,0.125
272910,B98-6210287,0.5
272910,B96-3121904,0.25
272910,B90-6277397,0.25
273867,B04-6277729,0.5
273867,B02-6106932,0.25
273867,B00-6243714,0.125
273867,B00-6243597,0.125
273867,B96-6600523,0.25
273867,B95-6427760,0.125
273867,N92-6208105,0.125
273867,B99-6143668,0.5
273867,B97-6569500,0.25
273867,B92-6673402,0.25
274873,B06-6210228,0.5
274873,B99-6438082,0.25
274873,B03-6086029,0.25
274873,B97-6390133,0.125
274873,B98-6523290,0.125
274873,B90-6652120,0.15625
274873,B95-6246005,0.1875
274873,B93-6621023,0.09375
274873,B09-6040128,0.5
274873,B05-6453975,0.25
274873,B98-6523289,0.125
274873,B06-6414966,0.25
274873,B97-6390022,0.125
274873,B96-6452295,0.125
275637,B01-4241981,0.5
276166,NL00-2178233,0.5
276166,NL89-8920508,0.25
276166,B94-2061052,0.5
276166,B77-2367021,0.25
276166,B83-2350008,0.25
276602,B03-6266090,0.5
276602,B94-6214446,0.25
276602,B97-6165917,0.25
276602,B03-6266353,0.125
276687,BE05-6153301,0.5
277783,CHN11-09-116717,0.5
277783,CHN08-09-338869,0.25
277783,CHN10-09-224854,0.25
277783,CHN12-09-314164,0.5
277783,NL10-1839111,0.25
277783,NL05-4004811,0.125
277783,NL02-2173502,0.125
277783,CHN10-02-168520,0.25
278068,BE03-6457591,0.5
278068,BE04-6293144,0.5
279065,BELG05-4247376,0.5
27960,B03-4290083,0.5
27960,B03-4290108,0.5
280505,CHN10-09-060390,0.5
280505,CHN03-09-002015,0.25
280505,CHN10-09-219368,0.5
280507,CHN09-09-192082,0.5
280508,CHN12-09-357669,0.5
280508,CHN10-09-219365,0.5
280510,CHN01-09-141944,0.5
280510,CHN02-09-004353,0.5
280821,CHN10-09-060390,0.5
280821,CHN03-09-002015,0.25
280821,CHN10-09-219368,0.5
280828,NL05-1376044,0.5
280828,CHN2009-09-131039,0.5
280841,CHN12-09-336801,0.5
280841,CHN11-09-517317,0.5
280860,CHN12-09-395126,0.5
280860,CHN11-09-343723,0.5
282591,NL2008-2049116,0.5
282591,NL2000-5063909,0.25
282591,NL2007-1207628,0.25
282591,NL2010-1682373,0.5
282591,NL2009-1186309,0.25
282591,NL2003-1135475,0.25
282591,NL2002-1635264,0.125
282591,NL1995-1941948,0.125
282601,CHN2016-03-0900792,0.5
282601,CHN2015-03-0886622,0.25
282601,B2008-6340454,0.125
282601,B2005-6338472,0.0625
282601,B97-6596425,0.03125
282601,NL2001-2198844,0.03125
282601,B1999-6438292,0.0625
282601,B1997-6390022,0.03125
282601,B1995-6246005,0.03125
282601,NL2007-1129402,0.125
282601,NL2002-2173592,0.0625
282601,NL2000-5063949,0.03125
282601,NL1998-5821416,0.03125
282601,NL1997-5700531,0.0625
282601,NL1996-1434375,0.03125
282601,NL1987-1055610,0.03125
282601,NL2010-1681855,0.25
282601,NL2008-1537203,0.125
282601,NL2007-1817852,0.0625
282601,NL2007-1817880,0.0625
282601,NL2009-1186402,0.125
282601,NL2004-2050252,0.125
282601,NL2001-1886550,0.0625
282601,NL2013-1239751,0.5
282601,NL2010-1682173,0.25
282601,NL2007-1817907,0.125
282601,NL2003-1103686,0.0625
282601,NL2004-2050373,0.125
282601,NL2007-1786839,0.25
282601,NL2005-1358883,0.125
282601,NL2003-1147135,0.125
282603,CHN2015-03-0886622,0.5
282603,B2008-6340454,0.25
282603,B2005-6338472,0.125
282603,B97-6596425,0.0625
282603,NL2001-2198844,0.0625
282603,B1999-6438292,0.125
282603,B1997-6390022,0.0625
282603,B1995-6246005,0.0625
282603,NL2007-1129402,0.25
282603,NL2002-2173592,0.125
282603,NL2000-5063949,0.125
282603,NL1998-5821416,0.0625
282603,NL1997-5700531,0.125
282603,NL1996-1434375,0.0625
282603,NL1987-1055610,0.0625
282603,CHN2017-03-0077167,0.5
282603,NL2008-1537315,0.25
282603,NL2006-4720774,0.125
282603,NL2004-5430805,0.0625
282603,NL2003-1135475,0.1875
282603,NL2002-1635264,0.09375
282603,NL1995-1941948,0.09375
282603,NL2013-1239744,0.25
282603,NL2008-2049116,0.125
282603,NL2000-5063909,0.0625
282603,NL2007-1207628,0.0625
282603,NL2010-1682373,0.125
282603,NL2009-1186309,0.0625
282673,B05-6116293,0.5
282673,B03-6277483,0.5
282673,B00-61759805,0.25
282673,B00-6175870,0.25
282674,B00-6141418,0.5
283319,B06-6453973,0.5
283319,B96-6490451,0.25
283326,B04-6467302,0.5
283326,B97-6270490,0.25
283326,B93-6681396,0.25
283326,B09-6301870,0.5
283326,B02-6290709,0.25
283326,B00-6548780,0.25
283326,B93-6491172,0.125
283326,B91-6685040,0.125
283346,B03-4423894,0.5
283346,B04-3104177,0.5
285293,B05-6336673,0.5
285293,B03-6385696,0.25
285293,B97-6390146,0.25
285293,B05-6336610,0.5
285293,B02-6256036,0.25
285293,B00-6367002,0.25
285301,B88-6717673,0.75
285301,GL93-3993,0.375
285301,B98-3200237,0.375
285301,CC2002-1043,0.5
285301,B88-6725723,0.25
285304,B04-6449206,0.5
285304,B02-6256155,0.25
285304,B96-6492541,0.25
285304,B08-6338039,0.5
285324,B88-6717673,0.75
285324,GL93-3993,0.375
285324,B98-3200237,0.375
285324,CC2002-1043,0.5
285324,B88-6725723,0.25
285337,B07-6112258,0.5
285337,B98-6398007,0.25
285337,B99-6542294,0.25
285337,B06-6156013,0.5
285436,NL79-342670,0.5
285436,NL76-1837108,0.5
285436,NL01-1822826,0.25
286442,NL79-342670,0.5
286442,NL76-1837108,0.5
286442,NL01-1822826,0.25
286444,NL79-342670,0.5
286444,NL76-1837108,0.5
286444,NL01-1822826,0.25
286752,B02-6273103,0.5
286752,B00-6470319,0.25
286752,B99-6479398,0.25
286752,B97-6549507,0.5
286752,B94-6561649,0.25
286752,B93-6095331,0.25
286885,B88-6163015,0.5
286885,B97-4483920,0.25
286885,B97-6548709,0.25
286885,B07-6381411,0.5
286885,B91-6183124,0.25
286885,B96-6086300,0.25
288884,BELG08-6338325,0.5
288884,B00-6545658,0.25
288884,B02-6503571,0.25
288884,BELG03-6486770,0.5
288884,BELG90-6652120,0.25
288884,BELG93-6621023,0.25
288947,CC07-071282,0.5
288947,NL00-2040285,0.25
288947,NL95-1936669,0.125
288947,NL96-2331552,0.125
288947,NL00-2040299,0.25
288947,NL94-7009666,0.125
288947,NL98-1279739,0.125
289384,NL2011-1764022,0.5
289384,NL2008-1569222,0.5
289789,NL95-5501199,0.5
289789,NL85-105259,0.25
289789,NL97-2253039,0.5
289789,B96-6286060,0.25
289789,NL92-5310320,0.25
289794,B90-5001001,0.5
289794,B89-5340010,0.5
290798,NL79-342670,0.5
290798,NL76-1837108,0.5
290798,NL01-1822826,0.25
291394,CHN2010-32-961850,0.5
291394,CHN2008-03-634998,0.25
291394,CHN2004-01-309465,0.125
291394,CHN2005-01-356357,0.125
291394,CHN2006-03-037834,0.25
291394,CHN1999-03-080057,0.125
291394,CHN1998-03-146995,0.125
291394,CHN2016-03-0900869,0.5
291394,CHN2014-30-102781,0.25
291394,RO2010-0011263,0.125
291394,CHN2012-03-510111,0.125
291394,B2008-6340442,0.25
291395,CHN2016-03-0900833,0.5
291395,NL2010-1681876,0.25
291395,NL2009-1186097,0.125
291395,NL2006-4720774,0.125
291395,NL2000-5063949,0.09375
291395,NL2004-5430805,0.0625
291395,NL2000-1975952,0.125
291395,NL2003-1135371,0.125
291395,NL1996-2279515,0.0625
291395,NL2001-1886591,0.0625
291395,CHN2015-03-0887777,0.25
291395,NL2007-1129401,0.125
291395,NL2002-2173592,0.0625
291395,NL1998-5821416,0.03125
291395,NL1997-5700531,0.0625
291395,NL1996-1434375,0.03125
291395,NL1987-1055610,0.03125
291395,B2008-6340442,0.125
291395,CHN2015-03-0887725,0.5
291395,NL2009-1186007,0.25
291395,NL2007-1817993,0.125
291395,NL2007-6229191,0.125
291395,NL2007-1129412,0.25
291395,B2004-6177627,0.125
291420,NL2010-1681846,0.5
291420,NL2008-1537225,0.25
291420,NL2001-1886692,0.1875
291420,NL2002-1635193,0.125
291420,NL1993-2696113,0.0625
291420,NL2005-1441789,0.25
291420,NL1999-2411769,0.125
291420,NL1999-2411761,0.125
291420,B2008-6340442,0.5
291422,NL2011-1737011,0.5
291422,NL2006-4720774,0.25
291422,NL2000-5063949,0.125
291422,NL2004-5430805,0.125
291422,NL2007-1817846,0.25
291422,NL2004-2050252,0.125
291422,NL2000-1975952,0.125
291422,B2008-6340442,0.5
291425,NL2007-1817907,0.5
291425,NL2004-2050252,0.25
291425,NL2003-1103686,0.25
291425,NL2012-1619158,0.5
291425,NL2007-1817923,0.25
291425,NL2003-1135475,0.25
291425,NL2002-1635264,0.125
291425,NL1995-1941948,0.125
291426,NL2010-1682173,0.5
291426,NL2007-1817907,0.25
291426,NL2004-2050252,0.125
291426,NL2003-1103686,0.125
291426,NL2004-2050373,0.25
291426,NL2007-1786839,0.5
291426,NL2005-1358883,0.25
291426,NL2003-1147135,0.25
291427,B2008-6340454,0.5
291427,B2005-6338472,0.25
291427,B97-6596425,0.125
291427,NL2001-2198844,0.125
291427,B1999-6438292,0.25
291427,B1997-6390022,0.125
291427,B1995-6246005,0.125
291427,CHN2008-03-632843,0.5
291427,CHN2007-03-528937,0.25
291427,B2002-6506934,0.125
291427,B2000-2152014,0.125
291427,CHN2007-03-528963,0.25
291427,CHN2006-03-102079,0.125
291427,CHN2005-01-356357,0.125
291429,NL2008-1537315,0.5
291429,NL2006-4720774,0.25
291429,NL2000-5063949,0.125
291429,NL2004-5430805,0.125
291429,NL2003-1135475,0.375
291429,NL2002-1635264,0.1875
291429,NL1995-1941948,0.1875
291429,NL2013-1239744,0.5
291429,NL2008-2049116,0.25
291429,NL2000-5063909,0.125
291429,NL2007-1207628,0.125
291429,NL2010-1682373,0.25
291429,NL2009-1186309,0.125
291440,CHN2009-03-1034163,0.5
291440,CHN2006-01-600506,0.25
291440,CHN2006-01-600308,0.25
291440,CHN2015-03-0886687,0.5
291440,NL2009-1186007,0.25
291440,NL2007-1817993,0.125
291440,NL2006-4720774,0.0625
291440,NL2000-5063949,0.03125
291440,NL2004-5430805,0.03125
291440,NL2000-1975952,0.0625
291440,NL2007-6229191,0.125
291440,NL2010-1681855,0.25
291440,NL2008-1537203,0.125
291440,NL2007-1817852,0.0625
291440,NL2007-1817880,0.0625
291440,NL2009-1186402,0.125
291440,NL2004-2050252,0.0625
291440,NL2001-1886550,0.0625
291441,NL2010-1681846,0.5
291441,NL2008-1537225,0.25
291441,NL2001-1886692,0.1875
291441,NL2002-1635193,0.125
291441,NL1993-2696113,0.0625
291441,NL2005-1441789,0.25
291441,NL1999-2411769,0.125
291441,NL1999-2411761,0.125
291441,CHN2015-03-0886687,0.5
291441,NL2009-1186007,0.25
291441,NL2007-1817993,0.125
291441,NL2006-4720774,0.0625
291441,NL2000-5063949,0.03125
291441,NL2004-5430805,0.03125
291441,NL2000-1975952,0.0625
291441,NL2007-6229191,0.125
291441,NL2010-1681855,0.25
291441,NL2008-1537203,0.125
291441,NL2007-1817852,0.0625
291441,NL2007-1817880,0.0625
291441,NL2009-1186402,0.125
291441,NL2004-2050252,0.0625
291441,NL2001-1886550,0.0625
291442,CHN2014-30-102781,0.5
291442,RO2010-0011263,0.25
291442,CHN2012-03-510111,0.25
291442,CHN2008-03-632843,0.5
291442,CHN2007-03-528937,0.25
291442,B2002-6506934,0.125
291442,B2000-2152014,0.125
291442,CHN2007-03-528963,0.25
291442,CHN2006-03-102079,0.125
291442,CHN2005-01-356357,0.125
291447,CHN2016-03-0900792,0.5
291447,CHN2015-03-0886622,0.25
291447,B2008-6340454,0.125
291447,B2005-6338472,0.0625
291447,B97-6596425,0.03125
291447,NL2001-2198844,0.03125
291447,B1999-6438292,0.0625
291447,B1997-6390022,0.03125
291447,B1995-6246005,0.03125
291447,NL2007-1129402,0.125
291447,NL2002-2173592,0.0625
291447,NL2000-5063949,0.03125
291447,NL1998-5821416,0.03125
291447,NL1997-5700531,0.0625
291447,NL1996-1434375,0.03125
291447,NL1987-1055610,0.03125
291447,NL2010-1681855,0.25
291447,NL2008-1537203,0.125
291447,NL2007-1817852,0.0625
291447,NL2007-1817880,0.0625
291447,NL2009-1186402,0.125
291447,NL2004-2050252,0.125
291447,NL2001-1886550,0.0625
291447,NL2013-1239751,0.5
291447,NL2010-1682173,0.25
291447,NL2007-1817907,0.125
291447,NL2003-1103686,0.0625
291447,NL2004-2050373,0.125
291447,NL2007-1786839,0.25
291447,NL2005-1358883,0.125
291447,NL2003-1147135,0.125
291448,CHN2009-01-220179,0.5
291448,NL2002-1635214,0.25
291448,NL1998-1215892,0.125
291448,NL2001-1886800,0.125
291448,NL2003-5308529,0.25
291448,NL2002-5200927,0.125
291448,NL2002-1012476,0.125
291449,NL2010-1681876,0.5
291449,NL2009-1186097,0.25
291449,NL2006-4720774,0.125
291449,NL2000-5063949,0.125
291449,NL2004-5430805,0.0625
291449,NL2000-1975952,0.125
291449,NL2003-1135371,0.25
291449,NL1996-2279515,0.125
291449,NL2001-1886591,0.125
291449,CHN2015-03-0887777,0.5
291449,NL2007-1129401,0.25
291449,NL2002-2173592,0.125
291449,NL1998-5821416,0.0625
291449,NL1997-5700531,0.125
291449,NL1996-1434375,0.0625
291449,NL1987-1055610,0.0625
291449,B2008-6340442,0.25
291450,NL2011-1740856,0.5
291450,NL2009-1186361,0.25
291450,NL2008-1583474,0.25
291450,NL2012-1619132,0.5
291450,NL2007-1817923,0.25
291450,NL2003-1135475,0.25
291450,NL2002-1635264,0.125
291450,NL1995-1941948,0.125
291451,B2008-6340454,0.5
291451,B2005-6338472,0.25
291451,B97-6596425,0.125
291451,NL2001-2198844,0.125
291451,B1999-6438292,0.25
291451,B1997-6390022,0.125
291451,B1995-6246005,0.125
291451,NL2010-1681855,0.5
291451,NL2008-1537203,0.25
291451,NL2007-1817852,0.125
291451,NL2007-1817880,0.125
291451,NL2009-1186402,0.25
291451,NL2004-2050252,0.125
291451,NL2001-1886550,0.125
291465,NL2010-1681846,0.5
291465,NL2008-1537225,0.25
291465,NL2001-1886692,0.1875
291465,NL2002-1635193,0.125
291465,NL1993-2696113,0.0625
291465,NL2005-1441789,0.25
291465,NL1999-2411769,0.125
291465,NL1999-2411761,0.125
291465,NL2013-1239733,0.5
291465,NL2009-1186580,0.25
291465,NL2007-1817923,0.125
291465,NL2003-1135475,0.125
291465,NL2002-1635264,0.1875
291465,NL1995-1941948,0.0625
291465,NL2008-1537236,0.25
291465,NL2001-1886517,0.125
291468,CHN2016-03-0900792,0.5
291468,CHN2015-03-0886622,0.25
291468,B2008-6340454,0.125
291468,B2005-6338472,0.0625
291468,B97-6596425,0.03125
291468,NL2001-2198844,0.03125
291468,B1999-6438292,0.0625
291468,B1997-6390022,0.03125
291468,B1995-6246005,0.03125
291468,NL2007-1129402,0.125
291468,NL2002-2173592,0.0625
291468,NL2000-5063949,0.03125
291468,NL1998-5821416,0.03125
291468,NL1997-5700531,0.0625
291468,NL1996-1434375,0.03125
291468,NL1987-1055610,0.03125
291468,NL2010-1681855,0.25
291468,NL2008-1537203,0.125
291468,NL2007-1817852,0.0625
291468,NL2007-1817880,0.0625
291468,NL2009-1186402,0.125
291468,NL2004-2050252,0.125
291468,NL2001-1886550,0.0625
291468,NL2013-1239751,0.5
291468,NL2010-1682173,0.25
291468,NL2007-1817907,0.125
291468,NL2003-1103686,0.0625
291468,NL2004-2050373,0.125
291468,NL2007-1786839,0.25
291468,NL2005-1358883,0.125
291468,NL2003-1147135,0.125
291480,CC10-250692,0.5
291480,B99-6061109,0.25
291480,B95-6226954,0.125
291480,B97-6201401,0.125
291480,B99-6078724,0.25
291480,CC10-250793,0.5
291480,B00-6141430,0.25
291480,B03-6192545,0.25
291486,NL79-342670,0.5
291486,NL76-1837108,0.5
291486,NL01-1822826,0.25
291587,NL2012-1808013,0.5
291587,B05-3185139,0.25
291587,NL06-1295296,0.25
291587,NL08-1760980,0.5
291587,B02-3252513,0.25
291587,NL07-2036789,0.25
291588,NL07-2036975,0.5
291882,NL07-1817993,0.5
291882,NL2006-4720774,0.25
291882,NL2000-5063949,0.125
291882,NL2004-5430805,0.125
291882,NL2000-1975952,0.25
291883,CHN2015-03-0886622,0.5
291883,B2008-6340454,0.25
291883,B2005-6338472,0.125
291883,B97-6596425,0.0625
291883,NL2001-2198844,0.0625
291883,B1999-6438292,0.125
291883,B1997-6390022,0.0625
291883,B1995-6246005,0.0625
291883,NL2007-1129402,0.25
291883,NL2002-2173592,0.125
291883,NL2000-5063949,0.0625
291883,NL1998-5821416,0.0625
291883,NL1997-5700531,0.125
291883,NL1996-1434375,0.0625
291883,NL1987-1055610,0.0625
291883,NL2010-1681855,0.5
291883,NL2008-1537203,0.25
291883,NL2007-1817852,0.125
291883,NL2007-1817880,0.125
291883,NL2009-1186402,0.25
291883,NL2004-2050252,0.125
291883,NL2001-1886550,0.125
292041,B06-4008828,0.5
292041,NL01-5150212,0.5
292041,NL90-2456019,0.25
292041,NL96-8005840,0.25
292050,B06-208207399,0.5
292050,B00-2352402,0.25
292050,B97-2168012,0.125
292050,B92-6337535,0.125
292050,B01-2280127,0.25
292050,B06-2082239,0.5
292050,B00-2117363,0.25
292050,B10-2045207,0.125
292050,B07-2055171,0.0625
292050,B99-2036005,0.03125
292050,B98-2061410,0.03125
292050,B97-2076498,0.015625
292050,NL96-2477441,0.015625
292050,B01-1439889,0.125
292050,B88-2563607,0.0625
292050,B93-1979344,0.0625
292050,B94-2061350,0.25
292599,B88-6717673,0.75
292599,GL93-3993,0.375
292599,B98-3200237,0.375
292599,CC2002-1043,0.5
292599,B88-6725723,0.25
292618,BELG08-6338325,0.5
292618,B00-6545658,0.25
292618,B02-6503571,0.25
292618,BELG03-6486770,0.5
292618,BELG90-6652120,0.25
292618,BELG93-6621023,0.25
292738,B06-4008826,0.5
292738,NL06-1078529,0.5
292738,NL98-5870048,0.25
292738,NL03-5301441,0.25
292738,B87-3089349,0.125
292738,B02-3025837,0.125
292739,B04-6244764,0.5
292739,B00-6245150,0.25
292739,B00-6245149,0.25
292739,B04-6244762,0.5
292739,B99-6340994,0.25
292739,B99-6343940,0.25
293124,NL79-342670,0.5
293124,NL76-1837108,0.5
293124,NL01-1822826,0.25
293454,T11-8880962,0.5
293454,T04-00942,0.25
293454,T99-532613,0.125
293454,T96-260289,0.0625
293454,T99-294338,0.125
293454,T04-17980,0.25
293996,CHN07-15-115968,0.5
293996,CHN04-15-162988,0.25
293996,CHN02-15-286160,0.25
293996,CHN11-15-057527,0.5
293996,CHN07-15-115921,0.25
293996,NL98-1279297,0.125
293996,NL98-1279298,0.125
294000,BELG08-2145608,0.5
294000,BELG08-2226642,0.5
294000,B94-5328517,0.25
294000,B98-2425539,0.25
294000,B85-6580826,0.125
294000,D03661-94-100,0.125
294140,B04-6293151,0.5
294140,B00-6448062,0.25
294140,B95-3274306,0.25
294140,CHN05-03-260654,0.5
294140,DV02539-98-0147,0.25
294140,CHN00-03-323173,0.25
294528,NL2010-3038179,0.5
294528,NL2006-0744789,0.5
294529,NL2010-3038179,0.5
294529,NL2006-0744789,0.5
29509,NL2003-2317635,0.5
29509,NL89-1051437,0.25
29509,NL94-2775777,0.25
29509,B95-6274376,0.5
29509,B81-6116665,0.25
29509,B89-6699714,0.25
295137,B05-3185140,0.5
295137,B03-6129799,0.5
295386,CHN07-10-388717,0.5
295386,CHN98-10-262331,0.25
295386,CHN04-09-000839,0.25
295386,CHN2009-10-655034,0.5
295386,CHN06-01-319951,0.25
295386,CHN03-10-363799,0.25
295412,CHN2009-03-1034163,0.5
295412,CHN2006-01-600506,0.25
295412,CHN2006-01-600308,0.25
295412,CHN2015-03-0886687,0.5
295412,NL2009-1186007,0.25
295412,NL2007-1817993,0.125
295412,NL2006-4720774,0.0625
295412,NL2000-5063949,0.03125
295412,NL2004-5430805,0.03125
295412,NL2000-1975952,0.0625
295412,NL2007-6229191,0.125
295412,NL2010-1681855,0.25
295412,NL2008-1537203,0.125
295412,NL2007-1817852,0.0625
295412,NL2007-1817880,0.0625
295412,NL2009-1186402,0.125
295412,NL2004-2050252,0.0625
295412,NL2001-1886550,0.0625
295488,B2008-6340454,0.5
295488,B2005-6338472,0.25
295488,B97-6596425,0.125
295488,NL2001-2198844,0.125
295488,B1999-6438292,0.25
295488,B1997-6390022,0.125
295488,B1995-6246005,0.125
295488,CHN2008-03-632843,0.5
295488,CHN2007-03-528937,0.25
295488,B2002-6506934,0.125
295488,B2000-2152014,0.125
295488,CHN2007-03-528963,0.25
295488,CHN2006-03-102079,0.125
295488,CHN2005-01-356357,0.125
295491,CHN2010-01-810707,0.5
295491,B2008-6340454,0.25
295491,B2005-6338472,0.125
295491,B97-6596425,0.0625
295491,NL2001-2198844,0.0625
295491,B1999-6438292,0.125
295491,B1997-6390022,0.0625
295491,B1995-6246005,0.0625
295491,NL2007-1129402,0.25
295491,NL2002-2173592,0.125
295491,NL2000-5063949,0.0625
295491,NL1998-5821416,0.0625
295491,NL1997-5700531,0.125
295491,NL1996-1434375,0.0625
295491,NL1987-1055610,0.0625
295491,CHN2008-03-632843,0.5
295491,CHN2007-03-528937,0.25
295491,B2002-6506934,0.125
295491,B2000-2152014,0.125
295491,CHN2007-03-528963,0.25
295491,CHN2006-03-102079,0.125
295491,CHN2005-01-356357,0.125
295493,AU2008-2897,0.5
295493,NL2012-5200201,0.5
295493,NL2008-2020821,0.25
295493,NL2000-1122178,0.125
295493,NL2004-5435151,0.125
295493,NL2002-5255446,0.25
295493,NL1997-5700643,0.125
295493,NL1999-1585526,0.125
295495,CHN2017-03-0077630,0.5
295495,CHN2010-32-961850,0.25
295495,CHN2008-03-634998,0.125
295495,CHN2004-01-309465,0.0625
295495,CHN2005-01-356357,0.0625
295495,CHN2006-03-037834,0.125
295495,CHN1999-03-080057,0.0625
295495,CHN1998-03-146995,0.0625
295495,CHN2016-03-0900869,0.25
295495,CHN2014-30-102781,0.125
295495,RO2010-0011263,0.0625
295495,CHN2012-03-510111,0.0625
295495,B2008-6340442,0.125
295495,CHN2012-03-577974,0.5
295499,CHN2010-32-961850,0.5
295499,CHN2008-03-634998,0.25
295499,CHN2004-01-309465,0.125
295499,CHN2005-01-356357,0.125
295499,CHN2006-03-037834,0.25
295499,CHN1999-03-080057,0.125
295499,CHN1998-03-146995,0.125
295499,CHN2016-03-0900869,0.5
295499,CHN2014-30-102781,0.25
295499,RO2010-0011263,0.125
295499,CHN2012-03-510111,0.125
295499,B2008-6340442,0.25
295501,CHN2017-03-0077617,0.5
295501,CHN2010-32-961850,0.25
295501,CHN2008-03-634998,0.125
295501,CHN2004-01-309465,0.0625
295501,CHN2005-01-356357,0.0625
295501,CHN2006-03-037834,0.125
295501,CHN1999-03-080057,0.0625
295501,CHN1998-03-146995,0.0625
295501,CHN2016-03-0900869,0.25
295501,CHN2014-30-102781,0.125
295501,RO2010-0011263,0.0625
295501,CHN2012-03-510111,0.0625
295501,B2008-6340442,0.125
295501,CHN2011-03-977408,0.5
295502,CHN2015-03-0886622,0.5
295502,B2008-6340454,0.25
295502,B2005-6338472,0.125
295502,B97-6596425,0.0625
295502,NL2001-2198844,0.0625
295502,B1999-6438292,0.125
295502,B1997-6390022,0.0625
295502,B1995-6246005,0.0625
295502,NL2007-1129402,0.25
295502,NL2002-2173592,0.125
295502,NL2000-5063949,0.0625
295502,NL1998-5821416,0.0625
295502,NL1997-5700531,0.125
295502,NL1996-1434375,0.0625
295502,NL1987-1055610,0.0625
295502,NL2010-1681855,0.5
295502,NL2008-1537203,0.25
295502,NL2007-1817852,0.125
295502,NL2007-1817880,0.125
295502,NL2009-1186402,0.25
295502,NL2004-2050252,0.125
295502,NL2001-1886550,0.125
295504,CHN2010-32-961850,0.5
295504,CHN2008-03-634998,0.25
295504,CHN2004-01-309465,0.125
295504,CHN2005-01-356357,0.125
295504,CHN2006-03-037834,0.25
295504,CHN1999-03-080057,0.125
295504,CHN1998-03-146995,0.125
295504,CHN2013-03-277254,0.5
295505,B2008-6340454,0.5
295505,B2005-6338472,0.25
295505,B97-6596425,0.125
295505,NL2001-2198844,0.125
295505,B1999-6438292,0.25
295505,B1997-6390022,0.125
295505,B1995-6246005,0.125
295505,CHN2008-03-632843,0.5
295505,CHN2007-03-528937,0.25
295505,B2002-6506934,0.125
295505,B2000-2152014,0.125
295505,CHN2007-03-528963,0.25
295505,CHN2006-03-102079,0.125
295505,CHN2005-01-356357,0.125
295507,NL2011-1740972,0.5
295507,NL2007-1817968,0.25
295507,NL2008-1537227,0.25
295507,NL2005-1394813,0.125
295507,NL1998-1215809,0.125
295507,NL1995-1942000,0.0625
295507,NL1993-2696143,0.0625
295507,NL2012-1619158,0.5
295507,NL2007-1817923,0.25
295507,NL2003-1135475,0.25
295507,NL2002-1635264,0.125
295507,NL1995-1941948,0.125
295508,CHN2015-03-0886622,0.5
295508,B2008-6340454,0.25
295508,B2005-6338472,0.125
295508,B97-6596425,0.0625
295508,NL2001-2198844,0.0625
295508,B1999-6438292,0.125
295508,B1997-6390022,0.0625
295508,B1995-6246005,0.0625
295508,NL2007-1129402,0.25
295508,NL2002-2173592,0.1875
295508,NL2000-5063949,0.125
295508,NL1998-5821416,0.09375
295508,NL1997-5700531,0.1875
295508,NL1996-1434375,0.09375
295508,NL1987-1055610,0.09375
295508,CHN2016-03-0900731,0.5
295508,NL2010-1681876,0.25
295508,NL2009-1186097,0.125
295508,NL2006-4720774,0.0625
295508,NL2004-5430805,0.03125
295508,NL2000-1975952,0.0625
295508,NL2003-1135371,0.125
295508,NL1996-2279515,0.0625
295508,NL2001-1886591,0.0625
295508,CHN2015-03-0887777,0.25
295508,NL2007-1129401,0.125
295508,B2008-6340442,0.125
29565,NL08-1548706,0.5
29565,NL05-5534870,0.25
29565,NL05-2207884,0.25
29565,NL05-1511645,0.5
29565,NL04-2019866,0.25
29565,NL06-2082999,0.25
296818,CHN2012-11-015539,0.5
296818,BELG2004-4433021,0.25
296818,B01-4489665,0.125
296818,CHN2012-11-098550,0.5
297053,NL03-1434891,0.5
297053,B01-6366694,0.25
297053,NL00-2355612,0.25
297053,B97-6592415,0.5
297053,B93-6440307,0.25
297053,B92-6162729,0.25
297301,CHN2003-10-349099,0.5
297301,CHN2007-10-380415,0.5
29737,DV01769-99,0.5
29737,DV01769-04-1020,0.5
298580,CHN2002-280620,0.5
298580,BELG96-6598403,0.25
298580,BELG96-6598402,0.25
298580,CHN2008-003029,0.5
298580,BELG01-6524829,0.25
298580,BELG04-6293153,0.25
299099,B06-6052332,0.5
299099,B97-6035966,0.5
299099,B88-6163015,0.25
299099,B97-4483920,0.125
299099,B97-6548709,0.125
299099,B85-6567043,0.25
300568,B11-6265585,0.5
300568,B05-6166202,0.25
300568,B05-6166013,0.25
300568,B06-6267022,0.5
300568,B97-6165830,0.25
300568,B04-6276330,0.25
300569,B06-6267022,0.5
300569,B97-6165830,0.25
300569,B04-6276330,0.25
300570,B06-6267022,0.5
300570,B97-6165830,0.25
300570,B04-6276330,0.25
300572,B06-6267022,0.5
300572,B97-6165830,0.25
300572,B04-6276330,0.25
300576,B06-6267400,0.5
300576,B99-6143980,0.5
300579,B11-6265585,0.5
300579,B05-6166202,0.25
300579,B05-6166013,0.25
300579,B06-6267022,0.5
300579,B97-6165830,0.25
300579,B04-6276330,0.25
300580,B06-6267400,0.5
300580,B99-6143980,0.5
300584,B08-6314622,0.5
300584,B06-6267044,0.25
300584,B01-6516466,0.25
300587,B04-6468526,0.5
300587,B02-6091917,0.25
300587,B98-6590496,0.125
300587,B90-6277377,0.125
300587,B94-6214211,0.25
300587,B81-6463237,0.125
300587,B88-6318694,0.125
300587,B03-6266193,0.5
300587,B96-6307261,0.25
300587,B92-6074700,0.25
300593,B09-6358785,0.5
300593,B06-9130877,0.5
300594,B04-4277402,0.5
300676,B11-6265585,0.5
300676,B05-6166202,0.25
300676,B05-6166013,0.25
300676,B06-6267022,0.5
300676,B97-6165830,0.25
300676,B04-6276330,0.25
301037,B99-6265178,0.5
301037,B89-6727919,0.25
303344,DV01769-99-429,0.5
303344,DV01769-02-517,0.5
303345,DV01769-99-429,0.5
303345,DV01769-04-1020,0.5
303837,CHN10-09-487418,0.5
303839,CHN07-09-018395,0.5
303839,CHN06-09-300993,0.25
303839,CHN99-09-008471,0.25
303839,CHN08-09-302796,0.5
303842,DV01769-04-1104,0.5
303842,DV09615-96-561,0.5
303842,DV07900-95-202,0.5
303842,DV01769-04-1103,0.5
303843,DV01769-04-1104,0.5
303843,DV09615-96-561,0.5
303843,DV07900-95-202,0.5
303843,DV01769-04-1103,0.5
303844,DV01769-04-1104,0.5
303844,DV09615-96-561,0.5
303844,DV07900-95-202,0.5
303844,DV01769-04-1103,0.5
303845,CHN02-15-090390,0.5
303846,DV01769-08-1172,0.5
303846,DV01769-03-44,0.25
303846,DV01769-04-1039,0.25
303846,DV01769-09-1222,0.5
303846,DV04715-04-504,0.25
303846,B03-5233115,0.25
304250,B08-6314622,0.5
304250,B06-6267044,0.25
304250,B01-6516466,0.25
304251,B06-6267022,0.5
304251,B97-6165830,0.25
304251,B04-6276330,0.25
304252,B08-3172902,0.5
304252,B07-3182016,0.25
304252,B05-5201215,0.125
304252,B07-3182013,0.25
304252,B00-3124016,0.125
304252,B97-3221726,0.125
306451,B2002-613888,0.5
306451,B1999-6308257,0.25
306451,B1996-6140714,0.25
306451,B2002-3025838,0.5
306451,B1995-3336674,0.25
306451,B1992-3138647,0.25
30690,B03-4031430,0.5
30690,B02-4147327,0.25
30690,B98-4465452,0.25
30690,B03-4031495,0.5
30690,B98-4564967,0.25
30690,B99-4011956,0.25
307716,B99-2036308,0.5
307716,B94-2061091,0.25
307716,B94-6059276,0.25
307740,NL01-5150294,0.5
307740,NL99-3151680,0.5
307747,B03-6147067,0.5
307747,B00-6551430,0.25
307747,B99-2228133,0.25
307749,B00-6190647,0.5
307749,B99-6493886,0.25
307749,B95-6637863,0.25
307959,NL08-1967352,0.5
307959,NL05-1859747,0.25
307961,NL10-4220204,0.5
307961,NL08-1967352,0.25
307961,NL05-1859747,0.125
308991,NL98-1249271,0.5
308991,NL97-1560008,0.5
309307,B11-6240042,0.5
309307,B06-6210219,0.25
309307,B05-6336636,0.25
309307,B10-6297768,0.5
309307,B05-6045015,0.25
310560,B01-6234184,0.5
310560,B92-6048500,0.25
310560,B96-6381687,0.25
310634,BE12-2035857,0.5
310634,BE10-3179303,0.25
310634,BE10-2035010,0.25
310634,BE10-3029525,0.5
311107,HU05-03-65615,0.5
311107,CHN2012-10-707896,0.5
311110,NL00-0066139,0.5
311111,NL99-9959188,0.5
311111,NL2000-0066089,0.5
312121,B01-3076095,0.5
312121,BELG2001-6255263,0.5
313283,B90-6669134,0.5
313283,B82-6380170,0.25
313283,B88-6711631,0.5
313283,B86-6271104,0.25
31338,NL05-1426497,0.5
31338,NL99-2396856,0.25
31338,NL03-1135047,0.25
31338,NL99-2360220,0.125
31338,NL01-1886536,0.125
31338,B06-6413729,0.5
31338,B04-6468625,0.25
31338,B97-6157699,0.25
313882,B04-4217115,0.5
313882,B01-4094638,0.5
313882,B99-4262223,0.25
313883,B2002-4064532,0.5
313883,B1999-4262223,0.25
313883,B1993-4655123,0.25
313883,B2000-4317176,0.5
313883,B1997-4182143,0.25
313883,B1993-4449137,0.25
31423,CHN2005-16-128099,0.5
31423,B1997-2167165,0.25
31423,NL00-2467681,0.5
31423,NL98-2588500,0.25
31423,NL93-2101473,0.25
31428,CHN2005-16-128099,0.5
31428,B1997-2167165,0.25
31428,NL00-2467681,0.5
31428,NL98-2588500,0.25
31428,NL93-2101473,0.25
31431,CHN2005-16-128099,0.5
31431,B1997-2167165,0.25
31431,NL00-2467681,0.5
31431,NL98-2588500,0.25
31431,NL93-2101473,0.25
31436,CHN2005-16-128099,0.5
31436,B1997-2167165,0.25
31436,NL00-2467681,0.5
31436,NL98-2588500,0.25
31436,NL93-2101473,0.25
314716,BE04-6430819,0.5
314716,BE02-6243472,0.25
314716,BE02-6505110,0.25
314716,BE00-6340067,0.5
314716,BE89-6606996,0.25
314716,BE92-6596037,0.25
315989,CC98-110121,0.5
315989,GL93-8503,0.25
315989,TW95-82313,0.25
315989,GL96-0236,0.5
315989,TW94-111245,0.25
315989,B89-6727915,0.25
315996,B01-6453477,0.5
315996,B04-6105159,0.5
316520,B95-6274349,0.5
316520,B94-6261231,0.25
316520,B94-6261205,0.25
316520,B93-6440331,0.5
316520,B91-6680418,0.25
316520,B89-6150123,0.25
316522,T09-260289,0.5
316522,T94-290097,0.25
316522,T94-003227,0.25
316522,T96-19441,0.5
316527,C02-298283,0.5
316527,T99-001940,0.25
316527,T01-17639,0.25
316527,C02-334858,0.5
316527,T99-532613,0.25
316527,T96-260289,0.125
316527,T99-294338,0.25
316528,T11-8880962,0.5
316528,T04-00942,0.25
316528,T99-532613,0.25
316528,T96-260289,0.125
316528,T99-294338,0.25
316528,T04-17980,0.25
316528,T10-09110,0.5
316528,C02-298283,0.25
316528,T99-001940,0.125
316528,T01-17639,0.125
316528,C02-334858,0.25
316529,B96-6621641,0.5
316529,B91-6227456,0.25
316529,B92-6162746,0.25
316529,C03-1352039,0.5
316529,B96-6598546,0.25
316530,B96-6621641,0.5
316530,B91-6227456,0.25
316530,B92-6162746,0.25
316530,C03-1352039,0.5
316530,B96-6598546,0.25
316531,T99-532613,0.5
316531,T96-260289,0.25
316531,T06-48712,0.5
316531,T04-726650,0.25
316531,C04-653493,0.25
316533,T99-02186,0.5
316533,T92-195227,0.25
316533,T93-175191,0.25
316533,T99-000915,0.5
316533,T90-0247719,0.25
316533,T88-35895,0.25
316534,T01-65692,0.5
316534,T97-366463,0.25
316534,T99-033140,0.25
316534,B97-6436271,0.5
316534,T90-0247719,0.25
316534,T88-35895,0.25
316968,B99-6493868,0.5
316968,B97-6587240,0.25
316968,B89-6611641,0.25
316989,BE99-4365061,0.5
316989,BE02-4333378,0.5
316989,BE01-4489665,0.25
316989,BE00-4065848,0.25
316989,BE93-4429368,0.125
316989,BE91-4560548,0.125
317133,B03-6108015,0.5
317133,B99-6517590,0.25
317133,B99-6553877,0.25
317133,B02-6183124,0.5
317133,B96-6404318,0.25
317133,B98-6335690,0.25
317175,BE06-4008828,0.5
317175,NL01-5150212,0.5
317175,NL90-2456019,0.25
317175,NL96-8005840,0.25
317264,BE02-6091900,0.5
317264,BE05-6166350,0.5
31749,NL96-9638356,0.5
31751,NL96-9638356,0.5
317786,B96-6621641,0.5
317786,B91-6227456,0.25
317786,B92-6162746,0.25
317786,C03-1352039,0.5
317786,B96-6598546,0.25
317799,T09-666257,0.5
317799,T04-00942,0.25
317799,T99-532613,0.125
317799,T96-260289,0.0625
317799,T99-294338,0.125
317799,T04-17980,0.25
317799,T09-888430,0.5
317799,T04-06720,0.25
317799,T06-71210,0.25
317805,T06-48710,0.5
317805,B96-6621641,0.25
317805,B91-6227456,0.125
317805,B92-6162746,0.125
317805,C03-1352039,0.25
317805,B96-6598546,0.375
317805,T07-035445,0.5
317805,B97-6604291,0.25
317809,ML02-2347806,0.5
317809,ML98-2446230,0.25
317809,B92-6162746,0.25
317809,T04-00943,0.5
317809,B96-6598546,0.25
317809,B97-6604291,0.25
317813,T99-532613,0.5
317813,T96-260289,0.25
317813,T03-1352102,0.5
317813,ML01-1618973,0.25
317816,T04-00942,0.5
317816,T99-532613,0.25
317816,T96-260289,0.125
317816,T99-294338,0.25
317816,T06-71210,0.5
317830,B04-6293197,0.5
317830,B95-6274349,0.25
317830,B94-6261231,0.125
317830,B94-6261205,0.125
317830,B93-6440331,0.25
317830,B91-6680418,0.125
317830,B89-6150123,0.125
317830,B97-6330121,0.5
317830,B91-6227456,0.25
317830,B92-6162746,0.25
317831,T99-443374,0.5
317831,T95-564789,0.25
317831,T96-723366,0.25
317831,B97-6330121,0.5
317831,B91-6227456,0.25
317831,B92-6162746,0.25
317832,T06-48708,0.5
317832,T01-65692,0.25
317832,T97-366463,0.125
317832,T99-033140,0.125
317832,B97-6436271,0.25
317832,T90-0247719,0.125
317832,T88-35895,0.125
317832,T04-06770,0.5
317832,T99-443374,0.25
317832,T95-564789,0.125
317832,T96-723366,0.125
317832,B97-6330121,0.25
317832,B91-6227456,0.125
317832,B92-6162746,0.125
317837,B04-6293197,0.5
317837,B95-6274349,0.25
317837,B94-6261231,0.125
317837,B94-6261205,0.125
317837,B93-6440331,0.25
317837,B91-6680418,0.125
317837,B89-6150123,0.125
317837,B97-6330121,0.5
317837,B91-6227456,0.25
317837,B92-6162746,0.25
317838,T05-128587,0.5
317838,B96-6598546,0.25
317838,B97-6604291,0.25
317838,T06-740521,0.5
317838,T05-207740,0.25
317838,T04-726695,0.25
317840,B96-6621641,0.5
317840,B91-6227456,0.25
317840,B92-6162746,0.25
317840,C03-1352039,0.5
317840,B96-6598546,0.25
317841,B04-6293197,0.5
317841,B95-6274349,0.25
317841,B94-6261231,0.125
317841,B94-6261205,0.125
317841,B93-6440331,0.25
317841,B91-6680418,0.125
317841,B89-6150123,0.125
317841,T06-087135,0.5
317841,B96-6621641,0.25
317841,B91-6227456,0.125
317841,B92-6162746,0.125
317841,C03-1352039,0.25
317841,B96-6598546,0.125
317842,T07-787428,0.5
317842,T06-209076,0.25
317842,T06-71669,0.25
317842,T06-71619,0.5
317842,B04-6293197,0.25
317842,B95-6274349,0.125
317842,B94-6261231,0.0625
317842,B94-6261205,0.0625
317842,B93-6440331,0.125
317842,B91-6680418,0.0625
317842,B89-6150123,0.0625
317842,T03-661978,0.25
317843,T00-439453,0.5
317843,B01-6503742,0.25
317843,B97-6330121,0.25
317843,B91-6227456,0.125
317843,B92-6162746,0.125
317843,B97-6213430,0.5
317843,T01-65692,0.25
317843,T97-366463,0.125
317843,T99-033140,0.125
317843,B97-6436271,0.25
317843,T90-0247719,0.125
317843,T88-35895,0.125
317846,B04-6105645,0.5
317846,B03-6032807,0.25
317846,B00-6460908,0.5
317846,B95-6302327,0.25
317846,B96-6541228,0.25
317851,T10-232666,0.5
317851,B04-6293197,0.25
317851,B95-6274349,0.125
317851,B94-6261231,0.0625
317851,B94-6261205,0.0625
317851,B93-6440331,0.125
317851,B91-6680418,0.0625
317851,B89-6150123,0.0625
317851,B97-6604291,0.375
317851,B05-6446704,0.5
317851,B04-6105645,0.25
317851,B03-6032807,0.125
317851,T07-035445,0.25
317851,B96-6598546,0.125
317855,T06-632335,0.5
317855,NL98-9835817,0.75
317855,NL94-7070532,0.375
317855,NL92-9207628,0.375
317856,T08-659130,0.5
317856,T06-632335,0.25
317856,NL98-9835817,0.5
317856,NL94-7070532,0.25
317856,NL92-9207628,0.25
317856,T01-024678,0.25
317856,B89-2020786,0.375
317856,B85-2555883,0.1875
317856,B85-2566525,0.1875
317856,T06-632336,0.5
317858,T08-659130,0.5
317858,T06-632335,0.25
317858,NL98-9835817,0.5
317858,NL94-7070532,0.25
317858,NL92-9207628,0.25
317858,T01-024678,0.25
317858,B89-2020786,0.375
317858,B85-2555883,0.1875
317858,B85-2566525,0.1875
317858,T06-632336,0.5
317859,T06-632335,0.5
317859,NL98-9835817,0.5
317859,NL94-7070532,0.25
317859,NL92-9207628,0.25
317859,T01-024678,0.5
317859,B89-2020786,0.25
317859,B85-2555883,0.125
317859,B85-2566525,0.125
317860,T06-632335,0.5
317860,NL98-9835817,0.5
317860,NL94-7070532,0.25
317860,NL92-9207628,0.25
317860,T01-024678,0.5
317860,B89-2020786,0.25
317860,B85-2555883,0.125
317860,B85-2566525,0.125
318033,B00-2408452,0.5
318033,B92-5331586,0.25
318033,B86-6260314,0.5
318033,B00-2408276,0.5
318033,B90-2371741,0.25
318091,B01-5028435,0.5
318091,B95-5889144,0.25
318091,B95-5000924,0.25
318091,B95-5317112,0.5
318091,B81-6688022,0.25
318091,B87-5320645,0.25
318668,NL02-5236662,0.5
318668,B99-3151698,0.25
319209,B12-4062760,0.5
319209,B08-4133279,0.5
31921,B91-6227456,0.5
31921,B92-6162746,0.5
319215,B12-4062760,0.5
319215,B08-4133279,0.5
319706,B05-4400566,0.5
319706,B11-4310030,0.5
319706,B08-4233233,0.25
319706,B08-4133232,0.25
319707,B05-4400566,0.5
319707,B11-4310030,0.5
319707,B08-4233233,0.25
319707,B08-4133232,0.25
319708,B10-4049419,0.5
319708,B03-4316042,0.5
319716,B05-4400567,0.5
319716,B98-4185270,0.25
319716,B93-4429362,0.25
319716,B08-4133213,0.5
320187,BE05-6176146,0.5
320295,BE05-6176146,0.5
320308,BE08-6338700,0.5
320308,BE06-6210110,0.25
320308,BE00-6367169,0.25
320308,BE05-6451167,0.5
320308,BE02-6256038,0.25
320308,BE95-6246005,0.25
321159,CHN09-26-183046,0.5
321159,CHN05-26-160120,0.5
321162,B01-6380137,0.5
321162,B05-6446902,0.5
32185,B03-4423451,0.5
32185,B03-4423420,0.5
32185,B99-6187545,0.25
32185,B01-6135021,0.25
32188,B98-6339888,0.5
322331,CHN10-33-098153,0.5
322331,B05-6155333,0.25
322331,B05-6166372,0.5
322635,B10-3136080,0.5
322635,B08-3109017,0.25
322635,B08-3193835,0.25
322636,B11-3082028,0.5
322636,B10-3136020,0.25
322636,B08-3109019,0.25
322636,B11-3082070,0.5
322636,B08-3109029,0.25
322636,B10-3136064,0.25
322636,B05-3105071,0.125
322636,B03-3103164,0.0625
322636,B97-32353721997,0.03125
322636,B01-3222067,0.03125
322636,B07-3107133,0.125
322637,B04-3099075,0.5
322637,B01-3076129,0.25
322637,B93-3010103,0.125
322637,B88-3307763,0.125
322637,B02-3026083,0.25
322637,B04-3104129,0.5
322637,B98-3145039,0.25
322637,B99-3221059,0.25
322811,B07-6043940,0.5
322811,B05-6045093,0.25
324820,B04-3099954,0.5
324820,B03-3131012,0.25
324820,B03-3130402,0.25
324820,B04-309903396,0.5
324820,B01-3076022,0.25
324820,B95-3263118,0.25
324834,NL05-1628438,0.5
324834,B01-3076095,0.25
324834,NL98-1512769,0.25
324834,BL97-5166166,0.125
324834,BL90-5226682,0.125
324834,B01-6182211,0.5
324834,B98-5296409,0.25
324834,B97-6523459,0.25
325347,CHN2005-15-199735,0.5
325350,NL96-2437152,0.75
325350,NL96-2437159,0.625
325350,CHN2004-15-187229,0.5
325352,NL99-9959182,0.5
325352,NL00-0064676,0.5
325694,B05-3000818,0.5
325694,B03-3103179,0.25
325694,B09-3110073,0.5
325694,B05-3105071,0.25
325694,B03-3103164,0.125
325694,B97-32353721997,0.0625
325694,B01-3222067,0.0625
325694,BE07-3107133,0.25
325699,B10-3000210,0.5
325699,B11-3082004,0.5
325699,B00-3124098,0.375
325699,B95-3336674,0.1875
325699,B92-3138672,0.09375
325699,B89-3160827,0.09375
325699,B92-3138647,0.1875
325699,B87-3089349,0.09375
325699,B88-3307763,0.09375
325699,B06-3107134,0.25
325699,B98-3145155,0.125
325701,B11-3082019,0.5
325701,B08-3109017,0.25
325701,B08-3193835,0.25
325701,B11-3082043,0.5
325701,B00-3124098,0.375
325701,B95-3336674,0.1875
325701,B92-3138672,0.09375
325701,B89-3160827,0.09375
325701,B92-3138647,0.1875
325701,B87-3089349,0.09375
325701,B88-3307763,0.09375
325701,B06-3107134,0.25
325701,B98-3145155,0.125
325705,B03-5233743,0.5
325705,B01-6182211,0.5
325705,B98-5296409,0.25
325705,B97-6523459,0.25
325706,B01-6182211,0.5
325706,B98-5296409,0.25
325706,B97-6523459,0.25
326999,B01-2137150,0.5
326999,B87-4021090,0.375
326999,B90-2553359,0.25
326999,B83-2350199,0.125
327554,CHN10-33-098153,0.5
327554,B05-6155333,0.25
327554,B05-6166372,0.5
327835,DV0135-09-910,0.5
327835,B05-6045374,0.25
327835,B05-6045522,0.25
327835,B05-6045481,0.5
327835,B00-6141430,0.375
327835,B03-6192564,0.25
327835,B00-6549576,0.125
328161,NL07-1180555,0.5
328161,NL05-1909257,0.25
328161,B05-3006862,0.25
328161,B08-6144284,0.5
328161,B03-6287245,0.25
328161,B04-6058303,0.25
329038,CHN2006-03-075859,0.5
329038,CHN18-2006-011666,0.25
329038,CHN2004-304988,0.25
330007,B96-6618305,0.5
330007,B93-6433705,0.25
330007,B89-6358226,0.25
330007,B03-6460602,0.5
330007,B92-6242005,0.25
330007,B94-6366891,0.25
330007,B82-6736965,0.125
330007,B86-6676122,0.125
330141,B07-6363154,0.5
330141,B02-6256134,0.25
330141,B95-6246200,0.25
330944,B13-4186089,0.5
330944,BELG2011-4291462,0.25
330944,BELG2012-3162831,0.25
330944,B12-4287499,0.5
331555,NL05-1554549,0.5
331555,NL03-1301744,0.25
331555,NL04-2209938,0.25
331555,NL01-2069833,0.5
331555,NL80-632953,0.25
331555,NL94-1651477,0.25
331608,NL11-1506754,0.5
331608,NL04-4173376,0.25
331608,NL07-1544651,0.25
331608,NL03-2117599,0.5
331608,NL01-2189341,0.25
331608,NL99-1209719,0.25
331613,NL12-1392739,0.5
331613,NL11-1506754,0.25
331613,NL04-4173376,0.125
331613,NL07-1544651,0.125
331613,NL03-2117599,0.25
331613,NL01-2189341,0.125
331613,NL99-1209719,0.125
331613,NL04-4173375,0.5
331613,NL02-5222563,0.25
331613,NL02-5222556,0.25
331616,NL03-2117568,0.5
331616,NL96-1890747,0.25
331616,NL95-2312399,0.25
331616,NL05-5528604,0.5
331616,NL00-1623016,0.25
331616,NL04-1753149,0.25
331618,NL07-1544636,0.5
331618,NL03-2117568,0.25
331618,NL96-1890747,0.125
331618,NL95-2312399,0.125
331618,NL05-5528604,0.25
331618,NL00-1623016,0.125
331618,NL04-1753149,0.125
331618,NL03-5326666,0.5
331618,NL96-5638678,0.25
331618,NL99-5939569,0.25
331619,NL05-5528635,0.5
331619,NL98-2373178,0.25
331619,NL94-1015169,0.25
331619,NL04-1753330,0.5
331619,NL96-1890747,0.25
331619,NL95-2312399,0.25
331620,NL03-2117620,0.5
331620,NL96-1036323,0.25
331620,NL98-1539928,0.25
331620,NL03-2117577,0.5
331620,NL01-2189288,0.25
331620,NL01-2189216,0.25
332550,B2004-6470278,0.5
332550,B2002-647846495,0.25
332550,B1995-6274320,0.25
332550,B2004-6470280,0.5
332550,B02-6478464,0.25
332550,B95-6274320,0.25
332553,C2011-20-000168,0.5
332553,NL12-1694617,0.5
332553,B03-6486765,0.25
332553,B10-6246149,0.25
332567,B03-6485765,0.5
332567,B91-6227405,0.25
332567,B97-6592444,0.25
332567,B00-6553131,0.5
332567,B95-6274330,0.25
332567,BE95-6274317,0.25
332568,B98-6589910,0.5
332568,B91-6680418,0.25
332568,B95-6274320,0.25
332568,B98-6278036,0.5
332568,B91-6227456,0.25
332568,B92-6162746,0.25
33301,B04-3236856,0.5
33301,B04-3104146,0.5
33307,B01-6523830,0.5
33307,B99-6169909,0.25
33307,B99-6557972,0.5
33307,B92-6606146,0.25
33311,B99-6185697,0.5
333201,BE10-4030339,0.5
333201,B09-4336031,0.25
333201,BE05-4281706,0.25
33331,B02-6505699,0.5
33331,B94-6582712,0.25
33332,B00-6549676,0.5
33332,B93-6405603,0.25
33332,B99-6185753,0.5
33332,B89-6040787,0.25
33332,B91-6680124,0.25
33333,B05-6449650,0.5
33333,B95-6316476,0.25
33333,B02-6299000,0.5
33333,B98-6491935,0.25
33333,B95-6647246,0.25
33334,B06-6412570,0.5
33334,B00-6548780,0.25
33334,B93-6491172,0.125
33334,B91-6685040,0.125
33334,B99-6552454,0.5
33334,B94-6434172,0.25
333364,B04-3099034,0.5
333364,B01-3076022,0.25
333364,B95-3263118,0.25
333364,B04-3099082,0.5
333364,B00-3146013,0.25
333364,B99-3020065,0.25
333364,B95-3336674,0.125
333364,B92-3138672,0.0625
333364,B89-3160827,0.0625
333364,B92-3138647,0.125
333364,B87-3089349,0.0625
333364,B88-3307763,0.0625
333376,B06-3208687,0.5
333376,B05-3185008,0.25
333376,B05-3185086,0.25
333376,B07-3141627,0.5
333376,B01-5241982,0.25
333376,B97-3221726,0.25
333575,B02-5107696,0.5
333575,B91-5166888,0.25
333575,B99-5272893,0.25
33464,B01-3264206,0.5
33464,B98-3145096,0.5
33464,B95-3166126,0.25
334661,B8-2239839,0.5
334661,B07-2228132,0.25
334661,B07-2103401,0.5
334661,B93-3354340,0.25
334661,B04-3230936,0.25
334661,BE00-3200601,0.125
334661,B98-3158062,0.125
335291,CHN2012-06-209277,0.5
335291,CHN2010-06-041086,0.5
335296,CHN2013-33-112957,0.5
335296,B2011-6265386,0.25
335296,B2011-2083439,0.25
335296,CHN11-06-167799,0.5
33535,B03-6319362,0.5
33535,B96-6490451,0.25
33535,B97-6270450,0.5
33535,B91-6680124,0.25
335385,B12-2168689,0.5
335385,BO7-9000937,0.5
335388,CHN11-03-585497,0.5
335388,B95-3328979,0.25
335388,B01-3261283,0.25
335388,B10-4020268,0.5
335388,B99-3173769,0.25
335388,B08-3069096,0.25
335402,B08-6374766,0.5
335402,B03-6086112,0.25
335402,B03-6460062,0.25
335402,B92-6242005,0.125
335402,B94-6366891,0.125
335402,B82-6736965,0.0625
335402,B86-6676122,0.0625
335534,B03-3198115,0.5
335534,B95-3328979,0.25
335534,B01-3261283,0.25
335534,CHN13-03-078650,0.5
335534,B99-3173769,0.25
335534,B08-3069096,0.25
335768,B07-6140139,0.5
335768,B03-6437232,0.25
335768,B03-6437222,0.25
335768,B06-6185483,0.5
335768,B01-6080646,0.25
335768,B00-6032099,0.25
335769,B06-6414600,0.5
335769,B02-6051754,0.25
335769,B96-9693614,0.125
335769,B91-6178257,0.125
335769,B03-6437345,0.25
335770,B06-6414603,0.5
335770,B02-6051754,0.25
335770,B96-9693614,0.125
335770,B91-6178257,0.125
335770,B03-6437345,0.25
335770,B10-6217260,0.5
335770,B09-6240841,0.25
335770,B07-6140215,0.25
335770,B02-6051523,0.125
335770,B97-6101055,0.125
335772,B11-6289680,0.5
335772,B10-6217260,0.5
335772,B09-6240841,0.25
335772,B07-6140215,0.25
335772,B02-6051523,0.125
335772,B97-6101055,0.125
335775,B11-5093274,0.5
335775,B10-5189940,0.25
335775,B06-1437228,0.25
335775,B10-6217260,0.5
335775,B09-6240841,0.25
335775,B07-6140215,0.25
335775,B02-6051523,0.125
335775,B97-6101055,0.125
335781,B95-036,0.5
335781,B03-6226034,0.25
335788,B95-036,0.5
335788,B03-6226034,0.25
33579,B03-3023368,0.5
335790,B95-036,0.5
335790,B03-6226034,0.25
335791,B95-036,0.5
335791,B03-6226034,0.25
336191,B07-6076600,0.5
336191,B97-6165917,0.25
336191,B03-6266353,0.125
336608,B10-6127240,0.5
336608,B06-6414560,0.25
336608,B07-6140010,0.25
336608,B04-6208161,0.5
336608,B96-6100120,0.25
336608,B95-6536121,0.25
336609,B04-6208086,0.5
336609,B03-6437277,0.25
336609,B00-6032021,0.25
336609,B04-6208161,0.5
336609,B96-6100120,0.25
336609,B95-6536121,0.25
336611,B07-6388666,0.5
336611,B02-6051754,0.25
336611,B96-9693614,0.25
336611,B91-6178257,0.125
336611,B04-6208164,0.25
336611,B94-6093632,0.125
336611,B83-6528577,0.0625
336611,B85-6392475,0.0625
336611,B01-6053290,0.5
336611,B96-6100105,0.25
336611,B99-6339490,0.25
336612,B07-63914132001,0.5
336612,B07-6140038,0.5
336612,B02-6051523,0.25
336612,B97-6101055,0.25
336613,B07-6391390,0.5
336613,B02-6051618,0.25
336613,B04-6208161,0.25
336613,B96-6100120,0.125
336613,B95-6536121,0.125
336613,B07-6140114,0.5
336613,B02-6051772,0.25
336613,B03-6437131,0.25
336615,B09-62407412012,0.5
336615,B08-62327542012,0.25
336615,B08-6232796,0.25
336615,B07-6388607,0.5
336615,B02-6051754,0.25
336615,B96-9693614,0.25
336615,B91-6178257,0.125
336615,B04-6208164,0.25
336615,B94-6093632,0.125
336615,B83-6528577,0.0625
336615,B85-6392475,0.0625
337576,NL99-5918273,0.5
337576,NL95-5516098,0.25
337576,NL95-5526101,0.25
337833,NL05-1672021,0.5
337833,NL00-2327269,0.5
338290,C09-03-678192,0.5
338290,C1101-639741,0.5
338312,B05-2143379,0.5
338312,B91-2306167,0.25
338674,BEL02-5051207,0.5
338674,BEL95-5208339,0.25
338674,B00-2408703,0.25
338674,B95-2479987,0.125
338786,B02-6051657,0.5
338786,B99-6082059,0.25
338786,B99-6082066,0.25
338786,B05-6306292,0.5
338786,B03-6437325,0.25
338786,B97-6101027,0.125
338786,B02-6051777,0.125
338786,B00-6032231,0.25
338786,B94-6093575,0.125
338786,B90-6331119,0.125
338787,B02-6051754,0.5
338787,B96-9693614,0.5
338787,B91-6178257,0.25
338787,B04-6208164,0.5
338787,B94-6093632,0.25
338787,B83-6528577,0.125
338787,B85-6392475,0.125
338792,B05-6306355,0.5
338792,B01-6080646,0.25
338792,B00-6032099,0.25
338792,B94-6093632,0.5
338792,B83-6528577,0.25
338792,B85-6392475,0.25
338816,B06-6414603,0.5
338816,B02-6051754,0.25
338816,B96-9693614,0.125
338816,B91-6178257,0.125
338816,B03-6437345,0.25
338816,B05-6306269,0.5
338816,B04-6208128,0.25
338816,B00-6032116,0.25
338823,B06-6185566,0.5
338823,B03-0383362,0.25
338823,B97-6101055,0.5
338823,B07-6140038,0.5
338823,B02-6051523,0.25
338837,B12-6225774,0.5
338837,B06-6185454,0.25
338837,B07-6140197,0.25
338837,B11-6289679,0.5
338837,B06-6185492,0.25
338837,B07-4373192,0.25
338837,B99-4262223,0.125
338837,B04-4437282,0.125
338840,B04-6208207,0.5
338840,NL96-9693614,0.25
338840,B94-6093632,0.25
338840,B83-6528577,0.125
338840,B85-6392475,0.125
338840,B07-61401192001,0.5
338840,B06-6185559,0.25
338840,B01-6053290,0.25
338840,B96-6100105,0.125
338840,B99-6339490,0.125
338842,B08-6232780,0.5
338842,B07-6140250,0.25
338842,B94-6093632,0.25
338842,B83-6528577,0.125
338842,B85-6392475,0.125
338842,B10-6217260,0.5
338842,B09-6240841,0.25
338842,B07-6140215,0.25
338842,B02-6051523,0.125
338842,B97-6101055,0.125
339002,B01-3076129,0.5
339002,B93-3010103,0.25
339002,B88-3307763,0.375
339002,B02-3026089,0.5
339002,B95-3336674,0.25
339002,B92-3138672,0.125
339002,B89-3160827,0.125
339002,B92-3138647,0.25
339002,B87-3089349,0.125
339011,B12-6325770,0.5
339011,B02-6051657,0.25
339011,B99-6082059,0.125
339011,B99-6082066,0.125
339011,B05-6306292,0.25
339011,B03-6437325,0.125
339011,B97-6101027,0.0625
339011,B02-6051777,0.0625
339011,B00-6032231,0.125
339011,B94-6093575,0.0625
339011,B90-6331119,0.0625
339011,B09-6240935,0.5
339011,B06-6185559,0.25
339011,B2004-6208297,0.25
339011,B94-6093587,0.125
339011,B96-6100246,0.125
339014,B06-6185409,0.5
339014,B00-6032249,0.25
339014,B99-6082046,0.25
339014,B00-6032008,0.5
339014,B99-6082176,0.25
339014,B93-6670110,0.25
339016,B08-6314776,0.5
339016,B04-6276331,0.25
339016,B97-6165917,0.25
339016,B03-6266353,0.125
339016,B07-6076618,0.5
339016,B05-6448106,0.25
339016,B99-6143980,0.25
339017,B08-6314776,0.5
339017,B04-6276331,0.25
339017,B97-6165917,0.25
339017,B03-6266353,0.125
339017,B07-6076618,0.5
339017,B05-6448106,0.25
339017,B99-6143980,0.25
339019,B05-6168668,0.5
339019,B97-6206715,0.25
339019,B02-6092827,0.25
339019,B03-6266193,0.5
339019,B96-6307261,0.25
339019,B92-6074700,0.25
339021,B13-6080431,0.5
339021,B11-6265287,0.25
339021,B08-6314622,0.125
339021,B06-6267044,0.0625
339021,B01-6516466,0.0625
339021,B11-6265281,0.25
339021,B03-6266193,0.5
339021,B96-6307261,0.25
339021,B92-6074700,0.25
339023,B11-6265444,0.5
339023,B06-6267400,0.25
339023,B99-6143980,0.5
339023,B07-6076618,0.5
339023,B05-6448106,0.25
339025,B11-6265448,0.5
339025,B07-6076351,0.25
339025,B05-6448135,0.125
339025,B04-6277729,0.0625
339025,B02-6106932,0.03125
339025,B00-6243714,0.015625
339025,B00-6243597,0.015625
339025,B96-6600523,0.03125
339025,B95-6427760,0.015625
339025,N92-6208105,0.015625
339025,B97-6165725,0.0625
339025,B96-6223374,0.03125
339025,B96-6223331,0.03125
339025,B08-6314622,0.25
339025,B06-6267044,0.125
339025,B01-6516466,0.125
339025,B03-6266193,0.5
339025,B96-6307261,0.25
339025,B92-6074700,0.25
339027,B12-6236008,0.5
339027,B09-6222815,0.25
339027,B08-6314620,0.25
339027,B10-6038399,0.5
339027,B09-6358270,0.25
339027,B99-6143980,0.25
339029,B09-6222554,0.5
339029,B08-6314776,0.25
339029,B04-6276331,0.125
339029,B97-6165917,0.125
339029,B03-6266353,0.0625
339029,B07-6076618,0.25
339029,B05-6448106,0.125
339029,B99-6143980,0.125
339029,B03-6266193,0.5
339029,B96-6307261,0.25
339029,B92-6074700,0.25
339033,B09-6222668,0.5
339033,B02-6091489,0.25
339033,B01-6255015,0.25
339033,B02-6092673,0.5
339033,B97-6364092,0.25
339033,B96-6223435,0.25
339035,B13-6080431,0.5
339035,B11-6265287,0.25
339035,B08-6314622,0.125
339035,B06-6267044,0.0625
339035,B01-6516466,0.0625
339035,B11-6265281,0.25
339035,B03-6266193,0.5
339035,B96-6307261,0.25
339035,B92-6074700,0.25
339123,BE03-6457591,0.5
340059,B07-510175,0.5
340059,B98-9147107,0.25
340059,B98-9147129,0.25
340815,CHN2012-11-098594,0.5
340815,CHN2013-11-002105,0.5
340942,B08-6383041,0.5
340942,B00-6480541,0.25
340942,B02-6183100,0.25
340942,B08-6383049,0.5
340942,B97-6421504,0.25
340942,B01-6345101,0.25
341302,B08-4347741,0.5
341302,B05-4126057,0.25
341302,B05-4126351,0.25
341302,B08-4347712,0.5
341851,B09-3040149,0.5
341851,B08-3037512,0.25
341851,B06-2158233,0.25
342531,B88-6717673,0.75
342531,GL93-3993,0.375
342531,B98-3200237,0.375
342531,CC2002-1043,0.5
342531,B88-6725723,0.25
343293,NL2004-2248536,0.5
343293,NL08-1760960,0.25
343293,NL03-1387087,0.125
343293,NL04-1069173,0.125
343390,BE09-5052486,0.5
343390,BE06-4112378,0.25
343390,B03-4146313,0.125
343390,B00-4065892,0.125
343390,BE99-5007704,0.25
343390,BE09-6111600,0.5
343390,BE08-6259169,0.25
343390,BE05-6054214,0.125
343390,BE95-6278009,0.0625
343390,BE05-6054295,0.125
343390,BE98-6185637,0.0625
343390,BE02-6354241,0.0625
343390,BE94-6366938,0.03125
343390,BE98-6335690,0.25
343390,BE96-6404318,0.125
343390,BE92-6235626,0.125
343556,B08-4061038,0.5
343556,B05-4402403,0.25
343556,B05-4033597,0.25
343556,B99-4393436,0.5
343556,B85-2566545,0.25
343556,B90-4002911,0.25
343563,B05-4400567,0.5
343563,B98-4185270,0.25
343563,B93-4429362,0.25
343563,B02-4333378,0.5
343563,B93-4429368,0.25
343563,B00-4065848,0.25
343612,CHN2012-10-108332,0.5
343612,CHN10-10-080690,0.25
343612,CHN2009-10-500943,0.25
343612,CHN2007-10-179908,0.125
343612,DV147-03-674,0.125
343612,CHN2012-10-069968,0.5
343762,B07-3182016,0.5
343762,B05-5201215,0.25
343762,B07-3182013,0.5
343762,B00-3124016,0.25
343762,B97-3221726,0.25
343768,B07-3182016,0.5
343768,B05-5201215,0.25
343768,B07-3182013,0.5
343768,B00-3124016,0.25
343768,B97-3221726,0.25
343774,B07-3182016,0.5
343774,B05-5201215,0.25
343774,B07-3182013,0.5
343774,B00-3124016,0.25
343774,B97-3221726,0.25
343777,B09-3128165,0.5
343777,B04-3100865,0.25
343777,B03-3056509,0.25
343777,B09-3127919,0.5
343777,B08-3172901,0.25
343777,B07-3182016,0.125
343777,B05-5201215,0.0625
343777,B07-3182013,0.125
343777,B00-3124016,0.0625
343777,B97-3221726,0.0625
343777,B07-3108722,0.25
343839,B02-3249938,0.5
343839,B02-3027973,0.5
343839,B95-3062847,0.25
343839,B00-3124769,0.25
343842,B95-3062847,0.5
343842,B00-3124769,0.5
344038,B08-6238860,0.5
344038,B97-4483920,0.375
344038,B02-6270286,0.25
344038,B97-6548709,0.125
344038,B07-6147042,0.5
344038,B03-6384606,0.25
344038,B05-6300565,0.25
344204,CHN2012-10-108339,0.5
344204,CHN09-10-515036,0.25
344204,CHN2009-10-569332,0.25
344204,CHN2009-10-500943,0.5
344204,CHN2007-10-179908,0.25
344204,DV147-03-674,0.25
344393,B06-3005769,0.5
344393,B97-3294183,0.25
344393,B98-3146806,0.25
344393,B08-3172902,0.5
344393,B07-3182016,0.25
344393,B05-5201215,0.125
344393,B07-3182013,0.25
344393,B00-3124016,0.125
344393,B97-3221726,0.125
344401,B09-3127491,0.5
344401,B08-3005203,0.25
344401,B06-3005719,0.25
344401,B08-3172902,0.5
344401,B07-3182016,0.25
344401,B05-5201215,0.125
344401,B07-3182013,0.25
344401,B00-3124016,0.125
344401,B97-3221726,0.125
344465,BELG08-6338325,0.5
344465,B00-6545658,0.25
344465,B02-6503571,0.25
344465,CHN11-15-060550,0.5
344465,BELG90-6652120,0.25
344465,BELG93-6621023,0.25
344575,B02-6183084,0.5
344575,B00-6540682,0.25
344575,B00-6485499,0.25
344575,B98-6429618,0.125
344575,B97-6423539,0.125
344649,BE10-6,0.5
344649,B07-6033105,0.5
344649,B02-6183145,0.25
344649,B01-6345099,0.25
344697,B05-5210511,0.5
344697,B99-4365061,0.5
344697,B02-4333378,0.5
344697,B93-4429368,0.25
344697,B00-4065848,0.25
344697,B07-4373754,0.5
344732,B12-3162891,0.5
344732,B10-3047084,0.25
344732,B04-3230881,0.125
344732,B99-3199708,0.125
344732,B95-3211364,0.0625
344732,B91-3204047,0.0625
344732,B03-3240765,0.25
344732,B98-2098681,0.125
344732,B98-3158062,0.125
344732,B11-3008428,0.5
344732,B08-1548996,0.25
344735,B08-3172821,0.5
344962,B95-036,0.5
344962,B03-6226034,0.25
345013,B11-6332704,0.5
345030,B00-5244073,0.5
345030,B96-6938419,0.25
345030,B96-6038485,0.25
345030,B00-5143517,0.5
345030,B94-6108650,0.25
345030,B96-6038445,0.25
345065,B99-5268097,0.625
345065,B96-6938419,0.375
345065,B96-6038485,0.375
345065,B99-5268087,0.5
345065,B06-5010638,0.25
345065,B00-5244073,0.125
345065,B00-5143517,0.125
345065,B94-6108650,0.0625
345065,B96-6038445,0.0625
345065,B2003-5063091,0.25
345578,NL03-1425717,0.5
345578,NL97-1887374,0.25
345578,B04-5199512,0.5
345578,B02-5099601,0.25
345578,NL94-2057306,0.25
345641,BE05-4408025,0.5
345641,BE07-4014480,0.5
345715,B00-5244073,0.5
345715,B96-6938419,0.25
345715,B96-6038485,0.25
345715,B00-5143517,0.5
345715,B94-6108650,0.25
345715,B96-6038445,0.25
345769,NL07-1183432,0.5
345769,B02-6175791,0.25
345769,B97-6162118,0.1875
345769,B99-6381018,0.125
345769,B94-6336112,0.0625
345769,B04-6177653,0.25
345769,B98-6421220,0.125
345769,B99-2396264,0.125
345769,CHN11-04-757775,0.5
345769,DV07-08857-401,0.25
345769,NL05-1936842,0.125
345769,NL99-2308215,0.125
345769,NL95-1091674,0.0625
345769,NL98-5821416,0.0625
345769,B09-6047528,0.25
345808,CHN12-01-973577,0.5
345808,NL07-1183432,0.25
345808,B02-6175791,0.375
345808,B97-6162118,0.28125
345808,B99-6381018,0.1875
345808,B94-6336112,0.09375
345808,B04-6177653,0.375
345808,B98-6421220,0.1875
345808,B99-2396264,0.1875
345808,CHN11-04-757775,0.25
345808,DV07-08857-401,0.125
345808,NL05-1936842,0.0625
345808,NL99-2308215,0.0625
345808,NL95-1091674,0.03125
345808,NL98-5821416,0.03125
345808,B09-6047528,0.125
345808,NL07-1183431,0.5
345817,CHN12-01-973577,0.5
345817,NL07-1183432,0.25
345817,B02-6175791,0.375
345817,B97-6162118,0.28125
345817,B99-6381018,0.1875
345817,B94-6336112,0.09375
345817,B04-6177653,0.375
345817,B98-6421220,0.1875
345817,B99-2396264,0.1875
345817,CHN11-04-757775,0.25
345817,DV07-08857-401,0.125
345817,NL05-1936842,0.0625
345817,NL99-2308215,0.0625
345817,NL95-1091674,0.03125
345817,NL98-5821416,0.03125
345817,B09-6047528,0.125
345817,NL07-1183431,0.5
346325,CHN11-01-629909,0.5
346325,CHN09-01-500774,0.25
346325,CHN10-60-665000,0.25
346326,CHN11-01-629909,0.5
346326,CHN09-01-500774,0.25
346326,CHN10-60-665000,0.25
346356,B07-6378086,0.5
346356,B98-4298129,0.25
346356,B04-3099198,0.25
346356,CHN11-04-757111,0.5
346356,NL09-1084832,0.25
346356,B05-6453376,0.25
347028,B95-036,0.5
347028,B03-6226034,0.25
347030,B95-036,0.5
347030,B03-6226034,0.25
347034,B95-036,0.5
347034,B03-6226034,0.25
347044,B95-036,0.5
347044,B03-6226034,0.25
347052,B95-036,0.5
347052,B03-6226034,0.25
347062,B95-036,0.5
347062,B03-6226034,0.25
347064,B95-036,0.5
347064,B03-6226034,0.25
347075,B95-036,0.5
347075,B03-6226034,0.25
347096,B95-036,0.5
347096,B03-6226034,0.25
347099,B95-036,0.5
347099,B03-6226034,0.25
347101,B95-036,0.5
347101,B03-6226034,0.25
347339,B11-6240234,0.5
347339,B08-6374766,0.25
347339,B03-6086112,0.125
347339,B03-6460062,0.125
347339,B92-6242005,0.0625
347339,B94-6366891,0.0625
347339,B82-6736965,0.03125
347339,B86-6676122,0.03125
347339,B04-6470741,0.25
347339,B98-6522029,0.125
347339,B97-6390147,0.125
347339,B11-6240231,0.5
347746,CHN11-04-750869,0.5
347746,DV07-08857-401,0.375
347746,NL05-1936842,0.1875
347746,NL99-2308215,0.1875
347746,NL95-1091674,0.09375
347746,NL98-5821416,0.09375
347746,NL07-1207650,0.25
347746,NL04-4784455,0.125
347746,NL04-1389690,0.125
347746,CHN12-01-973580,0.5
347746,NL07-1183432,0.25
347746,B02-6175791,0.125
347746,B97-6162118,0.09375
347746,B99-6381018,0.0625
347746,B94-6336112,0.03125
347746,B04-6177653,0.125
347746,B98-6421220,0.0625
347746,B99-2396264,0.0625
347746,CHN11-04-757775,0.25
347746,B09-6047528,0.125
347752,CHN11-04-750869,0.5
347752,DV07-08857-401,0.375
347752,NL05-1936842,0.1875
347752,NL99-2308215,0.1875
347752,NL95-1091674,0.09375
347752,NL98-5821416,0.09375
347752,NL07-1207650,0.25
347752,NL04-4784455,0.125
347752,NL04-1389690,0.125
347752,CHN12-01-973580,0.5
347752,NL07-1183432,0.25
347752,B02-6175791,0.125
347752,B97-6162118,0.09375
347752,B99-6381018,0.0625
347752,B94-6336112,0.03125
347752,B04-6177653,0.125
347752,B98-6421220,0.0625
347752,B99-2396264,0.0625
347752,CHN11-04-757775,0.25
347752,B09-6047528,0.125
349446,BEO7-6386761,0.5
349446,BO2-6183145,0.25
349446,BEO7-6386756,0.5
349446,BO4-6307341,0.25
349446,B00-6480508,0.25
349456,B03-6108015,0.5
349456,B99-6517590,0.25
349456,B99-6553877,0.25
349483,BELG1992-6459552,0.5
349483,BELG2000-2202786,0.25
349483,BELG1999-6214965,0.25
349483,CHN2008-06-245330,0.5
349483,BELG1997-6364004,0.25
349483,BELG1998-6210345,0.25
349490,CHN2006-32-041888,0.5
349490,CHN2003-32-117620,0.25
349490,BELG2003-3131123,0.25
351592,B05-6155333,0.5
352413,B05-6166321,0.5
352413,B02-6091707,0.25
352413,B94-6214211,0.25
352413,B81-6463237,0.125
352413,B88-6318694,0.125
352417,B98-6594049,0.5
352417,B99-6143621,0.5
352417,B98-62140407,0.25
352417,B94-6214211,0.25
352417,B81-6463237,0.125
352417,B88-6318694,0.125
352418,B98-6594049,0.5
352418,B99-6143621,0.5
352418,B98-62140407,0.25
352418,B94-6214211,0.25
352418,B81-6463237,0.125
352418,B88-6318694,0.125
352551,B04-6095801,0.5
352551,B05-6045015,0.5
352563,B08-6368070,0.5
352571,B04-6095801,0.5
352571,B05-6045015,0.5
352604,CHN2013-06-196998,0.5
352604,CHN2012-06-209777,0.5
352618,CHN2013-06-196997,0.5
352618,CHN2012-06-210000,0.5
352761,B04-6073742,0.5
352761,B01-6455003,0.5
352761,B95-6302321,0.25
352761,B98-6160968,0.25
353795,B05-6038424,0.5
353795,B94-6081498,0.25
353795,B02-6035319,0.25
353795,B98-6085234,0.5
353795,B94-6388921,0.25
353795,B96-6049909,0.25
354561,BE11-5005801,0.5
354561,BE02-2184493,0.25
354561,BE10-5031759,0.5
354561,BE08-5061655,0.25
354561,BE06-5150300,0.25
354958,B05-6170761,0.5
354958,B02-6186032,0.25
354958,B01-6351574,0.25
354958,B09-6355801,0.5
354958,B05-6208435,0.25
354958,B07-6389170,0.25
354959,B09-6181231,0.5
354959,B04-6356682,0.25
354959,B07-6385730,0.25
354959,B08-6175174,0.5
354959,B05-6170705,0.25
354959,B01-6351574,0.25
354960,B08-6175028,0.5
354960,B04-6300880,0.25
354960,B04-6300833,0.25
354960,B08-6175181,0.5
354960,B02-6186032,0.25
354960,B01-6351574,0.25
354963,B12-6100999,0.5
354963,B06-6115067,0.25
354963,B07-6379616,0.25
354963,B06-6036180,0.5
354963,B02-6186032,0.25
354963,B01-6351574,0.25
354964,B09-6181231,0.5
354964,B04-6356682,0.25
354964,B07-6385730,0.25
354964,B08-6175174,0.5
354964,B05-6170705,0.25
354964,B01-6351574,0.25
354966,B08-6175028,0.5
354966,B04-6300880,0.25
354966,B04-6300833,0.25
354966,B08-6175181,0.5
354966,B02-6186032,0.25
354966,B01-6351574,0.25
355893,B06-3131096,0.5
355893,B06-3004383,0.5
355894,B06-3131096,0.5
355907,B00-3124739,0.5
355907,B00-3148002,0.5
355909,B05-3188726,0.5
355909,B97-3294183,0.25
355909,B98-3146806,0.25
355909,B05-3192693,0.5
355909,B00-3124739,0.25
355909,B00-3148002,0.25
355911,B05-3188726,0.5
355911,B97-3294183,0.25
355911,B98-3146806,0.25
355911,B05-3192693,0.5
355911,B00-3124739,0.25
355911,B00-3148002,0.25
355914,B09-3128085,0.5
355914,B06-3005670,0.25
356288,NL10-2014749,0.5
356309,C96-422165,0.5
356309,C96-239714,0.5
35645,B87-3089349,0.5
35645,B02-3025837,0.5
356711,BELG08-6338325,0.5
356711,B00-6545658,0.25
356711,B02-6503571,0.25
356711,CHN11-15-060550,0.5
356711,BELG90-6652120,0.25
356711,BELG93-6621023,0.25
356857,DV05714-01-837,0.5
356857,DV03236-97-92,0.25
356857,DV03236-97-26,0.25
356857,DV01654-02-1873,0.5
356857,B01-6098509,0.25
356857,NL01-1048239,0.25
35689,B03-4290040,0.5
35689,B99-4393735,0.25
35689,B00-4065903,0.25
35689,B01-4497683,0.5
35689,B97-4263008,0.25
35689,B94-4438219,0.25
356909,B97-2378787,0.5
356909,B85-6580826,0.25
356909,DV03661-93-400400,0.25
356909,DV03661-00-907,0.5
356909,B81-6688022,0.25
356909,B84-6560571,0.25
356911,B97-2378786,0.5
356911,B85-6580826,0.5
356911,DV03661-93-400,0.25
356911,B98-2425539,0.5
356911,D03661-94-100,0.25
356912,B98-2366924100,0.5
356912,B85-6580826,0.25
356912,DV03661-94-100,0.25
356912,B96-6515027,0.5
356912,B81-6688022,0.25
356912,B85-6580715,0.25
356914,B07-2015377,0.5
356914,B98-2366924100,0.25
356914,B85-6580826,0.375
356914,DV03661-94-100,0.125
356914,B96-6515027,0.25
356914,B81-6688022,0.125
356914,B85-6580715,0.125
356914,B98-2425539,0.5
356914,D03661-94-100,0.25
35703,B00-4524225,0.5
35703,B95-4148211,0.25
35703,B94-4578836,0.25
35703,B01-4497683,0.5
35703,B97-4263008,0.25
35703,B94-4438219,0.25
357841,B04-5026397,0.75
357841,B03-5071209,0.375
357841,B01-6182211,0.375
357841,B98-5296409,0.1875
357841,B97-6523459,0.1875
357841,B2006-5054807,0.5
357841,B98-5075161,0.25
357841,B93-5314244,0.125
357841,B93-5139333,0.125
358114,BE09-2231747,0.5
358114,BE04-2063218,0.25
358114,BE05-4130443,0.25
358114,BE08-4355789,0.5
358114,BE03-4343099,0.25
358114,BE03-4343129,0.25
358133,B01-2338048,0.5
358838,B04-6277729,0.5
358838,B02-6106932,0.25
358838,B00-6243714,0.125
358838,B00-6243597,0.125
358838,B96-6600523,0.25
358838,B95-6427760,0.125
358838,N92-6208105,0.125
358838,B97-6165725,0.5
358838,B96-6223374,0.25
358838,B96-6223331,0.25
359353,B10-2007035,0.5
359353,B09-5183351,0.25
359353,B07-5100921,0.25
359355,B10-2007035,0.5
359355,B09-5183351,0.25
359355,B07-5100921,0.25
359751,NL01-1135400,0.5
359751,B01-6041448,0.5
360620,NL79-342670,0.5
360620,NL76-1837108,0.5
360620,NL01-1822826,0.25
360958,NL03-1425717,0.5
360958,NL97-1887374,0.25
360958,NL00-2305675,0.5
360958,NL92-1650277,0.25
360977,B07-2052186,0.5
360977,B04-2244914,0.25
360977,B04-2244951,0.25
360977,B04-2244921,0.5
360977,B99-2049741,0.25
360977,B03-6358831,0.25
360982,B07-2052186,0.5
360982,B04-2244914,0.25
360982,B04-2244951,0.25
360982,B04-2244921,0.5
360982,B99-2049741,0.25
360982,B03-6358831,0.25
360986,B07-2052186,0.5
360986,B04-2244914,0.25
360986,B04-2244951,0.25
360986,B04-2244921,0.5
360986,B99-2049741,0.25
360986,B03-6358831,0.25
361076,B08-4349387,0.5
361076,B05-4408025,0.25
361076,B03-4162060,0.25
361076,B08-4028275,0.5
361076,B02-4264199,0.25
361076,B07-4053250,0.25
361077,B08-4349387,0.5
361077,B05-4408025,0.25
361077,B03-4162060,0.25
361077,B08-4028275,0.5
361077,B02-4264199,0.25
361077,B07-4053250,0.25
361078,B10-5143363,0.5
361078,B03-3131053,0.25
361078,NL07-5729683,0.25
361078,B05-3224569,0.5
361078,B97-6539152,0.25
361078,B98-3158062,0.25
361091,NL07-5729679,0.5
361091,NL04-1069270,0.25
361091,NL98-1512769,0.25
361091,BL97-5166166,0.125
361091,BL90-5226682,0.125
361091,B05-3224569,0.5
361091,B97-6539152,0.25
361091,B98-3158062,0.25
361094,B11-5113476,0.5
361094,B10-5143388,0.25
361094,B10-5143165,0.25
361094,B05-3224569,0.5
361094,B97-6539152,0.25
361094,B98-3158062,0.25
361096,B06-6360433,0.5
361096,B01-6453447,0.25
361096,B04-6105159,0.25
361096,B07-6007324,0.5
361096,B00-6552037,0.25
361096,B01-6001301,0.25
361696,NL2007-1786382,0.5
361696,NL2001-1847324,0.25
361696,NL2005-2187237,0.25
361696,NL2003-1135048,0.5
361696,NL1999-2360220,0.25
361696,NL2001-1886536,0.25
361900,B99-6061109,0.5
361900,B95-6226954,0.25
361900,B97-6201401,0.25
362015,B95-3336674,0.5
362015,B92-3138672,0.25
362015,B89-3160827,0.25
362015,B92-3138647,0.5
362015,B87-3089349,0.25
362015,B88-3307763,0.25
362131,B13-4193744,0.5
362131,B10-3100179,0.5
362135,B07-3011001,0.5
362135,B08-3055160,0.5
362436,NL95-2013000,0.5
362436,NL88-1918564,0.25
362436,NL86-721087,0.25
362436,NL00-1676212,0.5
362436,BE92-6685680,0.25
362436,NL93-2353516,0.25
362438,B99-4393727,0.5
362438,B01-6182211,0.5
362438,B98-5296409,0.25
362438,B97-6523459,0.25
362450,B2001-6255046,0.5
362450,B98-6210407,0.25
362450,B96-3121904,0.125
362450,B90-6277397,0.125
362450,B94-6214211,0.25
362450,B81-6463237,0.125
362450,B88-6318694,0.125
362450,B2000-6156270,0.5
362450,B87-2297197,0.25
362450,B1990-6277397,0.25
362558,B02-6183099,0.5
362558,B00-6345097,0.25
362558,B98-6335690,0.25
362558,B06-6034719,0.5
362788,B00-6448062,0.5
362788,B95-3274306,0.5
363094,B10-6347254,0.5
363094,B09-6356713,0.25
363094,B08-6385220,0.25
363094,NL04-5431146,0.5
363094,NL02-5252114,0.25
363094,NL01-5166226,0.25
363190,NL04-5435669,0.5
363190,NL03-1773737,0.25
363190,NL03-5340519,0.25
363190,NL04-1425561,0.5
363190,NL98-1983068,0.25
363190,NL96-1474648,0.25
363204,NL11-1503486,0.5
363204,NL10-1164534,0.25
363204,B09-6370126,0.25
363204,NL08-5818820,0.5
363204,B06-6410633,0.25
363204,NL04-1432243,0.25
363281,B12-3050028,0.5
363281,B09-3127491,0.25
363281,B08-3005203,0.125
363281,B06-3005719,0.125
363281,B08-3172902,0.25
363281,B07-3182016,0.125
363281,B05-5201215,0.0625
363281,B07-3182013,0.125
363281,B00-3124016,0.0625
363281,B97-3221726,0.0625
363281,B07-6258800,0.5
363281,B04-6467302,0.25
363281,B97-6270490,0.125
363281,B93-6681396,0.125
363281,B00-6548780,0.25
363281,B93-6491172,0.125
363281,B91-6685040,0.125
363283,B11-3008420,0.5
363283,B08-3172901,0.25
363283,B07-3182016,0.25
363283,B05-5201215,0.125
363283,B07-3182013,0.25
363283,B00-3124016,0.125
363283,B97-3221726,0.125
363283,B08-3172902,0.25
363283,B10-3163513,0.5
363283,B05-3188835,0.25
363283,B09-3021759,0.25
363287,B13-3031571,0.5
363287,B12-3050007,0.25
363287,B11-3008440,0.25
363287,B12-3050036,0.5
363287,B06-3005769,0.25
363287,B97-3294183,0.125
363287,B98-3146806,0.125
363287,B08-3172902,0.25
363287,B07-3182016,0.125
363287,B05-5201215,0.0625
363287,B07-3182013,0.125
363287,B00-3124016,0.0625
363287,B97-3221726,0.0625
363298,B10-3163911,0.5
363303,B09-3128085,0.5
363303,B06-3005670,0.25
363305,B06-3131096,0.5
363305,B06-3004383,0.5
363312,B11-3008127,0.5
363312,B04-3178402,0.25
363312,B09-3128131,0.25
363312,B12-3162870,0.5
363312,B02-3255938,0.25
363312,B07-3008347,0.25
363336,B11-6332494,0.5
363336,B10-6052306,0.25
363336,B03-6277483,0.25
363336,B00-61759805,0.125
363336,B00-6175870,0.125
363336,B11-6108682,0.5
363336,B06-6148105,0.25
363336,B03-6277418,0.25
363336,B02-6315014,0.125
363336,B98-6216290,0.125
363387,B96-4391907,0.5
363387,B90-4002926,0.25
363519,B96-3121913,0.5
363686,NL79-342670,0.5
363686,NL76-1837108,0.5
363686,NL01-1822826,0.25
365309,NL79-342670,0.5
365309,NL76-1837108,0.5
365309,NL01-1822826,0.25
365367,NL00-2040285,0.5
365367,NL95-1936669,0.25
365367,NL96-2331552,0.25
365367,NL00-2040299,0.5
365367,NL94-7009666,0.25
365367,NL98-1279739,0.25
365681,B03-6257134,0.5
365681,B02-6379072,0.25
365789,BE08-6031083,0.5
365789,BE09-6107016,0.5
365789,BE02-6330844,0.25
365789,BE05-6054296,0.25
365913,NL02-1641427,0.5
365913,NL96-2286406,0.25
365913,NL96-2286510,0.25
365913,NL01-1892694,0.5
365913,NL87-2084325,0.25
365913,NL90-2519089,0.25
365926,B00-4143466,0.5
365926,B98-4368737,0.25
365926,B95-4618837,0.25
365926,B00-4140444,0.5
365926,B89-4274193,0.25
365926,B99-4436008,0.25
365950,NL2007-1817928,0.5
365950,NL2003-1135415,0.25
365950,NL2004-2050343,0.25
365950,NL2004-2050221,0.5
365950,NL2001-1886692,0.25
365950,NL1993-2696113,0.25
366057,NL2005-1503656,0.5
366059,B2002-6058323,0.5
366059,B07-6403721,0.5
366063,NL2004-1626612,0.5
366063,NL98-582141,0.25
366067,B07-4332335,0.5
366067,B04-4431712,0.25
366067,B05-2143139,0.5
366067,B03-2191226,0.25
366067,B92-2198165,0.25
366067,B91-6437358,0.125
366067,B83-2350199,0.125
366081,B08-2040295,0.5
366081,B04-5174902,0.25
366081,B11-2083010,0.5
366081,B08-2040300,0.25
366081,B99-14391000,0.125
366081,B05-2143154,0.125
366081,B11-2083023,0.25
366497,BELG2010-3026078,0.5
366497,BELG2009-3065848,0.25
366497,BELG2003-3236839,0.25
366497,BELG2007-3201208,0.5
366497,BELG2005-3064207,0.25
366497,BELG2002-3037204,0.25
366498,BELG2010-3026078,0.5
366498,BELG2009-3065848,0.25
366498,BELG2003-3236839,0.25
366498,BELG2007-3201208,0.5
366498,BELG2005-3064207,0.25
366498,BELG2002-3037204,0.25
366532,B06-3004384,0.5
366532,B02-3056382,0.25
366532,B96-3308008,0.25
366533,B06-3131096,0.5
366533,B06-3004383,0.5
366536,B09-3128085,0.5
366536,B06-3005670,0.25
366537,B12-3162753,0.5
366537,B08-3172901,0.25
366537,B07-3182016,0.125
366537,B05-5201215,0.0625
366537,B07-3182013,0.125
366537,B00-3124016,0.0625
366537,B97-3221726,0.0625
367058,B2008-6340454,0.5
367058,B2005-6338472,0.25
367058,B97-6596425,0.125
367058,NL2001-2198844,0.125
367058,B1999-6438292,0.25
367058,B1997-6390022,0.125
367058,B1995-6246005,0.125
367058,B2008-6340442,0.5
367115,NL09-1060411,0.5
367115,NL05-1210540,0.25
367115,NL02-1434319,0.25
367115,NL06-2049400,0.5
367115,NL05-1210555,0.25
367115,NL05-1210548,0.25
367116,NL01-1672832,0.5
367116,NL00-1282143,0.25
367116,NL00-1160748,0.25
367116,NL94-1161013,0.5
367116,NL86-0854046,0.25
367116,NL89-1117317,0.25
367142,CHN2015-03-0886917,0.5
367142,NL2007-1817968,0.25
367142,NL2010-1681825,0.25
367142,B2008-6340442,0.5
367162,NL2011-1741016,0.5
367162,NL2003-1135408,0.25
367162,NL2007-1817864,0.25
367162,NL2007-1786839,0.5
367162,NL2005-1358883,0.25
367162,NL2003-1147135,0.25
367221,NL03-0375941,0.5
367221,NL02-0271883,0.25
367221,NL99-9964496,0.125
367221,NL93-1125375,0.125
367221,NL94-9410369,0.25
367223,CHN2010-32-961850,0.5
367223,CHN2008-03-634998,0.25
367223,CHN2004-01-309465,0.125
367223,CHN2005-01-356357,0.125
367223,CHN2006-03-037834,0.25
367223,CHN1999-03-080057,0.125
367223,CHN1998-03-146995,0.125
367223,CHN2016-03-0900869,0.5
367223,CHN2014-30-102781,0.25
367223,RO2010-0011263,0.125
367223,CHN2012-03-510111,0.125
367223,B2008-6340442,0.25
367229,B2008-6340454,0.5
367229,B2005-6338472,0.25
367229,B97-6596425,0.125
367229,NL2001-2198844,0.125
367229,B1999-6438292,0.25
367229,B1997-6390022,0.125
367229,B1995-6246005,0.125
367229,CHN2008-03-632843,0.5
367229,CHN2007-03-528937,0.25
367229,B2002-6506934,0.125
367229,B2000-2152014,0.125
367229,CHN2007-03-528963,0.25
367229,CHN2006-03-102079,0.125
367229,CHN2005-01-356357,0.125
367272,CHN2009-01-220179,0.5
367272,NL2002-1635214,0.25
367272,NL1998-1215892,0.125
367272,NL2001-1886800,0.125
367272,NL2003-5308529,0.25
367272,NL2002-5200927,0.125
367272,NL2002-1012476,0.125
367378,CHN2015-03-0886640,0.5
367378,CHN2009-01-220179,0.25
367378,NL2002-1635214,0.125
367378,NL1998-1215892,0.0625
367378,NL2001-1886800,0.0625
367378,NL2003-5308529,0.125
367378,NL2002-5200927,0.0625
367378,NL2002-1012476,0.0625
367378,CHN2014-03-861911,0.5
367378,B2009-6358581,0.25
367378,BE02-6477821,0.125
367378,B2004-6293191,0.125
367378,B2006-6056147,0.25
367378,BE98-6589910,0.125
367378,BE98-6278036,0.125
367382,CHN2010-32-961850,0.5
367382,CHN2008-03-634998,0.25
367382,CHN2004-01-309465,0.125
367382,CHN2005-01-356357,0.125
367382,CHN2006-03-037834,0.25
367382,CHN1999-03-080057,0.125
367382,CHN1998-03-146995,0.125
367382,CHN2016-03-0900869,0.5
367382,CHN2014-30-102781,0.25
367382,RO2010-0011263,0.125
367382,CHN2012-03-510111,0.125
367382,B2008-6340442,0.25
367383,NL2009-1186007,0.5
367383,NL2007-1817993,0.25
367383,NL2006-4720774,0.125
367383,NL2000-5063949,0.0625
367383,NL2004-5430805,0.0625
367383,NL2000-1975952,0.125
367383,NL2007-6229191,0.25
367383,NL2007-1129412,0.5
367383,B2004-6177627,0.25
367412,CHN2009-03-1034163,0.5
367412,CHN2006-01-600506,0.25
367412,CHN2006-01-600308,0.25
367412,CHN2016-03-0900551,0.5
367412,CHN2015-03-0886622,0.25
367412,B2008-6340454,0.125
367412,B2005-6338472,0.0625
367412,B97-6596425,0.03125
367412,NL2001-2198844,0.03125
367412,B1999-6438292,0.0625
367412,B1997-6390022,0.03125
367412,B1995-6246005,0.03125
367412,NL2007-1129402,0.125
367412,NL2002-2173592,0.0625
367412,NL2000-5063949,0.03125
367412,NL1998-5821416,0.03125
367412,NL1997-5700531,0.0625
367412,NL1996-1434375,0.03125
367412,NL1987-1055610,0.03125
367412,NL2010-1681855,0.25
367412,NL2008-1537203,0.125
367412,NL2007-1817852,0.0625
367412,NL2007-1817880,0.0625
367412,NL2009-1186402,0.125
367412,NL2004-2050252,0.0625
367412,NL2001-1886550,0.0625
367478,NL2002-1635264,0.75
367478,NL2008-1537236,0.5
367478,NL2001-1886517,0.25
367488,AU2008-2897,0.5
367488,NL2012-5200201,0.5
367488,NL2008-2020821,0.25
367488,NL2000-1122178,0.125
367488,NL2004-5435151,0.125
367488,NL2002-5255446,0.25
367488,NL1997-5700643,0.125
367488,NL1999-1585526,0.125
367503,B07-510175,0.5
367503,B98-9147107,0.25
367503,B98-9147129,0.25
367836,B2007-6364195,0.5
367836,B2000-6367509,0.25
367836,B2005-6445574,0.25
367836,B2006-6415262,0.5
367836,B97-6162118,0.25
367836,B03-3135117,0.25
367837,CHN2014-30-102781,0.5
367837,RO2010-0011263,0.25
367837,CHN2012-03-510111,0.25
367837,B2008-6340442,0.5
367839,NL2010-1681744,0.5
367839,NL2007-1817928,0.25
367839,NL2003-1135415,0.125
367839,NL2004-2050343,0.125
367839,NL2004-2050221,0.25
367839,NL2001-1886692,0.125
367839,NL1993-2696113,0.125
367839,NL2010-1681719,0.5
367839,NL2002-1635264,0.375
367839,NL2008-1537236,0.25
367839,NL2001-1886517,0.125
368002,B1994-6142751,0.5
368002,B1990-6088614,0.5
368005,B1994-6142751,0.5
368005,B1990-6088614,0.5
368266,NL09-1253550,0.5
368266,NL07-3756200,0.25
368266,NL03-0389565,0.25
368266,NL07-1962549,0.5
368266,NL06-0733616,0.25
368266,NL05-0534554,0.25
368268,NL07-1374810,0.5
368268,NL04-1561402,0.25
368268,NL05-1424297,0.25
368268,NL02-0240954,0.5
368268,NL98-9848107,0.25
368268,NL90-1024072,0.25
368385,B01-6179482,0.5
368385,B92-6243625,0.25
368385,B94-6366929,0.25
368672,NL2007-1129401,0.5
368672,NL2002-2173592,0.25
368672,NL2000-5063949,0.125
368672,NL1998-5821416,0.125
368672,NL1997-5700531,0.25
368672,NL1996-1434375,0.125
368672,NL1987-1055610,0.125
368672,NL2007-1129412,0.5
368672,B2004-6177627,0.25
368673,CHN2004-03-335303,0.5
368673,CHN1999-01-012013,0.25
368673,NL2001-0182248,0.25
368673,CHN2008-177484,0.5
368673,NL2002-5200927,0.375
368673,NL2003-5308529,0.25
368673,NL2002-1012476,0.125
368689,NL2009-1186580,0.5
368689,NL2007-1817923,0.25
368689,NL2003-1135475,0.25
368689,NL2002-1635264,0.375
368689,NL1995-1941948,0.125
368689,NL2008-1537236,0.5
368689,NL2001-1886517,0.25
368691,B2014-6241534,0.5
368691,B2011-6240282,0.25
368691,B2005-6045015,0.25
368691,B2008-6338200,0.5
368691,B1995-6523289,0.25
368691,B2002-6508588,0.25
368702,CHN2015-03-0886662,0.5
368702,NL2007-1817850,0.25
368702,NL2006-4720774,0.125
368702,NL2000-5063949,0.0625
368702,NL2004-5430805,0.0625
368702,NL1999-2360329,0.125
368702,NL2010-1681839,0.25
368702,NL2013-1239751,0.5
368702,NL2010-1682173,0.25
368702,NL2007-1817907,0.125
368702,NL2004-2050252,0.0625
368702,NL2003-1103686,0.0625
368702,NL2004-2050373,0.125
368702,NL2007-1786839,0.25
368702,NL2005-1358883,0.125
368702,NL2003-1147135,0.125
368706,B2009-6233661,0.5
368706,BE03-6457591,0.25
368706,BE05-6450535,0.25
368706,B2006-6056147,0.5
368706,BE98-6589910,0.25
368706,BE98-6278036,0.25
368708,CHN2014-30-102781,0.5
368708,RO2010-0011263,0.25
368708,CHN2012-03-510111,0.25
368708,CHN2008-03-632843,0.5
368708,CHN2007-03-528937,0.25
368708,B2002-6506934,0.125
368708,B2000-2152014,0.125
368708,CHN2007-03-528963,0.25
368708,CHN2006-03-102079,0.125
368708,CHN2005-01-356357,0.125
368712,NL2017-4704041,0.5
368712,NL2014-4750791,0.25
368712,NL2016-1072908,0.25
368712,NL2013-1239719,0.5
368712,NL2008-2049005,0.375
368712,NL1998-5821450,0.1875
368712,NL2004-5430805,0.1875
368712,NL2010-1682333,0.25
368712,NL2004-2050343,0.125
368727,NL2010-1681846,0.5
368727,NL2008-1537225,0.25
368727,NL2001-1886692,0.1875
368727,NL2002-1635193,0.125
368727,NL1993-2696113,0.0625
368727,NL2005-1441789,0.25
368727,NL1999-2411769,0.125
368727,NL1999-2411761,0.125
368727,NL2013-1239756,0.5
368727,NL2009-1186403,0.25
368727,NL2004-2050252,0.125
368727,NL2010-1682105,0.25
368727,NL2006-4720774,0.125
368727,NL2000-5063949,0.0625
368727,NL2004-5430805,0.0625
368727,NL2003-1103686,0.125
368730,CHN2016-03-0900632,0.5
368730,CHN2011-32-912065,0.25
368730,CHN2007-03-529866,0.125
368730,B2002-6506934,0.125
368730,NL2004-1114742,0.0625
368730,B2008-4270255,0.125
368730,B2007-4235685,0.0625
368730,B2004-4035026,0.0625
368730,CHN2010-32-962998,0.25
368730,CHN2004-03-335303,0.125
368730,CHN1999-01-012013,0.0625
368730,NL2001-0182248,0.0625
368730,CHN2008-177484,0.125
368730,NL2002-5200927,0.09375
368730,NL2003-5308529,0.0625
368730,NL2002-1012476,0.03125
368730,CHN2016-03-0900666,0.5
368730,CHN2010-01-810707,0.25
368730,B2008-6340454,0.125
368730,B2005-6338472,0.0625
368730,B97-6596425,0.03125
368730,NL2001-2198844,0.03125
368730,B1999-6438292,0.0625
368730,B1997-6390022,0.03125
368730,B1995-6246005,0.03125
368730,NL2007-1129402,0.125
368730,NL2002-2173592,0.0625
368730,NL2000-5063949,0.03125
368730,NL1998-5821416,0.03125
368730,NL1997-5700531,0.0625
368730,NL1996-1434375,0.03125
368730,NL1987-1055610,0.03125
368730,CHN2008-03-632843,0.25
368730,CHN2007-03-528937,0.125
368730,B2000-2152014,0.0625
368730,CHN2007-03-528963,0.125
368730,CHN2006-03-102079,0.0625
368730,CHN2005-01-356357,0.0625
368736,CHN2010-01-810707,0.5
368736,B2008-6340454,0.25
368736,B2005-6338472,0.125
368736,B97-6596425,0.0625
368736,NL2001-2198844,0.0625
368736,B1999-6438292,0.125
368736,B1997-6390022,0.0625
368736,B1995-6246005,0.0625
368736,NL2007-1129402,0.25
368736,NL2002-2173592,0.125
368736,NL2000-5063949,0.0625
368736,NL1998-5821416,0.0625
368736,NL1997-5700531,0.125
368736,NL1996-1434375,0.0625
368736,NL1987-1055610,0.0625
368736,CHN2007-03-528963,0.5
368736,CHN2006-03-102079,0.25
368736,CHN2005-01-356357,0.25
368764,CHN2016-03-0900833,0.5
368764,NL2010-1681876,0.25
368764,NL2009-1186097,0.125
368764,NL2006-4720774,0.125
368764,NL2000-5063949,0.09375
368764,NL2004-5430805,0.0625
368764,NL2000-1975952,0.125
368764,NL2003-1135371,0.125
368764,NL1996-2279515,0.0625
368764,NL2001-1886591,0.0625
368764,CHN2015-03-0887777,0.25
368764,NL2007-1129401,0.125
368764,NL2002-2173592,0.0625
368764,NL1998-5821416,0.03125
368764,NL1997-5700531,0.0625
368764,NL1996-1434375,0.03125
368764,NL1987-1055610,0.03125
368764,B2008-6340442,0.125
368764,CHN2015-03-0886687,0.5
368764,NL2009-1186007,0.25
368764,NL2007-1817993,0.125
368764,NL2007-6229191,0.125
368764,NL2010-1681855,0.25
368764,NL2008-1537203,0.125
368764,NL2007-1817852,0.0625
368764,NL2007-1817880,0.0625
368764,NL2009-1186402,0.125
368764,NL2004-2050252,0.0625
368764,NL2001-1886550,0.0625
368776,CHN2011-32-912065,0.5
368776,CHN2007-03-529866,0.25
368776,B2002-6506934,0.125
368776,NL2004-1114742,0.125
368776,B2008-4270255,0.25
368776,B2007-4235685,0.125
368776,B2004-4035026,0.125
368776,CHN2010-32-962998,0.5
368776,CHN2004-03-335303,0.25
368776,CHN1999-01-012013,0.125
368776,NL2001-0182248,0.125
368776,CHN2008-177484,0.25
368776,NL2002-5200927,0.1875
368776,NL2003-5308529,0.125
368776,NL2002-1012476,0.0625
368824,B2009-6358581,0.5
368824,BE02-6477821,0.25
368824,B2004-6293191,0.25
368824,B2006-6056147,0.5
368824,BE98-6589910,0.25
368824,BE98-6278036,0.25
368825,B2009-6358581,0.5
368825,BE02-6477821,0.25
368825,B2004-6293191,0.25
368825,B2006-6056147,0.5
368825,BE98-6589910,0.25
368825,BE98-6278036,0.25
368829,B2008-6340454,0.5
368829,B2005-6338472,0.25
368829,B97-6596425,0.125
368829,NL2001-2198844,0.125
368829,B1999-6438292,0.25
368829,B1997-6390022,0.125
368829,B1995-6246005,0.125
368829,NL2007-1129402,0.5
368829,NL2002-2173592,0.25
368829,NL2000-5063949,0.125
368829,NL1998-5821416,0.125
368829,NL1997-5700531,0.25
368829,NL1996-1434375,0.125
368829,NL1987-1055610,0.125
368830,CHN2016-03-0900632,0.5
368830,CHN2011-32-912065,0.25
368830,CHN2007-03-529866,0.125
368830,B2002-6506934,0.125
368830,NL2004-1114742,0.0625
368830,B2008-4270255,0.125
368830,B2007-4235685,0.0625
368830,B2004-4035026,0.0625
368830,CHN2010-32-962998,0.25
368830,CHN2004-03-335303,0.125
368830,CHN1999-01-012013,0.0625
368830,NL2001-0182248,0.0625
368830,CHN2008-177484,0.125
368830,NL2002-5200927,0.09375
368830,NL2003-5308529,0.0625
368830,NL2002-1012476,0.03125
368830,CHN2016-03-0900666,0.5
368830,CHN2010-01-810707,0.25
368830,B2008-6340454,0.125
368830,B2005-6338472,0.0625
368830,B97-6596425,0.03125
368830,NL2001-2198844,0.03125
368830,B1999-6438292,0.0625
368830,B1997-6390022,0.03125
368830,B1995-6246005,0.03125
368830,NL2007-1129402,0.125
368830,NL2002-2173592,0.0625
368830,NL2000-5063949,0.03125
368830,NL1998-5821416,0.03125
368830,NL1997-5700531,0.0625
368830,NL1996-1434375,0.03125
368830,NL1987-1055610,0.03125
368830,CHN2008-03-632843,0.25
368830,CHN2007-03-528937,0.125
368830,B2000-2152014,0.0625
368830,CHN2007-03-528963,0.125
368830,CHN2006-03-102079,0.0625
368830,CHN2005-01-356357,0.0625
368831,CHN2015-03-0886662,0.5
368831,NL2007-1817850,0.25
368831,NL2006-4720774,0.125
368831,NL2000-5063949,0.0625
368831,NL2004-5430805,0.0625
368831,NL1999-2360329,0.125
368831,NL2010-1681839,0.25
368831,NL2013-1239751,0.5
368831,NL2010-1682173,0.25
368831,NL2007-1817907,0.125
368831,NL2004-2050252,0.0625
368831,NL2003-1103686,0.0625
368831,NL2004-2050373,0.125
368831,NL2007-1786839,0.25
368831,NL2005-1358883,0.125
368831,NL2003-1147135,0.125
368834,NL2017-4704041,0.5
368834,NL2014-4750791,0.25
368834,NL2016-1072908,0.25
368834,NL2013-1239719,0.5
368834,NL2008-2049005,0.375
368834,NL1998-5821450,0.1875
368834,NL2004-5430805,0.1875
368834,NL2010-1682333,0.25
368834,NL2004-2050343,0.125
368841,NL2011-1737011,0.5
368841,NL2006-4720774,0.25
368841,NL2000-5063949,0.125
368841,NL2004-5430805,0.125
368841,NL2007-1817846,0.25
368841,NL2004-2050252,0.125
368841,NL2000-1975952,0.125
368841,B2008-6340442,0.5
369673,NL2017-4704041,0.5
369673,NL2014-4750791,0.25
369673,NL2016-1072908,0.25
369673,NL2013-1239719,0.5
369673,NL2008-2049005,0.375
369673,NL1998-5821450,0.1875
369673,NL2004-5430805,0.1875
369673,NL2010-1682333,0.25
369673,NL2004-2050343,0.125
369726,NL99-5971341,0.5
369726,B96-6286060,0.25
369726,NL92-5310320,0.25
369726,NL94-2227820,0.5
369726,NL88-4024671,0.25
369726,NL88-2763913,0.25
369727,NL02-0271883,0.5
369727,NL99-9964496,0.25
369727,NL93-1125375,0.25
369728,NL02-0271845,0.5
369728,NL00-0077737,0.5
369728,B95-6558347,0.25
369728,NL94-9410369,0.25
369827,B06-2215497,0.5
370898,B10-3163974,0.5
370898,B08-1548996,0.25
370898,B05-3192692,0.25
370898,B11-3008418,0.5
370898,B08-3172998,0.25
370904,B09-3128085,0.5
370904,B06-3005670,0.25
370913,B08-3172960,0.5
370913,B05-3188726,0.25
370913,B97-3294183,0.125
370913,B98-3146806,0.125
370914,B12-3050007,0.5
370914,B11-3008440,0.5
370915,B09-3187642,0.5
370915,B12-3050012,0.5
370920,B11-3008317,0.5
370920,B08-3172836,0.25
370920,B08-3172856,0.25
370920,B09-3187647,0.5
370920,NL08-1548996,0.25
370920,NL03-5301440,0.125
370920,NL01-2386190,0.125
370920,B99-3020065,0.25
370920,B95-3336674,0.125
370920,B92-3138672,0.0625
370920,B89-3160827,0.0625
370920,B92-3138647,0.125
370920,B87-3089349,0.0625
370920,B88-3307763,0.0625
370929,B08-3172879,0.5
370929,B07-3182015,0.25
370929,B07-3182014,0.25
370929,B12-3050012,0.5
370932,B06-3004381,0.5
370932,B02-3056382,0.25
370932,B96-3308008,0.25
371371,NL08-1268891,0.5
371371,BE11-4161717,0.5
371379,NL09-1138066,0.5
371379,BE11-4161717,0.5
371485,NL97-2253100,0.5
371485,B96-6286060,0.375
371485,NL92-5310320,0.25
371485,NL98-5821470,0.5
371485,NL97-2252940,0.25
371485,NL96-8022870,0.125
371485,NL92-53103641995,0.125
371485,NL97-2253103,0.25
371485,NL88-2763998,0.125
371488,B02-6496789,0.5
371488,B96-6573271,0.25
371488,B91-6372283,0.25
371488,B94-6366891,0.5
371488,B82-6736965,0.25
371488,B86-6676122,0.25
372245,CHN2009-09-014963,0.5
372245,CHN2010-09-402376,0.5
372285,B11-3083255,0.5
372285,B11-3008413,0.5
372285,B09-3128068,0.25
372290,B11-3083255,0.5
372290,B11-3008413,0.5
372290,B09-3128068,0.25
372353,B00-3076246,0.5
372353,B96-3156104,0.25
372353,B91-3204220,0.125
372353,B90-3119120,0.125
372353,B88-3206112,0.25
372353,B87-3008002,0.125
372353,B81-3238253,0.125
372413,CHN2007-15-115921,0.5
372413,BELG93-3273003,0.25
372413,BELG89-3075014,0.25
372519,B06-4296522,0.5
372519,B01-4094502,0.25
372519,B93-3268617,0.25
372751,B06-6033772,0.5
372751,B04-6303768,0.25
372751,B00-6485603,0.25
372751,B00-6485499,0.5
372751,B98-6429618,0.25
372751,B97-6423539,0.25
372778,NL98-1365578,0.5
372778,NL93-1156542,0.25
372778,DV09410-00-1742,0.5
372779,NL98-1365578,0.5
372779,NL93-1156542,0.25
372779,DV09410-00-1742,0.5
372815,CHN2004-15-148558,0.5
372815,DV0941-00-1742,0.25
372815,CHN2008-15-285427,0.5
373354,B01-3210044,0.5
373354,B00-2408276,0.5
373354,B90-2371741,0.25
373354,B86-6260314,0.25
373361,B07-5080757,0.5
373361,B00-5042000,0.5
373372,B09-6355750,0.5
373372,B07-6157975,0.25
373372,B02-6509441,0.25
373372,B03-6403830,0.5
373372,B02-6261256,0.25
373373,B04-6121232,0.5
373373,B02-6261256,0.25
373373,B02-6483633,0.25
373373,B07-6368728,0.5
373373,B03-6065375,0.25
373373,B05-6432828,0.25
373596,B09-6076689,0.5
373828,B07-2222206,0.5
373960,NL00-1211087,0.5
373960,NL99-5971339,0.25
373960,NL98-5821416,0.25
373960,B01-9054448,0.5
373960,B96-9107969,0.25
373960,B91-613925,0.25
374326,B99-2038904,0.5
374326,B92-2197064,0.25
374326,B95-2046637,0.25
374326,B04-2191270,0.5
374326,B02-2216243,0.25
374326,B00-2118791,0.25
375475,B07-510175,0.5
375475,B98-9147107,0.25
375475,B98-9147129,0.25
375497,CHN2004-10-001088,0.5
375497,CHN1998-10-262331,0.25
375497,CHN2000-10-333318,0.25
375497,CHN2001-10-130699,0.5
37690,C97-198458,0.5
37690,C04-01-300995,0.5
377084,B05-6133118,0.5
377084,BL07-2135143,0.5
377342,B03-6257134,0.5
377342,B02-6379072,0.25
377356,DV07883-01-1003,0.5
377356,DV0583-10-195,0.5
377358,BELG1995-5278101,0.5
377358,BELG1997-5261932,0.5
377401,B01-2030715,0.5
377401,B97-2378786,0.25
377401,B85-6580826,0.125
377401,DV03661-93-400,0.125
377401,B96-6515027,0.25
377401,B81-6688022,0.375
377401,B85-6580715,0.125
377401,B04-2018545100,0.5
377401,DV03661-94-100,0.25
377410,DV04-0516-1485,0.5
377410,DV03-0516-1389,0.25
377410,DV02-0516-1048,0.25
377419,DV0516-10-2052,0.5
377419,DV0516-09-2057,0.25
377419,B01-6135408,0.125
377419,B00-6178876,0.625
377419,B91-6085334,0.3125
377419,B93-6126917,0.3125
377419,B02-6175803,0.25
377419,B84-6059512,0.125
377419,DV01439-97-1321,0.125
377706,B04-6307341,0.5
377706,B03-6150214,0.25
377706,B03-6257098,0.25
377754,DV07883-01-1003,0.5
377754,DV0583-10-195,0.5
37777,NL04-0428849,0.5
37781,NL95-9546887,0.5
37781,NL99-9972196,0.5
378627,CHN2010-01-810707,0.5
378627,B2008-6340454,0.25
378627,B2005-6338472,0.125
378627,B97-6596425,0.0625
378627,NL2001-2198844,0.0625
378627,B1999-6438292,0.125
378627,B1997-6390022,0.0625
378627,B1995-6246005,0.0625
378627,NL2007-1129402,0.25
378627,NL2002-2173592,0.125
378627,NL2000-5063949,0.0625
378627,NL1998-5821416,0.0625
378627,NL1997-5700531,0.125
378627,NL1996-1434375,0.0625
378627,NL1987-1055610,0.0625
378627,CHN2008-03-632843,0.5
378627,CHN2007-03-528937,0.25
378627,B2002-6506934,0.125
378627,B2000-2152014,0.125
378627,CHN2007-03-528963,0.25
378627,CHN2006-03-102079,0.125
378627,CHN2005-01-356357,0.125
378642,CHN2010-01-810707,0.5
378642,B2008-6340454,0.25
378642,B2005-6338472,0.125
378642,B97-6596425,0.0625
378642,NL2001-2198844,0.0625
378642,B1999-6438292,0.125
378642,B1997-6390022,0.0625
378642,B1995-6246005,0.0625
378642,NL2007-1129402,0.25
378642,NL2002-2173592,0.125
378642,NL2000-5063949,0.0625
378642,NL1998-5821416,0.0625
378642,NL1997-5700531,0.125
378642,NL1996-1434375,0.0625
378642,NL1987-1055610,0.0625
378642,CHN2008-03-632843,0.5
378642,CHN2007-03-528937,0.25
378642,B2002-6506934,0.125
378642,B2000-2152014,0.125
378642,CHN2007-03-528963,0.25
378642,CHN2006-03-102079,0.125
378642,CHN2005-01-356357,0.125
378648,NL2011-1737011,0.5
378648,NL2006-4720774,0.25
378648,NL2000-5063949,0.125
378648,NL2004-5430805,0.125
378648,NL2007-1817846,0.25
378648,NL2004-2050252,0.125
378648,NL2000-1975952,0.125
378648,B2008-6340442,0.5
379300,CHN07-15-218633,0.5
379300,B88-6717673,0.375
379300,GL93-3993,0.1875
379300,B98-3200237,0.1875
379300,CC2002-1043,0.25
379300,B88-6725723,0.125
379300,C09-027471,0.5
379300,C08-000076,0.25
379300,BELG03-3020346,0.125
379300,C2004-133063,0.125
379300,C04-044633,0.25
379300,BELG96-3101043,0.125
379344,CHN2010-03-003003,0.5
379344,CHN2004-196405,0.25
379344,BELG2001-4424713,0.25
379731,B07-2103385,0.5
380284,NL2007-1817924,0.5
380284,NL2007-1817958,0.5
380776,DV0730-09-204,0.5
380885,B00-3076246,0.5
380885,B96-3156104,0.25
380885,B91-3204220,0.125
380885,B90-3119120,0.125
380885,B88-3206112,0.25
380885,B87-3008002,0.125
380885,B81-3238253,0.125
380970,CC04-299869,0.5
380970,TW95-193065,0.25
380970,B90-72456,0.125
380970,B86-16743,0.125
380970,B93-13187,0.25
380970,B91-11089,0.375
380970,B87-27088,0.375
380970,CNH11-15-060525,0.5
380978,CC99-047691,0.5
380978,CC99-009699,0.5
381166,B06-5100704,0.5
381166,B05-5133419,0.25
381166,B02-5065236,0.125
381166,B03-5115390,0.125
381166,B85-5096007,0.0625
381166,B92-5040349,0.0625
381166,B00-5150646,0.25
381166,B95-5111449,0.125
381166,B97-5204417,0.125
381166,B04-5065550,0.5
381166,B97-5204420,0.25
381166,B91-5050158327,0.125
381166,B92-5040388,0.125
381166,B01-5025955,0.25
381171,B05-5220465,0.5
381171,B95-5111423,0.25
381171,B00-5150646,0.25
381171,B95-5111449,0.125
381171,B97-5204417,0.125
381171,B04-5065566,0.5
381171,B97-6594874,0.25
381171,B01-5025766,0.25
381176,B12-5015053,0.5
381176,B06-5100704,0.25
381176,B05-5133419,0.125
381176,B02-5065236,0.0625
381176,B03-5115390,0.0625
381176,B85-5096007,0.03125
381176,B92-5040349,0.03125
381176,B00-5150646,0.375
381176,B95-5111449,0.1875
381176,B97-5204417,0.1875
381176,B12-5015203,0.5
381176,B95-5111423,0.25
381176,B02-5062163,0.25
381197,B05-2143181,0.5
381197,B03-3241927,0.25
381197,B94-2061350,0.25
381211,B10-4325612,0.5
381211,B09-3095085,0.25
381211,B02-3003668,0.125
381211,B94-2401842,0.0625
381211,B97-3157176,0.0625
381211,B77-3064419,0.03125
381211,B91-3204047,0.03125
381211,B02-3255937,0.125
381211,B06-4247115,0.25
381430,NL2006-4720774,0.5
381430,NL2000-5063949,0.25
381430,NL2004-5430805,0.25
381430,NL2003-1135475,0.5
381430,NL2002-1635264,0.25
381430,NL1995-1941948,0.25
381744,B00-61748544,0.5
381744,B99-5268081,0.25
381744,B99-6381195,0.25
381889,NL98-1512769,0.5
381889,BL97-5166166,0.25
381889,BL90-5226682,0.25
381963,B00-6178876,0.5
381963,B91-6085334,0.25
381963,B93-6126917,0.25
381965,DV0516-09-2057,0.5
381965,B01-6135408,0.25
381965,B00-6178876,0.25
381965,B91-6085334,0.125
381965,B93-6126917,0.125
381965,B02-6175803,0.5
381965,B84-6059512,0.25
381965,DV01439-97-1321,0.25
381966,B00-6178921,0.5
381966,B99-5268081,0.25
381966,B99-6381164,0.25
381966,B02-6175803,0.5
381966,B84-6059512,0.25
381966,DV01439-97-1321,0.25
381968,DV0516-10-2051,0.5
381968,DV0516-09-2057,0.25
381968,B01-6135408,0.125
381968,B00-6178876,0.625
381968,B91-6085334,0.3125
381968,B93-6126917,0.3125
381968,B02-6175803,0.25
381968,B84-6059512,0.125
381968,DV01439-97-1321,0.125
381969,B02-6175915,0.5
381969,B99-5268081,0.25
381969,B99-6381195,0.25
381969,B00-6178876,0.5
381969,B91-6085334,0.25
381969,B93-6126917,0.25
381970,DV0516-06-551,0.5
381970,DV0516-02-635,0.25
381970,B96-6599152,0.25
381970,B02-6175803,0.5
381970,B84-6059512,0.25
381970,DV01439-97-1321,0.25
381980,B05-5096491,0.5
381980,B03-5232479,0.25
381980,B00-5066651,0.25
381980,B97-5160395,0.5
381980,B91-5002240,0.25
381980,B92-5052992,0.25
381981,B08-5038374,0.5
381981,B05-5096304,0.25
381981,B00-5066651,0.25
381981,B07-5193449,0.5
381981,B98-5242660,0.25
381981,B99-5098360,0.25
381983,B06-5125499,0.5
381983,B03-5152667,0.25
381983,B99-5157685,0.25
381983,B91-5002240,0.1875
381983,B97-5160395,0.125
381983,B92-5052992,0.0625
381983,B96-5266196,0.5
381983,B78-5320449,0.25
381983,B84-5282642,0.25
381984,B05-5202304,0.5
381984,B01-5252141,0.25
381984,B95-5310582,0.25
381984,B05-5213520,0.5
381984,B91-5002240,0.25
381984,B01-5020494,0.25
381985,B00-5062272,0.5
381985,B96-5100387,0.25
381985,B98-5080559,0.25
381985,B06-5194506,0.5
381985,B94-5038833,0.25
381985,B99-5256360,0.25
381986,B05-5096487,0.5
381986,B01-5020444,0.25
381986,B97-5160390,0.25
381986,B99-5157685,0.5
381986,B91-5002240,0.375
381986,B97-5160395,0.25
381986,B92-5052992,0.125
381988,B00-5062283,0.5
381988,B95-5317884,0.25
381988,B95-5310582,0.25
381988,B03-5152593,0.5
381988,B99-5153499,0.25
381988,B98-5296439,0.25
381989,B00-5062283,0.5
381989,B95-5317884,0.25
381989,B95-5310582,0.25
381989,B03-5152593,0.5
381989,B99-5153499,0.25
381989,B98-5296439,0.25
381993,B06-5125499,0.5
381993,B03-5152667,0.25
381993,B99-5157685,0.25
381993,B91-5002240,0.1875
381993,B97-5160395,0.125
381993,B92-5052992,0.0625
381993,B96-5266196,0.5
381993,B78-5320449,0.25
381993,B84-5282642,0.25
381994,B05-6284830,0.5
381994,B02-6175947,0.25
381994,B02-6175556,0.25
381994,B92-5017631,0.125
381994,B97-6162045,0.125
381994,B04-6397101,0.5
381994,B95-6076417,0.25
381994,B02-6457645,0.25
381996,B05-6284830,0.5
381996,B02-6175947,0.25
381996,B02-6175556,0.25
381996,B92-5017631,0.125
381996,B97-6162045,0.125
381996,B04-6397101,0.5
381996,B95-6076417,0.25
381996,B02-6457645,0.25
381998,B09-6103321,0.5
381998,B05-6284830,0.25
381998,B02-6175947,0.125
381998,B02-6175556,0.625
381998,B92-5017631,0.3125
381998,B97-6162045,0.3125
381998,B04-6397101,0.25
381998,B95-6076417,0.125
381998,B02-6457645,0.125
382000,B05-6284830,0.5
382000,B02-6175947,0.25
382000,B02-6175556,0.25
382000,B92-5017631,0.125
382000,B97-6162045,0.125
382000,B04-6397101,0.5
382000,B95-6076417,0.25
382000,B02-6457645,0.25
382001,B09-6103321,0.5
382001,B05-6284830,0.25
382001,B02-6175947,0.125
382001,B02-6175556,0.625
382001,B92-5017631,0.3125
382001,B97-6162045,0.3125
382001,B04-6397101,0.25
382001,B95-6076417,0.125
382001,B02-6457645,0.125
382005,B10-6179108,0.5
382005,B08-6249752,0.25
382005,B09-6114976,0.75
382005,B96-6404318,0.375
382005,B03-6257240,0.375
382005,B97-6407575,0.1875
382005,B98-6335690,0.1875
382006,B12-6319340,0.5
382006,B05-6284830,0.25
382006,B02-6175947,0.125
382006,B02-6175556,0.125
382006,B92-5017631,0.0625
382006,B97-6162045,0.0625
382006,B04-6397101,0.25
382006,B95-6076417,0.125
382006,B02-6457645,0.125
382006,DV9605-10-0884,0.5
382006,B07-6033110,0.25
382006,B09-6114965,0.25
382007,B05-5133419,0.5
382007,B02-5065236,0.25
382007,B03-5115390,0.25
382007,B85-5096007,0.125
382007,B92-5040349,0.125
382007,B00-5150646,0.5
382007,B95-5111449,0.25
382007,B97-5204417,0.25
382045,NL05-1628989,0.5
382045,NL93-1386948,0.25
382045,NL93-2811780,0.25
382045,NL07-2037040,0.5
382045,NL05-1628994,0.25
382045,NL98-1512769,0.25
382045,BL97-5166166,0.125
382045,BL90-5226682,0.125
382128,B08-6224270,0.5
382128,B05-6073276,0.25
382304,B98-4298129,0.5
382304,B04-3099198,0.5
383537,CHN07-09-097101,0.5
383537,B01-2137266,0.25
383537,B99-2036304,0.5
383537,B99-2036373,0.25
383537,B94-2061168,0.125
383537,B90-2255300,0.125
383537,B90-2553359,0.25
383537,B87-4021090,0.125
383537,B83-2350199,0.125
383537,CHN07-10-613976,0.5
383537,B01-4178971,0.25
383538,CHN08-10-311533,0.5
383538,CHN07-06-104480,0.25
383538,B99-6214965,0.5
383538,AU06-40034,0.5
383538,B99-6214976,0.25
383617,B99-2036373,0.5
383617,B94-2061168,0.25
383617,B90-2255300,0.25
383617,B90-2553359,0.5
383617,B87-4021090,0.25
383617,B83-2350199,0.25
383621,CHN03-10-388849,0.5
383621,B98-2398272,0.25
383621,B94-316344,0.5
383763,CHN10-10-717610,0.5
383763,CHN10-10-717660,0.5
384376,B06-6404429,0.5
384376,B04-6246934,0.25
384376,B01-6225246,0.25
384376,B05-6176146,0.5
384376,B97-6407575,0.25
384376,B98-6335690,0.25
384802,CHN13-10-788873,0.5
384856,B06-6034709,0.5
384856,B02-6183084,0.25
384856,B00-6540682,0.125
384856,B00-6485499,0.125
384856,B98-6429618,0.0625
384856,B97-6423539,0.0625
384867,B06-6034709,0.5
384867,B02-6183084,0.25
384867,B00-6540682,0.125
384867,B00-6485499,0.125
384867,B98-6429618,0.0625
384867,B97-6423539,0.0625
385269,BE03-6457591,0.5
385595,B98-6523289,0.5
385595,B95-6246005,0.5
385595,B90-6652120,0.25
385595,B93-6621023,0.25
385891,BE04-6307341,0.5
385891,BE03-6150214,0.25
385891,BE03-6257098,0.25
385891,BE97-6407575,0.125
385891,BE95-6370004,0.0625
385891,BE97-6450252,0.0625
385891,BE98-6335690,0.625
385891,BE96-6404318,0.3125
385891,BE92-6235626,0.3125
386188,B03-2251065,0.5
386188,B99-6143863,0.25
386188,B02-3003886,0.25
386188,B1998-6396501,0.125
386188,B98-3158062,0.125
386188,B06-2082300,0.5
386188,B01-3076096,0.25
386188,B94-2061350,0.25
386586,B93-6501202,0.5
386586,B81-6600376,0.25
386586,B84-6698864,0.25
387076,B04-2294930,0.5
387076,B97-2076286,0.25
387076,B92-6337535,0.25
387076,B01-2137150,0.5
387076,B87-4021090,0.375
387076,B90-2553359,0.25
387076,B83-2350199,0.125
387536,B08-6224270,0.5
387536,B05-6073276,0.25
388428,B11-2067233,0.5
388428,B05-2201710,0.25
388428,B09-2025181,0.25
388428,B10-2083175,0.5
388428,B01-2270233,0.25
388428,B09-2025076,0.25
389357,BE00-3258094,0.5
389357,BE93-3315229,0.25
389357,BE94-3338284,0.25
389357,BE01-3039825,0.5
389357,BE97-3278029,0.25
389357,BE94-2337563,0.25
389445,B96-6615170,0.5
389445,B87-2297197,0.25
389445,B82-6380170,0.25
389456,B10-3047084,0.5
389456,B04-3230881,0.25
389456,B99-3199708,0.25
389456,B95-3211364,0.125
389456,B91-3204047,0.125
389523,DV02098-09-2121,0.5
389523,DV02098-95-12,0.25
389524,DV03236-12-959,0.5
389524,DV02098-09-2121,0.25
389524,DV02098-95-12,0.125
389525,B07-5067346,0.5
389525,B02-3025836,0.5
390302,B03-6086335,0.5
390302,B97-6390083,0.25
390302,B95-6246005,0.25
390302,B90-6652120,0.125
390302,B93-6621023,0.125
390302,DV6218-07-1000,0.5
390302,B02-6503556,0.25
390302,B06-1597788,0.25
390534,DV01769-07-1068,0.5
390534,DV01298-06-291,0.5
390534,DV05714-01-837,0.25
390534,DV03236-97-92,0.125
390534,DV03236-97-26,0.125
390534,DV01654-02-1873,0.25
390534,B01-6098509,0.125
390534,NL01-1048239,0.125
390779,B01-2137150,0.5
390779,B87-4021090,0.375
390779,B90-2553359,0.25
390779,B83-2350199,0.125
391107,BELG1999-3020065,0.5
391107,BELG1995-3336674,0.25
391107,BELG1992-3138647,0.25
391265,B09-6040908,0.5
391265,B06-6211149,0.25
391265,B04-6096339,0.25
391265,BE08-6177698,0.5
391265,B07-6033110,0.25
391265,B98-6335690,0.25
391458,B06-6034734,0.5
391458,B02-2072711,0.25
391458,B99-6517591,0.25
391458,B03-6257240,0.5
391458,B97-6407575,0.25
391458,B98-6335690,0.25
391546,BE11-9079533,0.5
391546,BE10-4281810,0.25
391546,NL08-1544155,0.25
391546,BE08-6364048,0.5
391546,BE02-6183099,0.25
391546,BE06-6034900,0.25
391570,B02-2214210,0.5
391570,B00-2117109,0.25
39179,NL04-0452316,0.5
39179,NL94-9453553,0.5
39179,NL95-9545408,0.5
39179,NL01-0179448,0.5
392726,BE13-5033560,0.5
392726,BE11-5160761,0.25
392726,BE10-5091047,0.25
392726,BE13-5025014,0.5
392726,BE09-5021751,0.25
392726,BE05-5097854,0.25
392874,BE03-6415299,0.5
392874,BE92-6376991,0.25
392874,BE04-5065642,0.5
392874,BE03-5241862,0.25
392874,B94-4407032,0.25
392876,B10-4258192,0.5
392876,NL07-1207567,0.25
392876,B08-4351119,0.25
392876,BE11-4097042,0.5
392876,BE03-6415299,0.25
392876,BE92-6376991,0.125
392876,BE04-5065642,0.25
392876,BE03-5241862,0.125
392876,B94-4407032,0.125
392895,BE06-2024898,0.5
392895,B01-2342677,0.25
392895,BE01-2054346,0.25
392897,B06-5100715,0.5
392897,B04-5065642,0.5
392897,B03-5241862,0.25
392897,B94-4407032,0.25
393309,B09-21318965,0.5
393309,B03-2035944100,0.5
393309,B90-6401692,0.25
393309,B96-2045530,0.25
393316,B04-2292962100,0.5
393316,B06-2017419,0.5
393316,B94-5328517,0.375
393316,B02-2060750,0.25
393316,D03661-94-100,0.125
393322,B06-2017512100,0.5
393322,B04-2292960,0.5
393322,B92-6376923,0.25
393322,B96-6515027,0.25
393322,B81-6688022,0.125
393322,B85-6580715,0.125
393324,B11-2178074,0.5
393324,B09-2130580,0.5
393324,B92-6376923,0.25
393324,B96-6515027,0.25
393324,B81-6688022,0.125
393324,B85-6580715,0.125
393477,B08-2145502,0.5
393477,B09-2131900100,0.5
393477,B05-2046758,0.25
393477,B04-2018544,0.125
393477,B03-2035944,0.125
393477,B08-21456065,0.25
393477,B97-2378787100,0.125
393477,B06-2017419,0.125
393477,B94-5328517,0.09375
393477,B02-2060750,0.0625
393477,D03661-94-100,0.03125
393482,B10-2197909,0.5
393482,B08-2145509,0.5
393482,B06-20175114,0.25
393482,B07-2015371,0.25
393575,B00-6464559,0.5
393575,B98-6110700,0.25
393575,B98-6580799,0.25
393575,B07-6043933,0.5
393575,B05-6045015,0.25
394167,CHN2001-10-133334,0.5
394167,CHN2000-10-318331,0.5
394174,CHN2001-10-133334,0.5
394174,CHN2004-10-233228,0.5
394217,B09-1000303,0.5
394217,NL05-1755344,0.25
394217,NL05-1755350,0.25
394217,NL03-1530328,0.125
394217,NL02-2049323,0.125
394217,B04-1066226,0.5
394217,B03-1003438,0.25
394217,B99-5193333,0.25
394218,B07-1002294,0.5
394218,B05-1034294,0.25
394218,B99-5193333,0.25
394218,B08-1000441,0.5
394218,NL05-1755317,0.25
394218,NL05-1755342,0.25
394218,NL03-1556381,0.125
394218,NL01-2323630,0.125
394788,B10-6037702,0.5
394788,B02-6091871,0.25
394788,B05-6448192,0.25
394788,B08-6166350,0.5
394788,B02-6496778,0.25
394788,B05-6054252,0.25
394789,B07-6077248,0.5
394789,B06-6135370,0.25
394789,B00-6155604,0.25
394789,B09-6358256,0.5
394789,B05-6168668,0.25
394789,B97-6206715,0.125
394789,B02-6092827,0.125
394789,B02-6092673,0.25
394789,B97-6364092,0.125
394789,B96-6223435,0.125
394790,B09-6040138,0.5
394790,B08-6338041,0.25
394790,B08-6338028,0.25
394790,B04-6278020,0.5
394790,B02-6092535,0.25
394826,B11-6266649,0.5
394826,B08-6316403,0.5
394826,B06-6135329,0.25
394826,B01-6522916,0.25
394934,B04-6095801,0.5
394940,B07-6051530,0.5
394940,B06-6361372,0.25
394940,B06-6361386,0.25
394942,B98-6590496,0.5
394942,B03-6266193,0.5
394942,B96-6307261,0.25
394942,B92-6074700,0.25
394945,B02-6113220,0.5
394945,B00-6440232,0.25
394945,B97-6210632,0.125
394945,B95-6303932,0.125
394945,B00-6141444,0.25
395094,B02-2060899,0.5
395094,B01-2030522100,0.5
395094,B93-2517901,0.25
395094,D03661-94-100,0.25
395095,B06-2017522,0.5
395095,B05-2073595,0.5
395095,B92-6376923,0.25
395095,B96-6515027,0.25
395095,B81-6688022,0.125
395095,B85-6580715,0.125
395098,B03-2035957,0.5
395098,B03-2001877,0.5
395098,B85-6580826,0.375
395098,B98-2425539,0.25
395098,D03661-94-100,0.125
395099,B04-2018501,0.5
395099,B03-2001819,0.25
395099,B98-2436672,0.25
395099,B93-5288924,0.125
395099,B91-5268690,0.125
395099,B09-2130421,0.5
395099,B07-2000704,0.25
395099,B08-2145570,0.25
395100,B04-2018501,0.5
395100,B03-2001819,0.25
395100,B98-2436672,0.25
395100,B93-5288924,0.125
395100,B91-5268690,0.125
395100,B05-2046739,0.5
395100,B94-5328517,0.25
395100,B03-2001877,0.25
395100,B85-6580826,0.1875
395100,B98-2425539,0.125
395100,D03661-94-100,0.0625
395101,B09-2130471,0.5
395101,B01-2030715,0.25
395101,B97-2378786,0.125
395101,B85-6580826,0.0625
395101,DV03661-93-400,0.0625
395101,B96-6515027,0.125
395101,B81-6688022,0.1875
395101,B85-6580715,0.0625
395101,B04-2018545100,0.25
395101,DV03661-94-100,0.125
395101,B06-2017419,0.5
395101,B94-5328517,0.375
395101,B02-2060750,0.25
395101,D03661-94-100,0.125
395116,B91-6227455,0.5
395117,B97-6330069,0.5
395119,B97-6330069,0.5
395209,B09-2131801,0.5
395209,B08-2145509,0.5
395209,B06-20175114,0.25
395209,B07-2015371,0.25
395232,B06-2017523100,0.5
395232,B08-21456065,0.5
395232,B97-2378787100,0.25
395232,B06-2017419,0.25
395232,B94-5328517,0.1875
395232,B02-2060750,0.125
395232,D03661-94-100,0.0625
395233,B09-21318965,0.5
395233,B03-2035944100,0.5
395233,B90-6401692,0.25
395233,B96-2045530,0.25
395236,B09-21305227,0.5
395236,B11-2178127,0.5
395236,B08-2226652,0.25
395236,B09-2130477,0.25
395240,B10-2193387,0.5
395240,B11-2178319,0.5
395240,B94-5328517,0.375
395240,B02-2060750,0.25
395240,D03661-94-100,0.125
395242,B06-2017522,0.5
395242,B05-2073595,0.5
395242,B92-6376923,0.25
395242,B96-6515027,0.25
395242,B81-6688022,0.125
395242,B85-6580715,0.125
395245,B04-2018543,0.5
395245,B03-2001819,0.25
395245,B98-2436672,0.25
395245,B93-5288924,0.125
395245,B91-5268690,0.125
395245,B09-2131835,0.5
395245,B96-6514951,0.25
395245,D03661-00-907,0.25
395246,B09-2130496,0.5
395246,B11-2178053,0.5
395246,B05-2046758,0.25
395246,B04-2018544,0.125
395246,B03-2035944,0.125
395246,B09-2130580,0.25
395246,B92-6376923,0.125
395246,B96-6515027,0.125
395246,B81-6688022,0.0625
395246,B85-6580715,0.0625
395249,B11-2178074,0.5
395249,B09-2131867,0.5
395249,B94-5328517,0.25
395249,B03-2001877,0.25
395249,B85-6580826,0.1875
395249,B98-2425539,0.125
395249,D03661-94-100,0.0625
395252,B06-2017522,0.5
395252,B05-2073595,0.5
395252,B92-6376923,0.25
395252,B96-6515027,0.25
395252,B81-6688022,0.125
395252,B85-6580715,0.125
395253,B11-21780555,0.5
395253,B11-2178318,0.5
395253,B05-2046758,0.375
395253,B04-2018544,0.1875
395253,B03-2035944,0.1875
395253,B07-2015422,0.25
395253,B06-2017514,0.125
395253,B81-6688022,0.0625
395253,DV03661-94-100,0.0625
395254,B09-21305227,0.5
395254,B11-2178127,0.5
395254,B08-2226652,0.25
395254,B09-2130477,0.25
395347,B05-2046758,0.5
395347,B04-2018544,0.25
395347,B03-2035944,0.25
395349,B02-2098674,0.5
395349,B01-6179214,0.25
395349,B94-6366819,0.25
395360,NL06-2160877,0.5
395360,B01-6455067,0.25
395360,NL95-2067230,0.25
395401,B09-6222195,0.5
395401,B06-5010886,0.25
395401,B00-5244073,0.125
395401,B96-6938419,0.0625
395401,B96-6038485,0.0625
395401,B00-5143517,0.125
395401,B94-6108650,0.0625
395401,B96-6038445,0.0625
395401,B06-6188481,0.25
395401,B06-6268114,0.5
395401,B02-6092535,0.25
395401,B99-6143191,0.25
395558,B08-6245182,0.5
395558,B93-5188111,0.25
395558,B94-6495178,0.25
395639,B10-2045162,0.5
395639,B00-2117204,0.25
395639,B07-2090939,0.25
395639,B03-2242332,0.125
395639,B04-2202420,0.125
395639,B10-2045388,0.5
395639,B05-2142800,0.25
395639,B98-6084339,0.125
395639,B93-6057704,0.0625
395639,B94-6081753,0.0625
395639,B92-2198165,0.125
395639,B91-6437358,0.0625
395639,B83-2350199,0.0625
395639,B07-2055171,0.25
395639,B99-2036005,0.125
395639,B98-2061410,0.125
395639,B97-2076498,0.0625
395639,NL96-2477441,0.0625
395772,B08-2040295,0.5
395772,B04-5174902,0.25
395772,B11-2083010,0.5
395772,B08-2040300,0.25
395772,B99-14391000,0.125
395772,B05-2143154,0.125
395772,B11-2083023,0.25
395882,B09-3188087,0.5
395882,B06-3008013,0.25
395882,B99-3103770,0.125
395882,B98-3158062,0.125
395883,B07-3200000,0.5
395883,B06-2452361,0.25
395883,B05-3224593,0.25
395890,B05-3006569,0.5
395890,B01-3031030,0.25
395890,B98-3158062,0.25
395891,B09-3188087,0.5
395891,B06-3008013,0.25
395891,B99-3103770,0.125
395891,B98-3158062,0.375
395891,B05-3006569,0.5
395891,B01-3031030,0.25
396037,B06-2233543,0.5
396037,B05-2218693,0.25
396037,B03-2148310,0.25
396037,B04-3230936,0.5
396037,BE00-3200601,0.25
396037,B98-3158062,0.25
396273,B11-2101195,0.5
396273,B08-2239338,0.25
396893,CHN2015-03-0886956,0.5
396893,NL2007-1129401,0.25
396893,NL2002-2173592,0.125
396893,NL2000-5063949,0.0625
396893,NL1998-5821416,0.0625
396893,NL1997-5700531,0.125
396893,NL1996-1434375,0.0625
396893,NL1987-1055610,0.0625
396893,B2008-6340442,0.25
397174,B2003-3186429,0.5
397174,B2000-3128435,0.25
397174,B1994-3238558,0.125
397174,B1989-3315380,0.125
397174,B1993-3183025,0.25
397174,B1992-3082421,0.125
397174,B1987-3052819,0.125
397174,B1998-2398266,0.5
397174,B1994-5314930,0.25
397174,B1991-5248546,0.125
397174,B1991-5248516,0.125
397174,B1995-2363122,0.25
397174,B1990-2523263,0.125
397174,B1987-3190166,0.125
397180,B2003-5071602,0.5
397180,B1997-5166412,0.25
397180,B2001-5010172,0.25
397180,B1998-2398266,0.5
397180,B1994-5314930,0.25
397180,B1991-5248546,0.125
397180,B1991-5248516,0.125
397180,B1995-2363122,0.25
397180,B1990-2523263,0.125
397180,B1987-3190166,0.125
397181,B2003-5071602,0.5
397181,B1997-5166412,0.25
397181,B2001-5010172,0.25
397181,B1998-2398266,0.5
397181,B1994-5314930,0.25
397181,B1991-5248546,0.125
397181,B1991-5248516,0.125
397181,B1995-2363122,0.25
397181,B1990-2523263,0.125
397181,B1987-3190166,0.125
397189,B2003-2120191,0.5
397189,B1998-4185270,0.25
397189,B1997-4263054,0.125
397189,B1991-4560548,0.125
397189,B1993-4429362,0.25
397189,B1990-4208471,0.125
397189,B1989-4139920,0.125
397189,B1998-2398266,0.5
397189,B1994-5314930,0.25
397189,B1991-5248546,0.125
397189,B1991-5248516,0.125
397189,B1995-2363122,0.25
397189,B1990-2523263,0.125
397189,B1987-3190166,0.125
397195,B2003-2120191,0.5
397195,B1998-4185270,0.25
397195,B1997-4263054,0.125
397195,B1991-4560548,0.125
397195,B1993-4429362,0.25
397195,B1990-4208471,0.125
397195,B1989-4139920,0.125
397195,B1998-2398266,0.5
397195,B1994-5314930,0.25
397195,B1991-5248546,0.125
397195,B1991-5248516,0.125
397195,B1995-2363122,0.25
397195,B1990-2523263,0.125
397195,B1987-3190166,0.125
397203,B2000-4065833,0.5
397203,B1996-4391982,0.25
397203,B1998-4184899,0.25
397203,B1999-4393573,0.5
397203,B1996-4391925,0.25
397203,B1991-4261261,0.25
397205,B2000-4065838,0.5
397205,B1996-4391910,0.25
397205,B1993-4392044,0.25
397205,B2000-4065905,0.5
397205,B1999-4392910,0.25
397205,B1996-4271517,0.25
397206,B1998-4185270,0.5
397206,B1997-4263054,0.25
397206,B1991-4560548,0.25
397206,B1993-4429362,0.5
397206,B1990-4208471,0.25
397206,B1989-4139920,0.25
397217,B2002-4478706,0.5
397217,B2000-4065833,0.25
397217,B1996-4391982,0.125
397217,B1998-4184899,0.125
397217,B1999-4393573,0.25
397217,B1996-4391925,0.125
397217,B1991-4261261,0.125
397217,B2004-4019943,0.5
397217,B1999-4365061,0.25
397217,B1994-4438205,0.125
397217,B1993-4392044,0.125
397217,B2002-4333378,0.25
397217,B2001-4489665,0.125
397217,B2000-4065805,0.0625
397217,B1999-4393519,0.0625
397217,B2000-4065848,0.125
397217,B1993-4429368,0.0625
397217,B1991-4560548,0.0625
397236,CHN2005-01-502380,0.5
397236,B2007-5067344,0.5
397236,B2000-4065880,0.25
397236,B1998-4184729,0.125
397236,B1998-3024841,0.125
397236,B2001-6182211,0.25
397236,B1998-5296409,0.125
397236,B1997-6523459,0.125
397237,CHN2005-01-502380,0.5
397237,B2007-5067344,0.5
397237,B2000-4065880,0.25
397237,B1998-4184729,0.125
397237,B1998-3024841,0.125
397237,B2001-6182211,0.25
397237,B1998-5296409,0.125
397237,B1997-6523459,0.125
397240,B2003-4408129,0.5
397240,B2000-4065838,0.25
397240,B1996-4391910,0.125
397240,B1993-4392044,0.125
397240,B2000-4065905,0.25
397240,B1999-4392910,0.125
397240,B1996-4271517,0.125
397240,B2007-5067344,0.5
397240,B2000-4065880,0.25
397240,B1998-4184729,0.125
397240,B1998-3024841,0.125
397240,B2001-6182211,0.25
397240,B1998-5296409,0.125
397240,B1997-6523459,0.125
397244,B2007-5067344,0.5
397244,B2000-4065880,0.25
397244,B1998-4184729,0.125
397244,B1998-3024841,0.125
397244,B2001-6182211,0.25
397244,B1998-5296409,0.125
397244,B1997-6523459,0.125
397247,B2005-6336371,0.5
397247,B2002-2265327,0.25
397247,B2000-2352576,0.125
397247,B2000-2352590,0.125
397247,B1999-6340916,0.25
397247,B1994-6142774,0.125
397247,B1994-6633774,0.125
397247,B2007-5067344,0.5
397247,B2000-4065880,0.25
397247,B1998-4184729,0.125
397247,B1998-3024841,0.125
397247,B2001-6182211,0.25
397247,B1998-5296409,0.125
397247,B1997-6523459,0.125
397252,B2006-6108790,0.5
397252,B2001-6367319,0.25
397252,B2002-6432811,0.25
397252,B1996-6335231,0.5
397252,B1991-6445551,0.25
397252,B1990-6531177,0.125
397252,B1989-6366084,0.125
397252,B1994-6086120,0.25
397252,B1992-6542371,0.125
397252,B1992-6542479,0.125
397253,CHN2010-01-968016,0.5
397253,B2003-3186429,0.25
397253,B2000-3128435,0.125
397253,B1994-3238558,0.0625
397253,B1989-3315380,0.0625
397253,B1993-3183025,0.125
397253,B1992-3082421,0.0625
397253,B1987-3052819,0.0625
397253,B1998-2398266,0.25
397253,B1994-5314930,0.125
397253,B1991-5248546,0.0625
397253,B1991-5248516,0.0625
397253,B1995-2363122,0.125
397253,B1990-2523263,0.0625
397253,B1987-3190166,0.0625
397253,CHN2009-01-803710,0.5
397253,B2001-6234954,0.25
397253,B1998-6484219,0.125
397253,B1990-6088614,0.125
397253,B1996-6335231,0.25
397253,B1991-6445551,0.125
397253,B1990-6531177,0.0625
397253,B1989-6366084,0.0625
397253,B1994-6086120,0.125
397253,B1992-6542371,0.0625
397253,B1992-6542479,0.0625
397256,B2002-2265327,0.5
397256,B2000-2352576,0.25
397256,B2000-2352590,0.25
397256,B1999-6340916,0.5
397256,B1994-6142774,0.25
397256,B1994-6633774,0.25
397276,B2000-3128435,0.5
397276,B1994-3238558,0.25
397276,B1989-3315380,0.25
397276,B1993-3183025,0.5
397276,B1992-3082421,0.25
397276,B1987-3052819,0.25
397299,B2003-6460032,0.5
397299,B1997-6157766,0.25
397299,B1994-6366907,0.25
397299,B2004-2298053,0.5
397299,B2001-2204067,0.25
397299,B1999-2251413,0.25
397356,B2005-6336371,0.5
397356,B2002-2265327,0.25
397356,B2000-2352576,0.125
397356,B2000-2352590,0.125
397356,B1999-6340916,0.25
397356,B1994-6142774,0.125
397356,B1994-6633774,0.125
397356,B2009-3146071,0.5
397356,B2006-3134235,0.25
397356,B2007-3153111,0.25
397358,CHN2011-01-469846,0.5
397358,CHN2010-01-968008,0.25
397358,CHN2003-01-213587,0.25
397358,CHN2012-01-1002635,0.5
397358,B2005-6052073,0.25
397358,B2004-4019943,0.25
397358,B1999-4365061,0.125
397358,B1994-4438205,0.0625
397358,B1993-4392044,0.0625
397358,B2002-4333378,0.125
397358,B2001-4489665,0.0625
397358,B2000-4065805,0.03125
397358,B1999-4393519,0.03125
397358,B2000-4065848,0.0625
397358,B1993-4429368,0.03125
397358,B1991-4560548,0.03125
397359,CHN2011-01-469846,0.5
397359,CHN2010-01-968008,0.25
397359,CHN2003-01-213587,0.25
397359,CHN2012-01-1002635,0.5
397359,B2005-6052073,0.25
397359,B2004-4019943,0.25
397359,B1999-4365061,0.125
397359,B1994-4438205,0.0625
397359,B1993-4392044,0.0625
397359,B2002-4333378,0.125
397359,B2001-4489665,0.0625
397359,B2000-4065805,0.03125
397359,B1999-4393519,0.03125
397359,B2000-4065848,0.0625
397359,B1993-4429368,0.03125
397359,B1991-4560548,0.03125
397368,B2001-4489665,0.5
397368,B2000-4065805,0.25
397368,B1999-4393519,0.25
397368,B2000-4065848,0.5
397368,B1993-4429368,0.25
397368,B1991-4560548,0.25
39768,CHN03-09-212937,0.5
397833,NL98-2223367,0.5
397833,NL84-975732,0.25
397833,NL87-1473403,0.25
397833,B93-6234444,0.5
397833,B82-6271130,0.25
397833,B87-6488840,0.25
397873,B06-5158335,0.5
397873,B02-2252018,0.25
397873,B03-2251228,0.25
397873,B07-2038199,0.5
397873,B98-2245478,0.25
397873,B04-2180228,0.25
397878,B08-2169785,0.5
397878,B05-6079766,0.25
397878,B06-2075050,0.25
397878,B07-2038199,0.5
397878,B98-2245478,0.25
397878,B04-2180228,0.25
397891,B07-2231500,0.5
397891,B02-5029573,0.25
397891,B04-5042718,0.25
397891,B07-2103401,0.5
397891,B93-3354340,0.25
397891,B04-3230936,0.25
397891,BE00-3200601,0.125
397891,B98-3158062,0.125
397895,B08-5119510,0.5
397895,B99-4183207,0.25
397895,B03-2101107,0.25
397895,B07-2103401,0.5
397895,B93-3354340,0.25
397895,B04-3230936,0.25
397895,BE00-3200601,0.125
397895,B98-3158062,0.125
397909,B08-4002600,0.5
397909,B04-403302508,0.25
397909,B06-410092008,0.25
397909,B05-1048372,0.5
397909,B96-1089255,0.25
397909,B01-1009002,0.25
397923,B06-8030517,0.5
397923,B97-2222852,0.25
397923,B98-9159660,0.25
397923,B09-8007453,0.5
397923,B06-802879611,0.25
397923,B06-439138,0.25
397932,B10-5164385,0.5
397932,B92-9254304,0.25
397932,B97-1680766,0.25
397932,B09-8007453,0.5
397932,B06-802879611,0.25
397932,B06-439138,0.25
397935,B10-2008439,0.5
397935,B03-1548713,0.25
397935,B04-1217281,0.25
397935,B09-8007453,0.5
397935,B06-802879611,0.25
397935,B06-439138,0.25
397936,B05-6170855,0.5
397936,B00-6254332,0.25
397936,B97-6420763,0.25
397936,B03-6095358,0.5
397936,B93-6499550,0.25
397936,B95-6189656,0.25
397941,NL2007-2179589,0.5
397941,NL93-1386948,0.25
397941,NL93-2811780,0.25
397941,NL2007-2037040,0.5
397941,BL97-5166166,0.375
397941,NL98-1512769,0.25
397941,BL90-5226682,0.125
397954,B09-3147255,0.5
397954,B04-3165655,0.25
397954,B07-3153470,0.25
397954,B09-3066697,0.5
397954,B05-3222518,0.25
397954,B00-3263991,0.25
397966,B05-3219262,0.5
397966,B91-3342395,0.25
397966,B94-3320789,0.25
397966,B96-3287022,0.5
397966,B77-3043584,0.25
397966,B83-3020156,0.25
397969,B01-3166849,0.5
397969,B91-3212937,0.25
397969,B92-3266678,0.25
397969,B02-3095917,0.5
397969,B93-3017097,0.25
397969,B99-3260280,0.25
398000,B04-6444022,0.5
398000,B92-3359525,0.25
398000,B95-6227709,0.25
398000,B06-5036913,0.5
398000,B91-5055514,0.25
398000,B95-5295724,0.25
398002,B07-3129216,0.5
398002,B95-3336350,0.25
398002,B00-3280282,0.25
398002,B99-4250152,0.5
398002,B93-3050110,0.25
398002,B96-3314584,0.25
398014,B06-6145429,0.5
398014,B05-6048131,0.25
398014,B99-6060510,0.25
398014,B06-6145443,0.5
398014,B04-6075390,0.25
398014,B04-6075395,0.25
398026,B05-6170855,0.5
398026,B00-6254332,0.25
398026,B97-6420763,0.25
398026,B03-6095358,0.5
398026,B93-6499550,0.25
398026,B95-6189656,0.25
398027,B05-6170855,0.5
398027,B00-6254332,0.25
398027,B97-6420763,0.25
398027,B03-6095358,0.5
398027,B93-6499550,0.25
398027,B95-6189656,0.25
398094,B05-6170855,0.5
398094,B00-6254332,0.25
398094,B97-6420763,0.25
398094,B03-6095358,0.5
398094,B93-6499550,0.25
398094,B95-6189656,0.25
398100,NL09-3952735,0.5
398100,NL06-2162356,0.25
398100,NL08-1537978,0.25
398100,B03-6095358,0.5
398100,B93-6499550,0.25
398100,B95-6189656,0.25
398144,B06-8030517,0.5
398144,B97-2222852,0.25
398144,B98-9159660,0.25
398144,B07-2103401,0.5
398144,B93-3354340,0.25
398144,B04-3230936,0.25
398144,BE00-3200601,0.125
398144,B98-3158062,0.125
398185,B01-5025701,0.5
398185,B95-5111447,0.25
398185,B97-5204417,0.25
398185,B92-6451510,0.5
398185,B89-6270437,0.25
398185,B91-6325915,0.25
398186,B01-5025701,0.5
398186,B95-5111447,0.25
398186,B97-5204417,0.25
398186,B92-6451510,0.5
398186,B89-6270437,0.25
398186,B91-6325915,0.25
398188,B01-5025701,0.5
398188,B95-5111447,0.25
398188,B97-5204417,0.25
398188,B92-6451510,0.5
398188,B89-6270437,0.25
398188,B91-6325915,0.25
398190,B01-5025701,0.5
398190,B95-5111447,0.25
398190,B97-5204417,0.25
398190,B92-6451510,0.5
398190,B89-6270437,0.25
398190,B91-6325915,0.25
398196,B99-6438824,0.5
398196,B96-6288131,0.25
398196,B96-6288071,0.25
398196,B97-6393104,0.5
398196,B90-6652120,0.25
398196,B94-6308029,0.25
398318,B09-5163282,0.5
398318,B03-2101211,0.25
398318,B99-4221852,0.25
398318,B07-2038199,0.5
398318,B98-2245478,0.25
398318,B04-2180228,0.25
398343,B06-2233618,0.5
398343,B98-2449019,0.25
398343,B91-2306167,0.25
398343,B07-2193455,0.5
398343,B05-2219224,0.25
398343,B01-2284761,0.25
398347,B01-6344347,0.5
398347,B97-6421435,0.25
398347,B99-6353015,0.25
398347,B98-6490807,0.5
398347,B88-6631627,0.25
398347,B94-6385403,0.25
398360,B05-3222518,0.5
398360,B00-3263991,0.5
398361,NL99-5927540,0.5
398361,NL96-1737125,0.25
398361,NL94-1380745,0.25
398361,NL01-5162009,0.5
398361,NL96-2657786,0.25
398361,NL92-1516130,0.25
398362,NL04-1563041,0.5
398362,B94-6112853,0.25
398362,NL99-1869521,0.25
398362,NL01-5162009,0.5
398362,NL96-2657786,0.25
398362,NL92-1516130,0.25
398364,NL03-1918649,0.5
398364,NL02-1116530,0.25
398364,NL93-2101573,0.25
398364,NL97-2555195,0.5
398364,NL94-2534470,0.25
398364,NL88-2854505,0.25
398371,NL01-1411183,0.5
398371,NL98-1741304,0.25
398371,NL87-1473403,0.25
398371,NL01-1416589,0.5
398371,NL85-679142,0.25
398371,NL93-5334396,0.25
398372,NL04-1559771,0.5
398372,NL03-1913377,0.25
398372,NL95-1392071,0.25
398372,NL01-5162009,0.5
398372,NL96-2657786,0.25
398372,NL92-1516130,0.25
398408,NL03-1979970,0.5
398408,B97-6270352,0.25
398408,B96-1903749,0.25
398408,NL02-2258989,0.5
398408,NL97-4322738,0.25
398408,NL99-1575803,0.25
398414,NL04-1626565,0.5
398414,NL91-1581202,0.375
398414,NL97-5774231,0.25
398414,NL93-2334466,0.125
398414,NL06-1619070,0.5
398414,NL05-1935647,0.25
398414,NL96-5682462,0.25
398419,NL01-1135505,0.5
398419,B96-6286060,0.25
398419,NL98-582141,0.25
398419,NL97-5774231,0.5
398419,NL91-1581202,0.25
398419,NL93-2334466,0.25
398527,NL07-1875931,0.5
398527,NL00-2064354,0.25
398527,NL95-201944,0.25
398527,NL00-1467510,0.5
398527,NL91-1581202,0.25
398527,NL93-2334466,0.25
398531,B02-3026154,0.5
398531,B87-3089349,0.375
398531,B92-3138647,0.25
398531,B88-3307763,0.125
398531,NL04-1626597,0.5
398531,NL91-1581202,0.375
398531,NL97-2524534,0.25
398531,NL93-2334466,0.125
398546,NL04-1626565,0.5
398546,NL91-1581202,0.375
398546,NL97-5774231,0.25
398546,NL93-2334466,0.375
398546,NL03-1980145,0.5
398546,NL01-2056084,0.25
398568,NL01-5116808,0.5
398568,NL91-1581202,0.25
398568,NL00-1467509,0.25
398568,NL01-1391462,0.5
398568,NL95-5552668,0.25
398568,NL99-2076269,0.25
398600,NL07-1616609,0.5
398600,NL02-1400618,0.25
398600,NL05-5507031,0.75
398600,NL98-5863726,0.375
398600,NL02-5226779,0.375
398602,NL01-1135505,0.5
398602,B96-6286060,0.25
398602,NL98-582141,0.25
398602,NL05-2159337,0.5
398602,NL01-6519910,0.25
398602,NL02-2211286,0.25
398603,NL01-1135504,0.5
398603,NL91-1581202,0.25
398603,NL99-1845343,0.25
398603,NL03-1287765,0.5
398603,NL92-5212284,0.25
398603,NL95-2067230,0.25
398604,NL03-1979970,0.5
398604,B97-6270352,0.25
398604,B96-1903749,0.25
398604,NL02-2258989,0.5
398604,NL97-4322738,0.25
398604,NL99-1575803,0.25
398608,CHN2009-09-014963,0.5
398608,CHN2010-09-402376,0.5
398618,NL04-1990861,0.5
398618,NL97-1447307,0.25
398618,NL00-1904975,0.25
398618,NL97-5774231,0.5
398618,NL91-1581202,0.25
398618,NL93-2334466,0.25
398621,NL04-1990861,0.5
398621,NL97-1447307,0.25
398621,NL00-1904975,0.25
398621,NL97-5774231,0.5
398621,NL91-1581202,0.25
398621,NL93-2334466,0.25
398636,NL01-5118312,0.5
398636,NL95-5552668,0.25
398636,NL99-2076269,0.25
398636,NL01-2056083,0.5
398636,B88-3206088,0.25
398636,NL93-5383224,0.25
398637,NL03-1979970,0.5
398637,B97-6270352,0.25
398637,B96-1903749,0.25
398637,NL02-2258989,0.5
398637,NL97-4322738,0.25
398637,NL99-1575803,0.25
398639,NL07-1430507,0.5
398639,NL91-1581202,0.375
398639,NL97-2524534,0.25
398639,NL93-2334466,0.125
398639,NL05-5507031,0.5
398639,NL98-5863726,0.25
398639,NL02-5226779,0.25
398668,B08-2239839,0.5
398668,B02-8027185100,0.25
398668,B04-8008110,0.25
398668,B07-2038199,0.5
398668,B98-2245478,0.25
398668,B04-2180228,0.25
398676,NL08-3832730,0.5
398676,B03-4456769,0.25
398676,NL04-0450098,0.25
398676,NL01-2433938,0.125
398676,NL96-9618799,0.125
398676,NL08-1695140,0.5
398676,NL04-0450101,0.25
398676,NL98-9880970,0.125
398676,NL97-9782667,0.0625
398676,NL95-2199819,0.0625
398676,NL96-2672994,0.125
398676,NL03-1833193,0.25
398676,NL97-1759965,0.125
398676,NL93-1888936,0.125
398677,NL08-3832798,0.5
398677,NL07-3731487,0.25
398677,NL00-0079954,0.25
398677,NL03-1833193,0.5
398677,NL97-1759965,0.25
398677,NL93-1888936,0.25
398679,NL05-1567816,0.5
398679,NL01-2433938,0.25
398679,NL96-9618799,0.25
398679,NL08-3832737,0.5
398679,NL05-1233726,0.25
398679,NL03-0376752,0.25
398681,NL08-3832786,0.5
398681,NL04-0450101,0.5
398681,NL98-9880970,0.25
398681,NL97-9782667,0.125
398681,NL95-2199819,0.125
398681,NL96-2672994,0.25
398681,NL03-1833193,0.5
398681,NL97-1759965,0.25
398681,NL93-1888936,0.25
398681,NL08-1695140,0.5
398776,B08-4281550,0.5
398776,B05-2076701,0.25
398776,B06-4377103,0.25
398776,B08-4281577,0.5
398776,B96-4391939,0.375
398776,B02-3003538,0.25
398776,B94-3237043,0.125
398777,B08-4281550,0.5
398777,B05-2076701,0.25
398777,B06-4377103,0.25
398777,B08-4281577,0.5
398777,B96-4391939,0.375
398777,B02-3003538,0.25
398777,B94-3237043,0.125
399245,B04-6075332,0.5
399245,B03-6190447,0.25
399245,B02-6095728,0.25
399245,B05-6048304,0.5
399245,B99-6060550,0.25
399245,B00-6140445,0.25
399265,B08-4281517,0.5
399265,B05-2076701,0.25
399265,B06-4377103,0.25
399265,B08-4281576,0.5
399265,B96-4391939,0.375
399265,B02-3003538,0.25
399265,B94-3237043,0.125
399267,B10-4275198,0.5
399267,B05-2076701,0.25
399267,B06-4377103,0.25
399267,B09-4321763,0.5
399268,B10-4275198,0.5
399268,B05-2076701,0.25
399268,B06-4377103,0.25
399268,B09-4321763,0.5
399290,B06-4352099,0.5
399290,B03-6381698,0.25
399290,B01-6370331,0.125
399290,B05-3006555,0.25
399290,B09-4321763,0.5
399296,B06-4352099,0.5
399296,B03-6381698,0.25
399296,B01-6370331,0.125
399296,B05-3006555,0.25
399296,B09-4321763,0.5
399313,B11-4090102,0.5
399313,B06-6185492,0.25
399313,B08-4351119,0.25
399313,B07-4373192,0.5
399313,B99-4262223,0.25
399313,B04-4437282,0.25
399316,B08-4130386,0.5
399316,B02-4064532,0.25
399316,B04-4437289,0.25
399316,B07-4373192,0.5
399316,B99-4262223,0.25
399316,B04-4437282,0.25
399330,B11-4090166,0.5
399330,B06-6185492,0.25
399330,B08-4351119,0.25
399330,B01-4094638,0.5
399330,B99-4262223,0.25
399458,B04-6238153,0.5
399458,B97-6073648,0.25
399458,B04-6238161,0.5
399458,B99-6304381,0.25
399458,B98-6253038,0.25
399459,B04-6238153,0.5
399459,B97-6073648,0.25
399459,B04-6238161,0.5
399459,B99-6304381,0.25
399459,B98-6253038,0.25
399834,B11-3172362,0.5
399834,B02-3185288,0.25
399834,B05-3006794,0.25
399843,B11-3170521,0.5
399843,B02-507532,0.25
399843,B08-3035009,0.25
399843,B12-4281873,0.5
399843,B05-2076701,0.25
399843,B06-4377103,0.25
400421,B06-6034709,0.5
400421,B02-6183084,0.25
400421,B00-6540682,0.125
400421,B00-6485499,0.125
400421,B98-6429618,0.0625
400421,B97-6423539,0.0625
400976,B06-6210990,0.5
400976,B05-6337294,0.25
400976,B05-6337115,0.25
40131,DV02098-06-844,0.5
40131,B01-3025114,0.25
40131,DV02098-97-330,0.25
401643,B88-6717673,0.875
401643,GL93-3993,0.4375
401643,B98-3200237,0.4375
401643,CHN08-15-226444,0.5
401643,CC2002-1043,0.25
401643,B88-6725723,0.125
40294,B03-4031430,0.5
40294,B02-4147327,0.25
40294,B98-4465452,0.25
40294,NL05-1419624,0.5
40294,NL02-1644224,0.25
40294,NL01-1894055,0.125
40294,NL91-2166891,0.125
403339,B00-5150509,0.5
403339,B00-5052722,0.5
404658,CHN2007-03-529866,0.5
404658,B2002-6506934,0.25
404658,NL2004-1114742,0.25
404658,B2008-4270255,0.5
404658,B2007-4235685,0.25
404658,B2004-4035026,0.25
405611,B11-6332488,0.5
405611,B10-6052292,0.25
405611,B06-6270117,0.125
405611,B03-6277418,0.5
405611,B02-6315014,0.25
405611,B98-6216290,0.25
405611,B04-6472084,0.5
405611,B01-6380175,0.25
409891,NL11-1043515,0.5
409891,NL07-1053242,0.25
409891,NL05-1773077,0.25
409891,NL09-1525068,0.5
409891,NL99-1376236,0.25
409891,NL99-1376203,0.25
410211,TW93-238804,0.75
410211,B86-9122830,0.375
410211,NL88-2692608,0.375
410211,C2002-1097,0.5
410211,TW93-103725,0.25
410211,B82-5000628,0.125
410211,NL82-1325105,0.125
41034,DV02098-03-1030,0.5
41034,B01-3025114,0.25
41034,DV02098-97-330,0.25
410759,B03-6287023,0.5
410759,NL98-5812191,0.5
411238,B98-5090216,0.5
411238,B90-5049955,0.25
411238,B91-6371155,0.25
411241,B05-2279830,0.5
411241,B04-2107250,0.25
411241,NL03-1141073,0.25
411241,B05-2074952,0.5
411241,B96-2096241,0.25
411241,B03-2266295,0.25
411242,B05-2267452,0.5
411242,B00-2408294,0.25
411242,B03-2101321,0.25
411242,B03-2101043,0.5
411242,B94-4498699,0.25
411242,B99-4221852,0.25
411248,B05-2267152,0.5
411248,B02-2142074,0.25
411248,NL01-1702641,0.25
411248,B04-2107204,0.5
411248,B94-5199146,0.25
411248,B00-51663342003,0.25
411253,B98-3303957,0.5
411253,B90-4499042,0.25
411253,B85-4016662,0.25
411253,B90-4499329,0.5
411253,B84-3268638,0.25
411253,B89-3307220,0.25
411255,B98-5090216,0.5
411255,B90-5049955,0.25
411255,B91-6371155,0.25
411260,B02-4474488,0.5
411260,B01-4496345,0.25
411260,B93-2053961,0.25
411260,B04-4384601,0.5
411260,B92-4564103,0.25
411260,B97-4488095,0.25
411274,BE12-5015222100,0.5
411274,BE05-5220465,0.25
411274,BE04-5226586,0.25
411274,BE12-5015196,0.5
411274,BE99-5271731,0.25
411274,BE04-5065566,0.25
411276,BE12-5015222100,0.5
411276,BE05-5220465,0.25
411276,BE04-5226586,0.25
411276,BE12-5015196,0.5
411276,BE99-5271731,0.25
411276,BE04-5065566,0.25
411300,B11-2067144,0.5
411300,B05-2201710,0.25
411300,B09-2025181,0.25
411300,B11-2067237,0.5
411300,B06-2222495,0.25
411300,B06-2222493,0.25
411308,B10-2063259,0.5
411308,B01-2270233,0.25
411308,B08-3106083,0.25
41182,BELG2003-6381698,0.5
41195,BELG2003-6381698,0.5
41204,B95-6054341,0.5
41219,BELG98-3158062,0.5
41273,BELG2003-3003390,0.5
41273,BELG2003-9021198,0.5
41304,B05-6085148,0.5
41304,B01-6493752,0.25
41304,B03-3103172,0.5
41304,B99-3221044,0.25
41304,B99-3221110,0.25
41304,B85-6527336,0.125
41304,B93-3130073,0.125
413584,CHN14-15-184297,0.5
413584,CHN14-15-184369,0.5
413584,NL07-5705110,0.25
413584,NL08-1174850,0.25
413783,NL06-1589701,0.5
413783,BLG99-6438097,0.5
413883,B06-6185566,0.5
413883,B03-0383362,0.25
413883,B97-6101055,0.5
413883,B07-6140038,0.5
413883,B02-6051523,0.25
414113,B03-6033216,0.5
414113,B86-6694386,0.25
414113,B92-6680611,0.25
415161,B08-4356967,0.5
415161,B10-4302543,0.5
415241,B08-30088612004,0.5
415241,B00-3100967,0.25
415241,B01-3214932,0.25
415241,B05-9011074,0.5
415241,B99-3199530,0.25
415241,B96-3221608,0.25
415390,B09-4080804,0.5
415598,B01-9040015,0.5
415598,B95-9231712,0.25
415598,B94-9080049,0.25
415598,B05-9029201,0.5
415598,B02-9071526,0.25
415598,B98-9147146,0.25
415666,B01-9040015,0.75
415666,B95-9231712,0.375
415666,B94-9080049,0.375
415666,CHN02-03-290957,0.5
415666,B01-9040056,0.25
417168,B00-6156146,0.5
417169,B08-6314507,0.5
417169,B02-6091489,0.25
417169,B01-6255015,0.25
417169,B94-6214450,0.5
417169,B96-6307261,0.25
417169,B82-6380170,0.25
417170,B03-6266462,0.5
417170,B00-6156141,0.25
417170,B98-6429866,0.125
417170,B00-6156138,0.5
417170,B98-6594049,0.25
417170,B99-6143621,0.25
417170,B98-62140407,0.125
417170,B94-6214211,0.125
417170,B81-6463237,0.0625
417170,B88-6318694,0.0625
417438,NL98-1215892,0.5
417438,NL95-1942000,0.25
417438,NL94-1424854,0.25
417438,NL01-1886621,0.5
417438,NL98-1215865,0.25
417438,NL98-1215809,0.25
417448,NL03-1135415,0.5
417448,NL02-1635264,0.25
417448,NL97-1523719,0.25
417448,NL03-1135382,0.5
417448,NL92-1194703,0.25
417448,NL98-1215918,0.25
417451,NL98-1215801,0.5
417451,NL92-1194703,0.25
417451,NL89-1315056,0.25
417451,NL03-1103686,0.5
417451,NL96-8006009,0.25
417451,NL96-8006005,0.25
417454,NL01-1886692,0.5
417454,NL03-1135500,0.5
417454,NL95-1942000,0.25
417454,NL98-1215809,0.25
417458,NL07-1847797,0.5
417458,NL06-1078569,0.25
417458,NL03-5301441,0.25
417458,B87-3089349,0.125
417458,B02-3025837,0.125
417458,NL03-1135047,0.5
417458,NL99-2360220,0.25
417458,NL01-1886536,0.25
417505,DV01769-08-204,0.5
417505,DV04715-03-442,0.25
417508,DV02934-07-701,0.5
417508,DV03055-05-696,0.25
417508,DV03055-06-933,0.25
417527,DV01769-08-204,0.5
417527,DV04715-03-442,0.25
417781,B07-1003406,0.5
417781,NL05-1755344,0.25
417781,NL05-1755350,0.25
417781,NL03-1530328,0.125
417781,NL02-2049323,0.125
417781,NL05-1755342,0.5
417781,NL03-1556381,0.25
417781,NL01-2323630,0.25
417933,B08-6316092,0.5
417933,B02-6092535,0.25
417933,B00-6155746,0.25
417933,B08-6316297,0.5
417933,B06-6268025,0.25
417933,B86-6271103,0.25
417933,B82-6380170,0.125
418264,B2010-6052136,0.5
418264,B2009-3172925,0.5
418264,B07-3182025,0.25
418264,B07-3182009,0.25
418269,B2010-6052136,0.5
418601,B10-4049430,0.5
418601,B07-4067927,0.25
418601,B09-4114906,0.25
418601,B04-2124299,0.375
418601,B98-4185254,0.375
418601,B10-4049411,0.5
418602,B08-4259740,0.5
418602,B00-4270014,0.25
418602,B02-4333398,0.25
418602,B09-4114906,0.5
418602,B04-2124299,0.25
418602,B98-4185254,0.25
418605,B10-4049430,0.5
418605,B07-4067927,0.25
418605,B09-4114906,0.25
418605,B04-2124299,0.375
418605,B98-4185254,0.375
418605,B10-4049411,0.5
418606,B11-4024598,0.5
418606,B05-4130429,0.25
418606,B07-4373754,0.25
418606,B99-4365061,0.125
418606,B02-4333378,0.125
418606,B93-4429368,0.0625
418606,B00-4065848,0.0625
418606,B10-4049431,0.5
418606,B07-4067927,0.25
418606,B09-4114906,0.25
418606,B04-2124299,0.125
418606,B98-4185254,0.125
419403,NL98-1512769,0.5
419403,BL97-5166166,0.25
419403,BL90-5226682,0.25
419404,NL2007-2179589,0.5
419404,NL93-1386948,0.25
419404,NL93-2811780,0.25
419404,NL2007-2037040,0.5
419404,BL97-5166166,0.375
419404,NL98-1512769,0.25
419404,BL90-5226682,0.125
419405,NL98-1512769,0.5
419405,BL97-5166166,0.25
419405,BL90-5226682,0.25
420242,CHN15-15-0120621,0.5
420242,CHN13-15-210070,0.5
420242,NL07-5705110,0.25
420242,NL08-1174850,0.25
420405,NL07-5705110,0.5
420405,NL08-1174850,0.5
420483,BELG03-2310947,0.5
420483,BELG96-2443353,0.25
420483,BELG91-6371155,0.25
42053,BELG2001-3172989,0.5
420547,BELG2000-2117363,0.5
420547,BELG1994-2061350,0.5
420565,CHN14-15-184109,0.5
420565,NL13-1239654,0.5
420815,BELG2009-6356722,0.5
420815,BELG2007-6399401,0.25
420828,BELG2007-6404510,0.5
420828,BELG2005-6045400,0.25
420828,BELG2001-6455003,0.25
420828,BELG2006-6410696,0.5
420828,BELG2003-6192606,0.25
420828,BELG2003-6032896,0.25
421171,BELG2010-6031800,0.5
421171,BELG2004-6307341,0.25
421171,BELG1998-6335690,0.25
421171,BELG2011-6115021,0.5
421171,BELG2010-6166238,0.25
421171,BELG2010-6163863,0.25
421521,B02-6354005,0.5
421521,B96-6514977,0.25
421521,B90-6671265,0.25
421521,B03-6460062,0.5
421521,B92-6242005,0.25
421521,B94-6366891,0.25
421521,B82-6736965,0.125
421521,B86-6676122,0.125
422111,B10-6234831,0.5
422111,B07-6157975,0.25
422111,B02-6483633,0.25
422111,B03-6481500,0.5
422111,B99-6490520,0.25
422111,B95-643341,0.25
422129,B04-6121232,0.5
422129,B02-6261256,0.25
422129,B02-6483633,0.25
422129,B02-6261286,0.5
422129,B98-6383838,0.25
422129,B95-643341,0.25
422139,B10-6234960,0.5
422139,B07-6157975,0.25
422139,B02-6483633,0.25
422139,B08-6175126,0.5
422139,B05-6170732,0.25
422139,B06-6397858,0.25
422148,B03-6406764,0.5
422148,B02-6261256,0.25
422148,B99-6494324,0.25
422148,B03-6403840,0.5
422148,B00-6190998,0.25
422148,B02-6495494,0.25
422149,B09-6293393,0.5
422149,B04-6344628,0.25
422149,B04-6344643,0.25
422149,B03-6403840,0.5
422149,B00-6190998,0.25
422149,B02-6495494,0.25
422179,B07-6140130,0.5
422179,B02-6051523,0.25
422179,B97-6101055,0.25
422179,B04-6208161,0.5
422179,B96-6100120,0.25
422179,B95-6536121,0.25
422180,B08-6232783,0.5
422180,NL96-9693614,0.25
422180,B94-6093632,0.25
422180,B83-6528577,0.125
422180,B85-6392475,0.125
422180,B08-6384340,0.5
422180,B02-6051523,0.25
422180,B06-6414619,0.25
422233,NL04-0447254,0.75
422233,NL06-1078025,0.5
422233,NL02-1644564,0.25
422331,NL2011-1737011,0.5
422331,NL2006-4720774,0.25
422331,NL2000-5063949,0.125
422331,NL2004-5430805,0.125
422331,NL2007-1817846,0.25
422331,NL2004-2050252,0.125
422331,NL2000-1975952,0.125
422331,B2008-6340442,0.5
422343,NL2010-1681876,0.5
422343,NL2009-1186097,0.25
422343,NL2006-4720774,0.1875
422343,NL2000-5063949,0.09375
422343,NL2004-5430805,0.09375
422343,NL2000-1975952,0.1875
422343,NL2003-1135371,0.25
422343,NL1996-2279515,0.125
422343,NL2001-1886591,0.125
422343,CHN2015-03-0887725,0.5
422343,NL2009-1186007,0.25
422343,NL2007-1817993,0.125
422343,NL2007-6229191,0.125
422343,NL2007-1129412,0.25
422343,B2004-6177627,0.125
422352,CHN2010-01-810707,0.5
422352,B2008-6340454,0.25
422352,B2005-6338472,0.125
422352,B97-6596425,0.0625
422352,NL2001-2198844,0.0625
422352,B1999-6438292,0.125
422352,B1997-6390022,0.0625
422352,B1995-6246005,0.0625
422352,NL2007-1129402,0.25
422352,NL2002-2173592,0.125
422352,NL2000-5063949,0.0625
422352,NL1998-5821416,0.0625
422352,NL1997-5700531,0.125
422352,NL1996-1434375,0.0625
422352,NL1987-1055610,0.0625
422352,CHN2008-03-632843,0.5
422352,CHN2007-03-528937,0.25
422352,B2002-6506934,0.125
422352,B2000-2152014,0.125
422352,CHN2007-03-528963,0.25
422352,CHN2006-03-102079,0.125
422352,CHN2005-01-356357,0.125
422353,B08-6372527,0.5
422353,B04-6278385,0.25
422353,B07-6077302,0.25
422353,B08-6316413,0.5
422395,NL2009-1186007,0.5
422395,NL2007-1817993,0.25
422395,NL2006-4720774,0.125
422395,NL2000-5063949,0.0625
422395,NL2004-5430805,0.0625
422395,NL2000-1975952,0.125
422395,NL2007-6229191,0.25
422395,NL2010-1681855,0.5
422395,NL2008-1537203,0.25
422395,NL2007-1817852,0.125
422395,NL2007-1817880,0.125
422395,NL2009-1186402,0.25
422395,NL2004-2050252,0.125
422395,NL2001-1886550,0.125
422396,NL2011-1736844,0.5
422396,NL2006-4720774,0.28125
422396,NL2000-5063949,0.140625
422396,NL2004-5430805,0.140625
422396,NL2007-1817846,0.25
422396,NL2004-2050252,0.15625
422396,NL2000-1975952,0.15625
422396,CHN2016-03-0900886,0.5
422396,CHN2009-03-1034163,0.25
422396,CHN2006-01-600506,0.125
422396,CHN2006-01-600308,0.125
422396,CHN2015-03-0886687,0.25
422396,NL2009-1186007,0.125
422396,NL2007-1817993,0.0625
422396,NL2007-6229191,0.0625
422396,NL2010-1681855,0.125
422396,NL2008-1537203,0.0625
422396,NL2007-1817852,0.03125
422396,NL2007-1817880,0.03125
422396,NL2009-1186402,0.0625
422396,NL2001-1886550,0.03125
422427,CHN2015-03-0886622,0.5
422427,B2008-6340454,0.25
422427,B2005-6338472,0.125
422427,B97-6596425,0.0625
422427,NL2001-2198844,0.0625
422427,B1999-6438292,0.125
422427,B1997-6390022,0.0625
422427,B1995-6246005,0.0625
422427,NL2007-1129402,0.25
422427,NL2002-2173592,0.125
422427,NL2000-5063949,0.0625
422427,NL1998-5821416,0.0625
422427,NL1997-5700531,0.125
422427,NL1996-1434375,0.0625
422427,NL1987-1055610,0.0625
422427,NL2010-1681855,0.5
422427,NL2008-1537203,0.25
422427,NL2007-1817852,0.125
422427,NL2007-1817880,0.125
422427,NL2009-1186402,0.25
422427,NL2004-2050252,0.125
422427,NL2001-1886550,0.125
422431,B2008-6340454,0.5
422431,B2005-6338472,0.25
422431,B97-6596425,0.125
422431,NL2001-2198844,0.125
422431,B1999-6438292,0.25
422431,B1997-6390022,0.125
422431,B1995-6246005,0.125
422431,CHN2008-03-632843,0.5
422431,CHN2007-03-528937,0.25
422431,B2002-6506934,0.125
422431,B2000-2152014,0.125
422431,CHN2007-03-528963,0.25
422431,CHN2006-03-102079,0.125
422431,CHN2005-01-356357,0.125
422768,BELG2009-3095066,0.5
422768,BELG2004-4284156,0.25
422768,BELG2002-3003592,0.25
422768,BELG2008-3035055,0.5
422768,BELG2004-3001796,0.25
422768,BELG2001-3031007,0.25
422815,BELG2006-3002675,0.5
422815,BELG1996-3259644,0.25
422815,BELG1997-3229754,0.25
422815,FR2004-34311,0.5
422815,BELG2000-3001593,0.25
422825,BELG2010-3179392,0.5
422825,BELG2009-3095001,0.25
422825,BELG2003-3003390,0.125
422825,BELG2003-9021198,0.125
422825,BELG2003-3003524,0.25
422840,BELG2012-3089679,0.5
422840,BELG2004-3069721,0.25
422840,BELG2005-3006583,0.25
422840,NL2010-1693078,0.5
422840,NL2008-1548902,0.25
422840,BELG2004-6082266,0.25
422851,BELG2012-4241083,0.5
422851,CHN2010-3020292,0.25
422851,BELG2009-3040107,0.25
422851,BELG2013-3159460,0.5
422851,BELG2004-3069721,0.25
422851,BELG2005-3006583,0.25
422855,BELG2011-2018430,0.5
422855,BELG2007-1261608,0.25
422855,BELG2005-3006763,0.25
422855,BELG2014-3067004,0.5
422855,BELG2010-9039333,0.25
422855,BELG2013-3088052,0.25
422860,B10-2063267,0.5
422860,B12-2021313,0.5
422860,B09-2025053,0.25
422860,B07-2222862,0.125
422860,B07-2232040,0.125
422860,B10-2063246,0.25
422863,BELG2007-3034354,0.5
422863,BELG2002-3250618,0.25
422863,BELG1998-3243085,0.25
422863,BELG2007-3199999,0.5
422863,BELG2006-2452361,0.25
422863,BELG2005-3224593,0.25
423432,BELG2012-9032334,0.5
423432,BELG2007-9023172,0.25
423432,BELG2008-9044061,0.5
423432,BELG2006-9130813,0.25
423432,BELG2007-9023098,0.25
423444,BELG2005-9029062,0.5
423444,BELG2001-9040067,0.25
423444,BELG2004-9134245,0.25
423444,BELG2002-9050748,0.125
423444,BELG1998-9147006,0.125
423444,BELG1996-9107968,0.0625
423444,BELG1991-613925,0.0625
423444,BELG2008-4003774,0.5
423444,BELG2007-4067927,0.25
423499,BELG2011-9079448,0.5
423499,BELG2008-4003770,0.25
423499,BELG2007-9023007,0.25
423499,BELG2001-9040072,0.125
423499,BELG1999-9128113,0.125
423499,BELG2004-9134245,0.5
423499,BELG2002-9050748,0.25
423499,BELG1998-9147006,0.25
423499,BELG1996-9107968,0.125
423499,BELG1991-613925,0.125
423932,BELG2013-9029642,0.5
423932,BELG2011-9079448,0.25
423932,BELG2008-4003770,0.125
423932,BELG2007-9023007,0.375
423932,BELG2001-9040072,0.1875
423932,BELG1999-9128113,0.1875
423932,BELG2004-9134245,0.25
423932,BELG2002-9050748,0.125
423932,BELG1998-9147006,0.125
423932,BELG1996-9107968,0.0625
423932,BELG1991-613925,0.0625
423932,BELG2009-9079200,0.5
423932,BELG2004-4295601,0.25
423950,B05-3006553,0.5
423950,B01-4429827,0.25
423950,B04-3001781,0.5
423950,B98-3158062,0.25
423961,B05-3224585,0.5
423961,B04-3001796,0.25
423961,B01-3031007,0.25
423961,B04-3001781,0.5
423961,B98-3158062,0.25
423976,BELG2010-9039292,0.5
423976,BELG2008-9044263,0.25
423976,BELG2006-2178778,0.25
423976,BELG2007-9023061,0.5
423976,BELG2003-9021265,0.25
423976,BELG2000-9103502,0.25
423982,BELG2011-9065109,0.5
423982,BELG2008-4003770,0.25
423982,BELG2007-9023007,0.25
423982,BELG2001-9040072,0.125
423982,BELG1999-9128113,0.125
423982,BELG2009-9079107,0.5
423982,BELG2007-9023061,0.25
423982,BELG2003-9021265,0.125
423982,BELG2000-9103502,0.125
424034,BELG2002-9050056,0.5
424034,BELG1998-6117073,0.25
424034,BELG1998-9116021,0.25
424034,BELG1998-9147006,0.5
424034,BELG1996-9107968,0.25
424034,BELG1991-613925,0.25
424392,DV01769-12-449,0.5
424392,DV08821-10-680,0.25
424392,DV02881-11-7,0.25
424392,NL12-1077043,0.5
424392,NL07-3704851,0.25
424480,B03-6257134,0.5
424480,B02-6379072,0.25
424564,BELG2009-5052486,0.5
424564,BELG2006-4112378,0.25
424564,BELG1999-5000704,0.25
424564,BELG2009-6111600,0.5
424564,BELG1998-6335690,0.25
424587,BELG2011-4097002,0.5
424587,BELG2005-4130520,0.25
424587,BELG2000-4065848,0.25
424587,BELG2011-4244025,0.5
424587,BELG2009-6111600,0.25
424587,BELG1998-6335690,0.125
424607,BELG1996-6223353,0.5
424607,B87-2297197,0.25
424607,BELG1992-6074426,0.5
424607,B98-6470734,0.25
424607,BELG1990-6277606,0.25
424703,B06-6210251,0.5
424703,B06-6210009,0.5
424819,B09-6181231,0.5
424819,B04-6356682,0.25
424819,B07-6385730,0.25
424875,CHN2012-05-506292,0.5
424875,CHN2014-05-055809,0.5
424875,BE2004-3178560,0.25
424875,BE98-3087031,0.125
425005,C1997-2317100,0.5
425005,B1990-6306731,0.5
425005,B1982-6729646,0.25
425005,B1984-6685755,0.25
425406,B03-4196224,0.5
425412,DV04153-14-681,0.5
425412,DV04153-11-463,0.25
425412,DV04153-11-472,0.25
425412,DV02098-08-520,0.5
425412,NL05-1937948,0.25
425412,DV02098-05-580,0.25
425412,DV02098-93-665,0.125
425412,DV02098-95-12,0.125
425942,CHN08-03-191119,0.5
425942,NL99-5971339,0.5
425942,NL98-5821415,0.5
425942,CHN08-03-626188,0.5
425989,BE07-510175,0.5
425989,BE98-9147107,0.25
425989,BE98-9147129,0.25
425989,BE12-3168830,0.5
425989,BE99-3199708,0.25
425990,BE07-510175,0.5
425990,BE98-9147107,0.25
425990,BE98-9147129,0.25
425990,BE12-3168830,0.5
425990,BE99-3199708,0.25
427012,B98-6210293,0.5
427012,B92-6074579,0.25
427012,B92-6074426,0.25
427012,B98-6210287,0.5
427012,B96-3121904,0.25
427012,B90-6277397,0.25
428545,CHN12-09,0.5
428545,CHN10-09-487528,0.5
428600,B2008-6340454,0.625
428600,B2005-6338472,0.3125
428600,B97-6596425,0.15625
428600,NL2001-2198844,0.15625
428600,B1999-6438292,0.3125
428600,B1997-6390022,0.15625
428600,B1995-6246005,0.15625
428600,CHN2017-03-0077603,0.5
428600,CHN2010-01-810707,0.25
428600,NL2007-1129402,0.125
428600,NL2002-2173592,0.0625
428600,NL2000-5063949,0.03125
428600,NL1998-5821416,0.03125
428600,NL1997-5700531,0.0625
428600,NL1996-1434375,0.03125
428600,NL1987-1055610,0.03125
428600,CHN2008-03-632843,0.25
428600,CHN2007-03-528937,0.125
428600,B2002-6506934,0.0625
428600,B2000-2152014,0.0625
428600,CHN2007-03-528963,0.125
428600,CHN2006-03-102079,0.0625
428600,CHN2005-01-356357,0.0625
428604,CHN2012-32-508125,0.5
428604,CHN2016-03-0900666,0.5
428604,CHN2010-01-810707,0.25
428604,B2008-6340454,0.125
428604,B2005-6338472,0.0625
428604,B97-6596425,0.03125
428604,NL2001-2198844,0.03125
428604,B1999-6438292,0.0625
428604,B1997-6390022,0.03125
428604,B1995-6246005,0.03125
428604,NL2007-1129402,0.125
428604,NL2002-2173592,0.0625
428604,NL2000-5063949,0.03125
428604,NL1998-5821416,0.03125
428604,NL1997-5700531,0.0625
428604,NL1996-1434375,0.03125
428604,NL1987-1055610,0.03125
428604,CHN2008-03-632843,0.25
428604,CHN2007-03-528937,0.125
428604,B2002-6506934,0.0625
428604,B2000-2152014,0.0625
428604,CHN2007-03-528963,0.125
428604,CHN2006-03-102079,0.0625
428604,CHN2005-01-356357,0.0625
428606,NL2008-1537315,0.5
428606,NL2006-4720774,0.25
428606,NL2000-5063949,0.125
428606,NL2004-5430805,0.125
428606,NL2003-1135475,0.375
428606,NL2002-1635264,0.1875
428606,NL1995-1941948,0.1875
428606,NL2016-1526241,0.5
428606,NL2007-1817907,0.25
428606,NL2004-2050252,0.125
428606,NL2003-1103686,0.125
428606,NL2012-1619158,0.25
428606,NL2007-1817923,0.125
428617,NL2011-1741097,0.5
428617,NL2010-1682171,0.25
428617,NL2010-1682110,0.25
428617,NL2009-1186402,0.5
428617,NL2004-2050252,0.25
428617,NL2001-1886550,0.25
428730,NL2002-1739739,0.5
428730,BELG2001-5025988,0.25
428730,NL96-5660145,0.25
428852,B08-3197988,0.5
428852,B06-2452361,0.25
428852,B05-3224593,0.25
428852,B06-3008003,0.5
428852,B00-3195099,0.25
428852,B95-3185530,0.125
428852,B93-3051184,0.125
428852,B98-3158062,0.25
428858,B13-3159401,0.5
428858,B04-3069721,0.25
428858,B98-3158062,0.125
428858,B05-3006583,0.25
428858,B94-3237367,0.125
428875,B13-3159401,0.5
428875,B04-3069721,0.25
428875,B98-3158062,0.125
428875,B05-3006583,0.25
428875,B94-3237367,0.125
429464,NL2009-1409598,0.5
429464,NL09-1728515,0.5
42974,NL00-0077729,0.5
42974,NL93-1125375,0.5
430033,B04-6095553,0.5
430033,B90-6652120,0.625
430033,B95-6246005,0.25
430033,B93-6621023,0.125
430033,B04-6095492,0.5
430033,B94-6323005,0.25
430036,B02-6183731,0.5
430036,B95-6368251,0.25
430036,B97-6423539,0.25
430036,B98-6523290,0.5
430036,B90-6652120,0.375
430036,B95-6246005,0.25
430036,B93-6621023,0.125
431109,CHN2010-15-069711,0.5
431110,CHN2005-15-199735,0.5
431112,NL99-2427029,0.5
431112,NL96-1112864,0.25
431112,NL98-1279139,0.25
431156,NL02-2320271,0.5
431156,B95-3211468,0.25
431156,B95-3211424,0.25
431156,B04-3001781,0.5
431156,B98-3158062,0.25
431182,B07-3128450,0.5
431182,B01-3031189,0.25
431182,B99-3243699,0.25
431182,B01-3117084,0.5
431182,B97-3157374,0.25
431182,B96-3156009,0.25
431213,B07-3128427,0.5
431213,B01-3266509,0.25
431213,B01-3117018,0.25
431213,B02-3185762,0.5
431213,B98-3240153,0.25
431213,B98-3240120,0.25
431217,NL07-1375093,0.5
431217,NL06-1764102,0.25
431217,NL01-4140734,0.25
431217,NL07-1369905,0.5
431217,NL05-2103618,0.25
431217,NL02-1116757,0.25
431412,BELG2010-50251192016,0.5
431412,BELG2005-5241297,0.5
433455,B13-6215614,0.5
433455,B06-6370820,0.25
433455,B09-6323111,0.25
433455,B09-6323991,0.5
433576,B05-6166398,0.5
433576,B96-6615170,0.5
433576,B87-2297197,0.25
433576,B82-6380170,0.25
434703,B09-2025053,0.5
434703,B07-2222862,0.25
434703,B07-2232040,0.25
434703,B12-2021418,0.5
434703,B11-2067173,0.25
434703,B11-2067104,0.25
434753,B06-3107182,0.5
434753,B00-3124098,0.25
434753,B95-3336674,0.125
434753,B92-3138672,0.0625
434753,B89-3160827,0.0625
434753,B92-3138647,0.125
434753,B87-3089349,0.0625
434753,B88-3307763,0.0625
434753,B98-3145079,0.25
434753,B99-3221110,0.5
434753,B85-6527336,0.25
434753,B93-3130073,0.25
435950,B03-6192693,0.5
435950,B02-6113204,0.25
435950,B01-6455003,0.25
435950,B95-6302321,0.125
435950,B98-6160968,0.125
436168,B2010-6342787,0.5
436168,B2002-6354135,0.25
436168,B2005-6052018,0.25
436168,B2006-6407361,0.5
436402,NL03-1913062,0.5
436402,NL96-1633588,0.25
436402,NL98-5834502,0.25
436402,NL01-5162009,0.5
436402,NL96-2657786,0.25
436402,NL92-1516130,0.25
436403,NL10-1272216,0.5
436403,NL99-1869054,0.25
436403,NL00-5022776,0.25
436403,NL03-1911662,0.5
436403,B90-6661229,0.25
436403,B93-6234444,0.25
436403,B82-6271130,0.125
436403,B87-6488840,0.125
436681,B2005-2201806,0.5
436681,B2004-5153992,0.25
436681,B1998-2350997,0.25
436681,B2001-2271036,0.5
436681,B1999-2260201,0.25
436681,B1999-6179478,0.25
437715,B2001-2270233,0.5
437715,B2000-2333715,0.25
437715,B1997-2450276,0.25
437715,B2007-2224667,0.5
437715,B1993-2132330,0.25
437715,B2005-2201722,0.25
438730,B06-87281109,0.5
438730,B00-6141401,0.25
438730,B04-6073873,0.25
438730,B07-2103401,0.5
438730,B93-3354340,0.25
438730,B04-3230936,0.25
438730,BE00-3200601,0.125
438730,B98-3158062,0.125
438780,B09-2229887,0.5
438780,B04-2132483,0.25
438780,B04-2132439,0.25
438780,B09-2224193,0.5
438780,B02-2158259,0.25
438780,B03-2148665,0.25
438784,B08-2186619,0.5
438784,B04-2132302,0.25
438784,NL06-1590143,0.25
438784,B07-2232942,0.5
438784,B03-2148605,0.25
438784,B04-2132439,0.25
440511,NL10-1493095,0.5
440511,NL10-1285419,0.5
440511,NL06-1838531,0.25
440511,NL06-1838524,0.25
440535,B05-3006558,0.5
440535,B01-3172930,0.25
440535,B97-3157176,0.25
440535,B77-3064419,0.125
440535,B91-3204047,0.125
440855,NL2002-1739739,0.5
440855,BELG2001-5025988,0.25
440855,NL96-5660145,0.25
440862,NL2002-1739739,0.5
440862,BELG2001-5025988,0.25
440862,NL96-5660145,0.25
440865,CC2005-338561,0.5
440865,CC2002-223145,0.25
440865,B03-3003688,0.25
440865,CC2005-385735,0.5
440865,NL2002-1739739,0.25
440865,BELG2001-5025988,0.125
440865,NL96-5660145,0.125
440865,BELG2002-3120203,0.25
441163,B03-6457591,0.5
441163,B04-6293144,0.5
441300,CC2005-338561,0.5
441300,CC2002-223145,0.25
441300,B03-3003688,0.25
441300,CC2005-385735,0.5
441300,NL2002-1739739,0.25
441300,BELG2001-5025988,0.125
441300,NL96-5660145,0.125
441300,BELG2002-3120203,0.25
441721,CC2011-081269,0.5
441721,B94-9080164,0.25
441721,B88-65822,0.25
441721,CC2011-082842,0.5
441721,B88-28221,0.25
441721,B90-72431,0.25
441745,B88-28221,0.5
441745,B90-72431,0.5
441746,B94-9080164,0.5
441746,B88-65822,0.5
441931,B04-5225384,0.5
441931,B98-5202680,0.25
441931,B05-5219996,0.5
441931,B04-5219991,0.25
441931,B01-5026308,0.25
441932,B10-5020795,0.5
441932,B05-5138927,0.25
441932,B06-5101325,0.25
441932,B13-5036345,0.5
441932,B04-5225384,0.25
441932,B98-5202680,0.125
441932,B05-5219996,0.25
441932,B04-5219991,0.125
441932,B01-5026308,0.125
441934,B13-5036227,0.5
441934,B04-5225384,0.25
441934,B98-5202680,0.125
441934,B05-5219996,0.25
441934,B04-5219991,0.125
441934,B01-5026308,0.125
441934,B10-5020635,0.5
441934,B03-5082553,0.25
441934,B02-5220738,0.25
441936,B10-5020800,0.5
441936,B05-5138927,0.25
441936,B06-5101325,0.25
441936,B11-5025600,0.5
441936,B07-5114941,0.25
441936,B06-5101387,0.25
441937,B07-5112091,0.5
441937,B04-5066714,0.25
441937,D0478-96-143,0.25
441937,B10-5020728,0.5
441937,B04-5225384,0.25
441937,B98-5202680,0.125
441937,B05-5219996,0.25
441937,B04-5219991,0.125
441937,B01-5026308,0.125
441938,B07-5112091,0.5
441938,B04-5066714,0.25
441938,D0478-96-143,0.25
441938,B10-5020728,0.5
441938,B04-5225384,0.25
441938,B98-5202680,0.125
441938,B05-5219996,0.25
441938,B04-5219991,0.125
441938,B01-5026308,0.125
442616,CHN2011-15-060594,0.5
442616,CC00-201045,0.25
442616,B92-2486761,0.25
442616,CC2011-081013,0.5
442616,CC99-047691,0.25
442616,CC99-009699,0.25
443032,TW93-238804,0.5
443032,B86-9122830,0.25
443032,NL88-2692608,0.25
443032,CC2002-1097,0.5
443032,B82-5000628,0.25
443032,NL82-1325105,0.25
443055,B88-6717673,0.75
443055,GL93-3993,0.375
443055,B98-3200237,0.375
443055,CC2002-1043,0.5
443055,B88-6725723,0.25
443261,DV06348-03-284,0.5
443656,B95-2495412,0.5
443656,B90-2100457,0.25
443656,B91-1763303,0.25
443656,B98-6396513,0.5
443656,B90-6237578,0.25
443656,B94-6495228,0.25
443658,B01-2343908,0.5
443658,B93-2034391,0.25
443658,B96-2224677,0.25
443658,B02-2186629,0.5
443658,B92-6520318,0.25
443658,B98-6396513,0.25
443658,B90-6237578,0.125
443658,B94-6495228,0.125
443662,B01-2343908,0.5
443662,B93-2034391,0.25
443662,B96-2224677,0.25
443662,B02-2186629,0.5
443662,B92-6520318,0.25
443662,B98-6396513,0.25
443662,B90-6237578,0.125
443662,B94-6495228,0.125
443692,CHN13-26-028822,0.5
443692,B13-3160860,0.5
443692,B06-3008003,0.25
443692,B00-3195099,0.125
443692,B95-3185530,0.0625
443692,B93-3051184,0.0625
443692,B98-3158062,0.125
444022,NL05-1446650,0.5
444674,B98-2437299,0.5
444674,B87-6337256,0.25
444674,B90-2105473,0.25
444674,B97-2126504,0.5
444674,B87-2124109,0.25
444674,B95-2156510,0.25
444688,B07-2103401,0.5
444688,B93-3354340,0.25
444688,B04-3230936,0.25
444688,BE00-3200601,0.125
444688,B98-3158062,0.125
445002,B99-6552439,0.5
445002,B94-6434010,0.25
445002,B92-6606146,0.25
445002,B01-6262975,0.5
445002,B97-6270490,0.25
445002,B93-6681316,0.25
445004,B98-6592716,0.5
445004,B89-6040787,0.25
445004,B91-6680124,0.25
445004,B95-6316475,0.5
445004,B91-6298570,0.25
445004,B91-6298540,0.25
445005,B04-6464241,0.5
445005,B97-6270419,0.25
445005,B99-6185697,0.25
445005,B95-6316548,0.5
445005,B88-6145498,0.25
445005,B87-6616473,0.25
445007,B03-6483976,0.5
445007,B96-6445386,0.25
445007,B96-6490451,0.25
445007,B96-6445379,0.5
445007,B93-6491935,0.25
445007,B90-6237530,0.25
445008,B02-6471677,0.5
445008,B97-6270490,0.25
445008,B99-6169909,0.25
445008,B02-6366788,0.5
445008,B95-6637008,0.25
445008,B95-6316476,0.25
445009,B00-6452456,0.5
445009,B99-6185756,0.25
445009,B95-6647246,0.25
445009,B99-6185753,0.5
445009,B89-6040787,0.25
445009,B91-6680124,0.25
445010,B04-6469830,0.5
445010,B94-6434010,0.25
445010,B94-6582712,0.25
445010,B97-6600121,0.5
445010,B93-6491935,0.25
445010,B90-6237530,0.25
445037,NL08-1700546,0.5
445037,NL02-1831248,0.25
445037,NL09-1360722,0.5
445037,NL08-1700590,0.25
445037,NL05-1572337,0.25
445685,B12-2061184,0.5
445685,B08-2040300,0.25
445685,B99-14391000,0.125
445685,B05-2143154,0.125
445685,BELG2001-2137150,0.25
445692,B09-3095238,0.5
445692,B08-3035009,0.5
445809,B00-5062283,0.5
445809,B95-5317884,0.25
445809,B95-5310582,0.25
445809,B03-5152593,0.5
445809,B99-5153499,0.25
445809,B98-5296439,0.25
445816,NL04-1408270,0.5
445816,NL08-2067786,0.5
446036,B07-6033110,0.5
446036,BE98-6335690,0.5
446036,BE96-6404318,0.25
446036,BE92-6235626,0.25
446359,B07-5112091,0.5
446359,B04-5066714,0.25
446359,D0478-96-143,0.25
446359,B10-5020728,0.5
446359,B04-5225384,0.25
446359,B98-5202680,0.125
446359,B05-5219996,0.25
446359,B04-5219991,0.125
446359,B01-5026308,0.125
446363,B07-5112091,0.5
446363,B04-5066714,0.25
446363,D0478-96-143,0.25
446363,B10-5020728,0.5
446363,B04-5225384,0.25
446363,B98-5202680,0.125
446363,B05-5219996,0.25
446363,B04-5219991,0.125
446363,B01-5026308,0.125
447713,BE11-4246007,0.5
447713,BE12-5158636,0.5
447713,BE10-5110400,0.25
447713,BE08-5192920,0.125
447713,BE04-5006082,0.125
447713,BE11-5047137,0.25
447713,BE07-5195006,0.125
447713,BE07-5035393,0.125
447786,B08-4281517,0.5
447786,B05-2076701,0.25
447786,B06-4377103,0.25
447786,B08-4281576,0.5
447786,B96-4391939,0.375
447786,B02-3003538,0.25
447786,B94-3237043,0.125
448463,BE08-6259169,0.5
448463,BE05-6054214,0.25
448463,BE95-6278009,0.125
448463,BE05-6054295,0.25
448463,BE98-6185637,0.125
448463,BE02-6354241,0.125
448463,BE94-6366938,0.0625
448463,BE07-6033129,0.5
448463,BE04-6307210,0.25
448463,BE99-6352928,0.125
448463,BE04-6358919,0.125
448463,BE98-6335690,0.25
448463,BE96-6404318,0.125
448463,BE92-6235626,0.125
450702,BELG2006-6052332,0.5
450720,BELG2006-6052332,0.5
450720,CHN2013-11-032565,0.5
450720,CHN2012-11-015539,0.25
450720,BELG2004-4433021,0.125
450720,B01-4489665,0.0625
450720,CHN2012-11-098550,0.25
450728,CHN13-10-788873,0.5
450728,BEG2008-6338684,0.5
450862,BELG2006-6052332,0.5
450862,BELG2008-6338684,0.5
450887,NL2005-5535827,0.5
450887,NL99-2255904,0.25
450887,CHN2012-11-065194,0.5
450887,BELG2004-4433021,0.25
450887,B01-4489665,0.125
451162,CHN08-03-100966,0.5
451162,CHN08-03-202238,0.5
451162,NL00-2417844,0.25
451162,C00-202302,0.25
451298,BELG2004-4277487,0.5
451839,NL11-1503486,0.5
451839,NL10-1164534,0.25
451839,B09-6370126,0.25
451839,NL08-5818820,0.5
451839,B06-6410633,0.25
451839,NL04-1432243,0.25
451842,NL04-5435669,0.5
451842,NL03-1773737,0.25
451842,NL03-5340519,0.25
451842,NL04-1425561,0.5
451842,NL98-1983068,0.25
451842,NL96-1474648,0.25
452043,BELG2006-6052332,0.5
452043,BELG2008-6338684,0.5
453523,BELG12-4048019,0.5
453702,NL04-0442807,0.5
453727,NL10-3026400,0.5
453737,NL10-3026400,0.5
453777,NL10-3026400,0.5
453901,NL09-1332498,0.5
454339,B04-6467302,0.5
454339,B97-6270490,0.25
454339,B93-6681396,0.25
454339,B00-6548780,0.5
454339,B93-6491172,0.25
454339,B91-6685040,0.25
454738,NL10-3026397,0.5
454762,NL99-2427029,0.75
454762,NL96-1112864,0.375
454762,NL98-1279139,0.375
454762,CHN2008-15-086186,0.5
454904,B2010-3099883,0.5
454904,B1987-3089349,0.25
454904,B2003-3131084,0.25
454905,B07-5042369,0.5
454905,B02-5023996,0.25
454905,B00-5062351,0.25
454905,B05-5096371,0.5
454905,B91-5002240,0.4375
454905,B99-5157685,0.25
454905,B97-5160395,0.125
454905,B92-5052992,0.0625
454907,B2007-6368571,0.5
454907,B2005-6225881,0.25
454907,B2005-6155345,0.25
454907,B2006-6329295,0.5
454907,B2003-6192606,0.25
454907,B2005-6449907,0.25
454909,B2007-6368588,0.5
454909,B2005-6444367,0.25
454909,B2005-6444400,0.25
454909,B2008-6124053,0.5
454909,B2004-6430819,0.25
454909,B2006-6398583,0.25
454912,B2011-6327645,0.5
454912,B2007-6368588,0.25
454912,B2005-6444367,0.125
454912,B2005-6444400,0.125
454912,B2009-6086598598,0.25
454912,B2006-6087000,0.5
454912,B1997-6355026,0.25
454912,B2005-6225666,0.25
454913,BE11-6177155,0.5
454913,BE14-6168603,0.5
454915,B2009-6086602,0.5
454915,B2007-6356002,0.25
454915,B2007-6389100,0.25
454915,B2009-6086410,0.5
454915,B2005-6225881,0.25
454915,B2007-6389026,0.25
454917,B2006-6401348,0.5
454917,B1998-6161525,0.25
454917,B2003-6033216,0.25
454917,B2008-6361625,0.5
454917,B1999-6493868,0.25
454917,B2005-6155385,0.25
454920,B2009-6086576,0.5
454920,B2007-6389040,0.25
454920,B2007-6389074,0.25
454920,B2009-6086662,0.5
454920,B2004-6431082,0.25
454920,B2007-6356193,0.25
454921,B2008-6361626,0.5
454921,B2007-6389077,0.25
454921,B2005-6155385,0.25
454921,B2007-6389041,0.5
454921,B1999-6493868,0.25
454921,B2005-6157256,0.25
454922,B2008-6361626,0.5
454922,B2007-6389077,0.25
454922,B2005-6155385,0.25
454922,B2007-6389041,0.5
454922,B1999-6493868,0.25
454922,B2005-6157256,0.25
454924,B2009-6086576,0.5
454924,B2007-6389040,0.25
454924,B2007-6389074,0.25
454924,B2009-6086662,0.5
454924,B2004-6431082,0.25
454924,B2007-6356193,0.25
454925,B02-2098674,0.5
454925,B01-6179214,0.25
454925,B94-6366819,0.25
454925,B96-6515027,0.5
454925,B81-6688022,0.25
454925,B85-6580715,0.25
454929,B07-2015385,0.5
454929,B06-2017370100,0.25
454929,B06-2019876,0.25
454929,B06-2017514,0.5
454929,B81-6688022,0.25
454929,DV03661-94-100,0.25
454980,B04-2018501,0.5
454980,B03-2001819,0.25
454980,B98-2436672,0.25
454980,B93-5288924,0.125
454980,B91-5268690,0.125
454980,B05-2046739,0.5
454980,B94-5328517,0.25
454980,B03-2001877,0.25
454980,B85-6580826,0.1875
454980,B98-2425539,0.125
454980,D03661-94-100,0.0625
454982,B04-2018543,0.5
454982,B03-2001819,0.25
454982,B98-2436672,0.25
454982,B93-5288924,0.125
454982,B91-5268690,0.125
454982,B09-2131835,0.5
454982,B96-6514951,0.25
454982,D03661-00-907,0.25
454984,B11-2178056,0.5
454984,B07-2000704,0.25
454984,B07-2015371,0.25
454984,B04-2018545100,0.5
454984,B81-6688022,0.25
454984,DV03661-94-100,0.25
455096,B04-6369209,0.5
455096,B96-6406776,0.25
455096,B96-6490451,0.25
455096,B01-6523833,0.5
455096,B94-6434010,0.25
455096,B92-6606146,0.25
455349,B09-6040169,0.5
455349,B08-6338005,0.5
455349,B05-6045015,0.25
455504,B08-6369078,0.5
455504,B00-6540682,0.25
455504,B02-6183083,0.25
455504,B08-2189983,0.5
455504,B04-2139350,0.25
455504,B06-2213954,0.25
455658,CHN2009-06-177678,0.5
455658,BELG1998-4563032,0.25
455658,BELG1998-6210345,0.25
455658,CHN2010-05-436618,0.5
455658,CHN2004-05-094600,0.25
455658,NL2006-2144034,0.25
455658,NL2003-0382898,0.125
456192,NL95-9589015,0.5
456192,B85-6713500,0.25
456192,B83-6464449,0.25
456192,B93-5214148,0.5
456192,B91-00804,0.25
456192,B91-0080817,0.25
456193,NL95-9589015,0.5
456193,B85-6713500,0.25
456193,B83-6464449,0.25
456193,B93-5214148,0.5
456193,B91-00804,0.25
456193,B91-0080817,0.25
456592,CHN2013-06-036004,0.5
456592,B05-6166372,0.5
456657,BE07-3008428,0.5
456657,BELG1993-6383612,0.25
456657,BELG1994-6495178,0.25
456657,B02-3003886,0.5
456657,B1998-6396501,0.25
456657,B98-3158062,0.25
457225,B11-6260447,0.5
457225,NL07-4099613,0.5
457225,NL02-0271883,0.375
457225,NL99-9964496,0.1875
457225,NL93-1125375,0.1875
457225,NL03-0375941,0.25
457225,NL94-9410369,0.125
458946,B11-4215744,0.5
458946,B98-4275469,0.5
458946,B98-4275493,0.5
458946,B03-4201135,0.5
459126,DV06723-10-746,0.5
459126,NL10-1437883,0.5
459126,NL07-1552376,0.25
459126,NL01-1551027,0.125
459126,NL00-1632891,0.125
459126,NL07-1552489,0.25
459126,NL99-2004475,0.125
459126,NL02-1319512,0.125
459142,NL10-1271093,0.5
459142,B07-6363800,0.25
459142,B03-6192564,0.25
459142,B00-6141430,0.125
459142,B00-6549576,0.125
459142,NL10-1272411,0.5
459273,CHN2010-01-340707,0.5
459273,B2003-4408129,0.25
459273,B2000-4065838,0.125
459273,B1996-4391910,0.0625
459273,B1993-4392044,0.0625
459273,B2000-4065905,0.125
459273,B1999-4392910,0.0625
459273,B1996-4271517,0.0625
459273,B2007-5067344,0.25
459273,B2000-4065880,0.125
459273,B1998-4184729,0.0625
459273,B1998-3024841,0.0625
459273,B2001-6182211,0.125
459273,B1998-5296409,0.0625
459273,B1997-6523459,0.0625
459273,CHN2010-01-281305,0.5
459273,B2005-6052073,0.25
459273,CHN2009-01-803758,0.25
459279,CHN2011-01-469855,0.5
459279,CHN2008-01-968609,0.25
459279,B2003-5071602,0.375
459279,B1997-5166412,0.1875
459279,B2001-5010172,0.1875
459279,B1998-2398266,0.25
459279,B1994-5314930,0.125
459279,B1991-5248546,0.0625
459279,B1991-5248516,0.0625
459279,B1995-2363122,0.125
459279,B1990-2523263,0.0625
459279,B1987-3190166,0.0625
459279,CHN2007-01-480762,0.25
459279,CHN2011-01-469262,0.5
459279,CHN2009-01-803709,0.25
459279,CHN2009-01-222586,0.25
459279,CHN2006-01-020578,0.125
459283,B2002-2315943,0.5
459283,B2000-2376057,0.25
459283,B1999-2017712,0.25
459283,B2003-4133532,0.5
459283,B1998-4197168,0.25
459283,B1996-4171703,0.125
459283,B1989-4288521,0.125
459283,B1995-4440907,0.25
459283,B1990-4319953,0.125
459283,B1988-4243575,0.125
459286,CHN2012-01-1002754,0.5
459286,B2008-5116085,0.25
459286,CHN2013-01-850541,0.5
459286,CHN2011-01-469910,0.25
459286,CHN2002-01-477844,0.125
459286,B1998-2398266,0.125
459286,B1994-5314930,0.0625
459286,B1991-5248546,0.03125
459286,B1991-5248516,0.03125
459286,B1995-2363122,0.0625
459286,B1990-2523263,0.03125
459286,B1987-3190166,0.03125
459286,CHN2010-01-968024,0.25
459286,B2002-2315943,0.125
459286,B2000-2376057,0.0625
459286,B1999-2017712,0.0625
459286,B2003-4133532,0.125
459286,B1998-4197168,0.0625
459286,B1996-4171703,0.03125
459286,B1989-4288521,0.03125
459286,B1995-4440907,0.0625
459286,B1990-4319953,0.03125
459286,B1988-4243575,0.03125
459287,CHN2011-01-469910,0.5
459287,CHN2002-01-477844,0.25
459287,B1998-2398266,0.25
459287,B1994-5314930,0.125
459287,B1991-5248546,0.0625
459287,B1991-5248516,0.0625
459287,B1995-2363122,0.125
459287,B1990-2523263,0.0625
459287,B1987-3190166,0.0625
459287,CHN2010-01-968024,0.5
459287,B2002-2315943,0.25
459287,B2000-2376057,0.125
459287,B1999-2017712,0.125
459287,B2003-4133532,0.25
459287,B1998-4197168,0.125
459287,B1996-4171703,0.0625
459287,B1989-4288521,0.0625
459287,B1995-4440907,0.125
459287,B1990-4319953,0.0625
459287,B1988-4243575,0.0625
459366,CHN2009-01-981120,0.5
459366,NL2007-1841638,0.25
459366,B2007-5175949,0.25
459366,CHN2010-01-281310,0.5
459366,CHN2005-01-502380,0.25
459366,B2007-5067344,0.25
459366,B2000-4065880,0.125
459366,B1998-4184729,0.0625
459366,B1998-3024841,0.0625
459366,B2001-6182211,0.125
459366,B1998-5296409,0.0625
459366,B1997-6523459,0.0625
459526,NL10-1818485,0.5
460430,B05-3189858,0.5
460430,B97-3072314,0.25
460430,B02-4425363,0.25
46066,B04-6430906,0.5
46066,B04-6431081,0.5
461049,NL09-1405108,0.5
461049,NL08-2048941,0.25
461049,NL04-1389597,0.25
461049,NL07-1824396,0.5
461049,NL01-5149744,0.25
461049,NL02-1643772,0.25
461050,NL09-1405108,0.5
461050,NL08-2048941,0.25
461050,NL04-1389597,0.25
461050,NL07-1824396,0.5
461050,NL01-5149744,0.25
461050,NL02-1643772,0.25
461214,C2012-02-234447,0.5
462005,BE10-9039333,0.5
462005,BE09-6111726,0.5
462005,BE07-6033018,0.25
462005,BE04-6307210,0.125
462005,BE99-6352928,0.0625
462005,BE04-6358919,0.0625
462005,BE98-6335690,0.125
462005,BE96-6404318,0.0625
462005,BE92-6235626,0.0625
462005,BE02-6183083,0.25
462005,BE06-2178778,0.25
462005,BE11-9065429,0.5
462005,BE09-5110352,0.25
462005,BE06-5100977,0.125
462005,BE08-5068219,0.125
462009,B08-6369076,0.5
462009,B04-6307259,0.25
462009,B97-6407575,0.125
462009,B06-6210990,0.25
462009,B05-6337294,0.125
462009,B05-6337115,0.125
462009,B04-2133646,0.5
462009,B01-2287659,0.25
462009,B02-2161806,0.25
462015,B08-6369078,0.5
462015,B00-6540682,0.25
462015,B02-6183083,0.25
462015,B08-2189983,0.5
462015,B04-2139350,0.25
462015,B06-2213954,0.25
462064,B00-2408452,0.5
462064,B92-5331586,0.25
462064,B86-6260314,0.5
462064,B00-2408276,0.5
462064,B90-2371741,0.25
462539,BE10-9039333,0.5
462539,BE09-6111726,0.5
462539,BE07-6033018,0.25
462539,BE04-6307210,0.125
462539,BE99-6352928,0.0625
462539,BE04-6358919,0.0625
462539,BE98-6335690,0.125
462539,BE96-6404318,0.0625
462539,BE92-6235626,0.0625
462539,BE02-6183083,0.25
462539,BE06-2178778,0.25
462539,BE11-9065429,0.5
462539,BE09-5110352,0.25
462539,BE06-5100977,0.125
462539,BE08-5068219,0.125
462556,BE05-4400567,0.5
462556,BE98-4185270,0.25
462556,BE93-4429362,0.25
462556,BE02-4333378,0.5
462556,BE01-4489665,0.25
462556,BE00-4065848,0.25
462556,BE93-4429368,0.125
462556,BE91-4560548,0.125
462724,BE07-3199994,0.5
462724,BE09-5052387,0.5
462724,BE06-4112378,0.25
462724,B03-4146313,0.125
462724,B00-4065892,0.125
462724,BE99-5000704,0.25
462724,BE95-4628426,0.125
462724,BE96-4603915,0.125
462823,B00-3076246,0.5
462823,B96-3156104,0.25
462823,B91-3204220,0.125
462823,B90-3119120,0.125
462823,B88-3206112,0.25
462823,B87-3008002,0.125
462823,B81-3238253,0.125
463134,B95-5208339,0.5
463134,B93-5010010,0.25
463134,B00-2408703,0.5
463134,B95-2479987,0.25
463968,B11-6102933,0.5
463968,B09-6109996,0.25
463968,B10-6291398,0.25
463968,B12-6315140,0.5
463968,B10-6297668,0.25
463968,B09-6111718,0.25
463970,B08-6064585,0.5
463970,B06-6053535,0.25
463970,B04-6036475,0.25
463970,B12-6315153,0.5
463970,B10-6031800,0.25
463970,B11-6115021,0.25
463976,B08-6064585,0.5
463976,B06-6053535,0.25
463976,B04-6036475,0.25
463976,B12-6315153,0.5
463976,B10-6031800,0.25
463976,B11-6115021,0.25
463977,B13-6251490,0.5
463977,B08-6064585,0.25
463977,B06-6053535,0.125
463977,B04-6036475,0.125
463977,B12-6315153,0.25
463977,B10-6031800,0.125
463977,B11-6115021,0.125
463977,B13-6251581,0.5
463977,B09-6109996,0.25
463977,B10-6291398,0.25
463979,B13-6251490,0.5
463979,B08-6064585,0.25
463979,B06-6053535,0.125
463979,B04-6036475,0.125
463979,B12-6315153,0.25
463979,B10-6031800,0.125
463979,B11-6115021,0.125
463979,B13-6251581,0.5
463979,B09-6109996,0.25
463979,B10-6291398,0.25
464086,CHN06-03-000737,0.5
464086,B97-5204459,0.5
464086,B98-5201624,0.25
464086,CHN05-03-000286,0.5
464086,B96-5090228,0.25
464093,B08-6064585,0.5
464093,B06-6053535,0.25
464093,B04-6036475,0.25
464093,B12-6315153,0.5
464093,B10-6031800,0.25
464093,B11-6115021,0.25
464103,B08-6065139,0.5
464103,B04-6035120,0.25
464103,B06-6052234,0.25
464103,B02-6034121,0.5
464103,B99-6047184,0.25
464103,B86-6475153,0.25
464235,B07-6206394,0.5
464235,B06-6052291,0.25
464235,B03-6042128,0.25
464235,B06-6052114,0.5
464235,B99-6047047,0.25
464235,B01-6234184,0.25
464235,B92-6048500,0.125
464235,B96-6381687,0.125
464242,B08-6065033,0.5
464242,B03-6485990,0.25
464242,B98-6084069,0.25
464242,B04-3230965,0.5
464242,B02-3185273,0.25
464242,B98-3158062,0.25
464245,B08-6065033,0.5
464245,B03-6485990,0.25
464245,B98-6084069,0.25
464245,B04-3230965,0.5
464245,B02-3185273,0.25
464245,B98-3158062,0.25
464254,B06-6052150,0.5
464254,B98-6084085,0.25
464254,B94-608,0.25
464254,B03-6485989,0.5
464254,B99-6047027,0.25
464254,B94-6081753,0.25
464255,B11-6103405,0.5
464255,B09-6116044,0.25
464255,B07-6206273,0.25
464255,B04-3230965,0.5
464255,B02-3185273,0.25
464255,B98-3158062,0.25
464256,B05-4233031,0.5
464256,B01-4173515,0.25
464256,B02-2114714,0.25
464256,B06-4169423,0.5
464256,B02-4377799,0.25
464256,B00-4405033,0.25
464259,B05-6166279,0.5
464259,B98-6210287,0.25
464259,B96-3121904,0.125
464259,B90-6277397,0.125
464476,B08-4335636,0.5
464476,B04-4180122,0.25
464476,B04-4010681,0.25
464476,B07-6060454,0.5
464476,B02-6060526,0.25
464476,B05-6166521,0.25
464485,B08-4070146,0.5
464485,B03-4411155,0.25
464485,B01-4367114,0.25
464487,B13-2065029,0.5
464487,B08-2092418,0.25
464487,B08-2092420,0.25
464487,B10-2155132,0.5
464487,B05-6433118,0.25
464487,B07-2135143,0.25
464488,B09-3135332,0.5
464488,B02-3016467,0.25
464488,B04-3176837,0.25
464488,B12-3041931,0.5
464488,B10-3082428,0.25
464488,B09-3127174,0.25
464489,B09-3135332,0.5
464489,B02-3016467,0.25
464489,B04-3176837,0.25
464489,B12-3041931,0.5
464489,B10-3082428,0.25
464489,B09-3127174,0.25
464570,B07-2038199,0.5
464570,B98-2245478,0.25
464570,B04-2180228,0.25
464573,DV01100-11-445,0.5
464573,DV01100-06-84,0.25
464573,DV01100-05-591,0.25
464573,DV1237-08-493,0.5
464573,DV02098-05-819,0.25
464573,DV02098-03-1070,0.25
464573,DV02098-93-665,0.125
464573,DV02098-95-12,0.125
464750,NL07-1044326,0.5
464750,NL02-2033915,0.25
464750,NL99-1671914,0.25
464752,NL06-0715629,0.5
464752,NL97-1595272,0.25
464752,NL02-1735989,0.25
464752,NL04-2143501,0.5
464752,NL02-0217453,0.25
464752,NL03-0388853,0.25
464755,B10-5031209,0.5
464755,B08-5061453,0.25
464755,B08-5061930,0.25
464755,B02-5053775,0.5
464755,B99-5091084,0.25
464755,B01-5010600,0.25
464756,B14-6175120,0.5
464756,B10-6143162,0.25
464756,B09-5052987,0.25
464756,B06-4080155,0.5
464756,B02-4377799,0.25
464756,B98-2254433,0.25
464818,CHN2014-10-607778,0.5
464818,CHN13-10-800454,0.25
464818,B02-3249879,0.25
464818,CHN2014-10-584887,0.5
464818,HU05-03-65615,0.25
464818,CHN2012-10-707896,0.25
464979,NL2011-1399792,0.5
464979,NL05-2174396,0.25
464979,NL06-1833888,0.25
464979,CHN11-11-256210,0.5
464987,CHN14-10-584888,0.5
464987,HU05-03-65615,0.25
464987,CHN2012-10-707896,0.25
464987,CHN14-10-584890,0.5
464987,CHN05-10-596857,0.25
464997,CHN11-10-527776,0.5
464997,CHN03-11-145784,0.25
464997,B02-3249879,0.25
465183,B11-6282563,0.5
465197,B08-6173282,0.5
465197,B10-6251486,0.5
465217,B06-6255097,0.5
465217,B02-6315014,0.25
465217,B98-6216290,0.25
465217,B12-61157124,0.5
465217,B09-6076635,0.25
465342,DV01769-00-217,0.5
465342,DV0833-97-575,0.5
465420,B08-6314549,0.5
465420,B04-2211833,0.25
465420,B99-6143980,0.25
465486,CHN2011-03-006199,0.5
465486,CHN2005-03-134661,0.25
465486,BELG2008-4351119,0.25
465486,NL2012-1640424,0.5
465486,NL2011-1764022,0.25
465486,NL2008-1569222,0.25
465523,DV5370-10-0917,0.5
465523,B02-6509077,0.25
465523,B09-6222760,0.25
465523,B99-6143621,0.5
465523,B98-62140407,0.25
465523,B94-6214211,0.25
465523,B81-6463237,0.125
465523,B88-6318694,0.125
465588,B93-5188111,0.5
465769,NL2007-1817850,0.5
465769,NL2006-4720774,0.25
465769,NL2000-5063949,0.125
465769,NL2004-5430805,0.125
465769,NL1999-2360329,0.25
465770,NL2007-1817921,0.5
465770,NL2005-1394721,0.25
465770,NL1998-1249340,0.25
466523,NL13-1239559,0.5
466546,B02-6354005,0.5
466546,B96-6514977,0.25
466546,B90-6671265,0.25
467138,BE09-6111726,0.5
467138,BE07-6033018,0.25
467138,BE04-6307210,0.125
467138,BE99-6352928,0.0625
467138,BE04-6358919,0.0625
467138,BE98-6335690,0.125
467138,BE96-6404318,0.0625
467138,BE92-6235626,0.0625
467138,BE02-6183083,0.25
467144,NL12-4703552,0.5
467144,NL00-1211111,0.25
467144,NL04-1919872,0.25
467144,NL04-5430805,0.5
467178,NL08-3812041,0.5
467178,NL11-3014703,0.5
467179,NL08-3812041,0.5
467179,NL11-3014703,0.5
467182,NL08-3812041,0.5
467182,NL11-3014703,0.5
467183,BE09-4015222,0.5
467183,BE04-4181432,0.5
467184,BE10-2007026,0.5
467184,NL11-3014703,0.5
467239,BE09-6222557,0.5
467239,BE13-6053068,0.5
467360,NL11-1722484,0.5
467360,BE08-2222675,0.5
467364,BE11-6177155,0.5
467364,BE14-6168603,0.5
467365,BE11-6177155,0.5
467365,BE14-6168603,0.5
467384,BE13-4176405,0.5
467384,BE10-9039333,0.25
467384,BE09-6111726,0.125
467384,BE07-6033018,0.0625
467384,BE04-6307210,0.03125
467384,BE99-6352928,0.015625
467384,BE04-6358919,0.015625
467384,BE98-6335690,0.03125
467384,BE96-6404318,0.015625
467384,BE92-6235626,0.015625
467384,BE02-6183083,0.0625
467384,BE06-2178778,0.125
467384,BE09-5052387,0.25
467384,BE06-4112378,0.125
467384,B03-4146313,0.0625
467384,B00-4065892,0.0625
467384,BE99-5000704,0.125
467384,BE95-4628426,0.0625
467384,BE96-4603915,0.0625
467406,BE08-6374778,0.5
467406,BE03-6483323,0.25
467406,BE09-6326192,0.5
467406,BE02-6506323,0.25
467406,BE96-6618311,0.25
468230,CHN2003-10-313591,0.5
468230,CHN2000-10-406437,0.25
468230,CHN2000-10-318331,0.25
468230,CHN2006-10-527816,0.5
468230,CHN2005-10-388344,0.25
468230,CHN1999-10-075464,0.125
468230,CHN2004-10-251851,0.25
468230,CHN2001-10-133366,0.125
468230,CHN2001-10-133369,0.125
468248,CHN2005-10-388344,0.5
468248,CHN1999-10-075464,0.25
468248,CHN2004-10-251851,0.5
468248,CHN2001-10-133366,0.25
468248,CHN2001-10-133369,0.25
468500,NL10-1083069,0.5
468500,NL07-2007621,0.5
468500,NL05-1936558,0.25
468500,B01-3266512,0.25
468632,B05-6168668,0.5
468632,B97-6206715,0.25
468632,B02-6092827,0.25
468632,B02-6092673,0.5
468632,B97-6364092,0.25
468632,B96-6223435,0.25
468813,B07-6388666,0.5
468813,B02-6051754,0.25
468813,B96-9693614,0.25
468813,B91-6178257,0.125
468813,B04-6208164,0.25
468813,B94-6093632,0.125
468813,B83-6528577,0.0625
468813,B85-6392475,0.0625
468813,B07-6140214,0.5
468813,B02-6051523,0.25
468813,B97-6101055,0.25
469040,BELG2006-6302911,0.5
469040,BELG2005-6145248,0.25
469040,BELG2001-6151481,0.25
469040,BELG2001-6345099,0.5
469040,BELG1996-6404318,0.25
469040,BELG1998-6335690,0.25
469044,BELG2007-6033166,0.5
469044,BELG2004-6307210,0.25
469044,BELG1998-6335690,0.25
469044,BELG2008-6259170,0.5
469044,BELG1998-6185637,0.25
469044,BELG2005-6054295,0.25
469047,B2006-6398596,0.5
469047,B2005-6225881,0.25
469047,B2005-6444400,0.25
469047,B2006-6329278,0.5
469047,B1997-6355026,0.25
469047,B2005-6157258,0.25
469253,B13-6101236,0.5
469253,B07-5100941,0.25
469253,B03-3142096,0.25
469253,B10-6251654,0.5
469253,B03-6277405,0.25
469253,B03-6277418,0.25
469253,B02-6315014,0.125
469253,B98-6216290,0.125
469261,B13-6101236,0.5
469261,B07-5100941,0.25
469261,B03-3142096,0.25
469261,B10-6251654,0.5
469261,B03-6277405,0.25
469261,B03-6277418,0.25
469261,B02-6315014,0.125
469261,B98-6216290,0.125
469266,B11-6107992,0.5
469266,B06-6302534,0.25
469266,B06-6256241,0.25
469266,B03-6277483,0.5
469266,B00-61759805,0.25
469266,B00-6175870,0.25
469274,B11-6107992,0.5
469274,B06-6302534,0.25
469274,B06-6256241,0.25
469274,B03-6277483,0.5
469274,B00-61759805,0.25
469274,B00-6175870,0.25
469289,B10-6251546,0.5
469289,B02-6315014,0.375
469289,B03-6277483,0.25
469289,B00-61759805,0.125
469289,B00-6175870,0.125
469289,B10-6251541,0.5
469289,NL08-1628683,0.25
469289,B03-6277418,0.25
469289,B98-6216290,0.125
469307,B10-6251567,0.5
469307,B05-6234092,0.25
469307,B03-6277418,0.375
469307,B02-6315014,0.1875
469307,B98-6216290,0.1875
469307,B13-1947236,0.5
469307,B07-2143348,0.25
469307,B10-6251541,0.25
469307,NL08-1628683,0.125
469325,B10-3047071,0.5
469325,B07-4361085,0.25
469325,B06-4081816,0.125
469325,B01-4094638,0.125
469325,B99-4262223,0.0625
469325,B99-3199708,0.25
469325,B95-3211364,0.125
469325,B91-3204047,0.125
469326,B06-3008234,0.5
469326,B02-3185273,0.25
469326,B02-4333308,0.25
469326,B07-3008349,0.5
469326,B01-3031030,0.25
469326,B02-3003538,0.25
469326,B96-4391939,0.125
469326,B94-3237043,0.125
469328,CHN2001-10-133334,0.5
469328,CHN2004-10-233228,0.5
469332,B07-4361085,0.5
469332,B06-4081816,0.25
469332,B01-4094638,0.25
469332,B99-4262223,0.125
469332,B03-3240765,0.5
469332,B98-2098681,0.25
469332,B98-3158062,0.25
469334,B00-3195099,0.5
469334,B95-3185530,0.25
469334,B93-3051184,0.25
469334,B05-3176580,0.5
469334,B99-3103770,0.25
469334,B01-3116171,0.25
469340,B02-5030266,0.5
469340,B99-5198045,0.25
469340,B00-5261101,0.25
469343,B05-3006558,0.5
469343,B01-3172930,0.25
469343,B97-3157176,0.25
469343,B77-3064419,0.125
469343,B91-3204047,0.125
469346,B06-6199643,0.5
469346,B03-6384463,0.25
469346,B00-6263541,0.25
469346,B07-6381430,0.5
469346,B02-6270096,0.25
469346,B05-6300565,0.25
469349,B08-6234040,0.5
469349,B07-6147126,0.25
469349,B03-6384147,0.25
469349,B09-6238356,0.5
469349,B06-6199643,0.25
469349,B03-6384463,0.125
469349,B00-6263541,0.125
469349,B07-6381430,0.25
469349,B02-6270096,0.125
469349,B05-6300565,0.125
469351,B08-6234082,0.5
469351,B06-6187838,0.25
469351,B07-6381423,0.25
469351,B09-6238365,0.5
469351,B07-6147101,0.25
469351,B05-6300035,0.25
469356,B07-6147045,0.5
469356,B02-6270096,0.25
469356,B05-6300565,0.25
469356,B08-6238873,0.5
469356,B04-6266258,0.25
469356,B02-6270286,0.25
469356,B97-4483920,0.125
469356,B97-6548709,0.125
469360,NL08-2061976,0.5
469360,NL07-1123807,0.25
469365,B2007-6368551,0.5
469365,B2005-6444367,0.25
469365,B2005-6444400,0.25
469365,B2009-6349221,0.5
469365,B2003-6481302,0.25
469365,B2006-6173403,0.25
469558,CHN2001-10-133334,0.5
469558,CHN2004-10-233228,0.5
469641,B05-6444304,0.5
469641,B04-6430819,0.25
469641,B00-6340067,0.25
470266,B10-6358172,0.5
470266,B08-6232759,0.25
470266,B08-6384340,0.25
470266,B02-6051523,0.375
470266,B06-6414619,0.125
470266,B07-6140215,0.5
470266,B97-6101055,0.25
470573,B05-2142800,0.5
470573,B98-6084339,0.25
470573,B93-6057704,0.125
470573,B94-6081753,0.125
470573,B92-2198165,0.25
470573,B91-6437358,0.125
470573,B83-2350199,0.125
470573,B07-2055171,0.5
470573,B99-2036005,0.25
470573,B98-2061410,0.25
470573,B97-2076498,0.125
470573,NL96-2477441,0.125
470685,B03-6257134,0.5
470685,B02-6379072,0.25
470813,NL2007-1817969,0.5
470813,NL2004-2050252,0.25
470813,NL2003-1103686,0.25
470813,NL2000-2148049,0.5
470843,NL2007-1818007,0.5
470843,NL2002-1635222,0.25
470843,NL2004-2050373,0.25
470843,NL2005-1441789,0.5
470843,NL1999-2411769,0.25
470843,NL1999-2411761,0.25
470859,NL2007-1817907,0.5
470859,NL2004-2050252,0.25
470859,NL2003-1103686,0.25
470859,NL2006-2162254,0.5
470859,NL2003-1135462,0.25
470859,NL2003-1135318,0.25
471425,CHN08-03-111198,0.5
471425,CHN07-03-112899,0.5
472058,B10-5012552,0.5
472058,B03-5105029,0.25
472058,NL96-1008450,0.125
472058,B00-5062000,0.125
472058,B02-5016117,0.25
472058,B95-5259054,0.125
472058,B96-5087321,0.125
472058,B07-2038278,0.5
472058,B03-2184363,0.25
472058,B01-2339226,0.125
472058,B01-2184334,0.125
472058,B04-2180448,0.25
472058,B01-2184326,0.125
472058,B88-2345353,0.125
472059,B03-5105029,0.5
472059,NL96-1008450,0.25
472059,B00-5062000,0.25
472059,B02-5016117,0.5
472059,B95-5259054,0.25
472059,B96-5087321,0.25
472060,B10-5012552,0.5
472060,B03-5105029,0.25
472060,NL96-1008450,0.125
472060,B00-5062000,0.125
472060,B02-5016117,0.25
472060,B95-5259054,0.125
472060,B96-5087321,0.125
472060,B07-2038278,0.5
472060,B03-2184363,0.25
472060,B01-2339226,0.125
472060,B01-2184334,0.125
472060,B04-2180448,0.25
472060,B01-2184326,0.125
472060,B88-2345353,0.125
472062,B10-5012552,0.5
472062,B03-5105029,0.25
472062,NL96-1008450,0.125
472062,B00-5062000,0.125
472062,B02-5016117,0.25
472062,B95-5259054,0.125
472062,B96-5087321,0.125
472062,B07-2038278,0.5
472062,B03-2184363,0.25
472062,B01-2339226,0.125
472062,B01-2184334,0.125
472062,B04-2180448,0.25
472062,B01-2184326,0.125
472062,B88-2345353,0.125
472063,B03-2184363,0.5
472063,B01-2339226,0.25
472063,B01-2184334,0.25
472063,B04-2180448,0.5
472063,B01-2184326,0.25
472063,B88-2345353,0.25
472728,CHN11-03-866123,0.5
472728,B97-5204459,0.625
472728,CHN06-03-278589,0.75
472728,B98-5201624,0.375
472875,B12-6236166,0.5
472875,B02-6091494,0.25
472875,B99-2370428,0.125
472875,B92-6074328,0.125
472875,B00-6156141,0.0625
472875,B98-6429866,0.03125
472875,B08-6314611,0.25
472875,B05-6448064,0.5
472875,B02-6091418,0.25
472875,B01-6255055,0.125
472875,B94-6214450,0.25
472875,B96-6307261,0.125
472875,B82-6380170,0.125
472978,B05-2142780,0.5
472978,B06-2082239,0.5
472978,B00-2117363,0.25
472978,B10-2045207,0.125
472978,B07-2055171,0.0625
472978,B99-2036005,0.03125
472978,B98-2061410,0.03125
472978,B97-2076498,0.015625
472978,NL96-2477441,0.015625
472978,B01-1439889,0.125
472978,B88-2563607,0.0625
472978,B93-1979344,0.0625
472978,B94-2061350,0.25
473143,B98-3303957,0.5
473143,B90-4499042,0.25
473143,B85-4016662,0.25
473143,B90-4499329,0.5
473143,B84-3268638,0.25
473143,B89-3307220,0.25
473145,B01-4446033,0.5
473145,B95-4618835,0.25
473145,B97-4488095,0.25
473145,B01-4446149,0.5
473145,B90-5343668,0.25
473145,B95-4516090,0.25
473146,NL04-2055216,0.5
473146,NL96-2286554,0.25
473146,NL96-2286394,0.25
473146,B04-2107237,0.5
473146,B93-2133027,0.25
473146,B99-2171918,0.25
473147,B05-2279830,0.5
473147,B04-2107250,0.25
473147,NL03-1141073,0.25
473147,B05-2074952,0.5
473147,B96-2096241,0.25
473147,B03-2266295,0.25
473148,B02-2320971,0.5
473148,NL96-1480794,0.25
473148,NL96-9693778,0.25
473148,B98-2212898,0.5
473148,NL84-2195177,0.25
473148,B92-5299285,0.25
473500,B11-1322640,0.5
473500,B98-6589969,0.25
473500,B98-6278026,0.25
473500,B11-6219371,0.5
473500,B03-6485765,0.25
473500,B91-6227405,0.125
473500,B97-6592444,0.125
473500,B10-6358515,0.25
473501,B11-6219400,0.5
473501,B03-6485765,0.25
473501,B91-6227405,0.125
473501,B97-6592444,0.125
473501,B00-6553131,0.25
473501,B95-6274330,0.125
473501,BE95-6274317,0.125
473501,B11-6341638,0.5
473501,B02-6477821,0.25
473501,B04-6293191,0.25
473501,B90-630670,0.125
473501,B94-6241201,0.125
473502,B11-6341630,0.5
473502,B98-6589969,0.25
473502,B98-6278026,0.25
473502,B11-6219371,0.5
473502,B03-6485765,0.25
473502,B91-6227405,0.125
473502,B97-6592444,0.125
473502,B10-6358515,0.25
473503,B11-6341630,0.5
473503,B98-6589969,0.25
473503,B98-6278026,0.25
473503,B11-6219371,0.5
473503,B03-6485765,0.25
473503,B91-6227405,0.125
473503,B97-6592444,0.125
473503,B10-6358515,0.25
473579,GFL1468-2004,0.5
473579,NL0180144-2001,0.25
473579,GFL827-2000,0.5
473579,B6362315-94,0.25
473586,GFL1468-2004,0.5
473586,NL0180144-2001,0.25
473586,GFL827-2000,0.5
473586,B6362315-94,0.25
473617,CHN2014-11-132266,0.5
473624,BE13-4176405,0.5
473624,BE10-9039333,0.25
473624,BE09-6111726,0.125
473624,BE07-6033018,0.0625
473624,BE04-6307210,0.03125
473624,BE99-6352928,0.015625
473624,BE04-6358919,0.015625
473624,BE98-6335690,0.03125
473624,BE96-6404318,0.015625
473624,BE92-6235626,0.015625
473624,BE02-6183083,0.0625
473624,BE06-2178778,0.125
473624,BE09-5052387,0.25
473624,BE06-4112378,0.125
473624,B03-4146313,0.0625
473624,B00-4065892,0.0625
473624,BE99-5000704,0.125
473624,BE95-4628426,0.0625
473624,BE96-4603915,0.0625
473624,BE13-5108675,0.5
473624,BE12-5034527,0.25
473624,BE11-5134476,0.125
473624,BE01-6182211,0.125
473624,BE95-6311264,0.0625
473624,BE97-6523459,0.0625
473624,BE11-4220607,0.25
473624,BE08-4231159,0.125
473624,BE07-4029004,0.125
473994,B2012-6035504,0.5
473994,B2009-6086693,0.25
473994,B06-6329250,0.125
473994,B2007-6356145,0.125
473994,B2009-6086626,0.25
473994,B2005-6225881,0.125
473994,B2006-6173403,0.125
473994,B2007-6155353,0.5
473994,B1997-6355026,0.25
473994,B2005-6444400,0.25
473997,B2011-6327645,0.5
473997,B2007-6368588,0.25
473997,B2005-6444367,0.125
473997,B2005-6444400,0.125
473997,B2009-6086598598,0.25
473997,B2006-6087000,0.5
473997,B1997-6355026,0.25
473997,B2005-6225666,0.25
474000,B2007-6368588,0.5
474000,B2005-6444367,0.25
474000,B2005-6444400,0.25
474000,B2008-6124053,0.5
474000,B2004-6430819,0.25
474000,B2006-6398583,0.25
474948,B09-3188087,0.5
474948,B06-3008013,0.25
474948,B99-3103770,0.125
474948,B98-3158062,0.125
475469,B13-6308479,0.5
475469,B12-6321471,0.5
477194,B02-6175791,0.5
477194,B97-6162118,0.375
477194,B99-6381018,0.25
477194,B94-6336112,0.125
477194,B04-6177653,0.5
477194,B98-6421220,0.25
477194,B99-2396264,0.25
477198,B02-6175791,0.5
477198,B97-6162118,0.375
477198,B99-6381018,0.25
477198,B94-6336112,0.125
477198,B04-6177653,0.5
477198,B98-6421220,0.25
477198,B99-2396264,0.25
477644,B02-6175791,0.5
477644,B97-6162118,0.375
477644,B99-6381018,0.25
477644,B94-6336112,0.125
477644,B04-6177653,0.5
477644,B98-6421220,0.25
477644,B99-2396264,0.25
477797,B10-5110442,0.5
477797,B02-6269204,0.25
477798,B10-5110400,0.5
477798,B10-5025032,0.5
477798,B07-5116119,0.25
477798,B07-5116223,0.25
477949,B00-3076246,0.5
477949,B96-3156104,0.25
477949,B91-3204220,0.125
477949,B90-3119120,0.125
477949,B88-3206112,0.25
477949,B87-3008002,0.125
477949,B81-3238253,0.125
478752,CHN2001-26-000619,0.5
478752,B88-6603937,0.25
478752,B91-6227403,0.25
478752,CHN2002-26-186867,0.5
478752,NL93-2733029,0.25
478752,NL96-5664751,0.25
478767,CHN2012-26-039145,0.5
478767,CHN2001-26-000619,0.25
478767,B88-6603937,0.125
478767,B91-6227403,0.125
478767,CHN2002-26-186867,0.25
478767,NL93-2733029,0.125
478767,NL96-5664751,0.125
478767,CHN2013-26-266777,0.5
478767,CHN2008-26-227576,0.25
478767,CHN2006-26-113798,0.25
479100,B04-5174902,0.5
479101,B04-2294930,0.5
479101,B97-2076286,0.25
479101,B92-6337535,0.25
479101,B06-2082239,0.5
479101,B00-2117363,0.25
479101,B10-2045207,0.125
479101,B07-2055171,0.0625
479101,B99-2036005,0.03125
479101,B98-2061410,0.03125
479101,B97-2076498,0.015625
479101,NL96-2477441,0.015625
479101,B01-1439889,0.125
479101,B88-2563607,0.0625
479101,B93-1979344,0.0625
479101,B94-2061350,0.25
479102,B98-6084339,0.5
479102,B93-6057704,0.25
479102,B94-6081753,0.25
479102,B92-2198165,0.5
479102,B91-6437358,0.25
479102,B83-2350199,0.25
479938,BELG01-4340089,0.5
479938,B02-4432376,0.5
480062,CHN2012-26-039145,0.5
480062,CHN2001-26-000619,0.25
480062,B88-6603937,0.125
480062,B91-6227403,0.125
480062,CHN2002-26-186867,0.25
480062,NL93-2733029,0.125
480062,NL96-5664751,0.125
480062,CHN2013-26-266777,0.5
480062,CHN2008-26-227576,0.25
480062,CHN2006-26-113798,0.25
480100,B05-2142800,0.5
480100,B98-6084339,0.25
480100,B93-6057704,0.125
480100,B94-6081753,0.125
480100,B92-2198165,0.25
480100,B91-6437358,0.125
480100,B83-2350199,0.25
480100,B01-2137150,0.5
480100,B87-4021090,0.375
480100,B90-2553359,0.25
48022,BELG2006-6154774,0.5
48022,BELG1999-6151734,0.25
48022,BELG1994-6495178,0.5
48033,BELG2006-6154772,0.5
48033,BELG2003-6226043,0.25
48033,BELG1994-6495178,0.5
481316,B00-6156401,0.5
481316,B93-6228670,0.25
481316,B90-6277606,0.25
481316,B96-6615170,0.5
481316,B87-2297197,0.25
481316,B82-6380170,0.25
481478,BELG2003-6266214,0.5
481478,B96-6223353,0.25
481478,BELG1992-6074426,0.25
481478,B98-6470734,0.125
481478,BELG1990-6277606,0.125
481478,NL2006-2144034,0.5
481478,NL2003-0382898,0.25
481586,B92-6167021,0.5
481586,B92-6319505,0.5
482447,B12-6225399,0.5
482447,B13-3160868,0.5
482539,B08-2040063,0.5
482539,B08-2059166,0.5
482539,B05-2218173,0.25
482891,B09-6222693,0.5
482891,B00-6156164,0.25
482891,B87-2297197,0.125
482891,B90-6277397,0.125
482971,B08-6383662,0.5
483130,NL99-2388635,0.5
483130,NL98-1716251,0.25
483130,NL09-1231166,0.5
483241,NL17-3750686,0.5
483241,NL12-1762878,0.25
483241,NL10-3052860,0.25
483241,NL03-1272712,0.125
483241,NL97-9779802,0.0625
483241,NL94-9410369,0.0625
483241,NL07-1841493,0.125
483241,NL06-1091797,0.0625
483241,NL04-2075085,0.0625
483241,NL14-1931334,0.5
483241,NL05-0526031,0.25
483241,NL04-0433823,0.125
483241,NL01-0179459,0.0625
483241,NL01-0179465,0.0625
483241,NL00-0077729,0.03125
483241,NL93-1125375,0.03125
483241,NL01-0135527,0.125
483241,NL95-9546887,0.0625
483241,NL99-9972196,0.0625
483241,NL06-0761861,0.25
483241,NL03-1272740,0.125
483241,NL02-0230933,0.125
483305,NL05-2102009,0.5
483305,NL99-5901735,0.5
483438,NL05-1394730,0.5
483438,NL04-2050258,0.5
483583,CC98-110121,0.75
483583,GL93-8503,0.375
483583,TW95-82313,0.375
483583,CC05-385910,0.5
483583,GL96-0236,0.25
483583,TW94-111245,0.125
483583,B89-6727915,0.125
483699,B06-3131096,0.5
483699,B06-3004383,0.5
483876,B06-6411619,0.5
483876,B02-00825433,0.25
483876,B01-6387350,0.25
483876,B98-6350130,0.125
483876,B99-6448053,0.125
483876,B01-6387174,0.5
483876,B97-6597293,0.25
483876,B00-6249328,0.25
484613,B13-6027150,0.5
484613,B07-6140081,0.25
484613,B07-6140215,0.25
484613,B02-6051523,0.125
484613,B97-6101055,0.125
484613,B14-6306280,0.5
484613,B04-6208086,0.25
484613,B03-6437277,0.125
484613,B00-6032021,0.125
484613,B04-6208161,0.25
484613,B96-6100120,0.125
484613,B95-6536121,0.125
484806,B11-6329802,0.5
484806,B10-6217322,0.25
484806,B07-6140038,0.25
484806,B02-6051523,0.25
484806,B97-6101055,0.25
484806,B10-6217260,0.5
484806,B09-6240841,0.25
484806,B07-6140215,0.25
484982,NL07-5711981,0.5
484982,NL05-1191690,0.5
485273,B08-6245265,0.5
485273,B97-6362091,0.5
485273,B99-6151734,0.5
485273,B03-6226043,0.5
485274,B08-6245020,0.5
485274,B01-4174057,0.25
485274,B02-4479161,0.25
485274,B95-4148210,0.125
485274,B97-4263065,0.125
485274,B03-6226043,0.5
485274,B97-6362091,0.25
485274,B99-6151734,0.25
485348,NL06-4721098,0.5
485348,NL03-1730536,0.25
485348,NL05-1958932,0.25
485348,NL00-1210084,0.5
485348,NL98-1924683,0.25
485348,NL99-1575803,0.25
485454,B06-4008828,0.5
485454,NL01-5150212,0.5
485454,NL90-2456019,0.25
485454,NL96-8005840,0.25
486159,B06-6156133,0.5
486159,B02-6121088,0.5
486751,B09-6240724,0.5
486751,B04-6208291,0.25
486751,B05-6306314,0.25
486751,B09-6240716,0.5
486751,B06-6185409,0.25
486751,B00-6032249,0.125
486751,B99-6082046,0.125
486751,B04-6208161,0.25
486751,B96-6100120,0.125
486751,B95-6536121,0.125
486822,NL02-1187672,0.5
486822,NL04-1633561,0.5
486823,NL02-1187672,0.5
486823,NL04-1633561,0.5
486825,NL99-1853480,0.5
486825,NL98-2211800,0.5
486828,NL05-2174769,0.5
486828,NL00-1475160,0.5
486829,NL99-1853480,0.5
486829,NL98-2211800,0.5
487295,B10-6344299,0.5
487295,B08-6232634,0.25
487295,B07-6140130,0.125
487295,B02-6051523,0.0625
487295,B97-6101055,0.0625
487295,B07-6140124,0.125
487295,B08-6232613,0.25
487295,B04-6208191,0.125
487295,B94-6093632,0.375
487295,B83-6528577,0.1875
487295,B85-6392475,0.1875
487295,B02-6051773,0.5
487295,B91-6178110,0.25
487550,B09-3095237,0.5
487550,B04-3069722,0.25
487550,B02-3003592,0.25
488889,TW93-238804,0.5
488889,B86-9122830,0.25
488889,NL88-2692608,0.25
488889,CC2002-1097,0.5
488889,B82-5000628,0.25
488889,NL82-1325105,0.25
489220,B06-2094201,0.5
489220,B98-6396501,0.25
489220,B02-3003885,0.25
489409,B07-6076208,0.5
489409,B04-6276377,0.25
489409,B98-6210561,0.25
489409,B96-6223094,0.125
489409,B96-6223279,0.5
489409,B90-6669172,0.25
489409,B82-6380170,0.25
491127,B94-6214211,0.5
491127,B81-6463237,0.25
491127,B88-6318694,0.25
491150,CHN2007-01-158077,0.5
491150,B2004-6276745,0.5
491150,B94-6214211,0.25
491150,B81-6463237,0.125
491150,B88-6318694,0.125
491151,CHN2011-01-134845,0.5
491151,B2004-6276745,0.5
491151,B94-6214211,0.25
491151,B81-6463237,0.125
491151,B88-6318694,0.125
491152,CHN2013-01-081041,0.5
491152,B2004-6276745,0.5
491152,B94-6214211,0.25
491152,B81-6463237,0.125
491152,B88-6318694,0.125
491155,CHN2009-06-055848,0.5
491155,B2004-6276745,0.5
491155,B94-6214211,0.25
491155,B81-6463237,0.125
491155,B88-6318694,0.125
491185,CHN2007-01-158077,0.5
491185,B2004-6276745,0.5
491185,B94-6214211,0.25
491185,B81-6463237,0.125
491185,B88-6318694,0.125
491187,CHN2007-01-158141,0.5
491187,B2004-6276745,0.5
491187,B94-6214211,0.25
491187,B81-6463237,0.125
491187,B88-6318694,0.125
491188,CHN2007-01-158141,0.5
491188,B2004-6276745,0.5
491188,B94-6214211,0.25
491188,B81-6463237,0.125
491188,B88-6318694,0.125
491189,CHN2007-01-158141,0.5
491189,B2004-6276745,0.5
491189,B94-6214211,0.25
491189,B81-6463237,0.125
491189,B88-6318694,0.125
491193,CHN2007-01-158141,0.5
491193,B2004-6276745,0.5
491193,B94-6214211,0.25
491193,B81-6463237,0.125
491193,B88-6318694,0.125
491194,CHN2007-01-158141,0.5
491194,B2004-6276745,0.5
491194,B94-6214211,0.25
491194,B81-6463237,0.125
491194,B88-6318694,0.125
491195,CHN2007-01-158141,0.5
491195,B2004-6276745,0.5
491195,B94-6214211,0.25
491195,B81-6463237,0.125
491195,B88-6318694,0.125
491197,B04-6121232,0.5
491197,B02-6261256,0.25
491197,B02-6483633,0.25
491197,B06-6086604,0.5
491197,B01-6470167,0.25
491197,B99-6479272,0.125
491197,B95-6282038,0.125
491197,B97-6549507,0.25
491197,B94-6561649,0.125
491197,B93-6095331,0.125
491198,CHN2012-01-858135,0.5
491198,B11-6174516,0.5
491199,CHN2009-01-650670,0.5
491199,CHN2013-01-858017,0.5
491199,CHN2012-01-858135,0.25
491199,B11-6174516,0.25
491201,B11-6177331,0.5
491201,B11-6174516,0.5
491668,CHN13-10-788873,0.75
491668,CHN14-11-085303,0.5
492667,B12-6321646,0.5
492667,B07-6369518,0.25
492667,B07-6043923,0.25
492667,B10-6359182,0.5
492667,B07-6379888,0.25
492667,NL08-2048857,0.25
492667,NL02-2173518,0.125
492667,NL98-5821470,0.125
492667,NL97-2252940,0.0625
492667,NL96-8022870,0.03125
492667,NL92-53103641995,0.03125
492667,NL97-2253103,0.0625
492667,B96-6286060,0.03125
492667,NL88-2763998,0.03125
493178,B13-6221425,0.5
493178,B08-6091122,0.25
493178,B10-6251585,0.5
493178,B02-6315014,0.375
493178,B03-6277418,0.25
493178,B98-6216290,0.125
493180,B10-6251601,0.5
493180,B02-6315014,0.3125
493180,B04-6472084,0.25
493180,B01-6380175,0.125
493180,B03-6277418,0.125
493180,B98-6216290,0.0625
493787,CHN13-26-028822,0.5
493787,B13-3160860,0.5
493787,B06-3008003,0.25
493787,B00-3195099,0.125
493787,B95-3185530,0.0625
493787,B93-3051184,0.0625
493787,B98-3158062,0.125
494217,B11-6177331,0.5
494217,B11-6174516,0.5
494285,B08-6112844,0.5
494285,B06-6086604,0.5
494285,B01-6470167,0.25
494285,B99-6479272,0.125
494285,B95-6282038,0.125
494285,B97-6549507,0.25
494285,B94-6561649,0.125
494285,B93-6095331,0.125
494286,CHN2012-01-858135,0.5
494286,B11-6174516,0.5
494464,B12-5029018,0.5
494464,B09-5154104,0.25
494464,B07-5050208,0.25
494464,B13-5096149,0.5
494464,B12-6321646,0.25
494464,B07-6369518,0.125
494464,B07-6043923,0.125
494464,B12-6123556,0.25
494819,B14-6175955,0.5
494819,B11-6289620,0.25
494819,B04-6208161,0.25
494819,B96-6100120,0.125
494819,B95-6536121,0.125
494819,B07-6140214,0.5
494819,B02-6051523,0.25
494819,B97-6101055,0.25
494989,CHN09-01-670388,0.5
494989,CHN99-09-006143,0.5
495847,CHN13-26-028822,0.5
495847,B13-3160860,0.5
495847,B06-3008003,0.25
495847,B00-3195099,0.125
495847,B95-3185530,0.0625
495847,B93-3051184,0.0625
495847,B98-3158062,0.125
495862,CHN13-26-028822,0.5
495862,B13-3160860,0.5
495862,B06-3008003,0.25
495862,B00-3195099,0.125
495862,B95-3185530,0.0625
495862,B93-3051184,0.0625
495862,B98-3158062,0.125
496331,CHN15-03-1307231,0.5
496331,CHN13-26-028822,0.25
496331,B13-3160860,0.25
496331,B06-3008003,0.125
496331,B00-3195099,0.0625
496331,B95-3185530,0.03125
496331,B93-3051184,0.03125
496331,B98-3158062,0.0625
496331,BELG2012-6307262,0.5
496475,B08-6245136,0.5
496475,B01-6153998,0.25
496475,B03-6226043,0.25
496475,B97-6362091,0.125
496475,B99-6151734,0.125
496475,B08-6245182,0.5
496475,B93-5188111,0.25
496475,B94-6495178,0.25
496488,B06-2094541,0.5
496488,B95-6649143,0.25
496488,B99-6143862,0.25
496495,B03-9007138,0.5
496495,B94-9080023,0.25
496495,B97-9129061,0.25
496499,B04-6467302,0.5
496499,B97-6270490,0.25
496499,B93-6681396,0.25
496499,B00-6548780,0.5
496499,B93-6491172,0.25
496499,B91-6685040,0.25
496509,B04-6369313,0.5
496509,B02-6499857,0.25
496509,B95-6316522,0.25
496509,B89-6040787,0.125
496509,B99-6185683,0.5
496509,B95-6637008,0.25
496509,B95-6316476,0.25
496514,B99-6552439,0.5
496514,B94-6434010,0.25
496514,B92-6606146,0.25
496514,B01-6262975,0.5
496514,B97-6270490,0.25
496514,B93-6681316,0.25
496519,B03-6467331,0.5
496519,B95-6637008,0.25
496519,B95-6316476,0.25
496519,B96-6445235,0.5
496519,B94-6434988,0.25
496519,B95-6316522,0.25
496519,B89-6040787,0.125
496520,B04-6369209,0.5
496520,B96-6406776,0.25
496520,B96-6490451,0.25
496520,B02-6298957,0.5
496520,B01-6519919,0.25
496520,B00-6652466,0.125
496520,B99-6169909,0.125
496520,B95-6316539,0.25
496526,B06-8030517,0.5
496526,B97-2222852,0.25
496526,B98-9159660,0.25
496526,B09-8007453,0.5
496526,B06-802879611,0.25
496526,B06-439138,0.25
497239,CHN13-26-028822,0.5
497239,B13-3160860,0.5
497239,B06-3008003,0.25
497239,B00-3195099,0.125
497239,B95-3185530,0.0625
497239,B93-3051184,0.0625
497239,B98-3158062,0.125
497285,CHN2014-06-167424,0.5
497285,CHN2014-06-167337,0.5
497285,NL08-1548996,0.25
497285,NL03-5301440,0.125
497285,NL01-2386190,0.125
497285,NL08-1548954,0.25
497337,CHN2015-06-0367468,0.5
497337,B2010-6052136,0.25
497337,B2009-3172925,0.25
497337,B07-3182025,0.125
497337,B07-3182009,0.125
497337,CHN2014-06-167508,0.5
498192,B2008-2110294,0.5
498192,B2005-2257311,0.25
498192,B2005-2257352,0.25
498192,B2006-2042512,0.5
498192,B2005-2062059,0.25
498192,B2000-2394434,0.25
498199,NL2013-1239323,0.5
498199,NL2006-2162253,0.25
498199,NL2003-1135462,0.125
498199,NL2003-1135318,0.125
498199,NL2003-1135475,0.25
498199,NL2002-1635264,0.1875
498199,NL1995-1941948,0.125
498199,NL2011-1740912,0.5
498199,NL2008-1537203,0.25
498199,NL2007-1817852,0.125
498199,NL2007-1817880,0.125
498199,NL2009-1186313,0.25
498199,NL2007-1817907,0.125
498199,NL2004-2050252,0.0625
498199,NL2003-1103686,0.0625
498199,NL2008-1537236,0.125
498199,NL2001-1886517,0.0625
498204,CHN2009-01-981112,0.5
498204,CHN2005-01-502380,0.25
498204,B2007-5067344,0.25
498204,B2000-4065880,0.125
498204,B1998-4184729,0.0625
498204,B1998-3024841,0.0625
498204,B2001-6182211,0.125
498204,B1998-5296409,0.0625
498204,B1997-6523459,0.0625
498204,CHN2008-01-968616,0.5
498204,B2001-2335676,0.25
498204,B1998-2398266,0.25
498204,B1994-5314930,0.125
498204,B1991-5248546,0.0625
498204,B1991-5248516,0.0625
498204,B1995-2363122,0.125
498204,B1990-2523263,0.0625
498204,B1987-3190166,0.0625
498206,CHN2009-01-803709,0.5
498206,B2003-5071602,0.5
498206,B1997-5166412,0.25
498206,B2001-5010172,0.25
498206,B1998-2398266,0.25
498206,B1994-5314930,0.125
498206,B1991-5248546,0.0625
498206,B1991-5248516,0.0625
498206,B1995-2363122,0.125
498206,B1990-2523263,0.0625
498206,B1987-3190166,0.0625
498206,CHN2009-01-222586,0.5
498206,CHN2006-01-020578,0.25
498208,CHN2008-01-968609,0.5
498208,B2003-5071602,0.25
498208,B1997-5166412,0.125
498208,B2001-5010172,0.125
498208,B1998-2398266,0.25
498208,B1994-5314930,0.125
498208,B1991-5248546,0.0625
498208,B1991-5248516,0.0625
498208,B1995-2363122,0.125
498208,B1990-2523263,0.0625
498208,B1987-3190166,0.0625
498208,CHN2007-01-480762,0.5
498716,CHN13-26-028822,0.5
498716,B13-3160860,0.5
498716,B06-3008003,0.25
498716,B00-3195099,0.125
498716,B95-3185530,0.0625
498716,B93-3051184,0.0625
498716,B98-3158062,0.125
499018,CHN2012-11-071285,0.5
499018,CHN2014-19-313330,0.5
501629,CC2008-080133,0.5
501629,B94-9080164,0.25
501629,B88-65822,0.25
501629,CC02-286352,0.5
501629,B88-28221,0.25
501629,B88-8901,0.25
501641,TW04-65814,0.5
501641,B93-13188,0.25
501641,B88-65822,0.25
501641,WN03-030504,0.5
501641,TW94-111234,0.25
501641,B90-50072,0.25
502312,B06-2094655,0.5
502312,B04-2294930,0.25
502312,B97-2076286,0.125
502312,B92-6337535,0.125
502312,B04-2294976,0.25
502312,B08-207817,0.5
502312,B06-2073135,0.25
502312,B05-2136760,0.25
502470,CHN03-15-120385,0.75
502470,CHN2009-15-226226,0.5
502470,T03-343463,0.25
502800,B09-4280757,0.5
502800,B08-4281517,0.25
502800,B05-2076701,0.125
502800,B06-4377103,0.125
502800,B08-4281576,0.25
502800,B96-4391939,0.1875
502800,B02-3003538,0.125
502800,B94-3237043,0.0625
503105,B09-6253817,0.5
503105,B12-6053174,0.5
503105,B08-6078876,0.25
503105,B04-6293507,0.25
503412,CHN2001-26-000619,0.5
503412,B88-6603937,0.25
503412,B91-6227403,0.25
503412,CHN2002-26-186867,0.5
503412,NL93-2733029,0.25
503412,NL96-5664751,0.25
504612,B06-6405133,0.5
504612,B00-6440232,0.25
504612,B97-6210632,0.125
504612,B95-6303932,0.125
504612,B01-6455003,0.25
504612,B95-6302321,0.125
504612,B98-6160968,0.125
504669,BELG2007-6033110,0.5
504669,BELG1998-6335690,0.5
504897,CHN2013-211067,0.5
504897,CHN13-210070,0.5
50491,CHN02-09-220641,0.5
505099,NL10-1839111,0.5
505099,NL05-4004811,0.25
505099,NL02-2173502,0.25
505099,CHN10-02-168520,0.5
506762,B11-6219371,0.5
506762,B03-6485765,0.25
506762,B91-6227405,0.125
506762,B97-6592444,0.125
506762,B10-6358515,0.25
506764,B11-6219371,0.5
506764,B03-6485765,0.25
506764,B91-6227405,0.125
506764,B97-6592444,0.125
506764,B10-6358515,0.25
506765,B11-6219371,0.5
506765,B03-6485765,0.25
506765,B91-6227405,0.125
506765,B97-6592444,0.125
506765,B10-6358515,0.25
507028,B03-6358232,0.5
507028,B09-6130017,0.5
507028,B06-6156133,0.25
507028,B02-6121088,0.25
507029,B03-6358232,0.5
507029,B09-6130017,0.5
507029,B06-6156133,0.25
507029,B02-6121088,0.25
507033,B11-6263259,0.5
507033,B09-6130017,0.5
507033,B06-6156133,0.25
507033,B02-6121088,0.25
507034,B11-6263259,0.5
507034,B09-6130017,0.5
507034,B06-6156133,0.25
507034,B02-6121088,0.25
507215,B07-6369523,0.5
507215,B01-6096237,0.25
507215,B03-6192564,0.25
507215,B00-6141430,0.125
507215,B00-6549576,0.125
507215,B07-6043938,0.5
507215,B03-6192276,0.25
507215,B02-6113220,0.25
507215,B00-6440232,0.125
507215,B97-6210632,0.0625
507215,B95-6303932,0.0625
507215,B00-6141444,0.125
507222,CHN14-01-1218886,0.5
507222,AU10-606,0.25
507228,B13-5061628,0.5
507228,B10-5120015,0.25
507228,NL07-1897803,0.125
507228,B06-5048411,0.125
507228,B08-5049560,0.25
507228,B04-5071388,0.125
507228,B04-5071303,0.125
507228,CHN14-01-1218844,0.5
507228,NL07-1183432,0.375
507228,B02-6175791,0.1875
507228,B97-6162118,0.140625
507228,B99-6381018,0.09375
507228,B94-6336112,0.046875
507228,B04-6177653,0.1875
507228,B98-6421220,0.09375
507228,B99-2396264,0.09375
507228,CHN13-01-916118,0.25
507228,CHN11-04-757775,0.125
507228,DV07-08857-401,0.0625
507228,NL05-1936842,0.03125
507228,NL99-2308215,0.03125
507228,NL95-1091674,0.015625
507228,NL98-5821416,0.015625
507228,B09-6047528,0.0625
507240,B14-2060175,0.5
507240,B12-5047095,0.25
507240,B11-5140870,0.25
507282,B13-5061628,0.5
507282,B10-5120015,0.25
507282,NL07-1897803,0.125
507282,B06-5048411,0.125
507282,B08-5049560,0.25
507282,B04-5071388,0.125
507282,B04-5071303,0.125
507282,B08-6065518,0.5
507282,B05-6038424,0.25
507282,B94-6081498,0.125
507282,B02-6035319,0.125
507282,B98-6085234,0.25
507282,B94-6388921,0.125
507282,B96-6049909,0.125
507304,B10-6164048,0.5
507304,B07-6114000,0.25
507304,B07-6112307,0.25
507304,B12-6298776,0.5
507304,B10-6224140,0.25
507304,B05-6280088,0.25
507487,B06-2082083,0.5
507487,B05-2143388,0.25
507487,B92-2198165,0.25
507487,B91-6437358,0.125
507487,B83-2350199,0.125
507487,B06-2082300,0.5
507487,B01-3076096,0.25
507487,B94-2061350,0.25
507733,B00-6240105,0.5
507733,B99-6252346,0.25
507733,B99-6252356,0.25
507733,B99-6260005,0.5
507733,B93-6097246,0.25
507733,B94-6652880,0.25
507798,CHN2011-11-050954,0.5
507798,CHN2015-09-0344583,0.5
507798,CHN13-10-788873,0.25
507804,CHN2012-11-015539,0.5
507804,BELG2004-4433021,0.25
507804,B01-4489665,0.125
507804,DV01063-14-710,0.5
507859,B14-3067141,0.5
507859,B04-3069721,0.25
507859,B98-3158062,0.125
507859,B05-3006583,0.25
507859,B94-3237367,0.125
507859,B13-3056024,0.5
507859,B09-3095175,0.25
507874,B14-3067141,0.5
507874,B04-3069721,0.25
507874,B98-3158062,0.125
507874,B05-3006583,0.25
507874,B94-3237367,0.125
507874,B13-3056024,0.5
507874,B09-3095175,0.25
507888,B11-3170456,0.5
507888,B06-3008011,0.25
507888,B00-3076246,0.25
507888,B96-3156104,0.125
507888,B91-3204220,0.0625
507888,B90-3119120,0.0625
507888,B88-3206112,0.125
507888,B87-3008002,0.0625
507888,B81-3238253,0.0625
507888,B03-9021198,0.5
507888,B99-9128001,0.25
507888,B98-9147146,0.25
507911,NL08-1402874,0.5
507911,NL04-1559375,0.25
507911,NL01-1707322,0.25
507911,NL02-5229564,0.5
507911,NL95-5559347,0.25
507911,NL90-2256086,0.25
508245,B04-6307259,0.5
508245,B97-6407575,0.25
508245,B09-6111676,0.5
508245,B01-769000275,0.25
508245,B03-6257134,0.25
508245,B02-6379072,0.125
508246,B08-2021004,0.5
508246,B04-2182155,0.25
508246,B09-6111676,0.5
508246,B01-769000275,0.25
508246,B03-6257134,0.25
508246,B02-6379072,0.125
508455,NL07-5705110,0.5
508455,NL08-1174850,0.5
508624,NL10-1682133,0.5
508624,NL13-1239654,0.5
508688,B02-3236477,0.5
508688,B96-3305249,0.25
508688,B97-3157176,0.5
508688,B77-3064419,0.25
508688,B91-3204047,0.25
508692,NL06-1979423,0.5
508692,NL88-2988147,0.25
508692,NL96-1939701,0.25
508698,NL02-5236704,0.5
508698,NL96-5666044,0.25
508698,NL99-2371470,0.25
508698,NL02-1504246,0.5
508698,NL84-1446347,0.25
508698,NL94-7007312,0.25
508701,NL02-5236638,0.5
508701,NL87-5709861,0.25
508701,NL92-5205136,0.25
508712,NL09-1195373,0.5
508712,NL89-5930255,0.25
508712,NL02-1647196,0.25
508715,NL08-1549183,0.5
508715,B95-3227773,0.25
508715,B07-3204324,0.25
508719,NL08-1549024,0.5
508719,B00-6141430,0.25
508719,B05-6233900,0.25
508790,NL01-2290656,0.5
508790,NL85-8535638,0.25
508790,NL95-5592203,0.25
508792,NL10-1891510,0.5
508792,NL08-1760926,0.25
508792,NL08-1760981,0.25
508792,BE04-3237404,0.5
508792,B87-3089349,0.25
508792,B97-3221723,0.25
508794,NL99-5957871,0.5
508794,NL95-5569883,0.25
508794,B96-2013439,0.25
508794,NL01-5150256,0.5
508794,NL90-5098896,0.25
508794,NL96-5666043,0.25
508797,BE07-5080068,0.5
508797,B99-5091084,0.25
508797,BE01-6182211,0.5
508797,BE95-6311264,0.25
508797,BE97-6523459,0.25
508810,NL03-5301441,0.5
508810,B87-3089349,0.25
508810,B02-3025837,0.25
509198,B08-6175028,0.5
509198,B04-6300880,0.25
509198,B04-6300833,0.25
509198,B08-6175181,0.5
509198,B02-6186032,0.25
509198,B01-6351574,0.25
509203,B08-6175028,0.5
509203,B04-6300880,0.25
509203,B04-6300833,0.25
509203,B08-6175181,0.5
509203,B02-6186032,0.25
509203,B01-6351574,0.25
509691,CHN2009-15-235250,0.5
509691,NL11-5000642,0.5
509691,NL10-5000133,0.25
509691,NL10-5000123,0.25
509887,NL08-1101403,0.5
509887,NL07-1371677,0.25
509887,NL07-1371589,0.25
509887,NL10-1529196,0.5
509887,NL07-5713891,0.25
509893,NL13-1801849,0.5
509893,NL08-1100856,0.25
509893,NL09-1833868,0.25
509893,NL10-1533096,0.5
509893,NL09-2068622,0.25
509896,NL04-1896031,0.5
509896,NL96-2091350,0.25
509896,NL01-1695110,0.25
509896,NL02-5229564,0.5
509896,NL95-5559347,0.25
509896,NL90-2256086,0.25
509909,B05-3085502,0.5
509909,B01-3194365,0.25
509909,B05-3121955,0.25
509909,B06-3148314,0.5
509909,B04-3099034,0.25
509909,B01-3076022,0.125
509909,B95-3263118,0.125
509909,B05-5143844,0.25
509958,NL13-1239268,0.5
510025,B10-6251584,0.5
510025,NL08-1628683,0.25
510025,B07-6022478,0.25
510025,B11-6332491,0.5
510025,B10-6052493,0.25
510025,B03-6277418,0.25
510025,B02-6315014,0.125
510025,B98-6216290,0.125
510043,B04-6472084,0.5
510043,B01-6380175,0.25
510043,B03-6277418,0.25
510043,B02-6315014,0.125
510043,B98-6216290,0.125
51022,B91-3339670,0.5
51022,B88-3206112,0.5
51022,B87-3008002,0.25
51022,B81-3238253,0.25
510220,CHN2012-09-270625,0.5
510220,CHN09-26-183046,0.25
510220,CHN05-26-160120,0.5
510220,CHN13-26-185751,0.5
510220,NL99-4300530,0.25
510383,NL11-1612276,0.5
510383,NL09-1186592,0.25
510383,NL02-1635264,0.125
510383,NL06-2162375,0.125
510383,NL09-1054581,0.25
510383,NL04-1849869,0.125
510383,NL98-1215842,0.125
510383,NL12-1618379,0.5
510489,NL13-1239654,0.5
510496,CHN2011-203924,0.5
510496,DV06348-13-109,0.5
510798,NL06-2059023,0.5
510798,NL02-5229548,0.25
510798,NL97-1292630,0.25
510798,NL07-5713925,0.5
510798,NL05-1239910,0.25
510798,NL04-1897022,0.125
510798,NL01-1695110,0.125
510798,NL06-5617007,0.25
510798,NL03-5332698,0.125
510798,NL05-2180912,0.125
510825,NL07-5713898,0.5
510825,NL04-1896031,0.25
510825,NL96-2091350,0.125
510825,NL01-1695110,0.125
510825,NL02-5229564,0.25
510825,NL95-5559347,0.125
510825,NL90-2256086,0.125
510864,NL06-5616997,0.5
510864,NL00-1766556,0.25
510864,NL99-5949577,0.25
510864,NL07-5713890,0.5
510864,NL05-1246083,0.25
510864,NL04-1896031,0.125
510864,NL96-2091350,0.0625
510864,NL01-1695110,0.0625
510864,NL02-5229564,0.125
510864,NL95-5559347,0.0625
510864,NL90-2256086,0.0625
510864,NL99-5949561,0.25
510864,NL93-2437240,0.125
510864,NL93-5366432,0.125
510865,NL07-5713898,0.5
510865,NL04-1896031,0.25
510865,NL96-2091350,0.125
510865,NL01-1695110,0.125
510865,NL02-5229564,0.25
510865,NL95-5559347,0.125
510865,NL90-2256086,0.125
510865,NL07-1672222,0.5
510865,NL04-1896803,0.25
510865,NL01-1707553,0.25
510866,NL05-1220256,0.5
510866,NL07-5713976,0.5
510866,NL06-2058445,0.25
510866,NL99-5949577,0.25
510869,NL12-1295917,0.5
510869,C08-680147,0.5
510886,CHN2013-15-211178,0.5
510886,NL11-5000642,0.5
510886,NL10-5000133,0.25
510886,NL10-5000123,0.25
511307,B04-6472084,0.5
511307,B01-6380175,0.25
511307,B03-6277418,0.25
511307,B02-6315014,0.125
511307,B98-6216290,0.125
511330,BE13-2022005,0.5
511330,CHN2013-210070,0.5
511333,CHN14-15-184297,0.5
511333,CHN14-15-184369,0.5
511333,NL07-5705110,0.25
511333,NL08-1174850,0.25
511372,B09-2056786,0.5
511372,B05-2094480,0.25
511372,B00-2407581,0.25
511372,B05-2181562,0.5
511372,E00-5259375,0.25
511372,B99-2379279,0.25
51161,NL97-2253106,0.5
51161,B96-6286060,0.25
51161,NL88-2763998,0.25
51161,B06-6154533,0.5
51161,B02-6121605,0.25
511926,B07-3207655,0.5
511926,B00-3124013,0.25
511926,B99-3020065,0.25
511926,B95-3336674,0.125
511926,B92-3138672,0.0625
511926,B89-3160827,0.0625
511926,B92-3138647,0.125
511926,B87-3089349,0.0625
511926,B88-3307763,0.0625
511926,B03-3131030,0.5
511926,B99-3020098,0.25
511926,B98-3194036,0.25
511937,B07-3141520,0.5
511937,B01-3076050,0.25
511937,B98-3194039,0.25
511937,B07-3090004,0.5
511937,B02-3107044,0.25
511937,B05-4266001,0.25
511957,NL07-1992335,0.5
511957,NL98-9881212,0.25
511957,NL00-0000000,0.125
511957,NL01-2110695,0.25
511957,NL00-0080535,0.125
511957,NL00-2202571,0.125
511957,NL07-1992331,0.5
511957,NL99-1123706,0.25
511957,NL97-1772089,0.125
511957,NL98-1441279,0.125
511958,NL98-9881212,0.5
511958,NL00-0000000,0.25
511958,NL01-2110695,0.5
511958,NL00-0080535,0.25
511958,NL00-2202571,0.25
511966,NL99-1123706,0.5
511966,NL97-1772089,0.25
511966,NL98-1441279,0.25
512202,B04-2018501,0.5
512202,B03-2001819,0.25
512202,B98-2436672,0.25
512202,B93-5288924,0.125
512202,B91-5268690,0.125
512202,B05-2046775,0.5
512202,B95-5084577,0.25
512202,D03661-94-100,0.25
512203,B02-2060716,0.5
512203,B94-5328517,0.25
512203,B02-2326424,0.5
512203,B97-2378786,0.25
512203,B85-6580826,0.25
512203,DV03661-93-400,0.125
512203,B98-2425539,0.25
512203,D03661-94-100,0.125
512204,B05-2046758,0.5
512204,B04-2018544,0.25
512204,B03-2035944,0.25
512204,B98-2425539,0.5
512204,B85-6580826,0.25
512204,D03661-94-100,0.25
512428,B11-2101195,0.5
512428,B08-2239338,0.25
512429,B09-3040149,0.5
512429,B08-3037512,0.25
512429,B06-2158233,0.25
512549,B07-5168513,0.5
512549,B06-3010257,0.5
512549,B05-3057716,0.25
512549,B00-3205376,0.25
512820,NL12-1137157,0.5
512905,B09-2054247,0.5
513077,B08-3005155,0.5
513077,DE01-831005,0.25
513077,B04-3002681,0.25
513077,B04-3002584,0.5
513077,B97-3301433,0.25
513077,B95-3336619,0.25
513425,CHN2009-06-189135,0.5
513425,CHN2008-06-094995,0.25
513425,CHN2011-05-508079,0.5
513425,BELG2008-6245264,0.25
513425,BELG2009-6130636,0.25
513454,CHN2009-06-189135,0.5
513454,CHN2008-06-094995,0.25
513454,CHN2011-05-508079,0.5
513454,BELG2008-6245264,0.25
513454,BELG2009-6130636,0.25
513599,NL08-1413840,0.5
513599,NL02-1182556,0.25
513599,NL04-1628744,0.25
513599,NL06-2034324,0.5
513599,NL05-2170406,0.25
513599,NL99-1846611,0.25
513600,B04-6095495,0.5
513600,B02-6183731,0.25
513600,B95-6368251,0.125
513600,B97-6423539,0.125
513600,B94-6323005,0.25
513600,B05-6336511,0.5
513600,B99-6438039,0.25
513600,B04-6095407,0.25
513601,NL10-1129981,0.5
513601,B05-5534893,0.25
513601,B04-2062112,0.25
513601,NL10-1688555,0.5
513601,NL07-1821617,0.25
513601,B05-6045565,0.25
513601,B00-6440232,0.1875
513601,B97-6210632,0.09375
513601,B95-6303932,0.09375
513601,B02-6113220,0.125
513601,B00-6141444,0.0625
513613,NL05-1244854,0.5
513613,B98-6339693,0.25
513613,NL04-1073255,0.25
513613,NL06-2083976,0.5
513613,NL99-9917734,0.25
513704,CHN15-15-0124415,0.5
513704,NL12-1799610,0.25
513704,NL05-2102009,0.125
513704,NL99-5901735,0.125
513704,NL11-1096624,0.25
513704,NL11-1736843,0.5
513704,NL05-1394730,0.25
513704,NL04-2050258,0.25
513864,NL2011-1612277,0.5
513864,NL2011-5000642,0.5
514058,BE13-2022005,0.5
514058,CHN14-15-184369,0.5
514058,NL07-5705110,0.25
514058,NL08-1174850,0.25
514068,NL11-1782104,0.5
514068,CHN14-15-184369,0.5
514068,NL07-5705110,0.25
514068,NL08-1174850,0.25
514083,NL11-1782104,0.5
514083,CHN2014-15-184369,0.5
514739,B2004-3075523,0.5
514739,B2002-3185845,0.5
514740,B08-3037345,0.5
514740,B08-3037496,0.5
514742,B09-3149960,0.5
514742,B09-3040476,0.5
514743,B09-3149960,0.5
514743,B09-3040476,0.5
514745,B08-3037425,0.5
514745,B2009-3181572,0.5
514748,B08-3037345,0.5
514748,B08-3037496,0.5
514750,B2009-3149960,0.5
514750,B09-3040476,0.5
514754,B08-3022143,0.5
514754,B04-3075492,0.5
514755,B2004-3075523,0.5
514755,B2010-3183610,0.5
514960,B06-5158335,0.5
514960,B02-2252018,0.25
514960,B03-2251228,0.25
514960,B2007-2103401,0.5
514960,B00-3200601,0.25
514960,B04-3230936,0.25
514960,BE00-3200601,0.125
514960,B98-3158062,0.125
515242,NL2007-1936832,0.5
515472,B08-2095047,0.5
515472,B03-3241862,0.25
515472,B06-2094313,0.25
515971,B12-3070890,0.5
515971,B04-3099057,0.25
515971,B10-3059352,0.25
515971,B09-3187450,0.5
515971,B07-3161836,0.25
515971,B03-3131024,0.125
515971,B98-3194065,0.125
515971,B99-3020065,0.25
515971,B95-3336674,0.125
515971,B92-3138672,0.0625
515971,B89-3160827,0.0625
515971,B92-3138647,0.125
515971,B87-3089349,0.0625
515971,B88-3307763,0.0625
516345,B11-2076132,0.5
516345,B05-3006657,0.25
516345,B10-2214048,0.25
516350,B11-2076132,0.5
516350,B05-3006657,0.25
516350,B10-2214048,0.25
516353,B14-3067132,0.5
516353,B95-3211364,0.25
516353,B12-3162831,0.25
516357,B13-3164523,0.5
516357,B12-3127542,0.25
516357,B07-3043418,0.25
516357,B10-3179399,0.5
516357,B86-3158708,0.25
516357,B99-3199708,0.25
516357,B95-3211364,0.125
516357,B91-3204047,0.125
516360,B04-6399484,0.5
516360,B04-6356339,0.5
516360,B03-6359119,0.25
516360,B03-6359170,0.25
517114,B2009-4321689,0.5
517114,B1999-4525040,0.25
517114,B2001-4094638,0.25
517114,NL2009-1186579,0.5
517114,NL2007-1817923,0.25
517114,NL03-1135475,0.25
517183,CHN2013-26-198303,0.5
517183,DV2001-0709-724,0.25
517183,B2002-4159754,0.25
517183,CGN2008-26-190045,0.5
517183,NL1999-2240856,0.25
517183,CHN2005-26-009014,0.25
517758,B02-6183152,0.5
517758,B98-6427986,0.25
517758,B95-6372272,0.25
518900,B09-6222652,0.5
518900,B04-6277729,0.25
518900,B02-6106932,0.125
518900,B00-6243714,0.0625
518900,B00-6243597,0.0625
518900,B96-6600523,0.125
518900,B95-6427760,0.0625
518900,N92-6208105,0.0625
518900,B99-6143668,0.25
518900,B97-6569500,0.125
518900,B92-6673402,0.125
518901,B09-6222652,0.5
518901,B04-6277729,0.25
518901,B02-6106932,0.125
518901,B00-6243714,0.0625
518901,B00-6243597,0.0625
518901,B96-6600523,0.125
518901,B95-6427760,0.0625
518901,N92-6208105,0.0625
518901,B99-6143668,0.25
518901,B97-6569500,0.125
518901,B92-6673402,0.125
519222,B14-6095402,0.5
519222,B08-6064585,0.25
519222,B06-6053535,0.125
519222,B04-6036475,0.125
519222,B12-6315153,0.25
519222,B10-6031800,0.125
519222,B11-6115021,0.125
519222,B12-6315127,0.5
519222,B10-3169150,0.25
519222,BE05-3083812,0.125
519222,BE00-3272760,0.125
519222,B03-6257098,0.25
519223,B11-6102933,0.5
519223,B09-6109996,0.25
519223,B10-6291398,0.25
519223,B12-6315126,0.5
519438,B12-6196217,0.5
519438,B02-6258092,0.25
519438,B06-6173123,0.25
519441,B13-6026027,0.5
519441,B99-6407743,0.25
519441,B08-6174622,0.25
519441,B04-6374259,0.125
519441,B01-6401491,0.125
519442,B03-6226043,0.5
519442,B97-6362091,0.25
519442,B99-6151734,0.25
519629,B14-6195208,0.5
519629,B07-6125166,0.25
519629,B09-6080627,0.25
519629,B14-6195247,0.5
519629,B11-6110086,0.25
520159,BE10-6251602,0.5
520159,BE02-6315014,0.25
520159,BE05-6116222,0.25
520164,BE11-6108644,0.5
520164,BE05-6117670,0.25
520164,BE09-6075524,0.25
520164,BE03-6277636,0.125
520164,BE08-6173818,0.125
520175,BE11-6108679,0.5
520175,BE03-6277485,0.25
520175,BE06-6255037,0.25
520177,BE12-6157172,0.5
520177,BE02-6315014,0.25
520177,BE09-6076604,0.25
520188,BE09-6075506,0.5
520188,BE89-6413272,0.25
520188,BE00-6175825,0.25
520189,BE12-6157186,0.5
520189,BE02-6315014,0.25
520189,BE10-6251541,0.25
520204,BE08-6174934,0.5
520204,BE00-6175805,0.25
520204,BE03-6277483,0.25
520206,BE04-6472084,0.5
520206,BE91-6443972,0.25
520206,BE03-6277418,0.25
520209,BE10-6251468,0.5
520209,BE99-6438091,0.25
520209,BE06-6256241,0.25
520210,BE06-6255096,0.5
520210,BE04-6462534,0.25
520210,BE09-6075524,0.5
520210,BE03-6277636,0.25
520210,BE08-6173818,0.25
520211,BE04-6374206,0.5
520211,BE92-6452116,0.25
520211,BE97-6152347,0.25
520222,BE11-6108671,0.5
520222,BE99-6407743,0.25
520222,BE06-6255031,0.25
520223,BE10-6251515,0.5
520223,BE99-6407743,0.25
520223,BE05-6116232,0.25
52053,CHN05-16-048085,0.5
52054,B07-309,0.5
52054,B05-3105085,0.5
52054,B02-3056111,0.25
52054,B04-3104033,0.25
520697,B99-3285063,0.5
520697,B93-3050110,0.25
520697,B93-3050068,0.25
520697,B98-3158062,0.5
520731,BE06-6056106,0.5
520731,BE05-6198745,0.5
520742,B01-3031005,0.5
520742,B96-3156104,0.25
520742,B91-3204220,0.125
520742,B90-3119120,0.125
520742,B88-3206112,0.25
520742,B87-3008002,0.125
520742,B81-3238253,0.125
520770,BE01-6524809,0.5
520787,B06-6056117,0.5
520787,BE98-6589910,0.25
520787,BE98-6278036,0.25
520787,BE05-6450535,0.5
520790,BE00-6448062,0.5
520790,BE98-6278036,0.5
521982,B11-6119174,0.5
521982,B10-6031857,0.25
521982,B06-6210990,0.25
521982,B05-6337294,0.125
521982,B05-6337115,0.125
521983,B11-6119174,0.5
521983,B10-6031857,0.25
521983,B06-6210990,0.25
521983,B05-6337294,0.125
521983,B05-6337115,0.125
522332,BE12-6141779,0.5
522332,BE11-6239660,0.25
522332,BE10-6299501,0.25
522332,BE12-6157221,0.5
522332,BE08-6173836,0.25
522332,BE09-6075524,0.25
522332,BE03-6277636,0.125
522332,BE08-6173818,0.125
522333,BE12-6157199,0.5
522333,BE06-6255009,0.25
522333,BE10-6251601,0.25
522333,BE12-6157187,0.5
522333,BE02-6315014,0.25
522333,BE10-6251541,0.25
522338,BE12-6157117,0.5
522338,BE09-4164291,0.25
522338,BE09-6076604,0.25
522338,BE12-6157181,0.5
522338,BE02-6315014,0.25
522338,BE04-6472084,0.25
522338,BE91-6443972,0.125
522338,BE03-6277418,0.125
522339,BELG2008-6177699,0.5
522339,BELG2007-6033110,0.25
522339,BELG1998-6335690,0.25
522339,BELG2010-6163736,0.5
522339,BELG2007-6377967,0.25
522339,BELG2007-6320827,0.25
522347,DV09711-07-331,0.5
522347,BE97-5150636,0.25
522347,BE98-6523223,0.25
522347,BE09-6358797,0.5
522347,BE04-6307341,0.25
522347,BE03-6150214,0.125
522347,BE03-6257098,0.125
522347,BE97-6407575,0.0625
522347,BE95-6370004,0.03125
522347,BE97-6450252,0.03125
522347,BE98-6335690,0.3125
522347,BE96-6404318,0.15625
522347,BE92-6235626,0.15625
522512,BELG2009-6111546,0.5
522512,BELG2006-6034734,0.25
522512,BELG2012-6023210,0.5
522512,BELG2009-2035886,0.25
522512,BELG2010-6297742,0.25
522627,BELG2010-6031710,0.5
522627,BELG2007-6033018,0.25
522627,BELG2002-6183083,0.25
522627,BELG2006-6210990,0.5
522627,BELG2005-6337294,0.25
522627,BELG2005-6337115,0.25
522696,NL08-1368163,0.5
522696,NL07-1644108,0.25
522696,NL05-1210514,0.125
522696,NL01-1718265,0.125
522696,NL07-1644107,0.25
522696,NL01-1672053,0.125
522696,CHN09-01-891009,0.5
522696,BE05-6337096,0.25
522696,NL04-5430458,0.25
522772,NL09-1158962,0.5
522772,NL2004-2015021,0.25
522772,NL2004-2015110,0.25
522810,B2004-4349122,0.5
522810,B2004-4424698,0.5
522905,B12-6325638,0.5
522905,B11-6265585,0.25
522905,B05-6166202,0.125
522905,B05-6166013,0.125
522905,B06-6267022,0.25
522905,B97-6165830,0.125
522905,B04-6276330,0.375
522905,B09-6222624,0.5
522905,B02-6509064,0.25
522905,B98-6594049,0.125
522905,B94-6214211,0.125
522905,B81-6463237,0.0625
522905,B88-6318694,0.0625
522913,B09-5052387,0.5
522913,B06-4112378,0.25
522913,B99-5000704,0.25
522928,BE12-6157172,0.5
522928,BE02-6315014,0.25
522928,BE09-6076604,0.25
522929,BE12-6157101,0.5
522929,BE08-6259267,0.25
522929,BE10-6251654,0.25
522929,BE12-6157182,0.5
522929,BE08-6174835,0.25
522929,BE11-6108645,0.25
522930,BE12-6157147,0.5
522930,BE00-6175805,0.25
522930,BE03-6277483,0.25
522931,BE12-6155975,0.5
522931,BE02-6087804,0.25
522931,BE09-6226221,0.25
523023,B05-6341253,0.5
523023,B07-6385690,0.5
523027,B06-6035708,0.5
523027,B07-6385731,0.5
523029,B13-6095152,0.5
523029,B14-4000199,0.5
523090,NL07-3704851,0.5
523127,B02-6091418,0.5
523127,B01-6255055,0.25
523363,DV01769-08-162,0.5
523363,DV01769-06-20,0.25
523363,DV01769-02-638,0.25
523363,DV01769-97-27,0.125
523363,DV09341-98-770,0.125
523485,B11-6108728,0.5
523485,B02-6315014,0.25
523485,B03-6277483,0.25
523485,B00-61759805,0.125
523485,B00-6175870,0.125
523574,B00-4011501,0.5
524078,DV00824-10-845,0.5
524078,B96-6165098,0.25
524078,B05-6045481,0.25
524078,B00-6141430,0.1875
524078,B03-6192564,0.125
524078,B00-6549576,0.0625
524102,DV0135-11-151,0.5
524102,DV0135-10-544,0.25
524102,DV0135-10-800,0.25
524102,B2010-6358659,0.5
524102,B00-6440232,0.25
524102,B97-6210632,0.125
524102,B95-6303932,0.125
524102,B2007-6043921,0.25
524154,B00-4011501,0.5
524169,NL10-2024374,0.5
524169,NL05-1759008,0.25
524169,NL97-2019007,0.125
524169,NL97-2019010,0.125
524169,NL03-1533148,0.25
524169,NL99-1357025,0.125
524169,NL10-2024315,0.5
524169,NL05-1759070,0.25
524382,B03-4135793,0.5
524382,B97-4182175,0.25
524382,B98-4538833,0.25
524382,B01-4094638,0.5
524382,B99-4262223,0.25
525015,BE12-6155975,0.5
525015,BE02-6087804,0.25
525015,BE09-6226221,0.25
525017,BE12-6157165,0.5
525017,BE00-6175805,0.375
525017,BE06-6254023,0.25
525017,BE03-6277483,0.125
525018,BE12-6157106,0.5
525018,BE89-6413272,0.25
525018,BE00-6175870,0.25
525019,BE10-6251602,0.5
525019,BE02-6315014,0.25
525019,BE05-6116222,0.25
525023,BE12-6157156,0.5
525023,BE90-6328646,0.25
525023,BE06-6255090,0.25
525029,BE12-6157181,0.5
525029,BE02-6315014,0.25
525029,BE04-6472084,0.25
525029,BE91-6443972,0.125
525029,BE03-6277418,0.125
525030,BE12-6157139,0.5
525030,BE09-6356404,0.25
525030,BE05-6116222,0.25
525030,BE12-6157188,0.5
525030,BE00-6175805,0.25
525030,BE11-6108659,0.25
525031,BE11-6108679,0.5
525031,BE03-6277485,0.25
525031,BE06-6255037,0.25
525032,BE06-6255075,0.5
525032,BE95-6246028,0.25
525032,BE01-6401491,0.25
525032,BE92-6452116,0.125
525032,BE97-6152347,0.125
525034,BE12-6157195,0.5
525034,BE02-6315014,0.25
525034,BE11-6108649,0.25
525035,BE12-6157186,0.5
525035,BE02-6315014,0.25
525035,BE10-6251541,0.25
525037,BE06-6254023,0.5
525037,BE00-6175805,0.25
525037,BE03-6277483,0.25
525038,BE12-6157106,0.5
525038,BE89-6413272,0.25
525038,BE00-6175870,0.25
525040,BE11-6108686,0.5
525040,BE02-6315014,0.25
525040,BE10-6251525,0.25
525048,BE11-6108692,0.5
525048,BE90-6328646,0.25
525048,BE06-6255090,0.25
525057,BE12-6157121,0.5
525057,BE00-6175805,0.25
525057,BE03-6277483,0.25
525058,BE12-6157101,0.5
525058,BE08-6259267,0.25
525058,BE10-6251654,0.25
525058,BE12-6157182,0.5
525058,BE08-6174835,0.25
525058,BE11-6108645,0.25
525061,BE11-6108648,0.5
525061,BE02-6315014,0.25
525061,BE10-6251654,0.25
525064,BE12-6157208,0.5
525064,BE10-6251643,0.25
525064,BE03-6277483,0.25
525064,BE12-6157173,0.5
525064,BE02-6315014,0.25
525064,BE09-6076604,0.25
525065,BE12-6157130,0.5
525065,BE02-6315014,0.25
525065,BE10-6251618,0.25
525069,BE12-6157121,0.5
525069,BE00-6175805,0.25
525069,BE03-6277483,0.25
525074,BE03-6277405,0.5
525074,BE99-6407743,0.25
525074,BE97-6152347,0.25
525074,BE03-6277417,0.5
525074,BE88-6107727,0.25
525074,BE98-6216290,0.25
525077,BE08-6173230,0.5
525077,BE06-6255026,0.25
525077,BE04-6472084,0.25
525077,BE91-6443972,0.125
525077,BE03-6277418,0.125
525077,BE07-6022471,0.5
525077,BE00-6175805,0.25
525077,BE03-6277483,0.25
525087,BE10-6251602,0.5
525087,BE02-6315014,0.25
525087,BE05-6116222,0.25
525107,BE11-6108644,0.5
525107,BE05-6117670,0.25
525107,BE09-6075524,0.25
525107,BE03-6277636,0.125
525107,BE08-6173818,0.125
525110,BE11-6108692,0.5
525110,BE90-6328646,0.25
525110,BE06-6255090,0.25
525111,BE04-6374259,0.5
525111,BE02-6315041,0.25
525111,BE98-6216290,0.25
525111,BE01-6401491,0.5
525111,BE92-6452116,0.25
525111,BE97-6152347,0.25
525253,B07-4361085,0.5
525253,B06-4081816,0.25
525253,B01-4094638,0.25
525253,B99-4262223,0.125
525253,B99-3199708,0.5
525253,B95-3211364,0.25
525253,B91-3204047,0.25
525265,B10-3047071,0.5
525265,B07-4361085,0.25
525265,B06-4081816,0.125
525265,B01-4094638,0.125
525265,B99-4262223,0.0625
525265,B99-3199708,0.25
525265,B95-3211364,0.125
525265,B91-3204047,0.125
52557,CHN05-16-048085,0.5
526146,B07-3199957,0.5
526146,B01-3053364,0.25
526146,B05-4082656,0.25
526146,B02-3003538,0.5
526146,B96-4391939,0.25
526146,B94-3237043,0.25
526147,B2001-2343908,0.5
526147,B93-2034391,0.25
526147,B96-2224677,0.25
526147,B2002-2186629,0.5
526147,B95-2495412,0.25
526147,B90-2100457,0.125
526147,B91-1763303,0.125
526147,B98-6396513,0.25
526147,B90-6237578,0.125
526147,B94-6495228,0.125
526149,B94-6495178,0.5
526158,B05-6221127,0.5
526158,B93-6383612,0.25
526158,B95-6508036,0.25
526158,B03-6226043,0.5
526158,B97-6362091,0.25
526158,B99-6151734,0.25
526159,B06-6154422,0.5
526159,B93-5188111,0.25
526159,B94-6495178,0.25
526159,B07-6110353,0.5
526159,B97-6362091,0.25
526159,B99-6151734,0.25
526643,NL07-1936825,0.5
526643,NL01-0179465,0.25
526643,NL00-0077729,0.125
526643,NL93-1125375,0.125
526736,NL99-2388635,0.5
526736,NL98-1716251,0.25
526736,NL09-1231166,0.5
527398,B04-6468526,0.5
527398,B02-6091917,0.25
527398,B98-6590496,0.125
527398,B90-6277377,0.125
527398,B94-6214211,0.25
527398,B81-6463237,0.125
527398,B88-6318694,0.125
527398,B03-6266193,0.5
527398,B96-6307261,0.25
527398,B92-6074700,0.25
527399,B04-6468526,0.5
527399,B02-6091917,0.25
527399,B98-6590496,0.125
527399,B90-6277377,0.125
527399,B94-6214211,0.25
527399,B81-6463237,0.125
527399,B88-6318694,0.125
527399,B03-6266193,0.5
527399,B96-6307261,0.25
527399,B92-6074700,0.25
527924,BE09-4280758,0.5
527924,BE08-4281517,0.25
527924,BE08-4281576,0.25
527924,BE08-3035063,0.5
527924,BE03-6381698,0.25
527924,BE99-6340961,0.25
527981,BE03-6381698,0.5
527981,BE06-4377103,0.5
528031,NL05-0547397,0.5
528031,NL04-0428849,0.25
528031,NL03-0375941,0.5
528031,NL02-0271883,0.25
528031,NL99-9964496,0.125
528031,NL93-1125375,0.125
528031,NL94-9410369,0.25
528041,BE12-4176407,0.5
528041,NL13-1395635,0.5
528041,NL12-1783975,0.25
528056,NL07-1370822,0.5
528056,NL05-2453383,0.25
528056,NL00-1925122,0.25
528056,B04-6468295,0.5
528056,B98-6523289,0.25
528056,B95-6246005,0.25
528056,B90-6652120,0.125
528056,B93-6621023,0.125
528293,B08-2040296,0.5
528293,B04-5174902,0.25
528461,B06-6267274,0.5
528461,B00-6156426,0.25
528461,B98-6210169,0.25
528625,CHN2007-15-051311,0.5
528625,CHN2006-15-089230,0.5
529002,B08-3197988,0.5
529002,B06-2452361,0.25
529002,B05-3224593,0.25
529002,B06-3008003,0.5
529002,B00-3195099,0.25
529002,B95-3185530,0.125
529002,B93-3051184,0.125
529002,B98-3158062,0.25
529378,BE08-0060090,0.5
529378,BE07-6110335,0.25
529378,FR02-131140,0.25
529428,NL02-5251279,0.5
529428,NL97-2276709,0.25
529428,NL02-2283929,0.5
529428,NL97-2260275,0.25
529428,NL00-2466666,0.25
529584,BE12-9032110,0.5
529584,BE11-9065429,0.5
529584,BE09-6111726,0.25
529584,BE07-6033018,0.125
529584,BE04-6307210,0.0625
529584,BE99-6352928,0.03125
529584,BE04-6358919,0.03125
529584,BE98-6335690,0.0625
529584,BE96-6404318,0.03125
529584,BE92-6235626,0.03125
529584,BE02-6183083,0.125
529584,BE09-5110352,0.25
529584,BE06-5100977,0.125
529584,BE08-5068219,0.125
529586,DV2002-06720-537,0.5
529595,DV08-01769-1,0.5
529595,DV02-01769-638,0.5
529598,B08-3008202,0.5
529598,NL08-1798491,0.5
529603,BELG2010-2155227,0.5
529603,BELG2007-2162400,0.25
529603,BELG10-2155132,0.5
529604,B05-4045238,0.5
529604,B97-4237808,0.25
529604,B91-4261261,0.25
529604,B99-4393736,0.5
529604,B90-4002926,0.25
529604,B90-4002911,0.25
529605,BELG2006-4112210,0.5
529605,BELG1995-4192444,0.25
529605,BELG2005-4045267,0.5
529605,BELG2001-4383206,0.25
529605,BELG1991-4261261,0.25
529623,NL2004-4784444,0.5
529623,NL03-1731819,0.5
530202,NL2009-1375288,0.5
530202,NL05-1936558,0.25
530202,BE01-3266512,0.25
530382,BE10-4101312,0.5
530382,BE10-4326260,0.5
530382,BE05-4045252,0.25
530382,BE04-5065636,0.25
530424,DV2002-06720-537,0.5
530425,B10-5181728,0.5
530425,B07-5080547,0.5
530539,BE09-5052387,0.5
530539,BE06-4112378,0.25
530539,B03-4146313,0.125
530539,B00-4065892,0.125
530539,BE99-5000704,0.25
530539,BE95-4628426,0.125
530539,BE96-4603915,0.125
53105,NL95-5501199,0.5
53105,NL85-105259,0.25
53105,NL97-2253039,0.5
53105,B96-6286060,0.25
53105,NL92-5310320,0.25
531474,BE04-4433034,0.5
531474,BE99-4365011,0.25
531474,BE96-4391970,0.25
531474,BE04-5065642,0.5
531474,BE03-5241862,0.25
531474,B94-4407032,0.25
531566,B10-6166158,0.5
531566,B10-6166151,0.5
531566,B06-6154774,0.25
531566,B01-6153558,0.125
531566,B99-6151734,0.125
531566,B94-6495178,0.25
531624,BELG2010-4258192,0.5
531624,BELG1992-4144265,0.25
531624,BELG1992-4144252,0.25
531624,BELG2008-4270288,0.5
531624,BELG2002-4025206,0.25
531624,BELG2004-4231740,0.25
531661,B04-6467302,0.5
531661,B97-6270490,0.25
531661,B93-6681396,0.25
531661,B00-6548780,0.5
531661,B93-6491172,0.25
531661,B91-6685040,0.25
531684,BE09-6111726,0.5
531684,BE07-6033018,0.25
531684,BE04-6307210,0.125
531684,BE99-6352928,0.0625
531684,BE04-6358919,0.0625
531684,BE98-6335690,0.125
531684,BE96-6404318,0.0625
531684,BE92-6235626,0.0625
531684,BE02-6183083,0.25
531824,B06-2082203,0.5
532061,NL10-3052843,0.5
532061,NL03-1272740,0.25
532061,B09-4139557,0.25
532061,NL10-3052860,0.5
532061,NL03-1272712,0.25
532061,NL97-9779802,0.125
532061,NL94-9410369,0.125
532061,NL07-1841493,0.25
532061,NL06-1091797,0.125
532061,NL04-2075085,0.125
532112,B11-2178324,0.5
532112,B10-2148872,0.25
532112,B01-6455003,0.25
532112,B95-6302321,0.125
532112,B98-6160968,0.125
532112,NL07-1126882,0.5
532112,NL06-4281758,0.25
532112,NL06-4281744,0.25
53256,CHN32-2004-789851,0.5
53256,CHN32-2000-056843,0.5
532656,NL03-1147197,0.5
532656,NL96-5666044,0.25
532661,B10-6284915,0.5
532661,NL00-5150294,0.25
532661,NL05-5534849,0.25
532661,B11-6238509,0.5
532661,B05-6445580,0.25
532661,B06-6212441,0.25
532738,B09-3187452,0.5
532738,B06-3150932,0.5
533134,BE09-6103287,0.5
533134,BE04-6397101,0.25
533134,BE05-6284830,0.25
533134,BE09-6111718,0.5
533134,BE08-6259169,0.25
533134,BE05-6054214,0.125
533134,BE95-6278009,0.0625
533134,BE05-6054295,0.125
533134,BE98-6185637,0.0625
533134,BE02-6354241,0.0625
533134,BE94-6366938,0.03125
533134,BE98-6335690,0.25
533134,BE96-6404318,0.125
533134,BE92-6235626,0.125
533143,BE08-6259169,0.5
533143,BE05-6054214,0.25
533143,BE95-6278009,0.125
533143,BE05-6054295,0.25
533143,BE98-6185637,0.125
533143,BE02-6354241,0.125
533143,BE94-6366938,0.0625
533143,BE07-6033129,0.5
533143,BE04-6307210,0.25
533143,BE99-6352928,0.125
533143,BE04-6358919,0.125
533143,BE98-6335690,0.25
533143,BE96-6404318,0.125
533143,BE92-6235626,0.125
533350,B15-6202079,0.5
533350,B08-6173836,0.25
533350,B09-6251684,0.25
533350,B06-6210256,0.5
533350,B97-6466984,0.25
533350,B95-6246005,0.25
533350,B90-6652120,0.125
533350,B93-6621023,0.125
533414,BELG2003-4316043,0.5
533414,BELG1997-4263065,0.5
533957,NL2013-1255822,0.5
533957,NL2010-17006689,0.25
533957,NL06-1547278,0.125
534441,B07-2038199,0.5
534441,B98-2245478,0.25
534441,B04-2180228,0.25
534736,B00-5271057,0.5
534736,B93-5010010,0.25
534736,B93-5010004,0.25
534736,BE02-3025837,0.5
53511,NL99-1209826,0.5
53511,NL99-1209824,0.5
535366,B01-2294026,0.5
535366,B96-6335299,0.25
535366,B94-2118023,0.25
535366,B00-2574327,0.5
535366,B91-3210123,0.25
535366,B86-2553521,0.25
535371,B05-2142800,0.5
535371,B98-6084339,0.25
535371,B93-6057704,0.125
535371,B94-6081753,0.125
535371,B92-2198165,0.25
535371,B91-6437358,0.125
535371,B83-2350199,0.125
535371,B07-2090939,0.5
535371,B03-2242332,0.25
535371,B04-2202420,0.25
535856,NL98-1289176,0.5
535856,NL89-8933432,0.25
535856,NL87-8749925,0.25
535856,NL95-9510911,0.5
535856,NL81-8106420,0.25
535856,NL87-2174352,0.25
535857,NL93-2090474,0.5
535857,NL87-1453230,0.25
535857,NL82-8275300,0.25
535857,NL91-2302264,0.5
535857,NL87-8749908,0.25
535857,NL90-2603878,0.25
535989,DV51-12-479,0.5
535989,NL04-4147478,0.25
535989,DV51-11-689,0.25
535989,DV051-10-494,0.5
535989,B98-6239868,0.25
535989,B03-6427447,0.25
535991,DV3095-13-201,0.5
535991,NL08-5815333,0.25
535991,NL11-1068570,0.25
535991,DV051-12-498,0.5
535991,NL02-4164459,0.25
535991,NL07-2054958,0.25
535993,DV03145-09-2609,0.5
535993,DV07237-05-541,0.25
535993,DV07237-06-352,0.75
535993,DV02098-99-802,0.375
536319,B07-6363262,0.5
536319,B05-6453372,0.25
536319,B03-6086300,0.25
536320,B11-6240042,0.5
536320,B06-6210219,0.25
536320,B05-6336636,0.25
536320,B10-6297768,0.5
536320,B05-6045015,0.25
536321,B11-6240042,0.5
536321,B06-6210219,0.25
536321,B05-6336636,0.25
536321,B10-6297768,0.5
536321,B05-6045015,0.25
536322,B07-2090939,0.5
536322,B03-2242332,0.25
536322,B04-2202420,0.25
537354,DV04087-08-593,0.5
537354,DV09460-07-550,0.5
537374,CHN14-10-331713,0.5
537374,CHN09-10-247471,0.25
537374,B01-2137148,0.25
537374,B05-2142790,0.5
537389,C10-19-186391,0.5
537389,B05-6166095,0.5
537961,DV0989-08-346,0.5
537961,NL11-1506903,0.5
538130,B09-6248224,0.5
538130,B00-2350660,0.25
538130,B06-2105217,0.25
538132,BE12-6225603,0.5
538132,BE06-6035708,0.25
538132,BE07-6385731,0.25
538132,BE07-2089399,0.5
538132,BE95-2080125,0.25
538132,BE99-2021538,0.25
538419,BE09-6086602,0.5
538419,BE07-6356002,0.25
538419,BE07-6389100,0.25
538419,BE09-6086410,0.5
538419,BE06-6329251,0.25
538419,BE07-6389026,0.25
538573,B10-2045387,0.5
538573,B05-2142800,0.25
538573,B98-6084339,0.125
538573,B93-6057704,0.0625
538573,B94-6081753,0.0625
538573,B92-2198165,0.125
538573,B91-6437358,0.0625
538573,B83-2350199,0.0625
538573,B07-2055171,0.25
538573,B99-2036005,0.125
538573,B98-2061410,0.125
538573,B97-2076498,0.0625
538573,NL96-2477441,0.0625
538954,B09-3099297,0.5
538954,B07-3014789,0.25
538954,B04-3000159,0.25
538954,B10-4039081,0.5
538954,B06-4238678,0.25
538954,B04-4427498,0.25
539241,POR10-373500,0.5
539241,POR07-7144573,0.25
539241,B04-6468678,0.25
539241,POR13-3102115,0.5
539241,NL07-1374803,0.25
539241,POR03-3699616,0.25
539247,B11-2101195,0.5
539247,B08-2239338,0.25
540391,B12-6320806,0.5
540391,B03-6277483,0.25
540391,B00-61759805,0.125
540391,B00-6175870,0.125
540398,B14-6240781,0.5
540398,B04-6472084,0.25
540398,B01-6380175,0.125
540398,B03-6277418,0.125
540398,B02-6315014,0.0625
540398,B98-6216290,0.0625
541113,BE97-6407575,0.5
541113,BE95-6370004,0.25
541113,BE97-6450252,0.25
541113,BE98-6335690,0.5
541113,BE96-6404318,0.25
541113,BE92-6235626,0.25
541190,B07-3001221,0.5
541190,B01-3031001,0.5
541191,NL07-2007848,0.5
541191,NL07-2007621,0.5
541191,NL05-1936558,0.25
541191,B01-3266512,0.25
541315,B06-3148497,0.5
541386,B04-3099020,0.5
541386,BO4-3099022,0.5
541388,B06-3005798,0.5
541388,B06-2082189,0.5
541390,B06-3005798,0.5
541390,B06-2082189,0.5
541394,B05-5201296,0.5
541394,B03-3131084,0.5
541398,B05-3141541,0.5
541398,B99-3020065,0.5
541398,B95-3336674,0.25
541398,B92-3138672,0.125
541398,B89-3160827,0.125
541398,B92-3138647,0.25
541398,B87-3089349,0.125
541398,B88-3307763,0.125
54146,NL2008-1537225,0.5
54146,NL2001-1886692,0.375
54146,NL2002-1635193,0.25
54146,NL1993-2696113,0.125
54146,NL2005-1441789,0.5
54146,NL1999-2411769,0.25
54146,NL1999-2411761,0.25
54148,CHN2016-03-0900833,0.5
54148,NL2010-1681876,0.25
54148,NL2009-1186097,0.125
54148,NL2006-4720774,0.125
54148,NL2000-5063949,0.09375
54148,NL2004-5430805,0.0625
54148,NL2000-1975952,0.125
54148,NL2003-1135371,0.125
54148,NL1996-2279515,0.0625
54148,NL2001-1886591,0.0625
54148,CHN2015-03-0887777,0.25
54148,NL2007-1129401,0.125
54148,NL2002-2173592,0.0625
54148,NL1998-5821416,0.03125
54148,NL1997-5700531,0.0625
54148,NL1996-1434375,0.03125
54148,NL1987-1055610,0.03125
54148,B2008-6340442,0.125
54148,CHN2015-03-0886687,0.5
54148,NL2009-1186007,0.25
54148,NL2007-1817993,0.125
54148,NL2007-6229191,0.125
54148,NL2010-1681855,0.25
54148,NL2008-1537203,0.125
54148,NL2007-1817852,0.0625
54148,NL2007-1817880,0.0625
54148,NL2009-1186402,0.125
54148,NL2004-2050252,0.0625
54148,NL2001-1886550,0.0625
541562,NL05-1927309,0.5
541562,NL01-1123532,0.5
541564,NL03-4772307,0.5
541564,NL03-4772308,0.5
542070,CHN2001-26-000619,0.5
542070,B88-6603937,0.25
542070,B91-6227403,0.25
542070,CHN2006-26-113798,0.5
542073,CHN2006-26-113798,0.5
542075,CHN2001-26-000619,0.5
542075,B88-6603937,0.25
542075,B91-6227403,0.25
542075,CHN2006-26-113798,0.5
542581,BE07-6229097,0.5
542581,BE02-6354241,0.25
542581,BE94-6366938,0.125
542581,BE08-6259037,0.5
543293,B06-2129166,0.5
543293,B99-2250643,0.25
543293,B04-2234898,0.25
543293,B01-2204103,0.5
543293,B93-6158625,0.25
543293,B97-2288462,0.25
543404,NL04-2061561,0.5
543404,NL98-1358677,0.25
543404,NL99-5957358,0.25
543405,NL2005-1405217,0.5
543405,NL2000-2469540,0.25
543405,NL2000-5054778,0.25
543405,NL04-2169889,0.5
543405,NL01-5150561,0.25
543405,NL99-5957358,0.25
543406,BE11-6177155,0.5
543406,BE14-6168603,0.5
543411,BE08-6259130,0.5
543411,BE02-6354241,0.25
543411,BE94-6366938,0.125
543411,BE07-6229144,0.5
543411,BE03-6460062,0.25
543411,BE00-6301617,0.125
543411,BE94-6366891,0.125
543860,B00-6190647,0.5
543860,B99-6493886,0.25
543860,B95-6637863,0.25
543992,B10-6031970,0.5
543992,B06-6034734,0.25
543992,B02-2072711,0.125
543992,B99-6517591,0.125
543992,B03-6257240,0.25
543992,B97-6407575,0.125
543992,B98-6335690,0.125
544110,NL01-1135400,0.5
544110,B01-6041448,0.5
544187,NL10-5020901,0.5
544187,B05-5220492,0.25
544187,NL12-1946083,0.5
544187,NL10-5020900,0.25
544187,B10-5181729,0.25
544555,NL01-1135414,0.5
544555,NL92-2048193,0.25
544555,NL97-2252958,0.25
544555,NL99-4708289,0.5
544555,NL97-2252940,0.25
544555,NL96-8022870,0.125
544555,NL92-53103641995,0.125
544555,NL97-2253103,0.25
544555,B96-6286060,0.125
544555,NL88-2763998,0.125
544684,CHN2013-01-850570,0.5
544684,CHN2009-01-803711,0.25
544684,CHN2011-01-469806,0.25
544684,NL2012-1618947,0.5
544684,NL2009-1904568,0.25
544684,NL2009-1186402,0.25
544684,NL2004-2050252,0.125
544684,NL2001-1886550,0.125
545788,B10-6166308,0.5
545788,B06-6154559,0.25
545788,B06-6154676,0.25
545788,B08-6245182,0.5
545788,B93-5188111,0.25
545788,B94-6495178,0.25
547127,B06-6255096,0.5
547127,B03-6277418,0.25
547127,B02-6315014,0.125
547127,B98-6216290,0.125
547127,B09-6075524,0.5
547127,B08-6173818,0.25
548200,B93-6501201,0.5
548202,B93-6501202,0.5
548202,B81-6600376,0.25
548202,B84-6698864,0.25
548219,B05-6221065,0.5
548219,B01-6153998,0.25
548219,B03-6226043,0.25
548219,B97-6362091,0.125
548219,B99-6151734,0.125
548219,B02-4479161,0.5
548219,B95-4148210,0.25
548219,B97-4263065,0.25
548502,CHN2008-01-968609,0.5
548502,B2003-5071602,0.25
548502,B1997-5166412,0.125
548502,B2001-5010172,0.125
548502,B1998-2398266,0.25
548502,B1994-5314930,0.125
548502,B1991-5248546,0.0625
548502,B1991-5248516,0.0625
548502,B1995-2363122,0.125
548502,B1990-2523263,0.0625
548502,B1987-3190166,0.0625
548502,CHN2009-01-803710,0.5
548502,B2001-6234954,0.25
548502,B1998-6484219,0.125
548502,B1990-6088614,0.125
548502,B1996-6335231,0.25
548502,B1991-6445551,0.125
548502,B1990-6531177,0.0625
548502,B1989-6366084,0.0625
548502,B1994-6086120,0.125
548502,B1992-6542371,0.0625
548502,B1992-6542479,0.0625
548503,CHN2010-01-968028,0.5
548503,B2002-4478706,0.25
548503,B2000-4065833,0.125
548503,B1996-4391982,0.0625
548503,B1998-4184899,0.0625
548503,B1999-4393573,0.125
548503,B1996-4391925,0.0625
548503,B1991-4261261,0.0625
548503,CHN1998-01-028823,0.25
548503,CHN2008-01-968506,0.5
548503,B2003-5071602,0.25
548503,B1997-5166412,0.125
548503,B2001-5010172,0.125
548503,B1995-5111447,0.25
548505,CHN2014-01-1282219,0.5
548505,B2005-6336371,0.25
548505,B2002-2265327,0.125
548505,B2000-2352576,0.0625
548505,B2000-2352590,0.0625
548505,B1999-6340916,0.125
548505,B1994-6142774,0.0625
548505,B1994-6633774,0.0625
548505,B2007-5067344,0.25
548505,B2000-4065880,0.125
548505,B1998-4184729,0.0625
548505,B1998-3024841,0.0625
548505,B2001-6182211,0.125
548505,B1998-5296409,0.0625
548505,B1997-6523459,0.0625
548505,CHN2013-01-850541,0.5
548505,CHN2011-01-469910,0.25
548505,CHN2002-01-477844,0.125
548505,B1998-2398266,0.125
548505,B1994-5314930,0.0625
548505,B1991-5248546,0.03125
548505,B1991-5248516,0.03125
548505,B1995-2363122,0.0625
548505,B1990-2523263,0.03125
548505,B1987-3190166,0.03125
548505,CHN2010-01-968024,0.25
548505,B2002-2315943,0.125
548505,B2000-2376057,0.0625
548505,B1999-2017712,0.0625
548505,B2003-4133532,0.125
548505,B1998-4197168,0.0625
548505,B1996-4171703,0.03125
548505,B1989-4288521,0.03125
548505,B1995-4440907,0.0625
548505,B1990-4319953,0.03125
548505,B1988-4243575,0.03125
548506,CHN2012-01-1002620,0.5
548506,B2003-2120191,0.25
548506,B1998-4185270,0.125
548506,B1997-4263054,0.0625
548506,B1991-4560548,0.0625
548506,B1993-4429362,0.125
548506,B1990-4208471,0.0625
548506,B1989-4139920,0.0625
548506,B1998-2398266,0.25
548506,B1994-5314930,0.125
548506,B1991-5248546,0.0625
548506,B1991-5248516,0.0625
548506,B1995-2363122,0.125
548506,B1990-2523263,0.0625
548506,B1987-3190166,0.0625
548506,CHN2010-01-968022,0.5
548506,B2002-2315943,0.25
548506,B2000-2376057,0.125
548506,B1999-2017712,0.125
548506,B2003-4133532,0.25
548506,B1998-4197168,0.125
548506,B1996-4171703,0.0625
548506,B1989-4288521,0.0625
548506,B1995-4440907,0.125
548506,B1990-4319953,0.0625
548506,B1988-4243575,0.0625
548507,CHN2014-01-00694,0.5
548507,CHN2008-01-968609,0.25
548507,B2003-5071602,0.25
548507,B1997-5166412,0.125
548507,B2001-5010172,0.125
548507,B1998-2398266,0.125
548507,B1994-5314930,0.0625
548507,B1991-5248546,0.03125
548507,B1991-5248516,0.03125
548507,B1995-2363122,0.0625
548507,B1990-2523263,0.03125
548507,B1987-3190166,0.03125
548507,CHN2009-01-803710,0.25
548507,B2001-6234954,0.125
548507,B1998-6484219,0.0625
548507,B1990-6088614,0.0625
548507,B1996-6335231,0.125
548507,B1991-6445551,0.0625
548507,B1990-6531177,0.03125
548507,B1989-6366084,0.03125
548507,B1994-6086120,0.0625
548507,B1992-6542371,0.03125
548507,B1992-6542479,0.03125
548507,CHN2014-01-04477,0.5
548507,CHN2010-01-968028,0.25
548507,B2002-4478706,0.125
548507,B2000-4065833,0.0625
548507,B1996-4391982,0.03125
548507,B1998-4184899,0.03125
548507,B1999-4393573,0.0625
548507,B1996-4391925,0.03125
548507,B1991-4261261,0.03125
548507,CHN1998-01-028823,0.125
548507,CHN2008-01-968506,0.25
548507,B1995-5111447,0.125
548510,CHN2011-01-061804,0.5
548510,B2009-3181839,0.25
548510,CHN2009-01-803778,0.25
548510,CHN2012-01-1002607,0.5
548510,CHN2002-01-477844,0.25
548510,CHN2002-09-011924,0.25
548512,CHN2013-01-089986,0.5
548512,CHN2011-01-469855,0.25
548512,CHN2008-01-968609,0.125
548512,B2003-5071602,0.1875
548512,B1997-5166412,0.09375
548512,B2001-5010172,0.09375
548512,B1998-2398266,0.125
548512,B1994-5314930,0.0625
548512,B1991-5248546,0.03125
548512,B1991-5248516,0.03125
548512,B1995-2363122,0.0625
548512,B1990-2523263,0.03125
548512,B1987-3190166,0.03125
548512,CHN2007-01-480762,0.125
548512,CHN2011-01-469262,0.25
548512,CHN2009-01-803709,0.125
548512,CHN2009-01-222586,0.125
548512,CHN2006-01-020578,0.0625
548512,CHN2010-01-281310,0.5
548512,CHN2005-01-502380,0.25
548512,B2007-5067344,0.25
548512,B2000-4065880,0.125
548512,B1998-4184729,0.0625
548512,B1998-3024841,0.0625
548512,B2001-6182211,0.125
548512,B1998-5296409,0.0625
548512,B1997-6523459,0.0625
548515,CHN2009-01-981112,0.5
548515,CHN2005-01-502380,0.25
548515,B2007-5067344,0.75
548515,B2000-4065880,0.375
548515,B1998-4184729,0.1875
548515,B1998-3024841,0.1875
548515,B2001-6182211,0.375
548515,B1998-5296409,0.1875
548515,B1997-6523459,0.1875
548518,CHN2009-01-981112,0.5
548518,CHN2005-01-502380,0.25
548518,B2007-5067344,0.75
548518,B2000-4065880,0.375
548518,B1998-4184729,0.1875
548518,B1998-3024841,0.1875
548518,B2001-6182211,0.375
548518,B1998-5296409,0.1875
548518,B1997-6523459,0.1875
548519,CHN2009-01-981112,0.5
548519,CHN2005-01-502380,0.25
548519,B2007-5067344,0.75
548519,B2000-4065880,0.375
548519,B1998-4184729,0.1875
548519,B1998-3024841,0.1875
548519,B2001-6182211,0.375
548519,B1998-5296409,0.1875
548519,B1997-6523459,0.1875
548532,B1994-5314930,0.5
548532,B1991-5248546,0.25
548532,B1991-5248516,0.25
548532,B1995-2363122,0.5
548532,B1990-2523263,0.25
548532,B1987-3190166,0.25
548533,B1999-4365061,0.5
548533,B1994-4438205,0.25
548533,B1993-4392044,0.25
548533,B2002-4333378,0.5
548533,B2001-4489665,0.25
548533,B2000-4065805,0.125
548533,B1999-4393519,0.125
548533,B2000-4065848,0.25
548533,B1993-4429368,0.125
548533,B1991-4560548,0.125
548534,B2000-4065880,0.5
548534,B1998-4184729,0.25
548534,B1998-3024841,0.25
548534,B2001-6182211,0.5
548534,B1998-5296409,0.25
548534,B1997-6523459,0.25
548535,B1998-4197168,0.5
548535,B1996-4171703,0.25
548535,B1989-4288521,0.25
548535,B1995-4440907,0.5
548535,B1990-4319953,0.25
548535,B1988-4243575,0.25
548536,NL2004-1759599,0.5
548536,NL1996-1698968,0.25
548536,NL1999-2010404,0.25
548536,NL2004-1759517,0.5
548536,NL1998-2379702,0.25
548536,NL2003-2123502,0.25
549020,DV01769-97-27,0.5
549020,DV09341-98-770,0.5
549021,DV01769-97-27,0.5
549021,DV09341-98-770,0.5
549534,C10-19-147062,0.5
549534,C15-19-0322529,0.5
549560,B10-3179392,0.5
549560,B00-3076246,0.5
549560,B96-3156104,0.25
549560,B91-3204220,0.125
549560,B90-3119120,0.125
549560,B88-3206112,0.25
549560,B87-3008002,0.125
549560,B81-3238253,0.125
549561,B10-3179392,0.5
549561,B00-3076246,0.5
549561,B96-3156104,0.25
549561,B91-3204220,0.125
549561,B90-3119120,0.125
549561,B88-3206112,0.25
549561,B87-3008002,0.125
549561,B81-3238253,0.125
549901,NL14-1934217,0.5
549901,B11-3028684,0.5
549901,B09-6111718,0.25
549902,NL15-1111062,0.5
549902,B14-6305706,0.5
549902,B13-6075898,0.25
549902,B11-6091894,0.25
549902,B06-6410620,0.125
549902,B02-6113220,0.125
549902,B00-6440232,0.0625
549902,B97-6210632,0.03125
549902,B95-6303932,0.03125
549902,B00-6141444,0.0625
550210,B02-6080969,0.5
550210,B99-2434268,0.25
550482,T05-105909,0.5
550482,NL94-7070532,0.75
550482,NL98-9835817,0.5
550482,NL92-9207628,0.25
550482,NL04-2246579,0.5
551876,NL06-1833919,0.5
551876,NL99-1853915,0.5
553446,B01-2137266,0.5
553446,B99-2036304,0.5
553446,B99-2036373,0.25
553446,B94-2061168,0.125
553446,B90-2255300,0.125
553446,B90-2553359,0.25
553446,B87-4021090,0.125
553446,B83-2350199,0.125
553514,B09-4331591,0.5
553514,B07-4081998,0.25
553514,B01-4094638,0.25
553514,B99-4262223,0.125
553514,B04-3231000,0.5
553514,B02-3003668,0.25
553514,B94-2401842,0.125
553514,B97-3157176,0.125
553514,B77-3064419,0.0625
553514,B91-3204047,0.0625
553514,B98-3158062,0.25
553516,B11-4245840,0.5
553516,B03-6381698,0.25
553516,B01-6370331,0.125
553516,B06-4352097,0.25
553586,NL09-1438887,0.5
553586,NL01-2316376,0.25
553586,NL97-2005463,0.25
553586,B12-6053174,0.5
553586,B08-6078876,0.25
553586,B04-6293507,0.25
553652,C13-19-265829,0.5
553652,C15-19-0322535,0.5
555610,B10-3047217,0.5
555610,B04-3230881,0.25
555610,B02-3255937,0.25
555613,B09-3095085,0.5
555613,B02-3003668,0.25
555613,B94-2401842,0.125
555613,B97-3157176,0.125
555613,B77-3064419,0.0625
555613,B91-3204047,0.0625
555613,B02-3255937,0.25
555616,B11-4245840,0.5
555616,B03-6381698,0.25
555616,B01-6370331,0.125
555616,B06-4352097,0.25
555617,B05-6234189,0.5
555617,B00-6249019,0.25
555617,B03-6287064,0.25
555618,B11-6332492,0.5
555618,B03-6277418,0.25
555618,B02-6315014,0.125
555618,B98-6216290,0.125
555618,B12-6026513,0.5
555618,B10-6346674,0.25
555618,B06-6270462,0.25
555619,B10-6052591,0.5
555619,B07-6221050,0.25
555619,BE97-6145282,0.125
555619,B01-6387351,0.125
555619,B08-6174622,0.5
555619,B04-6374259,0.25
555619,B01-6401491,0.25
555621,B10-6052442,0.5
555621,B06-6411619,0.25
555621,B02-00825433,0.125
555621,B01-6387350,0.125
555621,B98-6350130,0.0625
555621,B99-6448053,0.0625
555621,B01-6387174,0.25
555621,B97-6597293,0.125
555621,B00-6249328,0.125
555621,B07-6221550,0.5
555622,B10-6052381,0.5
555622,B07-6221588,0.25
555622,B10-6251600,0.5
555622,B08-6144005,0.25
555622,B03-6277418,0.25
555622,B02-6315014,0.125
555622,B98-6216290,0.125
555627,B10-6052293,0.5
555627,B06-6270117,0.25
555627,B08-6174630,0.25
555627,B05-6116293,0.125
555627,B03-6277483,0.125
555627,B00-61759805,0.0625
555627,B00-6175870,0.0625
555628,B11-6282019,0.5
555628,B05-6234001,0.25
555628,B07-6221452,0.25
555631,B09-6222624,0.5
555631,B02-6509064,0.25
555631,B98-6594049,0.125
555631,B94-6214211,0.125
555631,B81-6463237,0.0625
555631,B88-6318694,0.0625
555631,B04-6276330,0.25
555634,B09-6222652,0.5
555634,B04-6277729,0.25
555634,B02-6106932,0.125
555634,B00-6243714,0.0625
555634,B00-6243597,0.0625
555634,B96-6600523,0.125
555634,B95-6427760,0.0625
555634,N92-6208105,0.0625
555634,B99-6143668,0.25
555634,B97-6569500,0.125
555634,B92-6673402,0.125
555635,B10-6038377,0.5
555638,B09-6080665,0.5
555639,B06-6295728,0.5
555639,B99-3085120,0.25
555639,B99-6030606,0.25
555639,B12-6125535,0.5
555639,B08-6098287,0.25
555639,B10-6154931,0.25
555640,B13-6090760,0.5
555640,B09-6080678,0.25
555640,B08-6098445,0.25
555640,B13-6090706,0.5
555640,B10-6154901,0.25
555655,B13-6090708,0.5
555655,B06-6414596,0.25
555655,B09-6080690,0.25
555655,B13-6090704,0.5
555655,B09-6080678,0.25
555655,B08-6098445,0.25
555656,B13-6090708,0.5
555656,B06-6414596,0.25
555656,B09-6080690,0.25
555656,B13-6090704,0.5
555656,B09-6080678,0.25
555656,B08-6098445,0.25
555657,B12-6125537,0.5
555657,B11-6110093,0.5
555657,B09-6080678,0.25
555657,B08-6098445,0.25
555658,B10-6154912,0.5
555658,B08-6098404,0.25
555658,B04-6294688,0.25
555658,B13-6090768,0.5
555658,B10-6154908,0.25
555658,B09-6080627,0.25
555660,B08-3088877,0.5
555660,B02-3020638,0.25
555660,B03-3114102,0.25
555660,B00-3120985,0.5
555660,B04-3230751,0.25
555660,B03-3114300,0.25
555661,B09-3099294,0.5
555661,B05-4344619,0.25
555661,B03-3114300,0.25
555661,B10-4284674,0.5
555661,B04-4391334,0.25
555661,B05-4344528,0.25
555663,B09-3099297,0.5
555663,B07-3014789,0.25
555663,B04-3000159,0.25
555663,B10-4039081,0.5
555663,B06-4238678,0.25
555663,B04-4427498,0.25
555844,CHN15-03-1307231,0.5
555844,CHN13-26-028822,0.25
555844,B13-3160860,0.25
555844,B06-3008003,0.125
555844,B00-3195099,0.0625
555844,B95-3185530,0.03125
555844,B93-3051184,0.03125
555844,B98-3158062,0.0625
555844,BELG2012-6307262,0.5
556000,B04-6095755,0.5
556000,B97-6390083,0.25
556000,B95-6246005,0.5
556000,B90-6652120,0.25
556000,B93-6621023,0.25
556000,B02-6508543,0.5
556000,B96-6286052,0.25
556000,B89-6202092,0.125
556000,B88-6240603,0.125
556002,B06-6210005,0.5
556002,B97-6466984,0.25
556002,B95-6246005,0.5
556002,B90-6652120,0.25
556002,B93-6621023,0.25
556002,B02-6508543,0.5
556002,B96-6286052,0.25
556002,B89-6202092,0.125
556002,B88-6240603,0.125
556005,B06-6210005,0.5
556005,B97-6466984,0.25
556005,B95-6246005,0.5
556005,B90-6652120,0.25
556005,B93-6621023,0.25
556005,B03-6086005,0.5
556005,B02-6183649,0.25
556418,B2006-6270104,0.5
556419,B2006-6270104,0.5
556420,B2006-6270104,0.5
556421,B2006-6270104,0.5
556422,B2006-6270104,0.5
556423,B2006-6270104,0.5
556430,B2006-6270104,0.5
556432,B2006-6270104,0.5
556434,B2006-6270104,0.5
557466,B04-2018501,0.5
557466,B03-2001819,0.25
557466,B98-2436672,0.25
557466,B93-5288924,0.125
557466,B91-5268690,0.125
557466,B05-2046441,0.5
557466,B95-5084577,0.25
557466,B96-6515027,0.25
557466,B81-6688022,0.125
557466,B85-6580715,0.125
557653,BELG2004-3230875,0.5
557653,BELG2003-6381698,0.25
557735,DV01769-08-162,0.5
557735,DV01769-06-20,0.25
557735,DV01769-02-638,0.25
557735,DV01769-97-27,0.125
557735,DV09341-98-770,0.125
55778,NL99-1254938,0.5
55778,NL94-1863647,0.25
55778,NL92-1670798,0.25
55778,B96-6598538,0.5
55778,B93-6440401,0.25
55778,B93-6440337,0.25
558175,NL10-5011883,0.5
558175,NL04-2031763,0.25
558175,NL00-4728193,0.25
558175,NL03-5343044,0.5
558175,NL98-1933549,0.25
558175,NL92-2049859,0.25
558381,NL07-2007740,0.5
558381,NL06-1267007,0.25
558381,NL07-2007621,0.5
558381,NL05-1936558,0.25
558381,B01-3266512,0.25
558391,NL06-1444221,0.5
558391,NL04-1226069,0.25
558391,NL04-1226133,0.25
558391,NL10-2014748,0.5
558391,NL06-1588476,0.25
558391,NL06-1588939,0.25
558394,NL08-1897071,0.5
558394,NL06-1444186,0.25
558394,NL06-1444183,0.25
558394,NL08-1897107,0.5
558394,NL08-1226020,0.25
558394,NL04-1226133,0.25
558542,B08-6314622,0.5
558542,B06-6267044,0.25
558542,B01-6516466,0.25
558572,B00-2117363,0.625
558572,B10-2045207,0.3125
558572,B07-2055171,0.15625
558572,B99-2036005,0.078125
558572,B98-2061410,0.078125
558572,B97-2076498,0.03125
558572,NL96-2477441,0.03125
558572,B01-1439889,0.3125
558572,B88-2563607,0.15625
558572,B93-1979344,0.15625
558572,B10-2045214,0.5
558572,B04-2294930,0.25
558572,B97-2076286,0.125
558572,B92-6337535,0.125
558572,B06-2082239,0.25
558572,B94-2061350,0.125
558573,B00-2117363,0.625
558573,B10-2045207,0.3125
558573,B07-2055171,0.15625
558573,B99-2036005,0.078125
558573,B98-2061410,0.078125
558573,B97-2076498,0.03125
558573,NL96-2477441,0.03125
558573,B01-1439889,0.3125
558573,B88-2563607,0.15625
558573,B93-1979344,0.15625
558573,B10-2045214,0.5
558573,B04-2294930,0.25
558573,B97-2076286,0.125
558573,B92-6337535,0.125
558573,B06-2082239,0.25
558573,B94-2061350,0.125
558574,B00-2117363,0.625
558574,B10-2045207,0.3125
558574,B07-2055171,0.15625
558574,B99-2036005,0.078125
558574,B98-2061410,0.078125
558574,B97-2076498,0.03125
558574,NL96-2477441,0.03125
558574,B01-1439889,0.3125
558574,B88-2563607,0.15625
558574,B93-1979344,0.15625
558574,B10-2045214,0.5
558574,B04-2294930,0.25
558574,B97-2076286,0.125
558574,B92-6337535,0.125
558574,B06-2082239,0.25
558574,B94-2061350,0.125
558575,B00-2117363,0.625
558575,B10-2045207,0.3125
558575,B07-2055171,0.15625
558575,B99-2036005,0.078125
558575,B98-2061410,0.078125
558575,B97-2076498,0.03125
558575,NL96-2477441,0.03125
558575,B01-1439889,0.3125
558575,B88-2563607,0.15625
558575,B93-1979344,0.15625
558575,B10-2045214,0.5
558575,B04-2294930,0.25
558575,B97-2076286,0.125
558575,B92-6337535,0.125
558575,B06-2082239,0.25
558575,B94-2061350,0.125
558576,B05-2142800,0.5
558576,B98-6084339,0.25
558576,B93-6057704,0.125
558576,B94-6081753,0.125
558576,B92-2198165,0.25
558576,B91-6437358,0.125
558576,B83-2350199,0.1875
558576,B11-2083301,0.5
558576,B87-4021090,0.4375
558576,B01-2137150,0.25
558576,B90-2553359,0.125
558577,B05-2142800,0.5
558577,B98-6084339,0.25
558577,B93-6057704,0.125
558577,B94-6081753,0.125
558577,B92-2198165,0.25
558577,B91-6437358,0.125
558577,B83-2350199,0.1875
558577,B11-2083301,0.5
558577,B87-4021090,0.4375
558577,B01-2137150,0.25
558577,B90-2553359,0.125
558578,B05-2142800,0.5
558578,B98-6084339,0.25
558578,B93-6057704,0.125
558578,B94-6081753,0.125
558578,B92-2198165,0.25
558578,B91-6437358,0.125
558578,B83-2350199,0.1875
558578,B11-2083301,0.5
558578,B87-4021090,0.4375
558578,B01-2137150,0.25
558578,B90-2553359,0.125
558580,B05-2142800,0.5
558580,B98-6084339,0.25
558580,B93-6057704,0.125
558580,B94-6081753,0.125
558580,B92-2198165,0.25
558580,B91-6437358,0.125
558580,B83-2350199,0.1875
558580,B11-2083301,0.5
558580,B87-4021090,0.4375
558580,B01-2137150,0.25
558580,B90-2553359,0.125
55948,B94-6668861,0.5
55948,B87-6337115,0.25
55948,B93-6440306,0.25
55948,B97-6592452,0.5
55948,B93-6440308,0.25
55948,B89-6150123,0.25
55949,B94-6261321,0.5
55949,B93-6440307,0.25
55949,B92-6162729,0.25
55949,B96-6598548,0.5
55949,B89-6150123,0.25
55951,CC98-110129,0.5
55951,B92-2526241,0.25
55951,TW96-313511,0.25
55951,GL96-0236,0.5
55951,TW94-111245,0.25
55951,B89-6727915,0.25
55953,TW93-238804,0.5
55953,B86-9122830,0.25
55953,NL88-2692608,0.25
55953,TW93-103725,0.5
55953,B82-5000628,0.25
55953,NL82-1325105,0.25
55954,NL2002-1739739,0.5
55954,BELG2001-5025988,0.25
55954,NL96-5660145,0.25
55956,B94-5328517,0.5
55956,B98-2425539,0.5
55956,B85-6580826,0.25
55956,D03661-94-100,0.25
559649,B05-2142800,0.5
559649,B98-6084339,0.25
559649,B93-6057704,0.125
559649,B94-6081753,0.125
559649,B92-2198165,0.25
559649,B91-6437358,0.125
559649,B83-2350199,0.25
559649,B01-2137150,0.5
559649,B87-4021090,0.375
559649,B90-2553359,0.25
559653,B05-2142800,0.5
559653,B98-6084339,0.25
559653,B93-6057704,0.125
559653,B94-6081753,0.125
559653,B92-2198165,0.25
559653,B91-6437358,0.125
559653,B83-2350199,0.25
559653,B01-2137150,0.5
559653,B87-4021090,0.375
559653,B90-2553359,0.25
55972,C06-01-120587,0.5
55972,C00-10-020248,0.25
55972,C00-10-020260,0.25
55972,CHN05-15-089772,0.5
55972,C02-15-320963,0.25
55972,C02-15-320972,0.25
559956,BE05-6176134,0.5
559956,BE03-6357007,0.25
559956,BE01-63451012001,0.25
559956,BE03-6257134,0.5
559956,BE01-769000275,0.25
559956,BE01-6345099,0.25
56042,NL97-1908675,0.5
56042,NL93-0053334,0.25
56042,NL89-1836402,0.25
56042,NL02-1949963,0.5
56042,NL94-1861249,0.25
56042,NL92-1670798,0.25
56048,NL99-1255049,0.5
56048,NL93-1391186,0.25
56048,NL92-1670775,0.25
56048,NL99-1255648,0.5
56048,NL91-2718756,0.25
56048,B96-6598538,0.25
56048,B93-6440401,0.125
56048,B93-6440337,0.125
56050,NL00-2327400,0.5
56050,NL90-1255428,0.25
56050,B96-6598538,0.25
56050,B93-6440401,0.125
56050,B93-6440337,0.125
56050,NL02-1949950,0.5
56050,NL94-1863647,0.25
56050,NL93-1392560,0.25
56053,NL99-1255097,0.5
56053,NL95-2726442,0.25
56053,NL93-1392560,0.25
560541,CHN2014-11-044159,0.5
560541,DV01764-11-306,0.5
560858,BELG12-4048019,0.5
56097,NL2002-1739739,0.5
56097,BELG2001-5025988,0.25
56097,NL96-5660145,0.25
560989,NL12-1653413,0.5
560989,NL05-1441887,0.25
560989,NL03-1184211,0.25
560989,NL14-1089816,0.5
560989,NL11-1740856,0.25
560989,NL12-1618929,0.25
560990,B13-6303238,0.5
560990,B11-6173363,0.25
560990,B04-6472084,0.375
560990,B01-6380175,0.1875
560990,B03-6277418,0.1875
560990,B02-6315014,0.21875
560990,B98-6216290,0.09375
560990,B17-6259042,0.5
560990,B12-6228722,0.25
560990,B10-6251601,0.25
560997,B15-4130265,0.5
560997,B10-4101225,0.25
560997,B07-4093179,0.25
560997,B14-4279729,0.5
560997,B10-4101420,0.25
560997,B07-4093189,0.25
56103,B06-2075920,0.5
56103,B00-6545658,0.25
56103,B02-6503571,0.25
56103,B04-6095738,0.5
56103,B90-6652120,0.25
56103,B94-6323005,0.25
56117,BELG90-6652120,0.5
56117,BELG93-6621023,0.5
56232,BE96-6615184,0.5
56232,BE93-6228670,0.25
56232,BE94-6203344,0.25
56232,BE94-6214223,0.5
56232,BE78-6145268,0.25
56232,BE82-6380170,0.25
56247,B88-6717673,0.5
56247,GL93-3993,0.25
56247,B98-3200237,0.25
56260,B88-6717673,0.5
56260,GL93-3993,0.25
56260,B98-3200237,0.25
562722,B11-2067208,0.5
562722,B06-2222431,0.25
562722,B05-2201715,0.25
562722,B11-2067220,0.5
562722,B07-2222900,0.25
562722,B08-2159798,0.25
562847,B12-6225356,0.5
562847,B11-6119038,0.25
562847,B13-6096405,0.5
562847,B11-6261575,0.25
562847,B03-6226043,0.25
562847,B97-6362091,0.125
562847,B99-6151734,0.125
562962,B11-2067208,0.5
562962,B06-2222431,0.25
562962,B05-2201715,0.25
562962,B11-2067220,0.5
562962,B07-2222900,0.25
562962,B08-2159798,0.25
562964,B11-2067233,0.5
562964,B05-2201710,0.25
562964,B09-2025181,0.25
562964,B10-2083175,0.5
562964,B01-2270233,0.25
562964,B09-2025076,0.25
563938,B15-6090776,0.5
563938,B13-6313926,0.25
563938,B03-6277483,0.25
563938,B00-61759805,0.125
563938,B00-6175870,0.125
563941,B15-6090776,0.5
563941,B13-6313926,0.25
563941,B03-6277483,0.25
563941,B00-61759805,0.125
563941,B00-6175870,0.125
56404,B03-4012908,0.5
564708,B14-2206662,0.5
564708,B11-2067160,0.25
564708,B05-2201710,0.125
564708,B09-2025181,0.125
564708,B08-3106083,0.25
564708,B14-2206673,0.5
564708,B11-2067208,0.25
564708,B06-2222431,0.125
564708,B05-2201715,0.125
564708,B11-2067220,0.25
564708,B07-2222900,0.125
564708,B08-2159798,0.125
566326,B05-6176180,0.5
566326,B03-6357007,0.25
566326,B01-6345101,0.25
566326,B04-6356339,0.5
566326,B03-6359119,0.25
566326,B03-6359170,0.25
567422,BE10-6031822,0.5
567422,BE04-6307341,0.25
567422,BE03-6150214,0.125
567422,BE03-6257098,0.125
567422,BE97-6407575,0.0625
567422,BE95-6370004,0.03125
567422,BE97-6450252,0.03125
567422,BE98-6335690,0.5625
567422,BE96-6404318,0.53125
567422,BE92-6235626,0.28125
567422,BE09-6111743,0.5
567430,BE13-3164567,0.5
567430,BE03-6150214,0.25
567430,BE03-6257098,0.25
567430,BE97-6407575,0.125
567430,BE95-6370004,0.0625
567430,BE97-6450252,0.0625
567430,BE98-6335690,0.375
567430,BE96-6404318,0.4375
567430,BE92-6235626,0.1875
567430,BE10-6031729,0.5
568047,CHN2004-03-333310,0.5
568047,T97-293265,0.5
568047,CHN2005-03-180188,0.5
568047,BELG00-4396479,0.25
568055,CHN02-03-000333,0.5
568055,T97-293265,0.25
568055,B00-4396479,0.25
569504,B08-6245136,0.5
569504,B01-6153998,0.25
569504,B03-6226043,0.25
569504,B97-6362091,0.125
569504,B99-6151734,0.125
569504,B05-6221271,0.5
569514,B07-6110020,0.5
569514,B08-6245256,0.5
569519,B13-6096664,0.5
569519,B03-6226043,0.25
569519,B97-6362091,0.125
569519,B99-6151734,0.25
569519,B10-6166151,0.5
569519,B06-6154774,0.25
569519,B01-6153558,0.125
569519,B94-6495178,0.25
569523,B13-6096596,0.5
569523,B06-6154634,0.5
569527,B10-6166210,0.5
569533,B11-6261357,0.5
569533,B09-6130504,0.25
569533,B06-6110237,0.125
569533,B03-6226043,0.125
569533,B97-6362091,0.0625
569533,B99-6151734,0.0625
569533,B94-6495178,0.25
570035,B11-6103678,0.5
570035,B08-6245020,0.25
570035,B01-4174057,0.125
570035,B02-4479161,0.125
570035,B95-4148210,0.0625
570035,B97-4263065,0.0625
570035,B07-6206216,0.25
570035,B06-6052165,0.5
570036,B08-6065106,0.5
570036,B10-6339670,0.5
570037,B11-6103512,0.5
570037,B12-6051091,0.5
570038,B11-6103563,0.5
570038,B11-6103636,0.5
570039,B07-6206362,0.5
570039,B02-6034121,0.5
570039,B99-6047184,0.25
570039,B86-6475153,0.25
570241,NL06-1520270,0.5
570241,NL05-1238716,0.25
570241,B07-4373372,0.5
570241,NL06-1195029,0.25
570241,NL02-0271845,0.25
570899,B06-6148141,0.5
570899,B01-6455003,0.5
570899,B95-6302321,0.25
570899,B98-6160968,0.25
570903,B04-6073812,0.5
570903,B01-6094302,0.25
570903,B01-6455003,0.5
570903,B95-6302321,0.25
570903,B98-6160968,0.25
570903,B04-6073611,0.5
570911,B14-3157495,0.5
570911,B09-3095175,0.25
570911,B06-3008003,0.75
570911,B00-3195099,0.375
570911,B95-3185530,0.1875
570911,B93-3051184,0.1875
570911,B98-3158062,0.375
570915,NL06-1266956,0.5
570915,NL05-1936558,0.5
570915,B01-3266512,0.5
570915,NL07-2007621,0.5
570926,DV02098-08-515,0.5
570926,B02-6433588,0.25
570926,DV02098-02-555,0.25
570926,DV02098-08-520,0.5
570926,NL05-1937948,0.25
570926,DV02098-05-580,0.25
570926,DV02098-93-665,0.125
570926,DV02098-95-12,0.125
570987,B11-4245565,0.5
570987,B00-3076246,0.5
570987,B96-3156104,0.25
570987,B91-3204220,0.125
570987,B90-3119120,0.125
570987,B88-3206112,0.25
570987,B87-3008002,0.125
570987,B81-3238253,0.125
571911,B13-5053849,0.5
571911,B09--5030511,0.25
572088,NL13-1239559,0.5
572228,BE09-6086602,0.5
572228,BE07-6356002,0.25
572228,BE07-6389100,0.25
572228,BE09-6086410,0.5
572228,BE06-6329251,0.25
572228,BE07-6389026,0.25
573096,CHN13-26-028822,0.5
573096,B13-3160860,0.5
573096,B06-3008003,0.25
573096,B00-3195099,0.125
573096,B95-3185530,0.0625
573096,B93-3051184,0.0625
573096,B98-3158062,0.125
573218,NL07-1183432,0.75
573218,B02-6175791,0.375
573218,B97-6162118,0.28125
573218,B99-6381018,0.1875
573218,B94-6336112,0.09375
573218,B04-6177653,0.375
573218,B98-6421220,0.1875
573218,B99-2396264,0.1875
573218,CHN09-01-501821,0.5
573218,NL07-1430770,0.25
573218,NL01-1135505,0.125
573218,B96-6286060,0.0625
573218,NL98-582141,0.0625
573218,NL97-2524534,0.125
573218,NL91-1581202,0.0625
573218,NL93-2334466,0.0625
573222,NL07-1183432,0.5
573222,B02-6175791,0.25
573222,B97-6162118,0.1875
573222,B99-6381018,0.125
573222,B94-6336112,0.0625
573222,B04-6177653,0.25
573222,B98-6421220,0.125
573222,B99-2396264,0.125
573222,NL07-1430770,0.5
573222,NL01-1135505,0.25
573222,B96-6286060,0.125
573222,NL98-582141,0.125
573222,NL97-2524534,0.25
573222,NL91-1581202,0.125
573222,NL93-2334466,0.125
573251,CHN14-01-1218899,0.5
573251,NL07-1183432,0.375
573251,B02-6175791,0.1875
573251,B97-6162118,0.140625
573251,B99-6381018,0.09375
573251,B94-6336112,0.046875
573251,B04-6177653,0.1875
573251,B98-6421220,0.09375
573251,B99-2396264,0.09375
573251,CHN13-01-916118,0.25
573251,CHN11-04-757775,0.125
573251,DV07-08857-401,0.0625
573251,NL05-1936842,0.03125
573251,NL99-2308215,0.03125
573251,NL95-1091674,0.015625
573251,NL98-5821416,0.015625
573251,B09-6047528,0.0625
573251,NL11-1816863,0.5
573251,NL10-3056344,0.25
573251,NL10-3056377,0.25
573383,B14-2060175,0.5
573383,B12-5047095,0.25
573383,B11-5140870,0.25
573386,B14-2060175,0.5
573386,B12-5047095,0.25
573386,B11-5140870,0.25
573387,B14-2060175,0.5
573387,B12-5047095,0.25
573387,B11-5140870,0.25
573388,CHN16-01-1086070,0.5
573388,B14-2321341,0.5
573388,NL13-1308164,0.25
573388,NL08-1621770,0.25
573392,CHN16-01-11405,0.5
573392,B14-2321319,0.25
573392,NL13-1308164,0.25
573392,NL08-1621770,0.25
573392,B14-2321341,0.25
573394,CHN15-01-0480005,0.5
573394,CHN14-01-1218819,0.25
573394,AU10-606,0.125
573394,NL07-1183431,0.5
573394,B02-6175791,0.25
573394,B97-6162118,0.1875
573394,B99-6381018,0.125
573394,B94-6336112,0.0625
573394,B04-6177653,0.25
573394,B98-6421220,0.125
573394,B99-2396264,0.125
573396,CHN15-01-0480005,0.5
573396,CHN14-01-1218819,0.25
573396,AU10-606,0.125
573396,NL07-1183431,0.5
573396,B02-6175791,0.25
573396,B97-6162118,0.1875
573396,B99-6381018,0.125
573396,B94-6336112,0.0625
573396,B04-6177653,0.25
573396,B98-6421220,0.125
573396,B99-2396264,0.125
573398,B12-5047095,0.5
573398,B12-5047081,0.5
573515,CHN13-26-028822,0.5
573515,B13-3160860,0.5
573515,B06-3008003,0.25
573515,B00-3195099,0.125
573515,B95-3185530,0.0625
573515,B93-3051184,0.0625
573515,B98-3158062,0.125
573557,B13-6313770,0.5
573557,B10-6297598,0.25
573557,B08-6369094,0.25
573557,B08-6369093,0.5
573557,B07-6033110,0.25
573557,B98-6335690,0.25
573570,CHN16-03-1169214,0.5
573570,B12-6225399,0.25
573570,B13-3160868,0.25
573570,B13-3160860,0.5
573570,B06-3008003,0.25
573570,B00-3195099,0.125
573570,B95-3185530,0.0625
573570,B93-3051184,0.0625
573570,B98-3158062,0.125
573576,B13-2081790,0.5
573576,B11-6341421,0.25
573576,B11-2207184,0.25
573576,B08-6369093,0.5
573576,B07-6033110,0.25
573576,B98-6335690,0.25
573592,B02-6121675,0.5
573592,BELG1994-6495178,0.5
573623,B13-6304953,0.5
573623,B11-6341403,0.25
573623,B03-6257098,0.25
573623,B11-6119193,0.5
573623,B09-6103287,0.25
573623,B08-6383026,0.25
573649,CHN2013-211067,0.5
573649,CHN2013-211070,0.5
573795,B11-2067160,0.5
573795,B05-2201710,0.25
573795,B09-2025181,0.25
573795,B11-2067237,0.5
573795,B06-2222495,0.25
573795,B06-2222493,0.25
573902,B10-6251583,0.5
573902,B00-6175805,0.25
573902,B03-6277483,0.25
573902,B00-61759805,0.125
573902,B00-6175870,0.125
573902,B10-6251654,0.5
573902,B03-6277405,0.25
573902,B03-6277418,0.25
573902,B02-6315014,0.125
573902,B98-6216290,0.125
573903,B09-6248476,0.5
573903,B2007-6403737,0.25
573905,B11-6282252,0.5
573905,B09-6248530,0.25
573905,B01-6387174,0.25
573905,B97-6597293,0.125
573905,B00-6249328,0.125
573906,B12-6196562,0.5
573906,B11-6282549,0.25
573906,B08-6174630,0.5
573906,B05-6116293,0.25
573906,B03-6277483,0.25
573906,B00-61759805,0.125
573906,B00-6175870,0.125
573906,B13-6026112,0.5
573906,B06-6270117,0.25
573907,B09-6248530,0.5
574018,B12-6196336,0.5
574018,B06-6270117,0.25
574018,B08-6174630,0.25
574018,B05-6116293,0.125
574018,B03-6277483,0.125
574018,B00-61759805,0.0625
574018,B00-6175870,0.0625
574018,B12-6196308,0.5
574018,B10-6052551,0.25
574204,CHN00-3124016,0.5
574204,BE07-3221726,0.5
574237,NL07-1052477,0.5
574237,BE09-2119284,0.5
574239,BE07-6369527,0.5
574239,BE09-6299396,0.5
574241,BE07-6369527,0.5
574241,BE07-6399396,0.5
574242,CHN11-482683,0.5
574242,BE07-6399396,0.5
574243,BE07-3182016,0.5
574243,BE04-3099057,0.25
574243,BE00-3146013,0.125
574243,BE99-3020065,0.125
574243,BE05-5201215,0.25
574243,BE07-3182013,0.5
574243,CHN00-3124016,0.25
574243,BE07-3221726,0.25
574244,CHN00-3124016,0.75
574244,BE07-3182013,0.5
574244,BE07-3221726,0.25
574334,B10-2063259,0.5
574334,B01-2270233,0.25
574334,B08-3106083,0.25
574344,BE13-2022005,0.5
574344,CHN14-15-184369,0.5
574344,NL07-5705110,0.25
574344,NL08-1174850,0.25
574348,BE13-2022005,0.5
574348,CHN14-15-184369,0.5
574348,NL07-5705110,0.25
574348,NL08-1174850,0.25
57448,NL79-342670,0.5
57448,NL76-1837108,0.5
57448,NL01-1822826,0.25
574495,CHN16-11-0002063,0.5
574495,CHN15-11-0070874,0.5
574949,BE09-2203217,0.5
574949,CHN13-166116,0.5
574949,NL07-1052477,0.25
574949,BE09-2119284,0.25
574967,BE12-4048821,0.5
575182,B10-3179408,0.5
575182,B06-3008446,0.5
575327,BE10-2135068,0.5
575327,BE09-2119274,0.25
575327,BE08-2197687,0.25
575327,CHN15-0953334,0.5
575342,CHN2013-01-850580,0.5
575342,CHN2009-01-981105,0.25
575342,CHN2009-01-981119,0.25
575342,CHN2016-01-0296203,0.5
575342,NL2012-1619022,0.25
575342,NL2014-1059351,0.25
575348,CHN2013-01-089986,0.5
575348,CHN2011-01-469855,0.25
575348,CHN2008-01-968609,0.125
575348,B2003-5071602,0.1875
575348,B1997-5166412,0.09375
575348,B2001-5010172,0.09375
575348,B1998-2398266,0.125
575348,B1994-5314930,0.0625
575348,B1991-5248546,0.03125
575348,B1991-5248516,0.03125
575348,B1995-2363122,0.0625
575348,B1990-2523263,0.03125
575348,B1987-3190166,0.03125
575348,CHN2007-01-480762,0.125
575348,CHN2011-01-469262,0.25
575348,CHN2009-01-803709,0.125
575348,CHN2009-01-222586,0.125
575348,CHN2006-01-020578,0.0625
575348,CHN2010-01-281310,0.5
575348,CHN2005-01-502380,0.25
575348,B2007-5067344,0.25
575348,B2000-4065880,0.125
575348,B1998-4184729,0.0625
575348,B1998-3024841,0.0625
575348,B2001-6182211,0.125
575348,B1998-5296409,0.0625
575348,B1997-6523459,0.0625
575350,CHN2013-01-089986,0.5
575350,CHN2011-01-469855,0.25
575350,CHN2008-01-968609,0.125
575350,B2003-5071602,0.1875
575350,B1997-5166412,0.09375
575350,B2001-5010172,0.09375
575350,B1998-2398266,0.125
575350,B1994-5314930,0.0625
575350,B1991-5248546,0.03125
575350,B1991-5248516,0.03125
575350,B1995-2363122,0.0625
575350,B1990-2523263,0.03125
575350,B1987-3190166,0.03125
575350,CHN2007-01-480762,0.125
575350,CHN2011-01-469262,0.25
575350,CHN2009-01-803709,0.125
575350,CHN2009-01-222586,0.125
575350,CHN2006-01-020578,0.0625
575350,CHN2010-01-281310,0.5
575350,CHN2005-01-502380,0.25
575350,B2007-5067344,0.25
575350,B2000-4065880,0.125
575350,B1998-4184729,0.0625
575350,B1998-3024841,0.0625
575350,B2001-6182211,0.125
575350,B1998-5296409,0.0625
575350,B1997-6523459,0.0625
575351,CHN2016-01-0296215,0.5
575351,NL2013-1239323,0.25
575351,NL2006-2162253,0.125
575351,NL2003-1135462,0.0625
575351,NL2003-1135318,0.0625
575351,NL2003-1135475,0.125
575351,NL2002-1635264,0.09375
575351,NL1995-1941948,0.0625
575351,NL2011-1740912,0.25
575351,NL2008-1537203,0.125
575351,NL2007-1817852,0.0625
575351,NL2007-1817880,0.0625
575351,NL2009-1186313,0.125
575351,NL2007-1817907,0.0625
575351,NL2004-2050252,0.03125
575351,NL2003-1103686,0.03125
575351,NL2008-1537236,0.0625
575351,NL2001-1886517,0.03125
575351,CHN2015-01-1375179,0.5
575351,CHN2013-01-089986,0.25
575351,CHN2011-01-469855,0.125
575351,CHN2008-01-968609,0.0625
575351,B2003-5071602,0.09375
575351,B1997-5166412,0.046875
575351,B2001-5010172,0.046875
575351,B1998-2398266,0.0625
575351,B1994-5314930,0.03125
575351,B1995-2363122,0.03125
575351,CHN2007-01-480762,0.0625
575351,CHN2011-01-469262,0.125
575351,CHN2009-01-803709,0.0625
575351,CHN2009-01-222586,0.0625
575351,CHN2006-01-020578,0.03125
575351,CHN2010-01-281310,0.25
575351,CHN2005-01-502380,0.125
575351,B2007-5067344,0.125
575351,B2000-4065880,0.0625
575351,B1998-4184729,0.03125
575351,B1998-3024841,0.03125
575351,B2001-6182211,0.0625
575351,B1998-5296409,0.03125
575351,B1997-6523459,0.03125
575358,NL2013-1239531,0.5
575358,NL2010-1682318,0.25
575358,NL2009-1186437,0.125
575358,NL2007-1817879,0.125
575358,NL2011-1736818,0.25
575358,NL2006-1091312,0.125
575358,NL2007-1817891,0.125
575358,CHN2011-01-575703,0.5
575358,B2007-5067344,0.25
575358,B2000-4065880,0.125
575358,B1998-4184729,0.0625
575358,B1998-3024841,0.0625
575358,B2001-6182211,0.125
575358,B1998-5296409,0.0625
575358,B1997-6523459,0.0625
575368,CHN2014-01-1282213,0.5
575368,B2005-6336371,0.25
575368,B2002-2265327,0.125
575368,B2000-2352576,0.0625
575368,B2000-2352590,0.0625
575368,B1999-6340916,0.125
575368,B1994-6142774,0.0625
575368,B1994-6633774,0.0625
575368,B2007-5067344,0.25
575368,B2000-4065880,0.125
575368,B1998-4184729,0.0625
575368,B1998-3024841,0.0625
575368,B2001-6182211,0.125
575368,B1998-5296409,0.0625
575368,B1997-6523459,0.0625
575368,B2012-3002284,0.5
575368,B2010-3174584,0.25
575368,B2003-0210144,0.25
575394,CHN2016-01-0296284,0.5
575394,CHN2012-01-1002620,0.25
575394,B2003-2120191,0.125
575394,B1998-4185270,0.0625
575394,B1997-4263054,0.03125
575394,B1991-4560548,0.046875
575394,B1993-4429362,0.0625
575394,B1990-4208471,0.03125
575394,B1989-4139920,0.03125
575394,B1998-2398266,0.125
575394,B1994-5314930,0.0625
575394,B1991-5248546,0.03125
575394,B1991-5248516,0.03125
575394,B1995-2363122,0.0625
575394,B1990-2523263,0.03125
575394,B1987-3190166,0.03125
575394,CHN2010-01-968022,0.25
575394,B2002-2315943,0.125
575394,B2000-2376057,0.0625
575394,B1999-2017712,0.0625
575394,B2003-4133532,0.125
575394,B1998-4197168,0.0625
575394,B1996-4171703,0.03125
575394,B1989-4288521,0.03125
575394,B1995-4440907,0.0625
575394,B1990-4319953,0.03125
575394,B1988-4243575,0.03125
575394,CHN2015-01-1375657,0.5
575394,CHN2011-01-469282,0.25
575394,CHN2012-01-1002635,0.25
575394,B2005-6052073,0.125
575394,B2004-4019943,0.125
575394,B1999-4365061,0.0625
575394,B1994-4438205,0.03125
575394,B1993-4392044,0.03125
575394,B2002-4333378,0.0625
575394,B2001-4489665,0.03125
575394,B2000-4065805,0.015625
575394,B1999-4393519,0.015625
575394,B2000-4065848,0.03125
575394,B1993-4429368,0.015625
575398,CHN2012-01-1003066,0.5
575398,CHN2009-01-981120,0.25
575398,NL2007-1841638,0.125
575398,B2007-5175949,0.125
575398,CHN2010-01-281310,0.25
575398,CHN2005-01-502380,0.125
575398,B2007-5067344,0.125
575398,B2000-4065880,0.0625
575398,B1998-4184729,0.03125
575398,B1998-3024841,0.03125
575398,B2001-6182211,0.0625
575398,B1998-5296409,0.03125
575398,B1997-6523459,0.03125
575398,CHN2011-01-469906,0.5
575398,B2003-2120191,0.25
575398,B1998-4185270,0.125
575398,B1997-4263054,0.0625
575398,B1991-4560548,0.0625
575398,B1993-4429362,0.125
575398,B1990-4208471,0.0625
575398,B1989-4139920,0.0625
575398,B1998-2398266,0.25
575398,B1994-5314930,0.125
575398,B1991-5248546,0.0625
575398,B1991-5248516,0.0625
575398,B1995-2363122,0.125
575398,B1990-2523263,0.0625
575398,B1987-3190166,0.0625
575399,CHN2011-01-575708,0.5
575399,CHN2010-01-968016,0.25
575399,B2003-3186429,0.125
575399,B2000-3128435,0.0625
575399,B1994-3238558,0.03125
575399,B1989-3315380,0.03125
575399,B1993-3183025,0.0625
575399,B1992-3082421,0.03125
575399,B1987-3052819,0.03125
575399,B1998-2398266,0.125
575399,B1994-5314930,0.0625
575399,B1991-5248546,0.03125
575399,B1991-5248516,0.03125
575399,B1995-2363122,0.0625
575399,B1990-2523263,0.03125
575399,B1987-3190166,0.03125
575399,CHN2009-01-803710,0.25
575399,B2001-6234954,0.125
575399,B1998-6484219,0.0625
575399,B1990-6088614,0.0625
575399,B1996-6335231,0.125
575399,B1991-6445551,0.0625
575399,B1990-6531177,0.03125
575399,B1989-6366084,0.03125
575399,B1994-6086120,0.0625
575399,B1992-6542371,0.03125
575399,B1992-6542479,0.03125
575399,DV2014-661-2371,0.5
575399,DV2008-02371-127,0.25
575399,DV2010-03789-732,0.25
575411,CHN2013-01-850570,0.5
575411,CHN2009-01-803711,0.25
575411,CHN2011-01-469806,0.25
575411,NL2014-1059421,0.5
575411,NL2013-1239421,0.25
575411,NL2012-1619198,0.25
575415,NL2010-1682295,0.5
575415,B2004-3227967,0.25
575415,NL2008-1537227,0.25
575415,NL2005-1394813,0.125
575415,NL1998-1215809,0.125
575415,NL1995-1942000,0.0625
575415,NL1993-2696143,0.0625
575415,NL2013-1239470,0.5
575415,NL2008-1537203,0.25
575415,NL2007-1817852,0.125
575415,NL2007-1817880,0.125
575415,NL2008-1583474,0.25
575417,NL2016-1526286,0.5
575417,NL2011-1741026,0.25
575417,NL2007-1817969,0.125
575417,NL2004-2050252,0.0625
575417,NL2003-1103686,0.0625
575417,NL2008-1583452,0.125
575417,NL2012-1616576,0.25
575417,NL2010-1082759,0.125
575417,NL2003-1135475,0.125
575417,NL2002-1635264,0.0625
575417,NL1995-1941948,0.0625
575417,NL2016-1526296,0.5
575417,NL2010-1682337,0.25
575417,NL2006-2162348,0.25
575546,NL13-1239683,0.5
575546,CHN2016-0337802,0.5
576290,B08-6245021,0.5
576290,B06-6154772,0.25
576290,B06-6154428,0.5
576290,B05-6221127,0.25
576290,B93-6383612,0.125
576290,B95-6508036,0.125
576290,B94-6495178,0.25
576291,B01-9040015,0.5
576291,B95-9231712,0.25
576291,B94-9080049,0.25
576291,B05-9029201,0.5
576291,B02-9071526,0.25
576291,B98-9147146,0.25
576292,B01-9040015,0.75
576292,B95-9231712,0.375
576292,B94-9080049,0.375
576292,CHN02-03-290957,0.5
576292,B01-9040056,0.25
576495,BE09-6111546,0.5
576495,B06-6034734,0.25
576495,B02-2072711,0.125
576495,B99-6517591,0.125
576495,B03-6257240,0.25
576495,B97-6407575,0.1875
576495,B98-6335690,0.125
576495,B12-6023210,0.5
576495,B09-2035886,0.25
576495,B04-6307259,0.125
576495,B05-2079799,0.125
576495,B10-6297742,0.25
576495,B05-6453372,0.125
576495,B03-6086300,0.125
577072,B02-6509064,0.5
577072,B98-6594049,0.25
577072,B94-6214211,0.25
577072,B81-6463237,0.125
577072,B88-6318694,0.125
577072,B99-6143668,0.5
577072,B97-6569500,0.25
577072,B92-6673402,0.25
577330,NL11-1612276,0.5
577330,NL09-1186592,0.25
577330,NL02-1635264,0.125
577330,NL06-2162375,0.125
577330,NL09-1054581,0.25
577330,NL04-1849869,0.125
577330,NL98-1215842,0.125
577330,NL11-1407780,0.5
577330,NL07-5705110,0.25
577330,NL08-1174850,0.25
577416,BE11-6171590,0.5
577416,BE10-5105872,0.5
577416,B06-5078318,0.25
577416,BE00-5200373,0.125
577416,BE00-6553596,0.125
577416,B09-5052443,0.25
577416,BE02-5139433,0.125
577416,B00-6553598,0.125
577417,BE99-6422553,0.5
577417,BE01-5193595,0.5
577446,B12-4239948,0.5
577446,B09-3187283,0.25
577446,B06-4039937,0.25
577446,B12-2196704,0.5
577446,B11-6113795,0.25
577446,B08-2199012,0.25
577452,B13-6309572,0.5
577452,B05-6052027,0.25
577452,B09-6326192,0.25
577454,B08-6259264,0.5
577454,B98-6185637,0.25
577454,B02-6354241,0.25
577457,B09-6086185,0.5
577457,B10-2182159,0.5
577457,B08-6191590,0.25
577457,B06-2083035,0.125
577457,B06-6087309,0.125
577457,B06-2083016,0.25
577457,B02-2235443,0.125
577457,B05-2141268,0.125
577460,B05-9029035,0.5
577460,B02-9096145,0.25
577460,B02-9071581,0.25
577460,B05-9029002,0.5
577460,B03-9021332,0.25
577460,B98-9147146,0.25
577594,B09-6086185,0.5
577594,B10-2182150,0.5
577633,B08-3192649,0.5
577633,B01-3003333,0.25
577633,B05-30006569,0.5
577729,B05-2075614,0.75
577729,B99-2318173,0.375
577729,B99-2318299,0.375
577729,B09-2063107,0.5
577729,B07-2038199,0.25
577729,B98-2245478,0.125
577729,B04-2180228,0.125
578028,BELG00-5166334,0.5
578117,B06-6210472,0.5
578117,B99-6000159,0.25
578117,B96-6286083,0.25
578117,B07-6363262,0.5
578117,B05-6453372,0.25
578117,B03-6086300,0.25
578118,B13-6321505,0.5
578118,B06-6210001,0.5
578118,B08-6338005,0.25
578118,B05-6045015,0.125
578118,B08-6338800,0.5
578118,B00-6367169,0.25
578118,B90-6652120,0.1875
578118,B95-6246005,0.125
578118,B93-6621023,0.0625
578119,B09-3188087,0.5
578119,B06-3008013,0.25
578119,B99-3103770,0.125
578119,B98-3158062,0.375
578119,B06-3008003,0.5
578119,B00-3195099,0.25
578119,B95-3185530,0.125
578119,B93-3051184,0.125
578538,B11-4311217,0.5
578538,CHN2014-15-184369,0.5
578553,NL13-1239683,0.5
578553,CHN2014-15-195463,0.5
578840,B11-2076039,0.5
578840,B05-3006565,0.25
578840,B03-2183842,0.25
578840,B10-3047091,0.5
578840,B04-3069721,0.25
578840,B98-3158062,0.125
578840,B05-3006583,0.25
578840,B94-3237367,0.125
57886,NL79-342670,0.5
57886,NL76-1837108,0.5
57886,NL01-1822826,0.25
578952,B10-5143339,0.5
578952,B01-6182211,0.5
578952,B98-5296409,0.25
578952,B97-6523459,0.25
578956,NL07-1052405,0.5
578956,BE01-6182211,0.5
578956,BE95-6311264,0.25
578956,BE97-6523459,0.25
578958,NL07-1052405,0.5
578958,B01-6182211,0.5
578958,B98-5296409,0.25
578958,B97-6523459,0.25
578960,BE11-5113306,0.5
578960,B01-6182211,0.5
578960,B98-5296409,0.25
578960,B97-6523459,0.25
578963,NL09-1858519,0.5
578963,NL09-1858509,0.5
578966,NL09-1858519,0.5
578966,NL09-1858509,0.5
578968,NL06-1792785,0.5
578968,NL10-1294831,0.5
578974,NL06-1313338,0.5
578974,NL99-1209763,0.25
578974,NL01-2189761,0.25
578974,NL03-1943126,0.5
578974,NL92-2844313,0.25
578974,NL93-5334501,0.25
578974,NL89-6019724,0.125
578987,NL09-1858471,0.5
578987,NL06-1313338,0.25
578987,NL99-1209763,0.125
578987,NL01-2189761,0.125
578987,NL93-5334501,0.25
578987,NL89-6019724,0.125
578987,NL00-2454567,0.5
579108,NL09-3932384,0.5
579108,NL04-0450098,0.5
579108,NL01-2433938,0.25
579108,NL96-9618799,0.25
579140,B07-510075,0.5
579140,B06-3008003,0.5
579140,B00-3195099,0.25
579140,B95-3185530,0.125
579140,B93-3051184,0.125
579140,B98-3158062,0.25
579226,NL09-1735740,0.5
579226,NL03-5343048,0.5
579230,NL09-1386124,0.5
579230,BE03-6032896,0.5
579665,BE02-6319362,0.5
579665,BE96-6445386,0.25
579665,BE96-6490451,0.25
579665,BE06-6334205,0.5
579665,BE99-6185756,0.25
579665,BE95-6647246,0.25
58018,NL98-1933528,0.5
581222,CHN12-01-442151,0.5
581493,B07-6022411,0.5
581493,B02-6315014,0.25
581493,B98-6216290,0.25
581493,B03-6277483,0.5
581493,B00-61759805,0.25
581493,B00-6175870,0.25
581878,NL06-1266956,0.5
581878,NL05-1936558,0.5
581878,B01-3266512,0.5
581878,NL07-2007621,0.5
581879,B09-6130504,0.5
581879,B06-6110237,0.25
581879,B03-6226043,0.25
581879,B97-6362091,0.125
581879,B99-6151734,0.125
581879,B99-6151618,0.5
581879,B97-3305936,0.25
581879,B86-6616231,0.25
581883,B06-6154680,0.5
581883,B03-2191342,0.25
581883,B06-6154779,0.5
581883,B01-6153558,0.25
581883,B99-6151734,0.25
581884,B11-6261357,0.5
581884,B09-6130504,0.25
581884,B06-6110237,0.125
581884,B03-6226043,0.125
581884,B97-6362091,0.0625
581884,B99-6151734,0.3125
581884,B94-6495178,0.25
581884,B08-6245262,0.5
581884,B04-6277729,0.25
581884,B02-6106932,0.125
581884,B00-6243714,0.0625
581884,B00-6243597,0.0625
581884,B96-6600523,0.125
581884,B95-6427760,0.0625
581884,N92-6208105,0.0625
581890,B07-3199953,0.5
581890,B04-3069721,0.25
581890,B98-3158062,0.375
581890,B05-4082656,0.25
581890,B06-3008003,0.5
581890,B00-3195099,0.25
581890,B95-3185530,0.125
581890,B93-3051184,0.125
581891,NL08-1549035,0.5
581891,B07-3204311,0.25
581891,NL03-5301441,0.25
581891,B87-3089349,0.125
581891,B02-3025837,0.125
581891,NL09-1195365,0.5
581891,B03-6192766,0.25
581891,NL04-2062002,0.25
581893,NL10-5007933,0.5
581893,NL09-1195379,0.25
581893,NL08-1549017,0.25
581893,NL09-1186040,0.5
581893,NL06-4720774,0.25
581893,NL00-1975952,0.25
581899,NL13-1243767,0.5
581899,B10-3020225,0.25
581899,NL09-1195373,0.25
581899,NL89-5930255,0.125
581899,NL02-1647196,0.125
581899,NL13-1243845,0.5
581899,NL11-1747324,0.25
581899,NL12-1623785,0.25
581901,NL12-1623693,0.5
581901,NL07-1786810,0.25
581901,NL08-1549099,0.25
581901,B12-3161555,0.5
581901,B07-3089612,0.25
581901,B08-3028187,0.25
581903,NL09-1195381,0.5
581903,NL08-1549056,0.25
581903,NL08-1549099,0.25
581903,B11-3172540,0.5
581903,B09-3097056,0.25
581903,B09-3049709,0.25
581906,B12-3161554,0.5
581906,B07-3189603,0.25
581906,B08-3029481,0.25
581906,NL08-1549031,0.5
581906,NL02-5236676,0.25
581906,NL03-5301441,0.25
581906,B87-3089349,0.125
581906,B02-3025837,0.125
581908,B07-6229074,0.5
581908,B03-6460032,0.25
581908,B06-6407360,0.25
581908,B07-6229023,0.5
581908,B02-6354241,0.25
581914,B00-6440232,0.5
581914,B97-6210632,0.25
581914,B95-6303932,0.25
581914,B01-6455003,0.5
581914,B95-6302321,0.25
581914,B98-6160968,0.25
581915,B98-6580502,0.5
581915,B96-6165098,0.25
581915,B96-6452296,0.25
581915,B98-6110712,0.5
581915,B95-6651537,0.25
581916,B06-6148382,0.5
581916,B99-6063949,0.25
581917,B06-6410690,0.5
581917,B01-6455003,0.25
581917,B95-6302321,0.125
581917,B98-6160968,0.125
581918,B10-5011898,0.5
581918,B08-5169567,0.25
581918,B05-5222993,0.25
581920,B09-6358199,0.5
581920,B08-6368045,0.25
581920,B07-6404515,0.25
581921,B08-6050147,0.5
581921,B01-6521674,0.25
581921,B07-6399395,0.25
581958,DV01063-07-1078,0.5
581989,B11-6108656,0.5
581989,B08-6038962,0.25
581989,B03-6277418,0.25
581989,B02-6315014,0.125
581989,B98-6216290,0.125
581989,B12-6317697,0.5
581989,B09-6323112,0.25
58205,NL04-0233834,0.5
58205,NL00-0077729,0.25
58205,NL00-0040381,0.25
58205,NL00-0077737,0.5
58205,B95-6558347,0.25
58205,NL94-9410369,0.25
582684,CHN2014-01-300664,0.5
582684,CHN2014-01-300659,0.5
583436,NL08-1564519,0.5
583436,NL15-1682141,0.5
583441,NL07-1973281,0.5
583441,NL03-0376794,0.5
583441,NL02-0254043,0.25
583441,NL99-9962177,0.25
583654,CZ0234-08-405,0.5
583768,DV04287-11-6,0.5
584529,B07-6033149,0.5
584529,B07-6033105,0.5
584529,B02-6183145,0.25
584529,B01-6345099,0.25
584531,B06-2103942,0.5
584531,B07-6363291,0.5
584554,B06-2259395,0.5
584554,B03-2101321,0.5
584560,B09-4259012,0.5
584560,B14-4007055,0.5
584560,B09-4259054,0.25
584560,B08-4163098,0.25
584561,B09-4259012,0.5
584561,B05-4118160,0.5
584580,CHN2009-01-650670,0.5
584580,B11-6174516,0.5
584581,CHN2009-01-650670,0.5
584581,B11-6174516,0.5
584582,CHN2009-01-650670,0.5
584582,B11-6174516,0.5
584583,B11-6177331,0.5
584583,B11-6174516,0.5
584584,B11-6177331,0.5
584584,B11-6174516,0.5
584585,CHN2013-01-462399,0.5
584585,B2013-6220851,0.5
584585,B11-6177331,0.25
584585,B11-6174516,0.25
584586,CHN2013-01-462399,0.5
584586,B2013-6220851,0.5
584586,B11-6177331,0.25
584586,B11-6174516,0.25
584794,CHN2013-01-462399,0.5
584794,B2013-6220851,0.5
584794,B11-6177331,0.25
584794,B11-6174516,0.25
584797,B2010-6204348,0.5
584799,CHN2015-01-0694878,0.5
584799,B2010-6204348,0.5
584986,BE04-3099057,0.5
584986,BE00-3146013,0.25
584986,BE99-3020065,0.25
584986,BE05-5201215,0.5
584996,BE05-6045400,0.5
584996,BE03-6192606,0.25
584996,BE01-6455003,0.5
585228,NL13-1544934,0.5
586716,NL06-0715629,0.5
586716,NL97-1595272,0.25
586716,NL02-1735989,0.25
586716,NL04-2143501,0.5
586716,NL02-0217453,0.25
586716,NL03-0388853,0.25
586721,B05-4233031,0.5
586721,B01-4173515,0.25
586721,B02-2114714,0.25
586721,B06-4169423,0.5
586721,B02-4377799,0.25
586721,B00-4405033,0.25
587212,NL05-1359740,0.5
587212,NL04-2082680,0.5
587213,BE09-2119274,0.5
587213,BE08-2197687,0.5
587214,BE09-2230725,0.5
587214,BE09-2119437,0.5
587224,BE10-4073509,0.5
587224,BE08-4281549,0.5
58738,B00-6452233,0.5
58738,B92-6095425,0.25
587385,BE12-4048821,0.5
58744,B02-6298815,0.5
58744,B94-6582712,0.25
58744,B04-6467378,0.5
58744,B95-6361522,0.25
587451,B10-6031858,0.5
587451,B04-6307341,0.25
587451,B03-6150214,0.125
587451,B03-6257098,0.125
587451,B98-6335690,0.25
587451,B11-6117696,0.5
587451,B10-6030939,0.25
587451,B07-6034307,0.25
588407,B07-3153257,0.5
588407,B99-3199906,0.25
588407,B01-3140119,0.25
588407,BE06-3008003,0.5
588407,BE98-3158062,0.25
588436,NL08-1569299,0.5
588470,NL04-2082662,0.5
588470,NL96-5666017,0.25
588470,NL96-5666011,0.25
588471,NL2003-1168483,0.5
588471,NL98-1249271,0.25
588471,NL97-1560008,0.25
588528,NL10-1711155,0.5
589094,B11-6282249,0.5
589094,B05-6234389,0.25
589094,B08-6147602,0.25
589094,B13-6026103,0.5
589094,B07-6221019,0.25
589940,BE06-2147500,0.5
589940,BE05-2266436,0.25
590179,NL10-2014726,0.5
590179,NL04-1226260,0.25
590179,NL04-1226133,0.25
590179,NL10-2014829,0.5
590179,NL05-1781792,0.25
590179,NL00-1890094,0.25
590872,B2010-6341112,0.5
591111,NL2015-6122919,0.5
591111,B2010-6298629,0.25
591111,B2010-6341112,0.25
591111,NL2010-1968413,0.5
591434,B2009-6041322,0.5
591434,B2012-6320663,0.5
591434,B2010-6298629,0.25
591434,B2010-6341113,0.25
591438,B2009-6041322,0.5
591438,B2012-6320663,0.5
591438,B2010-6298629,0.25
591438,B2010-6341113,0.25
591439,B2009-6041322,0.5
591439,B2012-6320663,0.5
591439,B2010-6298629,0.25
591439,B2010-6341113,0.25
591440,NL2013-6121106,0.5
591440,B2010-6298629,0.25
591440,B2010-6341112,0.25
591440,B2014-2328168,0.5
591441,B2013-6309936,0.5
591441,B2013-6122949,0.5
591441,B2010-6298629,0.25
591441,B2010-6341112,0.25
591461,B2010-6298589,0.5
591461,B2012-6141026,0.5
591461,B2008-6339126,0.25
591461,B2010-6341112,0.25
591466,GB2004-76550,0.5
591466,NL2001-4743640,0.25
591466,B2000-6367112,0.25
591466,NL2007-1802258,0.5
591466,NL2005-1936663,0.25
591466,NL2003-1116459,0.25
591467,GB2004-76550,0.5
591467,NL2001-4743640,0.25
591467,B2000-6367112,0.25
591467,NL2007-1802258,0.5
591467,NL2005-1936663,0.25
591467,NL2003-1116459,0.25
591627,DV06744-09-123,0.5
591627,DV06744-08-0403,0.5
591628,DV06744-09-123,0.5
591628,DV06744-08-0403,0.5
591631,NL2003-1262562,0.5
591631,NL2003-1536632,0.5
591632,NL2007-1087365,0.5
591632,NL2003-1536632,0.5
591634,NL2005-1663702,0.5
591634,DV02412-04-382,0.5
591635,DV06744-09-130,0.5
591635,DV02412-04-382,0.5
591657,NL2007-2073616,0.5
591657,NL2007-2073793,0.5
591658,NL2007-2073718,0.5
591658,NL2007-2073793,0.5
591661,NL2003-1429906,0.5
591661,NL2010-2039941,0.5
591664,NL2005-1349770,0.5
591664,NL2003-1430090,0.5
591668,NL2007-2073779,0.5
591668,NL2003-1430090,0.5
591681,NL2012-1570493,0.5
591681,NL2010-1926535,0.5
591682,NL2007-2073779,0.5
591682,NL2007-2073635,0.5
591837,DV06744-09-122,0.5
591837,DV02412-04-382,0.5
591850,B2011-2041694,0.5
591850,B2010-2059860,0.5
591852,B2011-2041694,0.5
591852,B2010-2059860,0.5
592093,NL08-1350154100,0.5
592093,NL98-2005540,0.25
592093,NL98-2005532,0.25
592708,BELG2005-2143070,0.5
592708,BELG1999-2036308,0.25
592708,BELG2003-3241937,0.25
592708,BELG98-3158062,0.125
592708,BELG2001-9076454,0.5
592708,BELG1996-2096341,0.25
592708,BELG1996-2096327,0.25
592814,B08-6383041,0.5
592814,B00-6480541,0.25
592814,B02-6183100,0.25
592814,B08-6383049,0.5
592814,B97-6421504,0.25
592814,B01-6345101,0.25
592972,CHN2011-22-093308,0.5
592972,CHN2012-22-673663,0.5
592972,CHN2004-32-538606,0.25
592973,CHN2011-22-093308,0.5
592973,CHN2012-22-673663,0.5
592973,CHN2004-32-538606,0.25
592975,CHN2004-32-538606,0.5
592976,CHN2011-22-093308,0.5
592976,CHN2012-22-673663,0.5
592976,CHN2004-32-538606,0.25
592977,CHN2011-22-093308,0.5
592977,CHN2012-22-771640,0.5
592977,CHN2004-32-538606,0.25
592977,CHN2007-22-739820,0.25
593150,CHN2008-22-842604,0.5
593150,CHN2012-22-771640,0.5
593150,CHN2004-32-538606,0.25
593150,CHN2007-22-739820,0.25
593812,CHN2011-01-469855,0.5
593812,CHN2008-01-968609,0.25
593812,B2003-5071602,0.375
593812,B1997-5166412,0.1875
593812,B2001-5010172,0.1875
593812,B1998-2398266,0.25
593812,B1994-5314930,0.125
593812,B1991-5248546,0.0625
593812,B1991-5248516,0.0625
593812,B1995-2363122,0.125
593812,B1990-2523263,0.0625
593812,B1987-3190166,0.0625
593812,CHN2007-01-480762,0.25
593812,CHN2011-01-469262,0.5
593812,CHN2009-01-803709,0.25
593812,CHN2009-01-222586,0.25
593812,CHN2006-01-020578,0.125
593835,CHN2014-01-00694,0.5
593835,CHN2008-01-968609,0.25
593835,B2003-5071602,0.25
593835,B1997-5166412,0.125
593835,B2001-5010172,0.125
593835,B1998-2398266,0.125
593835,B1994-5314930,0.0625
593835,B1991-5248546,0.03125
593835,B1991-5248516,0.03125
593835,B1995-2363122,0.0625
593835,B1990-2523263,0.03125
593835,B1987-3190166,0.03125
593835,CHN2009-01-803710,0.25
593835,B2001-6234954,0.125
593835,B1998-6484219,0.0625
593835,B1990-6088614,0.0625
593835,B1996-6335231,0.125
593835,B1991-6445551,0.0625
593835,B1990-6531177,0.03125
593835,B1989-6366084,0.03125
593835,B1994-6086120,0.0625
593835,B1992-6542371,0.03125
593835,B1992-6542479,0.03125
593835,CHN2014-01-04477,0.5
593835,CHN2010-01-968028,0.25
593835,B2002-4478706,0.125
593835,B2000-4065833,0.0625
593835,B1996-4391982,0.03125
593835,B1998-4184899,0.03125
593835,B1999-4393573,0.0625
593835,B1996-4391925,0.03125
593835,B1991-4261261,0.03125
593835,CHN1998-01-028823,0.125
593835,CHN2008-01-968506,0.25
593835,B1995-5111447,0.125
593874,NL15-1144402,0.5
593874,NL14-1389987,0.5
59432,NL79-342670,0.5
59432,NL76-1837108,0.5
59432,NL01-1822826,0.25
594834,DV01769-15-356,0.5
594834,B14-6174365,0.25
594834,DV01769-08-162,0.25
594834,DV01769-06-20,0.125
594834,DV01769-02-638,0.125
594834,DV01769-97-27,0.0625
594834,DV09341-98-770,0.0625
594834,DV01769-16-3679,0.5
594834,B13-6143683,0.25
594834,B12-6314367,0.25
595413,B2004-2125350,0.5
596822,BE04-4278829,0.5
596822,BE00-4267503,0.25
596822,BE02-2095003,0.25
596822,BE09-2119284,0.5
596844,NL10-1961591,0.5
596844,NL09-1502098,0.25
596844,NL97-1962137,0.25
596844,NL10-1984130,0.5
596844,NL08-1869135,0.25
596844,NL06-1412588,0.25
596844,B98-3158091,0.125
596844,B02-3003539,0.125
597091,B08-3192649,0.5
597091,B01-3003333,0.25
597091,B05-3006569,0.5
597091,B01-3031030,0.25
597091,B98-3158062,0.25
597092,B13-6151184,0.5
597092,B08-6156468,0.25
597092,B07-6336568,0.375
597092,B07-6338238,0.125
597092,B08-6064501,0.25
597092,B05-6038970,0.125
597092,B05-6038956,0.125
597092,B13-6313923,0.5
597092,B07-6337270,0.25
597991,B05-6336791,0.5
597991,B96-6523333,0.25
597991,B95-6246005,0.25
597991,B90-6652120,0.125
597991,B93-6621023,0.125
597991,B05-3224546,0.5
597991,B03-6381698,0.25
597991,B01-6370331,0.125
597991,B98-3158062,0.25
597993,B2012-3088157,0.5
597993,B10-3047071,0.25
597993,B07-4361085,0.125
597993,B06-4081816,0.0625
597993,B01-4094638,0.0625
597993,B99-4262223,0.03125
597993,B99-3199708,0.125
597993,B95-3211364,0.0625
597993,B91-3204047,0.0625
597993,B06-3008003,0.25
597993,B00-3195099,0.125
597993,B95-3185530,0.0625
597993,B93-3051184,0.0625
597993,B98-3158062,0.125
597993,B05-3224545,0.5
597993,B03-6381698,0.25
597993,B01-6370331,0.125
597994,BE06-3008403,0.5
597994,B04-3069722,0.25
597994,BE00-3200602,0.25
597994,B05-3224545,0.5
597994,B03-6381698,0.25
597994,B01-6370331,0.125
598371,B02-6175791,0.5
598371,B97-6162118,0.375
598371,B99-6381018,0.25
598371,B94-6336112,0.125
598371,B04-6177653,0.5
598371,B98-6421220,0.25
598371,B99-2396264,0.25
598374,B10-6297752,0.5
598374,NL07-1183353,0.5
598375,B10-6297752,0.5
598375,NL07-1183353,0.5
598549,B07-6140002,0.5
598549,B02-6051506,0.25
598549,B02-6051566,0.25
598549,B02-6051773,0.5
598549,B91-6178110,0.25
598549,B94-6093632,0.25
598549,B83-6528577,0.125
598549,B85-6392475,0.125
598554,B16-4091337,0.5
598554,B14-4009096,0.25
598554,B06-4296522,0.5
598554,B01-4094502,0.25
598554,B93-3268617,0.25
598554,B16-4091301,0.5
598554,B15-4134246,0.25
598555,NL06-1569744,0.5
598555,NL00-2373103,0.25
598555,NL99-1498721,0.25
598555,NL04-1389747,0.5
598555,B99-4393519,0.25
598555,B98-4184712,0.125
598555,B94-4407032,0.125
598635,B13-6313976,0.5
598635,B10-6291386,0.25
598635,B10-6358364,0.25
598635,B10-6291348,0.5
598635,B08-6156468,0.25
598635,B07-6336568,0.125
598635,B07-6338238,0.125
598635,B08-6064501,0.25
598635,B05-6038970,0.125
598635,B05-6038956,0.125
598636,B14-6091883,0.5
598636,B13-6139813,0.25
598636,B13-6139848,0.25
598636,B13-6313952,0.5
598636,B06-6314337,0.25
598637,B13-6321374,0.5
598637,B08-6064586,0.25
598637,B10-6358361,0.25
598637,B14-6087164,0.5
598637,B11-6027867,0.25
598637,B04-6393307,0.125
598637,B10-6186124,0.125
598637,B13-6195132,0.25
598637,B11-6167150,0.125
598803,CHN2013-15-008150,0.5
598803,CHN2015-15-0084444,0.5
598808,CHN2015-15-0084438,0.5
598808,CHN2014-15-407410,0.5
598808,CHN2007-15-051311,0.25
598808,CHN2006-15-089230,0.25
598810,CHN2013-01-180850,0.5
598810,CHN2009-15-083177,0.5
598816,CHN2015-15-0084406,0.5
598816,CHN2007-15-051311,0.25
598816,CHN2009-15-083177,0.25
598816,CHN2015-15-0084430,0.5
598816,B10-6065502,0.25
598816,CHN2014-15-407444,0.25
598818,CHN2013-15-008150,0.5
598818,CHN2009-15-083177,0.5
598820,CHN2013-01-180850,0.5
598820,CHN2009-15-083177,0.5
598821,CHN2013-01-180850,0.5
598821,CHN2009-15-083177,0.5
598969,CHN12-03-666150,0.5
598969,B09-6114940,0.5
599052,BE10-6163736,0.5
599169,BE02-6354241,0.5
599169,BE94-6366938,0.25
599191,BE09-6348500,0.5
599191,B01-6455003,0.25
599191,B95-6302321,0.125
599191,B98-6160968,0.125
599199,NL02-5255446,0.5
599199,NL99-2585526,0.25
599200,NL02-5255446,0.5
599200,NL99-2585526,0.25
599201,NL02-5255446,0.5
599201,NL99-2585526,0.25
599850,B01-6473742,0.5
599850,B98-6495044,0.25
599850,B94-6567156,0.25
599850,B97-6549507,0.5
599850,B94-6561649,0.25
599850,B93-6095331,0.25
599852,B01-6470167,0.5
599852,B99-6479272,0.25
599852,B95-6282038,0.25
599852,B97-6549507,0.5
599852,B94-6561649,0.25
599852,B93-6095331,0.25
599853,B01-6470167,0.5
599853,B99-6479272,0.25
599853,B95-6282038,0.25
599853,B97-6549507,0.5
599853,B94-6561649,0.25
599853,B93-6095331,0.25
599860,B01-6473742,0.5
599860,B98-6495044,0.25
599860,B94-6567156,0.25
599860,B97-6549507,0.5
599860,B94-6561649,0.25
599860,B93-6095331,0.25
599861,B04-6277729,0.5
599861,B02-6106932,0.25
599861,B00-6243714,0.125
599861,B00-6243597,0.125
599861,B96-6600523,0.25
599861,B95-6427760,0.125
599861,N92-6208105,0.125
599861,B02-6432443,0.5
599861,B00-6372967,0.25
599861,B97-6501610,0.25
599863,B02-6106932,0.5
599863,B00-6243714,0.25
599863,B00-6243597,0.25
599863,B96-6600523,0.5
599863,B95-6427760,0.25
599863,N92-6208105,0.25
599864,B08-2028406,0.5
599864,B06-5010003,0.25
599864,B07-2049144,0.25
599864,B07-2049001,0.5
599864,B04-6277729,0.25
599864,B02-6106932,0.125
599864,B00-6243714,0.0625
599864,B00-6243597,0.0625
599864,B96-6600523,0.125
599864,B95-6427760,0.0625
599864,N92-6208105,0.0625
599864,B04-2198277,0.25
599866,B05-6448111,0.5
599866,B04-6277729,0.25
599866,B02-6106932,0.125
599866,B00-6243714,0.0625
599866,B00-6243597,0.0625
599866,B96-6600523,0.125
599866,B95-6427760,0.0625
599866,N92-6208105,0.0625
599866,B97-6165725,0.25
599866,B96-6223374,0.125
599866,B96-6223331,0.125
599866,B98-6594053,0.5
599866,B96-6223094,0.25
599866,B82-6380170,0.25
599868,B09-4101957,0.5
599868,B06-4060676,0.25
599868,B07-4212846,0.25
599868,B01-6499306,0.5
599868,B93-6221429,0.25
599868,B93-6442526,0.25
599869,B11-6061004,0.5
599869,D04-6498755,0.25
599869,B06-60996355,0.25
599869,B06-3201619,0.5
599869,B03-3056322,0.25
599869,B04-3230989,0.25
599870,B12-6044432,0.5
599870,B09-6136084,0.25
599870,B08-6092226,0.25
599870,B06-6096317,0.5
599870,B01-6123470,0.25
599870,B02-6276212,0.25
599871,B11-6061242,0.5
599871,B08-5026155,0.25
599871,B09-6316045,0.25
599871,NL10-1870079,0.5
599871,NL01-2418169,0.25
599871,NL06-1271069,0.25
599872,B11-6061242,0.5
599872,B08-5026155,0.25
599872,B09-6316045,0.25
599872,NL10-1870079,0.5
599872,NL01-2418169,0.25
599872,NL06-1271069,0.25
599873,B14-4234253,0.5
599873,B10-3047086,0.5
599873,B09-6130692,0.25
599873,B06-3008003,0.25
599873,B00-3195099,0.125
599873,B95-3185530,0.0625
599873,B93-3051184,0.0625
599873,B98-3158062,0.125
599874,B12-3162876,0.5
599874,B07-4361085,0.25
599874,B06-4081816,0.125
599874,B01-4094638,0.125
599874,B99-4262223,0.0625
599874,B99-3199708,0.25
599874,B95-3211364,0.125
599874,B91-3204047,0.125
599874,B08-3035055,0.5
599874,B04-3001796,0.25
599874,B01-3031007,0.25
599875,B08-3192649,0.5
599875,B01-3003333,0.25
599875,B05-3006569,0.5
599875,B01-3031030,0.25
599875,B98-3158062,0.25
599902,B12-6157288,0.5
599902,B10-6298072,0.25
599902,B03-6277418,0.5
599902,B02-6315014,0.25
599902,B98-6216290,0.25
599902,B10-6251541,0.5
599902,NL08-1628683,0.25
599904,B11-6108639,0.5
599904,B05-6234500,0.25
599904,B03-6277483,0.25
599904,B00-61759805,0.125
599904,B00-6175870,0.125
599904,B12-6215696,0.5
599904,B11-6238573,0.25
599904,B09-6323112,0.25
599905,B10-6344248,0.5
599905,B07-6366500,0.25
599905,B05-6337884,0.25
599905,B11-6108728,0.5
599905,B02-6315014,0.25
599905,B03-6277483,0.25
599905,B00-61759805,0.125
599905,B00-6175870,0.125
599906,B09-6356404,0.5
599906,B02-6315014,0.3125
599906,B03-6277483,0.25
599906,B00-61759805,0.125
599906,B00-6175870,0.125
599906,B13-6313091,0.5
599906,B07-6026438,0.25
599906,B10-6251541,0.25
599906,NL08-1628683,0.125
599906,B03-6277418,0.125
599906,B98-6216290,0.0625
599907,B13-1256640,0.5
599907,B10-2072289,0.25
599907,B10-6251541,0.25
599907,NL08-1628683,0.125
599907,B03-6277418,0.125
599907,B02-6315014,0.0625
599907,B98-6216290,0.0625
599907,B12-6327442,0.5
599907,B05-6116293,0.25
599907,B03-6277483,0.25
599907,B00-61759805,0.125
599907,B00-6175870,0.125
599908,B10-4328070,0.5
599908,B04-4217117,0.25
599908,B08-4351119,0.25
599908,B13-4270569,0.5
599908,B11-4090197,0.25
599908,B04-4217110,0.25
599910,B11-4312626,0.5
599910,B99-4262223,0.625
599910,B01-4094638,0.25
599910,B10-4327607,0.5
599910,B04-4437282,0.25
599911,B06-4371192,0.5
599911,B03-4135851,0.25
599911,B01-4094638,0.25
599911,B99-4262223,0.375
599911,B07-4373192,0.5
599911,B04-4437282,0.25
599912,B11-4302355,0.5
599912,B06-4371192,0.25
599912,B03-4135851,0.125
599912,B01-4094638,0.375
599912,B99-4262223,0.1875
599912,B03-4135782,0.25
599912,B09-4340114,0.5
599912,B03-4135799,0.25
599914,B14-6095402,0.5
599914,B08-6064585,0.25
599914,B06-6053535,0.125
599914,B04-6036475,0.125
599914,B12-6315153,0.25
599914,B10-6031800,0.125
599914,B11-6115021,0.125
599914,B12-6315127,0.5
599914,B10-3169150,0.25
599914,BE05-3083812,0.125
599914,BE00-3272760,0.125
599914,B03-6257098,0.25
599915,B11-6240721,0.5
599915,B06-6210005,0.25
599915,B97-6466984,0.125
599915,B95-6246005,0.125
599915,B90-6652120,0.0625
599915,B93-6621023,0.0625
599915,B05-6045015,0.25
599915,B08-6177503,0.5
599915,B05-6176104,0.25
599915,B05-6176147,0.25
599916,B14-6095402,0.5
599916,B08-6064585,0.25
599916,B06-6053535,0.125
599916,B04-6036475,0.125
599916,B12-6315153,0.25
599916,B10-6031800,0.125
599916,B11-6115021,0.125
599916,B12-6315127,0.5
599916,B10-3169150,0.25
599916,BE05-3083812,0.125
599916,BE00-3272760,0.125
599916,B03-6257098,0.25
599917,B08-6064585,0.5
599917,B06-6053535,0.25
599917,B04-6036475,0.25
599917,B12-6315153,0.5
599917,B10-6031800,0.25
599917,B11-6115021,0.25
599990,C07-333361,0.5
599990,B00-2408355,0.25
599990,B98-2214442,0.25
600301,B09-3040149,0.5
600301,B08-3037512,0.25
600301,B06-2158233,0.25
600522,BE05-3006503,0.5
600522,B97-6539152,0.25
600522,B98-3158062,0.25
600527,B05-3006583,0.5
600527,B94-3237367,0.25
600528,B07-510704,0.5
600528,B02-681972,0.25
600528,B00-9103534,0.25
600528,BE06-3008003,0.5
600528,BE98-3158062,0.25
600529,NL09-1727851,0.5
600529,B06-3204724,0.25
600529,B01-3172930,0.125
600529,B98-3158062,0.375
600529,NL03-5343048,0.25
600529,B04-3001781,0.5
600530,NL12-1130257,0.5
600530,NL02-2320271,0.25
600530,B95-3211468,0.125
600530,B95-3211424,0.125
600530,B04-3001781,0.5
600530,B98-3158062,0.25
600534,NL02-2320271,0.5
600534,B95-3211468,0.25
600534,B95-3211424,0.25
600534,B04-3001781,0.5
600534,B98-3158062,0.25
600535,B04-3069721,0.5
600535,B98-3158062,0.25
600535,B05-3006583,0.5
600535,B94-3237367,0.25
600536,NL10-1165875,0.5
600536,B06-3204724,0.25
600536,B01-3172930,0.125
600536,B98-3158062,0.125
600536,NL03-5343048,0.25
600536,NL05-1990184,0.5
600536,B96-3156136,0.25
600537,B07-7479070,0.5
600537,B03-3130412,0.25
600538,B06-3204724,0.5
600538,B01-3172930,0.25
600538,B98-3158062,0.25
600538,B04-3001674,0.5
600538,B01-3031244,0.25
600538,B90-3119128,0.25
600539,B07-7479070,0.5
600539,B03-3130412,0.25
600542,B99-2036308,0.5
600542,B94-2061091,0.25
600542,B94-6059276,0.25
600543,B98-6084339,0.5
600543,B93-6057704,0.25
600543,B94-6081753,0.25
600543,B92-2198165,0.5
600543,B91-6437358,0.25
600543,B83-2350199,0.25
600549,B11-2083206,0.5
600549,B06-2082050,0.25
600549,B92-2198165,0.125
600549,B91-6437358,0.0625
600549,B83-2350199,0.125
600549,B01-2137150,0.25
600549,B87-4021090,0.1875
600549,B90-2553359,0.125
600583,B98-2366924100,0.5
600583,B85-6580826,0.25
600583,DV03661-94-100,0.25
600583,B96-6515027,0.5
600583,B81-6688022,0.25
600583,B85-6580715,0.25
600707,NL07-1644107,0.5
600707,NL01-1672053,0.25
601048,B12-6326799,0.5
601048,B07-6371100,0.25
601048,B10-6146101,0.25
601048,B12-6321655,0.5
601048,B10-6339927,0.25
601048,B02-6113220,0.25
601048,B00-6440232,0.125
601048,B97-6210632,0.0625
601048,B95-6303932,0.0625
601048,B00-6141444,0.125
602625,BE15-6092051,0.5
602625,BE13-6314736,0.25
602625,BE12-6183960,0.125
602625,BE12-6183820,0.125
602625,BE14-6239014,0.25
602625,BE05-6337291,0.125
602625,BE08-6339459,0.125
602625,BE15-6091689,0.5
602625,B05-6453989,0.25
602625,BE11-6240027,0.25
602632,BE13-6215692,0.5
602632,BE10-6284702,0.25
602632,BE08-6338583,0.25
602632,BE14-6239376,0.5
602632,BE05-6116272,0.25
602632,BE12-6140335,0.25
602633,NL09-1181313,0.5
602633,NL03-1272712,0.25
602633,NL97-9779802,0.125
602633,NL94-9410369,0.125
602633,NL06-1062201,0.25
602633,NL14-1050916,0.5
602633,NL02-0271883,0.25
602633,NL99-9964496,0.125
602633,NL93-1125375,0.125
602633,NL08-1660055,0.25
602638,BE13-6314736,0.5
602638,BE12-6183960,0.25
602638,BE12-6183820,0.25
602638,BE14-6239014,0.5
602638,BE05-6337291,0.25
602638,BE08-6339459,0.25
602741,DV02098-11-133,0.5
602741,DV02098-11-33,0.5
602753,NL06-1651438,0.5
602753,B96-3156136,0.25
602753,B04-3001781,0.75
602753,B98-3158062,0.375
602824,DV02098-13-778,0.5
602824,NL06-1597789,0.25
602824,DV02098-04-1330,0.25
602824,DV02098-08-99,0.5
602824,DV02098-07-333,0.25
602824,DV02098-98-568,0.125
602824,DV02098-95-12,0.375
602829,NL15-1847297,0.5
602829,NL10-1882377,0.25
602829,NL14-1209868,0.25
602829,NL15-1273860,0.5
602829,B11-5060295,0.25
602829,B09-2203218,0.125
602829,B07-2103401,0.125
602829,B93-3354340,0.0625
602829,B04-3230936,0.0625
602829,BE00-3200601,0.03125
602829,B98-3158062,0.15625
602829,B04-3001781,0.25
602832,DV02098-05-678,0.5
602832,B02-6433588,0.25
602832,DV02098-02-555,0.5
602832,DV02098-09-1881,0.5
602832,DV02098-98-568,0.25
602923,B12-6122953,0.5
602923,B11-6093027,0.25
602923,B03-6191874,0.25
602923,B12-6322937,0.5
602923,B10-6345348,0.25
602923,B05-6049767,0.25
602974,B15-6090922,0.5
602974,B13-6304231,0.25
602974,B10-6291346,0.125
602974,B10-6146323,0.125
602974,B10-6251541,0.25
602974,NL08-1628683,0.125
602974,B03-6277418,0.125
602974,B02-6315014,0.0625
602974,B98-6216290,0.0625
602974,B15-6090799,0.5
602974,B13-6313926,0.25
602974,B03-6277483,0.25
602974,B00-61759805,0.125
602974,B00-6175870,0.125
602977,NL13-1395621,0.5
602977,NL10-1083068,0.25
602977,NL07-2007621,0.375
602977,NL05-1936558,0.1875
602977,B01-3266512,0.1875
602977,NL14-1210052,0.5
602977,NL13-1394911,0.25
602977,NL12-1783885,0.25
602983,NL07-1207701,0.5
602983,NL05-1937087,0.25
602983,NL04-1389504,0.5
602983,NL97-2252940,0.25
602983,NL96-8022870,0.125
602983,NL92-53103641995,0.125
602983,NL97-2253103,0.25
602983,B96-6286060,0.125
602983,NL88-2763998,0.125
602995,DV02098-14-1341,0.5
602995,DV07237-07-24,0.25
602995,DV02098-04-1463,0.125
602995,DV02098-99-802,0.125
602995,DV02098-05-550,0.25
602995,DV02098-93-665,0.125
602995,DV02098-95-12,0.375
602995,DV02098-09-1900,0.5
602995,DV02098-99-1000,0.25
603179,B14-3150682,0.5
603179,B09-3095175,0.375
603179,B06-3008003,0.25
603179,B00-3195099,0.125
603179,B95-3185530,0.0625
603179,B93-3051184,0.0625
603179,B98-3158062,0.125
603179,B15-3147831,0.5
603179,B07-3200000,0.25
603179,B06-2452361,0.125
603179,B05-3224593,0.125
603179,B13-3056024,0.25
603180,DV09460-09-525,0.5
603180,DV02098-01-13,0.25
603180,DV02098-98-1163,0.25
603180,DV03145-10-672,0.5
603180,DV07237-09-416,0.25
603180,DV07237-02-428,0.125
603180,DV02098-99-802,0.125
603180,DV02098-03-1070,0.25
603180,DV02098-93-665,0.125
603180,DV02098-95-12,0.125
603184,NL00-5063898,0.5
603184,NL89-4045749,0.25
603184,NL88-2763913,0.25
603184,DV02098-06-312,0.5
603184,DV02098-03-1111,0.25
603184,DV02098-04-1530,0.25
603188,DV07237-05-0653,0.5
603188,DV03916-0604,0.25
603188,DV02098-99-802,0.25
603188,DV01-07237-1495,0.5
603188,DV04153-9501331,0.25
603188,DV08441--97-0119,0.25
603359,C05-155899,0.5
603415,NL11-1237602,0.5
603415,NL02-2320271,0.25
603415,B95-3211468,0.125
603415,B95-3211424,0.125
603415,B04-3001781,0.75
603415,B98-3158062,0.375
603633,B11-6091746,0.5
603633,B13-6151283,0.5
605648,B11-6261696,0.5
605648,B10-6166261,0.25
605648,B10-6166240,0.5
605648,B06-2253000,0.25
605648,B94-6495178,0.25
606092,CHN2015-01-1162066,0.5
606092,B2013-4102384,0.25
606092,CHN2011-01-469897,0.25
606092,CHN2013-01-1236119,0.5
606092,B2003-3186429,0.25
606092,B2000-3128435,0.125
606092,B1994-3238558,0.0625
606092,B1989-3315380,0.0625
606092,B1993-3183025,0.125
606092,B1992-3082421,0.0625
606092,B1987-3052819,0.0625
606092,B2003-4133532,0.25
606092,B1998-4197168,0.125
606092,B1996-4171703,0.0625
606092,B1989-4288521,0.0625
606092,B1995-4440907,0.125
606092,B1990-4319953,0.0625
606092,B1988-4243575,0.0625
606108,NL2011-1740845,0.5
606108,NL2009-1186381,0.25
606108,NL2007-1817879,0.25
606108,NL2011-1741062,0.5
606108,NL2005-1394729,0.25
606108,NL2008-2048939,0.25
606116,CHN2011-01-469855,0.5
606116,CHN2008-01-968609,0.25
606116,B2003-5071602,0.375
606116,B1997-5166412,0.1875
606116,B2001-5010172,0.1875
606116,B1998-2398266,0.25
606116,B1994-5314930,0.125
606116,B1991-5248546,0.0625
606116,B1991-5248516,0.0625
606116,B1995-2363122,0.125
606116,B1990-2523263,0.0625
606116,B1987-3190166,0.0625
606116,CHN2007-01-480762,0.25
606116,CHN2011-01-469262,0.5
606116,CHN2009-01-803709,0.25
606116,CHN2009-01-222586,0.25
606116,CHN2006-01-020578,0.125
606119,B2007-6310392,0.5
606119,B1998-6589910,0.25
606119,B1998-6278036,0.25
606119,CHN2009-01-803710,0.5
606119,B2001-6234954,0.25
606119,B1998-6484219,0.125
606119,B1990-6088614,0.125
606119,B1996-6335231,0.25
606119,B1991-6445551,0.125
606119,B1990-6531177,0.0625
606119,B1989-6366084,0.0625
606119,B1994-6086120,0.125
606119,B1992-6542371,0.0625
606119,B1992-6542479,0.0625
606123,CHN2016-01-1485655,0.5
606123,CHN2013-01-1236632,0.25
606123,CHN2010-01-968017,0.125
606123,B2003-3186429,0.0625
606123,B2000-3128435,0.03125
606123,B1994-3238558,0.015625
606123,B1989-3315380,0.015625
606123,B1993-3183025,0.03125
606123,B1992-3082421,0.015625
606123,B1987-3052819,0.015625
606123,B1998-2398266,0.25
606123,B1994-5314930,0.125
606123,B1991-5248546,0.0625
606123,B1991-5248516,0.0625
606123,B1995-2363122,0.125
606123,B1990-2523263,0.0625
606123,B1987-3190166,0.0625
606123,CHN2012-24-608489,0.125
606123,CHN2014-01-00707,0.25
606123,B2008-6144214,0.125
606123,CHN2011-01-469905,0.125
606123,B2003-2120191,0.0625
606123,B1998-4185270,0.03125
606123,B1997-4263054,0.015625
606123,B1991-4560548,0.015625
606123,B1993-4429362,0.03125
606123,B1990-4208471,0.015625
606123,B1989-4139920,0.015625
606123,CHN2011-01-469821,0.5
606123,CHN2009-01-981112,0.25
606123,CHN2005-01-502380,0.125
606123,B2007-5067344,0.125
606123,B2000-4065880,0.0625
606123,B1998-4184729,0.03125
606123,B1998-3024841,0.03125
606123,B2001-6182211,0.0625
606123,B1998-5296409,0.03125
606123,B1997-6523459,0.03125
606123,CHN2008-01-968616,0.25
606123,B2001-2335676,0.125
606124,CHN2013-01-1236632,0.5
606124,CHN2010-01-968017,0.25
606124,B2003-3186429,0.125
606124,B2000-3128435,0.0625
606124,B1994-3238558,0.03125
606124,B1989-3315380,0.03125
606124,B1993-3183025,0.0625
606124,B1992-3082421,0.03125
606124,B1987-3052819,0.03125
606124,B1998-2398266,0.25
606124,B1994-5314930,0.125
606124,B1991-5248546,0.0625
606124,B1991-5248516,0.0625
606124,B1995-2363122,0.125
606124,B1990-2523263,0.0625
606124,B1987-3190166,0.0625
606124,CHN2012-24-608489,0.25
606124,CHN2014-01-00707,0.5
606124,B2008-6144214,0.25
606124,CHN2011-01-469905,0.25
606124,B2003-2120191,0.125
606124,B1998-4185270,0.0625
606124,B1997-4263054,0.03125
606124,B1991-4560548,0.03125
606124,B1993-4429362,0.0625
606124,B1990-4208471,0.03125
606124,B1989-4139920,0.03125
606258,NL2011-1741026,0.5
606258,NL2007-1817969,0.25
606258,NL2004-2050252,0.125
606258,NL2003-1103686,0.125
606258,NL2008-1583452,0.25
606258,NL2012-1616576,0.5
606258,NL2010-1082759,0.25
606258,NL2003-1135475,0.25
606258,NL2002-1635264,0.125
606258,NL1995-1941948,0.125
60641,BE01-6255579,0.5
60641,BE98-6210293,0.25
60641,BE98-6210287,0.25
60641,BE96-6223279,0.5
60641,BE78-6145268,0.25
60641,BE82-6380170,0.25
606803,B08-6372842,0.5
606803,B06-6148017,0.25
606803,B03-6192634,0.25
606803,B05-6045278,0.5
606803,B02-6113358,0.25
606803,B01-6455003,0.25
606803,B95-6302321,0.125
606803,B98-6160968,0.125
608055,NL08-1506273,0.5
608055,B06-6056106,0.25
608055,NL06-1236687,0.25
608055,NL10-1836644,0.5
608055,B09-6358601,0.25
608055,NL01-2092200,0.25
608890,C2012-02-234447,0.5
609485,B09-6040908,0.5
609485,B06-6211149,0.25
609485,B04-6096339,0.25
609485,BE08-6177698,0.5
609485,B07-6033110,0.25
609485,B98-6335690,0.25
609528,B14-6091825,0.5
609528,B11-6269997,0.25
609528,B09-6293992,0.25
610014,NL15-1850518,0.5
610014,NL14-1208704,0.25
610014,NL07-2007621,0.25
610014,NL05-1936558,0.25
610014,B01-3266512,0.25
610014,NL15-1848891,0.5
610014,NL10-1864544,0.25
610014,NL07-2007622,0.25
610015,NL16-1567750,0.5
610015,NL15-1849719,0.25
610015,NL12-1783648,0.5
610015,NL10-1864339,0.25
610015,NL10-3054660,0.25
61018,B07-4085218,0.5
61018,BE05-4400566,0.25
61018,BE01-4174049,0.25
611181,CHN05-09-028582,0.5
611181,CHN01-09-283395,0.5
611366,CHN05-09-028582,0.5
611366,CHN01-09-283395,0.5
612221,B01-6527916,0.5
612221,B00-6145017,0.25
612221,B99-6547901,0.25
612221,B95-6246005,0.5
612221,B90-6652120,0.25
612221,B93-6621023,0.25
612250,B03-6287040,0.5
612250,B95-6300210,0.25
612250,B94-07348443,0.25
612431,B05-9029082,0.5
612431,B02-9050056,0.25
612431,B98-9147006,0.25
612431,B05-9029203,0.5
612431,B03-9021332,0.25
612431,B98-9147146,0.25
612674,BELG2012-3691293,0.5
612674,BELG2005-5369393,0.25
612674,BELG2008-5369969,0.25
612674,BELG2013-3159460,0.5
612674,BELG2004-3069721,0.25
612674,BELG2005-3006583,0.25
612678,BELG2009-3095237,0.5
612678,BELG2004-3069722,0.25
612678,BELG2002-3003592,0.25
612678,BELG2012-3127549,0.5
612678,BELG2007-4026135,0.25
612678,BELG2007-3199999,0.25
612678,BELG2006-2452361,0.125
612678,BELG2005-3224593,0.125
612700,BELG2015-3025153,0.5
612700,BELG2012-1665470,0.25
612700,BELG2012-3203219,0.25
612700,BELG2014-3067001,0.5
612700,BELG2006-3008013,0.25
612700,BELG2009-5052387,0.25
612701,BELG2015-3025100,0.5
612701,BELG2011-321097,0.25
612701,BELG2012-6023348,0.25
612701,BELG2014-3067002,0.5
612701,BELG2007-3199994,0.25
612701,BELG2009-5052387,0.25
612703,BELG2013-3164523,0.5
612703,BELG2012-3127542,0.25
612703,BELG2007-3043418,0.25
612703,BELG2010-3179399,0.5
612703,BELG2006-1974998,0.25
612703,BELG1999-3199708,0.25
612706,BELG2012-4241083,0.5
612706,CHN2010-3020292,0.25
612706,BELG2009-3040107,0.25
612706,BELG2012-3162875,0.5
612706,BELG2007-4361085,0.25
612706,BELG1999-3199708,0.25
612712,BELG2009-6111546,0.5
612712,BELG2006-6034734,0.25
612712,BELG2012-6023210,0.5
612712,BELG2009-2035886,0.25
612712,BELG2010-6297742,0.25
612718,BELG2010-6031800,0.5
612718,BELG2004-6307341,0.25
612718,BELG1998-6335690,0.25
612718,BELG2011-6115021,0.5
612718,BELG2010-6166238,0.25
612718,BELG2010-6163863,0.25
612869,B10-9079024,0.5
612869,B04-9155122,0.25
612869,B02-4247514,0.25
612869,B10-9039103,0.5
612869,B07-9023100,0.25
612869,B08-4003767,0.25
612869,B07-4067926,0.125
612869,B04-4375940,0.125
612871,B12-9105289,0.5
612871,B11-9065108,0.25
612871,B04-9134245,0.25
612871,B08-4003767,0.5
612871,B07-4067926,0.25
612871,B04-4375940,0.25
613161,B12-9093118,0.5
613161,B05-9083076,0.25
613161,B02-9069958,0.25
613161,B08-4003774,0.5
613161,B07-4067927,0.25
613161,B06-4126150,0.25
613162,B12-9105289,0.5
613162,B11-9065108,0.25
613162,B04-9134245,0.25
613162,B08-4003767,0.5
613162,B07-4067926,0.25
613162,B04-4375940,0.25
613754,DV01769-08-162,0.5
613754,DV01769-06-20,0.25
613754,DV01769-02-638,0.25
613754,DV01769-97-27,0.125
613754,DV09341-98-770,0.125
613990,B07-6363154,0.5
613990,B02-6256134,0.25
613990,B95-6246200,0.25
613990,B02-6256187,0.5
613990,B97-4266072,0.25
613990,B96-6618829,0.25
614410,B05-5201292,0.5
614410,B02-2325795,0.25
614410,B04-5174972,0.25
614410,B09-3187450,0.5
614410,B07-3161836,0.25
614410,B03-3131024,0.125
614410,B98-3194065,0.125
614410,B99-3020065,0.25
614410,B95-3336674,0.125
614410,B92-3138672,0.0625
614410,B89-3160827,0.0625
614410,B92-3138647,0.125
614410,B87-3089349,0.0625
614410,B88-3307763,0.0625
614492,B07-6207185,0.5
614492,B04-6033267,0.5
615001,B14-4007043,0.5
615001,B09-4259012,0.25
615001,B06-4149046,0.25
615001,B14-4007055,0.5
615001,B09-4259054,0.25
615001,B08-4163098,0.25
615004,B14-4260241,0.5
615004,B12-3053826,0.25
615004,B10-4095160,0.25
615004,B13-4078510,0.5
615004,B04-4417780,0.25
615004,B05-4362298,0.25
615025,B14-4264500,0.5
615025,B09-4259012,0.25
615025,B06-4149046,0.25
615025,B14-4007055,0.5
615025,B09-4259054,0.25
615025,B08-4163098,0.25
615029,B14-4260241,0.5
615029,B12-3053826,0.25
615029,B10-4095160,0.25
615029,B13-4078510,0.5
615029,B04-4417780,0.25
615029,B05-4362298,0.25
615045,DV02412-09-0441,0.5
615045,NL07-2070319,0.25
615045,DV02412-05-0308,0.25
615045,DV06744-06-0384,0.5
615045,DV07237-03-1407,0.25
615045,DV01850-98-0508,0.25
615046,DV02412-09-0441,0.5
615046,NL07-2070319,0.25
615046,DV02412-05-0308,0.25
615046,DV06744-06-0384,0.5
615046,DV07237-03-1407,0.25
615046,DV01850-98-0508,0.25
615059,DV02412-11-0292,0.5
615059,DV06744-04-0516,0.25
615059,DV06744-14-0273,0.5
615059,DV02412-2009-0412,0.25
615059,NL05-1663702,0.125
615059,DV02412-04-0382,0.125
615059,DV06744-09-0118,0.25
615059,DV06744-07-0908,0.125
615059,NL08-1918165,0.125
615060,DV02412-09-0441,0.5
615060,NL07-2070319,0.25
615060,DV02412-05-0308,0.25
615060,DV06744-09-0118,0.5
615060,DV06744-07-0908,0.25
615060,NL08-1918165,0.25
615067,DV02412-13-0500,0.5
615067,DV02412-10-0354,0.25
615067,DV02412-2010-0355,0.25
615067,DV06744-14-0261,0.5
615067,DV03789-13-0636,0.25
615067,DV02412-04-0382,0.25
615068,DV03789-09-0749,0.5
615068,DV00210-14-0440,0.5
615068,BE09-6358190,0.25
615068,DV00210-06-0242,0.25
615069,DV06744-12-0814,0.5
615069,DV02412-09-0405,0.25
615069,DV02412-11-0228,0.25
615069,DV01553-12-0457,0.5
615069,DV01553-06-0051,0.25
615069,DV01553-01-0368,0.25
615071,DV02412-11-0286,0.5
615071,DV06744-09-0123,0.25
615071,DV06744-08-0403,0.25
615072,DV02412-2009-0412,0.5
615072,NL05-1663702,0.25
615072,DV02412-04-0382,0.25
615072,DV06744-09-0118,0.5
615072,DV06744-07-0908,0.25
615072,NL08-1918165,0.25
615073,DV03789-12-0440,0.5
615073,DV08689-11-0409,0.25
615073,DV03789-07-1043,0.25
615222,BE09-6323111,0.5
615222,BE03-6290114,0.25
615289,B06-2082147,0.5
615304,NL06-1436152,0.5
615304,NL03-1548957,0.25
615304,NL99-1361925,0.25
615304,NL03-1547168,0.5
615304,NL99-1376191,0.25
615304,NL02-2066605,0.25
615324,DV05991-15-5899,0.5
615324,DV05991-13-3008,0.25
615324,DV05991-00-51,0.25
615324,DV02098-08-77,0.5
615324,DV02098-95-12,0.25
615325,B10-2045388,0.5
615325,B05-2142800,0.25
615325,B98-6084339,0.125
615325,B93-6057704,0.0625
615325,B94-6081753,0.0625
615325,B92-2198165,0.125
615325,B91-6437358,0.0625
615325,B83-2350199,0.0625
615325,B07-2055171,0.25
615325,B99-2036005,0.125
615325,B98-2061410,0.125
615325,B97-2076498,0.0625
615325,NL96-2477441,0.0625
616440,B08-6259251,0.5
616440,B07-5035391,0.25
616440,B01-6179283,0.25
616440,B08-6259264,0.5
616440,B98-6185637,0.25
616440,B02-6354241,0.25
616510,NL10-5011881,0.5
616510,NL98-5821450,0.25
616510,B10-4327648,0.5
616510,NL06-1597498,0.25
616510,B08-4351119,0.25
616946,DV7552-09-146,0.5
616953,DV02098-16-200,0.5
616953,DV02098-06-222,0.25
616953,DV02098-08-77,0.25
616953,DV02098-95-12,0.5
616953,DV02098-08-99,0.5
616953,DV02098-07-333,0.25
616953,DV02098-98-568,0.125
616954,DV02098-16-200,0.5
616954,DV02098-06-222,0.25
616954,DV02098-08-77,0.25
616954,DV02098-95-12,0.5
616954,DV02098-08-99,0.5
616954,DV02098-07-333,0.25
616954,DV02098-98-568,0.125
616955,DV02098-12-500,0.5
616955,DV02098-99-1000,0.25
616955,DV02098-06-801,0.25
616955,DV02098-08-88,0.5
616955,DV02098-98-568,0.25
616955,DV02098-95-12,0.25
616959,CHN2010-01-968017,0.5
616959,B2003-3186429,0.25
616959,B2000-3128435,0.125
616959,B1994-3238558,0.0625
616959,B1989-3315380,0.0625
616959,B1993-3183025,0.125
616959,B1992-3082421,0.0625
616959,B1987-3052819,0.0625
616959,B1998-2398266,0.25
616959,B1994-5314930,0.125
616959,B1991-5248546,0.0625
616959,B1991-5248516,0.0625
616959,B1995-2363122,0.125
616959,B1990-2523263,0.0625
616959,B1987-3190166,0.0625
616959,CHN2013-01-850585,0.5
616959,B2005-6336371,0.25
616959,B2002-2265327,0.125
616959,B2000-2352576,0.0625
616959,B2000-2352590,0.0625
616959,B1999-6340916,0.125
616959,B1994-6142774,0.0625
616959,B1994-6633774,0.0625
616959,B2009-3146071,0.25
616959,B2006-3134235,0.125
616959,B2007-3153111,0.125
616973,CHN2012-01-1003021,0.5
616973,CHN2010-01-968039,0.25
616973,CHN2010-01-968052,0.25
616973,CHN2013-01-850566,0.5
616973,CHN2009-01-981165,0.25
616973,BELG2007-6300508,0.125
616973,DV2007-08935-2106,0.125
616973,CHN2009-01-981139,0.25
616980,CHN2012-01-1002669,0.5
616980,B2002-4478706,0.25
616980,B2000-4065833,0.125
616980,B1996-4391982,0.0625
616980,B1998-4184899,0.0625
616980,B1999-4393573,0.125
616980,B1996-4391925,0.0625
616980,B1991-4261261,0.0625
616980,B2004-4019943,0.25
616980,B1999-4365061,0.125
616980,B1994-4438205,0.0625
616980,B1993-4392044,0.0625
616980,B2002-4333378,0.125
616980,B2001-4489665,0.0625
616980,B2000-4065805,0.03125
616980,B1999-4393519,0.03125
616980,B2000-4065848,0.0625
616980,B1993-4429368,0.03125
616980,B1991-4560548,0.03125
616980,CHN2011-01-469940,0.5
616980,B2002-4247632,0.25
616980,NL2006-1953380,0.25
616980,NL2004-1759599,0.125
616980,NL1996-1698968,0.0625
616980,NL1999-2010404,0.0625
616980,NL2004-1759517,0.125
616980,NL1998-2379702,0.0625
616980,NL2003-2123502,0.0625
617057,CHN2004-32-538606,0.5
617057,CHN2007-22-739820,0.5
617200,CHN2013-01-850580,0.5
617200,CHN2009-01-981105,0.25
617200,CHN2009-01-981119,0.25
617200,CHN2016-01-0296203,0.5
617200,NL2012-1619022,0.25
617200,NL2014-1059351,0.25
617445,CHN2012-01-1003021,0.5
617445,CHN2010-01-968039,0.25
617445,CHN2010-01-968052,0.25
617445,CHN2013-01-850566,0.5
617445,CHN2009-01-981165,0.25
617445,BELG2007-6300508,0.125
617445,DV2007-08935-2106,0.125
617445,CHN2009-01-981139,0.25
618518,DV02098-13-761,0.5
618518,DV02098-04-1600,0.25
618518,DV02098-06-321,0.25
618518,DV02098-09-1920,0.5
618518,DV02098-99-1000,0.25
618518,DV02098-95-12,0.25
619565,B16-4151205,0.5
619565,B14-4009078,0.25
619565,NL13-4186003,0.25
619565,B15-3150437,0.5
619565,B10-4325612,0.25
619565,B09-3095085,0.125
619565,B02-3003668,0.0625
619565,B94-2401842,0.03125
619565,B97-3157176,0.03125
619565,B77-3064419,0.015625
619565,B91-3204047,0.015625
619565,B02-3255937,0.0625
619565,B06-4247115,0.125
619565,B06-3008003,0.25
619565,B00-3195099,0.125
619565,B95-3185530,0.0625
619565,B93-3051184,0.0625
619565,B98-3158062,0.125
619577,B15-3150429,0.5
619577,B14-3067141,0.25
619577,B04-3069721,0.125
619577,B98-3158062,0.1875
619577,B05-3006583,0.125
619577,B94-3237367,0.0625
619577,B13-3056024,0.25
619577,B09-3095175,0.125
619577,B12-3088242,0.5
619577,B07-3153257,0.25
619577,B99-3199906,0.125
619577,B01-3140119,0.125
619577,B06-3008003,0.25
619577,B00-3195099,0.125
619577,B95-3185530,0.0625
619577,B93-3051184,0.0625
619585,B12-3160797,0.5
619585,B07-3153014,0.25
619585,B06-3201435,0.125
619585,B94-3160128,0.125
619585,B00-3076246,0.25
619585,B96-3156104,0.125
619585,B91-3204220,0.0625
619585,B90-3119120,0.0625
619585,B88-3206112,0.125
619585,B87-3008002,0.0625
619585,B81-3238253,0.0625
619585,B15-3150437,0.5
619585,B10-4325612,0.25
619585,B09-3095085,0.125
619585,B02-3003668,0.0625
619585,B94-2401842,0.03125
619585,B97-3157176,0.03125
619585,B77-3064419,0.015625
619585,B91-3204047,0.015625
619585,B02-3255937,0.0625
619585,B06-4247115,0.125
619585,B06-3008003,0.25
619585,B00-3195099,0.125
619585,B95-3185530,0.0625
619585,B93-3051184,0.0625
619585,B98-3158062,0.125
619610,B07-3153257,0.5
619610,B99-3199906,0.25
619610,B01-3140119,0.25
619610,B06-3008003,0.5
619610,B00-3195099,0.25
619610,B95-3185530,0.125
619610,B93-3051184,0.125
619610,B98-3158062,0.25
619612,B07-3153014,0.5
619612,B06-3201435,0.25
619612,B94-3160128,0.25
619612,B00-3076246,0.5
619612,B96-3156104,0.25
619612,B91-3204220,0.125
619612,B90-3119120,0.125
619612,B88-3206112,0.25
619612,B87-3008002,0.125
619612,B81-3238253,0.125
619613,B07-3153014,0.5
619613,B06-3201435,0.25
619613,B94-3160128,0.25
619613,B00-3076246,0.5
619613,B96-3156104,0.25
619613,B91-3204220,0.125
619613,B90-3119120,0.125
619613,B88-3206112,0.25
619613,B87-3008002,0.125
619613,B81-3238253,0.125
619622,B14-3067121,0.5
619622,B09-3040149,0.25
619622,B08-3037512,0.125
619622,B06-2158233,0.125
619622,B05-3006583,0.5
619622,B94-3237367,0.25
619628,B15-3025160,0.5
619628,B09-3095175,0.25
619628,B06-3008003,0.25
619628,B00-3195099,0.125
619628,B95-3185530,0.0625
619628,B93-3051184,0.0625
619628,B98-3158062,0.25
619628,B10-3047092,0.5
619628,B04-3069721,0.25
619628,B05-3006583,0.25
619628,B94-3237367,0.125
619629,B14-3067121,0.5
619629,B09-3040149,0.25
619629,B08-3037512,0.125
619629,B06-2158233,0.125
619629,B05-3006583,0.5
619629,B94-3237367,0.25
619630,B14-3067121,0.5
619630,B09-3040149,0.25
619630,B08-3037512,0.125
619630,B06-2158233,0.125
619630,B05-3006583,0.5
619630,B94-3237367,0.25
619631,B15-3147825,0.5
619631,B09-4280727,0.5
619631,B07-3199999,0.25
619631,B06-2452361,0.125
619631,B05-3224593,0.125
619631,B16-3142578,0.5
619631,B06-3008003,0.25
619631,B00-3195099,0.125
619631,B95-3185530,0.0625
619631,B93-3051184,0.0625
619631,B98-3158062,0.125
619632,B14-3072100,0.5
619632,B07-4368461,0.25
619632,B12-3127103,0.25
619632,B10-3047086,0.5
619632,B09-6130692,0.25
619632,B06-3008003,0.25
619632,B00-3195099,0.125
619632,B95-3185530,0.0625
619632,B93-3051184,0.0625
619632,B98-3158062,0.125
619633,B15-4236222,0.5
619633,B13-3056197,0.25
619633,B08-4281576,0.25
619633,B96-4391939,0.1875
619633,B02-3003538,0.125
619633,B94-3237043,0.0625
619634,B09-3641717,0.5
619634,NL08-7107591,0.25
619634,NL06-1597409,0.25
619634,B13-3056016,0.5
619634,B05-2076701,0.25
619634,B06-3008003,0.25
619634,B00-3195099,0.125
619634,B95-3185530,0.0625
619634,B93-3051184,0.0625
619634,B98-3158062,0.125
619635,B09-4280757,0.5
619635,B08-4281517,0.25
619635,B05-2076701,0.375
619635,B06-4377103,0.125
619635,B08-4281576,0.25
619635,B96-4391939,0.1875
619635,B02-3003538,0.125
619635,B94-3237043,0.0625
619635,B13-3056016,0.5
619635,B06-3008003,0.25
619635,B00-3195099,0.125
619635,B95-3185530,0.0625
619635,B93-3051184,0.0625
619635,B98-3158062,0.125
619642,B10-3146486,0.5
619642,B07-6385691,0.25
619642,B08-6224270,0.25
619642,B05-6073276,0.125
619642,B15-3150606,0.5
619642,B09-3040149,0.25
619642,B08-3037512,0.125
619642,B06-2158233,0.125
619648,NL15-1848876,0.5
619648,NL13-1395701,0.25
619648,NL07-2007621,0.5
619648,NL05-1936558,0.25
619648,B01-3266512,0.25
619648,NL15-1849703,0.5
619648,NL12-1783943,0.25
619649,B09-3095082,0.5
619649,B07-3034354,0.25
619649,B07-3199999,0.25
619649,B06-2452361,0.125
619649,B05-3224593,0.125
619650,B15-3147827,0.5
619650,B09-4280727,0.25
619650,B12-3054196,0.5
619650,B10-3137504,0.25
619650,B05-3224796,0.25
619652,B15-3147826,0.5
619652,B09-4280727,0.25
619652,B07-3199999,0.25
619652,B06-2452361,0.125
619652,B05-3224593,0.125
620492,B13-6080502,0.5
620492,B09-6222554,0.25
620492,B08-6314776,0.125
620492,B04-6276331,0.0625
620492,B97-6165917,0.0625
620492,B03-6266353,0.03125
620492,B07-6076618,0.125
620492,B05-6448106,0.0625
620492,B99-6143980,0.0625
620492,B03-6266193,0.25
620492,B96-6307261,0.125
620492,B92-6074700,0.125
620763,B10-6031073,0.5
620763,B06-6033902,0.25
620763,B09-6357220,0.25
620763,B14-6070628,0.5
620763,B12-6023227,0.25
620768,NL06-1405960,0.5
620768,NL99-1314294,0.25
620768,NL96-1173711,0.25
620768,B06-6034880,0.5
620768,B03-6108015,0.25
620768,B99-6517590,0.125
620768,B99-6553877,0.125
620768,B02-6183124,0.25
620768,B96-6404318,0.125
620768,B98-6335690,0.125
620771,NL13-1528122,0.5
620771,NL04-1052037,0.25
620771,B09-6111640,0.25
620771,B09-6358524,0.5
620771,B02-6114738,0.25
620780,B12-3168829,0.5
620780,B07-4361085,0.25
620780,B06-4081816,0.125
620780,B01-4094638,0.125
620780,B99-4262223,0.0625
620780,B99-3199708,0.25
620780,B95-3211364,0.125
620780,B91-3204047,0.125
620780,B12-3054196,0.5
620780,B10-3137504,0.25
620780,B05-3224796,0.25
621948,NL10-1109814,0.5
621948,NL09-1754567,0.5
622502,BE10-6356260,0.5
622505,BE10-6356260,0.5
623708,B08-6156468,0.5
623708,B07-6336568,0.25
623708,B07-6338238,0.25
623708,B08-6064501,0.5
623708,B05-6038970,0.25
623708,B05-6038956,0.25
623778,NL16-1047586,0.5
623778,B13-2071432,0.25
623778,NL16-1663960,0.5
623778,NL12-1784574,0.25
623778,NL14-1219811,0.25
623959,B08-3079196,0.5
623959,B95-3336674,0.375
623959,B92-3138672,0.1875
623959,B89-3160827,0.1875
623959,B99-3020065,0.25
623959,B92-3138647,0.125
623959,B87-3089349,0.0625
623959,B88-3307763,0.0625
624577,B14-3067121,0.5
624577,B09-3040149,0.25
624577,B08-3037512,0.125
624577,B06-2158233,0.125
624577,B05-3006583,0.5
624577,B94-3237367,0.25
624861,CHN2013-01-462399,0.5
624861,CHN2017-01-1118212,0.5
624861,B11-6177331,0.25
624861,B11-6174516,0.25
625049,B11-6282424,0.5
625049,B06-6270117,0.25
625049,B08-6174630,0.25
625049,B05-6116293,0.125
625049,B03-6277483,0.125
625049,B00-61759805,0.0625
625049,B00-6175870,0.0625
625049,B09-6248231,0.5
625049,B01-6387350,0.25
625049,B98-6350130,0.125
625049,B99-6448053,0.125
625050,B10-6052293,0.5
625050,B06-6270117,0.25
625050,B08-6174630,0.25
625050,B05-6116293,0.125
625050,B03-6277483,0.125
625050,B00-61759805,0.0625
625050,B00-6175870,0.0625
625050,B12-6327526,0.5
625050,DV00825-02-433,0.25
625050,B01-6387350,0.25
625050,B98-6350130,0.125
625050,B99-6448053,0.125
625056,NL11-1778522,0.5
625056,NL10-1724707,0.25
625056,NL10-1724739,0.25
625056,NL11-1778675,0.5
625056,NL05-1441887,0.25
625056,NL99-2411761,0.25
625075,BE12-6069574,0.5
625075,BE02-6219637,0.25
625075,BE06-6148378,0.25
625075,BE10-6342482,0.5
625075,BE07-6387871,0.25
625075,BE08-6139996,0.25
625083,BE09-6358200,0.5
625083,BE08-7384258,0.25
625083,BE09-6269140,0.5
625083,BE08-6368089,0.25
625083,BE06-6148128,0.25
625086,NL15-1704655,0.5
625086,NL11-1740147,0.25
625086,NL07-1844896,0.25
625086,NL15-1704640,0.5
625086,NL12-1615439,0.25
625086,NL11-1740150,0.25
625088,NL14-1450435,0.5
625088,NL06-1631066,0.25
625088,NL07-1704380,0.5
625088,NL04-1927328,0.25
625089,NL14-1450435,0.5
625089,NL06-1631066,0.25
625089,NL07-1704380,0.5
625089,NL04-1927328,0.25
625093,B13-6026018,0.5
625093,B06-6270117,0.25
625093,B08-6174630,0.25
625093,B05-6116293,0.125
625093,B03-6277483,0.125
625093,B00-61759805,0.0625
625093,B00-6175870,0.0625
625093,B13-6026001,0.5
625093,B08-6174628,0.25
625093,B06-6270152,0.25
625129,B05-9029035,0.5
625129,B02-9096145,0.25
625129,B02-9071581,0.25
625129,B05-9029201,0.5
625129,B02-9071526,0.25
625129,B98-9147146,0.25
625531,B14-3067121,0.5
625531,B09-3040149,0.25
625531,B08-3037512,0.125
625531,B06-2158233,0.125
625748,B09-3095237,0.5
625748,B04-3069722,0.25
625748,B02-3003592,0.25
625748,B12-3127549,0.5
625748,B07-4026135,0.25
625748,B07-3199999,0.25
625748,B06-2452361,0.125
625748,B05-3224593,0.125
625751,B12-3691294,0.5
625751,B05-5369393,0.25
625751,B13-3056016,0.5
625751,B05-2076701,0.25
625751,B06-3008003,0.25
625751,B00-3195099,0.125
625751,B95-3185530,0.0625
625751,B93-3051184,0.0625
625751,B98-3158062,0.125
626567,B06-5202519,0.5
626567,B03-5152557,0.25
626567,B99-5157685,0.25
626567,B91-5002240,0.1875
626567,B97-5160395,0.125
626567,B92-5052992,0.0625
626567,B06-5204184,0.5
626643,CHN2006-32-041888,0.5
626643,CHN2003-32-117620,0.25
626643,BELG2003-3131123,0.25
627035,DV01759-08-93,0.5
627975,CHN13-26-028822,0.5
627975,B13-3160860,0.5
627975,B06-3008003,0.25
627975,B00-3195099,0.125
627975,B95-3185530,0.0625
627975,B93-3051184,0.0625
627975,B98-3158062,0.125
627977,CHN13-26-028822,0.5
627977,B13-3160860,0.5
627977,B06-3008003,0.25
627977,B00-3195099,0.125
627977,B95-3185530,0.0625
627977,B93-3051184,0.0625
627977,B98-3158062,0.125
627979,CHN13-26-028822,0.5
627979,B13-3160860,0.5
627979,B06-3008003,0.25
627979,B00-3195099,0.125
627979,B95-3185530,0.0625
627979,B93-3051184,0.0625
627979,B98-3158062,0.125
627981,CHN13-26-028822,0.5
627981,B13-3160860,0.5
627981,B06-3008003,0.25
627981,B00-3195099,0.125
627981,B95-3185530,0.0625
627981,B93-3051184,0.0625
627981,B98-3158062,0.125
627982,NL14-1934507,0.5
627982,B10-3179408,0.25
627982,B06-3008446,0.25
627982,BELG2012-6307262,0.5
628062,CHN2013-01-858012,0.5
628062,CHN2012-01-858135,0.25
628062,B11-6174516,0.25
628062,B11-6225599,0.5
628064,CHN2016-01-0918808,0.5
628064,CHN2014-01-1268808,0.5
628064,B11-6177331,0.25
628064,B11-6174516,0.25
628065,CHN2017-01-1118138,0.5
628065,CHN2016-03-0861542,0.5
628066,CHN2017-01-0642901,0.5
628066,CHN2017-01-1118211,0.5
628066,B11-6177331,0.25
628066,B11-6174516,0.25
628067,CHN2017-01-0642901,0.5
628067,CHN2017-01-1118211,0.5
628067,B11-6177331,0.25
628067,B11-6174516,0.25
628068,CHN2017-01-1118138,0.5
628068,CHN2016-03-0861542,0.5
628069,B2016-4254707,0.5
628069,B12-4310468,0.25
628069,B10-4316308,0.25
628069,CHN2017-01-0972976,0.5
628069,CHN2015-01-0694878,0.25
628069,B2010-6204348,0.25
628070,B2016-4254707,0.5
628070,B12-4310468,0.25
628070,B10-4316308,0.25
628070,CHN2017-01-0972976,0.5
628070,CHN2015-01-0694878,0.25
628070,B2010-6204348,0.25
628071,B2016-4254707,0.5
628071,B12-4310468,0.25
628071,B10-4316308,0.25
628071,CHN2016-03-0861542,0.5
628075,CHN2017-03-0023773,0.5
628075,B2016-4249214,0.5
628075,B13-4169107,0.25
628075,B13-4288444,0.25
628076,CHN2017-01-0642901,0.5
628076,CHN2017-01-1118211,0.5
628076,B11-6177331,0.25
628076,B11-6174516,0.25
628077,CHN2016-01-0918831,0.5
628077,CHN2013-01-462399,0.25
628077,B2013-6220851,0.25
628077,B11-6177331,0.125
628077,B11-6174516,0.125
628077,CHN2017-01-0972976,0.5
628077,CHN2015-01-0694878,0.25
628077,B2010-6204348,0.25
628092,CHN2014-01-1268838,0.5
628092,B11-6225599,0.5
628093,CHN2016-01-0918808,0.5
628093,CHN2014-01-1268808,0.5
628093,B11-6177331,0.25
628093,B11-6174516,0.25
628094,CHN2016-01-0918808,0.5
628094,CHN2014-01-1268808,0.5
628094,B11-6177331,0.25
628094,B11-6174516,0.25
628096,CHN2017-03-0023773,0.5
628096,CHN2013-01-858017,0.5
628096,CHN2012-01-858135,0.25
628096,B11-6174516,0.25
628097,CHN2017-03-0023773,0.5
628097,CHN2013-01-858017,0.5
628097,CHN2012-01-858135,0.25
628097,B11-6174516,0.25
628098,CHN2016-01-0918831,0.5
628098,CHN2013-01-462399,0.25
628098,B2013-6220851,0.25
628098,B11-6177331,0.125
628098,B11-6174516,0.125
628098,CHN2013-01-462400,0.5
628099,CHN2017-03-0023773,0.5
628099,CHN2013-01-858017,0.5
628099,CHN2012-01-858135,0.25
628099,B11-6174516,0.25
628100,CHN2016-01-0918803,0.5
628100,CHN2009-01-650670,0.25
628100,B11-6174516,0.25
628101,CHN2017-03-0023773,0.5
628101,CHN2013-01-858017,0.5
628101,CHN2012-01-858135,0.25
628101,B11-6174516,0.25
628102,CHN2016-01-0918803,0.5
628102,CHN2009-01-650670,0.25
628102,B11-6174516,0.25
628103,CHN2016-01-0918803,0.5
628103,CHN2009-01-650670,0.25
628103,B11-6174516,0.25
628197,CHN15-15-0120621,0.5
628197,CHN13-15-210070,0.5
628197,NL07-5705110,0.25
628197,NL08-1174850,0.25
628363,B11-6177331,0.5
628363,B11-6174516,0.5
628364,B11-6177331,0.5
628364,B11-6174516,0.5
628365,B11-6177331,0.5
628365,B11-6174516,0.5
628366,B11-6177331,0.5
628366,B11-6174516,0.5
628367,B11-6177331,0.5
628367,B11-6174516,0.5
628368,B11-6177331,0.5
628368,B11-6174516,0.5
628369,B11-6177331,0.5
628369,B11-6174516,0.5
628370,B11-6177331,0.5
628370,B11-6174516,0.5
628371,CHN2013-01-462399,0.5
628371,CHN2017-01-1118212,0.5
628371,B11-6177331,0.25
628371,B11-6174516,0.25
628372,CHN2013-01-462399,0.5
628372,CHN2017-01-1118212,0.5
628372,B11-6177331,0.25
628372,B11-6174516,0.25
628699,BE2004-3178560,0.5
628699,BE98-3087031,0.25
628710,BELG2005-2142800,0.5
628710,BELG2006-2082239,0.5
628710,BELG2000-2117363,0.25
628710,BELG1994-2061350,0.25
628744,CHN2004-05-058888,0.5
628744,BE00-3277132,0.25
628744,BE2004-3178560,0.5
628744,BE98-3087031,0.25
629129,C2012-02-234447,0.5
629132,B2010-6204348,0.5
629344,DV02098-15-480,0.5
629344,DV02098-14-1333,0.25
629344,DV02098-08-520,0.25
629344,NL05-1937948,0.125
629344,DV02098-05-580,0.125
629344,DV02098-93-665,0.0625
629344,DV02098-95-12,0.3125
629344,DV02098-09-2000,0.5
629344,DV02098-99-1000,0.25
629345,DV02098-16-180,0.5
629345,DV02098-12-666,0.25
629345,DV02098-07-261,0.25
629345,DV02098-99-1000,0.375
629345,DV02098-06-801,0.125
629345,DV02098-09-2000,0.5
629345,DV02098-95-12,0.25
629347,DV02098-07-333,0.5
629347,DV02098-98-568,0.25
629347,DV02098-95-12,0.25
629347,DV07107-08-352,0.5
629347,B03-6032858,0.25
629463,CHN2011-06-000004,0.5
629463,CHN2007-03-633331,0.5
630475,NL07-1644108,0.5
630475,NL05-1210514,0.25
630475,NL01-1718265,0.25
630475,NL07-1644107,0.5
630475,NL01-1672053,0.25
63054,CHN08-16-026994,0.5
63054,CHN05-16-048093,0.5
630602,B11-9065061,0.5
630602,B06-9123220,0.25
630602,B99-9129609,0.125
630602,B98-9147146,0.125
630602,B09-9079174,0.25
630602,B09-9079133,0.5
630602,B08-2169747,0.25
630602,B07-9023136,0.25
630608,B06-9123220,0.5
630608,B99-9129609,0.25
630608,B98-9147146,0.25
630608,B12-9032329,0.5
630608,B07-9023137,0.25
630608,B10-208200,0.25
631091,B06-6034734,0.5
631091,B02-2072711,0.25
631091,B99-6517591,0.25
631091,B03-6257240,0.5
631091,B97-6407575,0.25
631091,B98-6335690,0.25
631103,B06-6404429,0.5
631103,B04-6246934,0.25
631103,B01-6225246,0.25
631103,B05-6176146,0.5
631103,B97-6407575,0.25
631103,B98-6335690,0.25
631242,B15-6073134,0.5
631242,B13-6310312,0.25
631242,B12-6321296,0.25
631242,B11-6103169,0.5
631242,B07-6207185,0.25
631242,B04-6033267,0.25
631798,BE09-6358771,0.5
631798,BE02-6183084,0.25
631798,BE08-6369094,0.25
631798,BE98-6335690,0.125
631798,BE96-6404318,0.0625
631798,BE92-6235626,0.0625
631798,BE12-6225605,0.5
631798,BE05-6341163,0.25
631798,BE04-6356585,0.25
631799,BE09-6358771,0.5
631799,BE02-6183084,0.25
631799,BE08-6369094,0.25
631799,BE98-6335690,0.125
631799,BE96-6404318,0.0625
631799,BE92-6235626,0.0625
631799,BE12-6225605,0.5
631799,BE05-6341163,0.25
631799,BE04-6356585,0.25
631878,B12-6321502,0.5
631878,B07-6369527,0.25
631878,B03-6032888,0.125
631878,B02-6113220,0.125
631878,B00-6440232,0.0625
631878,B97-6210632,0.03125
631878,B95-6303932,0.03125
631878,B00-6141444,0.0625
631878,B07-6399396,0.25
631878,B02-6114797,0.125
631878,B98-6110708,0.0625
631878,B01-6521675,0.0625
631878,B01-6455003,0.125
631878,B95-6302321,0.0625
631878,B98-6160968,0.0625
631878,B11-6091899,0.5
631878,B07-6043939,0.25
631878,B06-6410698,0.25
632520,DV02098-13-778,0.5
632520,NL06-1597789,0.25
632520,DV02098-04-1330,0.25
632520,DV02098-08-99,0.5
632520,DV02098-07-333,0.25
632520,DV02098-98-568,0.125
632520,DV02098-95-12,0.375
633344,BE06-2147479,0.5
633344,BE05-2266436,0.25
633855,CHN16-03-1273000,0.5
633855,CHN16-03-4444432,0.5
635235,B15-1051576,0.5
635235,B07-9023364,0.25
635235,B07-9071615,0.125
635235,B99-3172131,0.125
635235,B13-9029414,0.25
635235,B15-1051542,0.5
635235,B11-9065109,0.25
635235,B08-4003770,0.125
635235,B07-9023007,0.125
635235,B11-9097009,0.25
635235,B10-9017260,0.125
635235,B10-9017256,0.125
635411,B07-6051530,0.5
635411,B06-6361372,0.25
635411,B06-6361386,0.25
635446,B11-6240225,0.5
635446,B08-6368009,0.25
635446,B08-6338519,0.25
635446,B08-6338005,0.5
635446,B05-6045015,0.25
635645,B06-5194570,0.5
635645,B08-5015256,0.5
635928,DV07237-07-24,0.5
635928,DV02098-04-1463,0.25
635928,DV02098-99-802,0.25
635928,DV02098-05-580,0.5
635928,DV02098-93-665,0.25
635928,DV02098-95-12,0.25
635998,B05-6176115,0.5
635998,B03-6257209,0.25
635998,B03-6257231,0.25
636001,B03-6108024,0.5
636001,B01-6364383,0.25
636001,B01-6344997,0.25
636001,B08-6177698,0.5
636001,B07-6033110,0.25
636001,B98-6335690,0.25
636008,HU10-260097,0.5
636008,HU05-128549,0.25
636008,HU03-02-94894,0.25
636008,B10-6030913,0.5
636008,B07-6033149,0.25
636008,B09-6169433,0.25
636019,B05-6176115,0.5
636019,B03-6257209,0.25
636019,B03-6257231,0.25
636029,B07-6033004,0.5
636029,B03-6257007,0.25
636029,B01-6345101,0.25
636029,B05-6176115,0.5
636029,B03-6257209,0.25
636029,B03-6257231,0.25
636030,B12-6023855,0.5
636030,B10-6031007,0.25
636030,B02-6183083,0.25
636030,B09-6111597,0.5
636030,B08-6259169,0.25
636030,B98-6335690,0.25
636506,CHN17-00-2003100,0.5
636506,CHN16-05036,0.25
636506,CHN16-03358,0.5
636506,B14-3090099,0.25
636506,B13-3031784,0.125
636506,B13-3031767,0.125
636506,B14-1073383,0.25
636506,B13-4176405,0.125
636506,B13-5108675,0.125
636764,BE10-6297598,0.5
636764,BE08-6369094,0.5
636764,BE98-6335690,0.25
636764,BE96-6404318,0.125
636764,BE92-6235626,0.125
637492,B07-6387689,0.5
637492,B04-6046035,0.25
637492,B04-6046033,0.25
637492,B10-6154954,0.5
637492,B99-6030541,0.25
637492,B08-6098373,0.25
637669,B13-6304231,0.5
637669,B10-6291346,0.25
637669,B10-6146323,0.25
637669,NL13-1377396,0.5
637669,B09-4139485,0.25
637669,NL11-3056127,0.25
637954,B08-6177693,0.5
637954,B03-6257231,0.25
637954,B08-6164431,0.5
637954,B06-6404429,0.25
637954,B04-6246934,0.125
637954,B01-6225246,0.125
637954,B04-6307353,0.25
639452,CHN2016-15-0212080,0.5
639452,BE13-2022005,0.5
639452,CHN14-15-184369,0.5
639452,NL07-5705110,0.25
639452,NL08-1174850,0.25
639452,CHN2016-15-0230514,0.5
639638,BE02-3255937,0.5
639638,BELG1998-3158062,0.25
639983,B11-6203200,0.5
640119,NL1510-14-68,0.5
640119,B6316-08-120,0.25
640119,NL5343-03-48,0.25
640119,B10-6201655,0.5
640119,B08-6071339,0.25
640119,B04-6105661,0.25
640121,NL07-1077420,0.5
640121,NL05-1804020,0.25
640121,NL05-1804060,0.25
640121,NL06-1464349,0.5
640121,NL99-1420371,0.25
640121,NL94-2059856,0.25
640127,B09-4101957,0.5
640127,B06-4060676,0.25
640127,B07-4212846,0.25
640127,B01-6499306,0.5
640127,B93-6221429,0.25
640127,B93-6442526,0.25
640167,B15-6026460,0.5
640167,B09-6248087,0.25
640167,B12-6196217,0.5
640167,B02-6258092,0.25
640167,B06-6173123,0.25
640176,B15-6287033,0.5
640176,B08-6144332,0.25
640176,B14-6175321,0.5
640176,B09-6248087,0.25
640365,BELG2004-3069721,0.5
640365,BELG2005-3006583,0.5
640707,CHN2013-10-168370,0.5
640707,CHN2012-10-000631,0.25
640707,CHN2011-10-449661,0.125
640707,CHN2005-01-593564,0.0625
640707,CHN2008-03-333099,0.0625
640707,CHN2008-10-616028,0.125
640707,CHN2007-12-116142,0.0625
640707,CHN2004-12-034733,0.0625
640707,CHN2008-10-280075,0.25
640707,CHN2006-10-520004,0.125
640707,BELG2005-5181382,0.125
640707,CHN2014-10-220046,0.5
640708,CHN2016-10-0805792,0.5
640708,CHN2014-10-310907,0.25
640708,CHN2012-10-011831,0.25
640708,CHN2016-10-0805735,0.5
640708,CHN2010-10-080690,0.25
640708,CHN2009-10-616028,0.25
640741,CHN2012-10-014828,0.5
640741,CHN10-10-080690,0.25
640741,CHN2009-10-500943,0.25
640741,CHN2007-10-179908,0.125
640741,DV147-03-674,0.125
640741,CHN2017-10-0101105,0.5
640750,B08-4349387,0.5
640750,B05-4408025,0.25
640750,B03-4162060,0.25
640750,B09-4133452,0.5
640750,B02-4264199,0.25
640750,B07-4053250,0.25
640785,B08-6177661,0.5
640836,NL13-1802453,0.5
640836,NL10-1272410,0.25
640836,B07-6367873,0.125
640836,B03-6192564,0.375
640836,B00-6141430,0.1875
640836,B00-6549576,0.1875
640836,B12-6321370,0.5
640836,B09-6269364,0.25
640836,B10-6146101,0.25
640837,NL11-1503486,0.5
640837,NL10-1164534,0.25
640837,B09-6370126,0.25
640837,NL08-5818820,0.5
640837,B06-6410633,0.25
640837,NL04-1432243,0.25
641001,BE09-6358771,0.5
641001,BE02-6183084,0.25
641001,BE08-6369094,0.25
641001,BE98-6335690,0.125
641001,BE96-6404318,0.0625
641001,BE92-6235626,0.0625
641001,BE12-6225605,0.5
641001,BE05-6341163,0.25
641001,BE04-6356585,0.25
641012,BE09-6358771,0.5
641012,BE02-6183084,0.25
641012,BE08-6369094,0.25
641012,BE98-6335690,0.125
641012,BE96-6404318,0.0625
641012,BE92-6235626,0.0625
641012,BE12-6225605,0.5
641012,BE05-6341163,0.25
641012,BE04-6356585,0.25
641013,BE09-6358771,0.5
641013,BE02-6183084,0.25
641013,BE08-6369094,0.25
641013,BE98-6335690,0.125
641013,BE96-6404318,0.0625
641013,BE92-6235626,0.0625
641013,BE12-6225605,0.5
641013,BE05-6341163,0.25
641013,BE04-6356585,0.25
641056,B11-3173289,0.5
641056,B07-3129242,0.25
641056,B04-3001609,0.25
641056,B08-9044015,0.5
641056,B07-3181232,0.25
641056,B07-9023007,0.25
641153,BELG2011-6326794,0.5
641153,BELG2007-6110291,0.25
641153,B09-6111558,0.5
641153,BELG2000-6540682,0.25
641153,B02-6183083,0.25
641158,BELG15-4013028,0.5
641158,BELG14-6303244,0.25
641158,BELG2012-51586019,0.25
641158,BELG2014-2230911,0.5
641158,BELG2013-6143659,0.25
641158,BELG2013-4176517,0.25
641674,B11-3170548,0.5
641674,B09-3188087,0.25
641674,B06-3008013,0.125
641674,B99-3103770,0.0625
641674,B98-3158062,0.25
641674,B06-3008003,0.25
641674,B00-3195099,0.125
641674,B95-3185530,0.0625
641674,B93-3051184,0.0625
641674,B14-3157319,0.5
641674,B13-3159401,0.25
641674,B04-3069721,0.125
641674,B05-3006583,0.125
641674,B94-3237367,0.0625
641674,B12-3088052,0.25
641684,B14-6265814,0.5
641684,B06-6185492,0.25
641684,B05-6306292,0.25
641684,B03-6437325,0.125
641684,B97-6101027,0.0625
641684,B02-6051777,0.0625
641684,B00-6032231,0.125
641684,B94-6093575,0.0625
641684,B90-6331119,0.0625
641684,B09-6240842,0.5
641684,B02-6051655,0.25
641684,B04-6208161,0.25
641684,B96-6100120,0.125
641684,B95-6536121,0.125
641687,B12-6225774,0.5
641687,B06-6185454,0.25
641687,B07-6140197,0.25
641687,B11-6289679,0.5
641687,B06-6185492,0.25
641687,B07-4373192,0.25
641687,B99-4262223,0.125
641687,B04-4437282,0.125
641737,B11-9065109,0.5
641737,B08-4003770,0.25
641737,B07-9023007,0.25
641737,B11-9097009,0.5
641737,B10-9017260,0.25
641737,B10-9017256,0.25
641981,BELG2007-4026135,0.5
641981,BELG2007-3199999,0.5
641981,BELG2006-2452361,0.25
641981,BELG2005-3224593,0.25
642015,NL2008-1548902,0.5
642015,BELG2004-6082266,0.5
642168,CHN2012-10-011831,0.5
642176,CHN2015-10-0510035,0.5
642176,CHN2012-10-003831,0.5
642176,CHN2004-10-233227,0.25
642176,CHN2009-10-655034,0.25
642176,CHN06-01-319951,0.125
642176,CHN03-10-363799,0.125
643173,NL98-1512769,0.5
643173,BL97-5166166,0.25
643173,BL90-5226682,0.25
64362,B00-6261520,0.5
64362,B87-6337115,0.25
64362,B93-6440306,0.25
64362,B98-6044427,0.5
64362,B95-6274348,0.25
64362,B91-6227403,0.25
644780,NL07-4475005,0.5
644780,NL03-1565072,0.25
644780,NL98-2028456,0.25
644780,NL05-2012149,0.5
644780,NL03-1988735,0.25
644780,NL02-2310141,0.25
645676,B16-3138722,0.5
645676,B09-4331525,0.25
645676,B06-3008003,0.25
645676,B00-3195099,0.125
645676,B95-3185530,0.0625
645676,B93-3051184,0.0625
645676,B98-3158062,0.25
645676,B12-3162833,0.5
645676,B05-3006503,0.25
645685,NL10-1864544,0.5
645685,NL05-1936558,0.5
645685,B01-3266512,0.5
645685,NL07-2007621,0.5
645692,B14-2263060,0.5
645692,B12-2182876,0.25
645692,B09-2000290,0.25
645692,NL12-1784621,0.5
645692,NL11-1912576,0.25
645692,NL07-2007621,0.25
645692,NL05-1936558,0.125
645692,B01-3266512,0.125
646000,BE06-6407372,0.5
646000,B02-6315014,0.25
646000,B98-6216290,0.25
646000,BE12-6042588,0.5
646000,B98-6185637,0.25
646000,B05-6052111,0.25
646250,CHN2016-01-0296215,0.5
646250,NL2013-1239323,0.25
646250,NL2006-2162253,0.125
646250,NL2003-1135462,0.0625
646250,NL2003-1135318,0.0625
646250,NL2003-1135475,0.125
646250,NL2002-1635264,0.09375
646250,NL1995-1941948,0.0625
646250,NL2011-1740912,0.25
646250,NL2008-1537203,0.125
646250,NL2007-1817852,0.0625
646250,NL2007-1817880,0.0625
646250,NL2009-1186313,0.125
646250,NL2007-1817907,0.0625
646250,NL2004-2050252,0.03125
646250,NL2003-1103686,0.03125
646250,NL2008-1537236,0.0625
646250,NL2001-1886517,0.03125
646250,CHN2015-01-1375179,0.5
646250,CHN2013-01-089986,0.25
646250,CHN2011-01-469855,0.125
646250,CHN2008-01-968609,0.0625
646250,B2003-5071602,0.09375
646250,B1997-5166412,0.046875
646250,B2001-5010172,0.046875
646250,B1998-2398266,0.0625
646250,B1994-5314930,0.03125
646250,B1995-2363122,0.03125
646250,CHN2007-01-480762,0.0625
646250,CHN2011-01-469262,0.125
646250,CHN2009-01-803709,0.0625
646250,CHN2009-01-222586,0.0625
646250,CHN2006-01-020578,0.03125
646250,CHN2010-01-281310,0.25
646250,CHN2005-01-502380,0.125
646250,B2007-5067344,0.125
646250,B2000-4065880,0.0625
646250,B1998-4184729,0.03125
646250,B1998-3024841,0.03125
646250,B2001-6182211,0.0625
646250,B1998-5296409,0.03125
646250,B1997-6523459,0.03125
647140,CHN2013-01-850570,0.5
647140,CHN2009-01-803711,0.25
647140,CHN2011-01-469806,0.25
647140,NL2014-1059421,0.5
647140,NL2013-1239421,0.25
647140,NL2012-1619198,0.25
647141,NL2013-1239497,0.5
647141,NL2010-1682216,0.25
647141,NL2010-1682333,0.25
647141,NL2008-2049005,0.125
647141,NL1998-5821450,0.0625
647141,NL2004-5430805,0.0625
647141,NL2004-2050343,0.125
647141,CHN2015-01-1162061,0.5
647141,CHN2012-01-1002754,0.25
647141,B2008-5116085,0.125
647141,CHN2013-01-850541,0.25
647141,CHN2011-01-469910,0.125
647141,CHN2002-01-477844,0.0625
647141,B1998-2398266,0.0625
647141,B1994-5314930,0.03125
647141,B1991-5248546,0.015625
647141,B1991-5248516,0.015625
647141,B1995-2363122,0.03125
647141,B1990-2523263,0.015625
647141,B1987-3190166,0.015625
647141,CHN2010-01-968024,0.125
647141,B2002-2315943,0.0625
647141,B2000-2376057,0.03125
647141,B1999-2017712,0.03125
647141,B2003-4133532,0.0625
647141,B1998-4197168,0.03125
647141,B1996-4171703,0.015625
647141,B1989-4288521,0.015625
647141,B1995-4440907,0.03125
647141,B1990-4319953,0.015625
647141,B1988-4243575,0.015625
647145,CHN2012-01-1002669,0.5
647145,B2002-4478706,0.25
647145,B2000-4065833,0.125
647145,B1996-4391982,0.0625
647145,B1998-4184899,0.0625
647145,B1999-4393573,0.125
647145,B1996-4391925,0.0625
647145,B1991-4261261,0.0625
647145,B2004-4019943,0.25
647145,B1999-4365061,0.125
647145,B1994-4438205,0.0625
647145,B1993-4392044,0.0625
647145,B2002-4333378,0.125
647145,B2001-4489665,0.0625
647145,B2000-4065805,0.03125
647145,B1999-4393519,0.03125
647145,B2000-4065848,0.0625
647145,B1993-4429368,0.03125
647145,B1991-4560548,0.03125
647145,CHN2011-01-469940,0.5
647145,B2002-4247632,0.25
647145,NL2006-1953380,0.25
647145,NL2004-1759599,0.125
647145,NL1996-1698968,0.0625
647145,NL1999-2010404,0.0625
647145,NL2004-1759517,0.125
647145,NL1998-2379702,0.0625
647145,NL2003-2123502,0.0625
647260,B09-6130460,0.5
647260,B06-6154559,0.25
647260,B08-6245262734,0.25
647260,B10-6166217,0.5
647260,B05-6221065,0.25
647260,B01-6153998,0.125
647260,B03-6226043,0.125
647260,B97-6362091,0.0625
647260,B99-6151734,0.0625
647260,B02-4479161,0.25
647260,B95-4148210,0.125
647260,B97-4263065,0.125
647261,B09-6130504,0.5
647261,B06-6110237,0.25
647261,B03-6226043,0.25
647261,B97-6362091,0.125
647261,B99-6151734,0.125
647261,B94-6495178,0.5
647265,B08-6374766,0.5
647265,B03-6086112,0.25
647265,B03-6460062,0.25
647265,B92-6242005,0.125
647265,B94-6366891,0.125
647265,B82-6736965,0.0625
647265,B86-6676122,0.0625
647265,B04-6470741,0.5
647265,B98-6522029,0.25
647265,B97-6390147,0.25
647275,B03-6277405,0.5
647275,B10-6251525,0.5
647275,NL08-1628683,0.25
647275,B03-6277418,0.25
647275,B02-6315014,0.125
647275,B98-6216290,0.125
647276,B10-6052292,0.5
647276,B06-6270117,0.25
647276,B03-6277418,0.5
647276,B02-6315014,0.25
647276,B98-6216290,0.25
647278,B12-6157200,0.5
647278,B06-6302534,0.25
647278,B10-6251541,0.25
647278,NL08-1628683,0.125
647278,B03-6277418,0.375
647278,B02-6315014,0.1875
647278,B98-6216290,0.1875
647278,B06-6255081,0.5
647278,B03-6277485,0.25
647529,BE08-6259169,0.5
647529,BE05-6054214,0.25
647529,BE95-6278009,0.125
647529,BE05-6054295,0.25
647529,BE98-6185637,0.125
647529,BE02-6354241,0.125
647529,BE94-6366938,0.0625
647529,BE09-5052387,0.5
647529,BE06-4112378,0.25
647529,B03-4146313,0.125
647529,B00-4065892,0.125
647529,BE99-5000704,0.25
647529,BE95-4628426,0.125
647529,BE96-4603915,0.125
647572,BE08-6374778,0.5
647572,BE03-6483323,0.25
647572,BE09-5052387,0.5
647572,BE06-4112378,0.25
647572,B03-4146313,0.125
647572,B00-4065892,0.125
647572,BE99-5000704,0.25
647572,BE95-4628426,0.125
647572,BE96-4603915,0.125
647671,BE10-6342785,0.5
647671,BE01-6179491,0.25
647671,BE03-6460062,0.25
647671,BE00-6301617,0.125
647671,BE94-6366891,0.125
647671,BE09-5052387,0.5
647671,BE06-4112378,0.25
647671,B03-4146313,0.125
647671,B00-4065892,0.125
647671,BE99-5000704,0.25
647671,BE95-4628426,0.125
647671,BE96-4603915,0.125
647674,BE10-6143192,0.5
647674,B04-6202172,0.25
647674,B03-6460062,0.25
647674,B92-6242005,0.125
647674,B94-6366891,0.125
647674,B82-6736965,0.0625
647674,B86-6676122,0.0625
647674,BE09-5052387,0.5
647674,BE06-4112378,0.25
647674,B03-4146313,0.125
647674,B00-4065892,0.125
647674,BE99-5000704,0.25
647674,BE95-4628426,0.125
647674,BE96-4603915,0.125
647679,BE07-6033018,0.5
647679,BE04-6307210,0.25
647679,BE99-6352928,0.125
647679,BE04-6358919,0.125
647679,BE98-6335690,0.25
647679,BE96-6404318,0.125
647679,BE92-6235626,0.125
647679,BE09-5052387,0.5
647679,BE06-4112378,0.25
647679,B03-4146313,0.125
647679,B00-4065892,0.125
647679,BE99-5000704,0.25
647679,BE95-4628426,0.125
647679,BE96-4603915,0.125
647861,BE11-6119158,0.5
647861,BE08-6259169,0.25
647861,BE05-6054214,0.125
647861,BE95-6278009,0.0625
647861,BE05-6054295,0.125
647861,BE98-6185637,0.0625
647861,BE02-6354241,0.0625
647861,BE94-6366938,0.03125
647861,BE07-6033129,0.25
647861,BE04-6307210,0.1875
647861,BE99-6352928,0.09375
647861,BE04-6358919,0.09375
647861,BE98-6335690,0.1875
647861,BE96-6404318,0.09375
647861,BE92-6235626,0.09375
647861,BE11-9065429,0.5
647861,BE09-6111726,0.25
647861,BE07-6033018,0.125
647861,BE02-6183083,0.125
647861,BE09-5110352,0.25
647861,BE06-5100977,0.125
647861,BE08-5068219,0.125
647863,BE13-4176405,0.5
647863,BE10-9039333,0.25
647863,BE09-6111726,0.375
647863,BE07-6033018,0.1875
647863,BE04-6307210,0.09375
647863,BE99-6352928,0.046875
647863,BE04-6358919,0.046875
647863,BE98-6335690,0.09375
647863,BE96-6404318,0.046875
647863,BE92-6235626,0.046875
647863,BE02-6183083,0.1875
647863,BE06-2178778,0.125
647863,BE09-5052387,0.25
647863,BE06-4112378,0.125
647863,B03-4146313,0.0625
647863,B00-4065892,0.0625
647863,BE99-5000704,0.125
647863,BE95-4628426,0.0625
647863,BE96-4603915,0.0625
647863,BE11-9065429,0.5
647863,BE09-5110352,0.25
647863,BE06-5100977,0.125
647863,BE08-5068219,0.125
647897,BE13-9029034,0.5
647897,BE06-9123248,0.25
647897,BE06-2178778,0.25
647897,BE11-9065429,0.5
647897,BE09-6111726,0.25
647897,BE07-6033018,0.125
647897,BE04-6307210,0.0625
647897,BE99-6352928,0.03125
647897,BE04-6358919,0.03125
647897,BE98-6335690,0.0625
647897,BE96-6404318,0.03125
647897,BE92-6235626,0.03125
647897,BE02-6183083,0.125
647897,BE09-5110352,0.25
647897,BE06-5100977,0.125
647897,BE08-5068219,0.125
647925,BE14-2339391,0.5
647925,BE12-9032023,0.25
647925,BE11-9065312,0.25
648301,BE08-6259169,0.5
648301,BE05-6054214,0.25
648301,BE95-6278009,0.125
648301,BE05-6054295,0.25
648301,BE98-6185637,0.125
648301,BE02-6354241,0.125
648301,BE94-6366938,0.0625
648301,BE07-6033129,0.5
648301,BE04-6307210,0.25
648301,BE99-6352928,0.125
648301,BE04-6358919,0.125
648301,BE98-6335690,0.25
648301,BE96-6404318,0.125
648301,BE92-6235626,0.125
648305,NL12-3215459,0.5
648305,NL07-1978074,0.25
648305,NL09-1346726,0.25
648305,NL12-1755851,0.5
648305,NL08-1700513,0.25
648305,NL10-1836644,0.25
648305,B09-6358601,0.125
648305,NL01-2092200,0.125
648312,BE08-6259169,0.5
648312,BE05-6054214,0.25
648312,BE95-6278009,0.125
648312,BE05-6054295,0.25
648312,BE98-6185637,0.125
648312,BE02-6354241,0.125
648312,BE94-6366938,0.0625
648312,BE07-6033129,0.5
648312,BE04-6307210,0.25
648312,BE99-6352928,0.125
648312,BE04-6358919,0.125
648312,BE98-6335690,0.25
648312,BE96-6404318,0.125
648312,BE92-6235626,0.125
648319,BELG2014-6072448,0.5
648319,BELG2009-6111546,0.25
648319,BELG2006-6034734,0.125
648319,BELG2012-6023210,0.25
648319,BELG2009-2035886,0.125
648319,BELG2010-6297742,0.125
648319,BELG2014-6072381,0.5
648319,BELG2010-6031857,0.25
648319,BELG2012-2036500,0.25
648324,BE11-6119144,0.5
648324,BE10-6163823,0.25
648324,BE08-6177698,0.25
648324,B07-6033110,0.125
648324,B98-6335690,0.125
648342,B11-5056981,0.5
648343,DV11-08857-11,0.5
648343,DV10-08857-172,0.5
648344,DV11-08857-11,0.5
648344,DV10-08857-172,0.5
648345,B08-3003071,0.5
648345,B06-3003086,0.5
648345,B02-3231901,0.25
648345,B97-3087828,0.25
648346,B08-3003071,0.5
648346,B06-3003086,0.5
648346,B02-3231901,0.25
648346,B97-3087828,0.25
648347,B08-3003071,0.5
648347,B03-3239132,0.5
648380,B08-6232634,0.5
648380,B07-6140130,0.25
648380,B02-6051523,0.125
648380,B97-6101055,0.125
648380,B07-6140124,0.25
648380,B08-6232613,0.5
648380,B04-6208191,0.25
648380,B94-6093632,0.25
648380,B83-6528577,0.125
648380,B85-6392475,0.125
648405,B10-4253222,0.5
648405,B11-4008805,0.5
648406,B10-4253222,0.5
648406,B11-4008805,0.5
648439,BE11-6326793,0.5
648439,BE07-6110291,0.25
648439,BE99-6151734,0.25
648439,BE13-2184914,0.5
648439,BE09-2226133,0.25
648439,BE08-6369077,0.25
648655,B11-6140808,0.5
648655,B09-6217201,0.25
648655,B07-6044289,0.25
648655,B11-6140812,0.5
648655,B09-6218336,0.25
648655,B09-5186031,0.25
648706,CHN17-03-1118965,0.5
648706,B16-6075683,0.5
648780,BELG2008-6177648,0.5
648780,BELG2001-6345101,0.25
648780,BELG2007-6033129,0.5
648780,BELG2004-6307210,0.25
648780,BELG1998-6335690,0.25
648815,BE04-3069721,0.5
648815,BE99-3103770,0.25
648815,BE98-3158062,0.375
648815,BE12-3088052,0.5
648815,BE09-4280727,0.25
648815,BE06-3008003,0.25
648830,BE16-3144289,0.5
648830,BE11-3175766,0.25
648830,BE13-3079100,0.25
648830,BE06-3008003,0.5
648830,BE98-3158062,0.25
648832,BE16-3144289,0.5
648832,BE11-3175766,0.25
648832,BE13-3079100,0.25
648832,BE06-3008003,0.5
648832,BE98-3158062,0.25
648833,BE16-3144289,0.5
648833,BE11-3175766,0.25
648833,BE13-3079100,0.25
648833,BE06-3008003,0.5
648833,BE98-3158062,0.25
648844,BE07-3153257,0.5
648844,BE99-3199906,0.25
648844,BE01-3140119,0.25
648844,BE06-3008003,0.5
648844,BE98-3158062,0.25
649359,BE13-3159401,0.5
649359,BE04-3069721,0.25
649359,BE99-3103770,0.125
649359,BE98-3158062,0.25
649359,BE05-3006583,0.25
649359,BE12-3088052,0.5
649359,BE09-4280727,0.25
649359,BE06-3008003,0.25
649369,BE13-4186089,0.5
649369,BE11-4291462,0.25
649369,BE12-3162831,0.25
649369,BE13-3056024,0.5
649369,BE09-3095175,0.25
649369,BE04-3069722,0.125
649369,BE03-4343129,0.125
649369,BE06-3008003,0.25
649369,BE98-3158062,0.125
649375,BE11-3070588,0.5
649375,BE10-3164739,0.25
649375,BE09-3095224,0.25
649375,BE13-3056024,0.5
649375,BE09-3095175,0.25
649375,BE04-3069722,0.125
649375,BE03-4343129,0.125
649375,BE06-3008003,0.25
649375,BE98-3158062,0.125
649376,BE16-2004426,0.5
649376,BE14-1123649,0.25
649376,BE13-2173606,0.25
649376,BE13-3056024,0.5
649376,BE09-3095175,0.25
649376,BE04-3069722,0.125
649376,BE03-4343129,0.125
649376,BE06-3008003,0.25
649376,BE98-3158062,0.125
649377,BE16-3084127,0.5
649377,BE07-7479070,0.25
649377,BE13-3056016,0.25
649377,BE13-3056024,0.5
649377,BE09-3095175,0.25
649377,BE04-3069722,0.125
649377,BE03-4343129,0.125
649377,BE06-3008003,0.25
649377,BE98-3158062,0.125
649380,BE07-3199994,0.5
649380,BE09-3095111,0.5
649380,BE07-4361085,0.25
649380,BE99-3199708,0.25
649381,BE13-3148761,0.5
649381,BE04-3069721,0.25
649381,BE99-3103770,0.125
649381,BE98-3158062,0.125
649381,BE05-3006583,0.25
649381,BE09-3095111,0.5
649381,BE07-4361085,0.25
649381,BE99-3199708,0.25
649382,BE14-3067005,0.5
649382,BE10-9039333,0.25
649382,BE09-6111726,0.125
649382,BE07-6033018,0.0625
649382,BE04-6307210,0.03125
649382,BE99-6352928,0.015625
649382,BE04-6358919,0.015625
649382,BE98-6335690,0.03125
649382,BE96-6404318,0.015625
649382,BE92-6235626,0.015625
649382,BE02-6183083,0.0625
649382,BE06-2178778,0.125
649382,BE09-3095111,0.25
649382,BE07-4361085,0.125
649382,BE99-3199708,0.125
649382,BE13-3057936,0.5
649382,BE11-3067728,0.25
649382,BE11-3175762,0.25
649384,BE06-3008013,0.5
649384,BE98-3158062,0.25
649384,BE09-5052387,0.5
649384,BE06-4112378,0.25
649384,B03-4146313,0.125
649384,B00-4065892,0.125
649384,BE99-5000704,0.25
649384,BE95-4628426,0.125
649384,BE96-4603915,0.125
649485,B09-6130460,0.5
649485,B06-6154559,0.25
649485,B08-6245262734,0.25
649485,B10-6166217,0.5
649485,B05-6221065,0.25
649485,B01-6153998,0.125
649485,B03-6226043,0.125
649485,B97-6362091,0.0625
649485,B99-6151734,0.0625
649485,B02-4479161,0.25
649485,B95-4148210,0.125
649485,B97-4263065,0.125
649486,B09-6130504,0.5
649486,B06-6110237,0.25
649486,B03-6226043,0.25
649486,B97-6362091,0.125
649486,B99-6151734,0.125
649486,B94-6495178,0.5
649497,B08-6374766,0.5
649497,B03-6086112,0.25
649497,B03-6460062,0.25
649497,B92-6242005,0.125
649497,B94-6366891,0.125
649497,B82-6736965,0.0625
649497,B86-6676122,0.0625
649497,B04-6470741,0.5
649497,B98-6522029,0.25
649497,B97-6390147,0.25
649804,BELG2005-6341163,0.5
649804,BELG2004-6356585,0.5
649805,BELG2005-6341163,0.5
649805,BELG2004-6356585,0.5
649839,BE09-4189935,0.5
649839,B04-4138100,0.25
649839,BE09-4188093,0.5
649839,BE04-4138987,0.25
649839,BE03-4329022,0.25
649848,BE07-4372474,0.5
649848,BE02-3228815,0.25
649848,BE01-4237509,0.25
649848,BE07-4216994,0.5
649848,BE02-4428040,0.25
649848,BE01-4237419,0.25
649855,BE10-4129914,0.5
649855,BE09-4189921,0.5
649914,BE12-2038172,0.5
649914,BE11-2205656,0.25
649914,BE11-2205722,0.25
649914,BE12-2035722,0.5
649914,BE07-2051404,0.25
649914,BE07-2051430,0.25
64994,B02-6175799,0.5
64994,B02-6175846,0.5
649946,B03-6033221,0.5
649946,B98-6161532,0.25
649946,B03-6033216,0.5
649946,B86-6694386,0.25
649946,B92-6680611,0.25
649947,B03-6033221,0.5
649947,B98-6161532,0.25
649947,B03-6033216,0.5
649947,B86-6694386,0.25
649947,B92-6680611,0.25
64995,B02-6175799,0.5
64995,B02-6175846,0.5
64996,B02-6175799,0.5
64996,B02-6175846,0.5
64997,B02-6175799,0.5
64997,B02-6175846,0.5
649982,BELG2009-6293980,0.5
649982,BELG2008-6140000,0.25
649982,BELG2008-6139992,0.25
649982,BELG2011-6269971,0.5
649982,BELG2008-6139998,0.25
649982,BELG2008-6139996,0.25
65000,B2001-4161243,0.5
65000,CHN2000-06-099656,0.5
65001,B2001-4161243,0.5
65001,CHN2000-06-099656,0.5
650085,BE14-2151245,0.5
650085,BE09-2230725,0.25
650085,BE09-2230737,0.25
650085,DV09-01274-593,0.5
650085,DV04-1274-1241,0.25
650085,BE06-6410617,0.25
650173,BE08-6177501,0.5
650173,BE07-6033110,0.25
650173,BE98-6335690,0.5
650173,BE96-6404318,0.5
650173,BE92-6235626,0.25
650173,BE06-6034922,0.5
650187,BE10-6359080,0.5
650187,BE05-6453975,0.25
650187,BE02-6256251,0.25
650187,BE02-6354241,0.5
650187,BE94-6366938,0.25
650193,BE14-6174075,0.5
650193,BE08-6259143,0.25
650193,BE02-6506323,0.125
650193,BE96-6618311,0.125
650193,BE10-6143302,0.25
650193,BE05-6118235,0.125
650193,BE04-6202033,0.125
650193,BE03-6460062,0.5
650193,BE00-6301617,0.25
650193,BE94-6366891,0.25
650198,BE10-9039333,0.5
650198,BE09-6111726,0.25
650198,BE07-6033018,0.125
650198,BE04-6307210,0.0625
650198,BE99-6352928,0.03125
650198,BE04-6358919,0.03125
650198,BE98-6335690,0.0625
650198,BE96-6404318,0.03125
650198,BE92-6235626,0.03125
650198,BE02-6183083,0.125
650198,BE06-2178778,0.25
650198,BE03-6460062,0.5
650198,BE00-6301617,0.25
650198,BE94-6366891,0.25
650200,BE05-6054214,0.5
650200,BE95-6278009,0.25
650200,BE05-6054295,0.5
650200,BE98-6185637,0.25
650200,BE02-6354241,0.25
650200,BE94-6366938,0.125
650211,BE08-6259143,0.5
650211,BE02-6506323,0.25
650211,BE96-6618311,0.25
650211,BE10-6143302,0.5
650211,BE05-6118235,0.25
650211,BE04-6202033,0.25
650223,BE12-6042459,0.5
650223,BE08-6259134,0.25
650223,BE03-6460062,0.125
650223,BE00-6301617,0.0625
650223,BE94-6366891,0.0625
650223,BE07-6229105,0.25
650223,BE04-6202172,0.125
650223,BE04-2298053,0.125
650223,BE09-6326192,0.5
650223,BE02-6506323,0.25
650223,BE96-6618311,0.25
650269,BE13-2022092,0.5
650269,BE09-2119372,0.25
650269,BE09-2119430,0.25
650269,BE07-6229105,0.5
650269,BE04-6202172,0.25
650269,BE04-2298053,0.25
650272,NL15-1164909,0.5
650272,BE11-6331083,0.25
650272,BE10-6220256,0.25
650272,NL15-1164919,0.5
650272,BE10-4258311,0.25
650272,BE11-4004297,0.25
650277,B14-3067003,0.5
650277,B06-3008013,0.25
650277,B99-3103770,0.125
650277,B98-3158062,0.125
650277,B07-4162252,0.5
650277,B05-4147234,0.25
650277,B02-4408088,0.25
650291,BE04-6307210,0.5
650291,BE99-6352928,0.25
650291,BE04-6358919,0.25
650291,BE03-6257098,0.5
650291,BE97-6407575,0.25
650291,BE95-6370004,0.125
650291,BE97-6450252,0.125
650291,BE98-6335690,0.25
650291,BE96-6404318,0.125
650291,BE92-6235626,0.125
650378,B08-6177679,0.5
650378,B03-6108015,0.25
650378,B99-6517590,0.125
650378,B99-6553877,0.125
650378,BE02-6183124,0.25
650378,B08-6164431,0.5
650378,B06-6404429,0.25
650378,B04-6246934,0.125
650378,B01-6225246,0.125
650378,B04-6307353,0.25
650383,B04-21254582004,0.5
650383,NL02-1949970,0.25
650383,B03-5086552,0.25
650383,NL08-1108360,0.5
650383,NL05-2077593,0.25
650383,NL07-1546486,0.25
650572,BELG2009-3095001,0.5
650572,BELG2003-3003390,0.25
650572,BELG2003-9021198,0.25
650572,BELG2004-3230876,0.5
650572,BELG2003-6381698,0.25
650876,CHN2011-01-469855,0.5
650876,CHN2008-01-968609,0.25
650876,B2003-5071602,0.375
650876,B1997-5166412,0.1875
650876,B2001-5010172,0.1875
650876,B1998-2398266,0.25
650876,B1994-5314930,0.125
650876,B1991-5248546,0.0625
650876,B1991-5248516,0.0625
650876,B1995-2363122,0.125
650876,B1990-2523263,0.0625
650876,B1987-3190166,0.0625
650876,CHN2007-01-480762,0.25
650876,CHN2011-01-469262,0.5
650876,CHN2009-01-803709,0.25
650876,CHN2009-01-222586,0.25
650876,CHN2006-01-020578,0.125
650880,CHN2013-01-089986,0.5
650880,CHN2011-01-469855,0.25
650880,CHN2008-01-968609,0.125
650880,B2003-5071602,0.1875
650880,B1997-5166412,0.09375
650880,B2001-5010172,0.09375
650880,B1998-2398266,0.375
650880,B1994-5314930,0.1875
650880,B1991-5248546,0.09375
650880,B1991-5248516,0.09375
650880,B1995-2363122,0.1875
650880,B1990-2523263,0.09375
650880,B1987-3190166,0.09375
650880,CHN2007-01-480762,0.125
650880,CHN2011-01-469262,0.25
650880,CHN2009-01-803709,0.125
650880,CHN2009-01-222586,0.125
650880,CHN2006-01-020578,0.0625
650880,CHN2011-01-469905,0.5
650880,B2003-2120191,0.25
650880,B1998-4185270,0.125
650880,B1997-4263054,0.0625
650880,B1991-4560548,0.0625
650880,B1993-4429362,0.125
650880,B1990-4208471,0.0625
650880,B1989-4139920,0.0625
650929,BE10-6031864,0.5
650929,BE08-2021004,0.25
650929,BE09-6111676,0.25
650929,BE09-6347283,0.5
650929,BE01-769000275,0.25
650929,BE01-6345099,0.25
650977,NL08-2020821,0.5
650977,NL05-1909293,0.25
650977,BE00-6367184,0.125
650977,NL02-5255446,0.625
650977,NL99-2585526,0.3125
650977,NL04-5435151,0.25
650977,NL00-1122178,0.125
650977,NL99-1585505,0.125
651006,NL10-3040963,0.5
651006,NL08-3842794,0.25
651006,NL03-1287800,0.125
651006,NL03-0388539,0.125
651006,NL05-5534888,0.25
651006,NL04-2062015,0.125
651006,BE02-3025837,0.125
651006,NL11-1159868,0.5
651006,NL08-2020821,0.25
651006,NL05-1909293,0.125
651006,BE00-6367184,0.0625
651006,NL02-5255446,0.3125
651006,NL99-2585526,0.15625
651006,NL04-5435151,0.125
651006,NL00-1122178,0.0625
651006,NL99-1585505,0.0625
651008,NL14-1499725,0.5
651008,NL06-1099749,0.25
651008,NL08-1353907,0.25
651008,NL11-1159902,0.5
651008,NL08-2020822,0.25
651008,NL05-1909293,0.125
651008,BE00-6367184,0.0625
651008,NL02-5255446,0.3125
651008,NL99-2585526,0.15625
651008,NL04-5435151,0.125
651008,NL00-1122178,0.0625
651008,NL99-1585505,0.0625
651009,NL14-1499725,0.5
651009,NL06-1099749,0.25
651009,NL08-1353907,0.25
651009,NL11-1159902,0.5
651009,NL08-2020822,0.25
651009,NL05-1909293,0.125
651009,BE00-6367184,0.0625
651009,NL02-5255446,0.3125
651009,NL99-2585526,0.15625
651009,NL04-5435151,0.125
651009,NL00-1122178,0.0625
651009,NL99-1585505,0.0625
651012,NL12-1204811,0.5
651012,NL10-1242100,0.25
651012,NL09-2094239,0.25
651012,NL12-5200201,0.5
651012,NL08-2020821,0.25
651012,NL05-1909293,0.125
651012,BE00-6367184,0.0625
651012,NL02-5255446,0.3125
651012,NL99-2585526,0.15625
651012,NL04-5435151,0.125
651012,NL00-1122178,0.0625
651012,NL99-1585505,0.0625
651018,NL08-3842794,0.5
651018,NL03-1287800,0.25
651018,NL03-0388539,0.25
651018,NL05-5534888,0.5
651018,NL04-2062015,0.25
651018,BE02-3025837,0.25
651020,BE15-6020237,0.5
651020,BE11-6226277,0.25
651020,BE09-6326192,0.25
651020,BE02-6506323,0.125
651020,BE96-6618311,0.125
651020,NL15-4273162,0.5
651020,BE12-3164404,0.25
651020,NL12-5200162,0.25
651023,NL11-1159984,0.5
651023,NL08-2020821,0.25
651023,NL05-1909293,0.125
651023,BE00-6367184,0.0625
651023,NL02-5255446,0.3125
651023,NL99-2585526,0.15625
651023,NL04-5435151,0.125
651023,NL00-1122178,0.0625
651023,NL99-1585505,0.0625
651023,BE14-6241457,0.5
651023,GB11-005747,0.25
651023,BE05-6045015,0.25
651039,DV0825-07-928,0.5
651039,DV0825-06-334,0.25
651039,DV0825-05-340,0.25
651039,NL08-2021383,0.5
651039,NL07-5719772,0.25
651039,NL07-1180406,0.25
651045,BE10-4327643,0.5
651045,BE02-4064532,0.25
651045,BE08-4351119,0.25
651551,CHN2013-03-138263,0.5
651551,NL2007-1207577,0.25
651551,NL2009-1186096,0.25
651551,NL2012-1198924,0.5
651551,BELG2005-6045100,0.25
651551,BELG2005-6233852,0.25
651797,NL11-1185671,0.5
651797,NL10-1109802,0.25
651797,NL10-1109626,0.25
651797,BE09-6040496,0.5
651797,BE05-6337097,0.25
651797,BE05-6045015,0.25
652071,BE12-6130672,0.5
652071,BE06-6148211,0.25
652071,BE04-6073696,0.125
652071,BE03-6192634,0.125
652071,BE09-6107016,0.25
652071,BE02-6330844,0.125
652071,BE05-6054296,0.125
652071,BE12-6030849,0.5
652071,BE08-6368028,0.25
652071,BE07-6043939,0.125
652071,BE03-6192776,0.0625
652071,BE02-6113220,0.0625
652071,BE06-6410698,0.125
652071,BE02-6049374,0.0625
652071,BE98-6110722,0.0625
652071,BE07-6356192,0.25
652071,BE05-6045520,0.125
652071,BE05-6449907,0.125
652203,BELG2009-2035886,0.5
652203,BELG2010-6297742,0.5
652216,NL05-1936557,0.5
652216,NL00-5063949,0.25
652216,NL98-5821416,0.25
652216,BE04-6468295,0.5
652216,BE98-6523289,0.25
652216,BE95-6246005,0.25
652226,BE14-4000027,0.5
652226,BE07-4093016,0.25
652226,BE10-4326277,0.25
652226,BE11-4220607,0.5
652226,BE08-4231159,0.25
652226,BE07-4029004,0.25
652235,BE11-4244168,0.5
652235,BE09-5052486,0.25
652235,BE06-4112378,0.125
652235,B03-4146313,0.0625
652235,B00-4065892,0.0625
652235,BE99-5007704,0.125
652235,BE09-6111600,0.25
652235,BE08-6259169,0.125
652235,BE05-6054214,0.0625
652235,BE95-6278009,0.03125
652235,BE05-6054295,0.0625
652235,BE98-6185637,0.03125
652235,BE02-6354241,0.03125
652235,BE94-6366938,0.015625
652235,BE98-6335690,0.125
652235,BE96-6404318,0.0625
652235,BE92-6235626,0.0625
652235,BE11-4220607,0.5
652235,BE08-4231159,0.25
652235,BE07-4029004,0.25
652239,BE07-4093331,0.5
652239,BE04-4277044,0.25
652239,BE03-4146103,0.25
652239,BE11-4220607,0.5
652239,BE08-4231159,0.25
652239,BE07-4029004,0.25
652248,BE12-4163557,0.5
652248,BE10-4258192,0.25
652248,BE11-4097042,0.25
652248,BE03-6415299,0.125
652248,BE92-6376991,0.0625
652248,BE04-5065642,0.125
652248,BE03-5241862,0.0625
652248,B94-4407032,0.0625
652248,BE12-4163535,0.5
652248,BE05-4130439,0.25
652248,BE07-4373754,0.25
652329,B04-5174902,0.5
652332,B20-2117363,0.5
652332,B97-2076286,0.25
652332,B92-6337535,0.25
652332,B01-2137150,0.5
652332,B87-4021090,0.375
652332,B90-2553359,0.25
652332,B83-2350199,0.125
652661,B08-6098419,0.5
652661,B05-6126285,0.25
652661,B93-6444396,0.25
652713,BE11-5007170,0.5
652713,BE10-5160509,0.25
652713,BE10-5160513,0.25
652713,CHN07-01-402442,0.5
652713,NL05-1625467,0.25
652713,NL00-0092192,0.125
652713,NL94-1812938,0.125
652713,BE06-6212508,0.25
652713,BE05-6170855,0.125
652713,BE03-6095358,0.125
652714,CHN14-04060,0.5
652714,CHN12-01-178915,0.25
652714,CHN07-01-388658,0.125
652714,B09-4139190,0.125
652714,NL05-0547397,0.125
652714,NL04-0428849,0.0625
652714,NL03-0375941,0.125
652714,NL02-0271883,0.0625
652714,NL99-9964496,0.03125
652714,NL93-1125375,0.03125
652714,NL94-9410369,0.0625
652714,CHN11-01-1001491,0.25
652714,B09-6219376,0.125
652714,B07-6060467,0.0625
652714,B01-6095777,0.03125
652714,B01-6224005,0.03125
652714,B07-6060416,0.0625
652714,B05-6166391,0.03125
652714,B04-6303936,0.03125
652714,NL08-3857042,0.125
652715,CHN16-05088,0.5
652715,CHN13-01-913332,0.25
652743,CHN10-01-966608,0.5
652743,NL05-1625467,0.25
652743,NL00-0092192,0.125
652743,NL94-1812938,0.125
652743,BE06-6212508,0.25
652743,BE05-6170855,0.125
652743,BE03-6095358,0.125
652743,BE08-5023466,0.5
652743,B98-2273890,0.25
652743,BE99-5236262,0.25
652750,CHN14-01-970291,0.5
652750,CHN08-01-125201,0.25
652750,NL05-1625467,0.25
652750,NL00-0092192,0.125
652750,NL94-1812938,0.125
652750,BE06-6212508,0.25
652750,BE05-6170855,0.125
652750,BE03-6095358,0.125
652750,BE04-5065636,0.25
652750,CHN12-01-178232,0.5
652750,CHN10-01-966608,0.25
652750,BE08-5023466,0.25
652750,B98-2273890,0.125
652750,BE99-5236262,0.125
652797,DV09-01769-809,0.5
652797,NL05-1625467,0.25
652797,NL00-0092192,0.125
652797,NL94-1812938,0.125
652797,BE06-6212508,0.25
652797,BE05-6170855,0.125
652797,BE03-6095358,0.125
652797,CHN11-01-1000254,0.5
652797,NL02-0271866,0.25
652797,NL97-9779802,0.125
652797,NL94-9410369,0.1875
652797,NL07-1936831,0.25
652797,NL02-0271840,0.125
652797,NL00-0077729,0.0625
652797,NL93-1125375,0.09375
652797,NL03-0375941,0.125
652797,NL02-0271883,0.0625
652797,NL99-9964496,0.03125
652802,CHN2013-01-089986,0.5
652802,CHN2011-01-469855,0.25
652802,CHN2008-01-968609,0.125
652802,B2003-5071602,0.1875
652802,B1997-5166412,0.09375
652802,B2001-5010172,0.09375
652802,B1998-2398266,0.1875
652802,B1994-5314930,0.09375
652802,B1991-5248546,0.046875
652802,B1991-5248516,0.046875
652802,B1995-2363122,0.09375
652802,B1990-2523263,0.046875
652802,B1987-3190166,0.046875
652802,CHN2007-01-480762,0.125
652802,CHN2011-01-469262,0.25
652802,CHN2009-01-803709,0.125
652802,CHN2009-01-222586,0.125
652802,CHN2006-01-020578,0.0625
652802,CHN2015-01-1162061,0.5
652802,CHN2012-01-1002754,0.25
652802,B2008-5116085,0.125
652802,CHN2013-01-850541,0.25
652802,CHN2011-01-469910,0.125
652802,CHN2002-01-477844,0.0625
652802,CHN2010-01-968024,0.125
652802,B2002-2315943,0.0625
652802,B2000-2376057,0.03125
652802,B1999-2017712,0.03125
652802,B2003-4133532,0.0625
652802,B1998-4197168,0.03125
652802,B1996-4171703,0.015625
652802,B1989-4288521,0.015625
652802,B1995-4440907,0.03125
652802,B1990-4319953,0.015625
652802,B1988-4243575,0.015625
652830,CHN14-01-970500,0.5
652830,DV09-01769-809,0.25
652830,NL05-1625467,0.125
652830,NL00-0092192,0.0625
652830,NL94-1812938,0.0625
652830,BE06-6212508,0.125
652830,BE05-6170855,0.0625
652830,BE03-6095358,0.0625
652830,CHN11-01-1000254,0.25
652830,NL02-0271866,0.125
652830,NL97-9779802,0.0625
652830,NL94-9410369,0.09375
652830,NL07-1936831,0.125
652830,NL02-0271840,0.0625
652830,NL00-0077729,0.03125
652830,NL93-1125375,0.046875
652830,NL03-0375941,0.0625
652830,NL02-0271883,0.03125
652830,NL99-9964496,0.015625
652830,CHN14-04069,0.5
652830,CHN12-01-993456,0.25
652830,BE11-4097054,0.25
652830,BE10-2007035,0.125
652830,BE09-5183351,0.0625
652830,BE07-5100921,0.0625
652830,BE09-5052387,0.125
652830,BE06-4112378,0.0625
652830,B03-4146313,0.03125
652830,B00-4065892,0.03125
652830,BE99-5000704,0.0625
652830,BE95-4628426,0.03125
652830,BE96-4603915,0.03125
652831,NL05-1625467,0.5
652831,NL00-0092192,0.25
652831,NL94-1812938,0.25
652831,BE06-6212508,0.5
652831,BE05-6170855,0.25
652831,BE03-6095358,0.25
652833,NL05-1625467,0.5
652833,NL00-0092192,0.25
652833,NL94-1812938,0.25
652833,BE06-6212508,0.5
652833,BE05-6170855,0.25
652833,BE03-6095358,0.25
652838,BE08-4355796,0.5
652838,BE06-4157574,0.25
652838,BE06-4296522,0.25
652838,CHN09-01-891558,0.5
652838,CHN07-22-661782,0.25
652838,CHN07-01-402442,0.25
652838,NL05-1625467,0.125
652838,NL00-0092192,0.0625
652838,NL94-1812938,0.0625
652838,BE06-6212508,0.125
652838,BE05-6170855,0.0625
652838,BE03-6095358,0.0625
652860,B10-3047149,0.5
652860,B99-399906,0.25
652860,B01-3140119,0.25
652860,B11-3170448,0.5
652860,B00-3195099,0.375
652860,B95-3185530,0.1875
652860,B93-3051184,0.1875
652860,B06-3008003,0.25
652860,B98-3158062,0.125
652915,CHN12-01-993506,0.5
652915,BE09-6333791,0.25
652915,NL04-2243620,0.125
652915,NL05-2201758,0.125
652915,NL98-5870087,0.0625
652915,NL03-5301441,0.0625
652915,B87-3089349,0.03125
652915,B02-3025837,0.03125
652915,DV10-08728-8812010,0.25
652915,CHN10-01-966664,0.5
652915,NL05-1625467,0.25
652915,NL00-0092192,0.125
652915,NL94-1812938,0.125
652915,BE06-6212508,0.25
652915,BE05-6170855,0.125
652915,BE03-6095358,0.125
652916,BE13-4176454,0.5
652916,BE09-5052387,0.25
652916,BE06-4112378,0.125
652916,B03-4146313,0.0625
652916,B00-4065892,0.0625
652916,BE99-5000704,0.125
652916,BE95-4628426,0.0625
652916,BE96-4603915,0.0625
652916,BE06-6212508,0.5
652916,BE05-6170855,0.25
652916,BE03-6095358,0.25
652985,B14-6175810,0.5
652985,B06-6185492,0.25
652985,B05-6306292,0.25
652985,B03-6437325,0.125
652985,B97-6101027,0.0625
652985,B02-6051777,0.0625
652985,B00-6032231,0.125
652985,B94-6093575,0.0625
652985,B90-6331119,0.0625
652985,B09-6240929,0.5
652985,B07-6140250,0.25
652985,B94-6093632,0.25
652985,B83-6528577,0.125
652985,B85-6392475,0.125
652999,CHN2013-01-089986,0.5
652999,CHN2011-01-469855,0.25
652999,CHN2008-01-968609,0.125
652999,B2003-5071602,0.1875
652999,B1997-5166412,0.09375
652999,B2001-5010172,0.09375
652999,B1998-2398266,0.1875
652999,B1994-5314930,0.09375
652999,B1991-5248546,0.046875
652999,B1991-5248516,0.046875
652999,B1995-2363122,0.09375
652999,B1990-2523263,0.046875
652999,B1987-3190166,0.046875
652999,CHN2007-01-480762,0.125
652999,CHN2011-01-469262,0.25
652999,CHN2009-01-803709,0.125
652999,CHN2009-01-222586,0.125
652999,CHN2006-01-020578,0.0625
652999,CHN2015-01-1162061,0.5
652999,CHN2012-01-1002754,0.25
652999,B2008-5116085,0.125
652999,CHN2013-01-850541,0.25
652999,CHN2011-01-469910,0.125
652999,CHN2002-01-477844,0.0625
652999,CHN2010-01-968024,0.125
652999,B2002-2315943,0.0625
652999,B2000-2376057,0.03125
652999,B1999-2017712,0.03125
652999,B2003-4133532,0.0625
652999,B1998-4197168,0.03125
652999,B1996-4171703,0.015625
652999,B1989-4288521,0.015625
652999,B1995-4440907,0.03125
652999,B1990-4319953,0.015625
652999,B1988-4243575,0.015625
653001,CHN2016-01-0296215,0.5
653001,NL2013-1239323,0.25
653001,NL2006-2162253,0.125
653001,NL2003-1135462,0.0625
653001,NL2003-1135318,0.0625
653001,NL2003-1135475,0.125
653001,NL2002-1635264,0.09375
653001,NL1995-1941948,0.0625
653001,NL2011-1740912,0.25
653001,NL2008-1537203,0.125
653001,NL2007-1817852,0.0625
653001,NL2007-1817880,0.0625
653001,NL2009-1186313,0.125
653001,NL2007-1817907,0.0625
653001,NL2004-2050252,0.03125
653001,NL2003-1103686,0.03125
653001,NL2008-1537236,0.0625
653001,NL2001-1886517,0.03125
653001,CHN2015-01-1375179,0.5
653001,CHN2013-01-089986,0.25
653001,CHN2011-01-469855,0.125
653001,CHN2008-01-968609,0.0625
653001,B2003-5071602,0.09375
653001,B1997-5166412,0.046875
653001,B2001-5010172,0.046875
653001,B1998-2398266,0.0625
653001,B1994-5314930,0.03125
653001,B1995-2363122,0.03125
653001,CHN2007-01-480762,0.0625
653001,CHN2011-01-469262,0.125
653001,CHN2009-01-803709,0.0625
653001,CHN2009-01-222586,0.0625
653001,CHN2006-01-020578,0.03125
653001,CHN2010-01-281310,0.25
653001,CHN2005-01-502380,0.125
653001,B2007-5067344,0.125
653001,B2000-4065880,0.0625
653001,B1998-4184729,0.03125
653001,B1998-3024841,0.03125
653001,B2001-6182211,0.0625
653001,B1998-5296409,0.03125
653001,B1997-6523459,0.03125
653002,NL2013-1239323,0.5
653002,NL2006-2162253,0.25
653002,NL2003-1135462,0.125
653002,NL2003-1135318,0.125
653002,NL2003-1135475,0.25
653002,NL2002-1635264,0.1875
653002,NL1995-1941948,0.125
653002,NL2011-1740912,0.5
653002,NL2008-1537203,0.25
653002,NL2007-1817852,0.125
653002,NL2007-1817880,0.125
653002,NL2009-1186313,0.25
653002,NL2007-1817907,0.125
653002,NL2004-2050252,0.0625
653002,NL2003-1103686,0.0625
653002,NL2008-1537236,0.125
653002,NL2001-1886517,0.0625
653003,CHN2013-01-850570,0.5
653003,CHN2009-01-803711,0.25
653003,CHN2011-01-469806,0.25
653003,NL2012-1618947,0.5
653003,NL2009-1904568,0.25
653003,NL2009-1186402,0.25
653003,NL2004-2050252,0.125
653003,NL2001-1886550,0.125
653004,B2005-6336371,0.5
653004,B2002-2265327,0.25
653004,B2000-2352576,0.125
653004,B2000-2352590,0.125
653004,B1999-6340916,0.25
653004,B1994-6142774,0.125
653004,B1994-6633774,0.125
653004,B2009-3146071,0.5
653004,B2006-3134235,0.25
653004,B2007-3153111,0.25
653006,CHN2011-01-469846,0.5
653006,CHN2010-01-968008,0.25
653006,CHN2003-01-213587,0.25
653006,CHN2012-01-1002635,0.5
653006,B2005-6052073,0.25
653006,B2004-4019943,0.25
653006,B1999-4365061,0.125
653006,B1994-4438205,0.0625
653006,B1993-4392044,0.0625
653006,B2002-4333378,0.125
653006,B2001-4489665,0.0625
653006,B2000-4065805,0.03125
653006,B1999-4393519,0.03125
653006,B2000-4065848,0.0625
653006,B1993-4429368,0.03125
653006,B1991-4560548,0.03125
653007,CHN2010-01-968036,0.5
653007,B2003-3186429,0.25
653007,B2000-3128435,0.125
653007,B1994-3238558,0.0625
653007,B1989-3315380,0.0625
653007,B1993-3183025,0.125
653007,B1992-3082421,0.0625
653007,B1987-3052819,0.0625
653007,B1998-2398266,0.25
653007,B1994-5314930,0.125
653007,B1991-5248546,0.0625
653007,B1991-5248516,0.0625
653007,B1995-2363122,0.125
653007,B1990-2523263,0.0625
653007,B1987-3190166,0.0625
653007,B2010-2135174,0.5
653007,B2009-2119421,0.25
653007,B2003-2001983,0.25
653511,CHN2013-26-198303,0.5
653511,DV2001-0709-724,0.25
653511,B2002-4159754,0.25
653511,CGN2008-26-190045,0.5
653511,NL1999-2240856,0.25
653511,CHN2005-26-009014,0.25
653530,DV02098-13-761,0.5
653530,DV02098-04-1600,0.25
653530,DV02098-06-321,0.25
653530,DV02098-09-1920,0.5
653530,DV02098-99-1000,0.25
653530,DV02098-95-12,0.25
653531,B10-6308948,0.5
653531,B06-6401339,0.25
653531,B04-6105159,0.25
653531,DV02098-09-1900,0.5
653531,DV02098-99-1000,0.25
653531,DV02098-95-12,0.25
653954,BE10-2045201,0.5
653954,BE99-2036308,0.25
653954,BE01-2137326,0.25
653954,BE11-2083359,0.5
653954,BE94-2061168,0.25
653954,BE01-2137150,0.25
654054,CHN2017-01-0100657,0.5
654054,CHN2013-01-850580,0.25
654054,CHN2009-01-981105,0.125
654054,CHN2009-01-981119,0.125
654054,CHN2016-01-0296203,0.25
654054,NL2012-1619022,0.125
654054,NL2014-1059351,0.125
654054,CHN2016-01-1485095,0.5
654054,CHN2009-01-981112,0.25
654054,CHN2005-01-502380,0.125
654054,B2007-5067344,0.375
654054,B2000-4065880,0.1875
654054,B1998-4184729,0.09375
654054,B1998-3024841,0.09375
654054,B2001-6182211,0.1875
654054,B1998-5296409,0.09375
654054,B1997-6523459,0.09375
654442,CHN2016-01-1485037,0.5
654442,B2007-6310392,0.25
654442,B1998-6589910,0.125
654442,B1998-6278036,0.125
654442,B2009-6233674,0.25
654442,B2010-6246152,0.5
654442,B2003-6452591,0.25
654442,B2004-6293144,0.25
654443,CHN2013-01-089986,0.5
654443,CHN2011-01-469855,0.25
654443,CHN2008-01-968609,0.125
654443,B2003-5071602,0.1875
654443,B1997-5166412,0.09375
654443,B2001-5010172,0.09375
654443,B1998-2398266,0.125
654443,B1994-5314930,0.0625
654443,B1991-5248546,0.03125
654443,B1991-5248516,0.03125
654443,B1995-2363122,0.0625
654443,B1990-2523263,0.03125
654443,B1987-3190166,0.03125
654443,CHN2007-01-480762,0.125
654443,CHN2011-01-469262,0.25
654443,CHN2009-01-803709,0.125
654443,CHN2009-01-222586,0.125
654443,CHN2006-01-020578,0.0625
654443,CHN2010-01-281310,0.5
654443,CHN2005-01-502380,0.25
654443,B2007-5067344,0.25
654443,B2000-4065880,0.125
654443,B1998-4184729,0.0625
654443,B1998-3024841,0.0625
654443,B2001-6182211,0.125
654443,B1998-5296409,0.0625
654443,B1997-6523459,0.0625
654451,B2005-6336352,0.5
654451,B2006-6108790,0.25
654451,B2001-6367319,0.125
654451,B2002-6432811,0.125
654451,B1996-6335231,0.25
654451,B1991-6445551,0.125
654451,B1990-6531177,0.0625
654451,B1989-6366084,0.0625
654451,B1994-6086120,0.125
654451,B1992-6542371,0.0625
654451,B1992-6542479,0.0625
654451,CHN2008-01-968512,0.5
654451,B2002-6330822,0.25
654451,B2002-6330820,0.25
654479,BE09-3127246,0.5
654479,BE04-3081015,0.25
654479,BE08-3067198,0.25
654479,BE09-3135331,0.5
654479,BE02-3016467,0.25
654479,BE04-3176837,0.25
654488,BE09-3127246,0.5
654488,BE04-3081015,0.25
654488,BE08-3067198,0.25
654488,BE09-3135331,0.5
654488,BE02-3016467,0.25
654488,BE04-3176837,0.25
654500,BE09-3127246,0.5
654500,BE04-3081015,0.25
654500,BE08-3067198,0.25
654500,BE14-3147204,0.5
654500,BE12-3111204,0.25
654500,BE11-6119039,0.25
654504,BE09-3127246,0.5
654504,BE04-3081015,0.25
654504,BE08-3067198,0.25
654504,BE14-3147204,0.5
654504,BE12-3111204,0.25
654504,BE11-6119039,0.25
654506,BE09-3127246,0.5
654506,BE04-3081015,0.25
654506,BE08-3067198,0.25
654506,BE14-3147204,0.5
654506,BE12-3111204,0.25
654506,BE11-6119039,0.25
654571,BE12-3168933,0.5
654571,BE06-3008238,0.25
654571,BE07-3008368,0.25
654571,BE14-3032369,0.5
654571,BE10-3137504,0.25
654571,BE05-3224796,0.25
654573,BE12-3041983,0.5
654573,BE08-3002246,0.25
654573,BE08-3002243,0.25
654573,BE11-3048658,0.5
654573,BE09-3135332,0.25
654573,BE08-4188031,0.25
654578,BE10-3082453,0.5
654578,BE07-4084429,0.25
654578,BE07-3034246,0.25
654578,BE05-3088024,0.5
654578,BE04-3023042,0.25
654578,BE00-3162836,0.25
654808,NL13-4727623,0.5
654808,B12-2080229,0.25
654808,NL02-2373002,0.25
654808,NL13-1654696,0.5
654808,NL11-1185672,0.25
654808,NL11-1185884,0.25
655033,BE12-5057101,0.5
655033,BE10-5110032,0.25
655033,BE10-5110061,0.25
655033,BE10-5025578,0.5
655033,BE05-5162133,0.25
655033,BE07-5116243,0.25
655034,BE12-5057101,0.5
655034,BE10-5110032,0.25
655034,BE10-5110061,0.25
655034,BE10-5025578,0.5
655034,BE05-5162133,0.25
655034,BE07-5116243,0.25
655103,BE13-5065160,0.5
655103,BE12-5158659,0.25
655103,BE12-5061733,0.25
655103,BE09-5026965,0.5
655103,BE07-5195006,0.25
655103,BE07-5035394,0.25
655112,CHN08-32-999389,0.5
655112,BE06-6270221,0.25
655112,BE00-6249381,0.5
655112,CHN10-06-266079,0.5
655112,BE99-6448352,0.25
655174,BE04-3004517,0.5
655174,BE98-3303957,0.25
655174,BE90-4499329,0.5
655174,BE05-3005462,0.5
655174,BE89-4465322,0.25
655416,BE13-5065160,0.5
655416,BE12-5158659,0.25
655416,BE12-5061733,0.25
655416,BE09-5026965,0.5
655416,BE07-5195006,0.25
655416,BE07-5035394,0.25
655420,BE09-5026800,0.5
655420,BE97-6499255,0.25
655420,BE08-5040331,0.25
655420,BE09-5026965,0.5
655420,BE07-5195006,0.25
655420,BE07-5035394,0.25
655452,NL2013-1239496,0.5
655452,NL2010-1682216,0.25
655452,NL2010-1682333,0.25
655452,NL2008-2049005,0.125
655452,NL1998-5821450,0.0625
655452,NL2004-5430805,0.0625
655452,NL2004-2050343,0.125
655452,NL2012-1619179,0.5
655452,NL2008-1537248,0.25
655452,NL2009-1186313,0.25
655452,NL2007-1817907,0.125
655452,NL2004-2050252,0.0625
655452,NL2003-1103686,0.0625
655452,NL2008-1537236,0.125
655452,NL2002-1635264,0.0625
655452,NL2001-1886517,0.0625
655528,BELG2011-6091664,0.5
655618,CHN15-15-0124415,0.5
655618,NL12-1799610,0.25
655618,NL05-2102009,0.125
655618,NL99-5901735,0.125
655618,NL11-1096624,0.25
655618,CHN2016-15-0217366,0.5
655618,NL2011-1612277,0.25
655618,NL2011-5000642,0.25
65563,B13-5024994,0.5
65563,B12-6023275,0.25
65563,B10-6031733,0.25
655637,NL2013-1239323,0.5
655637,NL2006-2162253,0.25
655637,NL2003-1135462,0.125
655637,NL2003-1135318,0.125
655637,NL2003-1135475,0.25
655637,NL2002-1635264,0.1875
655637,NL1995-1941948,0.125
655637,NL2011-1740912,0.5
655637,NL2008-1537203,0.25
655637,NL2007-1817852,0.125
655637,NL2007-1817880,0.125
655637,NL2009-1186313,0.25
655637,NL2007-1817907,0.125
655637,NL2004-2050252,0.0625
655637,NL2003-1103686,0.0625
655637,NL2008-1537236,0.125
655637,NL2001-1886517,0.0625
655640,NL2008-1537203,0.5
655640,NL2007-1817852,0.25
655640,NL2007-1817880,0.25
655640,NL2009-1186313,0.5
655640,NL2007-1817907,0.25
655640,NL2004-2050252,0.125
655640,NL2003-1103686,0.125
655640,NL2008-1537236,0.25
655640,NL2002-1635264,0.125
655640,NL2001-1886517,0.125
655641,NL2006-2162253,0.5
655641,NL2003-1135462,0.25
655641,NL2003-1135318,0.25
655641,NL2003-1135475,0.5
655641,NL2002-1635264,0.25
655641,NL1995-1941948,0.25
655668,CHN2016-0227664,0.5
655668,CHN2016-0212235,0.5
655668,NL05-1394730,0.375
655668,NL11-1736843,0.25
655668,NL04-2050258,0.125
65572,NL10-1864836,0.5
65572,BE97-6390083,0.25
65572,BE95-6246005,0.25
65572,BE11-6342117,0.5
65572,BE96-6286052,0.25
65572,BE02-6508543,0.25
65577,NL09-2027040,0.5
65577,NL08-1291717,0.25
65577,NL08-1291700,0.25
65577,NL06-1967847,0.125
65577,NL05-1234823,0.125
655792,CHN2015-15-0120890,0.5
655792,CHN2014-15-184369,0.5
655793,NL2014-1071865,0.5
655793,NL2005-5514315,0.25
655793,NL2005-552555,0.25
655793,NL2013-1299268,0.5
655793,NLDV06720-08-1216,0.25
655793,NL2011-1741053,0.25
655794,CHN15-0120621,0.5
655868,CHN15-0124415,0.5
655868,NL12-1799610,0.25
655868,NL05-2102009,0.125
655868,NL99-5901735,0.125
655868,NL11-1906624,0.25
655868,NL11-1159897,0.5
655868,NL07-5719763,0.25
655868,NL07-1180473,0.25
65587,BE06-6210279,0.5
65587,BE97-6466984,0.25
65587,BE95-6246005,0.25
65587,BE08-6372552,0.5
65587,BE95-6302321,0.25
65587,BE01-6455003,0.25
655888,BELG2011-6327070,0.5
655888,BELG2010-6146327,0.5
655888,B00-6141444,0.25
655889,BELG2011-6094195,0.5
655889,BELG06-6405134,0.25
655889,NL08-2048857,0.25
655889,NL02-2173518,0.125
655889,NL98-5821470,0.125
655889,NL97-2252940,0.0625
655889,NL96-8022870,0.03125
655889,NL92-53103641995,0.03125
655889,NL97-2253103,0.0625
655889,B96-6286060,0.03125
655889,NL88-2763998,0.03125
655889,BELG2006-6149916,0.5
655900,B07-63768978,0.5
655900,B00-6144429,0.25
655900,B96-6491716,0.25
655900,BELG2010-6347282,0.5
655900,B07-1817551,0.25
655900,B02-6113220,0.25
655900,B00-6440232,0.125
655900,B97-6210632,0.0625
655900,B95-6303932,0.0625
655900,B00-6141444,0.125
65625,NL12-1783964,0.5
65625,NL08-7107591,0.25
65625,NL06-1597409,0.25
65625,BE12-3162847,0.5
65625,BE00-3195099,0.25
65625,BE06-3008003,0.25
65625,BE98-3158062,0.125
656823,B07-6404512,0.5
656823,B06-6410620,0.25
656823,B01-6455003,0.25
656823,B95-6302321,0.125
656823,B98-6160968,0.125
656823,B09-6370103,0.5
656823,B05-2165192,0.25
656823,NL08-2048857,0.25
656823,NL02-2173518,0.125
656823,NL98-5821470,0.125
656823,NL97-2252940,0.0625
656823,NL96-8022870,0.03125
656823,NL92-53103641995,0.03125
656823,NL97-2253103,0.0625
656823,B96-6286060,0.03125
656823,NL88-2763998,0.03125
657250,B11-6282424,0.5
657250,B06-6270117,0.25
657250,B08-6174630,0.25
657250,B05-6116293,0.125
657250,B03-6277483,0.125
657250,B00-61759805,0.0625
657250,B00-6175870,0.0625
657250,B12-6327526,0.5
657250,DV00825-02-433,0.25
657250,B01-6387350,0.25
657250,B98-6350130,0.125
657250,B99-6448053,0.125
657290,B15-6300316,0.5
657290,B11-6340842,0.25
657290,B12-6196564,0.25
657290,B08-6174630,0.5
657290,B05-6116293,0.25
657290,B03-6277483,0.25
657290,B00-61759805,0.125
657290,B00-6175870,0.125
657291,B15-6026019,0.5
657291,B12-6196004,0.25
657291,B13-6320159,0.25
657291,B14-6175237,0.5
657291,B12-6196107,0.25
657291,B09-6248087,0.25
657292,DV02098-14-1459,0.5
657292,DV02098-10-1666,0.25
657292,DV02098-07-261,0.25
657292,DV02098-99-1000,0.375
657292,DV02098-06-801,0.125
657292,DV02098-09-1900,0.5
657292,DV02098-95-12,0.25
657293,DV02098-06-1561,0.5
657293,NL01-4743041,0.25
657293,B99-6552499,0.25
657293,DV02098-08-666,0.5
657293,DV02098-98-745,0.25
657293,DV02098-95-12,0.25
657294,B11-6027867,0.5
657294,B04-6393307,0.25
657294,B10-6186124,0.25
657294,B13-6195132,0.5
657294,B11-6167150,0.25
657295,B11-6119124,0.5
657295,B07-6033131,0.25
657295,B09-6111534,0.25
657295,B09-6111449,0.5
657295,B07-6386753,0.25
657295,B07-6380759,0.25
657372,B98-6122084,0.5
657385,B92-3040429,0.5
657385,B98-3145096,0.5
657385,B95-3166126,0.25
657413,BE05-6045589,0.5
657413,NL05-6045579,0.5
657444,CHN2014-17-088530,0.5
657444,NL2007-3728138,0.25
657444,B06-5015157,0.25
657444,CHN2014-17-088438,0.5
657444,CHN2012-17-080027,0.25
657444,NL2003-0338903,0.25
657463,CHN2015-17-0080760,0.5
657463,CHN2014-17-088505,0.25
657463,CHN2009-17-004717,0.25
657463,CHN2008-17-008906,0.5
657463,B07-4235891,0.25
657463,NL2003-0338903,0.25
657474,CHN2014-17-088490,0.5
657474,CHN2011-17-080027,0.25
657474,NL2003-0338903,0.25
657474,CHN2013-17-080813,0.5
657474,NL07-3728138,0.25
657474,B06-5010157,0.25
657847,CHN2016-17-0161600,0.5
657847,CHN2014-17-088530,0.25
657847,NL2007-3728138,0.125
657847,B06-5015157,0.125
657847,CHN2014-17-088438,0.25
657847,CHN2012-17-080027,0.125
657847,NL2003-0338903,0.25
657847,CHN2017-17-0019987,0.5
657847,B07-4235891,0.375
657847,CHN2008-17-008906,0.25
657915,CHN2015-17-0080705,0.5
657915,CHN2014-17-088503,0.25
657915,B04-3104012,0.25
657915,B92-3040429,0.125
657915,B98-3145096,0.125
657915,B95-3166126,0.0625
657915,CHN2015-17-0080618,0.5
657915,BE09-4303164,0.25
657916,CHN2009-17-002000,0.5
657916,CHN2011-17-080038,0.5
657916,CHN2010-17-080025,0.25
657916,NL07-1667771,0.25
657917,CHN2014-17-088531,0.5
657917,NL07-3728138,0.25
657917,B06-5010157,0.25
657917,CHN2010-17-080007,0.5
657917,NL08-3857034,0.25
657917,NL00-0077691,0.25
657918,CHN2014-17-088531,0.5
657918,NL07-3728138,0.25
657918,B06-5010157,0.25
657918,CHN2010-17-080007,0.5
657918,NL08-3857034,0.25
657918,NL00-0077691,0.25
657922,NL2007-3728138,0.5
657922,B06-5015157,0.5
657923,B07-4235891,0.5
657923,NL2003-0338903,0.5
657947,NL08-3857034,0.5
657947,NL00-0077691,0.5
657955,B07-4360397,0.5
657955,CHN2008-17-008205,0.5
657955,NL2007-3728138,0.25
657955,B06-5015157,0.25
657959,B07-4235891,0.5
657959,B06-5015157,0.5
657964,NL07-3728138,0.5
657964,B06-5010157,0.5
657982,B10-6358364,0.5
658009,CHN2011-17-080027,0.5
658009,NL2003-0338903,0.5
658010,NL2007-3728138,0.5
658010,B06-5015157,0.5
658018,CHN2014-17-088490,0.5
658018,CHN2011-17-080027,0.25
658018,NL2003-0338903,0.25
658018,CHN2013-17-080813,0.5
658018,NL07-3728138,0.25
658018,B06-5010157,0.25
658034,B07-4235891,0.75
658034,CHN2008-17-008906,0.5
658034,NL2003-0338903,0.25
658038,CHN2016-17-0161600,0.5
658038,CHN2014-17-088530,0.25
658038,NL2007-3728138,0.125
658038,B06-5015157,0.125
658038,CHN2014-17-088438,0.25
658038,CHN2012-17-080027,0.125
658038,NL2003-0338903,0.25
658038,CHN2017-17-0019987,0.5
658038,B07-4235891,0.375
658038,CHN2008-17-008906,0.25
658078,BELG2009-6358200,0.5
658078,BELG2008-6372837,0.5
658081,BELG2009-6358200,0.5
658081,BELG2008-6372837,0.5
658113,CHN2012-17-080027,0.5
658113,NL2003-0338903,0.5
658114,BE09-4303164,0.5
658118,CHN2014-17-088505,0.5
658118,CHN2009-17-004717,0.5
658119,CHN2014-17-088490,0.5
658119,CHN2011-17-080027,0.25
658119,NL2003-0338903,0.25
658119,CHN2013-17-080813,0.5
658119,NL07-3728138,0.25
658119,B06-5010157,0.25
658256,NL07-3728138,0.5
658256,B06-5010157,0.5
658500,NL08-1569301,0.5
658500,NL07-1847800,0.5
658540,B04-3099036,0.5
658540,B01-3076022,0.25
658540,B95-3263118,0.25
658540,B04-3099082,0.5
658540,B00-3146013,0.25
658540,B99-3020065,0.25
658540,B95-3336674,0.125
658540,B92-3138672,0.0625
658540,B89-3160827,0.0625
658540,B92-3138647,0.125
658540,B87-3089349,0.0625
658540,B88-3307763,0.0625
658762,B11-6203200,0.5
658912,NL13-1072092,0.5
658912,NL11-4227753,0.25
658912,NL11-1226500,0.25
658912,NL13-1032933,0.5
658912,NL08-1299771,0.25
658912,B02-6269982,0.125
658912,B05-6451192,0.125
658912,B00-6367195,0.0625
658912,B96-6452295,0.0625
658912,B09-6396624,0.25
658912,B05-6453975,0.125
658912,B98-6523289,0.0625
658912,B95-6246005,0.0625
658912,B90-6652120,0.03125
658912,B93-6621023,0.03125
658912,B05-6045015,0.125
658924,NL08-1299771,0.5
658924,B02-6269982,0.25
658924,B05-6451192,0.25
658924,B00-6367195,0.125
658924,B96-6452295,0.125
658924,B09-6396624,0.5
658924,B05-6453975,0.25
658924,B98-6523289,0.125
658924,B95-6246005,0.125
658924,B90-6652120,0.0625
658924,B93-6621023,0.0625
658924,B05-6045015,0.25
659421,B12-9093118,0.5
659421,B05-9083076,0.25
659421,B02-9069958,0.25
659421,B08-4003774,0.5
659421,B07-4067927,0.25
659421,B06-4126150,0.25
659971,CHN2012-01-1003066,0.5
659971,CHN2009-01-981120,0.25
659971,NL2007-1841638,0.125
659971,B2007-5175949,0.125
659971,CHN2010-01-281310,0.25
659971,CHN2005-01-502380,0.125
659971,B2007-5067344,0.125
659971,B2000-4065880,0.0625
659971,B1998-4184729,0.03125
659971,B1998-3024841,0.03125
659971,B2001-6182211,0.0625
659971,B1998-5296409,0.03125
659971,B1997-6523459,0.03125
659971,CHN2011-01-469906,0.5
659971,B2003-2120191,0.25
659971,B1998-4185270,0.125
659971,B1997-4263054,0.0625
659971,B1991-4560548,0.0625
659971,B1993-4429362,0.125
659971,B1990-4208471,0.0625
659971,B1989-4139920,0.0625
659971,B1998-2398266,0.25
659971,B1994-5314930,0.125
659971,B1991-5248546,0.0625
659971,B1991-5248516,0.0625
659971,B1995-2363122,0.125
659971,B1990-2523263,0.0625
659971,B1987-3190166,0.0625
659976,CHN2016-01-1485649,0.5
659976,B2005-5148997,0.25
659976,B2009-4263016,0.25
659976,CHN2016-01-0296294,0.5
659976,CHN2015-01-1182372,0.25
659976,CHN2014-01-358713,0.25
659979,CHN2014-01-00694,0.5
659979,CHN2008-01-968609,0.25
659979,B2003-5071602,0.25
659979,B1997-5166412,0.125
659979,B2001-5010172,0.125
659979,B1998-2398266,0.125
659979,B1994-5314930,0.0625
659979,B1991-5248546,0.03125
659979,B1991-5248516,0.03125
659979,B1995-2363122,0.0625
659979,B1990-2523263,0.03125
659979,B1987-3190166,0.03125
659979,CHN2009-01-803710,0.25
659979,B2001-6234954,0.125
659979,B1998-6484219,0.0625
659979,B1990-6088614,0.0625
659979,B1996-6335231,0.125
659979,B1991-6445551,0.0625
659979,B1990-6531177,0.03125
659979,B1989-6366084,0.03125
659979,B1994-6086120,0.0625
659979,B1992-6542371,0.03125
659979,B1992-6542479,0.03125
659979,CHN2014-01-04477,0.5
659979,CHN2010-01-968028,0.25
659979,B2002-4478706,0.125
659979,B2000-4065833,0.0625
659979,B1996-4391982,0.03125
659979,B1998-4184899,0.03125
659979,B1999-4393573,0.0625
659979,B1996-4391925,0.03125
659979,B1991-4261261,0.03125
659979,CHN1998-01-028823,0.125
659979,CHN2008-01-968506,0.25
659979,B1995-5111447,0.125
659982,CHN2016-01-0296279,0.5
659982,CHN2013-01-850569,0.25
659982,CHN2014-01-00698,0.25
659982,CHN2015-01-1375670,0.5
659982,B2005-5148997,0.25
659982,B2005-3168575,0.25
659988,NL2016-1526305,0.5
659988,NL2012-1619135,0.25
659988,NL2007-1817891,0.375
659988,NL2016-1526253,0.5
659988,NL2014-1059637,0.25
659988,NL2011-1736818,0.25
659988,NL2006-1091312,0.125
659993,CHN2016-01-1485037,0.5
659993,B2007-6310392,0.25
659993,B1998-6589910,0.125
659993,B1998-6278036,0.125
659993,B2009-6233674,0.25
659993,B2010-6246152,0.5
659993,B2003-6452591,0.25
659993,B2004-6293144,0.25
660041,B15-6026038,0.5
660041,B09-6248545,0.25
660041,B13-6026112,0.25
660041,B06-6270117,0.125
660041,B08-6174630,0.125
660041,B05-6116293,0.0625
660041,B03-6277483,0.0625
660041,B00-61759805,0.03125
660041,B00-6175870,0.03125
660041,B15-6026285,0.5
660041,B07-6221587,0.25
660041,B14-6175237,0.25
660041,B12-6196107,0.125
660041,B09-6248087,0.125
660042,B11-6282212,0.5
660042,B06-6411619,0.25
660042,B02-00825433,0.125
660042,B01-6387350,0.125
660042,B98-6350130,0.0625
660042,B99-6448053,0.0625
660042,B08-6174626,0.25
660042,B13-2065028,0.5
660042,B09-2214825,0.25
660042,B10-2155301,0.25
660240,CHN2012-03-002796,0.5
660240,NL2009-1375288,0.25
660240,NL05-1936558,0.125
660240,BE01-3266512,0.125
660240,BELG2004-3001595,0.25
660240,NL2013-1239774,0.5
660240,NL2007-1817924,0.25
660240,NL2007-1817958,0.25
660242,CHN2012-03-002796,0.5
660242,NL2009-1375288,0.25
660242,NL05-1936558,0.125
660242,BE01-3266512,0.125
660242,BELG2004-3001595,0.25
660242,NL2013-1239774,0.5
660242,NL2007-1817924,0.25
660242,NL2007-1817958,0.25
660321,B14-6215485,0.5
660321,B08-6027869,0.25
660321,B08-6026528,0.25
660321,B10-6110932,0.5
660321,B02-6088194,0.25
660321,B07-6272714,0.25
660322,B15-6052169,0.5
660322,B10-6166240,0.25
660322,B06-2253000,0.125
660322,B94-6495178,0.125
660322,B14-6026095,0.5
660322,B13-6062120,0.25
660322,B03-6257098,0.25
660323,B12-6321646,0.5
660323,B07-6369518,0.25
660323,B07-6043923,0.25
660323,B10-6359182,0.5
660323,B07-6379888,0.25
660323,NL08-2048857,0.25
660323,NL02-2173518,0.125
660323,NL98-5821470,0.125
660323,NL97-2252940,0.0625
660323,NL96-8022870,0.03125
660323,NL92-53103641995,0.03125
660323,NL97-2253103,0.0625
660323,B96-6286060,0.03125
660323,NL88-2763998,0.03125
660324,B06-6148003,0.5
660324,B03-6032896,0.25
660327,B14-6022850,0.5
660327,B09-6130670,0.25
660327,B10-6166240,0.25
660327,B06-2253000,0.125
660327,B94-6495178,0.125
660327,B14-6022601,0.5
660327,B07-6110291,0.25
660327,B07-6110370,0.25
660441,NL10-1164711,0.5
660445,NL10-1164711,0.5
660912,B05-5096491,0.5
660912,B03-5232479,0.25
660912,B00-5066651,0.25
660912,B97-5160395,0.5
660912,B91-5002240,0.25
660912,B92-5052992,0.25
661174,NL2015-1849739,0.5
661174,NL2005-1936558,0.5
661174,NL2007-2007621,0.5
661174,NL2015-1850145,0.5
661175,NL2016-1662826,0.5
661175,NL2005-1936558,0.5
661175,NL2010-1864624,0.25
661175,NL2016-1662875,0.5
661175,NL2007-2007621,0.25
661458,BE09-6358771,0.5
661458,BE02-6183084,0.25
661458,BE08-6369094,0.25
661458,BE98-6335690,0.125
661458,BE96-6404318,0.0625
661458,BE92-6235626,0.0625
661458,BE12-6225605,0.5
661458,BE05-6341163,0.25
661458,BE04-6356585,0.25
661461,BE09-6358771,0.5
661461,BE02-6183084,0.25
661461,BE08-6369094,0.25
661461,BE98-6335690,0.125
661461,BE96-6404318,0.0625
661461,BE92-6235626,0.0625
661461,BE12-6225605,0.5
661461,BE05-6341163,0.25
661461,BE04-6356585,0.25
661462,BE09-6358771,0.5
661462,BE02-6183084,0.25
661462,BE08-6369094,0.25
661462,BE98-6335690,0.125
661462,BE96-6404318,0.0625
661462,BE92-6235626,0.0625
661462,BE12-6225605,0.5
661462,BE05-6341163,0.25
661462,BE04-6356585,0.25
661675,NL05-1239910,0.5
661675,NL04-1897022,0.25
661675,NL01-1695110,0.25
661754,CHN2012-01-1002669,0.5
661754,B2002-4478706,0.25
661754,B2000-4065833,0.125
661754,B1996-4391982,0.0625
661754,B1998-4184899,0.0625
661754,B1999-4393573,0.125
661754,B1996-4391925,0.0625
661754,B1991-4261261,0.0625
661754,B2004-4019943,0.25
661754,B1999-4365061,0.125
661754,B1994-4438205,0.0625
661754,B1993-4392044,0.0625
661754,B2002-4333378,0.125
661754,B2001-4489665,0.0625
661754,B2000-4065805,0.03125
661754,B1999-4393519,0.03125
661754,B2000-4065848,0.0625
661754,B1993-4429368,0.03125
661754,B1991-4560548,0.03125
661754,CHN2011-01-469940,0.5
661754,B2002-4247632,0.25
661754,NL2006-1953380,0.25
661754,NL2004-1759599,0.125
661754,NL1996-1698968,0.0625
661754,NL1999-2010404,0.0625
661754,NL2004-1759517,0.125
661754,NL1998-2379702,0.0625
661754,NL2003-2123502,0.0625
662068,B14-6175212,0.5
662068,B11-6282424,0.25
662068,B06-6270117,0.125
662068,B08-6174630,0.125
662068,B05-6116293,0.0625
662068,B03-6277483,0.0625
662068,B00-61759805,0.03125
662068,B00-6175870,0.03125
662068,B09-6248231,0.25
662068,B01-6387350,0.125
662068,B98-6350130,0.0625
662068,B99-6448053,0.0625
662068,B15-6026285,0.5
662068,B07-6221587,0.25
662068,B14-6175237,0.25
662068,B12-6196107,0.125
662068,B09-6248087,0.125
662544,CHN17-03-1150595,0.5
662544,B16-4091337,0.25
662544,B14-4009096,0.125
662544,B06-4296522,0.25
662544,B01-4094502,0.125
662544,B93-3268617,0.125
662544,B16-4091301,0.25
662544,B15-4134246,0.125
662544,CHN07-03-598116,0.5
662544,B01-3210044,0.25
662544,B00-2408276,0.25
662544,B90-2371741,0.125
662544,B86-6260314,0.125
662678,B1998-6590496,0.5
662678,B1996-3121913,0.25
662678,B1992-6074328,0.25
662678,B1994-6214450,0.5
662678,B1989-6305821,0.25
662680,NL98-9860080,0.5
662680,NL99-1209658,0.5
662680,NL94-1812723,0.25
662680,B93-6677427,0.25
662682,BELG2005-6448111,0.5
662682,BELG2004-6277729,0.25
662682,BELG1997-6165725,0.25
662682,BELG2003-6266374,0.5
662682,BELG1998-6210293,0.25
662682,BELG1998-6210287,0.25
663109,BELG2013-3164529,0.5
663109,BELG98-3158062,0.25
663726,CHN2016-01-0296217,0.5
663726,NL2012-1619068,0.25
663726,NL2011-1740941,0.25
663726,CHN2016-01-1485535,0.5
663726,CHN2013-01-089986,0.25
663726,CHN2011-01-469855,0.125
663726,CHN2008-01-968609,0.0625
663726,B2003-5071602,0.09375
663726,B1997-5166412,0.046875
663726,B2001-5010172,0.046875
663726,B1998-2398266,0.1875
663726,B1994-5314930,0.09375
663726,B1995-2363122,0.09375
663726,CHN2007-01-480762,0.0625
663726,CHN2011-01-469262,0.125
663726,CHN2009-01-803709,0.0625
663726,CHN2009-01-222586,0.0625
663726,CHN2006-01-020578,0.03125
663726,CHN2011-01-469905,0.25
663726,B2003-2120191,0.125
663726,B1998-4185270,0.0625
663726,B1997-4263054,0.03125
663726,B1991-4560548,0.03125
663726,B1993-4429362,0.0625
663726,B1990-4208471,0.03125
663726,B1989-4139920,0.03125
663726,B1991-5248546,0.03125
663726,B1991-5248516,0.03125
663726,B1990-2523263,0.03125
663726,B1987-3190166,0.03125
664270,CHN2005-15-199735,0.5
664270,CHN2013-15-175813,0.5
664271,CHN2010-15-069711,0.5
664399,CHN2015-15-0120784,0.5
664399,CHN2011-203924,0.25
664399,DV06348-13-109,0.25
664894,DV01063-09-951,0.5
664894,DV01063-07-1553,0.25
664894,DV01063-07-1191,0.25
664894,DV01063-11-1546,0.5
664894,DV01063-07-2078,0.25
664894,DV01063-00-831,0.25
664916,DV01063-11-1197,0.5
664916,DV01063-10-698,0.25
664916,DV01063-99-1820,0.25
664916,DV01063-10-682,0.5
664916,DV01063-07-1615,0.25
664916,DV01063-02-182,0.25
665400,B00-2117363,0.625
665400,B10-2045207,0.3125
665400,B07-2055171,0.15625
665400,B99-2036005,0.078125
665400,B98-2061410,0.078125
665400,B97-2076498,0.03125
665400,NL96-2477441,0.03125
665400,B01-1439889,0.3125
665400,B88-2563607,0.15625
665400,B93-1979344,0.15625
665400,B10-2045214,0.5
665400,B04-2294930,0.25
665400,B97-2076286,0.125
665400,B92-6337535,0.125
665400,B06-2082239,0.25
665400,B94-2061350,0.125
665836,B08-2040300,0.5
665836,B99-14391000,0.25
665836,B05-2143154,0.25
665836,BELG2001-2137150,0.5
665848,C06-19-020946,0.5
665848,C10-19-186552,0.5
665976,B1991-6445551,0.5
665976,B1990-6531177,0.25
665976,B1989-6366084,0.25
665976,B1994-6086120,0.5
665976,B1992-6542371,0.25
665976,B1992-6542479,0.25
666072,B05-2143070,0.5
666072,B11-6091408,0.5
666072,B06-6405249,0.25
666072,B00-6440232,0.125
666072,B97-6210632,0.0625
666072,B95-6303932,0.0625
666072,B01-6455003,0.125
666072,B95-6302321,0.0625
666072,B98-6160968,0.0625
666073,B05-2143070,0.5
666073,B11-6091408,0.5
666073,B06-6405249,0.25
666073,B00-6440232,0.125
666073,B97-6210632,0.0625
666073,B95-6303932,0.0625
666073,B01-6455003,0.125
666073,B95-6302321,0.0625
666073,B98-6160968,0.0625
666077,B08-2040062,0.5
666077,B06-2082050,0.25
666077,B92-2198165,0.125
666077,B91-6437358,0.0625
666077,B83-2350199,0.0625
666077,B03-4316077,0.25
666077,B07-2055337,0.5
666077,B05-4130432,0.25
666077,B04-4439160,0.25
666078,B08-2236567,0.5
666078,B06-6210255,0.25
666078,B15-2062353,0.5
666078,B05-2142800,0.25
666078,B98-6084339,0.125
666078,B93-6057704,0.0625
666078,B94-6081753,0.0625
666078,B92-2198165,0.125
666078,B91-6437358,0.0625
666078,B83-2350199,0.0625
666078,B06-2246393,0.25
666152,B06-2082068,0.5
666152,B04-4375935,0.25
666152,B16-3136600,0.5
666158,B06-2082068,0.5
666158,B04-4375935,0.25
666158,B16-3136600,0.5
666159,B06-2082068,0.5
666159,B04-4375935,0.25
666159,B16-3136600,0.5
666169,B15-2062242,0.5
666169,B06-2246393,0.25
666169,B16-3136645,0.5
666169,B10-3022653,0.25
666170,B16-6075427,0.5
666170,B13-6122154,0.25
666170,B16-3136600,0.5
666209,B18-2069057,0.5
666209,B08-2040062,0.25
666209,B06-2082050,0.125
666209,B92-2198165,0.0625
666209,B91-6437358,0.03125
666209,B83-2350199,0.03125
666209,B03-4316077,0.125
666209,B16-3136645,0.25
666209,B10-3022653,0.125
666210,B18-2069435,0.5
666210,B16-3136645,0.25
666210,B10-3022653,0.125
666211,B18-2069182,0.5
666211,BELG2011-2083155,0.25
666211,B2008-2040063,0.125
666211,BELG2001-2137150,0.125
666212,BELG2012-2061182,0.5
666212,B2005-2142692,0.25
666212,NL2000-2178233,0.125
666212,B1993-2132123,0.125
666212,B07-2090939,0.25
666212,B03-2242332,0.125
666212,B04-2202420,0.125
666212,BELG2011-2083155,0.5
666212,B2008-2040063,0.25
666212,BELG2001-2137150,0.25
666217,B07-4332335,0.5
666217,B04-4431712,0.25
666217,B18-2069443,0.5
666217,B06-2082068,0.25
666217,B04-4375935,0.125
666217,B16-3136600,0.25
666218,CHN2005-15-199735,0.5
666232,CHN2005-15-199735,0.5
666233,NL99-2427029,0.5
666233,NL96-1112864,0.25
666233,NL98-1279139,0.25
666330,B14-2216459,0.5
666330,B12-2061163,0.25
666330,B08-2040296,0.25
666330,B04-5174902,0.125
666330,B14-2216369,0.5
666330,B10-21218322008,0.25
666330,B06-2082164,0.25
666330,B98-6084339,0.125
666330,B93-6057704,0.0625
666330,B94-6081753,0.0625
666330,B92-2198165,0.125
666330,B91-6437358,0.0625
666330,B83-2350199,0.0625
666331,B15-6052169,0.5
666331,B10-6166240,0.25
666331,B06-2253000,0.125
666331,B94-6495178,0.125
666331,B14-6026093,0.5
666331,B12-6024544,0.25
666331,B06-6154676,0.25
66645,NL05-1979174,0.5
66645,NL04-1296194,0.25
66645,NL02-1117565,0.25
66645,NL05-1901936,0.5
66645,NL04-1354641,0.25
66645,NL04-1562610,0.25
666607,CHN2005-15-199735,0.5
666607,CHN2013-15-175813,0.5
666608,CHN2010-15-069711,0.5
666832,B10-6031772,0.5
666835,B07-510175,0.5
666835,B98-9147107,0.25
666835,B98-9147129,0.25
666835,B06-3008003,0.5
666835,B00-3195099,0.25
666835,B95-3185530,0.125
666835,B93-3051184,0.125
666835,B98-3158062,0.25
666838,B10-3068014,0.5
666838,B03-3193383,0.25
666838,B01-3111106,0.25
666838,B04-3231000,0.5
666838,B02-3003668,0.25
666838,B94-2401842,0.125
666838,B97-3157176,0.125
666838,B77-3064419,0.0625
666838,B91-3204047,0.0625
666838,B98-3158062,0.25
666850,NL01-0179465,0.5
666850,NL00-0077729,0.25
666850,NL93-1125375,0.25
667076,CHN2010-15-069711,0.5
667251,B05-2284685,0.5
667265,BELG2001-2137150,0.5
667584,CHN2013-01-1236531,0.5
667584,B2009-5061825,0.25
667584,CHN2008-01-968693,0.25
667584,CHN2009-01-803710,0.5
667584,B2001-6234954,0.25
667584,B1998-6484219,0.125
667584,B1990-6088614,0.125
667584,B1996-6335231,0.25
667584,B1991-6445551,0.125
667584,B1990-6531177,0.0625
667584,B1989-6366084,0.0625
667584,B1994-6086120,0.125
667584,B1992-6542371,0.0625
667584,B1992-6542479,0.0625
667585,B2005-6336371,0.5
667585,B2002-2265327,0.25
667585,B2000-2352576,0.125
667585,B2000-2352590,0.125
667585,B1999-6340916,0.25
667585,B1994-6142774,0.125
667585,B1994-6633774,0.125
667585,NL2011-1740873,0.5
667585,NL2008-2049005,0.25
667585,NL1998-5821450,0.125
667585,NL2004-5430805,0.125
667585,NL2005-1394707,0.25
667586,CHN2013-01-1236531,0.5
667586,B2009-5061825,0.25
667586,CHN2008-01-968693,0.25
667586,CHN2013-01-850585,0.5
667586,B2005-6336371,0.25
667586,B2002-2265327,0.125
667586,B2000-2352576,0.0625
667586,B2000-2352590,0.0625
667586,B1999-6340916,0.125
667586,B1994-6142774,0.0625
667586,B1994-6633774,0.0625
667586,B2009-3146071,0.25
667586,B2006-3134235,0.125
667586,B2007-3153111,0.125
667587,CHN2013-01-850570,0.5
667587,CHN2009-01-803711,0.25
667587,CHN2011-01-469806,0.25
667587,CHN2018-01-1755555,0.5
667587,B2005-6336371,0.25
667587,B2002-2265327,0.125
667587,B2000-2352576,0.0625
667587,B2000-2352590,0.0625
667587,B1999-6340916,0.125
667587,B1994-6142774,0.0625
667587,B1994-6633774,0.0625
667587,CHN2009-01-803710,0.25
667587,B2001-6234954,0.125
667587,B1998-6484219,0.0625
667587,B1990-6088614,0.0625
667587,B1996-6335231,0.125
667587,B1991-6445551,0.0625
667587,B1990-6531177,0.03125
667587,B1989-6366084,0.03125
667587,B1994-6086120,0.0625
667587,B1992-6542371,0.03125
667587,B1992-6542479,0.03125
667588,CHN2013-01-850570,0.5
667588,CHN2009-01-803711,0.25
667588,CHN2011-01-469806,0.25
667588,CHN2018-01-1755555,0.5
667588,B2005-6336371,0.25
667588,B2002-2265327,0.125
667588,B2000-2352576,0.0625
667588,B2000-2352590,0.0625
667588,B1999-6340916,0.125
667588,B1994-6142774,0.0625
667588,B1994-6633774,0.0625
667588,CHN2009-01-803710,0.25
667588,B2001-6234954,0.125
667588,B1998-6484219,0.0625
667588,B1990-6088614,0.0625
667588,B1996-6335231,0.125
667588,B1991-6445551,0.0625
667588,B1990-6531177,0.03125
667588,B1989-6366084,0.03125
667588,B1994-6086120,0.0625
667588,B1992-6542371,0.03125
667588,B1992-6542479,0.03125
667589,CHN2014-01-00694,0.5
667589,CHN2008-01-968609,0.25
667589,B2003-5071602,0.25
667589,B1997-5166412,0.125
667589,B2001-5010172,0.125
667589,B1998-2398266,0.125
667589,B1994-5314930,0.0625
667589,B1991-5248546,0.03125
667589,B1991-5248516,0.03125
667589,B1995-2363122,0.0625
667589,B1990-2523263,0.03125
667589,B1987-3190166,0.03125
667589,CHN2009-01-803710,0.25
667589,B2001-6234954,0.125
667589,B1998-6484219,0.0625
667589,B1990-6088614,0.0625
667589,B1996-6335231,0.125
667589,B1991-6445551,0.0625
667589,B1990-6531177,0.03125
667589,B1989-6366084,0.03125
667589,B1994-6086120,0.0625
667589,B1992-6542371,0.03125
667589,B1992-6542479,0.03125
667589,CHN2014-01-04477,0.5
667589,CHN2010-01-968028,0.25
667589,B2002-4478706,0.125
667589,B2000-4065833,0.0625
667589,B1996-4391982,0.03125
667589,B1998-4184899,0.03125
667589,B1999-4393573,0.0625
667589,B1996-4391925,0.03125
667589,B1991-4261261,0.03125
667589,CHN1998-01-028823,0.125
667589,CHN2008-01-968506,0.25
667589,B1995-5111447,0.125
667590,CHN2018-01-1361536,0.5
667590,JN2015-3136766,0.25
667590,B2007-6310392,0.125
667590,B1998-6589910,0.0625
667590,B1998-6278036,0.0625
667590,CHN2009-01-803710,0.125
667590,B2001-6234954,0.0625
667590,B1998-6484219,0.03125
667590,B1990-6088614,0.03125
667590,B1996-6335231,0.0625
667590,B1991-6445551,0.03125
667590,B1990-6531177,0.015625
667590,B1989-6366084,0.015625
667590,B1994-6086120,0.03125
667590,B1992-6542371,0.015625
667590,B1992-6542479,0.015625
667590,B2013-6310483,0.25
667590,CHN2017-01-1363636,0.5
667590,CHN2016-01-0296226,0.25
667590,CHN2014-01-1282219,0.125
667590,B2005-6336371,0.0625
667590,B2002-2265327,0.03125
667590,B2000-2352576,0.015625
667590,B2000-2352590,0.015625
667590,B1999-6340916,0.03125
667590,B1994-6142774,0.015625
667590,B1994-6633774,0.015625
667590,B2007-5067344,0.0625
667590,B2000-4065880,0.03125
667590,B1998-4184729,0.015625
667590,B1998-3024841,0.015625
667590,B2001-6182211,0.03125
667590,B1998-5296409,0.015625
667590,B1997-6523459,0.015625
667590,CHN2013-01-850541,0.125
667590,CHN2011-01-469910,0.0625
667590,CHN2002-01-477844,0.03125
667590,B1998-2398266,0.03125
667590,B1994-5314930,0.015625
667590,B1995-2363122,0.015625
667590,CHN2010-01-968024,0.0625
667590,B2002-2315943,0.03125
667590,B2000-2376057,0.015625
667590,B1999-2017712,0.015625
667590,B2003-4133532,0.03125
667590,B1998-4197168,0.015625
667590,B1995-4440907,0.015625
667590,NL2012-1618935,0.25
667591,CHN2018-01-1361536,0.5
667591,JN2015-3136766,0.25
667591,B2007-6310392,0.125
667591,B1998-6589910,0.0625
667591,B1998-6278036,0.0625
667591,CHN2009-01-803710,0.125
667591,B2001-6234954,0.0625
667591,B1998-6484219,0.03125
667591,B1990-6088614,0.03125
667591,B1996-6335231,0.0625
667591,B1991-6445551,0.03125
667591,B1990-6531177,0.015625
667591,B1989-6366084,0.015625
667591,B1994-6086120,0.03125
667591,B1992-6542371,0.015625
667591,B1992-6542479,0.015625
667591,B2013-6310483,0.25
667591,CHN2017-01-1363636,0.5
667591,CHN2016-01-0296226,0.25
667591,CHN2014-01-1282219,0.125
667591,B2005-6336371,0.0625
667591,B2002-2265327,0.03125
667591,B2000-2352576,0.015625
667591,B2000-2352590,0.015625
667591,B1999-6340916,0.03125
667591,B1994-6142774,0.015625
667591,B1994-6633774,0.015625
667591,B2007-5067344,0.0625
667591,B2000-4065880,0.03125
667591,B1998-4184729,0.015625
667591,B1998-3024841,0.015625
667591,B2001-6182211,0.03125
667591,B1998-5296409,0.015625
667591,B1997-6523459,0.015625
667591,CHN2013-01-850541,0.125
667591,CHN2011-01-469910,0.0625
667591,CHN2002-01-477844,0.03125
667591,B1998-2398266,0.03125
667591,B1994-5314930,0.015625
667591,B1995-2363122,0.015625
667591,CHN2010-01-968024,0.0625
667591,B2002-2315943,0.03125
667591,B2000-2376057,0.015625
667591,B1999-2017712,0.015625
667591,B2003-4133532,0.03125
667591,B1998-4197168,0.015625
667591,B1995-4440907,0.015625
667591,NL2012-1618935,0.25
667595,CHN2009-01-803709,0.5
667595,B2003-5071602,0.25
667595,B1997-5166412,0.125
667595,B2001-5010172,0.125
667595,B1998-2398266,0.25
667595,B1994-5314930,0.125
667595,B1991-5248546,0.0625
667595,B1991-5248516,0.0625
667595,B1995-2363122,0.125
667595,B1990-2523263,0.0625
667595,B1987-3190166,0.0625
667595,NL2011-1740912,0.5
667595,NL2008-1537203,0.25
667595,NL2007-1817852,0.125
667595,NL2007-1817880,0.125
667595,NL2009-1186313,0.25
667595,NL2007-1817907,0.125
667595,NL2004-2050252,0.0625
667595,NL2003-1103686,0.0625
667595,NL2008-1537236,0.125
667595,NL2002-1635264,0.0625
667595,NL2001-1886517,0.0625
667598,CHN2011-01-469855,0.5
667598,CHN2008-01-968609,0.25
667598,B2003-5071602,0.125
667598,B1997-5166412,0.0625
667598,B2001-5010172,0.0625
667598,B1998-2398266,0.25
667598,B1994-5314930,0.125
667598,B1991-5248546,0.0625
667598,B1991-5248516,0.0625
667598,B1995-2363122,0.125
667598,B1990-2523263,0.0625
667598,B1987-3190166,0.0625
667598,CHN2007-01-480762,0.25
667598,CHN2011-01-575699,0.5
667598,CHN2009-01-981112,0.25
667598,CHN2005-01-502380,0.125
667598,B2007-5067344,0.125
667598,B2000-4065880,0.0625
667598,B1998-4184729,0.03125
667598,B1998-3024841,0.03125
667598,B2001-6182211,0.0625
667598,B1998-5296409,0.03125
667598,B1997-6523459,0.03125
667598,CHN2008-01-968616,0.25
667598,B2001-2335676,0.125
66797,NL01-5150190,0.5
66797,NL2000-1985693,0.5
668465,BELG1993-6440376,0.5
668465,BELG1989-6150109,0.25
668465,BELG1989-6161024,0.25
668465,BELG2001-6366291,0.5
668465,BELG1995-6224339,0.25
668465,BELG1995-6274320,0.25
668703,CHN2012-01-1003066,0.5
668703,CHN2009-01-981120,0.25
668703,NL2007-1841638,0.125
668703,B2007-5175949,0.125
668703,CHN2010-01-281310,0.25
668703,CHN2005-01-502380,0.125
668703,B2007-5067344,0.375
668703,B2000-4065880,0.1875
668703,B1998-4184729,0.09375
668703,B1998-3024841,0.09375
668703,B2001-6182211,0.1875
668703,B1998-5296409,0.09375
668703,B1997-6523459,0.09375
668703,CHN2011-01-575703,0.5
668705,CHN2017-01-0100735,0.5
668705,CHN2013-01-089986,0.25
668705,CHN2011-01-469855,0.125
668705,CHN2008-01-968609,0.0625
668705,B2003-5071602,0.09375
668705,B1997-5166412,0.046875
668705,B2001-5010172,0.046875
668705,B1998-2398266,0.0625
668705,B1994-5314930,0.03125
668705,B1995-2363122,0.03125
668705,CHN2007-01-480762,0.0625
668705,CHN2011-01-469262,0.125
668705,CHN2009-01-803709,0.0625
668705,CHN2009-01-222586,0.0625
668705,CHN2006-01-020578,0.03125
668705,CHN2010-01-281310,0.25
668705,CHN2005-01-502380,0.25
668705,B2007-5067344,0.5
668705,B2000-4065880,0.25
668705,B1998-4184729,0.125
668705,B1998-3024841,0.125
668705,B2001-6182211,0.25
668705,B1998-5296409,0.125
668705,B1997-6523459,0.125
668705,CHN2017-01-1605995,0.5
668705,CHN2009-01-981112,0.25
66909,B02-6379072,0.5
669180,NL03-1321203,0.5
669180,NL05-1572337,0.5
669356,NL2010-1682336,0.5
669356,NL2007-1445537,0.25
669356,NL2006-2162375,0.25
669356,CHN2014-01-332012,0.5
669356,CHN2011-01-469846,0.25
669356,CHN2010-01-968008,0.125
669356,CHN2003-01-213587,0.125
669356,CHN2012-01-1002635,0.25
669356,B2005-6052073,0.125
669356,B2004-4019943,0.125
669356,B1999-4365061,0.0625
669356,B1994-4438205,0.03125
669356,B1993-4392044,0.03125
669356,B2002-4333378,0.0625
669356,B2001-4489665,0.03125
669356,B2000-4065805,0.015625
669356,B1999-4393519,0.015625
669356,B2000-4065848,0.03125
669356,B1993-4429368,0.015625
669356,B1991-4560548,0.015625
669965,CHN2018-01-1755767,0.5
669965,NL2012-1619022,0.25
669965,NL2010-1682326,0.25
669965,CHN2017-01-0666814,0.5
669965,CHN2016-01-0296215,0.25
669965,NL2013-1239323,0.125
669965,NL2006-2162253,0.0625
669965,NL2003-1135462,0.03125
669965,NL2003-1135318,0.03125
669965,NL2003-1135475,0.0625
669965,NL2002-1635264,0.046875
669965,NL1995-1941948,0.03125
669965,NL2011-1740912,0.125
669965,NL2008-1537203,0.0625
669965,NL2007-1817852,0.03125
669965,NL2007-1817880,0.03125
669965,NL2009-1186313,0.0625
669965,NL2007-1817907,0.03125
669965,NL2004-2050252,0.015625
669965,NL2003-1103686,0.015625
669965,NL2008-1537236,0.03125
669965,NL2001-1886517,0.015625
669965,CHN2013-01-850541,0.25
669965,CHN2011-01-469910,0.125
669965,CHN2002-01-477844,0.0625
669965,B1998-2398266,0.0625
669965,B1994-5314930,0.03125
669965,B1991-5248546,0.015625
669965,B1991-5248516,0.015625
669965,B1995-2363122,0.03125
669965,B1990-2523263,0.015625
669965,B1987-3190166,0.015625
669965,CHN2010-01-968024,0.125
669965,B2002-2315943,0.0625
669965,B2000-2376057,0.03125
669965,B1999-2017712,0.03125
669965,B2003-4133532,0.0625
669965,B1998-4197168,0.03125
669965,B1996-4171703,0.015625
669965,B1989-4288521,0.015625
669965,B1995-4440907,0.03125
669965,B1990-4319953,0.015625
669965,B1988-4243575,0.015625
669966,CHN2018-01-1755767,0.5
669966,NL2012-1619022,0.25
669966,NL2010-1682326,0.25
669966,CHN2017-01-0666814,0.5
669966,CHN2016-01-0296215,0.25
669966,NL2013-1239323,0.125
669966,NL2006-2162253,0.0625
669966,NL2003-1135462,0.03125
669966,NL2003-1135318,0.03125
669966,NL2003-1135475,0.0625
669966,NL2002-1635264,0.046875
669966,NL1995-1941948,0.03125
669966,NL2011-1740912,0.125
669966,NL2008-1537203,0.0625
669966,NL2007-1817852,0.03125
669966,NL2007-1817880,0.03125
669966,NL2009-1186313,0.0625
669966,NL2007-1817907,0.03125
669966,NL2004-2050252,0.015625
669966,NL2003-1103686,0.015625
669966,NL2008-1537236,0.03125
669966,NL2001-1886517,0.015625
669966,CHN2013-01-850541,0.25
669966,CHN2011-01-469910,0.125
669966,CHN2002-01-477844,0.0625
669966,B1998-2398266,0.0625
669966,B1994-5314930,0.03125
669966,B1991-5248546,0.015625
669966,B1991-5248516,0.015625
669966,B1995-2363122,0.03125
669966,B1990-2523263,0.015625
669966,B1987-3190166,0.015625
669966,CHN2010-01-968024,0.125
669966,B2002-2315943,0.0625
669966,B2000-2376057,0.03125
669966,B1999-2017712,0.03125
669966,B2003-4133532,0.0625
669966,B1998-4197168,0.03125
669966,B1996-4171703,0.015625
669966,B1989-4288521,0.015625
669966,B1995-4440907,0.03125
669966,B1990-4319953,0.015625
669966,B1988-4243575,0.015625
670039,B2010-2137074,0.5
670039,B2008-2110294,0.25
670039,B2005-2257311,0.125
670039,B2005-2257352,0.125
670039,B2006-2042512,0.25
670039,B2005-2062059,0.125
670039,B2000-2394434,0.125
670039,CHN2013-01-850585,0.5
670039,B2005-6336371,0.25
670039,B2002-2265327,0.125
670039,B2000-2352576,0.0625
670039,B2000-2352590,0.0625
670039,B1999-6340916,0.125
670039,B1994-6142774,0.0625
670039,B1994-6633774,0.0625
670039,B2009-3146071,0.25
670039,B2006-3134235,0.125
670039,B2007-3153111,0.125
670044,C2016-03-1273000,0.5
670044,C2008-03-111884,0.5
670079,CHN2018-01-0816915,0.5
670079,CHN2017-01-0662188,0.25
670079,CHN2015-01-0818836,0.125
670079,B2014-6306505,0.125
670079,CHN2016-01-1485032,0.25
670079,CHN2009-01-981112,0.125
670079,CHN2005-01-502380,0.0625
670079,B2007-5067344,0.1875
670079,B2000-4065880,0.09375
670079,B1998-4184729,0.046875
670079,B1998-3024841,0.046875
670079,B2001-6182211,0.09375
670079,B1998-5296409,0.046875
670079,B1997-6523459,0.046875
670079,CHN2018-01-1755684,0.5
670079,NL2010-1682295,0.25
670079,B2004-3227967,0.125
670079,NL2008-1537227,0.125
670079,NL2005-1394813,0.0625
670079,NL1998-1215809,0.0625
670079,NL1995-1942000,0.03125
670079,NL1993-2696143,0.03125
670079,NL2012-1619179,0.25
670079,NL2008-1537248,0.125
670079,NL2009-1186313,0.125
670079,NL2007-1817907,0.0625
670079,NL2004-2050252,0.03125
670079,NL2003-1103686,0.03125
670079,NL2008-1537236,0.0625
670079,NL2002-1635264,0.03125
670079,NL2001-1886517,0.03125
67008,B03-6257231,0.5
670084,CHN2017-01-1363626,0.5
670084,CHN2013-01-850547,0.25
670084,CHN2013-01-850585,0.25
670084,B2005-6336371,0.125
670084,B2002-2265327,0.0625
670084,B2000-2352576,0.03125
670084,B2000-2352590,0.03125
670084,B1999-6340916,0.0625
670084,B1994-6142774,0.03125
670084,B1994-6633774,0.03125
670084,B2009-3146071,0.125
670084,B2006-3134235,0.0625
670084,B2007-3153111,0.0625
670084,CHN2015-01-1375459,0.5
670084,CHN2013-01-089986,0.25
670084,CHN2011-01-469855,0.125
670084,CHN2008-01-968609,0.0625
670084,B2003-5071602,0.09375
670084,B1997-5166412,0.046875
670084,B2001-5010172,0.046875
670084,B1998-2398266,0.0625
670084,B1994-5314930,0.03125
670084,B1995-2363122,0.03125
670084,CHN2007-01-480762,0.0625
670084,CHN2011-01-469262,0.125
670084,CHN2009-01-803709,0.0625
670084,CHN2009-01-222586,0.0625
670084,CHN2006-01-020578,0.03125
670084,CHN2010-01-281310,0.25
670084,CHN2005-01-502380,0.125
670084,B2007-5067344,0.125
670084,B2000-4065880,0.0625
670084,B1998-4184729,0.03125
670084,B1998-3024841,0.03125
670084,B2001-6182211,0.0625
670084,B1998-5296409,0.03125
670084,B1997-6523459,0.03125
67010,B03-6108015,0.5
67010,B99-6517590,0.25
67010,B99-6553877,0.25
67010,BE02-6183124,0.5
670130,B04-6073812,0.5
670130,B01-6094302,0.25
670130,B01-6455003,0.5
670130,B95-6302321,0.25
670130,B98-6160968,0.25
670130,B04-6073608,0.5
670130,B96-6165098,0.25
670131,B04-6073812,0.5
670131,B01-6094302,0.25
670131,B01-6455003,0.5
670131,B95-6302321,0.25
670131,B98-6160968,0.25
670131,B04-6073608,0.5
670131,B96-6165098,0.25
670132,B04-6073812,0.5
670132,B01-6094302,0.25
670132,B01-6455003,0.5
670132,B95-6302321,0.25
670132,B98-6160968,0.25
670132,B04-6073608,0.5
670132,B96-6165098,0.25
670133,B04-6073812,0.5
670133,B01-6094302,0.25
670133,B01-6455003,0.5
670133,B95-6302321,0.25
670133,B98-6160968,0.25
670133,B04-6073608,0.5
670133,B96-6165098,0.25
670424,NL11-2018422,0.5
670452,BE03-6457591,0.5
670452,BE04-6293144,0.5
670573,CHN2016-01-0296210,0.5
670573,NL2012-1618926,0.25
670573,NL2013-1239391,0.25
670573,B2012-6196232,0.5
670573,B2009-6248545,0.25
670573,B2007-6221588,0.25
670574,CHN2018-01-1755104,0.5
670574,B2005-6336371,0.25
670574,B2002-2265327,0.125
670574,B2000-2352576,0.0625
670574,B2000-2352590,0.0625
670574,B1999-6340916,0.125
670574,B1994-6142774,0.0625
670574,B1994-6633774,0.0625
670574,CHN2009-01-803710,0.25
670574,B2001-6234954,0.125
670574,B1998-6484219,0.0625
670574,B1990-6088614,0.0625
670574,B1996-6335231,0.125
670574,B1991-6445551,0.0625
670574,B1990-6531177,0.03125
670574,B1989-6366084,0.03125
670574,B1994-6086120,0.0625
670574,B1992-6542371,0.03125
670574,B1992-6542479,0.03125
670574,CHN2010-01-968022,0.5
670574,B2002-2315943,0.25
670574,B2000-2376057,0.125
670574,B1999-2017712,0.125
670574,B2003-4133532,0.25
670574,B1998-4197168,0.125
670574,B1996-4171703,0.0625
670574,B1989-4288521,0.0625
670574,B1995-4440907,0.125
670574,B1990-4319953,0.0625
670574,B1988-4243575,0.0625
670576,CHN2017-01-0661690,0.5
670576,CHN2014-01-00694,0.25
670576,CHN2008-01-968609,0.125
670576,B2003-5071602,0.125
670576,B1997-5166412,0.0625
670576,B2001-5010172,0.0625
670576,B1998-2398266,0.0625
670576,B1994-5314930,0.03125
670576,B1991-5248546,0.015625
670576,B1991-5248516,0.015625
670576,B1995-2363122,0.03125
670576,B1990-2523263,0.015625
670576,B1987-3190166,0.015625
670576,CHN2009-01-803710,0.125
670576,B2001-6234954,0.0625
670576,B1998-6484219,0.03125
670576,B1990-6088614,0.03125
670576,B1996-6335231,0.0625
670576,B1991-6445551,0.03125
670576,B1990-6531177,0.015625
670576,B1989-6366084,0.015625
670576,B1994-6086120,0.03125
670576,B1992-6542371,0.015625
670576,B1992-6542479,0.015625
670576,CHN2014-01-04477,0.25
670576,CHN2010-01-968028,0.125
670576,B2002-4478706,0.0625
670576,B2000-4065833,0.03125
670576,B1996-4391982,0.015625
670576,B1998-4184899,0.015625
670576,B1999-4393573,0.03125
670576,B1996-4391925,0.015625
670576,B1991-4261261,0.015625
670576,CHN1998-01-028823,0.0625
670576,CHN2008-01-968506,0.125
670576,B1995-5111447,0.0625
670576,CHN2015-01-1162067,0.5
670576,CHN2012-01-1002914,0.25
670576,CHN2013-01-676551,0.25
670577,CHN2009-01-981165,0.5
670577,BELG2007-6300508,0.25
670577,DV2007-08935-2106,0.25
670577,B2010-6246152,0.5
670577,B2003-6452591,0.25
670577,B2004-6293144,0.25
670865,CHN2012-10-029213,0.5
670865,CHN2013-10-128232,0.5
670941,NL07-1817993,0.5
670941,NL2006-4720774,0.25
670941,NL2000-5063949,0.125
670941,NL2004-5430805,0.125
670941,NL2000-1975952,0.25
670941,NL2002-1635193,0.5
670941,NL2001-1886692,0.25
670941,NL1993-2696113,0.25
670994,B15-4100576,0.5
670994,B13-6139803,0.25
670994,POR11-1152376,0.5
670994,POR05-5507389,0.25
670994,POR02-2526415,0.25
671082,NL05-1394730,0.5
671082,NL04-2050258,0.5
671291,B11-3008386,0.5
671291,B09-3187640,0.25
671291,B8-3172987,0.25
671291,B05-3188897,0.5
671291,B02-3249938,0.25
671291,B02-3027973,0.25
671291,B95-3062847,0.125
671291,B00-3124769,0.125
671292,B08-3172901,0.5
671292,B07-3182016,0.25
671292,B05-5201215,0.125
671292,B07-3182013,0.25
671292,B00-3124016,0.125
671292,B97-3221726,0.125
671296,B13-3031993,0.5
671296,B12-3162753,0.25
671296,B08-3172901,0.125
671296,B07-3182016,0.0625
671296,B05-5201215,0.03125
671296,B07-3182013,0.0625
671296,B00-3124016,0.03125
671296,B97-3221726,0.03125
671467,B11-3008434,0.5
671467,B10-2007035,0.25
671467,B09-5183351,0.125
671467,B07-5100921,0.125
671484,NL11-1612276,0.5
671484,NL09-1186592,0.25
671484,NL02-1635264,0.125
671484,NL06-2162375,0.125
671484,NL09-1054581,0.25
671484,NL04-1849869,0.125
671484,NL98-1215842,0.125
671484,NL11-1736843,0.5
671484,NL05-1394730,0.25
671484,NL04-2050258,0.25
671904,BELG02-9019498199,0.5
671904,BELG01-2137150,0.5
672023,BELG99-2036108,0.5
672023,BELG06-2082239,0.5
672053,NL11-1736843,0.5
672053,NL05-1394730,0.25
672053,NL04-2050258,0.25
672055,CHN2016-0337998,0.5
672055,CHN2018-0298108,0.5
672248,NL13-5305259,0.5
672248,NL11-1160021,0.25
672248,B12-6130761,0.25
672261,B10-6052293,0.5
672261,B06-6270117,0.25
672261,B08-6174630,0.25
672261,B05-6116293,0.125
672261,B03-6277483,0.125
672261,B00-61759805,0.0625
672261,B00-6175870,0.0625
672275,B12-6196484,0.5
672275,B08-6144028,0.25
672275,B10-6052092,0.25
672275,B11-6108658,0.5
672293,B13-6309936,0.5
672293,B10-6234528,0.25
672293,B12-6318216,0.25
672293,B11-6238839,0.5
672293,B10-6298629,0.25
672293,B02-6034293,0.25
672295,B15-6285506,0.5
672295,B13-6122918,0.25
672295,B14-2328168,0.25
672295,B13-6122949,0.5
672295,B10-6298629,0.25
672295,B10-6341112,0.25
672398,NL92-2844313,0.5
672398,NL01-1351754,0.5
672399,NL01-1643315,0.5
672399,NL95-1401775,0.5
672413,NL04-1590303,0.5
672413,NL98-2530393,0.25
672413,NL97-2500708,0.25
672413,NL03-1943126,0.5
672413,NL92-2844313,0.25
672413,NL93-5334501,0.25
672413,NL89-6019724,0.125
672418,B11-6238707,0.5
672418,B03-6086804,0.25
672418,B08-6339297,0.25
672418,B12-6158600,0.5
672418,B09-3075543,0.25
672418,B08-6173877,0.25
672523,B16-4230673,0.5
672523,B10-6271300,0.25
672523,B10-6291397,0.25
672523,B16-4230264,0.5
672523,B12-6324671,0.25
672523,B13-6139803,0.25
672529,B11-6168958,0.5
672529,B08-6364806,0.25
672529,B04-6325441,0.25
672529,B14-6118083,0.5
672529,B06-6410652,0.25
672529,B10-6359166,0.25
672608,B16-4260968,0.5
672608,B16-4260917,0.5
672725,NL06-1386111,0.5
672725,NL04-1167211,0.25
672725,NL05-1722174,0.25
672725,B06-6154937,0.5
672725,B01-6153628,0.25
672725,B01-6153818,0.25
672738,B13-6216998,0.5
672738,B11-6245326,0.25
672738,B06-6370972,0.25
672738,B13-6298518,0.5
672738,B12-6157109,0.25
672738,B12-6157147,0.25
672745,NL09-1680568,0.5
672745,NL96-2333317,0.25
672747,B05-6045377,0.5
672747,B01-6094302,0.375
672747,B00-6141426,0.5
672747,B06-6405124,0.5
672747,B04-6073812,0.25
672747,B01-6455003,0.125
672747,B95-6302321,0.0625
672747,B98-6160968,0.0625
672867,B15-6108687,0.5
672867,B07-6336568,0.25
672867,B10-6358364,0.25
672867,B14-6312722,0.5
672867,B13-6321314,0.25
673098,B2004-5081154,0.5
673098,B2001-6182211,0.5
673098,B1998-5296409,0.25
673098,B1997-6523459,0.25
673206,CHN2013-211178,0.5
673206,CHN2015-0130737,0.5
673208,CHN2013-211178,0.5
673208,CHN2015-0130737,0.5
673258,CHN2016-01-1485014,0.5
673258,B2007-6310392,0.25
673258,B1998-6589910,0.125
673258,B1998-6278036,0.125
673258,B2009-6233674,0.25
673258,NL2014-1059566,0.5
673258,NL2010-1682140,0.25
673258,NL2008-1537236,0.25
673258,NL2002-1635264,0.125
673258,NL2001-1886517,0.125
673259,CHN2017-01-1131009,0.5
673259,CHN2013-01-568598,0.25
673259,CHN2012-01-833225,0.25
673259,NL2011-1741006,0.5
673259,B2004-3227967,0.25
673259,NL2004-2050373,0.25
673261,CHN2017-01-1131009,0.5
673261,CHN2013-01-568598,0.25
673261,CHN2012-01-833225,0.25
673261,NL2011-1741006,0.5
673261,B2004-3227967,0.25
673261,NL2004-2050373,0.25
673262,CHN2017-01-1131009,0.5
673262,CHN2013-01-568598,0.25
673262,CHN2012-01-833225,0.25
673262,NL2011-1741006,0.5
673262,B2004-3227967,0.25
673262,NL2004-2050373,0.25
673264,CHN2017-01-0662185,0.5
673264,B2015-4146054,0.25
673264,CHN2015-01-0818841,0.25
673264,NL2011-1741006,0.5
673264,B2004-3227967,0.25
673264,NL2004-2050373,0.25
673265,CHN2017-01-0100657,0.5
673265,CHN2013-01-850580,0.25
673265,CHN2009-01-981105,0.125
673265,CHN2009-01-981119,0.125
673265,CHN2016-01-0296203,0.25
673265,NL2012-1619022,0.125
673265,NL2014-1059351,0.125
673265,NL2016-1526296,0.5
673265,NL2010-1682337,0.25
673265,NL2006-2162348,0.25
673266,CHN2016-01-1485023,0.5
673266,CHN2008-01-968616,0.25
673266,B2001-2335676,0.125
673266,B1998-2398266,0.125
673266,B1994-5314930,0.0625
673266,B1991-5248546,0.03125
673266,B1991-5248516,0.03125
673266,B1995-2363122,0.0625
673266,B1990-2523263,0.03125
673266,B1987-3190166,0.03125
673266,NL2011-1740912,0.5
673266,NL2008-1537203,0.25
673266,NL2007-1817852,0.125
673266,NL2007-1817880,0.125
673266,NL2009-1186313,0.25
673266,NL2007-1817907,0.125
673266,NL2004-2050252,0.0625
673266,NL2003-1103686,0.0625
673266,NL2008-1537236,0.125
673266,NL2002-1635264,0.0625
673266,NL2001-1886517,0.0625
673274,CHN2017-01-1363666,0.5
673274,NL2010-1682295,0.25
673274,B2004-3227967,0.125
673274,NL2008-1537227,0.125
673274,NL2005-1394813,0.0625
673274,NL1998-1215809,0.0625
673274,NL1995-1942000,0.03125
673274,NL1993-2696143,0.03125
673274,NL2013-1239470,0.25
673274,NL2008-1537203,0.125
673274,NL2007-1817852,0.0625
673274,NL2007-1817880,0.0625
673274,NL2008-1583474,0.125
673274,CHN2016-01-1485063,0.5
673274,CHN2013-01-850570,0.25
673274,CHN2009-01-803711,0.125
673274,CHN2011-01-469806,0.125
673274,NL2012-1618947,0.25
673274,NL2009-1904568,0.125
673274,NL2009-1186402,0.125
673274,NL2004-2050252,0.0625
673274,NL2001-1886550,0.0625
673276,CHN2018-01-1755767,0.5
673276,NL2012-1619022,0.25
673276,NL2010-1682326,0.25
673276,CHN2017-01-0666814,0.5
673276,CHN2016-01-0296215,0.25
673276,NL2013-1239323,0.125
673276,NL2006-2162253,0.0625
673276,NL2003-1135462,0.03125
673276,NL2003-1135318,0.03125
673276,NL2003-1135475,0.0625
673276,NL2002-1635264,0.046875
673276,NL1995-1941948,0.03125
673276,NL2011-1740912,0.125
673276,NL2008-1537203,0.0625
673276,NL2007-1817852,0.03125
673276,NL2007-1817880,0.03125
673276,NL2009-1186313,0.0625
673276,NL2007-1817907,0.03125
673276,NL2004-2050252,0.015625
673276,NL2003-1103686,0.015625
673276,NL2008-1537236,0.03125
673276,NL2001-1886517,0.015625
673276,CHN2013-01-850541,0.25
673276,CHN2011-01-469910,0.125
673276,CHN2002-01-477844,0.0625
673276,B1998-2398266,0.0625
673276,B1994-5314930,0.03125
673276,B1991-5248546,0.015625
673276,B1991-5248516,0.015625
673276,B1995-2363122,0.03125
673276,B1990-2523263,0.015625
673276,B1987-3190166,0.015625
673276,CHN2010-01-968024,0.125
673276,B2002-2315943,0.0625
673276,B2000-2376057,0.03125
673276,B1999-2017712,0.03125
673276,B2003-4133532,0.0625
673276,B1998-4197168,0.03125
673276,B1996-4171703,0.015625
673276,B1989-4288521,0.015625
673276,B1995-4440907,0.03125
673276,B1990-4319953,0.015625
673276,B1988-4243575,0.015625
673278,CHN2018-01-1755767,0.5
673278,NL2012-1619022,0.25
673278,NL2010-1682326,0.25
673278,CHN2017-01-0666814,0.5
673278,CHN2016-01-0296215,0.25
673278,NL2013-1239323,0.125
673278,NL2006-2162253,0.0625
673278,NL2003-1135462,0.03125
673278,NL2003-1135318,0.03125
673278,NL2003-1135475,0.0625
673278,NL2002-1635264,0.046875
673278,NL1995-1941948,0.03125
673278,NL2011-1740912,0.125
673278,NL2008-1537203,0.0625
673278,NL2007-1817852,0.03125
673278,NL2007-1817880,0.03125
673278,NL2009-1186313,0.0625
673278,NL2007-1817907,0.03125
673278,NL2004-2050252,0.015625
673278,NL2003-1103686,0.015625
673278,NL2008-1537236,0.03125
673278,NL2001-1886517,0.015625
673278,CHN2013-01-850541,0.25
673278,CHN2011-01-469910,0.125
673278,CHN2002-01-477844,0.0625
673278,B1998-2398266,0.0625
673278,B1994-5314930,0.03125
673278,B1991-5248546,0.015625
673278,B1991-5248516,0.015625
673278,B1995-2363122,0.03125
673278,B1990-2523263,0.015625
673278,B1987-3190166,0.015625
673278,CHN2010-01-968024,0.125
673278,B2002-2315943,0.0625
673278,B2000-2376057,0.03125
673278,B1999-2017712,0.03125
673278,B2003-4133532,0.0625
673278,B1998-4197168,0.03125
673278,B1996-4171703,0.015625
673278,B1989-4288521,0.015625
673278,B1995-4440907,0.03125
673278,B1990-4319953,0.015625
673278,B1988-4243575,0.015625
673280,CHN2016-01-0296210,0.5
673280,NL2012-1618926,0.25
673280,NL2013-1239391,0.25
673280,B2012-6196232,0.5
673280,B2009-6248545,0.25
673280,B2007-6221588,0.25
673282,CHN2016-01-0296217,0.5
673282,NL2012-1619068,0.25
673282,NL2011-1740941,0.25
673282,CHN2017-01-0505322,0.5
673282,NL2012-1618471,0.25
673282,NL2007-1818078,0.125
673282,NL2005-1394708,0.125
673282,B2012-6196232,0.25
673282,B2009-6248545,0.125
673282,B2007-6221588,0.125
673390,CHN2016-01-1485023,0.5
673390,CHN2008-01-968616,0.25
673390,B2001-2335676,0.125
673390,B1998-2398266,0.125
673390,B1994-5314930,0.0625
673390,B1991-5248546,0.03125
673390,B1991-5248516,0.03125
673390,B1995-2363122,0.0625
673390,B1990-2523263,0.03125
673390,B1987-3190166,0.03125
673390,NL2011-1740912,0.5
673390,NL2008-1537203,0.25
673390,NL2007-1817852,0.125
673390,NL2007-1817880,0.125
673390,NL2009-1186313,0.25
673390,NL2007-1817907,0.125
673390,NL2004-2050252,0.0625
673390,NL2003-1103686,0.0625
673390,NL2008-1537236,0.125
673390,NL2002-1635264,0.0625
673390,NL2001-1886517,0.0625
673395,CHN2016-01-1485023,0.5
673395,CHN2008-01-968616,0.25
673395,B2001-2335676,0.125
673395,B1998-2398266,0.125
673395,B1994-5314930,0.0625
673395,B1991-5248546,0.03125
673395,B1991-5248516,0.03125
673395,B1995-2363122,0.0625
673395,B1990-2523263,0.03125
673395,B1987-3190166,0.03125
673395,NL2011-1740912,0.5
673395,NL2008-1537203,0.25
673395,NL2007-1817852,0.125
673395,NL2007-1817880,0.125
673395,NL2009-1186313,0.25
673395,NL2007-1817907,0.125
673395,NL2004-2050252,0.0625
673395,NL2003-1103686,0.0625
673395,NL2008-1537236,0.125
673395,NL2002-1635264,0.0625
673395,NL2001-1886517,0.0625
673399,CHN2016-01-1485035,0.5
673399,CHN2008-01-968609,0.25
673399,B2003-5071602,0.125
673399,B1997-5166412,0.0625
673399,B2001-5010172,0.0625
673399,B1998-2398266,0.125
673399,B1994-5314930,0.0625
673399,B1991-5248546,0.03125
673399,B1991-5248516,0.03125
673399,B1995-2363122,0.0625
673399,B1990-2523263,0.03125
673399,B1987-3190166,0.03125
673399,B2006-5088340,0.25
673399,NL2014-1059611,0.5
673399,NL2006-2162356,0.25
673399,NL2007-1818004,0.25
673404,CHN2009-01-981165,0.5
673404,BELG2007-6300508,0.25
673404,DV2007-08935-2106,0.25
673404,NL2014-1059566,0.5
673404,NL2010-1682140,0.25
673404,NL2008-1537236,0.25
673404,NL2002-1635264,0.125
673404,NL2001-1886517,0.125
673406,CHN2016-01-0296210,0.5
673406,NL2012-1618926,0.25
673406,NL2013-1239391,0.25
673406,B2012-6196232,0.5
673406,B2009-6248545,0.25
673406,B2007-6221588,0.25
674180,CHN2009-06-153005,0.5
674180,CHN2011-05-508079,0.5
674180,BELG2008-6245264,0.25
674180,BELG2009-6130636,0.25
674207,CHN2011-06-000024,0.5
674207,CHN2009-06-177678,0.25
674207,BELG1998-4563032,0.125
674207,BELG1998-6210345,0.125
674207,CHN2010-05-436618,0.25
674207,CHN2004-05-094600,0.125
674207,NL2006-2144034,0.125
674207,NL2003-0382898,0.0625
674207,CHN2009-06-144448,0.5
674420,BELG2008-2234327,0.5
674420,BELG2010-6038028,0.5
674477,CHN2009-06-177678,0.5
674477,BELG1998-4563032,0.25
674477,BELG1998-6210345,0.25
674477,CHN2013-06-231811,0.5
674515,BELG2008-2234327,0.5
674515,CHN2011-05-508079,0.5
674515,BELG2008-6245264,0.25
674515,BELG2009-6130636,0.25
674616,NL2010-1682336,0.5
674616,NL2007-1445537,0.25
674616,NL2006-2162375,0.25
674616,B2007-5067344,0.5
674616,B2000-4065880,0.25
674616,B1998-4184729,0.125
674616,B1998-3024841,0.125
674616,B2001-6182211,0.25
674616,B1998-5296409,0.125
674616,B1997-6523459,0.125
674617,NL2010-1682336,0.5
674617,NL2007-1445537,0.25
674617,NL2006-2162375,0.25
674617,B2007-5067344,0.5
674617,B2000-4065880,0.25
674617,B1998-4184729,0.125
674617,B1998-3024841,0.125
674617,B2001-6182211,0.25
674617,B1998-5296409,0.125
674617,B1997-6523459,0.125
674618,CHN2011-01-469801,0.5
674618,CHN2009-01-981165,0.25
674618,BELG2007-6300508,0.125
674618,DV2007-08935-2106,0.125
674618,CHN2009-01-981119,0.25
674618,CHN2011-01-575696,0.5
674618,B2008-5116103,0.25
674618,CHN2007-01-506020,0.25
674619,CHN2009-01-981165,0.5
674619,BELG2007-6300508,0.25
674619,DV2007-08935-2106,0.25
674619,CHN2010-01-281310,0.5
674619,CHN2005-01-502380,0.25
674619,B2007-5067344,0.25
674619,B2000-4065880,0.125
674619,B1998-4184729,0.0625
674619,B1998-3024841,0.0625
674619,B2001-6182211,0.125
674619,B1998-5296409,0.0625
674619,B1997-6523459,0.0625
674620,CHN2009-01-981165,0.5
674620,BELG2007-6300508,0.25
674620,DV2007-08935-2106,0.25
674620,CHN2010-01-281310,0.5
674620,CHN2005-01-502380,0.25
674620,B2007-5067344,0.25
674620,B2000-4065880,0.125
674620,B1998-4184729,0.0625
674620,B1998-3024841,0.0625
674620,B2001-6182211,0.125
674620,B1998-5296409,0.0625
674620,B1997-6523459,0.0625
674622,CHN2009-01-981165,0.5
674622,BELG2007-6300508,0.25
674622,DV2007-08935-2106,0.25
674622,CHN2010-01-281310,0.5
674622,CHN2005-01-502380,0.25
674622,B2007-5067344,0.25
674622,B2000-4065880,0.125
674622,B1998-4184729,0.0625
674622,B1998-3024841,0.0625
674622,B2001-6182211,0.125
674622,B1998-5296409,0.0625
674622,B1997-6523459,0.0625
674624,CHN2012-01-1003066,0.5
674624,CHN2009-01-981120,0.25
674624,NL2007-1841638,0.125
674624,B2007-5175949,0.125
674624,CHN2010-01-281310,0.25
674624,CHN2005-01-502380,0.125
674624,B2007-5067344,0.375
674624,B2000-4065880,0.1875
674624,B1998-4184729,0.09375
674624,B1998-3024841,0.09375
674624,B2001-6182211,0.1875
674624,B1998-5296409,0.09375
674624,B1997-6523459,0.09375
674624,CHN2011-01-575703,0.5
674626,CHN2012-01-1003066,0.5
674626,CHN2009-01-981120,0.25
674626,NL2007-1841638,0.125
674626,B2007-5175949,0.125
674626,CHN2010-01-281310,0.25
674626,CHN2005-01-502380,0.125
674626,B2007-5067344,0.375
674626,B2000-4065880,0.1875
674626,B1998-4184729,0.09375
674626,B1998-3024841,0.09375
674626,B2001-6182211,0.1875
674626,B1998-5296409,0.09375
674626,B1997-6523459,0.09375
674626,CHN2011-01-575703,0.5
674627,CHN2012-01-1003066,0.5
674627,CHN2009-01-981120,0.25
674627,NL2007-1841638,0.125
674627,B2007-5175949,0.125
674627,CHN2010-01-281310,0.25
674627,CHN2005-01-502380,0.125
674627,B2007-5067344,0.375
674627,B2000-4065880,0.1875
674627,B1998-4184729,0.09375
674627,B1998-3024841,0.09375
674627,B2001-6182211,0.1875
674627,B1998-5296409,0.09375
674627,B1997-6523459,0.09375
674627,CHN2011-01-575703,0.5
674628,CHN2016-01-1485655,0.5
674628,CHN2013-01-1236632,0.25
674628,CHN2010-01-968017,0.125
674628,B2003-3186429,0.0625
674628,B2000-3128435,0.03125
674628,B1994-3238558,0.015625
674628,B1989-3315380,0.015625
674628,B1993-3183025,0.03125
674628,B1992-3082421,0.015625
674628,B1987-3052819,0.015625
674628,B1998-2398266,0.125
674628,B1994-5314930,0.0625
674628,B1991-5248546,0.03125
674628,B1991-5248516,0.03125
674628,B1995-2363122,0.0625
674628,B1990-2523263,0.03125
674628,B1987-3190166,0.03125
674628,CHN2012-24-608489,0.125
674628,CHN2014-01-00707,0.25
674628,B2008-6144214,0.125
674628,CHN2011-01-469905,0.125
674628,B2003-2120191,0.0625
674628,B1998-4185270,0.03125
674628,B1997-4263054,0.015625
674628,B1991-4560548,0.015625
674628,B1993-4429362,0.03125
674628,B1990-4208471,0.015625
674628,B1989-4139920,0.015625
674628,CHN2015-01-1375651,0.5
674628,B2005-6052073,0.25
674628,B2007-5067344,0.25
674628,B2000-4065880,0.125
674628,B1998-4184729,0.0625
674628,B1998-3024841,0.0625
674628,B2001-6182211,0.125
674628,B1998-5296409,0.0625
674628,B1997-6523459,0.0625
674629,CHN2016-01-1485655,0.5
674629,CHN2013-01-1236632,0.25
674629,CHN2010-01-968017,0.125
674629,B2003-3186429,0.0625
674629,B2000-3128435,0.03125
674629,B1994-3238558,0.015625
674629,B1989-3315380,0.015625
674629,B1993-3183025,0.03125
674629,B1992-3082421,0.015625
674629,B1987-3052819,0.015625
674629,B1998-2398266,0.125
674629,B1994-5314930,0.0625
674629,B1991-5248546,0.03125
674629,B1991-5248516,0.03125
674629,B1995-2363122,0.0625
674629,B1990-2523263,0.03125
674629,B1987-3190166,0.03125
674629,CHN2012-24-608489,0.125
674629,CHN2014-01-00707,0.25
674629,B2008-6144214,0.125
674629,CHN2011-01-469905,0.125
674629,B2003-2120191,0.0625
674629,B1998-4185270,0.03125
674629,B1997-4263054,0.015625
674629,B1991-4560548,0.015625
674629,B1993-4429362,0.03125
674629,B1990-4208471,0.015625
674629,B1989-4139920,0.015625
674629,CHN2015-01-1375651,0.5
674629,B2005-6052073,0.25
674629,B2007-5067344,0.25
674629,B2000-4065880,0.125
674629,B1998-4184729,0.0625
674629,B1998-3024841,0.0625
674629,B2001-6182211,0.125
674629,B1998-5296409,0.0625
674629,B1997-6523459,0.0625
674630,CHN2018-01-1755690,0.5
674630,NL2010-1682295,0.25
674630,B2004-3227967,0.125
674630,NL2008-1537227,0.125
674630,NL2005-1394813,0.0625
674630,NL1998-1215809,0.0625
674630,NL1995-1942000,0.03125
674630,NL1993-2696143,0.03125
674630,NL2012-1619179,0.25
674630,NL2008-1537248,0.125
674630,NL2009-1186313,0.125
674630,NL2007-1817907,0.0625
674630,NL2004-2050252,0.03125
674630,NL2003-1103686,0.03125
674630,NL2008-1537236,0.0625
674630,NL2002-1635264,0.03125
674630,NL2001-1886517,0.03125
674630,CHN2018-01-1755004,0.5
674630,NL2010-1682336,0.25
674630,NL2007-1445537,0.125
674630,NL2006-2162375,0.125
674630,B2007-5067344,0.25
674630,B2000-4065880,0.125
674630,B1998-4184729,0.0625
674630,B1998-3024841,0.0625
674630,B2001-6182211,0.125
674630,B1998-5296409,0.0625
674630,B1997-6523459,0.0625
674631,CHN2018-01-1755690,0.5
674631,NL2010-1682295,0.25
674631,B2004-3227967,0.125
674631,NL2008-1537227,0.125
674631,NL2005-1394813,0.0625
674631,NL1998-1215809,0.0625
674631,NL1995-1942000,0.03125
674631,NL1993-2696143,0.03125
674631,NL2012-1619179,0.25
674631,NL2008-1537248,0.125
674631,NL2009-1186313,0.125
674631,NL2007-1817907,0.0625
674631,NL2004-2050252,0.03125
674631,NL2003-1103686,0.03125
674631,NL2008-1537236,0.0625
674631,NL2002-1635264,0.03125
674631,NL2001-1886517,0.03125
674631,CHN2018-01-1755004,0.5
674631,NL2010-1682336,0.25
674631,NL2007-1445537,0.125
674631,NL2006-2162375,0.125
674631,B2007-5067344,0.25
674631,B2000-4065880,0.125
674631,B1998-4184729,0.0625
674631,B1998-3024841,0.0625
674631,B2001-6182211,0.125
674631,B1998-5296409,0.0625
674631,B1997-6523459,0.0625
674633,CHN2018-01-1755690,0.5
674633,NL2010-1682295,0.25
674633,B2004-3227967,0.125
674633,NL2008-1537227,0.125
674633,NL2005-1394813,0.0625
674633,NL1998-1215809,0.0625
674633,NL1995-1942000,0.03125
674633,NL1993-2696143,0.03125
674633,NL2012-1619179,0.25
674633,NL2008-1537248,0.125
674633,NL2009-1186313,0.125
674633,NL2007-1817907,0.0625
674633,NL2004-2050252,0.03125
674633,NL2003-1103686,0.03125
674633,NL2008-1537236,0.0625
674633,NL2002-1635264,0.03125
674633,NL2001-1886517,0.03125
674633,CHN2018-01-1755004,0.5
674633,NL2010-1682336,0.25
674633,NL2007-1445537,0.125
674633,NL2006-2162375,0.125
674633,B2007-5067344,0.25
674633,B2000-4065880,0.125
674633,B1998-4184729,0.0625
674633,B1998-3024841,0.0625
674633,B2001-6182211,0.125
674633,B1998-5296409,0.0625
674633,B1997-6523459,0.0625
674635,CHN2014-01-1282213,0.5
674635,B2005-6336371,0.25
674635,B2002-2265327,0.125
674635,B2000-2352576,0.0625
674635,B2000-2352590,0.0625
674635,B1999-6340916,0.125
674635,B1994-6142774,0.0625
674635,B1994-6633774,0.0625
674635,B2007-5067344,0.25
674635,B2000-4065880,0.125
674635,B1998-4184729,0.0625
674635,B1998-3024841,0.0625
674635,B2001-6182211,0.125
674635,B1998-5296409,0.0625
674635,B1997-6523459,0.0625
674635,CHN2018-01-1755898,0.5
674635,NL2013-1239496,0.25
674635,NL2010-1682216,0.125
674635,NL2010-1682333,0.125
674635,NL2008-2049005,0.0625
674635,NL1998-5821450,0.03125
674635,NL2004-5430805,0.03125
674635,NL2004-2050343,0.0625
674635,NL2013-1239445,0.25
674637,CHN2014-01-1282213,0.5
674637,B2005-6336371,0.25
674637,B2002-2265327,0.125
674637,B2000-2352576,0.0625
674637,B2000-2352590,0.0625
674637,B1999-6340916,0.125
674637,B1994-6142774,0.0625
674637,B1994-6633774,0.0625
674637,B2007-5067344,0.25
674637,B2000-4065880,0.125
674637,B1998-4184729,0.0625
674637,B1998-3024841,0.0625
674637,B2001-6182211,0.125
674637,B1998-5296409,0.0625
674637,B1997-6523459,0.0625
674637,CHN2018-01-1755898,0.5
674637,NL2013-1239496,0.25
674637,NL2010-1682216,0.125
674637,NL2010-1682333,0.125
674637,NL2008-2049005,0.0625
674637,NL1998-5821450,0.03125
674637,NL2004-5430805,0.03125
674637,NL2004-2050343,0.0625
674637,NL2013-1239445,0.25
674641,CHN2010-01-340707,0.5
674641,B2003-4408129,0.25
674641,B2000-4065838,0.125
674641,B1996-4391910,0.0625
674641,B1993-4392044,0.0625
674641,B2000-4065905,0.125
674641,B1999-4392910,0.0625
674641,B1996-4271517,0.0625
674641,B2007-5067344,0.25
674641,B2000-4065880,0.125
674641,B1998-4184729,0.0625
674641,B1998-3024841,0.0625
674641,B2001-6182211,0.125
674641,B1998-5296409,0.0625
674641,B1997-6523459,0.0625
674641,B2010-6246152,0.5
674641,B2003-6452591,0.25
674641,B2004-6293144,0.25
674645,CHN2010-01-340707,0.5
674645,B2003-4408129,0.25
674645,B2000-4065838,0.125
674645,B1996-4391910,0.0625
674645,B1993-4392044,0.0625
674645,B2000-4065905,0.125
674645,B1999-4392910,0.0625
674645,B1996-4271517,0.0625
674645,B2007-5067344,0.25
674645,B2000-4065880,0.125
674645,B1998-4184729,0.0625
674645,B1998-3024841,0.0625
674645,B2001-6182211,0.125
674645,B1998-5296409,0.0625
674645,B1997-6523459,0.0625
674645,B2010-6246152,0.5
674645,B2003-6452591,0.25
674645,B2004-6293144,0.25
674647,CHN2010-01-340707,0.5
674647,B2003-4408129,0.25
674647,B2000-4065838,0.125
674647,B1996-4391910,0.0625
674647,B1993-4392044,0.0625
674647,B2000-4065905,0.125
674647,B1999-4392910,0.0625
674647,B1996-4271517,0.0625
674647,B2007-5067344,0.25
674647,B2000-4065880,0.125
674647,B1998-4184729,0.0625
674647,B1998-3024841,0.0625
674647,B2001-6182211,0.125
674647,B1998-5296409,0.0625
674647,B1997-6523459,0.0625
674647,B2010-6246152,0.5
674647,B2003-6452591,0.25
674647,B2004-6293144,0.25
674653,CHN2016-01-1485209,0.5
674653,CHN2012-01-1003021,0.25
674653,CHN2010-01-968039,0.125
674653,CHN2010-01-968052,0.125
674653,CHN2013-01-850566,0.25
674653,CHN2009-01-981165,0.125
674653,BELG2007-6300508,0.0625
674653,DV2007-08935-2106,0.0625
674653,CHN2009-01-981139,0.125
674653,CHN2018-01-1755649,0.5
674653,CHN2014-01-1282219,0.25
674653,B2005-6336371,0.125
674653,B2002-2265327,0.0625
674653,B2000-2352576,0.03125
674653,B2000-2352590,0.03125
674653,B1999-6340916,0.0625
674653,B1994-6142774,0.03125
674653,B1994-6633774,0.03125
674653,B2007-5067344,0.125
674653,B2000-4065880,0.0625
674653,B1998-4184729,0.03125
674653,B1998-3024841,0.03125
674653,B2001-6182211,0.0625
674653,B1998-5296409,0.03125
674653,B1997-6523459,0.03125
674653,NL2012-1618935,0.25
674658,CHN2017-01-0662185,0.5
674658,B2015-4146054,0.25
674658,CHN2015-01-0818841,0.25
674658,CHN2017-01-0661680,0.5
674658,CHN2016-01-0296215,0.25
674658,NL2013-1239323,0.125
674658,NL2006-2162253,0.0625
674658,NL2003-1135462,0.03125
674658,NL2003-1135318,0.03125
674658,NL2003-1135475,0.0625
674658,NL2002-1635264,0.046875
674658,NL1995-1941948,0.03125
674658,NL2011-1740912,0.125
674658,NL2008-1537203,0.0625
674658,NL2007-1817852,0.03125
674658,NL2007-1817880,0.03125
674658,NL2009-1186313,0.0625
674658,NL2007-1817907,0.03125
674658,NL2004-2050252,0.015625
674658,NL2003-1103686,0.015625
674658,NL2008-1537236,0.03125
674658,NL2001-1886517,0.015625
674658,CHN2015-01-1375179,0.25
674658,CHN2013-01-089986,0.125
674658,CHN2011-01-469855,0.0625
674658,CHN2008-01-968609,0.03125
674658,B2003-5071602,0.046875
674658,B1998-2398266,0.03125
674658,CHN2007-01-480762,0.03125
674658,CHN2011-01-469262,0.0625
674658,CHN2009-01-803709,0.03125
674658,CHN2009-01-222586,0.03125
674658,CHN2006-01-020578,0.015625
674658,CHN2010-01-281310,0.125
674658,CHN2005-01-502380,0.0625
674658,B2007-5067344,0.0625
674658,B2000-4065880,0.03125
674658,B1998-4184729,0.015625
674658,B1998-3024841,0.015625
674658,B2001-6182211,0.03125
674658,B1998-5296409,0.015625
674658,B1997-6523459,0.015625
674662,CHN2017-01-0662185,0.5
674662,B2015-4146054,0.25
674662,CHN2015-01-0818841,0.25
674662,CHN2017-01-0661680,0.5
674662,CHN2016-01-0296215,0.25
674662,NL2013-1239323,0.125
674662,NL2006-2162253,0.0625
674662,NL2003-1135462,0.03125
674662,NL2003-1135318,0.03125
674662,NL2003-1135475,0.0625
674662,NL2002-1635264,0.046875
674662,NL1995-1941948,0.03125
674662,NL2011-1740912,0.125
674662,NL2008-1537203,0.0625
674662,NL2007-1817852,0.03125
674662,NL2007-1817880,0.03125
674662,NL2009-1186313,0.0625
674662,NL2007-1817907,0.03125
674662,NL2004-2050252,0.015625
674662,NL2003-1103686,0.015625
674662,NL2008-1537236,0.03125
674662,NL2001-1886517,0.015625
674662,CHN2015-01-1375179,0.25
674662,CHN2013-01-089986,0.125
674662,CHN2011-01-469855,0.0625
674662,CHN2008-01-968609,0.03125
674662,B2003-5071602,0.046875
674662,B1998-2398266,0.03125
674662,CHN2007-01-480762,0.03125
674662,CHN2011-01-469262,0.0625
674662,CHN2009-01-803709,0.03125
674662,CHN2009-01-222586,0.03125
674662,CHN2006-01-020578,0.015625
674662,CHN2010-01-281310,0.125
674662,CHN2005-01-502380,0.0625
674662,B2007-5067344,0.0625
674662,B2000-4065880,0.03125
674662,B1998-4184729,0.015625
674662,B1998-3024841,0.015625
674662,B2001-6182211,0.03125
674662,B1998-5296409,0.015625
674662,B1997-6523459,0.015625
674672,CHN2017-01-0100653,0.5
674672,CHN2016-01-0296279,0.25
674672,CHN2013-01-850569,0.125
674672,CHN2014-01-00698,0.125
674672,CHN2015-01-1375670,0.25
674672,B2005-5148997,0.125
674672,B2005-3168575,0.125
674672,CHN2014-01-00707,0.5
674672,B2008-6144214,0.25
674672,CHN2011-01-469905,0.25
674672,B2003-2120191,0.125
674672,B1998-4185270,0.0625
674672,B1997-4263054,0.03125
674672,B1991-4560548,0.03125
674672,B1993-4429362,0.0625
674672,B1990-4208471,0.03125
674672,B1989-4139920,0.03125
674672,B1998-2398266,0.125
674672,B1994-5314930,0.0625
674672,B1991-5248546,0.03125
674672,B1991-5248516,0.03125
674672,B1995-2363122,0.0625
674672,B1990-2523263,0.03125
674672,B1987-3190166,0.03125
674674,CHN2017-01-1363626,0.5
674674,CHN2013-01-850547,0.25
674674,CHN2013-01-850585,0.25
674674,B2005-6336371,0.125
674674,B2002-2265327,0.0625
674674,B2000-2352576,0.03125
674674,B2000-2352590,0.03125
674674,B1999-6340916,0.0625
674674,B1994-6142774,0.03125
674674,B1994-6633774,0.03125
674674,B2009-3146071,0.125
674674,B2006-3134235,0.0625
674674,B2007-3153111,0.0625
674674,CHN2015-01-1375459,0.5
674674,CHN2013-01-089986,0.25
674674,CHN2011-01-469855,0.125
674674,CHN2008-01-968609,0.0625
674674,B2003-5071602,0.09375
674674,B1997-5166412,0.046875
674674,B2001-5010172,0.046875
674674,B1998-2398266,0.0625
674674,B1994-5314930,0.03125
674674,B1995-2363122,0.03125
674674,CHN2007-01-480762,0.0625
674674,CHN2011-01-469262,0.125
674674,CHN2009-01-803709,0.0625
674674,CHN2009-01-222586,0.0625
674674,CHN2006-01-020578,0.03125
674674,CHN2010-01-281310,0.25
674674,CHN2005-01-502380,0.125
674674,B2007-5067344,0.125
674674,B2000-4065880,0.0625
674674,B1998-4184729,0.03125
674674,B1998-3024841,0.03125
674674,B2001-6182211,0.0625
674674,B1998-5296409,0.03125
674674,B1997-6523459,0.03125
674675,CHN2017-01-1363626,0.5
674675,CHN2013-01-850547,0.25
674675,CHN2013-01-850585,0.25
674675,B2005-6336371,0.125
674675,B2002-2265327,0.0625
674675,B2000-2352576,0.03125
674675,B2000-2352590,0.03125
674675,B1999-6340916,0.0625
674675,B1994-6142774,0.03125
674675,B1994-6633774,0.03125
674675,B2009-3146071,0.125
674675,B2006-3134235,0.0625
674675,B2007-3153111,0.0625
674675,CHN2015-01-1375459,0.5
674675,CHN2013-01-089986,0.25
674675,CHN2011-01-469855,0.125
674675,CHN2008-01-968609,0.0625
674675,B2003-5071602,0.09375
674675,B1997-5166412,0.046875
674675,B2001-5010172,0.046875
674675,B1998-2398266,0.0625
674675,B1994-5314930,0.03125
674675,B1995-2363122,0.03125
674675,CHN2007-01-480762,0.0625
674675,CHN2011-01-469262,0.125
674675,CHN2009-01-803709,0.0625
674675,CHN2009-01-222586,0.0625
674675,CHN2006-01-020578,0.03125
674675,CHN2010-01-281310,0.25
674675,CHN2005-01-502380,0.125
674675,B2007-5067344,0.125
674675,B2000-4065880,0.0625
674675,B1998-4184729,0.03125
674675,B1998-3024841,0.03125
674675,B2001-6182211,0.0625
674675,B1998-5296409,0.03125
674675,B1997-6523459,0.03125
674677,CHN2014-01-00694,0.5
674677,CHN2008-01-968609,0.25
674677,B2003-5071602,0.25
674677,B1997-5166412,0.125
674677,B2001-5010172,0.125
674677,B1998-2398266,0.125
674677,B1994-5314930,0.0625
674677,B1991-5248546,0.03125
674677,B1991-5248516,0.03125
674677,B1995-2363122,0.0625
674677,B1990-2523263,0.03125
674677,B1987-3190166,0.03125
674677,CHN2009-01-803710,0.25
674677,B2001-6234954,0.125
674677,B1998-6484219,0.0625
674677,B1990-6088614,0.0625
674677,B1996-6335231,0.125
674677,B1991-6445551,0.0625
674677,B1990-6531177,0.03125
674677,B1989-6366084,0.03125
674677,B1994-6086120,0.0625
674677,B1992-6542371,0.03125
674677,B1992-6542479,0.03125
674677,CHN2014-01-04477,0.5
674677,CHN2010-01-968028,0.25
674677,B2002-4478706,0.125
674677,B2000-4065833,0.0625
674677,B1996-4391982,0.03125
674677,B1998-4184899,0.03125
674677,B1999-4393573,0.0625
674677,B1996-4391925,0.03125
674677,B1991-4261261,0.03125
674677,CHN1998-01-028823,0.125
674677,CHN2008-01-968506,0.25
674677,B1995-5111447,0.125
674678,CHN2014-01-00694,0.5
674678,CHN2008-01-968609,0.25
674678,B2003-5071602,0.25
674678,B1997-5166412,0.125
674678,B2001-5010172,0.125
674678,B1998-2398266,0.125
674678,B1994-5314930,0.0625
674678,B1991-5248546,0.03125
674678,B1991-5248516,0.03125
674678,B1995-2363122,0.0625
674678,B1990-2523263,0.03125
674678,B1987-3190166,0.03125
674678,CHN2009-01-803710,0.25
674678,B2001-6234954,0.125
674678,B1998-6484219,0.0625
674678,B1990-6088614,0.0625
674678,B1996-6335231,0.125
674678,B1991-6445551,0.0625
674678,B1990-6531177,0.03125
674678,B1989-6366084,0.03125
674678,B1994-6086120,0.0625
674678,B1992-6542371,0.03125
674678,B1992-6542479,0.03125
674678,CHN2014-01-04477,0.5
674678,CHN2010-01-968028,0.25
674678,B2002-4478706,0.125
674678,B2000-4065833,0.0625
674678,B1996-4391982,0.03125
674678,B1998-4184899,0.03125
674678,B1999-4393573,0.0625
674678,B1996-4391925,0.03125
674678,B1991-4261261,0.03125
674678,CHN1998-01-028823,0.125
674678,CHN2008-01-968506,0.25
674678,B1995-5111447,0.125
674679,CHN2017-01-1605840,0.5
674679,CHN2009-01-981112,0.25
674679,CHN2005-01-502380,0.125
674679,B2007-5067344,0.375
674679,B2000-4065880,0.1875
674679,B1998-4184729,0.09375
674679,B1998-3024841,0.09375
674679,B2001-6182211,0.1875
674679,B1998-5296409,0.09375
674679,B1997-6523459,0.09375
674679,CHN2018-01-1755091,0.5
674679,B2005-6336371,0.25
674679,B2002-2265327,0.125
674679,B2000-2352576,0.0625
674679,B2000-2352590,0.0625
674679,B1999-6340916,0.125
674679,B1994-6142774,0.0625
674679,B1994-6633774,0.0625
674679,CHN2009-01-803710,0.25
674679,B2001-6234954,0.125
674679,B1998-6484219,0.0625
674679,B1990-6088614,0.0625
674679,B1996-6335231,0.125
674679,B1991-6445551,0.0625
674679,B1990-6531177,0.03125
674679,B1989-6366084,0.03125
674679,B1994-6086120,0.0625
674679,B1992-6542371,0.03125
674679,B1992-6542479,0.03125
674681,CHN2017-01-0100711,0.5
674681,CHN2012-01-1003066,0.25
674681,CHN2009-01-981120,0.125
674681,NL2007-1841638,0.0625
674681,B2007-5175949,0.0625
674681,CHN2010-01-281310,0.125
674681,CHN2005-01-502380,0.1875
674681,B2007-5067344,0.4375
674681,B2000-4065880,0.21875
674681,B1998-4184729,0.109375
674681,B1998-3024841,0.109375
674681,B2001-6182211,0.21875
674681,B1998-5296409,0.109375
674681,B1997-6523459,0.109375
674681,CHN2011-01-469906,0.25
674681,B2003-2120191,0.125
674681,B1998-4185270,0.0625
674681,B1997-4263054,0.03125
674681,B1991-4560548,0.03125
674681,B1993-4429362,0.0625
674681,B1990-4208471,0.03125
674681,B1989-4139920,0.03125
674681,B1998-2398266,0.125
674681,B1994-5314930,0.0625
674681,B1991-5248546,0.03125
674681,B1991-5248516,0.03125
674681,B1995-2363122,0.0625
674681,B1990-2523263,0.03125
674681,B1987-3190166,0.03125
674681,CHN2017-01-1605839,0.5
674681,CHN2009-01-981112,0.25
674682,CHN2017-01-0661689,0.5
674682,CHN2013-01-850570,0.25
674682,CHN2009-01-803711,0.125
674682,CHN2011-01-469806,0.125
674682,NL2014-1059421,0.25
674682,NL2013-1239421,0.125
674682,NL2012-1619198,0.125
674682,CHN2017-01-1605839,0.5
674682,CHN2009-01-981112,0.25
674682,CHN2005-01-502380,0.125
674682,B2007-5067344,0.375
674682,B2000-4065880,0.1875
674682,B1998-4184729,0.09375
674682,B1998-3024841,0.09375
674682,B2001-6182211,0.1875
674682,B1998-5296409,0.09375
674682,B1997-6523459,0.09375
674683,CHN2017-01-0661689,0.5
674683,CHN2013-01-850570,0.25
674683,CHN2009-01-803711,0.125
674683,CHN2011-01-469806,0.125
674683,NL2014-1059421,0.25
674683,NL2013-1239421,0.125
674683,NL2012-1619198,0.125
674683,CHN2017-01-1605839,0.5
674683,CHN2009-01-981112,0.25
674683,CHN2005-01-502380,0.125
674683,B2007-5067344,0.375
674683,B2000-4065880,0.1875
674683,B1998-4184729,0.09375
674683,B1998-3024841,0.09375
674683,B2001-6182211,0.1875
674683,B1998-5296409,0.09375
674683,B1997-6523459,0.09375
674686,CHN2017-01-0666807,0.5
674686,NL2014-1059341,0.25
674686,CHN2013-01-850554,0.25
674686,CHN2016-01-1485032,0.5
674686,CHN2009-01-981112,0.25
674686,CHN2005-01-502380,0.125
674686,B2007-5067344,0.375
674686,B2000-4065880,0.1875
674686,B1998-4184729,0.09375
674686,B1998-3024841,0.09375
674686,B2001-6182211,0.1875
674686,B1998-5296409,0.09375
674686,B1997-6523459,0.09375
674687,CHN2017-01-0666807,0.5
674687,NL2014-1059341,0.25
674687,CHN2013-01-850554,0.25
674687,CHN2016-01-1485032,0.5
674687,CHN2009-01-981112,0.25
674687,CHN2005-01-502380,0.125
674687,B2007-5067344,0.375
674687,B2000-4065880,0.1875
674687,B1998-4184729,0.09375
674687,B1998-3024841,0.09375
674687,B2001-6182211,0.1875
674687,B1998-5296409,0.09375
674687,B1997-6523459,0.09375
674690,CHN2016-01-1485081,0.5
674690,CHN2009-01-981112,0.25
674690,CHN2005-01-502380,0.125
674690,B2007-5067344,0.4375
674690,B2000-4065880,0.21875
674690,B1998-4184729,0.109375
674690,B1998-3024841,0.109375
674690,B2001-6182211,0.21875
674690,B1998-5296409,0.109375
674690,B1997-6523459,0.109375
674690,CHN2018-00,0.5
674690,CHN2016-01-0296226,0.25
674690,CHN2014-01-1282219,0.125
674690,B2005-6336371,0.1875
674690,B2002-2265327,0.09375
674690,B2000-2352576,0.046875
674690,B2000-2352590,0.046875
674690,B1999-6340916,0.09375
674690,B1994-6142774,0.046875
674690,B1994-6633774,0.046875
674690,CHN2013-01-850541,0.125
674690,CHN2011-01-469910,0.0625
674690,CHN2002-01-477844,0.03125
674690,B1998-2398266,0.03125
674690,B1994-5314930,0.015625
674690,B1995-2363122,0.015625
674690,CHN2010-01-968024,0.0625
674690,B2002-2315943,0.03125
674690,B2000-2376057,0.015625
674690,B1999-2017712,0.015625
674690,B2003-4133532,0.03125
674690,B1998-4197168,0.015625
674690,B1995-4440907,0.015625
674690,CHN2013-01-850585,0.25
674690,B2009-3146071,0.125
674690,B2006-3134235,0.0625
674690,B2007-3153111,0.0625
674691,CHN2016-01-1485081,0.5
674691,CHN2009-01-981112,0.25
674691,CHN2005-01-502380,0.125
674691,B2007-5067344,0.4375
674691,B2000-4065880,0.21875
674691,B1998-4184729,0.109375
674691,B1998-3024841,0.109375
674691,B2001-6182211,0.21875
674691,B1998-5296409,0.109375
674691,B1997-6523459,0.109375
674691,CHN2018-00,0.5
674691,CHN2016-01-0296226,0.25
674691,CHN2014-01-1282219,0.125
674691,B2005-6336371,0.1875
674691,B2002-2265327,0.09375
674691,B2000-2352576,0.046875
674691,B2000-2352590,0.046875
674691,B1999-6340916,0.09375
674691,B1994-6142774,0.046875
674691,B1994-6633774,0.046875
674691,CHN2013-01-850541,0.125
674691,CHN2011-01-469910,0.0625
674691,CHN2002-01-477844,0.03125
674691,B1998-2398266,0.03125
674691,B1994-5314930,0.015625
674691,B1995-2363122,0.015625
674691,CHN2010-01-968024,0.0625
674691,B2002-2315943,0.03125
674691,B2000-2376057,0.015625
674691,B1999-2017712,0.015625
674691,B2003-4133532,0.03125
674691,B1998-4197168,0.015625
674691,B1995-4440907,0.015625
674691,CHN2013-01-850585,0.25
674691,B2009-3146071,0.125
674691,B2006-3134235,0.0625
674691,B2007-3153111,0.0625
674692,CHN2016-01-1485081,0.5
674692,CHN2009-01-981112,0.25
674692,CHN2005-01-502380,0.125
674692,B2007-5067344,0.4375
674692,B2000-4065880,0.21875
674692,B1998-4184729,0.109375
674692,B1998-3024841,0.109375
674692,B2001-6182211,0.21875
674692,B1998-5296409,0.109375
674692,B1997-6523459,0.109375
674692,CHN2018-00,0.5
674692,CHN2016-01-0296226,0.25
674692,CHN2014-01-1282219,0.125
674692,B2005-6336371,0.1875
674692,B2002-2265327,0.09375
674692,B2000-2352576,0.046875
674692,B2000-2352590,0.046875
674692,B1999-6340916,0.09375
674692,B1994-6142774,0.046875
674692,B1994-6633774,0.046875
674692,CHN2013-01-850541,0.125
674692,CHN2011-01-469910,0.0625
674692,CHN2002-01-477844,0.03125
674692,B1998-2398266,0.03125
674692,B1994-5314930,0.015625
674692,B1995-2363122,0.015625
674692,CHN2010-01-968024,0.0625
674692,B2002-2315943,0.03125
674692,B2000-2376057,0.015625
674692,B1999-2017712,0.015625
674692,B2003-4133532,0.03125
674692,B1998-4197168,0.015625
674692,B1995-4440907,0.015625
674692,CHN2013-01-850585,0.25
674692,B2009-3146071,0.125
674692,B2006-3134235,0.0625
674692,B2007-3153111,0.0625
674732,CHN2017-01-1605918,0.5
674732,CHN2009-01-981105,0.25
674732,CHN2010-01-968052,0.25
674732,CHN2018-00,0.5
674732,CHN2016-01-0296226,0.25
674732,CHN2014-01-1282219,0.125
674732,B2005-6336371,0.1875
674732,B2002-2265327,0.09375
674732,B2000-2352576,0.046875
674732,B2000-2352590,0.046875
674732,B1999-6340916,0.09375
674732,B1994-6142774,0.046875
674732,B1994-6633774,0.046875
674732,B2007-5067344,0.0625
674732,B2000-4065880,0.03125
674732,B1998-4184729,0.015625
674732,B1998-3024841,0.015625
674732,B2001-6182211,0.03125
674732,B1998-5296409,0.015625
674732,B1997-6523459,0.015625
674732,CHN2013-01-850541,0.125
674732,CHN2011-01-469910,0.0625
674732,CHN2002-01-477844,0.03125
674732,B1998-2398266,0.03125
674732,B1994-5314930,0.015625
674732,B1995-2363122,0.015625
674732,CHN2010-01-968024,0.0625
674732,B2002-2315943,0.03125
674732,B2000-2376057,0.015625
674732,B1999-2017712,0.015625
674732,B2003-4133532,0.03125
674732,B1998-4197168,0.015625
674732,B1995-4440907,0.015625
674732,CHN2013-01-850585,0.25
674732,B2009-3146071,0.125
674732,B2006-3134235,0.0625
674732,B2007-3153111,0.0625
674734,NL2010-1682295,0.5
674734,B2004-3227967,0.25
674734,NL2008-1537227,0.25
674734,NL2005-1394813,0.125
674734,NL1998-1215809,0.125
674734,NL1995-1942000,0.0625
674734,NL1993-2696143,0.0625
674734,CHN2009-01-803710,0.5
674734,B2001-6234954,0.25
674734,B1998-6484219,0.125
674734,B1990-6088614,0.125
674734,B1996-6335231,0.25
674734,B1991-6445551,0.125
674734,B1990-6531177,0.0625
674734,B1989-6366084,0.0625
674734,B1994-6086120,0.125
674734,B1992-6542371,0.0625
674734,B1992-6542479,0.0625
674735,B2010-6358533,0.5
674735,B2006-6056112,0.25
674735,B2005-6450535,0.25
674735,CHN2009-01-803710,0.5
674735,B2001-6234954,0.25
674735,B1998-6484219,0.125
674735,B1990-6088614,0.125
674735,B1996-6335231,0.25
674735,B1991-6445551,0.125
674735,B1990-6531177,0.0625
674735,B1989-6366084,0.0625
674735,B1994-6086120,0.125
674735,B1992-6542371,0.0625
674735,B1992-6542479,0.0625
674736,B2010-6358533,0.5
674736,B2006-6056112,0.25
674736,B2005-6450535,0.25
674736,CHN2009-01-803710,0.5
674736,B2001-6234954,0.25
674736,B1998-6484219,0.125
674736,B1990-6088614,0.125
674736,B1996-6335231,0.25
674736,B1991-6445551,0.125
674736,B1990-6531177,0.0625
674736,B1989-6366084,0.0625
674736,B1994-6086120,0.125
674736,B1992-6542371,0.0625
674736,B1992-6542479,0.0625
674737,CHN2016-01-1485014,0.5
674737,B2007-6310392,0.25
674737,B1998-6589910,0.125
674737,B1998-6278036,0.125
674737,B2009-6233674,0.25
674737,CHN2009-01-803710,0.5
674737,B2001-6234954,0.25
674737,B1998-6484219,0.125
674737,B1990-6088614,0.125
674737,B1996-6335231,0.25
674737,B1991-6445551,0.125
674737,B1990-6531177,0.0625
674737,B1989-6366084,0.0625
674737,B1994-6086120,0.125
674737,B1992-6542371,0.0625
674737,B1992-6542479,0.0625
674738,NL2013-1239422,0.5
674738,NL2006-2162355,0.25
674738,NL2004-2050221,0.25
674738,NL2001-1886692,0.125
674738,NL1993-2696113,0.125
674738,CHN2009-01-803710,0.5
674738,B2001-6234954,0.25
674738,B1998-6484219,0.125
674738,B1990-6088614,0.125
674738,B1996-6335231,0.25
674738,B1991-6445551,0.125
674738,B1990-6531177,0.0625
674738,B1989-6366084,0.0625
674738,B1994-6086120,0.125
674738,B1992-6542371,0.0625
674738,B1992-6542479,0.0625
674739,B2010-2137074,0.5
674739,B2008-2110294,0.25
674739,B2005-2257311,0.125
674739,B2005-2257352,0.125
674739,B2006-2042512,0.25
674739,B2005-2062059,0.125
674739,B2000-2394434,0.125
674739,CHN2013-01-850585,0.5
674739,B2005-6336371,0.25
674739,B2002-2265327,0.125
674739,B2000-2352576,0.0625
674739,B2000-2352590,0.0625
674739,B1999-6340916,0.125
674739,B1994-6142774,0.0625
674739,B1994-6633774,0.0625
674739,B2009-3146071,0.25
674739,B2006-3134235,0.125
674739,B2007-3153111,0.125
674740,CHN2013-01-1236531,0.5
674740,B2009-5061825,0.25
674740,CHN2008-01-968693,0.25
674740,CHN2013-01-850585,0.5
674740,B2005-6336371,0.25
674740,B2002-2265327,0.125
674740,B2000-2352576,0.0625
674740,B2000-2352590,0.0625
674740,B1999-6340916,0.125
674740,B1994-6142774,0.0625
674740,B1994-6633774,0.0625
674740,B2009-3146071,0.25
674740,B2006-3134235,0.125
674740,B2007-3153111,0.125
674741,CHN2013-01-1236531,0.5
674741,B2009-5061825,0.25
674741,CHN2008-01-968693,0.25
674741,CHN2013-01-850585,0.5
674741,B2005-6336371,0.25
674741,B2002-2265327,0.125
674741,B2000-2352576,0.0625
674741,B2000-2352590,0.0625
674741,B1999-6340916,0.125
674741,B1994-6142774,0.0625
674741,B1994-6633774,0.0625
674741,B2009-3146071,0.25
674741,B2006-3134235,0.125
674741,B2007-3153111,0.125
674742,CHN2013-01-1236531,0.5
674742,B2009-5061825,0.25
674742,CHN2008-01-968693,0.25
674742,CHN2013-01-850585,0.5
674742,B2005-6336371,0.25
674742,B2002-2265327,0.125
674742,B2000-2352576,0.0625
674742,B2000-2352590,0.0625
674742,B1999-6340916,0.125
674742,B1994-6142774,0.0625
674742,B1994-6633774,0.0625
674742,B2009-3146071,0.25
674742,B2006-3134235,0.125
674742,B2007-3153111,0.125
674744,JN2015-3136766,0.5
674744,B2007-6310392,0.25
674744,B1998-6589910,0.125
674744,B1998-6278036,0.125
674744,CHN2009-01-803710,0.25
674744,B2001-6234954,0.125
674744,B1998-6484219,0.0625
674744,B1990-6088614,0.0625
674744,B1996-6335231,0.125
674744,B1991-6445551,0.0625
674744,B1990-6531177,0.03125
674744,B1989-6366084,0.03125
674744,B1994-6086120,0.0625
674744,B1992-6542371,0.03125
674744,B1992-6542479,0.03125
674744,CHN2016-01-1485063,0.5
674744,CHN2013-01-850570,0.25
674744,CHN2009-01-803711,0.125
674744,CHN2011-01-469806,0.125
674744,NL2012-1618947,0.25
674744,NL2009-1904568,0.125
674744,NL2009-1186402,0.125
674744,NL2004-2050252,0.0625
674744,NL2001-1886550,0.0625
674745,CHN2018-01-1361536,0.5
674745,JN2015-3136766,0.25
674745,B2007-6310392,0.125
674745,B1998-6589910,0.0625
674745,B1998-6278036,0.0625
674745,CHN2009-01-803710,0.125
674745,B2001-6234954,0.0625
674745,B1998-6484219,0.03125
674745,B1990-6088614,0.03125
674745,B1996-6335231,0.0625
674745,B1991-6445551,0.03125
674745,B1990-6531177,0.015625
674745,B1989-6366084,0.015625
674745,B1994-6086120,0.03125
674745,B1992-6542371,0.015625
674745,B1992-6542479,0.015625
674745,B2013-6310483,0.25
674745,CHN2017-01-1363636,0.5
674745,CHN2016-01-0296226,0.25
674745,CHN2014-01-1282219,0.125
674745,B2005-6336371,0.0625
674745,B2002-2265327,0.03125
674745,B2000-2352576,0.015625
674745,B2000-2352590,0.015625
674745,B1999-6340916,0.03125
674745,B1994-6142774,0.015625
674745,B1994-6633774,0.015625
674745,B2007-5067344,0.0625
674745,B2000-4065880,0.03125
674745,B1998-4184729,0.015625
674745,B1998-3024841,0.015625
674745,B2001-6182211,0.03125
674745,B1998-5296409,0.015625
674745,B1997-6523459,0.015625
674745,CHN2013-01-850541,0.125
674745,CHN2011-01-469910,0.0625
674745,CHN2002-01-477844,0.03125
674745,B1998-2398266,0.03125
674745,B1994-5314930,0.015625
674745,B1995-2363122,0.015625
674745,CHN2010-01-968024,0.0625
674745,B2002-2315943,0.03125
674745,B2000-2376057,0.015625
674745,B1999-2017712,0.015625
674745,B2003-4133532,0.03125
674745,B1998-4197168,0.015625
674745,B1995-4440907,0.015625
674745,NL2012-1618935,0.25
674746,CHN2018-01-1361536,0.5
674746,JN2015-3136766,0.25
674746,B2007-6310392,0.125
674746,B1998-6589910,0.0625
674746,B1998-6278036,0.0625
674746,CHN2009-01-803710,0.125
674746,B2001-6234954,0.0625
674746,B1998-6484219,0.03125
674746,B1990-6088614,0.03125
674746,B1996-6335231,0.0625
674746,B1991-6445551,0.03125
674746,B1990-6531177,0.015625
674746,B1989-6366084,0.015625
674746,B1994-6086120,0.03125
674746,B1992-6542371,0.015625
674746,B1992-6542479,0.015625
674746,B2013-6310483,0.25
674746,CHN2017-01-1363636,0.5
674746,CHN2016-01-0296226,0.25
674746,CHN2014-01-1282219,0.125
674746,B2005-6336371,0.0625
674746,B2002-2265327,0.03125
674746,B2000-2352576,0.015625
674746,B2000-2352590,0.015625
674746,B1999-6340916,0.03125
674746,B1994-6142774,0.015625
674746,B1994-6633774,0.015625
674746,B2007-5067344,0.0625
674746,B2000-4065880,0.03125
674746,B1998-4184729,0.015625
674746,B1998-3024841,0.015625
674746,B2001-6182211,0.03125
674746,B1998-5296409,0.015625
674746,B1997-6523459,0.015625
674746,CHN2013-01-850541,0.125
674746,CHN2011-01-469910,0.0625
674746,CHN2002-01-477844,0.03125
674746,B1998-2398266,0.03125
674746,B1994-5314930,0.015625
674746,B1995-2363122,0.015625
674746,CHN2010-01-968024,0.0625
674746,B2002-2315943,0.03125
674746,B2000-2376057,0.015625
674746,B1999-2017712,0.015625
674746,B2003-4133532,0.03125
674746,B1998-4197168,0.015625
674746,B1995-4440907,0.015625
674746,NL2012-1618935,0.25
674770,CHN2017-01-0662181,0.5
674770,B2015-4263605,0.25
674770,CHN2015-01-0818816,0.25
674770,CHN2016-01-0296288,0.5
674770,CHN2014-01-00694,0.25
674770,CHN2008-01-968609,0.125
674770,B2003-5071602,0.125
674770,B1997-5166412,0.0625
674770,B2001-5010172,0.0625
674770,B1998-2398266,0.0625
674770,B1994-5314930,0.03125
674770,B1991-5248546,0.015625
674770,B1991-5248516,0.015625
674770,B1995-2363122,0.03125
674770,B1990-2523263,0.015625
674770,B1987-3190166,0.015625
674770,CHN2009-01-803710,0.125
674770,B2001-6234954,0.0625
674770,B1998-6484219,0.03125
674770,B1990-6088614,0.03125
674770,B1996-6335231,0.0625
674770,B1991-6445551,0.03125
674770,B1990-6531177,0.015625
674770,B1989-6366084,0.015625
674770,B1994-6086120,0.03125
674770,B1992-6542371,0.015625
674770,B1992-6542479,0.015625
674770,CHN2014-01-04477,0.25
674770,CHN2010-01-968028,0.125
674770,B2002-4478706,0.0625
674770,B2000-4065833,0.03125
674770,B1996-4391982,0.015625
674770,B1998-4184899,0.015625
674770,B1999-4393573,0.03125
674770,B1996-4391925,0.015625
674770,B1991-4261261,0.015625
674770,CHN1998-01-028823,0.0625
674770,CHN2008-01-968506,0.125
674770,B1995-5111447,0.0625
674771,CHN2017-01-1363693,0.5
674771,CHN2011-01-575708,0.25
674771,CHN2010-01-968016,0.125
674771,B2003-3186429,0.0625
674771,B2000-3128435,0.03125
674771,B1994-3238558,0.015625
674771,B1989-3315380,0.015625
674771,B1993-3183025,0.03125
674771,B1992-3082421,0.015625
674771,B1987-3052819,0.015625
674771,B1998-2398266,0.0625
674771,B1994-5314930,0.03125
674771,B1991-5248546,0.015625
674771,B1991-5248516,0.015625
674771,B1995-2363122,0.03125
674771,B1990-2523263,0.015625
674771,B1987-3190166,0.015625
674771,CHN2009-01-803710,0.125
674771,B2001-6234954,0.0625
674771,B1998-6484219,0.03125
674771,B1990-6088614,0.03125
674771,B1996-6335231,0.0625
674771,B1991-6445551,0.03125
674771,B1990-6531177,0.015625
674771,B1989-6366084,0.015625
674771,B1994-6086120,0.03125
674771,B1992-6542371,0.015625
674771,B1992-6542479,0.015625
674771,DV2014-661-2371,0.25
674771,DV2008-02371-127,0.125
674771,DV2010-03789-732,0.125
674771,CHN2017-06-0505313,0.5
674771,NL2012-1618980,0.25
674771,NL2011-1741006,0.25
674771,B2004-3227967,0.125
674771,NL2004-2050373,0.125
674838,CHN2013-01-850580,0.5
674838,CHN2009-01-981105,0.25
674838,CHN2009-01-981119,0.25
674838,CHN2016-01-0296203,0.5
674838,NL2012-1619022,0.25
674838,NL2014-1059351,0.25
674839,NL2012-1618471,0.5
674839,NL2007-1818078,0.25
674839,NL2005-1394708,0.25
674839,B2012-6196232,0.5
674839,B2009-6248545,0.25
674839,B2007-6221588,0.25
674849,CHN2016-01-1485015,0.5
674849,B2007-6310392,0.25
674849,B1998-6589910,0.125
674849,B1998-6278036,0.125
674849,B2009-6233674,0.25
674849,B2010-6246198,0.5
674849,B2008-6374035,0.25
674849,B2007-6404543,0.25
674852,CHN2018-01-1755934,0.5
674852,CHN2016-01-1485015,0.25
674852,B2007-6310392,0.125
674852,B1998-6589910,0.0625
674852,B1998-6278036,0.0625
674852,B2009-6233674,0.125
674852,B2010-6246152,0.25
674852,B2003-6452591,0.125
674852,B2004-6293144,0.125
674852,B2010-6246198,0.5
674852,B2008-6374035,0.25
674852,B2007-6404543,0.25
674853,CHN2018-01-1755934,0.5
674853,CHN2016-01-1485015,0.25
674853,B2007-6310392,0.125
674853,B1998-6589910,0.0625
674853,B1998-6278036,0.0625
674853,B2009-6233674,0.125
674853,B2010-6246152,0.25
674853,B2003-6452591,0.125
674853,B2004-6293144,0.125
674853,B2010-6246198,0.5
674853,B2008-6374035,0.25
674853,B2007-6404543,0.25
674857,CHN2009-01-981165,0.5
674857,BELG2007-6300508,0.25
674857,DV2007-08935-2106,0.25
674857,B2010-6246152,0.5
674857,B2003-6452591,0.25
674857,B2004-6293144,0.25
674858,CHN2016-01-1485014,0.5
674858,B2007-6310392,0.25
674858,B1998-6589910,0.125
674858,B1998-6278036,0.125
674858,B2009-6233674,0.25
674858,CHN2017-01-1605786,0.5
674858,B2010-6358533,0.25
674858,B2006-6056112,0.125
674858,B2005-6450535,0.125
674858,B2010-6246152,0.25
674858,B2003-6452591,0.125
674858,B2004-6293144,0.125
674862,CHN2017-01-0665383,0.5
674862,CHN12-05-399999,0.25
674862,SK13-01003-1422,0.25
674862,CHN2016-01-1485603,0.5
674862,CHN2012-01-1003021,0.25
674862,CHN2010-01-968039,0.125
674862,CHN2010-01-968052,0.125
674862,CHN2013-01-850566,0.25
674862,CHN2009-01-981165,0.125
674862,BELG2007-6300508,0.0625
674862,DV2007-08935-2106,0.0625
674862,CHN2009-01-981139,0.125
674865,B2010-2137074,0.5
674865,B2008-2110294,0.25
674865,B2005-2257311,0.125
674865,B2005-2257352,0.125
674865,B2006-2042512,0.25
674865,B2005-2062059,0.125
674865,B2000-2394434,0.125
674865,CHN2011-01-469906,0.5
674865,B2003-2120191,0.25
674865,B1998-4185270,0.125
674865,B1997-4263054,0.0625
674865,B1991-4560548,0.0625
674865,B1993-4429362,0.125
674865,B1990-4208471,0.0625
674865,B1989-4139920,0.0625
674865,B1998-2398266,0.25
674865,B1994-5314930,0.125
674865,B1991-5248546,0.0625
674865,B1991-5248516,0.0625
674865,B1995-2363122,0.125
674865,B1990-2523263,0.0625
674865,B1987-3190166,0.0625
674869,B2010-2137074,0.5
674869,B2008-2110294,0.25
674869,B2005-2257311,0.125
674869,B2005-2257352,0.125
674869,B2006-2042512,0.25
674869,B2005-2062059,0.125
674869,B2000-2394434,0.125
674869,CHN2011-01-469906,0.5
674869,B2003-2120191,0.25
674869,B1998-4185270,0.125
674869,B1997-4263054,0.0625
674869,B1991-4560548,0.0625
674869,B1993-4429362,0.125
674869,B1990-4208471,0.0625
674869,B1989-4139920,0.0625
674869,B1998-2398266,0.25
674869,B1994-5314930,0.125
674869,B1991-5248546,0.0625
674869,B1991-5248516,0.0625
674869,B1995-2363122,0.125
674869,B1990-2523263,0.0625
674869,B1987-3190166,0.0625
674872,CHN2012-01-1002616,0.5
674872,B2005-5059261,0.25
674872,NL2006-1953380,0.25
674872,NL2004-1759599,0.125
674872,NL1996-1698968,0.0625
674872,NL1999-2010404,0.0625
674872,NL2004-1759517,0.125
674872,NL1998-2379702,0.0625
674872,NL2003-2123502,0.0625
674872,CHN2013-01-850585,0.5
674872,B2005-6336371,0.25
674872,B2002-2265327,0.125
674872,B2000-2352576,0.0625
674872,B2000-2352590,0.0625
674872,B1999-6340916,0.125
674872,B1994-6142774,0.0625
674872,B1994-6633774,0.0625
674872,B2009-3146071,0.25
674872,B2006-3134235,0.125
674872,B2007-3153111,0.125
674873,CHN2018-01-1755151,0.5
674873,NL2010-1682275,0.25
674873,NL2007-1817985,0.125
674873,NL2000-1975952,0.125
674873,NL2012-1618935,0.25
674873,CHN2011-01-469928,0.5
674873,B2003-2120191,0.25
674873,B1998-4185270,0.125
674873,B1997-4263054,0.0625
674873,B1991-4560548,0.0625
674873,B1993-4429362,0.125
674873,B1990-4208471,0.0625
674873,B1989-4139920,0.0625
674873,B1998-2398266,0.25
674873,B1994-5314930,0.125
674873,B1991-5248546,0.0625
674873,B1991-5248516,0.0625
674873,B1995-2363122,0.125
674873,B1990-2523263,0.0625
674873,B1987-3190166,0.0625
674874,CHN2018-01-1755151,0.5
674874,NL2010-1682275,0.25
674874,NL2007-1817985,0.125
674874,NL2000-1975952,0.125
674874,NL2012-1618935,0.25
674874,CHN2011-01-469928,0.5
674874,B2003-2120191,0.25
674874,B1998-4185270,0.125
674874,B1997-4263054,0.0625
674874,B1991-4560548,0.0625
674874,B1993-4429362,0.125
674874,B1990-4208471,0.0625
674874,B1989-4139920,0.0625
674874,B1998-2398266,0.25
674874,B1994-5314930,0.125
674874,B1991-5248546,0.0625
674874,B1991-5248516,0.0625
674874,B1995-2363122,0.125
674874,B1990-2523263,0.0625
674874,B1987-3190166,0.0625
674875,CHN2014-01-1282088,0.5
674875,CHN2010-01-968036,0.25
674875,B2003-3186429,0.125
674875,B2000-3128435,0.0625
674875,B1994-3238558,0.03125
674875,B1989-3315380,0.03125
674875,B1993-3183025,0.0625
674875,B1992-3082421,0.03125
674875,B1987-3052819,0.03125
674875,B1998-2398266,0.125
674875,B1994-5314930,0.0625
674875,B1991-5248546,0.03125
674875,B1991-5248516,0.03125
674875,B1995-2363122,0.0625
674875,B1990-2523263,0.03125
674875,B1987-3190166,0.03125
674875,B2010-2135174,0.25
674875,B2009-2119421,0.125
674875,B2003-2001983,0.125
674875,CHN2010-01-281305,0.5
674875,B2005-6052073,0.25
674875,CHN2009-01-803758,0.25
674876,CHN2014-01-1282088,0.5
674876,CHN2010-01-968036,0.25
674876,B2003-3186429,0.125
674876,B2000-3128435,0.0625
674876,B1994-3238558,0.03125
674876,B1989-3315380,0.03125
674876,B1993-3183025,0.0625
674876,B1992-3082421,0.03125
674876,B1987-3052819,0.03125
674876,B1998-2398266,0.125
674876,B1994-5314930,0.0625
674876,B1991-5248546,0.03125
674876,B1991-5248516,0.03125
674876,B1995-2363122,0.0625
674876,B1990-2523263,0.03125
674876,B1987-3190166,0.03125
674876,B2010-2135174,0.25
674876,B2009-2119421,0.125
674876,B2003-2001983,0.125
674876,CHN2010-01-281305,0.5
674876,B2005-6052073,0.25
674876,CHN2009-01-803758,0.25
674877,CHN2014-01-1282088,0.5
674877,CHN2010-01-968036,0.25
674877,B2003-3186429,0.125
674877,B2000-3128435,0.0625
674877,B1994-3238558,0.03125
674877,B1989-3315380,0.03125
674877,B1993-3183025,0.0625
674877,B1992-3082421,0.03125
674877,B1987-3052819,0.03125
674877,B1998-2398266,0.125
674877,B1994-5314930,0.0625
674877,B1991-5248546,0.03125
674877,B1991-5248516,0.03125
674877,B1995-2363122,0.0625
674877,B1990-2523263,0.03125
674877,B1987-3190166,0.03125
674877,B2010-2135174,0.25
674877,B2009-2119421,0.125
674877,B2003-2001983,0.125
674877,CHN2010-01-281305,0.5
674877,B2005-6052073,0.25
674877,CHN2009-01-803758,0.25
674878,CHN2016-01-0296264,0.5
674878,CHN2013-01-850578,0.25
674878,CHN2014-01-1282170,0.25
674878,CHN2014-01-1282347,0.5
674878,CHN2012-01-1002616,0.25
674878,B2005-5059261,0.125
674878,NL2006-1953380,0.125
674878,NL2004-1759599,0.0625
674878,NL1996-1698968,0.03125
674878,NL1999-2010404,0.03125
674878,NL2004-1759517,0.0625
674878,NL1998-2379702,0.03125
674878,NL2003-2123502,0.03125
674878,CHN2011-01-469928,0.25
674878,B2003-2120191,0.125
674878,B1998-4185270,0.0625
674878,B1997-4263054,0.03125
674878,B1991-4560548,0.03125
674878,B1993-4429362,0.0625
674878,B1990-4208471,0.03125
674878,B1989-4139920,0.03125
674878,B1998-2398266,0.125
674878,B1994-5314930,0.0625
674878,B1991-5248546,0.03125
674878,B1991-5248516,0.03125
674878,B1995-2363122,0.0625
674878,B1990-2523263,0.03125
674878,B1987-3190166,0.03125
674879,CHN2016-01-0296264,0.5
674879,CHN2013-01-850578,0.25
674879,CHN2014-01-1282170,0.25
674879,CHN2014-01-1282347,0.5
674879,CHN2012-01-1002616,0.25
674879,B2005-5059261,0.125
674879,NL2006-1953380,0.125
674879,NL2004-1759599,0.0625
674879,NL1996-1698968,0.03125
674879,NL1999-2010404,0.03125
674879,NL2004-1759517,0.0625
674879,NL1998-2379702,0.03125
674879,NL2003-2123502,0.03125
674879,CHN2011-01-469928,0.25
674879,B2003-2120191,0.125
674879,B1998-4185270,0.0625
674879,B1997-4263054,0.03125
674879,B1991-4560548,0.03125
674879,B1993-4429362,0.0625
674879,B1990-4208471,0.03125
674879,B1989-4139920,0.03125
674879,B1998-2398266,0.125
674879,B1994-5314930,0.0625
674879,B1991-5248546,0.03125
674879,B1991-5248516,0.03125
674879,B1995-2363122,0.0625
674879,B1990-2523263,0.03125
674879,B1987-3190166,0.03125
674882,CHN2013-01-089992,0.5
674882,CHN2010-01-340707,0.25
674882,B2003-4408129,0.125
674882,B2000-4065838,0.0625
674882,B1996-4391910,0.03125
674882,B1993-4392044,0.03125
674882,B2000-4065905,0.0625
674882,B1999-4392910,0.03125
674882,B1996-4271517,0.03125
674882,B2007-5067344,0.34375
674882,B2000-4065880,0.171875
674882,B1998-4184729,0.078125
674882,B1998-3024841,0.078125
674882,B2001-6182211,0.171875
674882,B1998-5296409,0.078125
674882,B1997-6523459,0.078125
674882,CHN2010-01-281305,0.25
674882,B2005-6052073,0.125
674882,CHN2009-01-803758,0.125
674882,CHN2018-01-1755822,0.5
674882,CHN2017-01-0100711,0.25
674882,CHN2012-01-1003066,0.125
674882,CHN2009-01-981120,0.0625
674882,NL2007-1841638,0.03125
674882,B2007-5175949,0.03125
674882,CHN2010-01-281310,0.0625
674882,CHN2005-01-502380,0.09375
674882,CHN2011-01-469906,0.125
674882,B2003-2120191,0.0625
674882,B1998-4185270,0.03125
674882,B1997-4263054,0.015625
674882,B1991-4560548,0.015625
674882,B1993-4429362,0.03125
674882,B1990-4208471,0.015625
674882,B1989-4139920,0.015625
674882,B1998-2398266,0.0625
674882,B1994-5314930,0.03125
674882,B1991-5248546,0.015625
674882,B1991-5248516,0.015625
674882,B1995-2363122,0.03125
674882,B1990-2523263,0.015625
674882,B1987-3190166,0.015625
674882,CHN2017-01-1605839,0.25
674882,CHN2009-01-981112,0.125
674884,CHN2011-01-575708,0.5
674884,CHN2010-01-968016,0.25
674884,B2003-3186429,0.125
674884,B2000-3128435,0.0625
674884,B1994-3238558,0.03125
674884,B1989-3315380,0.03125
674884,B1993-3183025,0.0625
674884,B1992-3082421,0.03125
674884,B1987-3052819,0.03125
674884,B1998-2398266,0.125
674884,B1994-5314930,0.0625
674884,B1991-5248546,0.03125
674884,B1991-5248516,0.03125
674884,B1995-2363122,0.0625
674884,B1990-2523263,0.03125
674884,B1987-3190166,0.03125
674884,CHN2009-01-803710,0.25
674884,B2001-6234954,0.125
674884,B1998-6484219,0.0625
674884,B1990-6088614,0.0625
674884,B1996-6335231,0.125
674884,B1991-6445551,0.0625
674884,B1990-6531177,0.03125
674884,B1989-6366084,0.03125
674884,B1994-6086120,0.0625
674884,B1992-6542371,0.03125
674884,B1992-6542479,0.03125
674884,CHN2013-01-850566,0.5
674884,CHN2009-01-981165,0.25
674884,BELG2007-6300508,0.125
674884,DV2007-08935-2106,0.125
674884,CHN2009-01-981139,0.25
674885,CHN2011-01-575708,0.5
674885,CHN2010-01-968016,0.25
674885,B2003-3186429,0.125
674885,B2000-3128435,0.0625
674885,B1994-3238558,0.03125
674885,B1989-3315380,0.03125
674885,B1993-3183025,0.0625
674885,B1992-3082421,0.03125
674885,B1987-3052819,0.03125
674885,B1998-2398266,0.125
674885,B1994-5314930,0.0625
674885,B1991-5248546,0.03125
674885,B1991-5248516,0.03125
674885,B1995-2363122,0.0625
674885,B1990-2523263,0.03125
674885,B1987-3190166,0.03125
674885,CHN2009-01-803710,0.25
674885,B2001-6234954,0.125
674885,B1998-6484219,0.0625
674885,B1990-6088614,0.0625
674885,B1996-6335231,0.125
674885,B1991-6445551,0.0625
674885,B1990-6531177,0.03125
674885,B1989-6366084,0.03125
674885,B1994-6086120,0.0625
674885,B1992-6542371,0.03125
674885,B1992-6542479,0.03125
674885,CHN2013-01-850566,0.5
674885,CHN2009-01-981165,0.25
674885,BELG2007-6300508,0.125
674885,DV2007-08935-2106,0.125
674885,CHN2009-01-981139,0.25
674886,CHN2017-01-0100657,0.5
674886,CHN2013-01-850580,0.25
674886,CHN2009-01-981105,0.125
674886,CHN2009-01-981119,0.125
674886,CHN2016-01-0296203,0.25
674886,NL2012-1619022,0.125
674886,NL2014-1059351,0.125
674886,CHN2017-01-1605851,0.5
674886,CHN2009-01-981165,0.25
674886,BELG2007-6300508,0.125
674886,DV2007-08935-2106,0.125
674886,B2008-3153253,0.25
675001,B13-6313919,0.5
675001,B10-6291386,0.25
675001,B10-6358364,0.25
675001,NL17-3750688,0.5
675001,B13-6304231,0.25
675001,B10-6291346,0.125
675001,B10-6146323,0.125
675001,NL13-1377396,0.25
675001,B09-4139485,0.125
675001,NL11-3056127,0.125
675026,B12-6321411,0.5
675026,B06-6148039,0.25
675026,B03-6192606,0.125
675026,B03-6032896,0.125
675026,B06-6148179,0.25
675026,B03-6192822,0.125
675026,B04-6073655,0.125
675044,B2010-2137074,0.5
675044,B2008-2110294,0.25
675044,B2005-2257311,0.125
675044,B2005-2257352,0.125
675044,B2006-2042512,0.25
675044,B2005-2062059,0.125
675044,B2000-2394434,0.125
675044,CHN2014-01-332012,0.5
675044,CHN2011-01-469846,0.25
675044,CHN2010-01-968008,0.125
675044,CHN2003-01-213587,0.125
675044,CHN2012-01-1002635,0.25
675044,B2005-6052073,0.125
675044,B2004-4019943,0.125
675044,B1999-4365061,0.0625
675044,B1994-4438205,0.03125
675044,B1993-4392044,0.03125
675044,B2002-4333378,0.0625
675044,B2001-4489665,0.03125
675044,B2000-4065805,0.015625
675044,B1999-4393519,0.015625
675044,B2000-4065848,0.03125
675044,B1993-4429368,0.015625
675044,B1991-4560548,0.015625
675045,CHN2016-01-1485229,0.5
675045,CHN2010-01-968039,0.25
675045,B2007-4368506,0.25
675045,CHN2014-01-332012,0.5
675045,CHN2011-01-469846,0.25
675045,CHN2010-01-968008,0.125
675045,CHN2003-01-213587,0.125
675045,CHN2012-01-1002635,0.25
675045,B2005-6052073,0.125
675045,B2004-4019943,0.125
675045,B1999-4365061,0.0625
675045,B1994-4438205,0.03125
675045,B1993-4392044,0.03125
675045,B2002-4333378,0.0625
675045,B2001-4489665,0.03125
675045,B2000-4065805,0.015625
675045,B1999-4393519,0.015625
675045,B2000-4065848,0.03125
675045,B1993-4429368,0.015625
675045,B1991-4560548,0.015625
675046,CHN2016-01-1485229,0.5
675046,CHN2010-01-968039,0.25
675046,B2007-4368506,0.25
675046,CHN2014-01-332012,0.5
675046,CHN2011-01-469846,0.25
675046,CHN2010-01-968008,0.125
675046,CHN2003-01-213587,0.125
675046,CHN2012-01-1002635,0.25
675046,B2005-6052073,0.125
675046,B2004-4019943,0.125
675046,B1999-4365061,0.0625
675046,B1994-4438205,0.03125
675046,B1993-4392044,0.03125
675046,B2002-4333378,0.0625
675046,B2001-4489665,0.03125
675046,B2000-4065805,0.015625
675046,B1999-4393519,0.015625
675046,B2000-4065848,0.03125
675046,B1993-4429368,0.015625
675046,B1991-4560548,0.015625
675047,CHN2015-01-1375658,0.5
675047,CHN2011-01-469282,0.25
675047,CHN2012-01-1002635,0.25
675047,B2005-6052073,0.125
675047,B2004-4019943,0.125
675047,B1999-4365061,0.0625
675047,B1994-4438205,0.03125
675047,B1993-4392044,0.03125
675047,B2002-4333378,0.0625
675047,B2001-4489665,0.03125
675047,B2000-4065805,0.015625
675047,B1999-4393519,0.015625
675047,B2000-4065848,0.03125
675047,B1993-4429368,0.015625
675047,B1991-4560548,0.015625
675047,NL2013-1239393,0.5
675047,NL2010-1682103,0.25
675047,NL2007-1817891,0.25
675048,CHN2018-01-0816921,0.5
675048,CHN2017-01-0662181,0.25
675048,B2015-4263605,0.125
675048,CHN2015-01-0818816,0.125
675048,CHN2014-01-332012,0.25
675048,CHN2011-01-469846,0.125
675048,CHN2010-01-968008,0.0625
675048,CHN2003-01-213587,0.0625
675048,CHN2012-01-1002635,0.125
675048,B2005-6052073,0.0625
675048,B2004-4019943,0.0625
675048,B1999-4365061,0.03125
675048,B1994-4438205,0.015625
675048,B1993-4392044,0.015625
675048,B2002-4333378,0.03125
675048,B2001-4489665,0.015625
675048,B2000-4065848,0.015625
675048,CHN2018-01-1755146,0.5
675048,NL2010-1682336,0.25
675048,NL2007-1445537,0.125
675048,NL2006-2162375,0.125
675048,B2007-5067344,0.25
675048,B2000-4065880,0.125
675048,B1998-4184729,0.0625
675048,B1998-3024841,0.0625
675048,B2001-6182211,0.125
675048,B1998-5296409,0.0625
675048,B1997-6523459,0.0625
675049,CHN2017-01-0662188,0.5
675049,CHN2015-01-0818836,0.25
675049,B2014-6306505,0.25
675049,CHN2015-01-1375024,0.5
675049,B2006-5150395,0.25
675049,CHN2014-01-332012,0.25
675049,CHN2011-01-469846,0.125
675049,CHN2010-01-968008,0.0625
675049,CHN2003-01-213587,0.0625
675049,CHN2012-01-1002635,0.125
675049,B2005-6052073,0.0625
675049,B2004-4019943,0.0625
675049,B1999-4365061,0.03125
675049,B1994-4438205,0.015625
675049,B1993-4392044,0.015625
675049,B2002-4333378,0.03125
675049,B2001-4489665,0.015625
675049,B2000-4065848,0.015625
675050,CHN2018-01-0816921,0.5
675050,CHN2017-01-0662181,0.25
675050,B2015-4263605,0.125
675050,CHN2015-01-0818816,0.125
675050,CHN2014-01-332012,0.25
675050,CHN2011-01-469846,0.125
675050,CHN2010-01-968008,0.0625
675050,CHN2003-01-213587,0.0625
675050,CHN2012-01-1002635,0.125
675050,B2005-6052073,0.0625
675050,B2004-4019943,0.0625
675050,B1999-4365061,0.03125
675050,B1994-4438205,0.015625
675050,B1993-4392044,0.015625
675050,B2002-4333378,0.03125
675050,B2001-4489665,0.015625
675050,B2000-4065848,0.015625
675050,CHN2018-01-1755146,0.5
675050,NL2010-1682336,0.25
675050,NL2007-1445537,0.125
675050,NL2006-2162375,0.125
675050,B2007-5067344,0.25
675050,B2000-4065880,0.125
675050,B1998-4184729,0.0625
675050,B1998-3024841,0.0625
675050,B2001-6182211,0.125
675050,B1998-5296409,0.0625
675050,B1997-6523459,0.0625
675051,CHN2018-01-0816921,0.5
675051,CHN2017-01-0662181,0.25
675051,B2015-4263605,0.125
675051,CHN2015-01-0818816,0.125
675051,CHN2014-01-332012,0.25
675051,CHN2011-01-469846,0.125
675051,CHN2010-01-968008,0.0625
675051,CHN2003-01-213587,0.0625
675051,CHN2012-01-1002635,0.125
675051,B2005-6052073,0.0625
675051,B2004-4019943,0.0625
675051,B1999-4365061,0.03125
675051,B1994-4438205,0.015625
675051,B1993-4392044,0.015625
675051,B2002-4333378,0.03125
675051,B2001-4489665,0.015625
675051,B2000-4065848,0.015625
675051,CHN2018-01-1755146,0.5
675051,NL2010-1682336,0.25
675051,NL2007-1445537,0.125
675051,NL2006-2162375,0.125
675051,B2007-5067344,0.25
675051,B2000-4065880,0.125
675051,B1998-4184729,0.0625
675051,B1998-3024841,0.0625
675051,B2001-6182211,0.125
675051,B1998-5296409,0.0625
675051,B1997-6523459,0.0625
675052,CHN2018-01-0816921,0.5
675052,CHN2017-01-0662181,0.25
675052,B2015-4263605,0.125
675052,CHN2015-01-0818816,0.125
675052,CHN2014-01-332012,0.25
675052,CHN2011-01-469846,0.125
675052,CHN2010-01-968008,0.0625
675052,CHN2003-01-213587,0.0625
675052,CHN2012-01-1002635,0.125
675052,B2005-6052073,0.0625
675052,B2004-4019943,0.0625
675052,B1999-4365061,0.03125
675052,B1994-4438205,0.015625
675052,B1993-4392044,0.015625
675052,B2002-4333378,0.03125
675052,B2001-4489665,0.015625
675052,B2000-4065848,0.015625
675052,CHN2018-01-1755146,0.5
675052,NL2010-1682336,0.25
675052,NL2007-1445537,0.125
675052,NL2006-2162375,0.125
675052,B2007-5067344,0.25
675052,B2000-4065880,0.125
675052,B1998-4184729,0.0625
675052,B1998-3024841,0.0625
675052,B2001-6182211,0.125
675052,B1998-5296409,0.0625
675052,B1997-6523459,0.0625
675053,CHN2018-01-0816921,0.5
675053,CHN2017-01-0662181,0.25
675053,B2015-4263605,0.125
675053,CHN2015-01-0818816,0.125
675053,CHN2014-01-332012,0.25
675053,CHN2011-01-469846,0.125
675053,CHN2010-01-968008,0.0625
675053,CHN2003-01-213587,0.0625
675053,CHN2012-01-1002635,0.125
675053,B2005-6052073,0.0625
675053,B2004-4019943,0.0625
675053,B1999-4365061,0.03125
675053,B1994-4438205,0.015625
675053,B1993-4392044,0.015625
675053,B2002-4333378,0.03125
675053,B2001-4489665,0.015625
675053,B2000-4065848,0.015625
675053,CHN2018-01-1755146,0.5
675053,NL2010-1682336,0.25
675053,NL2007-1445537,0.125
675053,NL2006-2162375,0.125
675053,B2007-5067344,0.25
675053,B2000-4065880,0.125
675053,B1998-4184729,0.0625
675053,B1998-3024841,0.0625
675053,B2001-6182211,0.125
675053,B1998-5296409,0.0625
675053,B1997-6523459,0.0625
675054,CHN2018-01-1755104,0.5
675054,B2005-6336371,0.25
675054,B2002-2265327,0.125
675054,B2000-2352576,0.0625
675054,B2000-2352590,0.0625
675054,B1999-6340916,0.125
675054,B1994-6142774,0.0625
675054,B1994-6633774,0.0625
675054,CHN2009-01-803710,0.25
675054,B2001-6234954,0.125
675054,B1998-6484219,0.0625
675054,B1990-6088614,0.0625
675054,B1996-6335231,0.125
675054,B1991-6445551,0.0625
675054,B1990-6531177,0.03125
675054,B1989-6366084,0.03125
675054,B1994-6086120,0.0625
675054,B1992-6542371,0.03125
675054,B1992-6542479,0.03125
675054,CHN2010-01-968022,0.5
675054,B2002-2315943,0.25
675054,B2000-2376057,0.125
675054,B1999-2017712,0.125
675054,B2003-4133532,0.25
675054,B1998-4197168,0.125
675054,B1996-4171703,0.0625
675054,B1989-4288521,0.0625
675054,B1995-4440907,0.125
675054,B1990-4319953,0.0625
675054,B1988-4243575,0.0625
675109,CHN2014-01-1282007,0.5
675109,CHN2012-01-1003066,0.25
675109,CHN2009-01-981120,0.125
675109,NL2007-1841638,0.0625
675109,B2007-5175949,0.0625
675109,CHN2010-01-281310,0.125
675109,CHN2005-01-502380,0.0625
675109,B2007-5067344,0.0625
675109,B2000-4065880,0.03125
675109,B1998-4184729,0.015625
675109,B1998-3024841,0.015625
675109,B2001-6182211,0.03125
675109,B1998-5296409,0.015625
675109,B1997-6523459,0.015625
675109,CHN2010-01-968022,0.25
675109,B2002-2315943,0.125
675109,B2000-2376057,0.0625
675109,B1999-2017712,0.0625
675109,B2003-4133532,0.375
675109,B1998-4197168,0.1875
675109,B1996-4171703,0.09375
675109,B1989-4288521,0.09375
675109,B1995-4440907,0.1875
675109,B1990-4319953,0.09375
675109,B1988-4243575,0.09375
675109,CHN2013-01-1236119,0.5
675109,B2003-3186429,0.25
675109,B2000-3128435,0.125
675109,B1994-3238558,0.0625
675109,B1989-3315380,0.0625
675109,B1993-3183025,0.125
675109,B1992-3082421,0.0625
675109,B1987-3052819,0.0625
675112,CHN2017-01-1605793,0.5
675112,NL2010-1682295,0.25
675112,B2004-3227967,0.375
675112,NL2008-1537227,0.125
675112,NL2005-1394813,0.0625
675112,NL1998-1215809,0.0625
675112,NL1995-1942000,0.03125
675112,NL1993-2696143,0.03125
675112,NL2012-1619179,0.25
675112,NL2008-1537248,0.125
675112,NL2009-1186313,0.125
675112,NL2007-1817907,0.0625
675112,NL2004-2050252,0.03125
675112,NL2003-1103686,0.03125
675112,NL2008-1537236,0.0625
675112,NL2002-1635264,0.03125
675112,NL2001-1886517,0.03125
675112,NL2011-1741006,0.5
675112,NL2004-2050373,0.25
675113,CHN2017-01-1363655,0.5
675113,NL2013-1239323,0.25
675113,NL2006-2162253,0.125
675113,NL2003-1135462,0.0625
675113,NL2003-1135318,0.0625
675113,NL2003-1135475,0.125
675113,NL2002-1635264,0.09375
675113,NL1995-1941948,0.0625
675113,NL2011-1740912,0.25
675113,NL2008-1537203,0.125
675113,NL2007-1817852,0.0625
675113,NL2007-1817880,0.0625
675113,NL2009-1186313,0.125
675113,NL2007-1817907,0.0625
675113,NL2004-2050252,0.03125
675113,NL2003-1103686,0.03125
675113,NL2008-1537236,0.0625
675113,NL2001-1886517,0.03125
675113,NL2016-1526300,0.5
675113,NL2011-1740965,0.25
675114,CHN2017-01-1363655,0.5
675114,NL2013-1239323,0.25
675114,NL2006-2162253,0.125
675114,NL2003-1135462,0.0625
675114,NL2003-1135318,0.0625
675114,NL2003-1135475,0.125
675114,NL2002-1635264,0.09375
675114,NL1995-1941948,0.0625
675114,NL2011-1740912,0.25
675114,NL2008-1537203,0.125
675114,NL2007-1817852,0.0625
675114,NL2007-1817880,0.0625
675114,NL2009-1186313,0.125
675114,NL2007-1817907,0.0625
675114,NL2004-2050252,0.03125
675114,NL2003-1103686,0.03125
675114,NL2008-1537236,0.0625
675114,NL2001-1886517,0.03125
675114,NL2016-1526300,0.5
675114,NL2011-1740965,0.25
675115,CHN2017-01-1363655,0.5
675115,NL2013-1239323,0.25
675115,NL2006-2162253,0.125
675115,NL2003-1135462,0.0625
675115,NL2003-1135318,0.0625
675115,NL2003-1135475,0.125
675115,NL2002-1635264,0.09375
675115,NL1995-1941948,0.0625
675115,NL2011-1740912,0.25
675115,NL2008-1537203,0.125
675115,NL2007-1817852,0.0625
675115,NL2007-1817880,0.0625
675115,NL2009-1186313,0.125
675115,NL2007-1817907,0.0625
675115,NL2004-2050252,0.03125
675115,NL2003-1103686,0.03125
675115,NL2008-1537236,0.0625
675115,NL2001-1886517,0.03125
675115,NL2016-1526300,0.5
675115,NL2011-1740965,0.25
675118,B2010-6358533,0.5
675118,B2006-6056112,0.25
675118,B2005-6450535,0.25
675118,NL2011-1740873,0.5
675118,NL2008-2049005,0.25
675118,NL1998-5821450,0.125
675118,NL2004-5430805,0.125
675118,NL2005-1394707,0.25
675119,B2010-6358533,0.5
675119,B2006-6056112,0.25
675119,B2005-6450535,0.25
675119,NL2011-1740873,0.5
675119,NL2008-2049005,0.25
675119,NL1998-5821450,0.125
675119,NL2004-5430805,0.125
675119,NL2005-1394707,0.25
675120,CHN2016-01-1485014,0.5
675120,B2007-6310392,0.25
675120,B1998-6589910,0.125
675120,B1998-6278036,0.125
675120,B2009-6233674,0.25
675120,NL2014-1059566,0.5
675120,NL2010-1682140,0.25
675120,NL2008-1537236,0.25
675120,NL2002-1635264,0.125
675120,NL2001-1886517,0.125
675121,CHN2016-01-1485014,0.5
675121,B2007-6310392,0.25
675121,B1998-6589910,0.125
675121,B1998-6278036,0.125
675121,B2009-6233674,0.25
675121,NL2014-1059566,0.5
675121,NL2010-1682140,0.25
675121,NL2008-1537236,0.25
675121,NL2002-1635264,0.125
675121,NL2001-1886517,0.125
675122,CHN2016-01-1485014,0.5
675122,B2007-6310392,0.25
675122,B1998-6589910,0.125
675122,B1998-6278036,0.125
675122,B2009-6233674,0.25
675122,NL2014-1059566,0.5
675122,NL2010-1682140,0.25
675122,NL2008-1537236,0.25
675122,NL2002-1635264,0.125
675122,NL2001-1886517,0.125
675123,NL2010-1682275,0.5
675123,NL2007-1817985,0.25
675123,NL2000-1975952,0.25
675123,B2010-6246152,0.5
675123,B2003-6452591,0.25
675123,B2004-6293144,0.25
675124,NL2010-1682275,0.5
675124,NL2007-1817985,0.25
675124,NL2000-1975952,0.25
675124,B2010-6246152,0.5
675124,B2003-6452591,0.25
675124,B2004-6293144,0.25
675127,CHN2016-01-0296215,0.5
675127,NL2013-1239323,0.25
675127,NL2006-2162253,0.125
675127,NL2003-1135462,0.0625
675127,NL2003-1135318,0.0625
675127,NL2003-1135475,0.125
675127,NL2002-1635264,0.09375
675127,NL1995-1941948,0.0625
675127,NL2011-1740912,0.25
675127,NL2008-1537203,0.125
675127,NL2007-1817852,0.0625
675127,NL2007-1817880,0.0625
675127,NL2009-1186313,0.125
675127,NL2007-1817907,0.0625
675127,NL2004-2050252,0.03125
675127,NL2003-1103686,0.03125
675127,NL2008-1537236,0.0625
675127,NL2001-1886517,0.03125
675127,CHN2013-01-850585,0.5
675127,B2005-6336371,0.25
675127,B2002-2265327,0.125
675127,B2000-2352576,0.0625
675127,B2000-2352590,0.0625
675127,B1999-6340916,0.125
675127,B1994-6142774,0.0625
675127,B1994-6633774,0.0625
675127,B2009-3146071,0.25
675127,B2006-3134235,0.125
675127,B2007-3153111,0.125
675128,CHN2016-01-0296215,0.5
675128,NL2013-1239323,0.25
675128,NL2006-2162253,0.125
675128,NL2003-1135462,0.0625
675128,NL2003-1135318,0.0625
675128,NL2003-1135475,0.125
675128,NL2002-1635264,0.09375
675128,NL1995-1941948,0.0625
675128,NL2011-1740912,0.25
675128,NL2008-1537203,0.125
675128,NL2007-1817852,0.0625
675128,NL2007-1817880,0.0625
675128,NL2009-1186313,0.125
675128,NL2007-1817907,0.0625
675128,NL2004-2050252,0.03125
675128,NL2003-1103686,0.03125
675128,NL2008-1537236,0.0625
675128,NL2001-1886517,0.03125
675128,CHN2013-01-850585,0.5
675128,B2005-6336371,0.25
675128,B2002-2265327,0.125
675128,B2000-2352576,0.0625
675128,B2000-2352590,0.0625
675128,B1999-6340916,0.125
675128,B1994-6142774,0.0625
675128,B1994-6633774,0.0625
675128,B2009-3146071,0.25
675128,B2006-3134235,0.125
675128,B2007-3153111,0.125
675132,CHN2016-01-0296231,0.5
675132,CHN2011-01-469855,0.25
675132,CHN2008-01-968609,0.125
675132,B2003-5071602,0.1875
675132,B1997-5166412,0.09375
675132,B2001-5010172,0.09375
675132,B1998-2398266,0.15625
675132,B1994-5314930,0.078125
675132,B1991-5248546,0.03125
675132,B1991-5248516,0.03125
675132,B1995-2363122,0.078125
675132,B1990-2523263,0.03125
675132,B1987-3190166,0.03125
675132,CHN2007-01-480762,0.125
675132,CHN2011-01-469262,0.25
675132,CHN2009-01-803709,0.125
675132,CHN2009-01-222586,0.125
675132,CHN2006-01-020578,0.0625
675132,CHN2017-01-1363668,0.5
675132,NL2013-1239497,0.25
675132,NL2010-1682216,0.125
675132,NL2010-1682333,0.125
675132,NL2008-2049005,0.0625
675132,NL1998-5821450,0.03125
675132,NL2004-5430805,0.03125
675132,NL2004-2050343,0.0625
675132,CHN2015-01-1162061,0.25
675132,CHN2012-01-1002754,0.125
675132,B2008-5116085,0.0625
675132,CHN2013-01-850541,0.125
675132,CHN2011-01-469910,0.0625
675132,CHN2002-01-477844,0.03125
675132,CHN2010-01-968024,0.0625
675132,B2002-2315943,0.03125
675132,B2000-2376057,0.015625
675132,B1999-2017712,0.015625
675132,B2003-4133532,0.03125
675132,B1998-4197168,0.015625
675132,B1995-4440907,0.015625
675134,CHN2013-01-089986,0.5
675134,CHN2011-01-469855,0.25
675134,CHN2008-01-968609,0.125
675134,B2003-5071602,0.4375
675134,B1997-5166412,0.21875
675134,B2001-5010172,0.21875
675134,B1998-2398266,0.25
675134,B1994-5314930,0.125
675134,B1991-5248546,0.0625
675134,B1991-5248516,0.0625
675134,B1995-2363122,0.125
675134,B1990-2523263,0.0625
675134,B1987-3190166,0.0625
675134,CHN2007-01-480762,0.125
675134,CHN2011-01-469262,0.25
675134,CHN2009-01-803709,0.375
675134,CHN2009-01-222586,0.375
675134,CHN2006-01-020578,0.1875
675134,CHN2011-01-469261,0.5
675135,CHN2013-01-089986,0.5
675135,CHN2011-01-469855,0.25
675135,CHN2008-01-968609,0.125
675135,B2003-5071602,0.4375
675135,B1997-5166412,0.21875
675135,B2001-5010172,0.21875
675135,B1998-2398266,0.25
675135,B1994-5314930,0.125
675135,B1991-5248546,0.0625
675135,B1991-5248516,0.0625
675135,B1995-2363122,0.125
675135,B1990-2523263,0.0625
675135,B1987-3190166,0.0625
675135,CHN2007-01-480762,0.125
675135,CHN2011-01-469262,0.25
675135,CHN2009-01-803709,0.375
675135,CHN2009-01-222586,0.375
675135,CHN2006-01-020578,0.1875
675135,CHN2011-01-469261,0.5
675136,CHN2013-01-089986,0.5
675136,CHN2011-01-469855,0.25
675136,CHN2008-01-968609,0.125
675136,B2003-5071602,0.4375
675136,B1997-5166412,0.21875
675136,B2001-5010172,0.21875
675136,B1998-2398266,0.25
675136,B1994-5314930,0.125
675136,B1991-5248546,0.0625
675136,B1991-5248516,0.0625
675136,B1995-2363122,0.125
675136,B1990-2523263,0.0625
675136,B1987-3190166,0.0625
675136,CHN2007-01-480762,0.125
675136,CHN2011-01-469262,0.25
675136,CHN2009-01-803709,0.375
675136,CHN2009-01-222586,0.375
675136,CHN2006-01-020578,0.1875
675136,CHN2011-01-469261,0.5
675137,CHN2013-01-089986,0.5
675137,CHN2011-01-469855,0.25
675137,CHN2008-01-968609,0.125
675137,B2003-5071602,0.4375
675137,B1997-5166412,0.21875
675137,B2001-5010172,0.21875
675137,B1998-2398266,0.25
675137,B1994-5314930,0.125
675137,B1991-5248546,0.0625
675137,B1991-5248516,0.0625
675137,B1995-2363122,0.125
675137,B1990-2523263,0.0625
675137,B1987-3190166,0.0625
675137,CHN2007-01-480762,0.125
675137,CHN2011-01-469262,0.25
675137,CHN2009-01-803709,0.375
675137,CHN2009-01-222586,0.375
675137,CHN2006-01-020578,0.1875
675137,CHN2011-01-469261,0.5
675138,CHN2016-01-0296263,0.5
675138,CHN2014-01-1282216,0.25
675138,CHN2012-01-1002671,0.25
675138,CHN2013-01-850541,0.5
675138,CHN2011-01-469910,0.25
675138,CHN2002-01-477844,0.125
675138,B1998-2398266,0.125
675138,B1994-5314930,0.0625
675138,B1991-5248546,0.03125
675138,B1991-5248516,0.03125
675138,B1995-2363122,0.0625
675138,B1990-2523263,0.03125
675138,B1987-3190166,0.03125
675138,CHN2010-01-968024,0.25
675138,B2002-2315943,0.125
675138,B2000-2376057,0.0625
675138,B1999-2017712,0.0625
675138,B2003-4133532,0.125
675138,B1998-4197168,0.0625
675138,B1996-4171703,0.03125
675138,B1989-4288521,0.03125
675138,B1995-4440907,0.0625
675138,B1990-4319953,0.03125
675138,B1988-4243575,0.03125
675140,CHN2016-01-0296263,0.5
675140,CHN2014-01-1282216,0.25
675140,CHN2012-01-1002671,0.25
675140,CHN2013-01-850541,0.5
675140,CHN2011-01-469910,0.25
675140,CHN2002-01-477844,0.125
675140,B1998-2398266,0.125
675140,B1994-5314930,0.0625
675140,B1991-5248546,0.03125
675140,B1991-5248516,0.03125
675140,B1995-2363122,0.0625
675140,B1990-2523263,0.03125
675140,B1987-3190166,0.03125
675140,CHN2010-01-968024,0.25
675140,B2002-2315943,0.125
675140,B2000-2376057,0.0625
675140,B1999-2017712,0.0625
675140,B2003-4133532,0.125
675140,B1998-4197168,0.0625
675140,B1996-4171703,0.03125
675140,B1989-4288521,0.03125
675140,B1995-4440907,0.0625
675140,B1990-4319953,0.03125
675140,B1988-4243575,0.03125
675142,CHN2016-01-0296263,0.5
675142,CHN2014-01-1282216,0.25
675142,CHN2012-01-1002671,0.25
675142,CHN2013-01-850541,0.5
675142,CHN2011-01-469910,0.25
675142,CHN2002-01-477844,0.125
675142,B1998-2398266,0.125
675142,B1994-5314930,0.0625
675142,B1991-5248546,0.03125
675142,B1991-5248516,0.03125
675142,B1995-2363122,0.0625
675142,B1990-2523263,0.03125
675142,B1987-3190166,0.03125
675142,CHN2010-01-968024,0.25
675142,B2002-2315943,0.125
675142,B2000-2376057,0.0625
675142,B1999-2017712,0.0625
675142,B2003-4133532,0.125
675142,B1998-4197168,0.0625
675142,B1996-4171703,0.03125
675142,B1989-4288521,0.03125
675142,B1995-4440907,0.0625
675142,B1990-4319953,0.03125
675142,B1988-4243575,0.03125
675144,CHN2009-01-803709,0.5
675144,B2003-5071602,0.25
675144,B1997-5166412,0.125
675144,B2001-5010172,0.125
675144,B1998-2398266,0.375
675144,B1994-5314930,0.1875
675144,B1991-5248546,0.09375
675144,B1991-5248516,0.09375
675144,B1995-2363122,0.1875
675144,B1990-2523263,0.09375
675144,B1987-3190166,0.09375
675144,CHN2013-01-850541,0.5
675144,CHN2011-01-469910,0.25
675144,CHN2002-01-477844,0.125
675144,CHN2010-01-968024,0.25
675144,B2002-2315943,0.125
675144,B2000-2376057,0.0625
675144,B1999-2017712,0.0625
675144,B2003-4133532,0.125
675144,B1998-4197168,0.0625
675144,B1996-4171703,0.03125
675144,B1989-4288521,0.03125
675144,B1995-4440907,0.0625
675144,B1990-4319953,0.03125
675144,B1988-4243575,0.03125
675145,CHN2009-01-803709,0.5
675145,B2003-5071602,0.25
675145,B1997-5166412,0.125
675145,B2001-5010172,0.125
675145,B1998-2398266,0.375
675145,B1994-5314930,0.1875
675145,B1991-5248546,0.09375
675145,B1991-5248516,0.09375
675145,B1995-2363122,0.1875
675145,B1990-2523263,0.09375
675145,B1987-3190166,0.09375
675145,CHN2013-01-850541,0.5
675145,CHN2011-01-469910,0.25
675145,CHN2002-01-477844,0.125
675145,CHN2010-01-968024,0.25
675145,B2002-2315943,0.125
675145,B2000-2376057,0.0625
675145,B1999-2017712,0.0625
675145,B2003-4133532,0.125
675145,B1998-4197168,0.0625
675145,B1996-4171703,0.03125
675145,B1989-4288521,0.03125
675145,B1995-4440907,0.0625
675145,B1990-4319953,0.03125
675145,B1988-4243575,0.03125
675149,CHN2011-01-469855,0.5
675149,CHN2008-01-968609,0.25
675149,B2003-5071602,0.375
675149,B1997-5166412,0.1875
675149,B2001-5010172,0.1875
675149,B1998-2398266,0.25
675149,B1994-5314930,0.125
675149,B1991-5248546,0.0625
675149,B1991-5248516,0.0625
675149,B1995-2363122,0.125
675149,B1990-2523263,0.0625
675149,B1987-3190166,0.0625
675149,CHN2007-01-480762,0.25
675149,CHN2011-01-469262,0.5
675149,CHN2009-01-803709,0.25
675149,CHN2009-01-222586,0.25
675149,CHN2006-01-020578,0.125
675150,CHN2011-01-469855,0.5
675150,CHN2008-01-968609,0.25
675150,B2003-5071602,0.125
675150,B1997-5166412,0.0625
675150,B2001-5010172,0.0625
675150,B1998-2398266,0.25
675150,B1994-5314930,0.125
675150,B1991-5248546,0.0625
675150,B1991-5248516,0.0625
675150,B1995-2363122,0.125
675150,B1990-2523263,0.0625
675150,B1987-3190166,0.0625
675150,CHN2007-01-480762,0.25
675150,CHN2011-01-575699,0.5
675150,CHN2009-01-981112,0.25
675150,CHN2005-01-502380,0.125
675150,B2007-5067344,0.125
675150,B2000-4065880,0.0625
675150,B1998-4184729,0.03125
675150,B1998-3024841,0.03125
675150,B2001-6182211,0.0625
675150,B1998-5296409,0.03125
675150,B1997-6523459,0.03125
675150,CHN2008-01-968616,0.25
675150,B2001-2335676,0.125
675152,CHN2014-01-1282219,0.5
675152,B2005-6336371,0.25
675152,B2002-2265327,0.125
675152,B2000-2352576,0.0625
675152,B2000-2352590,0.0625
675152,B1999-6340916,0.125
675152,B1994-6142774,0.0625
675152,B1994-6633774,0.0625
675152,B2007-5067344,0.25
675152,B2000-4065880,0.125
675152,B1998-4184729,0.0625
675152,B1998-3024841,0.0625
675152,B2001-6182211,0.125
675152,B1998-5296409,0.0625
675152,B1997-6523459,0.0625
675152,CHN2011-01-469262,0.5
675152,CHN2009-01-803709,0.25
675152,B2003-5071602,0.25
675152,B1997-5166412,0.125
675152,B2001-5010172,0.125
675152,B1998-2398266,0.125
675152,B1994-5314930,0.0625
675152,B1991-5248546,0.03125
675152,B1991-5248516,0.03125
675152,B1995-2363122,0.0625
675152,B1990-2523263,0.03125
675152,B1987-3190166,0.03125
675152,CHN2009-01-222586,0.25
675152,CHN2006-01-020578,0.125
675153,CHN2014-01-1282219,0.5
675153,B2005-6336371,0.25
675153,B2002-2265327,0.125
675153,B2000-2352576,0.0625
675153,B2000-2352590,0.0625
675153,B1999-6340916,0.125
675153,B1994-6142774,0.0625
675153,B1994-6633774,0.0625
675153,B2007-5067344,0.25
675153,B2000-4065880,0.125
675153,B1998-4184729,0.0625
675153,B1998-3024841,0.0625
675153,B2001-6182211,0.125
675153,B1998-5296409,0.0625
675153,B1997-6523459,0.0625
675153,CHN2011-01-469262,0.5
675153,CHN2009-01-803709,0.25
675153,B2003-5071602,0.25
675153,B1997-5166412,0.125
675153,B2001-5010172,0.125
675153,B1998-2398266,0.125
675153,B1994-5314930,0.0625
675153,B1991-5248546,0.03125
675153,B1991-5248516,0.03125
675153,B1995-2363122,0.0625
675153,B1990-2523263,0.03125
675153,B1987-3190166,0.03125
675153,CHN2009-01-222586,0.25
675153,CHN2006-01-020578,0.125
675155,CHN2014-01-1282219,0.5
675155,B2005-6336371,0.25
675155,B2002-2265327,0.125
675155,B2000-2352576,0.0625
675155,B2000-2352590,0.0625
675155,B1999-6340916,0.125
675155,B1994-6142774,0.0625
675155,B1994-6633774,0.0625
675155,B2007-5067344,0.25
675155,B2000-4065880,0.125
675155,B1998-4184729,0.0625
675155,B1998-3024841,0.0625
675155,B2001-6182211,0.125
675155,B1998-5296409,0.0625
675155,B1997-6523459,0.0625
675155,CHN2011-01-469262,0.5
675155,CHN2009-01-803709,0.25
675155,B2003-5071602,0.25
675155,B1997-5166412,0.125
675155,B2001-5010172,0.125
675155,B1998-2398266,0.125
675155,B1994-5314930,0.0625
675155,B1991-5248546,0.03125
675155,B1991-5248516,0.03125
675155,B1995-2363122,0.0625
675155,B1990-2523263,0.03125
675155,B1987-3190166,0.03125
675155,CHN2009-01-222586,0.25
675155,CHN2006-01-020578,0.125
675158,CHN2017-01-2005656,0.5
675158,CHN2016-01-0296215,0.25
675158,NL2013-1239323,0.125
675158,NL2006-2162253,0.0625
675158,NL2003-1135462,0.03125
675158,NL2003-1135318,0.03125
675158,NL2003-1135475,0.0625
675158,NL2002-1635264,0.046875
675158,NL1995-1941948,0.03125
675158,NL2011-1740912,0.125
675158,NL2008-1537203,0.0625
675158,NL2007-1817852,0.03125
675158,NL2007-1817880,0.03125
675158,NL2009-1186313,0.0625
675158,NL2007-1817907,0.03125
675158,NL2004-2050252,0.015625
675158,NL2003-1103686,0.015625
675158,NL2008-1537236,0.03125
675158,NL2001-1886517,0.015625
675158,CHN2013-01-850541,0.25
675158,CHN2011-01-469910,0.125
675158,CHN2002-01-477844,0.0625
675158,B1998-2398266,0.0625
675158,B1994-5314930,0.03125
675158,B1991-5248546,0.015625
675158,B1991-5248516,0.015625
675158,B1995-2363122,0.03125
675158,B1990-2523263,0.015625
675158,B1987-3190166,0.015625
675158,CHN2010-01-968024,0.125
675158,B2002-2315943,0.0625
675158,B2000-2376057,0.03125
675158,B1999-2017712,0.03125
675158,B2003-4133532,0.0625
675158,B1998-4197168,0.03125
675158,B1996-4171703,0.015625
675158,B1989-4288521,0.015625
675158,B1995-4440907,0.03125
675158,B1990-4319953,0.015625
675158,B1988-4243575,0.015625
675158,CHN2017-01-0100658,0.5
675158,CHN2013-01-850580,0.25
675158,CHN2009-01-981105,0.125
675158,CHN2009-01-981119,0.125
675158,CHN2016-01-0296203,0.25
675158,NL2012-1619022,0.125
675158,NL2014-1059351,0.125
675159,CHN2017-01-2005656,0.5
675159,CHN2016-01-0296215,0.25
675159,NL2013-1239323,0.125
675159,NL2006-2162253,0.0625
675159,NL2003-1135462,0.03125
675159,NL2003-1135318,0.03125
675159,NL2003-1135475,0.0625
675159,NL2002-1635264,0.046875
675159,NL1995-1941948,0.03125
675159,NL2011-1740912,0.125
675159,NL2008-1537203,0.0625
675159,NL2007-1817852,0.03125
675159,NL2007-1817880,0.03125
675159,NL2009-1186313,0.0625
675159,NL2007-1817907,0.03125
675159,NL2004-2050252,0.015625
675159,NL2003-1103686,0.015625
675159,NL2008-1537236,0.03125
675159,NL2001-1886517,0.015625
675159,CHN2013-01-850541,0.25
675159,CHN2011-01-469910,0.125
675159,CHN2002-01-477844,0.0625
675159,B1998-2398266,0.0625
675159,B1994-5314930,0.03125
675159,B1991-5248546,0.015625
675159,B1991-5248516,0.015625
675159,B1995-2363122,0.03125
675159,B1990-2523263,0.015625
675159,B1987-3190166,0.015625
675159,CHN2010-01-968024,0.125
675159,B2002-2315943,0.0625
675159,B2000-2376057,0.03125
675159,B1999-2017712,0.03125
675159,B2003-4133532,0.0625
675159,B1998-4197168,0.03125
675159,B1996-4171703,0.015625
675159,B1989-4288521,0.015625
675159,B1995-4440907,0.03125
675159,B1990-4319953,0.015625
675159,B1988-4243575,0.015625
675159,CHN2017-01-0100658,0.5
675159,CHN2013-01-850580,0.25
675159,CHN2009-01-981105,0.125
675159,CHN2009-01-981119,0.125
675159,CHN2016-01-0296203,0.25
675159,NL2012-1619022,0.125
675159,NL2014-1059351,0.125
675162,CHN2008-01-968609,0.5
675162,B2003-5071602,0.25
675162,B1997-5166412,0.125
675162,B2001-5010172,0.125
675162,B1998-2398266,0.25
675162,B1994-5314930,0.125
675162,B1991-5248546,0.0625
675162,B1991-5248516,0.0625
675162,B1995-2363122,0.125
675162,B1990-2523263,0.0625
675162,B1987-3190166,0.0625
675162,NL2014-1059611,0.5
675162,NL2006-2162356,0.25
675162,NL2007-1818004,0.25
675262,B12-6323170,0.5
675262,B11-6226332,0.25
675262,B02-6354241,0.25
675262,B10-6143302,0.5
675262,B05-6118235,0.25
675262,B04-6202033,0.25
675263,CHN2017-01-1605736,0.5
675263,NL2012-1619088,0.25
675263,NL2016-1526313,0.25
675263,CHN2017-06-0505317,0.5
675263,NL2016-1526305,0.25
675263,NL2012-1619135,0.125
675263,NL2007-1817891,0.1875
675263,NL2016-1526253,0.25
675263,NL2014-1059637,0.125
675263,NL2011-1736818,0.125
675263,NL2006-1091312,0.0625
675267,B14-3090099,0.5
675267,B13-3031784,0.25
675267,B13-3031767,0.25
675267,B14-1073383,0.5
675267,B13-4176405,0.25
675267,B13-5108675,0.25
675304,B06-2120166,0.5
675304,B99-2379279,0.25
675304,B06-2120227,0.5
675304,B03-2151865,0.25
675304,B05-2181525,0.25
675305,B11-2041652,0.5
675306,NL07-1817993,0.5
675306,NL2006-4720774,0.25
675306,NL2000-5063949,0.125
675306,NL2004-5430805,0.125
675306,NL2000-1975952,0.25
675306,NL2003-1135475,0.5
675306,NL2002-1635264,0.25
675306,NL1995-1941948,0.25
675307,NL2006-2162253,0.5
675307,NL2003-1135462,0.25
675307,NL2003-1135318,0.25
675307,NL2005-1394772,0.5
675307,NL00-1975921,0.25
675307,NL01-1886777,0.25
675323,NL2010-1682105,0.5
675323,NL2006-4720774,0.25
675323,NL2000-5063949,0.125
675323,NL2004-5430805,0.125
675323,NL2003-1103686,0.25
675333,NL17-4703991,0.5
675333,NL10-1109814,0.25
675333,NL09-1754567,0.25
675333,NL2014-4750805,0.5
675333,NL10-5011998,0.25
675333,NL99-597341,0.125
675333,NL02-2373002,0.125
675333,B10-4323553,0.25
675494,B10-6056227,0.5
675494,B02-6509972,0.25
675494,B01-6035628,0.25
675494,B11-6048098,0.5
675494,B05-5223008,0.25
675596,NL08-3821975,0.5
675596,NL02-0230955,0.25
675596,NL03-1272747,0.25
675596,NL05-1413802,0.5
675596,NL04-2071525,0.25
675596,NL04-2062033,0.25
675612,CHN2014-184369,0.5
675773,B13-3031567,0.5
675785,BE10-3163953,0.5
675792,B02-3011303,0.5
675792,B99-3285099,0.5
675792,B91-3363821,0.25
675792,B88-3206112,0.25
675792,B87-3008002,0.125
675792,B81-3238253,0.125
675793,B10-4275511,0.5
675793,B05-4325774,0.5
675796,B08-4280368,0.5
675796,B11-4246099,0.5
675841,DV02098-06-200,0.5
675841,DV02098-98-745,0.25
675841,DV02098-95-12,0.375
675841,DV02098-08-520,0.5
675841,NL05-1937948,0.25
675841,DV02098-05-580,0.25
675841,DV02098-93-665,0.125
675937,B13-4035115,0.5
675938,B13-4035017,0.5
675938,B08-4280370,0.5
675938,B05-3202164,0.25
675938,B00-4282578,0.25
675939,B13-4035080,0.5
675939,B13-4035076,0.5
675940,B11-4246150,0.5
675940,B12-4175048,0.5
675941,B08-4280368,0.5
675941,B11-4246099,0.5
675944,B06-4281864,0.5
675944,B05-4126313,0.25
675944,B03-4384258,0.25
675944,B08-4280370,0.5
675944,B05-3202164,0.25
675944,B00-4282578,0.25
675981,B2010-6342498,0.5
675981,B08-6140000,0.25
675981,B08-6139992,0.25
675981,B2013-6151395,0.5
675982,BEL2011-6167109,0.5
675982,B09-6252500,0.25
675982,B10-6271294,0.25
675982,BEL2013-6313951,0.5
675982,B11-6167114,0.25
675982,B10-6224892,0.25
676349,B12-4052071,0.5
676349,B10-4014069,0.25
676349,B07-5080297,0.25
676349,B10-4014064,0.5
676349,B09-5061838,0.25
676349,B06-4370914,0.25
676366,DV02098-08-99,0.5
676366,DV02098-07-333,0.25
676366,DV02098-98-568,0.125
676366,DV02098-95-12,0.375
676368,DV02098-08-99,0.5
676368,DV02098-07-333,0.25
676368,DV02098-98-568,0.125
676368,DV02098-95-12,0.375
676378,NL16-1114482,0.5
676378,NL08-2102342,0.25
676378,NL05-1989877,0.25
676378,B11-3172659,0.5
676378,B09-210165,0.25
676378,B06-3008003,0.25
676378,B00-3195099,0.125
676378,B95-3185530,0.0625
676378,B93-3051184,0.0625
676378,B98-3158062,0.125
676408,NL10-1864788,0.5
676408,NL09-1375305,0.25
676408,NL07-2007622,0.25
676408,BE11-4161717,0.5
676409,NL10-1864788,0.5
676409,NL09-1375305,0.25
676409,NL07-2007622,0.25
676409,BE11-4161717,0.5
676414,BE11-4161717,0.5
676415,BE11-4161717,0.5
676416,NL09-3944172,0.5
676416,BELG11-4161717,0.5
676418,BE11-4161717,0.5
676419,NL09-3944172,0.5
676419,BE11-4161717,0.5
676477,DV06667-07-729,0.5
676477,DV08805-00-665,0.25
676477,DV08805-01-652,0.25
676477,DV01013-09-297,0.5
676503,B2008-6128650,0.5
676503,B2000-6003259,0.25
676503,B99-2160328,0.25
676503,B2008-6128013,0.5
676503,B2003-6054690,0.25
676503,B2001-6025830,0.25
676583,CHN2013-211178,0.5
676583,NL11-1407780,0.5
676583,NL07-5705110,0.25
676583,NL08-1174850,0.25
676638,CHN2016-0227664,0.5
676638,CHN2015-0120792,0.5
676685,B11-4311217,0.5
676685,CHN2016-0337907,0.5
676691,B11-4311217,0.5
676691,CHN2014-184369,0.5
676693,CHN2016-0337998,0.5
676693,CHN2016-0212270,0.5
676703,B11-4311217,0.5
676703,CHN2016-0337907,0.5
676704,B11-4311217,0.5
676704,CHN2016-0337907,0.5
676857,BE11-3011390,0.5
676857,BE07-3077308,0.25
676857,BE14-2230911,0.5
676857,BE13-6143659,0.25
676857,BE13-4176517,0.25
676861,BE11-3011390,0.5
676861,BE07-3077308,0.25
676861,BE14-2230911,0.5
676861,BE13-6143659,0.25
676861,BE13-4176517,0.25
676865,BE11-3011390,0.5
676865,BE07-3077308,0.25
676865,BE14-2230911,0.5
676865,BE13-6143659,0.25
676865,BE13-4176517,0.25
676868,BE11-3011390,0.5
676868,BE07-3077308,0.25
676868,BE14-2230911,0.5
676868,BE13-6143659,0.25
676868,BE13-4176517,0.25
677037,BELG12-6140414,0.5
677037,NL13-1219580,0.5
677037,NL10-1667315,0.25
677037,BE11-4161717,0.25
677240,CHN2013-15-211178,0.5
677510,B08-6224270,0.5
677510,B05-6073276,0.25
677512,B11-6240375,0.5
677512,B01-6380378,0.25
677512,B03-6086005,0.25
677512,B02-6183649,0.125
677512,B95-6246005,0.125
677512,B90-6652120,0.0625
677512,B93-6621023,0.0625
677512,DV04287-05-362,0.5
677512,DV04287-03-40,0.25
677512,DV0825-97-178,0.25
677513,CHN2016-0337975,0.5
677513,NL2011-5000642,0.5
677517,CHN2017-0349111,0.5
677517,CHN2015-0130737,0.5
677539,BE02-3255937,0.5
677539,BELG1998-3158062,0.25
677543,NL2007-1817907,0.5
677543,NL2004-2050252,0.25
677543,NL2003-1103686,0.25
677543,NL2006-2162254,0.5
677543,NL2003-1135462,0.25
677543,NL2003-1135318,0.25
677553,BE10-4128077,0.5
677553,BE09-6128352,0.25
677553,BE08-4359197,0.25
677553,BE08-4216084,0.5
677553,BE07-4372474,0.25
677553,BE02-3228815,0.125
677553,BE01-4237509,0.125
677553,BE07-4216994,0.25
677553,BE02-4428040,0.125
677553,BE01-4237419,0.125
677562,B15-2039994,0.5
677562,B14-6072358,0.25
677577,CHN2010-01-968036,0.5
677577,B2003-3186429,0.25
677577,B2000-3128435,0.125
677577,B1994-3238558,0.0625
677577,B1989-3315380,0.0625
677577,B1993-3183025,0.125
677577,B1992-3082421,0.0625
677577,B1987-3052819,0.0625
677577,B1998-2398266,0.25
677577,B1994-5314930,0.125
677577,B1991-5248546,0.0625
677577,B1991-5248516,0.0625
677577,B1995-2363122,0.125
677577,B1990-2523263,0.0625
677577,B1987-3190166,0.0625
677577,B2010-2135174,0.5
677577,B2009-2119421,0.25
677577,B2003-2001983,0.25
677587,B2001-6234954,0.5
677587,B1998-6484219,0.25
677587,B1990-6088614,0.25
677587,B1996-6335231,0.5
677587,B1991-6445551,0.25
677587,B1990-6531177,0.125
677587,B1989-6366084,0.125
677587,B1994-6086120,0.25
677587,B1992-6542371,0.125
677587,B1992-6542479,0.125
677751,CHN2014-15-184369,0.5
677849,BELG03-6425151,0.5
677849,BELG00-6141426,0.5
677992,B12-3050136,0.5
677992,B06-3004384,0.25
677992,B02-3056382,0.125
677992,B96-3308008,0.125
677992,NL08-1548954,0.25
677992,B11-3008433,0.5
677992,B10-2007035,0.25
677992,B09-5183351,0.125
677992,B07-5100921,0.125
677993,B12-3050136,0.5
677993,B06-3004384,0.25
677993,B02-3056382,0.125
677993,B96-3308008,0.125
677993,NL08-1548954,0.25
677993,B11-3008433,0.5
677993,B10-2007035,0.25
677993,B09-5183351,0.125
677993,B07-5100921,0.125
677996,B13-3031570,0.5
677996,B08-3172960,0.25
677996,B05-3188726,0.125
677996,B97-3294183,0.0625
677996,B98-3146806,0.0625
677996,B11-3008433,0.5
677996,B10-2007035,0.25
677996,B09-5183351,0.125
677996,B07-5100921,0.125
677997,B12-3050136,0.5
677997,B06-3004384,0.25
677997,B02-3056382,0.125
677997,B96-3308008,0.125
677997,NL08-1548954,0.25
677997,B11-3008433,0.5
677997,B10-2007035,0.25
677997,B09-5183351,0.125
677997,B07-5100921,0.125
677999,B12-3050136,0.5
677999,B06-3004384,0.25
677999,B02-3056382,0.125
677999,B96-3308008,0.125
677999,NL08-1548954,0.25
677999,B11-3008433,0.5
677999,B10-2007035,0.25
677999,B09-5183351,0.125
677999,B07-5100921,0.125
678000,B12-3050136,0.5
678000,B06-3004384,0.25
678000,B02-3056382,0.125
678000,B96-3308008,0.125
678000,NL08-1548954,0.25
678000,B11-3008433,0.5
678000,B10-2007035,0.25
678000,B09-5183351,0.125
678000,B07-5100921,0.125
678001,B12-3050136,0.5
678001,B06-3004384,0.25
678001,B02-3056382,0.125
678001,B96-3308008,0.125
678001,NL08-1548954,0.25
678001,B11-3008433,0.5
678001,B10-2007035,0.25
678001,B09-5183351,0.125
678001,B07-5100921,0.125
678089,B12-3050136,0.5
678089,B06-3004384,0.25
678089,B02-3056382,0.125
678089,B96-3308008,0.125
678089,NL08-1548954,0.25
678089,B11-3008433,0.5
678089,B10-2007035,0.25
678089,B09-5183351,0.125
678089,B07-5100921,0.125
678113,B13-3031570,0.5
678113,B08-3172960,0.25
678113,B05-3188726,0.125
678113,B97-3294183,0.0625
678113,B98-3146806,0.0625
678113,B11-3008433,0.5
678113,B10-2007035,0.25
678113,B09-5183351,0.125
678113,B07-5100921,0.125
678114,B08-3172879,0.5
678114,B07-3182015,0.25
678114,B07-3182014,0.25
678117,B12-3050136,0.5
678117,B06-3004384,0.25
678117,B02-3056382,0.125
678117,B96-3308008,0.125
678117,NL08-1548954,0.25
678117,B11-3008433,0.5
678117,B10-2007035,0.25
678117,B09-5183351,0.125
678117,B07-5100921,0.125
678205,BELG2009-6356672,0.5
678205,BELG2007-6399401,0.25
678211,NL08-2048855,0.5
678211,NL01-1135413,0.25
678211,NL03-5340560,0.5
678211,NL02-5255404,0.25
678211,NL01-1048321,0.25
678244,B11-3008025,0.5
678244,B10-3163911,0.25
678245,B11-3008025,0.5
678245,B10-3163911,0.25
678254,B11-3008025,0.5
678254,B10-3163911,0.25
678255,B11-3008025,0.5
678255,B10-3163911,0.25
678257,B11-3008025,0.5
678257,B10-3163911,0.25
678454,B12-3162779,0.5
678454,B08-3172821,0.25
678455,B13-3031663,0.5
678455,B05-3188782,0.25
678455,B02-3027973,0.75
678455,B95-3062847,0.375
678455,B00-3124769,0.375
678456,B11-3008127,0.5
678456,B04-3178402,0.25
678456,B09-3128131,0.25
678456,B12-3162870,0.5
678456,B02-3255938,0.25
678456,B07-3008347,0.25
678457,B11-3008434,0.5
678457,B10-2007035,0.25
678457,B09-5183351,0.125
678457,B07-5100921,0.125
678457,B13-3031563,0.5
678457,B11-3008127,0.25
678457,B04-3178402,0.125
678457,B09-3128131,0.125
678457,B12-3162870,0.25
678457,B02-3255938,0.125
678457,B07-3008347,0.125
678493,B13-2022474,0.5
678493,B12-5030350,0.25
678493,B08-5061019,0.25
678493,B05-5148477,0.5
678493,B03-5071209,0.25
678493,B01-6182211,0.25
678493,B98-5296409,0.125
678493,B97-6523459,0.125
678544,NL11-1782104,0.5
678544,NL11-1407780,0.5
678544,NL07-5705110,0.25
678544,NL08-1174850,0.25
678619,B11-4311217,0.5
678619,NL11-5000642,0.5
678619,NL10-5000133,0.25
678619,NL10-5000123,0.25
678621,CHN09-15-235209,0.5
678621,NL11-1407780,0.5
678621,NL07-5705110,0.25
678621,NL08-1174850,0.25
678692,B13-3031803,0.5
678692,B08-3172954,0.25
678692,B11-3055262,0.25
678692,B11-3008153,0.5
678692,B09-3127490,0.25
678692,B09-3128071,0.25
678694,B11-3008153,0.5
678694,B09-3127490,0.25
678694,B09-3128071,0.25
678695,B13-3031803,0.5
678695,B08-3172954,0.25
678695,B11-3055262,0.25
678695,B11-3172003,0.5
678696,B12-3050176,0.5
678696,B11-3083255,0.25
678696,B11-3008413,0.25
678696,B09-3128068,0.125
678696,B15-3152028,0.5
678696,B13-3031803,0.25
678696,B08-3172954,0.125
678696,B11-3055262,0.125
678696,B11-3008153,0.25
678696,B09-3127490,0.125
678696,B09-3128071,0.125
678697,B13-3031570,0.5
678697,B08-3172960,0.25
678697,B05-3188726,0.125
678697,B97-3294183,0.0625
678697,B98-3146806,0.0625
678698,B13-3031570,0.5
678698,B08-3172960,0.25
678698,B05-3188726,0.125
678698,B97-3294183,0.0625
678698,B98-3146806,0.0625
678699,B13-3031570,0.5
678699,B08-3172960,0.25
678699,B05-3188726,0.125
678699,B97-3294183,0.0625
678699,B98-3146806,0.0625
678700,B13-3031570,0.5
678700,B08-3172960,0.25
678700,B05-3188726,0.125
678700,B97-3294183,0.0625
678700,B98-3146806,0.0625
678703,B13-3031552,0.5
678703,B09-3128085,0.25
678703,B06-3005670,0.125
678799,B13-3031928,0.5
678799,B06-3004381,0.25
678799,B02-3056382,0.125
678799,B96-3308008,0.125
678800,C16-01-1604395,0.5
678800,B11-3008025,0.25
678800,B10-3163911,0.125
678871,B12-3169047,0.5
678871,B10-3163974,0.25
678871,B08-1548996,0.125
678871,B05-3192692,0.125
678871,B11-3008418,0.25
678871,B08-3172998,0.125
678871,B13-3031741,0.5
678872,B12-3169047,0.5
678872,B10-3163974,0.25
678872,B08-1548996,0.125
678872,B05-3192692,0.125
678872,B11-3008418,0.25
678872,B08-3172998,0.125
678872,B13-3031741,0.5
678873,B12-3050355,0.5
678873,B06-3005670,0.25
678873,B05-3188897,0.5
678873,B02-3249938,0.25
678873,B02-3027973,0.25
678873,B95-3062847,0.125
678873,B00-3124769,0.125
678873,B13-3031703,0.5
678873,B11-3008386,0.25
678873,B09-3187640,0.125
678873,B8-3172987,0.125
678875,B06-3005670,0.5
678964,B13-3031567,0.5
678964,C15-01-1185911,0.5
678964,B12-3169047,0.25
678964,B10-3163974,0.125
678964,B08-1548996,0.0625
678964,B05-3192692,0.0625
678964,B11-3008418,0.125
678964,B08-3172998,0.0625
678964,B13-3031741,0.25
678966,C16-01-1583855,0.5
678966,B11-3008434,0.25
678966,B10-2007035,0.125
678966,B09-5183351,0.0625
678966,B07-5100921,0.0625
678966,B13-3031563,0.25
678966,B11-3008127,0.125
678966,B04-3178402,0.0625
678966,B09-3128131,0.0625
678966,B12-3162870,0.125
678966,B02-3255938,0.0625
678966,B07-3008347,0.0625
678966,C15-01-0013297,0.5
678966,B08-3172901,0.25
678966,B07-3182016,0.125
678966,B05-5201215,0.0625
678966,B07-3182013,0.125
678966,B00-3124016,0.0625
678966,B97-3221726,0.0625
678967,C16-01-1583855,0.5
678967,B11-3008434,0.25
678967,B10-2007035,0.125
678967,B09-5183351,0.0625
678967,B07-5100921,0.0625
678967,B13-3031563,0.25
678967,B11-3008127,0.125
678967,B04-3178402,0.0625
678967,B09-3128131,0.0625
678967,B12-3162870,0.125
678967,B02-3255938,0.0625
678967,B07-3008347,0.0625
678967,C15-01-0013297,0.5
678967,B08-3172901,0.25
678967,B07-3182016,0.125
678967,B05-5201215,0.0625
678967,B07-3182013,0.125
678967,B00-3124016,0.0625
678967,B97-3221726,0.0625
679066,C17-01-1602998,0.5
679066,B13-3031567,0.25
679066,C15-01-1185911,0.25
679066,B12-3169047,0.125
679066,B10-3163974,0.0625
679066,B08-1548996,0.03125
679066,B05-3192692,0.03125
679066,B11-3008418,0.0625
679066,B08-3172998,0.03125
679066,B13-3031741,0.125
679066,B13-3031703,0.5
679066,B11-3008386,0.25
679066,B09-3187640,0.125
679066,B8-3172987,0.125
679066,B05-3188897,0.25
679066,B02-3249938,0.125
679066,B02-3027973,0.125
679066,B95-3062847,0.0625
679066,B00-3124769,0.0625
679067,C17-01-1602998,0.5
679067,B13-3031567,0.25
679067,C15-01-1185911,0.25
679067,B12-3169047,0.125
679067,B10-3163974,0.0625
679067,B08-1548996,0.03125
679067,B05-3192692,0.03125
679067,B11-3008418,0.0625
679067,B08-3172998,0.03125
679067,B13-3031741,0.125
679067,B13-3031703,0.5
679067,B11-3008386,0.25
679067,B09-3187640,0.125
679067,B8-3172987,0.125
679067,B05-3188897,0.25
679067,B02-3249938,0.125
679067,B02-3027973,0.125
679067,B95-3062847,0.0625
679067,B00-3124769,0.0625
679069,B13-3031564,0.5
679069,B11-3008127,0.25
679069,B04-3178402,0.125
679069,B09-3128131,0.125
679069,B12-3162870,0.25
679069,B02-3255938,0.125
679069,B07-3008347,0.125
679069,B13-3031703,0.5
679069,B11-3008386,0.25
679069,B09-3187640,0.125
679069,B8-3172987,0.125
679069,B05-3188897,0.25
679069,B02-3249938,0.125
679069,B02-3027973,0.125
679069,B95-3062847,0.0625
679069,B00-3124769,0.0625
679077,B13-3031567,0.5
679077,C15-01-1185911,0.5
679077,B12-3169047,0.25
679077,B10-3163974,0.125
679077,B08-1548996,0.0625
679077,B05-3192692,0.0625
679077,B11-3008418,0.125
679077,B08-3172998,0.0625
679077,B13-3031741,0.25
679106,C15-0013231,0.5
679106,B08-3172879,0.25
679106,B07-3182015,0.125
679106,B07-3182014,0.125
679106,C16-01-1583805,0.5
679106,C15-01-0013236,0.25
679106,B12-3050036,0.25
679106,B06-3005769,0.125
679106,B97-3294183,0.0625
679106,B98-3146806,0.0625
679106,B08-3172902,0.125
679106,B07-3182016,0.0625
679106,B05-5201215,0.03125
679106,B07-3182013,0.0625
679106,B00-3124016,0.03125
679106,B97-3221726,0.03125
679107,C16-01-1604221,0.5
679107,B13-3031567,0.25
679107,C15-01-1185911,0.25
679107,B12-3169047,0.125
679107,B10-3163974,0.0625
679107,B08-1548996,0.03125
679107,B05-3192692,0.03125
679107,B11-3008418,0.0625
679107,B08-3172998,0.03125
679107,B13-3031741,0.125
679107,C17-01-1602928,0.5
679107,C16-01-1604308,0.25
679108,B13-3031557,0.5
679108,B11-3008404,0.25
679108,B12-3162754,0.25
679108,B13-3031703,0.5
679108,B11-3008386,0.25
679108,B09-3187640,0.125
679108,B8-3172987,0.125
679108,B05-3188897,0.25
679108,B02-3249938,0.125
679108,B02-3027973,0.125
679108,B95-3062847,0.0625
679108,B00-3124769,0.0625
679164,B11-3008025,0.5
679164,B10-3163911,0.25
679165,B13-3031552,0.5
679165,B09-3128085,0.25
679165,B06-3005670,0.125
679167,C16-01-1604396,0.5
679167,B11-3008025,0.25
679167,B10-3163911,0.125
679167,C16-01-1604208,0.5
679167,B13-3031552,0.25
679167,B09-3128085,0.125
679167,B06-3005670,0.0625
679169,C16-01-1604319,0.5
679169,B11-3008025,0.25
679169,B10-3163911,0.125
679169,C16-01-1604308,0.5
679285,BELG2012-6196524,0.5
679285,BELG2008-6174856,0.25
679285,BELG2009-6249762,0.25
679285,BELG2012-6196851,0.5
679285,BELG2009-6248215,0.25
679306,BELG2012-3084076,0.5
679306,BELG2006-3008003,0.25
679306,BELG2008-4036215,0.5
679306,BELG2004-3238926,0.25
679306,BELG1998-4383998,0.25
679310,B05-2142800,0.5
679310,B98-6084339,0.25
679310,B93-6057704,0.125
679310,B94-6081753,0.125
679310,B92-2198165,0.25
679310,B91-6437358,0.125
679310,B83-2350199,0.125
679310,B07-2055171,0.5
679310,B99-2036005,0.25
679310,B98-2061410,0.25
679310,B97-2076498,0.125
679310,NL96-2477441,0.125
679320,B11-6266649,0.5
679320,B08-6316403,0.5
679320,B06-6135329,0.25
679320,B01-6522916,0.25
679396,B01-1439889,0.5
679396,B88-2563607,0.25
679396,B93-1979344,0.25
679521,BE04-3099057,0.5
679521,BE00-3146013,0.25
679521,BE99-3020065,0.25
679521,BE08-3191776,0.5
679521,B07-3031041,0.25
679521,BE03-3131084,0.25
679542,DV03-02065-445,0.5
679542,BE02-2214259,0.25
679542,BE02-2214263,0.25
679542,DV04-02065-49,0.5
679542,BE01-2137037,0.25
679542,BE02-2214260,0.25
679551,BE2015-6221125,0.5
679551,BE2009-6086574,0.25
679551,BE2008-6192194,0.25
679551,BE2014-6103589,0.5
679551,BE2013-6035361,0.25
679551,BE2007-6389026,0.25
679564,B06-2082050,0.5
679564,B92-2198165,0.25
679564,B91-6437358,0.125
679564,B83-2350199,0.25
679564,B01-2137150,0.5
679564,B87-4021090,0.375
679564,B90-2553359,0.25
679566,B08-2040296,0.5
679566,B04-5174902,0.25
679783,B03-3053580,0.5
679783,B11-3170534,0.25
679783,DV15-4030-0472,0.5
679783,B11-3170533,0.25
679783,B11-3070193,0.25
679961,B14-3067141,0.5
679961,B04-3069721,0.25
679961,B98-3158062,0.125
679961,B05-3006583,0.25
679961,B94-3237367,0.125
680017,B11-3008434,0.5
680017,B10-2007035,0.25
680017,B09-5183351,0.125
680017,B07-5100921,0.125
680017,B13-3031563,0.5
680017,B11-3008127,0.25
680017,B04-3178402,0.125
680017,B09-3128131,0.125
680017,B12-3162870,0.25
680017,B02-3255938,0.125
680017,B07-3008347,0.125
680124,B06-6148039,0.5
680124,B03-6192606,0.25
680124,B03-6032896,0.25
680124,B06-6148179,0.5
680124,B03-6192822,0.25
680124,B04-6073655,0.25
680126,NL12-1619176,0.5
680126,NL10-1682188,0.25
680126,NL04-2050373,0.25
680126,NL04-2050343,0.5
680126,NL00-1976014,0.25
680126,NL2000-1975952,0.25
680752,B06-6405249,0.5
680752,B00-6440232,0.25
680752,B97-6210632,0.125
680752,B95-6303932,0.125
680752,B01-6455003,0.25
680752,B95-6302321,0.125
680752,B98-6160968,0.125
680900,B05-6116293,0.5
680900,B03-6277483,0.5
680900,B00-61759805,0.25
680900,B00-6175870,0.25
680942,CHN06-03-000737,0.5
680942,B97-5204459,0.5
680942,B98-5201624,0.25
680942,CHN05-03-000286,0.5
680942,B96-5090228,0.25
680967,DV02878-2009-428,0.5
680967,DV06417-05-441,0.25
680967,DV02878-08-296,0.25
680967,DV02878-2010-6,0.5
680967,DV04159-2005-622,0.25
680968,DV02878-2009-428,0.5
680968,DV06417-05-441,0.25
680968,DV02878-08-296,0.25
680968,DV02878-2010-6,0.5
680968,DV04159-2005-622,0.25
681189,B12-6327926,0.5
681189,B11-6333522,0.25
681189,B11-6094058,0.25
681189,NL07-1273918,0.5
681189,B03-6192606,0.25
681189,B03-6032896,0.25
681193,B14-6308739,0.5
681193,B13-6075894,0.25
681193,B13-6310313,0.25
681193,B11-6091894,0.5
681193,B06-6410620,0.25
681193,B02-6113220,0.25
681193,B00-6440232,0.125
681193,B97-6210632,0.0625
681193,B95-6303932,0.0625
681193,B00-6141444,0.125
681557,BE08-6350661,0.5
681557,BE04-6467302,0.25
681557,BE00-6548780,0.25
681557,BE08-6350778,0.5
681557,BE91-6298409,0.25
681557,BE00-6452296,0.25
681584,BE05-3006772,0.5
681584,BE06-3061226,0.5
681588,BE05-3006772,0.5
681588,BE06-3061226,0.5
681589,BE05-3006772,0.5
681589,BE06-3061226,0.5
681595,B04-6467302,0.5
681595,B97-6270490,0.25
681595,B93-6681396,0.25
681595,B00-6548780,0.5
681595,B93-6491172,0.25
681595,B91-6685040,0.25
681596,B04-6467302,0.5
681596,B97-6270490,0.25
681596,B93-6681396,0.25
681596,B09-6301870,0.5
681596,B02-6290709,0.25
681596,B00-6548780,0.25
681596,B93-6491172,0.125
681596,B91-6685040,0.125
681597,BE04-6369313,0.5
681597,BE02-6499857,0.25
681597,BE95-6316522,0.25
681597,BE05-6445722,0.5
681597,BE97-6270414,0.25
681597,BE95-6647246,0.25
681598,BE04-6369313,0.5
681598,BE02-6499857,0.25
681598,BE95-6316522,0.25
681598,BE05-6445722,0.5
681598,BE97-6270414,0.25
681598,BE95-6647246,0.25
681604,SGP14-141900,0.5
681604,BE05-3006772,0.25
681604,BE06-3061226,0.25
681604,B14-6091763,0.5
681645,BE14-3115019,0.5
681645,BE05-3176578,0.25
681645,BE11-3173268,0.25
681645,BE12-3127477,0.5
681645,BE96-3156104,0.25
681645,BE05-3006631,0.25
681753,NL07-1463713,0.75
681753,CHN2011-20-008407,0.5
681753,NL05-2041440,0.25
682030,B04-6467302,0.5
682030,B97-6270490,0.25
682030,B93-6681396,0.25
682030,B09-6301870,0.5
682030,B02-6290709,0.25
682030,B00-6548780,0.25
682030,B93-6491172,0.125
682030,B91-6685040,0.125
682065,B12-6323170,0.5
682065,B11-6226332,0.25
682065,B02-6354241,0.25
682065,B11-6049912,0.5
682070,BE14-3157312,0.5
682070,BE09-4280727,0.375
682070,BE12-3088052,0.25
682070,BE06-3008003,0.375
682070,BE98-3158062,0.1875
682070,BE16-3084052,0.5
682070,BE00-3195099,0.25
682338,CHN2012-15-338944,0.5
682338,NL00-0066139,0.25
682339,CHN2012-15-338944,0.5
682339,NL00-0066139,0.25
682340,NL12-1926515,0.5
682340,NL00-1028901,0.25
682340,NL12-1926520,0.5
682340,NL10-2020139,0.25
682340,NL08-1903472,0.25
682343,NL11-1965598,0.5
682343,NL10-1920900,0.25
682343,NL10-1920886,0.25
682343,NL08-2134521,0.5
682343,NL04-1410888,0.25
682343,NL99-176501,0.25
682474,B13-2053471,0.5
682488,B05-9029082,0.5
682488,B02-9050056,0.25
682488,B98-9147006,0.25
682488,B02-9069978,0.5
682488,B98-3181155,0.25
682488,B95-3335693,0.25
682586,B02-6183080,0.5
682586,BE97-6407575,0.25
682586,BE95-6370004,0.125
682586,BE97-6450252,0.125
682586,BE98-6335690,0.25
682586,BE96-6404318,0.125
682586,BE92-6235626,0.125
682834,CHN07-03-598116,0.5
682834,B01-3210044,0.25
682834,B00-2408276,0.25
682834,B90-2371741,0.125
682834,B86-6260314,0.125
682840,B09-5013491,0.5
682840,B00-5062283,0.25
682840,B95-5317884,0.125
682840,B95-5310582,0.125
682840,B03-5152593,0.25
682840,B99-5153499,0.125
682840,B98-5296439,0.125
682840,CHN05-03-412017,0.5
682840,B00-2408452,0.25
682840,B92-5331586,0.125
682840,B86-6260314,0.25
682840,B00-2408276,0.25
682840,B90-2371741,0.125
682841,CHN07-03-598116,0.5
682841,B01-3210044,0.25
682841,B00-2408276,0.25
682841,B90-2371741,0.125
682841,B86-6260314,0.125
682869,CHN07-03-598161,0.5
682869,B00-2408452,0.25
682869,B92-5331586,0.125
682869,B86-6260314,0.375
682869,B00-2408276,0.5
682869,B90-2371741,0.25
682869,CHN07-03-598116,0.5
682869,B01-3210044,0.25
682994,BELG08-5027772,0.5
682994,BELG07-5035388,0.5
683067,BE12-2035857,0.5
683067,BE10-3179303,0.25
683067,BE10-2035010,0.25
683067,BE10-3029525,0.5
683090,NL09-3944172,0.5
683090,BELG11-4161717,0.5
683093,NL09-3944172,0.5
683093,BE11-4161717,0.5
683095,NL09-3944172,0.5
683095,BE11-4161717,0.5
683158,BE04-5006088,0.5
683159,SGP14-140403,0.5
683159,BE07-5035388,0.5
683162,SGP14-140004,0.5
683162,BELG07-5035388,0.5
683165,SGP14-140004,0.5
683165,BELG07-5035388,0.5
683166,BELG08-5027772,0.5
683166,BELG07-5035388,0.5
683178,SGP14-140403,0.5
683178,BELG07-075035388,0.5
683182,BELG11-6341531,0.5
683182,BELG07-5035388,0.5
6832,B00-6323426,0.5
6832,B98-6339887,0.5
683231,BE12-6023495,0.5
683231,BE09-6358795,0.25
683231,BE10-6031772,0.25
683231,BELG2003-6257240,0.125
683231,BE11-5056980,0.5
683231,BE09-5052386,0.25
683231,BE06-4112378,0.125
683231,B03-4146313,0.0625
683231,B00-4065892,0.0625
683231,BE99-5000704,0.125
683231,BE95-4628426,0.0625
683231,BE96-4603915,0.0625
683264,SGP13-130266,0.5
683264,BE07-5035389,0.5
683267,NL09-3944172,0.5
683267,BE07-5035389,0.5
683269,NL09-3944172,0.5
683269,BE07-5035389,0.5
683307,BELG2013-6143816,0.5
683307,BELG2012-6042459,0.25
683307,BELG2002-6354241,0.25
683307,BELG2003-6460062,0.5
683307,BELG2000-6301617,0.25
683307,BELG1994-6366891,0.25
683330,BELG08-6374779,0.5
683330,BELG07-5035389,0.5
683332,BELG08-6374779,0.5
683332,BELG07-5035389,0.5
683342,BE08-6177567,0.5
683342,BE05-6176134,0.25
683342,BE03-6357007,0.125
683342,BE01-63451012001,0.125
683342,BE03-6257134,0.25
683342,BE01-769000275,0.125
683342,BE01-6345099,0.125
683342,BE06-6034922,0.5
683342,BE96-6404318,0.375
683342,BE98-6335690,0.25
683342,BE92-6235626,0.125
683344,BE11-6219390,0.5
683344,BE01-6524809,0.25
683344,BE03-6483456,0.25
683344,BE08-6374015,0.5
683344,BE98-6589910,0.25
683344,BE05-6198745,0.25
683345,BE09-6369933,0.5
683345,BE06-6034736,0.25
683345,BE03-6257240,0.25
683345,BE03-6257134,0.5
683345,BE01-769000275,0.25
683345,BE01-6345099,0.25
683346,BE08-6177501,0.5
683346,BE07-6033110,0.25
683346,BE98-6335690,0.25
683346,BE96-6404318,0.125
683346,BE92-6235626,0.125
683346,BE03-6257134,0.5
683346,BE01-769000275,0.25
683346,BE01-6345099,0.25
683358,BELG08-6374779,0.5
683391,BELG07-5195092,0.5
683391,BELG07-5035389,0.5
683622,B08-3192649,0.5
683622,B01-3003333,0.25
683623,B07-3199953,0.5
683623,B04-3069721,0.25
683623,B98-3158062,0.375
683623,B05-4082656,0.25
683623,B06-3008003,0.5
683623,B00-3195099,0.25
683623,B95-3185530,0.125
683623,B93-3051184,0.125
683624,B08-6245034,0.5
683624,B02-6121605,0.25
683682,NL2002-0280390,0.5
683682,NL2002-2373888,0.5
683839,CHN10-03-056688,0.5
683839,CHN01-03-056910,0.25
683839,CHN07-03-317366,0.25
683839,B00-5150509,0.125
683839,B00-5052722,0.125
683839,CHN05-03-412017,0.5
683839,B00-2408452,0.25
683839,B92-5331586,0.125
683839,B86-6260314,0.25
683839,B00-2408276,0.25
683839,B90-2371741,0.125
684233,CHN14-13-060413,0.5
684233,BELG12-6314334,0.5
684294,CHN10-03-056688,0.5
684294,CHN01-03-056910,0.25
684294,CHN07-03-317366,0.25
684294,B00-5150509,0.125
684294,B00-5052722,0.125
684294,CHN05-03-412017,0.5
684294,B00-2408452,0.25
684294,B92-5331586,0.125
684294,B86-6260314,0.25
684294,B00-2408276,0.25
684294,B90-2371741,0.125
684295,CHN18-03-1320165,0.5
684295,CHN17-03-1118965,0.25
684295,B16-6075683,0.25
684295,CHN05-03-412017,0.5
684295,B00-2408452,0.25
684295,B92-5331586,0.125
684295,B86-6260314,0.25
684295,B00-2408276,0.25
684295,B90-2371741,0.125
684314,BE11-4292543,0.5
684314,BE08-5000573,0.5
684386,BE2012-3089680,0.5
684386,BE2015-3025159,0.5
684387,B10-6252631,0.5
684387,B08-6259267,0.25
684387,B03-6277418,0.25
684387,B02-6315014,0.125
684387,B98-6216290,0.125
684387,B15-6293477,0.5
684387,B11-6261690,0.25
684387,B13-6096329,0.25
70197,B03-3049849,0.5
70197,B97-3303087,0.25
70197,B94-3253127,0.25
70197,B01-4484396,0.5
70197,B99-4365030,0.25
70197,B99-4500907,0.25
70498,B04-6293165,0.5
70498,B02-6478464,0.25
70498,B95-6274320,0.25
70498,B04-6293217,0.5
70498,B97-6592486,0.25
70498,B95-6274342,0.25
71227,CHN98-10-539145,0.5
71227,B96-2363131,0.25
71227,NL91-1122331,0.5
71227,CHN98-10-538799,0.5
71227,B96-6086064,0.25
72087,B00-6156261,0.5
72087,B98-6210407,0.25
72087,B96-3121904,0.375
72087,B90-6277397,0.375
72087,B94-6214211,0.25
72087,B81-6463237,0.125
72087,B88-6318694,0.125
72087,B98-6210287,0.5
72100,B99-2036308,0.5
72100,B94-2061091,0.25
72100,B94-6059276,0.25
72100,B99-2036374,0.5
72100,B92-2198344,0.25
72100,B86-2118255,0.25
72136,B05-2143379,0.5
72136,B91-2306167,0.25
72136,B06-2082123,0.5
72136,B05-2142800,0.25
72136,B98-6084339,0.125
72136,B93-6057704,0.0625
72136,B94-6081753,0.0625
72136,B92-2198165,0.125
72136,B91-6437358,0.0625
72136,B83-2350199,0.0625
72136,B02-3256948,0.25
72406,B03-2234105,0.5
72406,B00-6156414,0.5
73259,B99-6448149,0.5
73259,B96-6351995,0.25
73259,B97-6145011,0.25
73259,B99-6448386,0.5
73259,B90-6244884,0.25
73259,B94-6522251,0.25
74760,B05-2142800,0.5
74760,B98-6084339,0.25
74760,B93-6057704,0.125
74760,B94-6081753,0.125
74760,B92-2198165,0.25
74760,B91-6437358,0.125
74760,B83-2350199,0.25
74760,B01-2137150,0.5
74760,B87-4021090,0.375
74760,B90-2553359,0.25
75174,B99-2277949,0.5
75174,B93-2053906,0.25
75174,B86-5227213,0.25
75174,B00-2408703,0.5
75174,B95-2479987,0.25
75177,CHN03-03-303796,0.5
75177,CHN03-03-333333,0.5
75178,B07-3161781,0.5
75178,B03-3131024,0.25
75179,B08-3079105,0.5
75179,B06-2082231,0.25
75200,NL03-1723225,0.5
75200,NL00-2263646,0.5
75200,NL96-9608804,0.25
75200,NL94-9402215,0.25
75211,BELG99-6181455,0.5
75749,B00-4065848,0.5
75938,NL11-1521612,0.5
75938,NL05-1243818,0.25
75938,NL08-1291712,0.25
75938,NL08-1291700,0.5
75938,NL06-1967847,0.25
75938,NL05-1234823,0.25
75939,NL11-1521612,0.5
75939,NL05-1243818,0.25
75939,NL08-1291712,0.25
75939,NL08-1291700,0.5
75939,NL06-1967847,0.25
75939,NL05-1234823,0.25
77016,BELG2004-2140565,0.5
77016,BELG2003-0325637,0.25
77016,BELG1998-9808991,0.25
77016,BELG2000-3076324,0.5
77016,BELG1993-3354340,0.25
77016,BELG1992-3233008,0.25
78062,B99-5268097,0.5
78062,B96-6938419,0.3125
78062,B96-6038485,0.3125
78062,B99-5268087,0.5
78062,B06-5010638,0.25
78062,B00-5244073,0.125
78062,B00-5143517,0.125
78062,B94-6108650,0.0625
78062,B96-6038445,0.0625
78225,NL07-3762836,0.5
78225,NL03-0377601,0.25
78225,NL02-0273770,0.25
78225,NL05-0567243,0.5
78225,NL98-7044309,0.25
78225,NL02-0273780,0.25
78452,NL2012-1618365,0.5
78452,NL2006-4720774,0.25
78452,NL2000-5063949,0.125
78452,NL2004-5430805,0.125
78452,NL2004-2050221,0.25
78452,NL2001-1886692,0.125
78452,NL1993-2696113,0.125
78452,NL2008-1537218,0.5
78452,NL2006-1327267,0.25
78452,NL2000-1975952,0.25
80272,NL2007-1817993,0.5
80272,NL2006-4720774,0.25
80272,NL2000-5063949,0.125
80272,NL2004-5430805,0.125
80272,NL2000-1975952,0.25
80272,NL2007-6229191,0.5
80543,NL2002-2173592,0.5
80543,NL2000-5063949,0.25
80543,NL1998-5821416,0.25
80543,NL1997-5700531,0.5
80543,NL1996-1434375,0.25
80543,NL1987-1055610,0.25
80545,CHN2015-03-0886640,0.5
80545,CHN2009-01-220179,0.25
80545,NL2002-1635214,0.125
80545,NL1998-1215892,0.0625
80545,NL2001-1886800,0.0625
80545,NL2003-5308529,0.125
80545,NL2002-5200927,0.0625
80545,NL2002-1012476,0.0625
80545,CHN2014-03-861911,0.5
80545,B2009-6358581,0.25
80545,BE02-6477821,0.125
80545,B2004-6293191,0.125
80545,B2006-6056147,0.25
80545,BE98-6589910,0.125
80545,BE98-6278036,0.125
80789,NL05-1239910,0.5
80789,NL04-1897022,0.25
80789,NL01-1695110,0.25
80789,NL06-5617007,0.5
80789,NL03-5332698,0.25
80789,NL05-2180912,0.25
80794,NL07-1653316,0.5
80794,NL04-1896031,0.25
80794,NL96-2091350,0.125
80794,NL01-1695110,0.125
80794,NL02-5229564,0.25
80794,NL95-5559347,0.125
80794,NL90-2256086,0.125
80794,NL05-1935679,0.5
80794,NL98-1924683,0.25
80794,NL99-1575803,0.25
80796,NL05-1239910,0.5
80796,NL04-1897022,0.25
80796,NL01-1695110,0.25
80796,NL02-5229564,0.5
80796,NL95-5559347,0.25
80796,NL90-2256086,0.25
80797,NL05-1246083,0.5
80797,NL04-1896031,0.25
80797,NL96-2091350,0.125
80797,NL01-1695110,0.125
80797,NL02-5229564,0.25
80797,NL95-5559347,0.125
80797,NL90-2256086,0.125
80797,NL99-5949561,0.5
80797,NL93-2437240,0.25
80797,NL93-5366432,0.25
80798,NL08-1101403,0.5
80798,NL07-1371677,0.25
80798,NL07-1371589,0.25
80798,NL05-5510059,0.5
80798,NL02-1472705,0.25
80798,NL99-5949561,0.25
80798,NL93-2437240,0.125
80798,NL93-5366432,0.125
80801,NL00-1934052,0.5
80801,NL97-1478619,0.25
80801,NL96-2232777,0.25
80801,NL04-1348814,0.5
80801,NL00-1212158,0.25
80801,NL01-1135621,0.25
80842,NL06-5626595,0.5
80842,NL02-4448955,0.25
80842,NL99-1703391,0.25
80842,NL08-5821884,0.5
80842,NL02-5252655,0.25
80842,NL02-4764720,0.25
82708,DV01769-04-1039,0.5
83005,DV01769-08-1173,0.5
83005,DV01769-99,0.25
83005,DV01769-04-1020,0.25
83188,NL2009-1186097,0.5
83188,NL2006-4720774,0.25
83188,NL2000-5063949,0.125
83188,NL2004-5430805,0.125
83188,NL2000-1975952,0.25
83188,NL2003-1135371,0.5
83188,NL1996-2279515,0.25
83188,NL2001-1886591,0.25
83196,NL2010-1681846,0.5
83196,NL2008-1537225,0.25
83196,NL2001-1886692,0.1875
83196,NL2002-1635193,0.125
83196,NL1993-2696113,0.0625
83196,NL2005-1441789,0.25
83196,NL1999-2411769,0.125
83196,NL1999-2411761,0.125
83196,B2014-6312969,0.5
83196,B2009-6248545,0.25
83196,B2010-6052092,0.25
83285,B02-6175791,0.5
83285,B97-6162118,0.375
83285,B99-6381018,0.25
83285,B94-6336112,0.125
83285,B04-6177653,0.5
83285,B98-6421220,0.25
83285,B99-2396264,0.25
83367,NL07-1430568,0.5
83367,NL09-1186028,0.5
83469,BELG2005-3177035,0.5
83469,BELG1998-3240118,0.5
83977,B04-4431710,0.5
83977,B05-4333735,0.5
83978,BELG98-3158062,0.5
84017,NL2010-1681876,0.5
84017,NL2009-1186097,0.25
84017,NL2006-4720774,0.125
84017,NL2000-5063949,0.125
84017,NL2004-5430805,0.0625
84017,NL2000-1975952,0.125
84017,NL2003-1135371,0.25
84017,NL1996-2279515,0.125
84017,NL2001-1886591,0.125
84017,CHN2015-03-0887777,0.5
84017,NL2007-1129401,0.25
84017,NL2002-2173592,0.125
84017,NL1998-5821416,0.0625
84017,NL1997-5700531,0.125
84017,NL1996-1434375,0.0625
84017,NL1987-1055610,0.0625
84017,B2008-6340442,0.25
84076,B2008-2119214,0.5
84076,B1995-2259507,0.25
84076,B2000-2265863,0.25
84076,B2010-6252812,0.5
84076,B2005-6445580,0.25
84076,B2006-6212441,0.25
84168,B04-4277227,0.5
86046,CHN2007-03-528937,0.5
86046,B2002-6506934,0.25
86046,B2000-2152014,0.25
86046,CHN2007-03-528963,0.5
86046,CHN2006-03-102079,0.25
86046,CHN2005-01-356357,0.25
86410,B03-3198115,0.5
86410,B95-3328979,0.25
86410,B01-3261283,0.25
86410,B05-3179321,0.5
86410,B99-3173769,0.25
86410,B03-3244047,0.25
86417,B08-6369078,0.5
86417,B00-6540682,0.25
86417,B02-6183083,0.25
86417,B08-2189983,0.5
86417,B04-2139350,0.25
86417,B06-2213954,0.25
86422,B08-6369076,0.5
86422,B04-6307259,0.25
86422,B97-6407575,0.125
86422,B06-6210990,0.25
86422,B05-6337294,0.125
86422,B05-6337115,0.125
86422,B04-2133646,0.5
86422,B01-2287659,0.25
86422,B02-2161806,0.25
86648,B2006-6329251,0.5
86648,B2006-6173403,0.5
87546,DV00516-05-1309,0.5
87546,DV00645-03-1789,0.5
87555,NL79-342670,0.5
87555,NL76-1837108,0.5
87555,NL01-1822826,0.25
87793,NL79-342670,0.5
87793,NL76-1837108,0.5
87793,NL01-1822826,0.25
87835,B89-6611641,0.5
88038,B05-2046441,0.5
88038,B95-5084577,0.25
88038,B96-6515027,0.25
88038,B81-6688022,0.125
88038,B85-6580715,0.125
88197,NL79-342670,0.5
88197,NL76-1837108,0.5
88197,NL01-1822826,0.25
88230,B99-2017823,0.5
89003,CHN98-10-539145,0.5
89003,B96-2363131,0.25
89003,NL91-1122331,0.5
89003,CHN98-10-538799,0.5
89003,B96-6086064,0.25
90629,NL06-1572877,0.5
90629,DV0987-02-590,0.25
90629,B04-6177653,0.25
90629,B98-6421220,0.125
90629,B99-2396264,0.125
90629,NL04-1308310,0.5
90629,NL99-1497535,0.375
90629,NL01-5163045,0.25
90629,NL00-5065922,0.125
90635,B07-6399399,0.5
90635,B95-6302321,0.25
90635,B98-6160968,0.25
90653,B11-4244281,0.5
90653,B03-4146260,0.25
90653,B09-5110454,0.25
90653,B12-4186397,0.5
90653,B05-4045308,0.25
90653,B05-4045392,0.25
90673,NL16-1331169,0.5
90673,NL15-1704655,0.25
90673,NL11-1740147,0.125
90673,NL07-1844896,0.125
90673,NL15-1704640,0.25
90673,NL12-1615439,0.125
90673,NL11-1740150,0.125
90673,NL17-1276009,0.5
90673,NL12-1615476,0.25
90673,B11-6238597,0.125
90673,B11-6238543,0.125
90673,NL07-1844857,0.25
90673,NL03-1166012,0.125
90673,NL06-1096451,0.125
90676,B15-4130314,0.5
90676,B07-4093016,0.25
90676,B08-4095126,0.25
90676,B13-4050095,0.5
90676,B11-4081019,0.25
90676,B10-4101089,0.25
90681,NL13-1394341,0.5
90681,NL08-2020821,0.25
90681,NL05-1909293,0.125
90681,BE00-6367184,0.0625
90681,NL02-5255446,0.3125
90681,NL99-2585526,0.15625
90681,NL04-5435151,0.125
90681,NL00-1122178,0.0625
90681,NL99-1585505,0.0625
90681,NL13-1629742,0.5
90681,NL09-1375418,0.25
90681,NL11-1912599,0.25
91541,NL05-1936502,0.5
91541,NL99-5971341,0.25
91541,B96-6286060,0.125
91541,NL92-5310320,0.125
91541,NL02-4758434,0.25
93094,B07-6399399,0.5
93094,B95-6302321,0.25
93094,B98-6160968,0.25
95217,B95-6523333,0.5
95217,B89-6202093,0.25
95217,B88-6240603,0.25
97257,B00-5150509,0.5
97257,B00-5052722,0.5
97584,B06-5100704,0.5
97584,B05-5133419,0.25
97584,B02-5065236,0.125
97584,B03-5115390,0.125
97584,B85-5096007,0.0625
97584,B92-5040349,0.0625
97584,B00-5150646,0.25
97584,B95-5111449,0.125
97584,B97-5204417,0.125
97584,B04-5065550,0.5
97584,B97-5204420,0.25
97584,B91-5050158327,0.125
97584,B92-5040388,0.125
97584,B01-5025955,0.25
9848,B93-2434274,0.5
9848,B92-6074663,0.5
98592,B04-5081160,0.5
98592,B05-1048372,0.5
98592,B96-1089255,0.25
98592,B01-1009002,0.25
98611,B08-5116077,0.5
98611,B05-1048372,0.5
98611,B96-1089255,0.25
98611,B01-1009002,0.25
98631,B04-6231798,0.5
98631,B01-6153998,0.25
98631,B94-6495178,0.25
98631,B99-6151638,0.5
98631,B79-6631331,0.25
98631,B86-6616231,0.25
98633,B05-4045201,0.5
98633,B04-6231885,0.25
98633,B01-4283220,0.25
99884,NL05-1628435,0.5
99884,B05-4247376,0.5
99887,B00-4065880,0.5
99887,B05-1048372,0.5
99887,B96-1089255,0.25
99887,B01-1009002,0.25
99927,B99-5197345,0.5
99927,B99-5197303,0.5
99928,B00-5244073,0.5
99928,B96-6938419,0.25
99928,B96-6038485,0.25
99928,B00-5143517,0.5
99928,B94-6108650,0.25
99928,B96-6038445,0.25
