founder,code
AU00-45252,F0
AU02-220,F1
AU02-2586,F2
AU04-2911,F3
AU10-606,F4
AU2008-2897,F5
AU95-5448,F6
AU96-7210,F7
AU97-8427,F8
B00-0000006,F9
B00-2038018,F10
B00-2047531,F11
B00-2090217,F12
B00-2102302,F13
B00-2117109,F14
B00-2117204,F15
B00-2118791,F16
B00-2168778,F17
B00-2269906,F18
B00-2350660,F19
B00-2352683,F20
B00-2355442,F21
B00-2407581,F22
B00-2408294,F23
B00-2408355,F24
B00-3000606,F25
B00-3001593,F26
B00-3046596,F27
B00-3046639,F28
B00-3046679,F29
B00-3046702,F30
B00-3076245,F31
B00-3100558,F32
B00-3100879,F33
B00-3100967,F34
B00-3124013,F35
B00-3124016,F36
B00-3124739,F37
B00-3124769,F38
B00-3146009,F39
B00-3146013,F40
B00-3148002,F41
B00-3167720,F42
B00-3193872,F43
B00-3200601,F44
B00-3200623,F45
B00-3200640,F46
B00-3205376,F47
B00-3219661,F48
B00-3257134,F49
B00-3263991,F50
B00-3280282,F51
B00-3661909,F52
B00-4011501,F53
B00-4065848,F54
B00-4065880,F55
B00-4065892,F56
B00-4065903,F57
B00-4245501,F58
B00-4270014,F59
B00-4270039,F60
B00-4282578,F61
B00-4350316,F62
B00-4396479,F63
B00-4405033,F64
B00-4423432,F65
B00-4480783,F66
B00-450911810,F67
B00-4523840,F68
B00-4524218,F69
B00-4524220,F70
B00-4524228,F71
B00-5040327,F72
B00-5041682,F73
B00-5042000,F74
B00-5043769,F75
B00-5052722,F76
B00-5062000,F77
B00-5062351,F78
B00-5066651,F79
B00-5150456,F80
B00-5150509,F81
B00-5150519,F82
B00-5160743,F83
B00-51663342003,F84
B00-5244099,F85
B00-5261101,F86
B00-6032021,F87
B00-6032078,F88
B00-6032099,F89
B00-6032116,F90
B00-6032249,F91
B00-6098146,F92
B00-6098253,F93
B00-6140445,F94
B00-6141401,F95
B00-6141404,F96
B00-6141418,F97
B00-6141426,F98
B00-6141430,F99
B00-6141444,F100
B00-6144429,F101
B00-6145017,F102
B00-6155604,F103
B00-6155746,F104
B00-6156146,F105
B00-6156147,F106
B00-6156179,F107
B00-6156414,F108
B00-6156426,F109
B00-6156432,F110
B00-6175805,F111
B00-6175870,F112
B00-61759805,F113
B00-6178820,F114
B00-6190998,F115
B00-6212020,F116
B00-6243597,F117
B00-6243714,F118
B00-6245149,F119
B00-6245150,F120
B00-6249019,F121
B00-6249328,F122
B00-6249374,F123
B00-6254332,F124
B00-6263541,F125
B00-6272030,F126
B00-6272081,F127
B00-6272359,F128
B00-6272359231,F129
B00-6317338,F130
B00-6323426,F131
B00-6340067,F132
B00-6345097,F133
B00-6364742,F134
B00-6367002,F135
B00-6367195,F136
B00-6372967,F137
B00-6376276,F138
B00-6448062,F139
B00-6452332,F140
B00-6452409,F141
B00-6470319,F142
B00-6474388,F143
B00-6480508,F144
B00-6480541,F145
B00-6485603,F146
B00-6532153,F147
B00-6534281,F148
B00-6540682,F149
B00-6545658,F150
B00-6545684,F151
B00-6549276,F152
B00-6549576,F153
B00-6551430,F154
B00-6552037,F155
B00-6553598,F156
B00-6553775,F157
B00-6652466,F158
B00-9103534,F159
B01-1009002,F160
B01-1216728,F161
B01-2137148,F162
B01-2137266,F163
B01-2184326,F164
B01-2184334,F165
B01-2243097,F166
B01-2270233,F167
B01-2280127,F168
B01-2284761,F169
B01-2287659,F170
B01-2338048,F171
B01-2339226,F172
B01-2342677,F173
B01-3001627,F174
B01-3003333,F175
B01-3012376,F176
B01-3025114,F177
B01-3031001,F178
B01-3031007,F179
B01-3031030,F180
B01-3031065,F181
B01-3031071,F182
B01-3031189,F183
B01-3031244,F184
B01-3039281,F185
B01-3039321,F186
B01-3039398,F187
B01-3053364,F188
B01-3076022,F189
B01-3076050,F190
B01-3076093,F191
B01-3076095,F192
B01-3076096,F193
B01-3111106,F194
B01-3116171,F195
B01-3117018,F196
B01-3140119,F197
B01-3172930,F198
B01-3194365,F199
B01-3210044,F200
B01-3214932,F201
B01-3222013,F202
B01-3222067,F203
B01-3261283,F204
B01-3264205,F205
B01-3264206,F206
B01-3264249,F207
B01-3266509,F208
B01-3266512,F209
B01-3268904,F210
B01-4094502,F211
B01-4173515,F212
B01-4174057,F213
B01-4178971,F214
B01-42159653,F215
B01-4237509,F216
B01-4241981,F217
B01-4283220,F218
B01-4297604,F219
B01-4323439,F220
B01-4367114,F221
B01-4429827,F222
B01-4470488,F223
B01-4489665,F224
B01-4496345,F225
B01-4500335,F226
B01-5010600,F227
B01-5020444,F228
B01-5020494,F229
B01-5025766,F230
B01-5025782,F231
B01-5025955,F232
B01-5026308,F233
B01-5063253,F234
B01-5193595,F235
B01-5241982,F236
B01-5252141,F237
B01-5252507,F238
B01-5254685,F239
B01-5258506,F240
B01-6001301,F241
B01-6035628,F242
B01-6041059,F243
B01-6041448,F244
B01-6080646,F245
B01-6080660,F246
B01-6080717,F247
B01-6094045,F248
B01-6094302,F249
B01-6095777,F250
B01-6096237,F251
B01-6098509,F252
B01-6106054,F253
B01-6123140,F254
B01-6123187,F255
B01-6123470,F256
B01-6135021,F257
B01-6135408,F258
B01-6146101,F259
B01-6153558,F260
B01-6153628,F261
B01-6153803,F262
B01-6153818,F263
B01-6153949,F264
B01-6153998,F265
B01-6174063,F266
B01-6179214,F267
B01-6179283,F268
B01-6213118,F269
B01-6217661,F270
B01-6224005,F271
B01-6225246,F272
B01-6253991,F273
B01-6255015,F274
B01-6255055,F275
B01-6255185,F276
B01-6255233,F277
B01-6255457,F278
B01-6255577,F279
B01-6263002,F280
B01-6263023,F281
B01-6263182,F282
B01-6326421,F283
B01-6344997,F284
B01-6345099,F285
B01-6345101,F286
B01-6351574,F287
B01-6364383,F288
B01-6364730,F289
B01-6365158,F290
B01-6366694,F291
B01-6370331,F292
B01-6380134,F293
B01-6380137,F294
B01-6380175,F295
B01-6380371,F296
B01-6380378,F297
B01-6387167,F298
B01-6387351,F299
B01-6401491,F300
B01-6453447,F301
B01-6453477,F302
B01-6455067,F303
B01-6493752,F304
B01-6503742,F305
B01-6516466,F306
B01-6517661,F307
B01-6521674,F308
B01-6521675,F309
B01-6522916,F310
B01-6523829,F311
B01-769000275,F312
B01-9015115,F313
B01-9040056,F314
B01-9054447,F315
B01-9081918,F316
B02-00825433,F317
B02-2060899,F318
B02-2072711,F319
B02-2090166,F320
B02-2114714,F321
B02-2121795,F322
B02-2142074,F323
B02-2158259,F324
B02-2161806,F325
B02-2214263,F326
B02-2216243,F327
B02-2235443,F328
B02-2252018,F329
B02-2324581,F330
B02-2325795,F331
B02-2503233,F332
B02-3002749,F333
B02-3003096,F334
B02-3003539,F335
B02-3003592,F336
B02-3003885,F337
B02-3011303,F338
B02-3016467,F339
B02-3020638,F340
B02-3025836,F341
B02-3025837,F342
B02-3026046,F343
B02-3026083,F344
B02-3056111,F345
B02-3056128,F346
B02-3056164,F347
B02-3056165,F348
B02-3056382,F349
B02-3067041,F350
B02-3069636,F351
B02-3069776,F352
B02-3069836,F353
B02-3069840,F354
B02-3069864,F355
B02-3069911,F356
B02-3069952,F357
B02-3074206,F358
B02-3107044,F359
B02-3185273,F360
B02-3185274,F361
B02-3185288,F362
B02-3228815,F363
B02-3231901,F364
B02-3236493,F365
B02-3249879,F366
B02-3249938,F367
B02-3252513,F368
B02-3255937,F369
B02-3255938,F370
B02-3256948,F371
B02-4064532,F372
B02-4147327,F373
B02-4152645,F374
B02-4174127,F375
B02-4206909,F376
B02-4247514,F377
B02-4264199,F378
B02-4333308,F379
B02-4333398,F380
B02-4377799,F381
B02-4408088,F382
B02-4425363,F383
B02-4432376,F384
B02-4463363,F385
B02-4467741,F386
B02-5023996,F387
B02-5029573,F388
B02-5051207,F389
B02-5051643,F390
B02-5062163,F391
B02-5065236,F392
B02-507532,F393
B02-5099601,F394
B02-5220738,F395
B02-5242919,F396
B02-5247647,F397
B02-5248123,F398
B02-5252200,F399
B02-6034293,F400
B02-6035319,F401
B02-6045141,F402
B02-6051506,F403
B02-6051523,F404
B02-6051566,F405
B02-6051618,F406
B02-6051655,F407
B02-6051772,F408
B02-6051777,F409
B02-6060526,F410
B02-6088194,F411
B02-6091489,F412
B02-6091707,F413
B02-6091871,F414
B02-6092535,F415
B02-6092827,F416
B02-6095728,F417
B02-6113204,F418
B02-6113358,F419
B02-6114738,F420
B02-6121088,F421
B02-6121573,F422
B02-6121576,F423
B02-6121579,F424
B02-6121605,F425
B02-6121675,F426
B02-6121685,F427
B02-6175799,F428
B02-6175846,F429
B02-6175947,F430
B02-6183083,F431
B02-6183100,F432
B02-6183145,F433
B02-6183649,F434
B02-6186032,F435
B02-6222377,F436
B02-6223566,F437
B02-6256036,F438
B02-6256134,F439
B02-6256155,F440
B02-6256226,F441
B02-6256300,F442
B02-6256313,F443
B02-6257974,F444
B02-6258092,F445
B02-6261256,F446
B02-6269204,F447
B02-6269982,F448
B02-6270096,F449
B02-6276212,F450
B02-6276306,F451
B02-6290709,F452
B02-6315014,F453
B02-6330629,F454
B02-6354135,F455
B02-6354241,F456
B02-6362230,F457
B02-6362274,F458
B02-6379072,F459
B02-64335588,F460
B02-6433588,F461
B02-6455413,F462
B02-6457645,F463
B02-6477178,F464
B02-6477783,F465
B02-6477821,F466
B02-6478464,F467
B02-6483633,F468
B02-6495494,F469
B02-6496778,F470
B02-6499857,F471
B02-6503242,F472
B02-6503556,F473
B02-6503571,F474
B02-6504135,F475
B02-6507084,F476
B02-6509046,F477
B02-6509077,F478
B02-6509441,F479
B02-6509972,F480
B02-681972,F481
B02-8027185100,F482
B02-9050056,F483
B02-9069958,F484
B02-9071526,F485
B02-9071581,F486
B02-9096145,F487
B02-9155815,F488
B02-9155841,F489
B03-0383362,F490
B03-1003438,F491
B03-1548713,F492
B03-2001819,F493
B03-2035944,F494
B03-2035957,F495
B03-2059619,F496
B03-2101107,F497
B03-2101211,F498
B03-2101321,F499
B03-2101766,F500
B03-2101898,F501
B03-2140239,F502
B03-2148310,F503
B03-2148605,F504
B03-2148665,F505
B03-2151865,F506
B03-2152848,F507
B03-2168980,F508
B03-2182096,F509
B03-2183842,F510
B03-2191191,F511
B03-2191226,F512
B03-2191342,F513
B03-2234105,F514
B03-2242332,F515
B03-2251228,F516
B03-2266295,F517
B03-2285650,F518
B03-3003334,F519
B03-3003390,F520
B03-3003455,F521
B03-3003688,F522
B03-3028203,F523
B03-3036936,F524
B03-3056322,F525
B03-3056334,F526
B03-3056509,F527
B03-3073181,F528
B03-3103179,F529
B03-3114102,F530
B03-3114300,F531
B03-3116214,F532
B03-3128809,F533
B03-3128978,F534
B03-3130402,F535
B03-3130412,F536
B03-3131011,F537
B03-3131012,F538
B03-3131024,F539
B03-3131053,F540
B03-3131055,F541
B03-3131084,F542
B03-3135117,F543
B03-3142096,F544
B03-3160379,F545
B03-3184841,F546
B03-3193383,F547
B03-3203144,F548
B03-3217068,F549
B03-3217073,F550
B03-3228890,F551
B03-3230280,F552
B03-3236839,F553
B03-3239132,F554
B03-3241862,F555
B03-3241927,F556
B03-3241936,F557
B03-3244047,F558
B03-4012908,F559
B03-4031418,F560
B03-4031498,F561
B03-4074060,F562
B03-4135782,F563
B03-4135799,F564
B03-4135851,F565
B03-4146093,F566
B03-4146260,F567
B03-4146313,F568
B03-4162060,F569
B03-4196224,F570
B03-4196510,F571
B03-4290083,F572
B03-4290095,F573
B03-4290108,F574
B03-4316042,F575
B03-4316077,F576
B03-4329014,F577
B03-4378639,F578
B03-4384258,F579
B03-4411144,F580
B03-4411155,F581
B03-4423411,F582
B03-4423451,F583
B03-4423894,F584
B03-4426403,F585
B03-4430921,F586
B03-4456769,F587
B03-5067089,F588
B03-5067262,F589
B03-50711667,F590
B03-5071209,F591
B03-5071666,F592
B03-5071667,F593
B03-5082553,F594
B03-5086552,F595
B03-5152557,F596
B03-5152667,F597
B03-5232479,F598
B03-5233115,F599
B03-5233743,F600
B03-5241862,F601
B03-6032807,F602
B03-6032858,F603
B03-6032888,F604
B03-6032896,F605
B03-6042128,F606
B03-6043374,F607
B03-6065375,F608
B03-6086031,F609
B03-6086112,F610
B03-6086289,F611
B03-6086300,F612
B03-6086336,F613
B03-6086804,F614
B03-6129799,F615
B03-6146635,F616
B03-6150214,F617
B03-6190447,F618
B03-6191874,F619
B03-6192276,F620
B03-6192536,F621
B03-6192545,F622
B03-6192606,F623
B03-6192634,F624
B03-6192766,F625
B03-6192776,F626
B03-6192822,F627
B03-6226034,F628
B03-6226167,F629
B03-6226190,F630
B03-6226201,F631
B03-6236417,F632
B03-6254818,F633
B03-6257007,F634
B03-6257098,F635
B03-6257209,F636
B03-6257231,F637
B03-6266072,F638
B03-6266119,F639
B03-6266353,F640
B03-6277405,F641
B03-6277485,F642
B03-6287006,F643
B03-6287023,F644
B03-6287053,F645
B03-6287064,F646
B03-6287245,F647
B03-6323444,F648
B03-6355571,F649
B03-6355923,F650
B03-6357007,F651
B03-6358232,F652
B03-6358831,F653
B03-6359119,F654
B03-6359170,F655
B03-6384147,F656
B03-6384463,F657
B03-6384606,F658
B03-6385696,F659
B03-6427447,F660
B03-6437131,F661
B03-6437146,F662
B03-6437222,F663
B03-6437232,F664
B03-6437277,F665
B03-6437345,F666
B03-6457591,F667
B03-6460032,F668
B03-6483327,F669
B03-6485942,F670
B03-6485990,F671
B03-6486765,F672
B03-9012163,F673
B03-9021332,F674
B03-9064031,F675
B03-9103503,F676
B04-1035199,F677
B04-120994,F678
B04-1217281,F679
B04-2018544,F680
B04-2025095,F681
B04-2029292,F682
B04-2062112,F683
B04-2063218,F684
B04-2063240,F685
B04-2107250,F686
B04-2107368,F687
B04-2116092,F688
B04-2124299,F689
B04-2132302,F690
B04-2132439,F691
B04-2132483,F692
B04-2139350,F693
B04-2180228,F694
B04-2182150,F695
B04-2182155,F696
B04-2194209,F697
B04-2198277,F698
B04-2202420,F699
B04-2211833,F700
B04-2234898,F701
B04-2244914,F702
B04-2244951,F703
B04-2258045,F704
B04-2272942,F705
B04-2291950,F706
B04-2292005,F707
B04-2292962100,F708
B04-2294976,F709
B04-3000159,F710
B04-3001535,F711
B04-3001584,F712
B04-3001609,F713
B04-3001796,F714
B04-3001844,F715
B04-3002681,F716
B04-3035918,F717
B04-3043095,F718
B04-3069722,F719
B04-3075492,F720
B04-3090359,F721
B04-3099020,F722
B04-3099057,F723
B04-3099144,F724
B04-3099198,F725
B04-3100865,F726
B04-3104033,F727
B04-3104146,F728
B04-3104177,F729
B04-3165655,F730
B04-3173462,F731
B04-3176837,F732
B04-3178402,F733
B04-3198658,F734
B04-3230751,F735
B04-3230876,F736
B04-3230881,F737
B04-3230989,F738
B04-3236856,F739
B04-3238525,F740
B04-4010681,F741
B04-4019957,F742
B04-403302508,F743
B04-4085232,F744
B04-4138100,F745
B04-4138973,F746
B04-4180122,F747
B04-4217110,F748
B04-4217115,F749
B04-4217117,F750
B04-4277227,F751
B04-4277402,F752
B04-4277483,F753
B04-4368701,F754
B04-4375935,F755
B04-4375940,F756
B04-4391334,F757
B04-4417780,F758
B04-4427498,F759
B04-4431710,F760
B04-4431712,F761
B04-4437282,F762
B04-4437289,F763
B04-4439160,F764
B04-5006079,F765
B04-5026055,F766
B04-5042718,F767
B04-5066714,F768
B04-5071303,F769
B04-5071388,F770
B04-5081160,F771
B04-5153307,F772
B04-5174902,F773
B04-5174972,F774
B04-5179222,F775
B04-5211972,F776
B04-5218460,F777
B04-5219991,F778
B04-5233261,F779
B04-6033267,F780
B04-6035120,F781
B04-6036475,F782
B04-6046033,F783
B04-6046035,F784
B04-6049118,F785
B04-6058303,F786
B04-6073654,F787
B04-6073655,F788
B04-6073742,F789
B04-6073810,F790
B04-6073873,F791
B04-6075390,F792
B04-6075395,F793
B04-6082266,F794
B04-6095407,F795
B04-6095573,F796
B04-6095801,F797
B04-6096339,F798
B04-6105159,F799
B04-6105661,F800
B04-6120357,F801
B04-6137114,F802
B04-6194115,F803
B04-6197080,F804
B04-6202033,F805
B04-6202172,F806
B04-6208128,F807
B04-6208191,F808
B04-6208291,F809
B04-6217290,F810
B04-6220408,F811
B04-6231792,F812
B04-6231885,F813
B04-6246934,F814
B04-6265667,F815
B04-6266159,F816
B04-6266258,F817
B04-6267227,F818
B04-6276330,F819
B04-6276331,F820
B04-6276377,F821
B04-6276418,F822
B04-6278385,F823
B04-6293507,F824
B04-6294688,F825
B04-6300833,F826
B04-6300880,F827
B04-6303768,F828
B04-6303936,F829
B04-6307353,F830
B04-6325441,F831
B04-6344628,F832
B04-6344643,F833
B04-6356682,F834
B04-6374259,F835
B04-6389414,F836
B04-6393307,F837
B04-6399484,F838
B04-6430819,F839
B04-6430906,F840
B04-6431081,F841
B04-6458802,F842
B04-6458871,F843
B04-6468625,F844
B04-6468678,F845
B04-6470911,F846
B04-6472086,F847
B04-8008110,F848
B04-9134245,F849
B04-9155122,F850
B05---4050658,F851
B05-0000000,F852
B05-1003509,F853
B05-1034294,F854
B05-2076701,F855
B05-2079395,F856
B05-2079799,F857
B05-2094480,F858
B05-2136760,F859
B05-2141268,F860
B05-2142780,F861
B05-2142790,F862
B05-2143070,F863
B05-2143154,F864
B05-2143388,F865
B05-2165192,F866
B05-2181525,F867
B05-2201710,F868
B05-2201715,F869
B05-2218173,F870
B05-2218693,F871
B05-2219224,F872
B05-2267186,F873
B05-2284685,F874
B05-30006569,F875
B05-3006515,F876
B05-3006555,F877
B05-3006565,F878
B05-3006657,F879
B05-3006764,F880
B05-3006794,F881
B05-3006862,F882
B05-3018830,F883
B05-3057716,F884
B05-3064176,F885
B05-3105949,F886
B05-3116111,F887
B05-3119347,F888
B05-3121955,F889
B05-3141541,F890
B05-3149404,F891
B05-3182151,F892
B05-3182278,F893
B05-3185008,F894
B05-3185086,F895
B05-3185139,F896
B05-3185140,F897
B05-3188782,F898
B05-3188835,F899
B05-3192692,F900
B05-3202164,F901
B05-3222518,F902
B05-3224559,F903
B05-3224570,F904
B05-3224581,F905
B05-3224593,F906
B05-3224796,F907
B05-4030018,F908
B05-4033597,F909
B05-4045080,F910
B05-4045210,F911
B05-4045308,F912
B05-4045392,F913
B05-4082656,F914
B05-4118160,F915
B05-4126057,F916
B05-4126065,F917
B05-4126313,F918
B05-4126351,F919
B05-4130429,F920
B05-4130432,F921
B05-4147234,F922
B05-41604430,F923
B05-4247376,F924
B05-4266001,F925
B05-4318884,F926
B05-4323995,F927
B05-4325774,F928
B05-4333735,F929
B05-4333765,F930
B05-4344528,F931
B05-4344619,F932
B05-4346680,F933
B05-4362295,F934
B05-4362298,F935
B05-4391925,F936
B05-4400566,F937
B05-4402403,F938
B05-4408025,F939
B05-4646605,F940
B05-5005188,F941
B05-5022085,F942
B05-5022143,F943
B05-5033666,F944
B05-5059341,F945
B05-5096304,F946
B05-5138927,F947
B05-5143844,F948
B05-5148753,F949
B05-5148826,F950
B05-5201215,F951
B05-5201296,F952
B05-5213962,F953
B05-5220492,F954
B05-5222993,F955
B05-5223008,F956
B05-5369393,F957
B05-5534893,F958
B05-6038956,F959
B05-6038970,F960
B05-6040452,F961
B05-6045015,F962
B05-6045034,F963
B05-6045093,F964
B05-6045251,F965
B05-6045302,F966
B05-6045374,F967
B05-6045522,F968
B05-6048131,F969
B05-6049767,F970
B05-6052005,F971
B05-6052027,F972
B05-6052111,F973
B05-6054182,F974
B05-6054252,F975
B05-6065440,F976
B05-6073276,F977
B05-6079766,F978
B05-6092268,F979
B05-6116293,F980
B05-6118235,F981
B05-6126285,F982
B05-6133118,F983
B05-6155333,F984
B05-6166013,F985
B05-6166077,F986
B05-6166095,F987
B05-6166202,F988
B05-6166205,F989
B05-6166372,F990
B05-6166391,F991
B05-6166398,F992
B05-6166521,F993
B05-6170705,F994
B05-6170732,F995
B05-6176104,F996
B05-6176147,F997
B05-6208435,F998
B05-6221037,F999
B05-6221085,F1000
B05-6221267,F1001
B05-6221271,F1002
B05-6221280,F1003
B05-6221293,F1004
B05-6225575,F1005
B05-6233900,F1006
B05-6234001,F1007
B05-6234092,F1008
B05-6234389,F1009
B05-6234500,F1010
B05-6280088,F1011
B05-6300035,F1012
B05-6300549,F1013
B05-6300565,F1014
B05-6302837,F1015
B05-6306314,F1016
B05-6336636,F1017
B05-6337115,F1018
B05-6337294,F1019
B05-6337884,F1020
B05-6341253,F1021
B05-6381477,F1022
B05-6381785,F1023
B05-6432828,F1024
B05-6433118,F1025
B05-6443900,F1026
B05-6444367,F1027
B05-6444400,F1028
B05-6445580,F1029
B05-6446902,F1030
B05-6447445,F1031
B05-6448106,F1032
B05-6448107,F1033
B05-6448192,F1034
B05-6451194,F1035
B05-6451851,F1036
B05-6453038,F1037
B05-6453312,F1038
B05-6453372,F1039
B05-6453376,F1040
B05-6453989,F1041
B05-9083076,F1042
B05-9093853,F1043
B06-1058428,F1044
B06-1437228,F1045
B06-1597788,F1046
B06-2017370100,F1047
B06-20175114,F1048
B06-2017512100,F1049
B06-2017522,F1050
B06-2017523100,F1051
B06-2019876,F1052
B06-2068575,F1053
B06-2073135,F1054
B06-2075050,F1055
B06-2082147,F1056
B06-2082189,F1057
B06-2082203,F1058
B06-2082231,F1059
B06-2083035,F1060
B06-2090139,F1061
B06-2094313,F1062
B06-2103942,F1063
B06-2105217,F1064
B06-2158233,F1065
B06-2213954,F1066
B06-2215497,F1067
B06-2222431,F1068
B06-2222493,F1069
B06-2222495,F1070
B06-2246393,F1071
B06-2253000,F1072
B06-2259395,F1073
B06-2452361,F1074
B06-3002185,F1075
B06-3004383,F1076
B06-3005670,F1077
B06-3005719,F1078
B06-3005798,F1079
B06-3008011,F1080
B06-3008217,F1081
B06-3008446,F1082
B06-3038138,F1083
B06-3069836,F1084
B06-3106188,F1085
B06-3107115,F1086
B06-3131096,F1087
B06-3148497,F1088
B06-3150932,F1089
B06-3175911,F1090
B06-3175937,F1091
B06-3175954,F1092
B06-3201435,F1093
B06-3204735,F1094
B06-3709321,F1095
B06-4008826,F1096
B06-4008828,F1097
B06-4039189,F1098
B06-4039937,F1099
B06-4060676,F1100
B06-4081816,F1101
B06-410092008,F1102
B06-4112354,F1103
B06-4112378,F1104
B06-4113363,F1105
B06-4126150,F1106
B06-4126945,F1107
B06-4143237,F1108
B06-4149046,F1109
B06-4238678,F1110
B06-4247115,F1111
B06-4352097,F1112
B06-4370914,F1113
B06-4377103,F1114
B06-439138,F1115
B06-5010003,F1116
B06-5010157,F1117
B06-5015157,F1118
B06-5025875,F1119
B06-5048411,F1120
B06-5048446,F1121
B06-5100715,F1122
B06-5100854,F1123
B06-5101325,F1124
B06-5101387,F1125
B06-5113765,F1126
B06-5115199,F1127
B06-5150005,F1128
B06-5188432,F1129
B06-5188476,F1130
B06-5194570,F1131
B06-5197577,F1132
B06-5204184,F1133
B06-5205524,F1134
B06-6033902,F1135
B06-6034719,F1136
B06-6035708,F1137
B06-6052165,F1138
B06-6052234,F1139
B06-6052291,F1140
B06-6052332,F1141
B06-6053535,F1142
B06-6056102,F1143
B06-6056106,F1144
B06-6057121,F1145
B06-6087309,F1146
B06-60996355,F1147
B06-6110237,F1148
B06-6115067,F1149
B06-6135329,F1150
B06-6135370,F1151
B06-6148017,F1152
B06-6148080,F1153
B06-6148105,F1154
B06-6148141,F1155
B06-6148423,F1156
B06-6149971,F1157
B06-6150906,F1158
B06-6154559,F1159
B06-6154634,F1160
B06-6154676,F1161
B06-6154772,F1162
B06-6154798,F1163
B06-6156013,F1164
B06-6156133,F1165
B06-6166694,F1166
B06-6173123,F1167
B06-6185454,F1168
B06-6185492,F1169
B06-6185559,F1170
B06-6187551,F1171
B06-6187615,F1172
B06-6187838,F1173
B06-6188481,F1174
B06-62012282007,F1175
B06-6208264,F1176
B06-6210001,F1177
B06-6210009,F1178
B06-6210219,F1179
B06-6210251,F1180
B06-6210255,F1181
B06-6210297,F1182
B06-6211149,F1183
B06-6212441,F1184
B06-6256241,F1185
B06-6267044,F1186
B06-6267300,F1187
B06-6267362,F1188
B06-6267400,F1189
B06-6268025,F1190
B06-6270117,F1191
B06-6270152,F1192
B06-6270462,F1193
B06-6302534,F1194
B06-6314337,F1195
B06-6329250,F1196
B06-6334655,F1197
B06-6346075,F1198
B06-6361372,F1199
B06-6361386,F1200
B06-6370820,F1201
B06-6370972,F1202
B06-6397858,F1203
B06-6401339,F1204
B06-6403054,F1205
B06-6404336,F1206
B06-6405134,F1207
B06-6407360,F1208
B06-6410620,F1209
B06-6410633,F1210
B06-6410652,F1211
B06-6410675,F1212
B06-6410698,F1213
B06-6413072,F1214
B06-6414560,F1215
B06-6414596,F1216
B06-6414619,F1217
B06-802879611,F1218
B06-9007023,F1219
B06-9057537,F1220
B06-9130877,F1221
B07-1003465,F1222
B07-1817551,F1223
B07-1873253,F1224
B07-2000704,F1225
B07-2015371,F1226
B07-2043810,F1227
B07-2049144,F1228
B07-2055218,F1229
B07-2081222,F1230
B07-2093103,F1231
B07-2103385,F1232
B07-2135106,F1233
B07-2135143,F1234
B07-2135301,F1235
B07-2143348,F1236
B07-2222206,F1237
B07-2222862,F1238
B07-2222900,F1239
B07-2228132,F1240
B07-2232040,F1241
B07-3001221,F1242
B07-3008347,F1243
B07-3008413,F1244
B07-3011001,F1245
B07-3013660,F1246
B07-3014789,F1247
B07-3031041,F1248
B07-3034354,F1249
B07-3043418,F1250
B07-3077544,F1251
B07-3089612,F1252
B07-309,F1253
B07-3107011,F1254
B07-3107133,F1255
B07-3108722,F1256
B07-3111485,F1257
B07-3111500,F1258
B07-3121631,F1259
B07-3128597,F1260
B07-3129242,F1261
B07-3148882,F1262
B07-3148899,F1263
B07-3153470,F1264
B07-3181232,F1265
B07-3182009,F1266
B07-3182014,F1267
B07-3182015,F1268
B07-3182025,F1269
B07-3189603,F1270
B07-3199902,F1271
B07-3201208,F1272
B07-3201441,F1273
B07-3204311,F1274
B07-3204324,F1275
B07-4026135,F1276
B07-4053250,F1277
B07-4067926,F1278
B07-4067927,F1279
B07-4081998,F1280
B07-4084168,F1281
B07-4093016,F1282
B07-4093179,F1283
B07-4093189,F1284
B07-4093493,F1285
B07-4096002,F1286
B07-4096227,F1287
B07-4212846,F1288
B07-4216814,F1289
B07-4216855,F1290
B07-4235891,F1291
B07-4360397,F1292
B07-4368315,F1293
B07-4368461,F1294
B07-5035391,F1295
B07-5050208,F1296
B07-5067346,F1297
B07-5080297,F1298
B07-5080547,F1299
B07-5080672,F1300
B07-5080692,F1301
B07-5080757,F1302
B07-510075,F1303
B07-5100921,F1304
B07-5100941,F1305
B07-5114941,F1306
B07-5116119,F1307
B07-5116223,F1308
B07-5130838,F1309
B07-5168513,F1310
B07-6022478,F1311
B07-6026438,F1312
B07-6030454,F1313
B07-6030505,F1314
B07-6033110,F1315
B07-6033131,F1316
B07-6033149,F1317
B07-6034307,F1318
B07-6043923,F1319
B07-6043936,F1320
B07-6043939,F1321
B07-6044289,F1322
B07-6076174,F1323
B07-6076227,F1324
B07-6077302,F1325
B07-6099407,F1326
B07-6110020,F1327
B07-6110211,F1328
B07-6110291,F1329
B07-6110370,F1330
B07-6112307,F1331
B07-6114000,F1332
B07-6125166,F1333
B07-6140010,F1334
B07-6140081,F1335
B07-6140124,F1336
B07-6140197,F1337
B07-6140250,F1338
B07-6143422,F1339
B07-6143489,F1340
B07-6147101,F1341
B07-6147126,F1342
B07-6157975,F1343
B07-6206216,F1344
B07-6206273,F1345
B07-6206362,F1346
B07-6207101,F1347
B07-6207185,F1348
B07-6221019,F1349
B07-6221452,F1350
B07-6221550,F1351
B07-6221587,F1352
B07-6221588,F1353
B07-6258645,F1354
B07-6258691,F1355
B07-6272714,F1356
B07-6277189,F1357
B07-6336568,F1358
B07-6337270,F1359
B07-6338238,F1360
B07-6363026,F1361
B07-6363291,F1362
B07-6363800,F1363
B07-6364195,F1364
B07-6366500,F1365
B07-6367833,F1366
B07-6367841,F1367
B07-6367873,F1368
B07-6368703,F1369
B07-6369510,F1370
B07-6369518,F1371
B07-6371100,F1372
B07-6376854,F1373
B07-6379616,F1374
B07-6379888,F1375
B07-6379900,F1376
B07-6380759,F1377
B07-6381423,F1378
B07-6385069,F1379
B07-6385690,F1380
B07-6385691,F1381
B07-6385730,F1382
B07-6385731,F1383
B07-6386753,F1384
B07-6389170,F1385
B07-63914132001,F1386
B07-6399108,F1387
B07-6399395,F1388
B07-6399401,F1389
B07-6403721,F1390
B07-6404515,F1391
B07-9023007,F1392
B07-9023100,F1393
B07-9023136,F1394
B07-9023137,F1395
B07-9023172,F1396
B07-9067832,F1397
B07-9071615,F1398
B08-1000495,F1399
B08-1013085,F1400
B08-1548902,F1401
B08-1548996,F1402
B08-2022103,F1403
B08-2022252,F1404
B08-2040063,F1405
B08-2092418,F1406
B08-2092420,F1407
B08-2145384,F1408
B08-2145502,F1409
B08-2145570,F1410
B08-2159798,F1411
B08-2169747,F1412
B08-2197688,F1413
B08-2199012,F1414
B08-2226652,F1415
B08-2239338,F1416
B08-2242323,F1417
B08-3003071,F1418
B08-3004335,F1419
B08-3004467,F1420
B08-3005203,F1421
B08-3008202,F1422
B08-3008274,F1423
B08-3022143,F1424
B08-3028187,F1425
B08-3029481,F1426
B08-3035009,F1427
B08-3037345,F1428
B08-3037425,F1429
B08-3037496,F1430
B08-3037512,F1431
B08-3049817,F1432
B08-3055160,F1433
B08-3069096,F1434
B08-3106083,F1435
B08-3107024,F1436
B08-3109017,F1437
B08-3109019,F1438
B08-3109029,F1439
B08-3109103,F1440
B08-3123250,F1441
B08-3126281,F1442
B08-3172821,F1443
B08-3172836,F1444
B08-3172856,F1445
B08-3172954,F1446
B08-3172998,F1447
B08-3193835,F1448
B08-3193875,F1449
B08-4003734,F1450
B08-4003770,F1451
B08-4070090,F1452
B08-4092321,F1453
B08-4095126,F1454
B08-4095255,F1455
B08-4098105,F1456
B08-4133213,F1457
B08-4133232,F1458
B08-4133279,F1459
B08-4163098,F1460
B08-4200981,F1461
B08-4233233,F1462
B08-4280368,F1463
B08-4347342,F1464
B08-4347396,F1465
B08-4347450,F1466
B08-4347712,F1467
B08-4351119,F1468
B08-4356967,F1469
B08-5015256,F1470
B08-5026155,F1471
B08-5039429,F1472
B08-5049551,F1473
B08-5061019,F1474
B08-5061453,F1475
B08-5061930,F1476
B08-5086874,F1477
B08-5116077,F1478
B08-5118731,F1479
B08-5165460,F1480
B08-5169567,F1481
B08-6026528,F1482
B08-6027869,F1483
B08-6038962,F1484
B08-6050132,F1485
B08-6050162,F1486
B08-6050294,F1487
B08-6064586,F1488
B08-6065106,F1489
B08-6065443,F1490
B08-6071339,F1491
B08-6078876,F1492
B08-6091122,F1493
B08-6092226,F1494
B08-6098287,F1495
B08-6098373,F1496
B08-6098404,F1497
B08-6098445,F1498
B08-6112844,F1499
B08-6124710,F1500
B08-6124735,F1501
B08-6139992,F1502
B08-6139996,F1503
B08-6139999,F1504
B08-6140000,F1505
B08-6144005,F1506
B08-6144028,F1507
B08-6144332,F1508
B08-6147602,F1509
B08-6173282,F1510
B08-6173818,F1511
B08-6173836,F1512
B08-6173877,F1513
B08-6174626,F1514
B08-6174628,F1515
B08-6177647,F1516
B08-6177661,F1517
B08-6177699,F1518
B08-62327542012,F1519
B08-6232759,F1520
B08-6232796,F1521
B08-6234472,F1522
B08-6245196,F1523
B08-6245220,F1524
B08-6245256,F1525
B08-6245262734,F1526
B08-6245266,F1527
B08-6249752,F1528
B08-6259169,F1529
B08-6259267,F1530
B08-6293405,F1531
B08-6297117,F1532
B08-6297304,F1533
B08-6298348,F1534
B08-6314600,F1535
B08-6314611,F1536
B08-6314620,F1537
B08-6316401,F1538
B08-6316413,F1539
B08-6316427,F1540
B08-6321104,F1541
B08-6338028,F1542
B08-6338039,F1543
B08-6338041,F1544
B08-6338084,F1545
B08-6338519,F1546
B08-6339297,F1547
B08-6350739,F1548
B08-6364806,F1549
B08-6368009,F1550
B08-6368028,F1551
B08-6368045,F1552
B08-6368070,F1553
B08-6369094,F1554
B08-6372843,F1555
B08-6383026,F1556
B08-6383662,F1557
B08-6385220,F1558
B08-9044074,F1559
B09--5030511,F1560
B09-2000290,F1561
B09-2025076,F1562
B09-2025181,F1563
B09-2054247,F1564
B09-210165,F1565
B09-2130477,F1566
B09-2130496,F1567
B09-21305227,F1568
B09-2130560,F1569
B09-2131801,F1570
B09-21318965,F1571
B09-2203218,F1572
B09-2207213,F1573
B09-2207228,F1574
B09-2213452,F1575
B09-2214825,F1576
B09-3021759,F1577
B09-3040476,F1578
B09-3049709,F1579
B09-3075543,F1580
B09-3095001,F1581
B09-3095066,F1582
B09-3095175,F1583
B09-3095238,F1584
B09-3097056,F1585
B09-3110052,F1586
B09-3110064,F1587
B09-3110074,F1588
B09-3127174,F1589
B09-3127490,F1590
B09-3128068,F1591
B09-3128071,F1592
B09-3128131,F1593
B09-3146286,F1594
B09-3149960,F1595
B09-3150184,F1596
B09-3171470,F1597
B09-3187283,F1598
B09-3187452,F1599
B09-3187640,F1600
B09-3187642,F1601
B09-4015231,F1602
B09-4077202,F1603
B09-4139485,F1604
B09-4139557,F1605
B09-4189842,F1606
B09-4259012,F1607
B09-4259054,F1608
B09-4280727,F1609
B09-4321763,F1610
B09-4327173,F1611
B09-4331525,F1612
B09-4336031,F1613
B09-5052386,F1614
B09-5052987,F1615
B09-5061838,F1616
B09-5061926,F1617
B09-5110454,F1618
B09-5139546,F1619
B09-5153176,F1620
B09-5154104,F1621
B09-5183351,F1622
B09-5186031,F1623
B09-5188000,F1624
B09-6040169,F1625
B09-6041023,F1626
B09-6041064,F1627
B09-6047528,F1628
B09-6076635,F1629
B09-6076642,F1630
B09-6076689,F1631
B09-6080505,F1632
B09-6080627,F1633
B09-6080665,F1634
B09-6080678,F1635
B09-6080690,F1636
B09-6086185,F1637
B09-6103287,F1638
B09-6109996,F1639
B09-6111534,F1640
B09-6111640,F1641
B09-6111718,F1642
B09-6114940,F1643
B09-6114965,F1644
B09-6116044,F1645
B09-6130670,F1646
B09-6130692,F1647
B09-6136084,F1648
B09-6169433,F1649
B09-6173202,F1650
B09-6216471,F1651
B09-6217201,F1652
B09-6218336,F1653
B09-6222760,F1654
B09-6222815,F1655
B09-6222995,F1656
B09-6240841,F1657
B09-6248087,F1658
B09-6248530,F1659
B09-6248545,F1660
B09-6251684,F1661
B09-6252500,F1662
B09-6253817,F1663
B09-6269108,F1664
B09-6269131,F1665
B09-6269364,F1666
B09-6269366,F1667
B09-6293992,F1668
B09-6294148,F1669
B09-6316045,F1670
B09-6323111,F1671
B09-6323112,F1672
B09-6323136,F1673
B09-6323172,F1674
B09-6323991,F1675
B09-6326192,F1676
B09-6348446,F1677
B09-6354561,F1678
B09-6356713,F1679
B09-6357220,F1680
B09-6358270,F1681
B09-6358601,F1682
B09-6358785,F1683
B09-6369413,F1684
B09-6370126,F1685
B09-6370128,F1686
B09-8021170,F1687
B09-9079174,F1688
B10-1001020,F1689
B10-2007101,F1690
B10-2063246,F1691
B10-2063267,F1692
B10-2072289,F1693
B10-208200,F1694
B10-21218322008,F1695
B10-2148872,F1696
B10-2155301,F1697
B10-2162232,F1698
B10-2182150,F1699
B10-2193387,F1700
B10-2197909,F1701
B10-2214048,F1702
B10-3000210,F1703
B10-3020225,F1704
B10-3022653,F1705
B10-3059352,F1706
B10-3082428,F1707
B10-3100179,F1708
B10-3100938,F1709
B10-3100970,F1710
B10-3136019,F1711
B10-3136020,F1712
B10-3137504,F1713
B10-3157567,F1714
B10-3163911,F1715
B10-3179326,F1716
B10-3179392,F1717
B10-3179408,F1718
B10-4007833,F1719
B10-4007946,F1720
B10-4014069,F1721
B10-4049419,F1722
B10-4095160,F1723
B10-4101089,F1724
B10-4101225,F1725
B10-4101420,F1726
B10-4103041,F1727
B10-4253222,F1728
B10-4275511,F1729
B10-4302543,F1730
B10-4316308,F1731
B10-4323553,F1732
B10-5020450,F1733
B10-5031229,F1734
B10-5031650,F1735
B10-5043087,F1736
B10-5077902,F1737
B10-5110400,F1738
B10-5120228,F1739
B10-5143165,F1740
B10-5143339,F1741
B10-5143388,F1742
B10-5181728,F1743
B10-5181729,F1744
B10-5189940,F1745
B10-6024437,F1746
B10-6030939,F1747
B10-6031007,F1748
B10-6031733,F1749
B10-6031772,F1750
B10-6031800,F1751
B10-6031857,F1752
B10-6038377,F1753
B10-6052092,F1754
B10-6052306,F1755
B10-6052493,F1756
B10-6052551,F1757
B10-6065502,F1758
B10-6143162,F1759
B10-6146101,F1760
B10-6146323,F1761
B10-6146336,F1762
B10-6154460,F1763
B10-6154901,F1764
B10-6154908,F1765
B10-6154931,F1766
B10-6166158,F1767
B10-6166210,F1768
B10-6166261,F1769
B10-6186124,F1770
B10-6195316,F1771
B10-6217322,F1772
B10-6224140,F1773
B10-6224158,F1774
B10-6224892,F1775
B10-6234528,F1776
B10-6246149,F1777
B10-6251486,F1778
B10-6271294,F1779
B10-6271299,F1780
B10-6271300,F1781
B10-6291346,F1782
B10-6291386,F1783
B10-6291397,F1784
B10-6291398,F1785
B10-6297598,F1786
B10-6297668,F1787
B10-6297752,F1788
B10-6298072,F1789
B10-6298629,F1790
B10-6339670,F1791
B10-6339866,F1792
B10-6339927,F1793
B10-6339937,F1794
B10-6339973,F1795
B10-6341112,F1796
B10-6345348,F1797
B10-6346674,F1798
B10-6358361,F1799
B10-6358364,F1800
B10-6358515,F1801
B10-6359166,F1802
B10-9017256,F1803
B10-9017260,F1804
B10-9039051,F1805
B11-2014350,F1806
B11-2041652,F1807
B11-2051176,F1808
B11-2067104,F1809
B11-2067173,F1810
B11-2083023,F1811
B11-2085371,F1812
B11-2131237,F1813
B11-21318965,F1814
B11-21780555,F1815
B11-2178074,F1816
B11-2189147,F1817
B11-2207184,F1818
B11-3008404,F1819
B11-3008440,F1820
B11-3011101,F1821
B11-3055262,F1822
B11-3070193,F1823
B11-3073298,F1824
B11-3073341,F1825
B11-3083255,F1826
B11-3115769,F1827
B11-3123319,F1828
B11-3123473,F1829
B11-3170533,F1830
B11-3170534,F1831
B11-3170552,F1832
B11-3172003,F1833
B11-4008805,F1834
B11-4081019,F1835
B11-4090197,F1836
B11-4240497,F1837
B11-4245565,F1838
B11-4246099,F1839
B11-4246150,F1840
B11-4311217,F1841
B11-5056912,F1842
B11-5056981,F1843
B11-5140870,F1844
B11-6049881,F1845
B11-6049912,F1846
B11-6091476,F1847
B11-6091746,F1848
B11-6093027,F1849
B11-6094058,F1850
B11-6094115,F1851
B11-6103512,F1852
B11-6103563,F1853
B11-6103636,F1854
B11-6108658,F1855
B11-6110086,F1856
B11-6113795,F1857
B11-6115021,F1858
B11-6119038,F1859
B11-6119130,F1860
B11-6167114,F1861
B11-6167136,F1862
B11-6167150,F1863
B11-6173363,F1864
B11-6174516,F1865
B11-6177331,F1866
B11-6203200,F1867
B11-6225599,F1868
B11-6226332,F1869
B11-6238543,F1870
B11-6238573,F1871
B11-6238597,F1872
B11-6240231,F1873
B11-6244601,F1874
B11-6244606,F1875
B11-6244612,F1876
B11-6244772,F1877
B11-6245326,F1878
B11-6260447,F1879
B11-6261575,F1880
B11-6261690,F1881
B11-6263259,F1882
B11-6265281,F1883
B11-6265426,F1884
B11-6265441,F1885
B11-6266649,F1886
B11-6269967,F1887
B11-6269997,F1888
B11-6282549,F1889
B11-6282563,F1890
B11-6289620,F1891
B11-6289680,F1892
B11-6326454,F1893
B11-6327883,F1894
B11-6332704,F1895
B11-6333522,F1896
B11-6333783,F1897
B11-6340842,F1898
B11-6340888,F1899
B11-6341403,F1900
B11-6341421,F1901
B11-9065108,F1902
B11-9103264,F1903
B12-1505651,F1904
B12-2061163,F1905
B12-2080229,F1906
B12-2098065,F1907
B12-2168689,F1908
B12-2182876,F1909
B12-3050007,F1910
B12-3050012,F1911
B12-3053826,F1912
B12-3088052,F1913
B12-3112232,F1914
B12-3124518,F1915
B12-3127103,F1916
B12-3127542,F1917
B12-3161985,F1918
B12-3162754,F1919
B12-3162831,F1920
B12-3691293,F1921
B12-4062760,F1922
B12-4120246,F1923
B12-4175048,F1924
B12-4185851,F1925
B12-4186291,F1926
B12-4278285,F1927
B12-4287499,F1928
B12-4310468,F1929
B12-5030350,F1930
B12-5047081,F1931
B12-5047095,F1932
B12-6023227,F1933
B12-6023275,F1934
B12-6024544,F1935
B12-6051091,F1936
B12-6053173,F1937
B12-6123209,F1938
B12-6123556,F1939
B12-6123808,F1940
B12-6125414,F1941
B12-6125537,F1942
B12-6130761,F1943
B12-6157109,F1944
B12-6157147,F1945
B12-6184508,F1946
B12-6196004,F1947
B12-6196107,F1948
B12-6196564,F1949
B12-6225399,F1950
B12-6228722,F1951
B12-6276250,F1952
B12-6314367,F1953
B12-6315126,F1954
B12-6318216,F1955
B12-6320180,F1956
B12-6321296,F1957
B12-6321401,F1958
B12-6321471,F1959
B12-6324671,F1960
B12-6326126,F1961
B12-9032373,F1962
B13-1508773,F1963
B13-2006114,F1964
B13-2053471,F1965
B13-2071432,F1966
B13-3031567,F1967
B13-3031741,F1968
B13-3031767,F1969
B13-3031784,F1970
B13-3056197,F1971
B13-3148691,F1972
B13-3159460,F1973
B13-3160868,F1974
B13-4035017,F1975
B13-4035076,F1976
B13-4035080,F1977
B13-4035115,F1978
B13-4169107,F1979
B13-4176405,F1980
B13-4193744,F1981
B13-4288444,F1982
B13-5020779,F1983
B13-5020961,F1984
B13-5108675,F1985
B13-6043006,F1986
B13-6062120,F1987
B13-6075894,F1988
B13-6075898,F1989
B13-6094684,F1990
B13-6095152,F1991
B13-6096329,F1992
B13-6096596,F1993
B13-6122154,F1994
B13-6122918,F1995
B13-6139803,F1996
B13-6139813,F1997
B13-6139848,F1998
B13-6143683,F1999
B13-6151281,F2000
B13-6151283,F2001
B13-6151303,F2002
B13-6306899,F2003
B13-6308479,F2004
B13-6310308,F2005
B13-6310312,F2006
B13-6310313,F2007
B13-6313926,F2008
B13-6320159,F2009
B13-6321314,F2010
B13-9029414,F2011
B14-2328168,F2012
B14-3131805,F2013
B14-3150599,F2014
B14-4000199,F2015
B14-4009078,F2016
B14-4009096,F2017
B14-4148060,F2018
B14-4148070,F2019
B14-4234253,F2020
B14-6022972,F2021
B14-6072358,F2022
B14-6091763,F2023
B14-6157724,F2024
B14-6157834,F2025
B14-6174365,F2026
B14-6304972,F2027
B15-4134246,F2028
B15-6036593,F2029
B16-2182048,F2030
B16-2283877,F2031
B16-3136600,F2032
B16-4260917,F2033
B16-4260968,F2034
B16-6020193,F2035
B16-6075683,F2036
B17-1126423,F2037
B1982-6380170,F2038
B1982-6729646,F2039
B1984-6685755,F2040
B1987-2297197,F2041
B1987-3052819,F2042
B1987-3089349,F2043
B1987-3190166,F2044
B1988-2031497,F2045
B1988-4243575,F2046
B1989-3315380,F2047
B1989-4139920,F2048
B1989-4288521,F2049
B1989-6158654,F2050
B1989-6305821,F2051
B1989-6366084,F2052
B1990-2523263,F2053
B1990-2553359,F2054
B1990-4208471,F2055
B1990-4319953,F2056
B1990-6088614,F2057
B1990-6277397,F2058
B1990-6531177,F2059
B1990-6563347,F2060
B1991-4261261,F2061
B1991-4560548,F2062
B1991-5110266,F2063
B1991-5248516,F2064
B1991-5248546,F2065
B1991-6685037,F2066
B1992-3082421,F2067
B1992-3138647,F2068
B1992-6074328,F2069
B1992-6542371,F2070
B1992-6542479,F2071
B1993-2053827,F2072
B1993-2132123,F2073
B1993-2132330,F2074
B1993-4392044,F2075
B1993-4429368,F2076
B1993-4449137,F2077
B1993-4655123,F2078
B1993-6681353,F2079
B1994-2210208,F2080
B1994-3238558,F2081
B1994-4438205,F2082
B1994-6142751,F2083
B1994-6142774,F2084
B1994-6214446,F2085
B1994-6366907,F2086
B1994-6522251,F2087
B1994-6582712,F2088
B1994-6633774,F2089
B1995-2259507,F2090
B1995-3336674,F2091
B1995-5111447,F2092
B1995-6076417,F2093
B1995-623035,F2094
B1995-6230638,F2095
B1995-6230656,F2096
B1995-6246005,F2097
B1995-6274320,F2098
B1995-6523289,F2099
B1995-6639248,F2100
B1996-3121913,F2101
B1996-4171703,F2102
B1996-4271517,F2103
B1996-4391910,F2104
B1996-4391925,F2105
B1996-4391982,F2106
B1996-6140714,F2107
B1996-6376193,F2108
B1996-6615170,F2109
B1997-2167165,F2110
B1997-2450276,F2111
B1997-3305936,F2112
B1997-4182143,F2113
B1997-4263054,F2114
B1997-5166322,F2115
B1997-5166341,F2116
B1997-5166412,F2117
B1997-5267265,F2118
B1997-6157766,F2119
B1997-6162118,F2120
B1997-6165851,F2121
B1997-6327448,F2122
B1997-6355026,F2123
B1997-6362058,F2124
B1997-6390022,F2125
B1997-6523459,F2126
B1997-6549507,F2127
B1997-6588200,F2128
B1998-2061202,F2129
B1998-2350997,F2130
B1998-3024841,F2131
B1998-4184729,F2132
B1998-4184899,F2133
B1998-5075454,F2134
B1998-5075521,F2135
B1998-5075834,F2136
B1998-5296409,F2137
B1998-6161525,F2138
B1998-6210287,F2139
B1998-6210450,F2140
B1998-6210514,F2141
B1998-6278036,F2142
B1998-6278076,F2143
B1998-6396501,F2144
B1998-6484219,F2145
B1998-6589910,F2146
B1999-2017712,F2147
B1999-2045251,F2148
B1999-2251413,F2149
B1999-2260201,F2150
B1999-4262223,F2151
B1999-4288739,F2152
B1999-4392910,F2153
B1999-4393519,F2154
B1999-4500907,F2155
B1999-4525040,F2156
B1999-5091084,F2157
B1999-5118824,F2158
B1999-6179478,F2159
B1999-6256039,F2160
B1999-6265238,F2161
B1999-6308257,F2162
B1999-6381164,F2163
B1999-6493868,F2164
B2000-2152014,F2165
B2000-2265863,F2166
B2000-2333715,F2167
B2000-2352576,F2168
B2000-2352590,F2169
B2000-2376057,F2170
B2000-2394434,F2171
B2000-3106326,F2172
B2000-4065805,F2173
B2000-4317119,F2174
B2000-4396479,F2175
B2000-6003259,F2176
B2000-6178661,F2177
B2000-6367112,F2178
B2000-6367509,F2179
B2000-6440232,F2180
B2001-2018313,F2181
B2001-2190395,F2182
B2001-2204067,F2183
B2001-2335676,F2184
B2001-3031243,F2185
B2001-4094638,F2186
B2001-4161243,F2187
B2001-5010172,F2188
B2001-5010600,F2189
B2001-6025830,F2190
B2001-6179491,F2191
B2001-6255231,F2192
B2001-6351574,F2193
B2001-6366746,F2194
B2001-6367319,F2195
B2001-6455003,F2196
B2001-6475107,F2197
B2002-2214263,F2198
B2002-2214284,F2199
B2002-3025836,F2200
B2002-3185845,F2201
B2002-3248855,F2202
B2002-4159754,F2203
B2002-4247632,F2204
B2002-6051523,F2205
B2002-6058323,F2206
B2002-6186032,F2207
B2002-6330820,F2208
B2002-6330822,F2209
B2002-6350191,F2210
B2002-6354135,F2211
B2002-6354241,F2212
B2002-6432811,F2213
B2002-647846495,F2214
B2002-6506934,F2215
B2002-6508588,F2216
B2003-0210144,F2217
B2003-2001983,F2218
B2003-2120843,F2219
B2003-2251069,F2220
B2003-2251642,F2221
B2003-3028094,F2222
B2003-3131084,F2223
B2003-4031498,F2224
B2003-4135895,F2225
B2003-6033216,F2226
B2003-6054690,F2227
B2003-6192606,F2228
B2003-6250293,F2229
B2003-6277418,F2230
B2003-6452591,F2231
B2003-6460053,F2232
B2003-6460062,F2233
B2003-6481302,F2234
B2004-2125350,F2235
B2004-3001834,F2236
B2004-3075492,F2237
B2004-3075523,F2238
B2004-3227967,F2239
B2004-4035026,F2240
B2004-4349122,F2241
B2004-4424698,F2242
B2004-5081154,F2243
B2004-5141649,F2244
B2004-5153992,F2245
B2004-6177627,F2246
B2004-6202091,F2247
B2004-6265645,F2248
B2004-6276670,F2249
B2004-6293144,F2250
B2004-6293191,F2251
B2004-6293194,F2252
B2004-6430819,F2253
B2004-6431082,F2254
B2005-2062059,F2255
B2005-2201722,F2256
B2005-2257311,F2257
B2005-2257352,F2258
B2005-3168575,F2259
B2005-3177035,F2260
B2005-4391911,F2261
B2005-5005154,F2262
B2005-5059261,F2263
B2005-5059381,F2264
B2005-5148997,F2265
B2005-6045015,F2266
B2005-6052018,F2267
B2005-6052073,F2268
B2005-6052111,F2269
B2005-6054214,F2270
B2005-6054295,F2271
B2005-6118235,F2272
B2005-6155345,F2273
B2005-6155385,F2274
B2005-6157256,F2275
B2005-6157258,F2276
B2005-6225666,F2277
B2005-6225881,F2278
B2005-6444367,F2279
B2005-6444400,F2280
B2005-6445574,F2281
B2005-6445580,F2282
B2005-6449907,F2283
B2005-6450535,F2284
B20056-6052027,F2285
B2006-3010242,F2286
B2006-3125959,F2287
B2006-3134115,F2288
B2006-3134235,F2289
B2006-3206856,F2290
B2006-5088340,F2291
B2006-5150395,F2292
B2006-6056112,F2293
B2006-6173403,F2294
B2006-6212441,F2295
B2006-6267096,F2296
B2006-6270104,F2297
B2006-6329251,F2298
B2006-6398583,F2299
B2006-6407361,F2300
B2007-2038199,F2301
B2007-2103094,F2302
B2007-2222840,F2303
B2007-2222892,F2304
B2007-2250555,F2305
B2007-3153111,F2306
B2007-3199929,F2307
B2007-4081813,F2308
B2007-4235685,F2309
B2007-4368506,F2310
B2007-4373762,F2311
B2007-5125996,F2312
B2007-5175949,F2313
B2007-6043921,F2314
B2007-6221588,F2315
B2007-6356002,F2316
B2007-6356145,F2317
B2007-6356193,F2318
B2007-6389026,F2319
B2007-6389040,F2320
B2007-6389074,F2321
B2007-6389077,F2322
B2007-6389100,F2323
B2007-6403737,F2324
B2007-6404543,F2325
B2008-2040063,F2326
B2008-3022143,F2327
B2008-3037377,F2328
B2008-3153253,F2329
B2008-4346244,F2330
B2008-5084296,F2331
B2008-5116085,F2332
B2008-5116103,F2333
B2008-6144214,F2334
B2008-6176863,F2335
B2008-6339126,F2336
B2008-6374035,F2337
B2009-2025181,F2338
B2009-2119421,F2339
B2009-3065814,F2340
B2009-3065848,F2341
B2009-3149960,F2342
B2009-3171413,F2343
B2009-3181572,F2344
B2009-3181839,F2345
B2009-4263016,F2346
B2009-5061825,F2347
B2009-5154104,F2348
B2009-6041322,F2349
B2009-6086598598,F2350
B2009-6233674,F2351
B2009-6248545,F2352
B2010-2059860,F2353
B2010-2063107,F2354
B2010-2063154,F2355
B2010-3174584,F2356
B2010-3183610,F2357
B2010-5176573,F2358
B2010-6052092,F2359
B2010-6052136,F2360
B2010-6204348,F2361
B2010-6298589,F2362
B2010-6298629,F2363
B2010-6341112,F2364
B2010-6341113,F2365
B2011-2041694,F2366
B2011-2067239,F2367
B2011-2083439,F2368
B2011-5092685,F2369
B2011-6238397,F2370
B2011-6240282,F2371
B2011-6265386,F2372
B2012-6140949,F2373
B2013-4102384,F2374
B2013-6151395,F2375
B2013-6309936,F2376
B2013-6310483,F2377
B2014-2328168,F2378
B2014-6240098,F2379
B2014-6306505,F2380
B2015-4146054,F2381
B2015-4263605,F2382
B2181371-98,F2383
B2214318-09,F2384
B2222388-07,F2385
B6091121-08,F2386
B6316-08-120,F2387
B6362315-94,F2388
B64-6140875,F2389
B73-6736019,F2390
B77-2367021,F2391
B77-3043584,F2392
B77-3064419,F2393
B78-5320449,F2394
B78-6145268,F2395
B79-6631331,F2396
B8-3172987,F2397
B81-2396125,F2398
B81-3238253,F2399
B81-6116665,F2400
B81-6116734,F2401
B81-6463237,F2402
B81-6600376,F2403
B81-6688022,F2404
B82-5000628,F2405
B82-6271130,F2406
B82-6380170,F2407
B82-6736965,F2408
B83-2350008,F2409
B83-2350199,F2410
B83-3020156,F2411
B83-53240010,F2412
B83-6376407,F2413
B83-6464449,F2414
B83-6528577,F2415
B84-0000002,F2416
B84-2558479,F2417
B84-3152246,F2418
B84-3268638,F2419
B84-5282642,F2420
B84-6059512,F2421
B84-6160994,F2422
B84-6510285,F2423
B84-6560571,F2424
B84-6685755,F2425
B84-6698864,F2426
B85-2359168,F2427
B85-2467558,F2428
B85-2555883,F2429
B85-2566525,F2430
B85-2566545,F2431
B85-4016662,F2432
B85-5096007,F2433
B85-5230489,F2434
B85-6377502,F2435
B85-6377515,F2436
B85-6379890,F2437
B85-6392475,F2438
B85-6527336,F2439
B85-6567043,F2440
B85-6567117,F2441
B85-6580715,F2442
B85-6580826,F2443
B85-6580876,F2444
B85-6713500,F2445
B86-16743,F2446
B86-2118042,F2447
B86-2118255,F2448
B86-2553521,F2449
B86-3158708,F2450
B86-3298661,F2451
B86-5227213,F2452
B86-6056506,F2453
B86-6130802,F2454
B86-6260314,F2455
B86-6271104,F2456
B86-6320969,F2457
B86-6360347,F2458
B86-6475047,F2459
B86-6475153,F2460
B86-6616231,F2461
B86-6676122,F2462
B86-6694386,F2463
B86-6716815,F2464
B86-9122830,F2465
B87-2124109,F2466
B87-2297197,F2467
B87-27088,F2468
B87-3008002,F2469
B87-3089349,F2470
B87-3089377,F2471
B87-4021090,F2472
B87-4310082,F2473
B87-5168866,F2474
B87-5320645,F2475
B87-6155987,F2476
B87-6337115,F2477
B87-6337256,F2478
B87-6360589,F2479
B87-6488840,F2480
B87-6616473,F2481
B88-2345353,F2482
B88-2563607,F2483
B88-28221,F2484
B88-3206088,F2485
B88-3307763,F2486
B88-3389798,F2487
B88-6145498,F2488
B88-6163547,F2489
B88-6163589,F2490
B88-6240603,F2491
B88-6318694,F2492
B88-65822,F2493
B88-6603937,F2494
B88-6631627,F2495
B88-669393788,F2496
B88-6725723,F2497
B88-8901,F2498
B89-2201387,F2499
B89-3015406,F2500
B89-3160827,F2501
B89-3307220,F2502
B89-4274193,F2503
B89-4465322,F2504
B89-5205727,F2505
B89-5340010,F2506
B89-6040787,F2507
B89-6150123,F2508
B89-6150135,F2509
B89-6202092,F2510
B89-6202093,F2511
B89-6270437,F2512
B89-6324199,F2513
B89-6358226,F2514
B89-6366789,F2515
B89-6479635,F2516
B89-6606996,F2517
B89-6611641,F2518
B89-6699714,F2519
B89-6727915,F2520
B89-6727919,F2521
B90-2100457,F2522
B90-2105473,F2523
B90-2255300,F2524
B90-2273555,F2525
B90-2371741,F2526
B90-3119120,F2527
B90-3119128,F2528
B90-4002911,F2529
B90-4002926,F2530
B90-4499042,F2531
B90-5001001,F2532
B90-50072,F2533
B90-5049955,F2534
B90-5328322,F2535
B90-5335977,F2536
B90-5343668,F2537
B90-6088614,F2538
B90-6127767,F2539
B90-6237530,F2540
B90-6237578,F2541
B90-6237584,F2542
B90-6244884,F2543
B90-6277376,F2544
B90-6277377,F2545
B90-6277397,F2546
B90-6277606,F2547
B90-6306593,F2548
B90-630670,F2549
B90-6331119,F2550
B90-6401692,F2551
B90-6563338,F2552
B90-6652120,F2553
B90-6661229,F2554
B90-6669172,F2555
B90-6671265,F2556
B90-72431,F2557
B90-72456,F2558
B91-00804,F2559
B91-0080817,F2560
B91-11089,F2561
B91-1763303,F2562
B91-2086940,F2563
B91-2100163,F2564
B91-2306167,F2565
B91-2356662,F2566
B91-3000847,F2567
B91-3204036,F2568
B91-3204047,F2569
B91-3204220,F2570
B91-3210123,F2571
B91-3212937,F2572
B91-3291864,F2573
B91-3339670,F2574
B91-3342395,F2575
B91-3363821,F2576
B91-4261261,F2577
B91-4446821,F2578
B91-5002240,F2579
B91-5050158327,F2580
B91-5055514,F2581
B91-5060199,F2582
B91-5166888,F2583
B91-5263752,F2584
B91-5268690,F2585
B91-6085334,F2586
B91-613925,F2587
B91-6178110,F2588
B91-6178257,F2589
B91-6183106,F2590
B91-6183124,F2591
B91-6227401,F2592
B91-6227403,F2593
B91-6227405,F2594
B91-6227455,F2595
B91-6227456,F2596
B91-6298409,F2597
B91-6298540,F2598
B91-6298570,F2599
B91-6325915,F2600
B91-6371155,F2601
B91-6372283,F2602
B91-6376055,F2603
B91-6437358,F2604
B91-6680123,F2605
B91-6680124,F2606
B91-6680418,F2607
B91-6685038,F2608
B91-6685040,F2609
B92-2195255,F2610
B92-2197064,F2611
B92-2198344,F2612
B92-2310504,F2613
B92-2486761,F2614
B92-2488909,F2615
B92-2526241,F2616
B92-3040429,F2617
B92-3040434,F2618
B92-3138672,F2619
B92-3233107,F2620
B92-3266678,F2621
B92-3359525,F2622
B92-4490676,F2623
B92-4564103,F2624
B92-5000052,F2625
B92-5000631,F2626
B92-5000929,F2627
B92-5017631,F2628
B92-5040349,F2629
B92-5040382,F2630
B92-5040388,F2631
B92-5052992,F2632
B92-5106212,F2633
B92-5299285,F2634
B92-5331586,F2635
B92-5335457,F2636
B92-6048500,F2637
B92-6053856,F2638
B92-6074390,F2639
B92-6074426,F2640
B92-6074579,F2641
B92-6074663,F2642
B92-6074700,F2643
B92-6095425,F2644
B92-6162729,F2645
B92-6162744,F2646
B92-6162746,F2647
B92-6162756,F2648
B92-6167021,F2649
B92-6242005,F2650
B92-6243625,F2651
B92-6308540,F2652
B92-6319505,F2653
B92-6337535,F2654
B92-6376923,F2655
B92-6520318,F2656
B92-6596037,F2657
B92-6606146,F2658
B92-6673402,F2659
B92-6673987,F2660
B92-6680611,F2661
B92-6682536,F2662
B92-807229,F2663
B92-9254304,F2664
B93-13188,F2665
B93-1979344,F2666
B93-2034391,F2667
B93-2053827,F2668
B93-2053906,F2669
B93-2053961,F2670
B93-2132123,F2671
B93-2133027,F2672
B93-2139193,F2673
B93-2434274,F2674
B93-2517901,F2675
B93-3010103,F2676
B93-3017097,F2677
B93-3050068,F2678
B93-3050110,F2679
B93-3051184,F2680
B93-3130073,F2681
B93-3268617,F2682
B93-3354340,F2683
B93-4429362,F2684
B93-4429368,F2685
B93-4554778,F2686
B93-5010001,F2687
B93-5010004,F2688
B93-5010010,F2689
B93-5139333,F2690
B93-5169865,F2691
B93-5188111,F2692
B93-5288924,F2693
B93-5314244,F2694
B93-6057627,F2695
B93-6057663,F2696
B93-6057704,F2697
B93-6057734,F2698
B93-6095331,F2699
B93-6097246,F2700
B93-6126917,F2701
B93-6158625,F2702
B93-6210739,F2703
B93-6221429,F2704
B93-6228670,F2705
B93-6383612,F2706
B93-6405603,F2707
B93-6433705,F2708
B93-644030493,F2709
B93-6440306,F2710
B93-6440307,F2711
B93-6440308,F2712
B93-6440326,F2713
B93-6440337,F2714
B93-6440401,F2715
B93-6442526,F2716
B93-6444396,F2717
B93-6491172,F2718
B93-6491173,F2719
B93-6491935,F2720
B93-6499550,F2721
B93-6501201,F2722
B93-6501300,F2723
B93-6529698,F2724
B93-6621023,F2725
B93-6621060,F2726
B93-6621110,F2727
B93-6631866,F2728
B93-6670110,F2729
B93-6677331,F2730
B93-6677427,F2731
B93-6681316,F2732
B93-6681396,F2733
B94-07348443,F2734
B94-1621421,F2735
B94-2061091,F2736
B94-2061168,F2737
B94-2061350,F2738
B94-2118023,F2739
B94-2401842,F2740
B94-2478548,F2741
B94-3160128,F2742
B94-316344,F2743
B94-3237043,F2744
B94-3237168,F2745
B94-3237367,F2746
B94-3253127,F2747
B94-3294185,F2748
B94-3316697,F2749
B94-3320789,F2750
B94-4332473,F2751
B94-4407032,F2752
B94-4421875,F2753
B94-4438219,F2754
B94-4498699,F2755
B94-4578836,F2756
B94-4614652,F2757
B94-5038833,F2758
B94-5199146,F2759
B94-5328517,F2760
B94-6055615,F2761
B94-6059276,F2762
B94-608,F2763
B94-6081498,F2764
B94-6081753,F2765
B94-6093575,F2766
B94-6093587,F2767
B94-6108650,F2768
B94-6112853,F2769
B94-6118462,F2770
B94-6142744,F2771
B94-6174524,F2772
B94-6185034,F2773
B94-6214446,F2774
B94-6241201,F2775
B94-6261205,F2776
B94-6261231,F2777
B94-6261242,F2778
B94-6308029,F2779
B94-6323005,F2780
B94-6323100,F2781
B94-6336112,F2782
B94-6366819,F2783
B94-6366893,F2784
B94-6366929,F2785
B94-6385403,F2786
B94-6388921,F2787
B94-6434010,F2788
B94-6434172,F2789
B94-6434988,F2790
B94-6495098,F2791
B94-6495228,F2792
B94-6522251,F2793
B94-6561649,F2794
B94-6567156,F2795
B94-6582712,F2796
B94-6633774,F2797
B94-6649650,F2798
B94-6652880,F2799
B94-6667010,F2800
B94-9080023,F2801
B94-9080049,F2802
B94-9080122,F2803
B94-9080164,F2804
B95-2046637,F2805
B95-2156510,F2806
B95-2479220,F2807
B95-2479987,F2808
B95-3062847,F2809
B95-3064628,F2810
B95-3166126,F2811
B95-3185530,F2812
B95-3192525,F2813
B95-3211364,F2814
B95-3211424,F2815
B95-3211468,F2816
B95-3227773,F2817
B95-3263118,F2818
B95-3274306,F2819
B95-3303063,F2820
B95-3305105,F2821
B95-3328979,F2822
B95-3335693,F2823
B95-3336350,F2824
B95-3336619,F2825
B95-4148210,F2826
B95-4148211,F2827
B95-4212574,F2828
B95-4516090,F2829
B95-4611494,F2830
B95-4618835,F2831
B95-4618837,F2832
B95-4618918,F2833
B95-5000924,F2834
B95-5052496,F2835
B95-5057345,F2836
B95-5074919,F2837
B95-5084577,F2838
B95-5111423,F2839
B95-5111447,F2840
B95-5111449,F2841
B95-5211928,F2842
B95-5259054,F2843
B95-5283434,F2844
B95-5295724,F2845
B95-5310582,F2846
B95-5317884,F2847
B95-5889144,F2848
B95-6054341,F2849
B95-6054392,F2850
B95-6076417,F2851
B95-6189656,F2852
B95-6222434,F2853
B95-6226954,F2854
B95-6227709,F2855
B95-6230638,F2856
B95-6246200,F2857
B95-6274320,F2858
B95-6274330,F2859
B95-6274342,F2860
B95-6274348,F2861
B95-62744342,F2862
B95-6282038,F2863
B95-6284309,F2864
B95-6300210,F2865
B95-6302321,F2866
B95-6302327,F2867
B95-6303932,F2868
B95-6316476,F2869
B95-6316485,F2870
B95-6316539,F2871
B95-6316595,F2872
B95-6361522,F2873
B95-6368251,F2874
B95-6372272,F2875
B95-6427760,F2876
B95-643341,F2877
B95-6471492,F2878
B95-6508036,F2879
B95-6536121,F2880
B95-6558347,F2881
B95-6637008,F2882
B95-6637863,F2883
B95-6647246,F2884
B95-6649143,F2885
B95-6651537,F2886
B95-9231712,F2887
B96-1089255,F2888
B96-1903749,F2889
B96-2013439,F2890
B96-2017416,F2891
B96-2017423,F2892
B96-2045530,F2893
B96-2096241,F2894
B96-2224677,F2895
B96-2270528,F2896
B96-2363131,F2897
B96-2443450,F2898
B96-2464617,F2899
B96-3019501,F2900
B96-3019839,F2901
B96-3096031,F2902
B96-3121904,F2903
B96-3121913,F2904
B96-3156009,F2905
B96-3156136,F2906
B96-3221608,F2907
B96-3226008,F2908
B96-3305249,F2909
B96-3306301,F2910
B96-3308008,F2911
B96-3314584,F2912
B96-3315906,F2913
B96-4352734,F2914
B96-4391939,F2915
B96-4391958,F2916
B96-4533430,F2917
B96-4605777,F2918
B96-5087321,F2919
B96-5090228,F2920
B96-5100387,F2921
B96-6038445,F2922
B96-6038485,F2923
B96-6049909,F2924
B96-6086064,F2925
B96-6086151,F2926
B96-6086201,F2927
B96-6086235,F2928
B96-6086289,F2929
B96-6086300,F2930
B96-6086384,F2931
B96-6096003,F2932
B96-6100105,F2933
B96-6100120,F2934
B96-6100246,F2935
B96-6126960,F2936
B96-6165098,F2937
B96-6171836,F2938
B96-6183096,F2939
B96-6223094,F2940
B96-6223331,F2941
B96-6223353,F2942
B96-6223357,F2943
B96-6223374,F2944
B96-6223435,F2945
B96-6286060,F2946
B96-6286083,F2947
B96-6286093,F2948
B96-6288071,F2949
B96-6288131,F2950
B96-6307033,F2951
B96-6307261,F2952
B96-6335299,F2953
B96-6351995,F2954
B96-6376126,F2955
B96-6376199,F2956
B96-6379868,F2957
B96-6381687,F2958
B96-6404318,F2959
B96-6406776,F2960
B96-6445285,F2961
B96-6445386,F2962
B96-6452295,F2963
B96-6452296,F2964
B96-6465512,F2965
B96-6490451,F2966
B96-6491716,F2967
B96-6492541,F2968
B96-6514951,F2969
B96-6514977,F2970
B96-6523333,F2971
B96-6541228,F2972
B96-6573271,F2973
B96-6586824,F2974
B96-6598546,F2975
B96-6598547,F2976
B96-6599152,F2977
B96-6618829,F2978
B96-662081,F2979
B96-6938419,F2980
B96-9107969,F2981
B96-9693614,F2982
B97-1642269,F2983
B97-1680766,F2984
B97-1740980,F2985
B97-1758781,F2986
B97-2076286,F2987
B97-2076498,F2988
B97-209445097,F2989
B97-2168012,F2990
B97-2222852,F2991
B97-2288462,F2992
B97-2378787100,F2993
B97-245036492,F2994
B97-2450465,F2995
B97-3072314,F2996
B97-3087828,F2997
B97-3106500,F2998
B97-3157374,F2999
B97-3221723,F3000
B97-3221726,F3001
B97-3229754,F3002
B97-32353721997,F3003
B97-3294175,F3004
B97-3294183,F3005
B97-3301433,F3006
B97-3303087,F3007
B97-3305936,F3008
B97-4182175,F3009
B97-4237625,F3010
B97-4237808,F3011
B97-4237817,F3012
B97-4263008,F3013
B97-4263065,F3014
B97-4266072,F3015
B97-432179998,F3016
B97-4483920,F3017
B97-4488095,F3018
B97-4528428,F3019
B97-4585311,F3020
B97-5019245,F3021
B97-5160390,F3022
B97-5166439,F3023
B97-5189611,F3024
B97-5204417,F3025
B97-5204431,F3026
B97-5204459,F3027
B97-5261930,F3028
B97-5301188,F3029
B97-6073648,F3030
B97-6101002,F3031
B97-6101027,F3032
B97-6101055,F3033
B97-6145011,F3034
B97-6145223,F3035
B97-6151767,F3036
B97-6157699,F3037
B97-6162045,F3038
B97-6162074,F3039
B97-6162118,F3040
B97-6162340,F3041
B97-6165830,F3042
B97-6201401,F3043
B97-6206715,F3044
B97-6210632,F3045
B97-6213410,F3046
B97-6217464,F3047
B97-6270352,F3048
B97-6270413,F3049
B97-6270414,F3050
B97-6270419,F3051
B97-6270490,F3052
B97-6330069,F3053
B97-6345101,F3054
B97-6362086,F3055
B97-6362091,F3056
B97-6364004,F3057
B97-6364092,F3058
B97-6390022,F3059
B97-6390083,F3060
B97-6390133,F3061
B97-6390146,F3062
B97-6390147,F3063
B97-6390153,F3064
B97-6407575,F3065
B97-6420763,F3066
B97-6421435,F3067
B97-6421504,F3068
B97-6423539,F3069
B97-6424264,F3070
B97-6449984,F3071
B97-6463999,F3072
B97-6466984,F3073
B97-6474316,F3074
B97-6499247,F3075
B97-6499255,F3076
B97-6501610,F3077
B97-6523459,F3078
B97-6539152,F3079
B97-6548525,F3080
B97-6548709,F3081
B97-6548725,F3082
B97-6549518,F3083
B97-6566561,F3084
B97-6569500,F3085
B97-6587240,F3086
B97-6592444,F3087
B97-6592482,F3088
B97-6592486,F3089
B97-6594874,F3090
B97-6596425,F3091
B97-6597227,F3092
B97-6597228,F3093
B97-6597293,F3094
B97-6604291,F3095
B97-6604629,F3096
B97-66362086,F3097
B97-9129061,F3098
B98-00825476,F3099
B98-2098681,F3100
B98-2214442,F3101
B98-2225709,F3102
B98-2245478,F3103
B98-2254433,F3104
B98-2273890,F3105
B98-2398272,F3106
B98-2449019,F3107
B98-3013162,F3108
B98-3013259,F3109
B98-3080001,F3110
B98-3145039,F3111
B98-3145079,F3112
B98-3145089,F3113
B98-3145155,F3114
B98-3146806,F3115
B98-3158062,F3116
B98-3158091,F3117
B98-3181155,F3118
B98-3194036,F3119
B98-3194039,F3120
B98-3194065,F3121
B98-3200237,F3122
B98-3240120,F3123
B98-3240153,F3124
B98-3303868,F3125
B98-4184712,F3126
B98-4185254,F3127
B98-4185270,F3128
B98-421012398,F3129
B98-4275469,F3130
B98-4275493,F3131
B98-4298129,F3132
B98-4368737,F3133
B98-4465452,F3134
B98-4538833,F3135
B98-4564967,F3136
B98-5001452,F3137
B98-5027541,F3138
B98-5027561,F3139
B98-5080559,F3140
B98-5104851,F3141
B98-5149694,F3142
B98-5158020,F3143
B98-5158036,F3144
B98-5163684,F3145
B98-5201208,F3146
B98-5201624,F3147
B98-5202680,F3148
B98-5242660,F3149
B98-5296409,F3150
B98-5296439,F3151
B98-6084069,F3152
B98-6084085,F3153
B98-6110700,F3154
B98-6110708,F3155
B98-6122084,F3156
B98-6156220,F3157
B98-6156404,F3158
B98-6160968,F3159
B98-6161532,F3160
B98-6164941,F3161
B98-6185637,F3162
B98-6210169,F3163
B98-62140407,F3164
B98-6216290,F3165
B98-6239868,F3166
B98-6253038,F3167
B98-6278026,F3168
B98-6278076,F3169
B98-6335690,F3170
B98-633590,F3171
B98-6339693,F3172
B98-6339723,F3173
B98-6339887,F3174
B98-6339888,F3175
B98-6350130,F3176
B98-6372155,F3177
B98-6383838,F3178
B98-6396501,F3179
B98-6398007,F3180
B98-6421220,F3181
B98-6427986,F3182
B98-6429618,F3183
B98-6429866,F3184
B98-6446047,F3185
B98-6470734,F3186
B98-6477108,F3187
B98-6491935,F3188
B98-6492636,F3189
B98-6495044,F3190
B98-6522029,F3191
B98-6522539,F3192
B98-6523029,F3193
B98-6523289,F3194
B98-6574986,F3195
B98-6580799,F3196
B98-6589622,F3197
B98-6589681,F3198
B98-6589969,F3199
B98-6590496,F3200
B98-6593439,F3201
B98-6594049,F3202
B98-9147006,F3203
B98-9147107,F3204
B98-9147129,F3205
B98-9147146,F3206
B98-9159660,F3207
B99-01439857,F3208
B99-14391000,F3209
B99-2017698,F3210
B99-2017823,F3211
B99-2036005,F3212
B99-2049741,F3213
B99-2160328,F3214
B99-2171918,F3215
B99-2190144,F3216
B99-2228133,F3217
B99-2250643,F3218
B99-2318173,F3219
B99-2318299,F3220
B99-2370428,F3221
B99-2378727,F3222
B99-2378877,F3223
B99-2379279,F3224
B99-2396264,F3225
B99-2434268,F3226
B99-3001481,F3227
B99-3020098,F3228
B99-3023909,F3229
B99-3076717,F3230
B99-3085120,F3231
B99-3098801,F3232
B99-3100105,F3233
B99-3103770,F3234
B99-3151680,F3235
B99-3151698,F3236
B99-3172131,F3237
B99-3173769,F3238
B99-3199530,F3239
B99-3199649,F3240
B99-3199906,F3241
B99-3221004,F3242
B99-3221044,F3243
B99-3221059,F3244
B99-3222438,F3245
B99-3243699,F3246
B99-3260280,F3247
B99-3282750,F3248
B99-3285031,F3249
B99-3285081,F3250
B99-3285097,F3251
B99-399906,F3252
B99-4011956,F3253
B99-412521,F3254
B99-4125265,F3255
B99-4160659,F3256
B99-4183207,F3257
B99-4221852,F3258
B99-4262213,F3259
B99-4262223,F3260
B99-4365030,F3261
B99-4365061,F3262
B99-4365080,F3263
B99-4392910,F3264
B99-4393579,F3265
B99-4393727,F3266
B99-4393735,F3267
B99-4436008,F3268
B99-4500907,F3269
B99-4534680,F3270
B99-5000704,F3271
B99-5033659,F3272
B99-5074811,F3273
B99-5091084,F3274
B99-5098360,F3275
B99-5153499,F3276
B99-5165173,F3277
B99-5193333,F3278
B99-5197303,F3279
B99-5197345,F3280
B99-5198045,F3281
B99-5247071,F3282
B99-5256360,F3283
B99-5268081,F3284
B99-5272682,F3285
B99-5272893,F3286
B99-6000159,F3287
B99-6030502,F3288
B99-6030541,F3289
B99-6030606,F3290
B99-6047027,F3291
B99-6047047,F3292
B99-6047184,F3293
B99-6060510,F3294
B99-6060550,F3295
B99-6061166,F3296
B99-6063949,F3297
B99-6078724,F3298
B99-6082046,F3299
B99-6082059,F3300
B99-6082066,F3301
B99-6082176,F3302
B99-6143191,F3303
B99-6143597,F3304
B99-6143862,F3305
B99-6143863,F3306
B99-6143980,F3307
B99-6151734,F3308
B99-6151930,F3309
B99-6169909,F3310
B99-6185566,F3311
B99-6185697,F3312
B99-618569701,F3313
B99-6185756,F3314
B99-6187545,F3315
B99-6214965,F3316
B99-6214976,F3317
B99-6229502,F3318
B99-6252346,F3319
B99-6252356,F3320
B99-6256549,F3321
B99-6265183,F3322
B99-6267031,F3323
B99-6304381,F3324
B99-6339490,F3325
B99-6340994,F3326
B99-6343940,F3327
B99-6353015,F3328
B99-6366880,F3329
B99-6366883,F3330
B99-6381164,F3331
B99-6381195,F3332
B99-6407743,F3333
B99-6437196,F3334
B99-6438033,F3335
B99-6438039,F3336
B99-6438082,F3337
B99-6448053,F3338
B99-6479272,F3339
B99-6479398,F3340
B99-6485734,F3341
B99-6490520,F3342
B99-6493886,F3343
B99-6494324,F3344
B99-6517590,F3345
B99-6517591,F3346
B99-6542294,F3347
B99-6547901,F3348
B99-6552499,F3349
B99-6553877,F3350
B99-6557929,F3351
B99-6559757,F3352
B99-6565056,F3353
B99-8037761,F3354
B99-9128001,F3355
B99-9128113,F3356
B99-9129609,F3357
B99-9147135,F3358
BE00-2178285,F3359
BE00-3124739,F3360
BE00-3127222,F3361
BE00-3146013,F3362
BE00-3148002,F3363
BE00-3162836,F3364
BE00-3195099,F3365
BE00-3200601,F3366
BE00-3200602,F3367
BE00-3200607,F3368
BE00-3256861,F3369
BE00-3272760,F3370
BE00-3277132,F3371
BE00-4267503,F3372
BE00-4270015,F3373
BE00-4443884,F3374
BE00-4509118,F3375
BE00-5200373,F3376
BE00-6141499,F3377
BE00-6175805,F3378
BE00-6175825,F3379
BE00-6175870,F3380
BE00-6178518,F3381
BE00-6245098,F3382
BE00-6249381,F3383
BE00-6301617,F3384
BE00-6367169,F3385
BE00-6367184,F3386
BE00-6440232,F3387
BE00-6448062,F3388
BE00-6452296,F3389
BE00-6480541,F3390
BE00-6548780,F3391
BE00-6553596,F3392
BE01-2054346,F3393
BE01-2137037,F3394
BE01-2137150,F3395
BE01-2137326,F3396
BE01-2204067,F3397
BE01-2342676,F3398
BE01-3140119,F3399
BE01-3266512,F3400
BE01-4174049,F3401
BE01-4237419,F3402
BE01-4237509,F3403
BE01-4283220,F3404
BE01-4383337,F3405
BE01-4489665,F3406
BE01-5193595,F3407
BE01-6179491,F3408
BE01-6345099,F3409
BE01-63451012001,F3410
BE01-6380371,F3411
BE01-6455003,F3412
BE01-6516456,F3413
BE01-6524809,F3414
BE01-769000275,F3415
BE01-9015115,F3416
BE01-9015149,F3417
BE01-9040072,F3418
BE02-2095003,F3419
BE02-2184493,F3420
BE02-2214259,F3421
BE02-2214260,F3422
BE02-2214263,F3423
BE02-3016467,F3424
BE02-3025837,F3425
BE02-3056382,F3426
BE02-3228815,F3427
BE02-3255938,F3428
BE02-4064532,F3429
BE02-4333309,F3430
BE02-4376254,F3431
BE02-4376465,F3432
BE02-4428040,F3433
BE02-5065272,F3434
BE02-5139433,F3435
BE02-6049374,F3436
BE02-6063849,F3437
BE02-6087804,F3438
BE02-6091900,F3439
BE02-6113220,F3440
BE02-6114797,F3441
BE02-6121679,F3442
BE02-6183083,F3443
BE02-6183084,F3444
BE02-6183099,F3445
BE02-6183100,F3446
BE02-6183124,F3447
BE02-6219637,F3448
BE02-6243472,F3449
BE02-6256038,F3450
BE02-6256199,F3451
BE02-6256251,F3452
BE02-6315014,F3453
BE02-6315041,F3454
BE02-6330844,F3455
BE02-6354135,F3456
BE02-6379496,F3457
BE02-6477821,F3458
BE02-6499857,F3459
BE02-6505110,F3460
BE02-6506323,F3461
BE02-6508543,F3462
BE02-9071615,F3463
BE03-2020962,F3464
BE03-3056316,F3465
BE03-3131084,F3466
BE03-4042639,F3467
BE03-4146103,F3468
BE03-4290001,F3469
BE03-4290083,F3470
BE03-4328989,F3471
BE03-4329022,F3472
BE03-4343099,F3473
BE03-4343129,F3474
BE03-4364134,F3475
BE03-4431181,F3476
BE03-4453787,F3477
BE03-5071667,F3478
BE03-5241862,F3479
BE03-6032896,F3480
BE03-6032897,F3481
BE03-6045289,F3482
BE03-6086300,F3483
BE03-6095358,F3484
BE03-6150214,F3485
BE03-6192564,F3486
BE03-6192606,F3487
BE03-6192634,F3488
BE03-6192776,F3489
BE03-6192777,F3490
BE03-6255007,F3491
BE03-6257209,F3492
BE03-6257240,F3493
BE03-6277418,F3494
BE03-6277483,F3495
BE03-6277485,F3496
BE03-6277636,F3497
BE03-6290114,F3498
BE03-6357007,F3499
BE03-6381698,F3500
BE03-6457591,F3501
BE03-6483323,F3502
BE03-6483456,F3503
BE04-2063218,F3504
BE04-2132303,F3505
BE04-2279207,F3506
BE04-2279208,F3507
BE04-2298053,F3508
BE04-3023042,F3509
BE04-3039926,F3510
BE04-3066697,F3511
BE04-3069722,F3512
BE04-3081015,F3513
BE04-3176837,F3514
BE04-3230980,F3515
BE04-4019957,F3516
BE04-4138987,F3517
BE04-4181432,F3518
BE04-4275938,F3519
BE04-4277044,F3520
BE04-4277400,F3521
BE04-5006082,F3522
BE04-5006088,F3523
BE04-5065566,F3524
BE04-5065636,F3525
BE04-5226586,F3526
BE04-6030372,F3527
BE04-6073696,F3528
BE04-6202033,F3529
BE04-6202115,F3530
BE04-6202172,F3531
BE04-6231885,F3532
BE04-6277729,F3533
BE04-6293144,F3534
BE04-6356585,F3535
BE04-6358919,F3536
BE04-6397101,F3537
BE04-6399469,F3538
BE04-6462534,F3539
BE04-6467302,F3540
BE04-6470289,F3541
BE04-6470912,F3542
BE05-2266436,F3543
BE05-3006569,F3544
BE05-3006583,F3545
BE05-3006631,F3546
BE05-3006772,F3547
BE05-3006867,F3548
BE05-3056993,F3549
BE05-3083812,F3550
BE05-3176578,F3551
BE05-3177035,F3552
BE05-3188726,F3553
BE05-3188732,F3554
BE05-3188897,F3555
BE05-3223510,F3556
BE05-3224796,F3557
BE05-4033597,F3558
BE05-4045124,F3559
BE05-4045252,F3560
BE05-4045392,F3561
BE05-4130439,F3562
BE05-4130443,F3563
BE05-4246519,F3564
BE05-4281507,F3565
BE05-4281706,F3566
BE05-4325774,F3567
BE05-4333360,F3568
BE05-4400566,F3569
BE05-4408025,F3570
BE05-5097854,F3571
BE05-5123179,F3572
BE05-5150294,F3573
BE05-5162133,F3574
BE05-5201215,F3575
BE05-5217167,F3576
BE05-5220465,F3577
BE05-6045015,F3578
BE05-6045166,F3579
BE05-6045474,F3580
BE05-6045520,F3581
BE05-6045589,F3582
BE05-6052018,F3583
BE05-6052027,F3584
BE05-6052212,F3585
BE05-6054296,F3586
BE05-6116222,F3587
BE05-6116232,F3588
BE05-6116272,F3589
BE05-6116293,F3590
BE05-6117670,F3591
BE05-6118235,F3592
BE05-6153301,F3593
BE05-6166350,F3594
BE05-6170855,F3595
BE05-6176146,F3596
BE05-6198745,F3597
BE05-6217616,F3598
BE05-6221006,F3599
BE05-6284830,F3600
BE05-6336792,F3601
BE05-6337096,F3602
BE05-6337097,F3603
BE05-6337291,F3604
BE05-6341163,F3605
BE05-6445543,F3606
BE05-6445580,F3607
BE05-6449907,F3608
BE05-6450529,F3609
BE05-6450535,F3610
BE05-6451851,F3611
BE05-6453372,F3612
BE05-6453975,F3613
BE06-2147464,F3614
BE06-2147490,F3615
BE06-2178778,F3616
BE06-2232516,F3617
BE06-3002690,F3618
BE06-3004383,F3619
BE06-3005670,F3620
BE06-3008238,F3621
BE06-3057841,F3622
BE06-3061226,F3623
BE06-3100789,F3624
BE06-3131096,F3625
BE06-3149003,F3626
BE06-3159447,F3627
BE06-4008828,F3628
BE06-404451317,F3629
BE06-4044540,F3630
BE06-4105014,F3631
BE06-4112023,F3632
BE06-4157574,F3633
BE06-4247115,F3634
BE06-4296522,F3635
BE06-4361304,F3636
BE06-4377103,F3637
BE06-4382490,F3638
BE06-5100977,F3639
BE06-5150300,F3640
BE06-6034716,F3641
BE06-6034736,F3642
BE06-6034891,F3643
BE06-6034900,F3644
BE06-6035708,F3645
BE06-6056106,F3646
BE06-6108513,F3647
BE06-6148080,F3648
BE06-6148128,F3649
BE06-6148378,F3650
BE06-6173144,F3651
BE06-6201596,F3652
BE06-6210110,F3653
BE06-6255009,F3654
BE06-6255026,F3655
BE06-6255031,F3656
BE06-6255037,F3657
BE06-6255090,F3658
BE06-6256241,F3659
BE06-6270117,F3660
BE06-6270221,F3661
BE06-6309635,F3662
BE06-6329251,F3663
BE06-6346099,F3664
BE06-6406068,F3665
BE06-6410617,F3666
BE06-6410620,F3667
BE06-64111972,F3668
BE06-6413727,F3669
BE06-6413730,F3670
BE06-8014007,F3671
BE06-9115738,F3672
BE06-9123248,F3673
BE06-9130815,F3674
BE07-2051404,F3675
BE07-2051430,F3676
BE07-2051441,F3677
BE07-2135301,F3678
BE07-3008347,F3679
BE07-3008368,F3680
BE07-3010152,F3681
BE07-3034246,F3682
BE07-3068060,F3683
BE07-3077308,F3684
BE07-3107133,F3685
BE07-3129213,F3686
BE07-3199994,F3687
BE07-3207505,F3688
BE07-3221726,F3689
BE07-3373192,F3690
BE07-4014480,F3691
BE07-4022161,F3692
BE07-4027809,F3693
BE07-4029004,F3694
BE07-4084429,F3695
BE07-4093008,F3696
BE07-4093016,F3697
BE07-4093286,F3698
BE07-4138802,F3699
BE07-4154073,F3700
BE07-4214236,F3701
BE07-4214244,F3702
BE07-4361085,F3703
BE07-4373754,F3704
BE07-5035388,F3705
BE07-5035389,F3706
BE07-5035393,F3707
BE07-5035394,F3708
BE07-5042754,F3709
BE07-5100751,F3710
BE07-5100921,F3711
BE07-5116052,F3712
BE07-5116243,F3713
BE07-5116278,F3714
BE07-5116286,F3715
BE07-5194582,F3716
BE07-5195006,F3717
BE07-6033105,F3718
BE07-6033110,F3719
BE07-6033131,F3720
BE07-6044245,F3721
BE07-6110285,F3722
BE07-6110291,F3723
BE07-6110335,F3724
BE07-6229033,F3725
BE07-6229106,F3726
BE07-6229162,F3727
BE07-6242318,F3728
BE07-6356002,F3729
BE07-6367817,F3730
BE07-6367856,F3731
BE07-6369506,F3732
BE07-6369527,F3733
BE07-6385731,F3734
BE07-6387871,F3735
BE07-6389026,F3736
BE07-6389100,F3737
BE07-6399396,F3738
BE07-7479070,F3739
BE08-2021004,F3740
BE08-2197687,F3741
BE08-2222675,F3742
BE08-3002243,F3743
BE08-3002246,F3744
BE08-3003487,F3745
BE08-3067198,F3746
BE08-3172821,F3747
BE08-3172836,F3748
BE08-3172856,F3749
BE08-3172901,F3750
BE08-3172954,F3751
BE08-3172998,F3752
BE08-3197988,F3753
BE08-4091331,F3754
BE08-4188031,F3755
BE08-4216906,F3756
BE08-4216930,F3757
BE08-4231159,F3758
BE08-4280360,F3759
BE08-4281517,F3760
BE08-4281549,F3761
BE08-4281576,F3762
BE08-4347341,F3763
BE08-4351119,F3764
BE08-4359197,F3765
BE08-5000573,F3766
BE08-5040331,F3767
BE08-5061655,F3768
BE08-5068219,F3769
BE08-5165565,F3770
BE08-5169574,F3771
BE08-5192920,F3772
BE08-6031083,F3773
BE08-6091121,F3774
BE08-6130436,F3775
BE08-6139996,F3776
BE08-6173818,F3777
BE08-6173836,F3778
BE08-6174630,F3779
BE08-6174835,F3780
BE08-6176725,F3781
BE08-6178915,F3782
BE08-6242267,F3783
BE08-6259037,F3784
BE08-6259151,F3785
BE08-6259264,F3786
BE08-6259267,F3787
BE08-6259518,F3788
BE08-6298348,F3789
BE08-6338583,F3790
BE08-6338642,F3791
BE08-6339459,F3792
BE08-6364026,F3793
BE08-6368089,F3794
BE08-6369077,F3795
BE08-6370949,F3796
BE08-7384258,F3797
BE08-9031224,F3798
BE09-2100694,F3799
BE09-2119274,F3800
BE09-2119284,F3801
BE09-2119372,F3802
BE09-2119430,F3803
BE09-2119437,F3804
BE09-2170320,F3805
BE09-2170338,F3806
BE09-2203217,F3807
BE09-2207343,F3808
BE09-2214034,F3809
BE09-2226133,F3810
BE09-2230725,F3811
BE09-2230737,F3812
BE09-3095224,F3813
BE09-3129719,F3814
BE09-3135332,F3815
BE09-4015222,F3816
BE09-4138780,F3817
BE09-4164291,F3818
BE09-4189921,F3819
BE09-4280727,F3820
BE09-4303164,F3821
BE09-5021751,F3822
BE09-5026772,F3823
BE09-5173995,F3824
BE09-5183351,F3825
BE09-5186601,F3826
BE09-5186754,F3827
BE09-6076604,F3828
BE09-6111007,F3829
BE09-6111534,F3830
BE09-6111676,F3831
BE09-6128352,F3832
BE09-6130504,F3833
BE09-6217202,F3834
BE09-6222557,F3835
BE09-6226221,F3836
BE09-6249988,F3837
BE09-6269142,F3838
BE09-6269354,F3839
BE09-6299396,F3840
BE09-6356404,F3841
BE09-6356741,F3842
BE09-6358190,F3843
BE09-6358778,F3844
BE09-6358795,F3845
BE09-6369592,F3846
BE09-9058966,F3847
BE10-2007026,F3848
BE10-2026575,F3849
BE10-2035010,F3850
BE10-2035177,F3851
BE10-3029525,F3852
BE10-3047276,F3853
BE10-3100127,F3854
BE10-3137504,F3855
BE10-3163723,F3856
BE10-3163953,F3857
BE10-3164728,F3858
BE10-3164739,F3859
BE10-3179303,F3860
BE10-3179304,F3861
BE10-4073509,F3862
BE10-4101312,F3863
BE10-4127357,F3864
BE10-4129819,F3865
BE10-4129914,F3866
BE10-4231598,F3867
BE10-4240933,F3868
BE10-4258192,F3869
BE10-4258311,F3870
BE10-4275458,F3871
BE10-4275541,F3872
BE10-4280348,F3873
BE10-4281810,F3874
BE10-4326277,F3875
BE10-5091047,F3876
BE10-5110032,F3877
BE10-5110061,F3878
BE10-5114010,F3879
BE10-5160509,F3880
BE10-5160513,F3881
BE10-5181255,F3882
BE10-6,F3883
BE10-6031728,F3884
BE10-6031731,F3885
BE10-6031750,F3886
BE10-6035281,F3887
BE10-6146322,F3888
BE10-6163736,F3889
BE10-6163823,F3890
BE10-6220256,F3891
BE10-6251525,F3892
BE10-6251541,F3893
BE10-6251601,F3894
BE10-6251618,F3895
BE10-6251643,F3896
BE10-6251654,F3897
BE10-6284702,F3898
BE10-6297598,F3899
BE10-6299501,F3900
BE10-6356260,F3901
BE10-6358319,F3902
BE10-9039239,F3903
BE10-9039271,F3904
BE11-2070451,F3905
BE11-2204346,F3906
BE11-2205656,F3907
BE11-2205722,F3908
BE11-3008025,F3909
BE11-3008413,F3910
BE11-3067728,F3911
BE11-3070069,F3912
BE11-3070111,F3913
BE11-3070200,F3914
BE11-3083255,F3915
BE11-3173268,F3916
BE11-3175762,F3917
BE11-3175766,F3918
BE11-4004297,F3919
BE11-4008897,F3920
BE11-4081019,F3921
BE11-4161717,F3922
BE11-4246007,F3923
BE11-4246087,F3924
BE11-4291462,F3925
BE11-4292543,F3926
BE11-5047141,F3927
BE11-5056896,F3928
BE11-5113306,F3929
BE11-5134476,F3930
BE11-5160761,F3931
BE11-6108645,F3932
BE11-6108649,F3933
BE11-6108659,F3934
BE11-6119039,F3935
BE11-6126193,F3936
BE11-6140809,F3937
BE11-6171590,F3938
BE11-61716812,F3939
BE11-6177155,F3940
BE11-6191099,F3941
BE11-6226277,F3942
BE11-6239660,F3943
BE11-6240027,F3944
BE11-6265080,F3945
BE11-6331083,F3946
BE11-6341424,F3947
BE11-9065312,F3948
BE12-2015278,F3949
BE12-2067116,F3950
BE12-3050026,F3951
BE12-3088217,F3952
BE12-3111204,F3953
BE12-3162776,F3954
BE12-3162831,F3955
BE12-3164404,F3956
BE12-4048821,F3957
BE12-4128680,F3958
BE12-4163423,F3959
BE12-4175014,F3960
BE12-4176407,F3961
BE12-4286521,F3962
BE12-5061733,F3963
BE12-5158659,F3964
BE12-6023303,F3965
BE12-6023329,F3966
BE12-6140335,F3967
BE12-6183820,F3968
BE12-6183960,F3969
BE12-6196107,F3970
BE12-9032023,F3971
BE12-9032110,F3972
BE13-2022005,F3973
BE13-2110231,F3974
BE13-2148731,F3975
BE13-2173606,F3976
BE13-3003178,F3977
BE13-3031539,F3978
BE13-3031607,F3979
BE13-3031784,F3980
BE13-3056016,F3981
BE13-3056226,F3982
BE13-3056232,F3983
BE13-3079100,F3984
BE13-4176517,F3985
BE13-6026112,F3986
BE13-6053068,F3987
BE13-6143659,F3988
BE13-6320512,F3989
BE14-1123649,F3990
BE14-4217544,F3991
BE14-6168603,F3992
BE14-6175237,F3993
BE15-3050806,F3994
BE15-4013418,F3995
BE16-4129556,F3996
BE16-6032012,F3997
BE16-6033920,F3998
BE2007-6389026,F3999
BE2008-6117259,F4000
BE2008-6192194,F4001
BE2009-6086574,F4002
BE2009-6267049,F4003
BE2009-6267167,F4004
BE2010-6345101,F4005
BE2012-3089680,F4006
BE2013-6035361,F4007
BE2015-3025159,F4008
BE78-6145268,F4009
BE82-6380170,F4010
BE86-3216228,F4011
BE86-6616231,F4012
BE88-3340032,F4013
BE88-3398899,F4014
BE88-6107727,F4015
BE89-3312618,F4016
BE89-4465322,F4017
BE89-6413272,F4018
BE89-6606996,F4019
BE90-4002911,F4020
BE90-4002926,F4021
BE90-4499329,F4022
BE90-6328646,F4023
BE91-2306170,F4024
BE91-300396,F4025
BE91-4560548,F4026
BE91-5332645,F4027
BE91-6298409,F4028
BE91-6443972,F4029
BE92-4155506,F4030
BE92-4571292,F4031
BE92-6235626,F4032
BE92-6376991,F4033
BE92-6452116,F4034
BE92-6596037,F4035
BE92-6685680,F4036
BE93-3050291,F4037
BE93-3315229,F4038
BE93-4429362,F4039
BE93-4429368,F4040
BE93-5188111,F4041
BE93-6228670,F4042
BE93-6383612,F4043
BE94-2061168,F4044
BE94-2337563,F4045
BE94-3338284,F4046
BE94-4407032,F4047
BE94-4407204,F4048
BE94-6203344,F4049
BE94-6366891,F4050
BE94-6366938,F4051
BE95-2080125,F4052
BE95-4148210,F4053
BE95-4148261,F4054
BE95-4628426,F4055
BE95-6246005,F4056
BE95-6246028,F4057
BE95-6274317,F4058
BE95-6278009,F4059
BE95-6302321,F4060
BE95-6311264,F4061
BE95-6316522,F4062
BE95-6370004,F4063
BE95-6647246,F4064
BE96-3001787,F4065
BE96-3156032,F4066
BE96-3156104,F4067
BE96-3210217,F4068
BE96-3287010,F4069
BE96-4391970,F4070
BE96-4574701,F4071
BE96-4603915,F4072
BE96-5078311,F4073
BE96-5088810,F4074
BE96-6286052,F4075
BE96-6286060,F4076
BE96-6307033,F4077
BE96-6404318,F4078
BE96-6445386,F4079
BE96-6455465,F4080
BE96-6490451,F4081
BE96-6618311,F4082
BE97-3062343,F4083
BE97-3278029,F4084
BE97-4174137,F4085
BE97-5150636,F4086
BE97-6145282,F4087
BE97-6152347,F4088
BE97-6162118,F4089
BE97-6162340,F4090
BE97-6270414,F4091
BE97-6390083,F4092
BE97-6390086,F4093
BE97-6390133,F4094
BE97-6450252,F4095
BE97-6466984,F4096
BE97-6499255,F4097
BE97-6523459,F4098
BE98-2061410,F4099
BE98-3087031,F4100
BE98-3158009,F4101
BE98-3158062,F4102
BE98-3240118,F4103
BE98-3303957,F4104
BE98-4185270,F4105
BE98-6110722,F4106
BE98-6160968,F4107
BE98-6185637,F4108
BE98-6210287,F4109
BE98-6210293,F4110
BE98-6216290,F4111
BE98-6278036,F4112
BE98-6411726,F4113
BE98-6523011,F4114
BE98-6523223,F4115
BE98-6523289,F4116
BE98-6589910,F4117
BE98-9147107,F4118
BE98-9147129,F4119
BE99-2021538,F4120
BE99-2036005,F4121
BE99-2036308,F4122
BE99-2251413,F4123
BE99-3010263,F4124
BE99-3020065,F4125
BE99-3103770,F4126
BE99-3199708,F4127
BE99-3199906,F4128
BE99-4365011,F4129
BE99-4365061,F4130
BE99-5007704,F4131
BE99-5091083,F4132
BE99-5236262,F4133
BE99-5271731,F4134
BE99-6151734,F4135
BE99-6151735,F4136
BE99-6151796,F4137
BE99-6185756,F4138
BE99-6340961,F4139
BE99-6352928,F4140
BE99-6381413,F4141
BE99-6407743,F4142
BE99-6422553,F4143
BE99-6438091,F4144
BE99-6448352,F4145
BE99-912811,F4146
BEG2008-6338684,F4147
BEL06-66052105,F4148
BEL08-6372025,F4149
BEL2015-4236222,F4150
BEL2106-3138799,F4151
BEL92-6162746,F4152
BEL95-5208339,F4153
BEL95-6274320,F4154
BELG00-4396479,F4155
BELG00-5166334,F4156
BELG00-6141426,F4157
BELG01-2137150,F4158
BELG01-4340089,F4159
BELG01-6041056,F4160
BELG01-6524829,F4161
BELG02-3027973,F4162
BELG02-3185472,F4163
BELG02-9019498199,F4164
BELG03-3020346,F4165
BELG03-6425151,F4166
BELG04-3177322,F4167
BELG04-6293153,F4168
BELG05-3185030,F4169
BELG05-4050658,F4170
BELG05-4247376,F4171
BELG06-2082239,F4172
BELG06-3008003,F4173
BELG06-4340482,F4174
BELG06-6405134,F4175
BELG07-075035388,F4176
BELG07-3199954,F4177
BELG07-5035388,F4178
BELG07-5035389,F4179
BELG07-5195092,F4180
BELG07-90648034,F4181
BELG08-1050067,F4182
BELG08-3935363,F4183
BELG08-5027772,F4184
BELG08-6374779,F4185
BELG09-1375328,F4186
BELG09-4139205,F4187
BELG09-4139284,F4188
BELG10-2155132,F4189
BELG10-3029525,F4190
BELG10-4127357,F4191
BELG11-3070287,F4192
BELG11-4161717,F4193
BELG11-6341531,F4194
BELG11-6341535,F4195
BELG12-2035818,F4196
BELG12-3088009,F4197
BELG12-3162831,F4198
BELG12-4048019,F4199
BELG12-6042460,F4200
BELG12-6042564,F4201
BELG12-6042596,F4202
BELG12-6140414,F4203
BELG12-6314334,F4204
BELG14-3067060,F4205
BELG14-3157495,F4206
BELG14-6298396,F4207
BELG14-6303244,F4208
BELG16-6263072,F4209
BELG1981-3238253,F4210
BELG1987-3008002,F4211
BELG1989-6150109,F4212
BELG1989-6161024,F4213
BELG1990-6277606,F4214
BELG1991-2306167,F4215
BELG1991-4261261,F4216
BELG1991-613925,F4217
BELG1992-3138647,F4218
BELG1992-3233008,F4219
BELG1992-4144252,F4220
BELG1992-4144265,F4221
BELG1992-6074328,F4222
BELG1993-3354340,F4223
BELG1993-6383612,F4224
BELG1994-2061350,F4225
BELG1994-4407032,F4226
BELG1994-4421785,F4227
BELG1994-4578837,F4228
BELG1994-6366891,F4229
BELG1994-6495178,F4230
BELG1995-3058504,F4231
BELG1995-3285528,F4232
BELG1995-3336674,F4233
BELG1995-4192444,F4234
BELG1995-5278101,F4235
BELG1995-6224339,F4236
BELG1995-6274320,F4237
BELG1996-2096327,F4238
BELG1996-2096341,F4239
BELG1996-3259644,F4240
BELG1996-4391970,F4241
BELG1996-6404318,F4242
BELG1996-9107968,F4243
BELG1997-3229754,F4244
BELG1997-4237625,F4245
BELG1997-4263065,F4246
BELG1997-5261932,F4247
BELG1997-6165725,F4248
BELG1997-6205345,F4249
BELG1997-6364004,F4250
BELG1998-3158062,F4251
BELG1998-3240118,F4252
BELG1998-3243085,F4253
BELG1998-4383998,F4254
BELG1998-4563032,F4255
BELG1998-5821415,F4256
BELG1998-6084301,F4257
BELG1998-6110712,F4258
BELG1998-6117073,F4259
BELG1998-6185637,F4260
BELG1998-6210287,F4261
BELG1998-6210293,F4262
BELG1998-6210345,F4263
BELG1998-6335690,F4264
BELG1998-6580802,F4265
BELG1998-9116021,F4266
BELG1998-9808991,F4267
BELG1999-2036005,F4268
BELG1999-2036308,F4269
BELG1999-3199708,F4270
BELG1999-3281982,F4271
BELG1999-4066126,F4272
BELG1999-4365061,F4273
BELG1999-5000704,F4274
BELG1999-6151734,F4275
BELG1999-6214965,F4276
BELG1999-9128113,F4277
BELG2000-2117363,F4278
BELG2000-2202786,F4279
BELG2000-3001593,F4280
BELG2000-4065848,F4281
BELG2000-6156147,F4282
BELG2000-6178686,F4283
BELG2000-6301617,F4284
BELG2000-6540682,F4285
BELG2000-9103502,F4286
BELG2001-3031007,F4287
BELG2001-3172989,F4288
BELG2001-3266512,F4289
BELG2001-4174034,F4290
BELG2001-4383206,F4291
BELG2001-4424713,F4292
BELG2001-4483214,F4293
BELG2001-5025988,F4294
BELG2001-6151481,F4295
BELG2001-6179491,F4296
BELG2001-6255263,F4297
BELG2001-6345101,F4298
BELG2001-6365169,F4299
BELG2001-6455003,F4300
BELG2001-9040067,F4301
BELG2001-9040072,F4302
BELG2002-3003592,F4303
BELG2002-3037204,F4304
BELG2002-3120203,F4305
BELG2002-3250618,F4306
BELG2002-4025206,F4307
BELG2002-4025234,F4308
BELG2002-4333309,F4309
BELG2002-4333378,F4310
BELG2002-5065265,F4311
BELG2002-6049374,F4312
BELG2002-6183083,F4313
BELG2002-6354241,F4314
BELG2002-6507109,F4315
BELG2002-9050748,F4316
BELG2003-0325637,F4317
BELG2003-3003390,F4318
BELG2003-3003524,F4319
BELG2003-3131123,F4320
BELG2003-3236839,F4321
BELG2003-4316043,F4322
BELG2003-6032896,F4323
BELG2003-6192606,F4324
BELG2003-6192634,F4325
BELG2003-6192757,F4326
BELG2003-6226043,F4327
BELG2003-6257240,F4328
BELG2003-6277418,F4329
BELG2003-6287022,F4330
BELG2003-6381698,F4331
BELG2003-9021198,F4332
BELG2003-9021265,F4333
BELG2004-3001595,F4334
BELG2004-3001796,F4335
BELG2004-3069721,F4336
BELG2004-3069722,F4337
BELG2004-3238926,F4338
BELG2004-4019957,F4339
BELG2004-4231740,F4340
BELG2004-4277487,F4341
BELG2004-4284156,F4342
BELG2004-4295601,F4343
BELG2004-6058005,F4344
BELG2004-6082266,F4345
BELG2004-6095801,F4346
BELG2004-6277729,F4347
BELG2004-6307210,F4348
BELG2004-6307341,F4349
BELG2004-6356585,F4350
BELG2005-2142154,F4351
BELG2005-2142800,F4352
BELG2005-2267619,F4353
BELG2005-3006583,F4354
BELG2005-3006763,F4355
BELG2005-3064207,F4356
BELG2005-3177035,F4357
BELG2005-3224593,F4358
BELG2005-4130520,F4359
BELG2005-43215172,F4360
BELG2005-4372644,F4361
BELG2005-5181382,F4362
BELG2005-5241297,F4363
BELG2005-5369393,F4364
BELG2005-6045015,F4365
BELG2005-6045100,F4366
BELG2005-6045400,F4367
BELG2005-6054295,F4368
BELG2005-6145248,F4369
BELG2005-6233852,F4370
BELG2005-6337115,F4371
BELG2005-6337294,F4372
BELG2005-6341163,F4373
BELG2005-6378066,F4374
BELG2005-6452356,F4375
BELG2005-9029202,F4376
BELG2006-1974998,F4377
BELG2006-2178778,F4378
BELG2006-2452361,F4379
BELG2006-3008003,F4380
BELG2006-3008013,F4381
BELG2006-4112378,F4382
BELG2006-4271058,F4383
BELG2006-6034734,F4384
BELG2006-6052332,F4385
BELG2006-6148014,F4386
BELG2006-6149916,F4387
BELG2006-6185492,F4388
BELG2006-6255274,F4389
BELG2006-6313337,F4390
BELG2006-6410698,F4391
BELG2006-9130813,F4392
BELG2007-1261608,F4393
BELG2007-2103401,F4394
BELG2007-2162400,F4395
BELG2007-3043418,F4396
BELG2007-3181232,F4397
BELG2007-3199994,F4398
BELG2007-4026135,F4399
BELG2007-4067927,F4400
BELG2007-4361085,F4401
BELG2007-4373192,F4402
BELG2007-6033018,F4403
BELG2007-6033110,F4404
BELG2007-6110291,F4405
BELG2007-6229033,F4406
BELG2007-6300508,F4407
BELG2007-6320827,F4408
BELG2007-6377967,F4409
BELG2007-6399401,F4410
BELG2007-9023098,F4411
BELG2007-9023172,F4412
BELG2008-2234327,F4413
BELG2008-4003712,F4414
BELG2008-4003770,F4415
BELG2008-4351119,F4416
BELG2008-5369969,F4417
BELG2008-6139992,F4418
BELG2008-6139996,F4419
BELG2008-6139998,F4420
BELG2008-6140000,F4421
BELG2008-6174856,F4422
BELG2008-6245264,F4423
BELG2008-6338684,F4424
BELG2008-6372837,F4425
BELG2008-9044263,F4426
BELG2009-2035886,F4427
BELG2009-3040107,F4428
BELG2009-3065848,F4429
BELG2009-5052387,F4430
BELG2009-6111545,F4431
BELG2009-611719,F4432
BELG2009-6130636,F4433
BELG2009-6248215,F4434
BELG2009-6249762,F4435
BELG2009-6356739,F4436
BELG2009-6358200,F4437
BELG2009-6369413,F4438
BELG2010-5014969,F4439
BELG2010-50251192016,F4440
BELG2010-6031796,F4441
BELG2010-6031857,F4442
BELG2010-6038028,F4443
BELG2010-6163863,F4444
BELG2010-6166238,F4445
BELG2010-6297742,F4446
BELG2010-6342713,F4447
BELG2010-6347179,F4448
BELG2010-9017256,F4449
BELG2010-9017260,F4450
BELG2010-9039333,F4451
BELG2011-321097,F4452
BELG2011-4291462,F4453
BELG2011-6091664,F4454
BELG2011-6115694,F4455
BELG2011-6119130,F4456
BELG2011-6326792,F4457
BELG2011-6327070,F4458
BELG2011-6333899,F4459
BELG2011-9065108,F4460
BELG2012-1665470,F4461
BELG2012-2036500,F4462
BELG2012-3127542,F4463
BELG2012-3162831,F4464
BELG2012-3203219,F4465
BELG2012-51586019,F4466
BELG2012-6023348,F4467
BELG2012-6042459,F4468
BELG2012-6307262,F4469
BELG2013-3088052,F4470
BELG2013-4176517,F4471
BELG2013-6143659,F4472
BELG2013-6313951,F4473
BELG87-6337147,F4474
BELG89-3075014,F4475
BELG90-6652120,F4476
BELG91-6371155,F4477
BELG93-3273003,F4478
BELG93-6621023,F4479
BELG94-6081753,F4480
BELG96-2443353,F4481
BELG96-3101043,F4482
BELG96-6086298,F4483
BELG96-6598402,F4484
BELG96-6598403,F4485
BELG98-3158062,F4486
BELG98-6084085,F4487
BELG99-2036108,F4488
BELG99-6181455,F4489
BL07-2135143,F4490
BL90-5226682,F4491
BL97-5166166,F4492
BLG99-6438097,F4493
BO2-3131030,F4494
BO2-6183145,F4495
BO4-3099022,F4496
BO4-4439593,F4497
BO4-6307341,F4498
BO7-3117401,F4499
BO7-9000937,F4500
C00-10-020248,F4501
C00-10-020260,F4502
C00-202302,F4503
C02-112665,F4504
C02-15-320963,F4505
C02-15-320972,F4506
C03-082182,F4507
C03-10-475647,F4508
C04-01-300995,F4509
C04-10-015630,F4510
C04-10-068680,F4511
C04-653493,F4512
C05-155899,F4513
C06-10-145308,F4514
C06-19-020946,F4515
C08-19-245741,F4516
C08-680147,F4517
C09-03-678192,F4518
C10-19-147062,F4519
C10-19-186391,F4520
C10-19-186552,F4521
C11-19-214607,F4522
C1101-639741,F4523
C12-19-035213,F4524
C13-19-258043,F4525
C13-19-265829,F4526
C14-19-312624,F4527
C15-01-0013236,F4528
C15-19-0322529,F4529
C15-19-0322535,F4530
C16-01-1604308,F4531
C1997-2317100,F4532
C2004-133063,F4533
C2008-03-111884,F4534
C2011-20-000168,F4535
C2012-02-234447,F4536
C2016-03-1273000,F4537
C91-1227424,F4538
C93-0399731,F4539
C96-239714,F4540
C96-422165,F4541
C97-198458,F4542
CC00-179370,F4543
CC00-201045,F4544
CC02-02-048896,F4545
CC02-286039,F4546
CC023-1097,F4547
CC03-260007,F4548
CC03-260036,F4549
CC03-260922,F4550
CC2002-223145,F4551
CC2002-306492,F4552
CC2006-059004,F4553
CC2008-177006,F4554
CC99-009699,F4555
CC99-047691,F4556
CH02-10-695514,F4557
CH07-01-347036,F4558
CH2013-01-1262663,F4559
CH2013-01-12639322013,F4560
CHN00-03-323173,F4561
CHN00-10-02009500,F4562
CHN00-10-0202279,F4563
CHN00-308859,F4564
CHN00-3124016,F4565
CHN01-03-018810,F4566
CHN01-03-056910,F4567
CHN01-09-141944,F4568
CHN01-09-283395,F4569
CHN02-03-063003,F4570
CHN02-03-063009,F4571
CHN02-035405,F4572
CHN02-09-004353,F4573
CHN02-09-120188,F4574
CHN02-09-168127,F4575
CHN02-09-220641,F4576
CHN02-09-239997,F4577
CHN02-09-239998,F4578
CHN02-10-049055,F4579
CHN02-10-192004,F4580
CHN02-10-600606,F4581
CHN02-15-090390,F4582
CHN02-15-286160,F4583
CHN03-03-300979,F4584
CHN03-03-303796,F4585
CHN03-03-318293,F4586
CHN03-03-333333,F4587
CHN03-09-002015,F4588
CHN03-09-021140,F4589
CHN03-09-212937,F4590
CHN03-10-363799,F4591
CHN03-10-467758,F4592
CHN03-10-475647,F4593
CHN03-11-145784,F4594
CHN03-12-009637,F4595
CHN03-15-088688,F4596
CHN03-15-120385,F4597
CHN04-03-110510,F4598
CHN04-03-333311,F4599
CHN04-09-000839,F4600
CHN04-09-007137,F4601
CHN04-09-307102,F4602
CHN04-15-162988,F4603
CHN04-19-126667,F4604
CHN05-008364,F4605
CHN05-01-507487,F4606
CHN05-02-023608,F4607
CHN05-02-066918,F4608
CHN05-062513,F4609
CHN05-09-028582,F4610
CHN05-09-116118,F4611
CHN05-09-168898,F4612
CHN05-09-297385,F4613
CHN05-10-596857,F4614
CHN05-15-180337,F4615
CHN05-16-048085,F4616
CHN05-16-048093,F4617
CHN05-217048,F4618
CHN05-26-160120,F4619
CHN05-602459,F4620
CHN06-01-319951,F4621
CHN06-03-003333,F4622
CHN06-03-495565,F4623
CHN06-04-001890,F4624
CHN06-09-278242,F4625
CHN06-09-300993,F4626
CHN06-09-309454,F4627
CHN06-15-001902,F4628
CHN06-19-018804,F4629
CHN07-01-263492,F4630
CHN07-01-388658,F4631
CHN07-02-444361,F4632
CHN07-03-003364,F4633
CHN07-03-112899,F4634
CHN07-06-104480,F4635
CHN07-08-029476,F4636
CHN07-09-169931,F4637
CHN07-10-010981,F4638
CHN07-10-016127,F4639
CHN07-22-661782,F4640
CHN08-01-452224,F4641
CHN08-03-100966,F4642
CHN08-03-111198,F4643
CHN08-06-518527,F4644
CHN08-09-013193,F4645
CHN08-09-295032,F4646
CHN08-09-302796,F4647
CHN08-09-338869,F4648
CHN08-09-592896,F4649
CHN08-10-589543,F4650
CHN08-12-215889,F4651
CHN08-16-026994,F4652
CHN08-19-231373,F4653
CHN09-01-001923,F4654
CHN09-01-499289,F4655
CHN09-01-500774,F4656
CHN09-01-670388,F4657
CHN09-02-003632,F4658
CHN09-09-003329,F4659
CHN09-09-007968,F4660
CHN09-09-192024,F4661
CHN09-09-192082,F4662
CHN09-10-247471,F4663
CHN09-10-515036,F4664
CHN09-10-573932,F4665
CHN09-11-215407,F4666
CHN09-15-235209,F4667
CHN09-15-297917,F4668
CHN09-26-183046,F4669
CHN10-02-168520,F4670
CHN10-03-002421,F4671
CHN10-09-181383,F4672
CHN10-09-219365,F4673
CHN10-09-219368,F4674
CHN10-09-224584,F4675
CHN10-09-224854,F4676
CHN10-09-487418,F4677
CHN10-09-487528,F4678
CHN10-10-080690,F4679
CHN10-10-098008,F4680
CHN10-10-717610,F4681
CHN10-10-717660,F4682
CHN10-15-259310,F4683
CHN10-19-316950,F4684
CHN10-422324,F4685
CHN10-60-665000,F4686
CHN11-03-006964,F4687
CHN11-06-167799,F4688
CHN11-09-116682,F4689
CHN11-09-343723,F4690
CHN11-09-517317,F4691
CHN11-10-003300,F4692
CHN11-11-256210,F4693
CHN11-19-216544,F4694
CHN11-482683,F4695
CHN11-529815,F4696
CHN12-01-442151,F4697
CHN12-01-993456,F4698
CHN12-03-666150,F4699
CHN12-05-399999,F4700
CHN12-06-888568,F4701
CHN12-09,F4702
CHN12-09-336801,F4703
CHN12-09-357669,F4704
CHN12-09-395126,F4705
CHN12-19-035255,F4706
CHN13-01-913332,F4707
CHN13-091260,F4708
CHN13-10-788873,F4709
CHN13-10-800454,F4710
CHN13-11-158878,F4711
CHN13-1176151,F4712
CHN13-17-14133,F4713
CHN13-19-248639,F4714
CHN13-19-263898,F4715
CHN13-19-274450,F4716
CHN13-210070,F4717
CHN13-26-028822,F4718
CHN13-32-120040,F4719
CHN14-13-060413,F4720
CHN14-15-184109,F4721
CHN14-15-184277,F4722
CHN14-15-184297,F4723
CHN14-19-312633,F4724
CHN14-19-312838,F4725
CHN14-470882,F4726
CHN15-0120621,F4727
CHN15-0939805,F4728
CHN15-0953334,F4729
CHN15-11-0070874,F4730
CHN15-11-0343918,F4731
CHN15-15-0120621,F4732
CHN16-01-00017,F4733
CHN16-01-1086070,F4734
CHN16-03-1273000,F4735
CHN16-03-4444432,F4736
CHN16-05036,F4737
CHN16-09058,F4738
CHN16-11-0002063,F4739
CHN17-03-1118965,F4740
CHN18-2006-011666,F4741
CHN1998-01-028823,F4742
CHN1998-03-146995,F4743
CHN1998-10-262331,F4744
CHN1999-01-012013,F4745
CHN1999-03-080057,F4746
CHN1999-10-075464,F4747
CHN1999-10-414531,F4748
CHN2000-06-099656,F4749
CHN2000-10-318331,F4750
CHN2000-10-318334,F4751
CHN2000-10-333318,F4752
CHN2000-10-406437,F4753
CHN2000-10-460437,F4754
CHN2000-10-798183,F4755
CHN2000-26-053011,F4756
CHN2000-31-087846,F4757
CHN2000-31-135116,F4758
CHN2000-33-059172,F4759
CHN2001-01-113951,F4760
CHN2001-10-130699,F4761
CHN2001-10-133334,F4762
CHN2001-10-133366,F4763
CHN2001-10-133369,F4764
CHN2001-10-225830,F4765
CHN2002-01-477844,F4766
CHN2002-09-011924,F4767
CHN2002-10-678292,F4768
CHN2002-15-035011,F4769
CHN2003-01-213587,F4770
CHN2003-10-349099,F4771
CHN2003-15-088668,F4772
CHN2003-26-089085,F4773
CHN2003-32-117620,F4774
CHN2004-01-163880,F4775
CHN2004-01-309465,F4776
CHN2004-05-094600,F4777
CHN2004-09-152721,F4778
CHN2004-10-233227,F4779
CHN2004-10-233228,F4780
CHN2004-10-578269,F4781
CHN2004-12-034733,F4782
CHN2004-15-148533,F4783
CHN2004-196405,F4784
CHN2004-304988,F4785
CHN2004-32-538606,F4786
CHN2005-01-356357,F4787
CHN2005-01-502380,F4788
CHN2005-01-593564,F4789
CHN2005-03-134661,F4790
CHN2005-04-179190,F4791
CHN2005-10-393953,F4792
CHN2005-15-199735,F4793
CHN2005-26-000054,F4794
CHN2005-26-009014,F4795
CHN2006-01-020578,F4796
CHN2006-01-600308,F4797
CHN2006-01-600506,F4798
CHN2006-03-000261,F4799
CHN2006-03-102079,F4800
CHN2006-03-280620,F4801
CHN2006-10-520004,F4802
CHN2006-15-089230,F4803
CHN2006-16-003726,F4804
CHN2006-26-099922,F4805
CHN2006-26-113798,F4806
CHN2006-26-139912,F4807
CHN2006-26-187089,F4808
CHN2006-32-399179,F4809
CHN2007-01-158077,F4810
CHN2007-01-158141,F4811
CHN2007-01-480762,F4812
CHN2007-01-506020,F4813
CHN2007-03-633331,F4814
CHN2007-04-176460,F4815
CHN2007-10-179908,F4816
CHN2007-10-356940,F4817
CHN2007-10-380415,F4818
CHN2007-12-116142,F4819
CHN2007-15-051311,F4820
CHN2007-15-115964,F4821
CHN2007-22-739820,F4822
CHN2007-26-001294,F4823
CHN2007-32-540887,F4824
CHN2008-01-019794,F4825
CHN2008-01-222736,F4826
CHN2008-01-968693,F4827
CHN2008-03-333043,F4828
CHN2008-03-333099,F4829
CHN2008-05-333236,F4830
CHN2008-06-094995,F4831
CHN2008-10-126989,F4832
CHN2008-10-619063,F4833
CHN2008-11-142978,F4834
CHN2008-15-285427,F4835
CHN2008-186158,F4836
CHN2008-22-842604,F4837
CHN2008-26-002282,F4838
CHN2008-26-002865,F4839
CHN2008-26-227576,F4840
CHN2009-01-168006,F4841
CHN2009-01-650670,F4842
CHN2009-01-803711,F4843
CHN2009-01-803758,F4844
CHN2009-01-803778,F4845
CHN2009-01-981105,F4846
CHN2009-01-981119,F4847
CHN2009-01-981139,F4848
CHN2009-06-055848,F4849
CHN2009-06-144448,F4850
CHN2009-06-153005,F4851
CHN2009-09-014963,F4852
CHN2009-09-131039,F4853
CHN2009-09-297243,F4854
CHN2009-09-373789,F4855
CHN2009-10-569332,F4856
CHN2009-10-616028,F4857
CHN2009-15-083177,F4858
CHN2009-15-235250,F4859
CHN2009-17-002000,F4860
CHN2009-17-004717,F4861
CHN2009-31-069909,F4862
CHN2009-31-308040,F4863
CHN2010-01-004466,F4864
CHN2010-01-007094,F4865
CHN2010-01-968008,F4866
CHN2010-01-968039,F4867
CHN2010-01-968052,F4868
CHN2010-06-041086,F4869
CHN2010-09-206026,F4870
CHN2010-09-224851,F4871
CHN2010-09-270002,F4872
CHN2010-09-402376,F4873
CHN2010-09-406384,F4874
CHN2010-09-439305,F4875
CHN2010-10-005310,F4876
CHN2010-10-080690,F4877
CHN2010-15-069711,F4878
CHN2010-17-080025,F4879
CHN2010-203303,F4880
CHN2010-29-050552,F4881
CHN2010-29-228977,F4882
CHN2010-3020292,F4883
CHN2011-01-134845,F4884
CHN2011-01-469282,F4885
CHN2011-01-469806,F4886
CHN2011-01-469897,F4887
CHN2011-03-977408,F4888
CHN2011-05-500000,F4889
CHN2011-06-000004,F4890
CHN2011-06-319375,F4891
CHN2011-09-116717,F4892
CHN2011-09-430179,F4893
CHN2011-11-050954,F4894
CHN2011-15-260080,F4895
CHN2011-15-260082,F4896
CHN2011-17-080027,F4897
CHN2011-203924,F4898
CHN2011-22-093308,F4899
CHN2011-260080,F4900
CHN2011-29-009777,F4901
CHN2012-01-1002671,F4902
CHN2012-01-1002914,F4903
CHN2012-01-833225,F4904
CHN2012-01-858135,F4905
CHN2012-03-510111,F4906
CHN2012-03-577974,F4907
CHN2012-05-506292,F4908
CHN2012-06-209277,F4909
CHN2012-06-209777,F4910
CHN2012-06-210000,F4911
CHN2012-09-312975,F4912
CHN2012-09-492485,F4913
CHN2012-10-011831,F4914
CHN2012-10-029213,F4915
CHN2012-10-069968,F4916
CHN2012-10-707896,F4917
CHN2012-11-071285,F4918
CHN2012-11-098550,F4919
CHN2012-11-098594,F4920
CHN2012-15-008248,F4921
CHN2012-17-080027,F4922
CHN2012-24-608489,F4923
CHN2012-32-508125,F4924
CHN2013-01-081041,F4925
CHN2013-01-180850,F4926
CHN2013-01-462399,F4927
CHN2013-01-462400,F4928
CHN2013-01-568598,F4929
CHN2013-01-676551,F4930
CHN2013-01-850547,F4931
CHN2013-01-850554,F4932
CHN2013-01-850569,F4933
CHN2013-01-850578,F4934
CHN2013-03-277254,F4935
CHN2013-04-003313,F4936
CHN2013-05-193568,F4937
CHN2013-06-036004,F4938
CHN2013-06-196419,F4939
CHN2013-06-196997,F4940
CHN2013-06-196998,F4941
CHN2013-06-231811,F4942
CHN2013-09-501242,F4943
CHN2013-10-128232,F4944
CHN2013-11-002105,F4945
CHN2013-11-031633,F4946
CHN2013-15-008150,F4947
CHN2013-15-175813,F4948
CHN2013-15-211178,F4949
CHN2013-210070,F4950
CHN2013-211067,F4951
CHN2013-211070,F4952
CHN2013-211178,F4953
CHN2013-232569,F4954
CHN2014-01-00698,F4955
CHN2014-01-1268838,F4956
CHN2014-01-1282170,F4957
CHN2014-01-1282216,F4958
CHN2014-01-300659,F4959
CHN2014-01-300664,F4960
CHN2014-01-358713,F4961
CHN2014-03-677233,F4962
CHN2014-06-167424,F4963
CHN2014-06-167508,F4964
CHN2014-10-168345,F4965
CHN2014-10-220033,F4966
CHN2014-10-220046,F4967
CHN2014-10-310902,F4968
CHN2014-10-310907,F4969
CHN2014-10-592848,F4970
CHN2014-10-848738,F4971
CHN2014-11-044159,F4972
CHN2014-11-132266,F4973
CHN2014-15-034398,F4974
CHN2014-15-184278,F4975
CHN2014-15-184338,F4976
CHN2014-15-184369,F4977
CHN2014-15-195463,F4978
CHN2014-15-407444,F4979
CHN2014-17-088503,F4980
CHN2014-17-088505,F4981
CHN2014-184369,F4982
CHN2014-19-313330,F4983
CHN2014-195463,F4984
CHN2014-460328,F4985
CHN2015-01-0688790,F4986
CHN2015-01-0694878,F4987
CHN2015-01-0818816,F4988
CHN2015-01-0818836,F4989
CHN2015-01-0818841,F4990
CHN2015-01-1182372,F4991
CHN2015-0120792,F4992
CHN2015-0130737,F4993
CHN2015-05-0055950,F4994
CHN2015-10-0510031,F4995
CHN2015-10-0510035,F4996
CHN2015-10-0510056,F4997
CHN2015-10-0510070,F4998
CHN2015-15-0084429,F4999
CHN2015-15-0084438,F5000
CHN2015-15-0084444,F5001
CHN2015-15-0120775,F5002
CHN2015-15-0120890,F5003
CHN2016-01-0918808,F5004
CHN2016-01-0918880,F5005
CHN2016-01-1323228,F5006
CHN2016-0212270,F5007
CHN2016-0227664,F5008
CHN2016-03-0861542,F5009
CHN2016-0337802,F5010
CHN2016-0337891,F5011
CHN2016-0337907,F5012
CHN2016-0337975,F5013
CHN2016-0337998,F5014
CHN2016-09-0041692,F5015
CHN2016-10-0805799,F5016
CHN2016-10-0887056,F5017
CHN2016-15-0235615,F5018
CHN2016-15-0235942,F5019
CHN2017-00-8001842,F5020
CHN2017-01-0642901,F5021
CHN2017-01-0665179,F5022
CHN2017-01-1118138,F5023
CHN2017-02-0619162,F5024
CHN2017-03-0023773,F5025
CHN2017-0328865,F5026
CHN2017-0349111,F5027
CHN2017-10-0101105,F5028
CHN2017-15-0328865,F5029
CHN2017-32-0591507,F5030
CHN2018-0298108,F5031
CHN32-2000-056843,F5032
CHN32-2004-789851,F5033
CHN98-10-262331,F5034
CHN98-22-042044,F5035
CHN98-260333,F5036
CHN99-06-115348,F5037
CHN99-09-006143,F5038
CHN99-09-008471,F5039
CZ0234-08-405,F5040
D02098-03-1030,F5041
D03661-00-907,F5042
D03661-94-100,F5043
D04-6498755,F5044
D0478-96-143,F5045
D06218-14-302,F5046
D1995-6230635,F5047
DAN2000-0000541,F5048
DAN2004-0004118,F5049
DE01-831005,F5050
DK2002-6511760,F5051
DV0-09341-98-770,F5052
DV00135-08-274,F5053
DV00135-10-799,F5054
DV00210-06-0242,F5055
DV00452-99-347,F5056
DV00487-03-1037,F5057
DV00516-04-783,F5058
DV00516-05-1309,F5059
DV00645-02-1069,F5060
DV00645-03-1789,F5061
DV00645-97-323,F5062
DV00712-03-100,F5063
DV00825-02-433,F5064
DV00825-07-928,F5065
DV00830-10-322,F5066
DV01-04715-1338,F5067
DV01-68,F5068
DV01013-09-297,F5069
DV01030-00-591,F5070
DV01063-00-831,F5071
DV01063-00-897,F5072
DV01063-02-182,F5073
DV01063-03-1289,F5074
DV01063-03-1941,F5075
DV01063-04-1705,F5076
DV01063-04-1736,F5077
DV01063-06-2193,F5078
DV01063-06-2212,F5079
DV01063-06-49,F5080
DV01063-07-1078,F5081
DV01063-07-1108,F5082
DV01063-07-1191,F5083
DV01063-07-1553,F5084
DV01063-07-1615,F5085
DV01063-07-2078,F5086
DV01063-08-1783,F5087
DV01063-09-192,F5088
DV01063-09-493,F5089
DV01063-10-520,F5090
DV01063-10-698,F5091
DV01063-11-1165,F5092
DV01063-11-1261,F5093
DV01063-12-1306,F5094
DV01063-12-1340,F5095
DV01063-12-868,F5096
DV01063-12-926,F5097
DV01063-14-710,F5098
DV01063-95-1436,F5099
DV01063-99-1820,F5100
DV01100-05-591,F5101
DV01100-06-84,F5102
DV01274-04-1241,F5103
DV0135-10-470,F5104
DV0135-10-544,F5105
DV0135-10-800,F5106
DV01439-97-1321,F5107
DV01553-01-0368,F5108
DV01553-06-0051,F5109
DV01759-08-93,F5110
DV01764-11-306,F5111
DV01769-00-217,F5112
DV01769-02-517,F5113
DV01769-02-607,F5114
DV01769-03-312007,F5115
DV01769-03-44,F5116
DV01769-04-1020,F5117
DV01769-04-1039,F5118
DV01769-04-1057,F5119
DV01769-04-1280,F5120
DV01769-06-1023,F5121
DV01769-06-1099,F5122
DV01769-06-20,F5123
DV01769-06-99,F5124
DV01769-07-1068,F5125
DV01769-07-1238,F5126
DV01769-07-411,F5127
DV01769-08-1199,F5128
DV01769-08-50,F5129
DV01769-08-638,F5130
DV01769-09-604,F5131
DV01769-11-178,F5132
DV01769-11-267,F5133
DV01769-96-526,F5134
DV01769-97-27,F5135
DV01769-98-722,F5136
DV01769-98-919,F5137
DV01769-99,F5138
DV01769-99-429,F5139
DV01769-99-475,F5140
DV01850-98-0508,F5141
DV02-01769-638,F5142
DV02-04715-1594,F5143
DV02-0516-1048,F5144
DV02-705,F5145
DV02-761,F5146
DV02065-03-411,F5147
DV02065-03-445,F5148
DV02065-03-447,F5149
DV02065-06-309,F5150
DV02065-89-572,F5151
DV02098-01-13,F5152
DV02098-01-36,F5153
DV02098-02-434,F5154
DV02098-02-515,F5155
DV02098-02-555,F5156
DV02098-03-1111,F5157
DV02098-03-1260,F5158
DV02098-04-1304,F5159
DV02098-04-1330,F5160
DV02098-04-1460,F5161
DV02098-04-1463,F5162
DV02098-04-1530,F5163
DV02098-04-1600,F5164
DV02098-05-756,F5165
DV02098-05-819,F5166
DV02098-05-868,F5167
DV02098-06-222,F5168
DV02098-06-240,F5169
DV02098-06-321,F5170
DV02098-06-466,F5171
DV02098-06-469,F5172
DV02098-06-801,F5173
DV02098-07-216,F5174
DV02098-07-351,F5175
DV02098-07-382,F5176
DV02098-07-788,F5177
DV02098-08-1141,F5178
DV02098-08-500,F5179
DV02098-08-507,F5180
DV02098-10-1416,F5181
DV02098-10-1525,F5182
DV02098-10-1666,F5183
DV02098-11-133,F5184
DV02098-11-33,F5185
DV02098-12-666,F5186
DV02098-14-1333,F5187
DV02098-93-665,F5188
DV02098-95-12,F5189
DV02098-97-330,F5190
DV02098-98-1163,F5191
DV02098-98-568,F5192
DV02098-98-684,F5193
DV02098-98-745,F5194
DV02098-99-1000,F5195
DV02098-99-802,F5196
DV0215-10-200,F5197
DV02171-12-186,F5198
DV02376-03-34,F5199
DV02412-04-0382,F5200
DV02412-04-382,F5201
DV02412-05-0308,F5202
DV02412-09-0405,F5203
DV02412-09-441,F5204
DV02412-10-0354,F5205
DV02412-11-0228,F5206
DV02412-2010-0355,F5207
DV02539-98-0147,F5208
DV02878-08-296,F5209
DV02881-11-7,F5210
DV02884-07-194,F5211
DV02887-01-2998,F5212
DV03-0297-400,F5213
DV03-0516-1389,F5214
DV03-0948-774,F5215
DV03055-05-696,F5216
DV03055-06-933,F5217
DV03145-10-33,F5218
DV03236-02-234,F5219
DV03236-02-809,F5220
DV03236-04-329,F5221
DV03236-06-916,F5222
DV03236-07-1,F5223
DV03236-07-5,F5224
DV03236-07-621,F5225
DV03236-10-1330,F5226
DV03236-94-1029,F5227
DV03236-95-1706,F5228
DV03236-97-26,F5229
DV03236-97-92,F5230
DV03557-05-1573,F5231
DV03661-93-400,F5232
DV03661-93-400400,F5233
DV03661-94-100,F5234
DV03789-02-2115,F5235
DV03789-07-1043,F5236
DV03789-09-0749,F5237
DV03789-13-0636,F5238
DV03801-13-199,F5239
DV03902-10-437,F5240
DV03911-03-1941,F5241
DV03911-99-421,F5242
DV03916-0604,F5243
DV04-1274-1241,F5244
DV04-302,F5245
DV04-424-02-0165,F5246
DV04-7237-0766,F5247
DV04077-04-640,F5248
DV04087-06-764,F5249
DV04087-08-593,F5250
DV04153-11-463,F5251
DV04153-11-472,F5252
DV04153-9501331,F5253
DV04159-2005-622,F5254
DV04287-03-40,F5255
DV04287-11-6,F5256
DV04287-11-64,F5257
DV04487-01-546,F5258
DV04487-02-879,F5259
DV04487-03-1022,F5260
DV04487-97-2983,F5261
DV04715-03-442,F5262
DV04715-04-504,F5263
DV04732-03-300,F5264
DV04762-93-149,F5265
DV04849-08-2076,F5266
DV04849-09-1962,F5267
DV05-09485-202,F5268
DV05-193,F5269
DV0516-01-184,F5270
DV0516-02-635,F5271
DV0516-05-1210,F5272
DV0516-05-1648,F5273
DV05308-07-237,F5274
DV05532-10-704,F5275
DV05585-09-1258,F5276
DV05591-85-573,F5277
DV05591-87-838,F5278
DV05658-02-454,F5279
DV05658-05-868,F5280
DV0583-10-195,F5281
DV05991-00-51,F5282
DV05991-13-3008,F5283
DV06348-00-814,F5284
DV06348-03-284,F5285
DV06348-13-109,F5286
DV06348-98-41599,F5287
DV06417-05-441,F5288
DV06590-03-410,F5289
DV06720-00-245,F5290
DV06720-02-537,F5291
DV06720-05-220,F5292
DV06720-06-477,F5293
DV06720-98-559,F5294
DV06723-10-746,F5295
DV06744-04-0516,F5296
DV06744-06-394,F5297
DV06744-06-397,F5298
DV06744-07-0908,F5299
DV06744-08-0403,F5300
DV06744-09-0123,F5301
DV06744-09-118,F5302
DV06744-09-122,F5303
DV06744-09-123,F5304
DV06744-09-130,F5305
DV06765-00-224,F5306
DV07-708,F5307
DV07-832,F5308
DV07024-02-673,F5309
DV07159-08-247,F5310
DV07237-02-428,F5311
DV07237-03-1407,F5312
DV07237-05-541,F5313
DV07237-06-1270,F5314
DV07237-09-252,F5315
DV07274-09-1723,F5316
DV07287-04-13,F5317
DV0730-06-694,F5318
DV0730-09-204,F5319
DV07364-07-474,F5320
DV07364-10-172,F5321
DV07674-04-219,F5322
DV07883-01-1003,F5323
DV07883-03-2543,F5324
DV07900-95-202,F5325
DV08-01769-1,F5326
DV08-78,F5327
DV08098-02-2623,F5328
DV08098-05-6039,F5329
DV08098-05-6248,F5330
DV08098-99-3513,F5331
DV0825-05-340,F5332
DV0825-06-334,F5333
DV0825-97-178,F5334
DV0833-97-575,F5335
DV08441--97-0119,F5336
DV08456-13-1114,F5337
DV08530-99-114,F5338
DV08689-11-0409,F5339
DV08805-00-665,F5340
DV08805-01-652,F5341
DV08821-10-680,F5342
DV08833-96-1741372,F5343
DV08833-97-1491,F5344
DV08857-07-403,F5345
DV08891-00-392,F5346
DV08978-06-1935,F5347
DV09341-98-770,F5348
DV0941-00-1742,F5349
DV09410-00-1742,F5350
DV09460-07-550,F5351
DV09605-01-598,F5352
DV09615-96-561,F5353
DV09799-91-297,F5354
DV0987-02-590,F5355
DV0989-08-346,F5356
DV10-08728-8812010,F5357
DV10-08857-172,F5358
DV11-08857-11,F5359
DV1164-06-242,F5360
DV1164-07-524,F5361
DV1164-09-700,F5362
DV1274-10-205,F5363
DV13-001,F5364
DV147-03-674,F5365
DV1777-05-0817,F5366
DV1777-12-0235,F5367
DV1810-07-128,F5368
DV1810-12-545,F5369
DV1993-1439975,F5370
DV2001-0709-724,F5371
DV2002-06720-537,F5372
DV2007-08935-2106,F5373
DV2008-02371-127,F5374
DV2010-03789-732,F5375
DV2118-09-0449,F5376
DV2583-07-659,F5377
DV4079-10-1934,F5378
DV51-11-689,F5379
DV51-11-998,F5380
DV6449-99-704,F5381
DV6842-12-1063,F5382
DV6842-12-1140,F5383
DV6929-04-0505,F5384
DV7014-10-0432,F5385
DV7014-10-0435,F5386
DV8978-00-0514,F5387
DV8978-00-1366,F5388
DV9188-06-1478,F5389
DV9234-11-0190,F5390
DV9253-11-0392,F5391
DV99-07237-2202,F5392
DV9984-09-9176,F5393
E00-5259375,F5394
F04-264053,F5395
FR02-131140,F5396
FR08-376391,F5397
GB02-39956,F5398
GB11-005747,F5399
GFL00-995,F5400
GFL108-2010,F5401
GFL600-2010,F5402
GFL95-136,F5403
GL91-1488973,F5404
GL93-3993,F5405
GL93-8503,F5406
HK07-72001,F5407
HK10-183,F5408
HK2005-222419,F5409
HU03-02-94894,F5410
HU05-03-65615,F5411
HU05-128549,F5412
IF2005-13780,F5413
IT2000-000878,F5414
LN93-9323197,F5415
LN94-9418179,F5416
ML01-1618973,F5417
ML1994-1143018,F5418
ML98-2446230,F5419
N92-6208105,F5420
NED2004-2157971,F5421
NL00-0000000,F5422
NL00-0000001,F5423
NL00-0007927,F5424
NL00-0014123,F5425
NL00-0015742,F5426
NL00-0015784,F5427
NL00-0040381,F5428
NL00-0040383,F5429
NL00-0052411,F5430
NL00-0052445,F5431
NL00-0064676,F5432
NL00-0066139,F5433
NL00-0076138,F5434
NL00-0077691,F5435
NL00-0077729,F5436
NL00-0079954,F5437
NL00-0080535,F5438
NL00-0092192,F5439
NL00-1028901,F5440
NL00-1028977,F5441
NL00-1060583,F5442
NL00-1079862,F5443
NL00-1079894,F5444
NL00-1101692,F5445
NL00-1122150,F5446
NL00-1122178,F5447
NL00-1122230,F5448
NL00-1136495,F5449
NL00-1148553,F5450
NL00-1160748,F5451
NL00-1177139,F5452
NL00-1211006,F5453
NL00-1211111,F5454
NL00-1212158,F5455
NL00-1217821,F5456
NL00-1282143,F5457
NL00-1467509,F5458
NL00-1467724,F5459
NL00-1475160,F5460
NL00-1499166,F5461
NL00-1499270,F5462
NL00-1616743,F5463
NL00-1623016,F5464
NL00-1623124,F5465
NL00-1632891,F5466
NL00-1766556,F5467
NL00-1890094,F5468
NL00-1904975,F5469
NL00-1925122,F5470
NL00-1956090,F5471
NL00-1975921,F5472
NL00-1975952,F5473
NL00-1976014,F5474
NL00-1977888,F5475
NL00-2040219,F5476
NL00-2040241,F5477
NL00-2050547,F5478
NL00-2064354,F5479
NL00-2086826,F5480
NL00-2146938,F5481
NL00-2187115,F5482
NL00-2187148,F5483
NL00-2202571,F5484
NL00-2283663,F5485
NL00-2355612,F5486
NL00-2373103,F5487
NL00-2417844,F5488
NL00-2454567,F5489
NL00-2466666,F5490
NL00-2475513,F5491
NL00-4047616,F5492
NL00-4083704,F5493
NL00-4728193,F5494
NL00-5022776,F5495
NL00-5054876,F5496
NL00-5056164,F5497
NL00-5063907,F5498
NL00-5063909,F5499
NL00-5063949,F5500
NL00-5065922,F5501
NL00-5066209,F5502
NL00-5150294,F5503
NL01---5150236,F5504
NL01-0108575,F5505
NL01-0108666,F5506
NL01-0132512,F5507
NL01-0138241,F5508
NL01-0143185,F5509
NL01-0143188,F5510
NL01-0179434,F5511
NL01-0179459,F5512
NL01-0181176,F5513
NL01-1048239,F5514
NL01-1048316,F5515
NL01-1048321,F5516
NL01-1048477,F5517
NL01-1106777,F5518
NL01-1106788,F5519
NL01-1123532,F5520
NL01-1135400,F5521
NL01-1135413,F5522
NL01-1135547,F5523
NL01-1135568,F5524
NL01-1135600,F5525
NL01-1135601,F5526
NL01-1135621,F5527
NL01-1135708,F5528
NL01-1149489,F5529
NL01-1216728,F5530
NL01-1229587,F5531
NL01-1351754,F5532
NL01-1411910,F5533
NL01-1426424,F5534
NL01-1551027,F5535
NL01-1643315,F5536
NL01-1672053,F5537
NL01-1695110,F5538
NL01-1702641,F5539
NL01-1707322,F5540
NL01-1707553,F5541
NL01-1718265,F5542
NL01-1822826,F5543
NL01-1855750,F5544
NL01-1866742,F5545
NL01-1886536,F5546
NL01-1886692,F5547
NL01-1886777,F5548
NL01-1886800,F5549
NL01-1888832,F5550
NL01-1888847,F5551
NL01-1890662,F5552
NL01-1894055,F5553
NL01-1922214,F5554
NL01-1922847,F5555
NL01-1925655,F5556
NL01-2055992,F5557
NL01-2056084,F5558
NL01-2069569,F5559
NL01-2069845,F5560
NL01-2069869,F5561
NL01-2092200,F5562
NL01-2129003,F5563
NL01-2188463,F5564
NL01-2189216,F5565
NL01-2189288,F5566
NL01-2189341,F5567
NL01-2189761,F5568
NL01-2316376,F5569
NL01-2323630,F5570
NL01-2386190,F5571
NL01-2416849,F5572
NL01-2418169,F5573
NL01-2433938,F5574
NL01-4103587,F5575
NL01-4103686,F5576
NL01-4140734,F5577
NL01-4743041,F5578
NL01-4743641,F5579
NL01-5149744,F5580
NL01-5149774,F5581
NL01-5150190,F5582
NL01-5150294,F5583
NL01-5150561,F5584
NL01-5155208,F5585
NL01-5159406,F5586
NL01-5159409,F5587
NL01-5163065,F5588
NL01-5163844,F5589
NL01-5163851,F5590
NL01-5166226,F5591
NL01-5167637,F5592
NL01-6519910,F5593
NL0177721-01,F5594
NL0180144-2001,F5595
NL02-0217453,F5596
NL02-0230933,F5597
NL02-0230955,F5598
NL02-0240933,F5599
NL02-0251837,F5600
NL02-0254043,F5601
NL02-0271822,F5602
NL02-0271839,F5603
NL02-0271845,F5604
NL02-0273770,F5605
NL02-0273780,F5606
NL02-0276426,F5607
NL02-1027650,F5608
NL02-1060823,F5609
NL02-1116530,F5610
NL02-1116757,F5611
NL02-1117565,F5612
NL02-1129952,F5613
NL02-1142605227,F5614
NL02-1145880,F5615
NL02-1179942,F5616
NL02-1182556,F5617
NL02-1187672,F5618
NL02-1266200,F5619
NL02-1283795,F5620
NL02-1319512,F5621
NL02-1319640,F5622
NL02-1373199,F5623
NL02-1381819,F5624
NL02-1381946,F5625
NL02-1400618,F5626
NL02-1434319,F5627
NL02-1472705,F5628
NL02-1573792,F5629
NL02-1606081,F5630
NL02-1616214,F5631
NL02-1635264,F5632
NL02-1638113,F5633
NL02-1638126,F5634
NL02-1638987,F5635
NL02-1643772,F5636
NL02-1644370,F5637
NL02-1644388,F5638
NL02-1644564,F5639
NL02-1646216,F5640
NL02-1647196,F5641
NL02-1657129,F5642
NL02-1657311,F5643
NL02-1665312,F5644
NL02-1671998,F5645
NL02-1682755,F5646
NL02-1705023,F5647
NL02-1735989,F5648
NL02-1810029,F5649
NL02-1810225,F5650
NL02-1812373,F5651
NL02-1823310,F5652
NL02-1831248,F5653
NL02-1847116,F5654
NL02-1897972,F5655
NL02-1920172,F5656
NL02-1949800,F5657
NL02-1949970,F5658
NL02-1956313,F5659
NL02-1959433,F5660
NL02-2032056,F5661
NL02-2032095,F5662
NL02-2033915,F5663
NL02-2049323,F5664
NL02-2066605,F5665
NL02-2068794,F5666
NL02-2070856,F5667
NL02-2080225,F5668
NL02-2080235,F5669
NL02-2101954,F5670
NL02-2173502,F5671
NL02-2173518,F5672
NL02-2173592,F5673
NL02-2187612,F5674
NL02-2187628,F5675
NL02-2211286,F5676
NL02-2215597,F5677
NL02-2259429,F5678
NL02-2271695,F5679
NL02-2274812,F5680
NL02-2310141,F5681
NL02-2320642,F5682
NL02-2358081,F5683
NL02-2373002,F5684
NL02-4164459,F5685
NL02-4448955,F5686
NL02-4758434,F5687
NL02-4763096,F5688
NL02-4764720,F5689
NL02-5222556,F5690
NL02-5222563,F5691
NL02-5226779,F5692
NL02-5229548,F5693
NL02-5236676,F5694
NL02-5241328,F5695
NL02-5241527,F5696
NL02-5242933,F5697
NL02-5243946,F5698
NL02-5252114,F5699
NL02-5252655,F5700
NL02-5253353,F5701
NL02-5255404,F5702
NL02-5255591,F5703
NL03--1269273,F5704
NL03--5301441,F5705
NL03-0329590,F5706
NL03-0349315,F5707
NL03-0356957,F5708
NL03-0364963,F5709
NL03-0376752,F5710
NL03-0377601,F5711
NL03-0388539,F5712
NL03-0388853,F5713
NL03-0389565,F5714
NL03-091,F5715
NL03-1038643,F5716
NL03-1057289,F5717
NL03-1058350,F5718
NL03-1135475,F5719
NL03-1139808,F5720
NL03-1141073,F5721
NL03-1142129,F5722
NL03-1166012,F5723
NL03-1168483,F5724
NL03-1184211,F5725
NL03-1231278,F5726
NL03-1262093,F5727
NL03-1269273,F5728
NL03-1272740,F5729
NL03-1272747,F5730
NL03-1284693,F5731
NL03-1287800,F5732
NL03-1287981,F5733
NL03-1301744,F5734
NL03-1302805,F5735
NL03-1321203,F5736
NL03-1354063,F5737
NL03-1387087,F5738
NL03-1408012,F5739
NL03-1440849,F5740
NL03-1443583,F5741
NL03-1514962,F5742
NL03-1514977,F5743
NL03-1522075,F5744
NL03-1530328,F5745
NL03-1533191,F5746
NL03-1548957,F5747
NL03-1556381,F5748
NL03-1565072,F5749
NL03-1602666,F5750
NL03-1631575,F5751
NL03-1664322,F5752
NL03-1684335,F5753
NL03-1702949,F5754
NL03-1723225,F5755
NL03-1727300,F5756
NL03-1730536,F5757
NL03-1731796,F5758
NL03-1731797,F5759
NL03-1731819,F5760
NL03-1743138,F5761
NL03-1773737,F5762
NL03-1773816,F5763
NL03-1912716,F5764
NL03-1913377,F5765
NL03-1934875,F5766
NL03-1965794,F5767
NL03-1982146,F5768
NL03-1988735,F5769
NL03-1997435,F5770
NL03-2083534,F5771
NL03-2109555,F5772
NL03-2117573,F5773
NL03-2117581,F5774
NL03-2324278,F5775
NL03-2324466,F5776
NL03-2324692,F5777
NL03-4129151,F5778
NL03-4772307,F5779
NL03-4772308,F5780
NL03-4774127,F5781
NL03-5301440,F5782
NL03-5329863,F5783
NL03-5332698,F5784
NL03-5340261,F5785
NL03-5340519,F5786
NL03-5340885,F5787
NL03-5343048,F5788
NL04-0414033,F5789
NL04-0425434,F5790
NL04-0428849,F5791
NL04-0430783,F5792
NL04-0439690,F5793
NL04-0440661,F5794
NL04-0442747,F5795
NL04-0442807,F5796
NL04-0447254,F5797
NL04-0453305,F5798
NL04-0460868,F5799
NL04-1052037,F5800
NL04-1069173,F5801
NL04-1069270,F5802
NL04-1073255,F5803
NL04-1167211,F5804
NL04-1190478,F5805
NL04-1203551,F5806
NL04-1226069,F5807
NL04-1226133,F5808
NL04-1226260,F5809
NL04-1296194,F5810
NL04-1299432,F5811
NL04-1326600,F5812
NL04-1326803,F5813
NL04-1328708,F5814
NL04-1354641,F5815
NL04-1389403,F5816
NL04-1389597,F5817
NL04-1389627,F5818
NL04-1389690,F5819
NL04-1408253,F5820
NL04-1408270,F5821
NL04-1410888,F5822
NL04-1418624,F5823
NL04-1422964,F5824
NL04-1432243,F5825
NL04-1559105,F5826
NL04-1559200,F5827
NL04-1559375,F5828
NL04-1560084,F5829
NL04-1561402,F5830
NL04-1562610,F5831
NL04-1562967,F5832
NL04-1563780,F5833
NL04-1627077,F5834
NL04-1628744,F5835
NL04-1633561,F5836
NL04-1645006,F5837
NL04-1655496,F5838
NL04-1704945,F5839
NL04-1706348,F5840
NL04-1753149,F5841
NL04-1753493,F5842
NL04-1790575,F5843
NL04-1849869,F5844
NL04-1896803,F5845
NL04-1897022,F5846
NL04-1899735,F5847
NL04-1919872,F5848
NL04-1927328,F5849
NL04-1959220,F5850
NL04-2001118,F5851
NL04-2019866,F5852
NL04-2031763,F5853
NL04-2050258,F5854
NL04-2050373,F5855
NL04-2057095,F5856
NL04-2057671,F5857
NL04-2058035,F5858
NL04-2061507,F5859
NL04-2062002,F5860
NL04-2062015,F5861
NL04-2062033,F5862
NL04-2069222,F5863
NL04-2071525,F5864
NL04-2075085,F5865
NL04-2076395,F5866
NL04-2082680,F5867
NL04-2088643,F5868
NL04-2140475,F5869
NL04-2155081,F5870
NL04-2155231,F5871
NL04-2198731,F5872
NL04-2207306,F5873
NL04-2209735,F5874
NL04-2209938,F5875
NL04-2209957,F5876
NL04-2211127,F5877
NL04-2235355,F5878
NL04-2238018,F5879
NL04-2238022,F5880
NL04-2243620,F5881
NL04-4141488,F5882
NL04-4147478,F5883
NL04-4173376,F5884
NL04-4784432,F5885
NL04-4784455,F5886
NL04-4785791,F5887
NL04-4795730,F5888
NL04-5409053,F5889
NL04-5430458,F5890
NL04-5430782,F5891
NL04-5430805,F5892
NL04-5430847,F5893
NL04-5435152,F5894
NL05-0000772,F5895
NL05-0514787,F5896
NL05-0530224,F5897
NL05-0530235,F5898
NL05-0530716,F5899
NL05-05344554,F5900
NL05-0534554,F5901
NL05-0534677,F5902
NL05-05664741,F5903
NL05-0566506,F5904
NL05-1031864,F5905
NL05-1137545,F5906
NL05-1191690,F5907
NL05-1210514,F5908
NL05-1210540,F5909
NL05-1210548,F5910
NL05-1210555,F5911
NL05-1220256,F5912
NL05-1233726,F5913
NL05-1234823,F5914
NL05-1234916,F5915
NL05-1238716,F5916
NL05-1243803,F5917
NL05-1243806,F5918
NL05-1243818,F5919
NL05-1322163,F5920
NL05-1359740,F5921
NL05-1376044,F5922
NL05-1394730,F5923
NL05-1400812,F5924
NL05-1400857,F5925
NL05-1405235,F5926
NL05-1405468,F5927
NL05-1405599,F5928
NL05-1419056,F5929
NL05-1424297,F5930
NL05-1441887,F5931
NL05-1446650,F5932
NL05-1521415,F5933
NL05-1541630,F5934
NL05-1546552,F5935
NL05-1572337,F5936
NL05-1592543,F5937
NL05-1607203,F5938
NL05-1628435,F5939
NL05-1628994,F5940
NL05-1630912,F5941
NL05-1663380,F5942
NL05-1663702,F5943
NL05-1693022,F5944
NL05-1693132,F5945
NL05-1722174,F5946
NL05-1732299,F5947
NL05-1755317,F5948
NL05-1755344,F5949
NL05-1759070,F5950
NL05-1773077,F5951
NL05-1781792,F5952
NL05-1804020,F5953
NL05-1804060,F5954
NL05-1816706,F5955
NL05-1816780,F5956
NL05-1859747,F5957
NL05-1862278,F5958
NL05-1896998,F5959
NL05-1909257,F5960
NL05-1912566,F5961
NL05-1927309,F5962
NL05-1935647,F5963
NL05-1936470,F5964
NL05-1936510,F5965
NL05-1936558,F5966
NL05-1936724,F5967
NL05-1936842,F5968
NL05-1936918,F5969
NL05-1936948,F5970
NL05-1937087,F5971
NL05-1937948,F5972
NL05-1958932,F5973
NL05-1989877,F5974
NL05-1989978,F5975
NL05-2016739,F5976
NL05-2041440,F5977
NL05-2077593,F5978
NL05-2102009,F5979
NL05-2103618,F5980
NL05-2107065,F5981
NL05-2109150,F5982
NL05-2132976,F5983
NL05-2135981,F5984
NL05-2135996,F5985
NL05-2154499,F5986
NL05-2170406,F5987
NL05-2174396,F5988
NL05-2174769,F5989
NL05-2180912,F5990
NL05-2188870,F5991
NL05-2206990,F5992
NL05-2207884,F5993
NL05-2453383,F5994
NL05-3185035,F5995
NL05-4004811,F5996
NL05-4022811,F5997
NL05-4708743,F5998
NL05-5507944,F5999
NL05-5510010,F6000
NL05-5528625,F6001
NL05-5528637,F6002
NL05-5533031,F6003
NL05-5533086,F6004
NL05-5533121,F6005
NL05-5533357,F6006
NL05-5534849,F6007
NL05-5534870,F6008
NL05-5534883,F6009
NL05-5535809,F6010
NL05-5535823,F6011
NL05-5536613,F6012
NL05-555358645,F6013
NL05-6045440,F6014
NL05-6045579,F6015
NL05-6138077,F6016
NL06-0730086,F6017
NL06-0733616,F6018
NL06-0748499,F6019
NL06-0753414,F6020
NL06-1062201,F6021
NL06-1078569,F6022
NL06-1079772,F6023
NL06-1091713,F6024
NL06-1091773,F6025
NL06-1091797,F6026
NL06-1096451,F6027
NL06-1097230,F6028
NL06-1099749,F6029
NL06-1195029,F6030
NL06-1197207,F6031
NL06-1236687,F6032
NL06-1267007,F6033
NL06-1267011,F6034
NL06-1271069,F6035
NL06-1295296,F6036
NL06-1444183,F6037
NL06-1444186,F6038
NL06-1521404,F6039
NL06-1547278,F6040
NL06-1569797,F6041
NL06-1578974,F6042
NL06-1587660,F6043
NL06-1588476,F6044
NL06-1588939,F6045
NL06-1589701,F6046
NL06-1590143,F6047
NL06-1597409,F6048
NL06-1597470,F6049
NL06-1597498,F6050
NL06-1597707,F6051
NL06-1597789,F6052
NL06-1631066,F6053
NL06-1648189,F6054
NL06-1648300,F6055
NL06-1651793,F6056
NL06-1743211,F6057
NL06-1762248,F6058
NL06-1763820,F6059
NL06-1764102,F6060
NL06-1792785,F6061
NL06-1796101,F6062
NL06-1827396,F6063
NL06-1833888,F6064
NL06-1833919,F6065
NL06-1838524,F6066
NL06-1838531,F6067
NL06-1876177,F6068
NL06-1946772,F6069
NL06-1967847,F6070
NL06-1974929,F6071
NL06-2034262,F6072
NL06-2058445,F6073
NL06-2082972,F6074
NL06-2082999,F6075
NL06-2101045,F6076
NL06-2110862,F6077
NL06-2144002,F6078
NL06-2162356,F6079
NL06-2162375,F6080
NL06-2179581,F6081
NL06-4072063,F6082
NL06-4281744,F6083
NL06-4281758,F6084
NL06-4720774,F6085
NL06-4722799,F6086
NL06-5616956,F6087
NL06-5623780,F6088
NL06-5624020,F6089
NL06-5624027,F6090
NL06-5627522,F6091
NL06-6719099,F6092
NL07-1040216,F6093
NL07-1052405,F6094
NL07-1052477,F6095
NL07-1053242,F6096
NL07-1080235,F6097
NL07-1113743,F6098
NL07-1113799,F6099
NL07-1123807,F6100
NL07-1155725,F6101
NL07-1180406,F6102
NL07-1180473,F6103
NL07-1183353,F6104
NL07-1183619,F6105
NL07-1199569,F6106
NL07-1203498,F6107
NL07-1207567,F6108
NL07-1207577,F6109
NL07-1217871,F6110
NL07-1230181,F6111
NL07-1355160,F6112
NL07-1371589,F6113
NL07-1371677,F6114
NL07-1372726,F6115
NL07-1374803,F6116
NL07-1397156,F6117
NL07-1399604,F6118
NL07-1430568,F6119
NL07-1432009,F6120
NL07-1459116,F6121
NL07-1463713,F6122
NL07-1544651,F6123
NL07-1546486,F6124
NL07-1566659,F6125
NL07-1611627,F6126
NL07-1611654,F6127
NL07-1652831,F6128
NL07-1667771,F6129
NL07-1712750,F6130
NL07-1736730,F6131
NL07-1736777,F6132
NL07-1765713,F6133
NL07-1765741,F6134
NL07-1786810,F6135
NL07-1817515,F6136
NL07-1817922,F6137
NL07-1817999,F6138
NL07-1821617,F6139
NL07-1836010,F6140
NL07-1836073,F6141
NL07-1844896,F6142
NL07-1847571,F6143
NL07-1847705,F6144
NL07-1847706,F6145
NL07-1847800,F6146
NL07-1877787,F6147
NL07-1897803,F6148
NL07-1902026,F6149
NL07-1904407,F6150
NL07-1936839,F6151
NL07-1945997,F6152
NL07-1955933,F6153
NL07-1973281,F6154
NL07-1978074,F6155
NL07-2002232,F6156
NL07-2007622,F6157
NL07-2007848,F6158
NL07-2023887,F6159
NL07-2031380,F6160
NL07-2036789,F6161
NL07-2036923,F6162
NL07-2036975,F6163
NL07-2054958,F6164
NL07-2062828,F6165
NL07-2062864,F6166
NL07-2070319,F6167
NL07-2107540,F6168
NL07-2132257,F6169
NL07-2148940,F6170
NL07-3704851,F6171
NL07-3713923,F6172
NL07-3728138,F6173
NL07-3731487,F6174
NL07-3732472,F6175
NL07-3756200,F6176
NL07-3762443,F6177
NL07-5572589,F6178
NL07-5705110,F6179
NL07-5707469,F6180
NL07-5710138,F6181
NL07-5711981,F6182
NL07-5713891,F6183
NL07-5719726,F6184
NL07-5719763,F6185
NL07-5719772,F6186
NL07-5724610,F6187
NL07-5724626,F6188
NL07-5729683,F6189
NL08-0000001,F6190
NL08-1100856,F6191
NL08-1174850,F6192
NL08-1226020,F6193
NL08-1268891,F6194
NL08-1269815,F6195
NL08-1291712,F6196
NL08-1291717,F6197
NL08-1353907,F6198
NL08-1390608,F6199
NL08-1458714,F6200
NL08-1487733,F6201
NL08-1537339,F6202
NL08-1537352,F6203
NL08-1537978,F6204
NL08-1537990,F6205
NL08-1542572,F6206
NL08-1544155,F6207
NL08-1545406,F6208
NL08-1548954,F6209
NL08-1549017,F6210
NL08-1549056,F6211
NL08-1549073,F6212
NL08-1549094,F6213
NL08-1549099,F6214
NL08-1559465,F6215
NL08-1564519,F6216
NL08-1569299,F6217
NL08-1569301,F6218
NL08-1599753,F6219
NL08-1621721,F6220
NL08-1621770,F6221
NL08-1628683,F6222
NL08-1630037,F6223
NL08-1660055,F6224
NL08-1700513,F6225
NL08-1700590,F6226
NL08-1730707,F6227
NL08-1760926,F6228
NL08-1760981,F6229
NL08-1760990,F6230
NL08-1762794,F6231
NL08-1798491,F6232
NL08-1835180,F6233
NL08-1869135,F6234
NL08-1869143,F6235
NL08-1903472,F6236
NL08-1918165,F6237
NL08-2021257,F6238
NL08-2021350,F6239
NL08-2041129,F6240
NL08-2048941,F6241
NL08-2049374,F6242
NL08-2067786,F6243
NL08-2070848,F6244
NL08-2102342,F6245
NL08-211559,F6246
NL08-2135469,F6247
NL08-3812041,F6248
NL08-3819951,F6249
NL08-3857034,F6250
NL08-5011833,F6251
NL08-5809799,F6252
NL08-5815333,F6253
NL08-5818445,F6254
NL08-7107591,F6255
NL09-1084832,F6256
NL09-1109309,F6257
NL09-1138066,F6258
NL09-1180929,F6259
NL09-1186000,F6260
NL09-1186028,F6261
NL09-1186043,F6262
NL09-1186063,F6263
NL09-1192857,F6264
NL09-1192958,F6265
NL09-1195379,F6266
NL09-1231166,F6267
NL09-1332498,F6268
NL09-1346726,F6269
NL09-1374857,F6270
NL09-1375305,F6271
NL09-1375418,F6272
NL09-1375422,F6273
NL09-1386124,F6274
NL09-1405256,F6275
NL09-1433115,F6276
NL09-1502098,F6277
NL09-1524184,F6278
NL09-1596078,F6279
NL09-1632135,F6280
NL09-1647172,F6281
NL09-1728138,F6282
NL09-1728515,F6283
NL09-1735740,F6284
NL09-1754567,F6285
NL09-1833868,F6286
NL09-1858509,F6287
NL09-1858519,F6288
NL09-1970768,F6289
NL09-2010693,F6290
NL09-2027019,F6291
NL09-2068622,F6292
NL09-2084518,F6293
NL09-2094239,F6294
NL09-3932384,F6295
NL09-3944172,F6296
NL09-3951616,F6297
NL09-3955034,F6298
NL09-3959814,F6299
NL09-4215430,F6300
NL09-4215454,F6301
NL09-5911551,F6302
NL10-1029922,F6303
NL10-1075530,F6304
NL10-1082745,F6305
NL10-1083068,F6306
NL10-1083069,F6307
NL10-1100998,F6308
NL10-1109626,F6309
NL10-1109802,F6310
NL10-1109814,F6311
NL10-1109892,F6312
NL10-1136251,F6313
NL10-1164534,F6314
NL10-1164546,F6315
NL10-1164574,F6316
NL10-1164711,F6317
NL10-1242100,F6318
NL10-1272411,F6319
NL10-1294830,F6320
NL10-1294831,F6321
NL10-1409631,F6322
NL10-1456183,F6323
NL10-1493095,F6324
NL10-1667315,F6325
NL10-1667350,F6326
NL10-1667389,F6327
NL10-1682133,F6328
NL10-1682188,F6329
NL10-1688197,F6330
NL10-1699654,F6331
NL10-1711155,F6332
NL10-1724707,F6333
NL10-1724739,F6334
NL10-1818485,F6335
NL10-1856406,F6336
NL10-1864325,F6337
NL10-1864339,F6338
NL10-1864640,F6339
NL10-1864745,F6340
NL10-1864791,F6341
NL10-1868325,F6342
NL10-1868326,F6343
NL10-1882377,F6344
NL10-1892648,F6345
NL10-1920886,F6346
NL10-1920900,F6347
NL10-1985420,F6348
NL10-2014749,F6349
NL10-2020139,F6350
NL10-2024579,F6351
NL10-2057866,F6352
NL10-2057880,F6353
NL10-3025875,F6354
NL10-3026397,F6355
NL10-3026400,F6356
NL10-3054660,F6357
NL10-3056344,F6358
NL10-3056377,F6359
NL10-4186069,F6360
NL10-5000123,F6361
NL10-5000133,F6362
NL10-5020900,F6363
NL11-1068570,F6364
NL11-1096624,F6365
NL11-1123225,F6366
NL11-1124630,F6367
NL11-1127081,F6368
NL11-1159921,F6369
NL11-1160021,F6370
NL11-1185672,F6371
NL11-1185884,F6372
NL11-1226500,F6373
NL11-1237134,F6374
NL11-1237175,F6375
NL11-1242301,F6376
NL11-1298578,F6377
NL11-1343958,F6378
NL11-1394327,F6379
NL11-1470512,F6380
NL11-1506903,F6381
NL11-1509064,F6382
NL11-1522008,F6383
NL11-1704553,F6384
NL11-1709190,F6385
NL11-1709196,F6386
NL11-1722484,F6387
NL11-1736781,F6388
NL11-1740147,F6389
NL11-1740150,F6390
NL11-1740162,F6391
NL11-1740856,F6392
NL11-1742470,F6393
NL11-1742484,F6394
NL11-1742491,F6395
NL11-1742819,F6396
NL11-1742824,F6397
NL11-1747324,F6398
NL11-1754365,F6399
NL11-1782104,F6400
NL11-1906624,F6401
NL11-1911962,F6402
NL11-1912492,F6403
NL11-1912507,F6404
NL11-1912576,F6405
NL11-1912599,F6406
NL11-2013991,F6407
NL11-2018422,F6408
NL11-3014703,F6409
NL11-3056127,F6410
NL11-4227742,F6411
NL11-4227753,F6412
NL11-5113411,F6413
NL11-5526275,F6414
NL12-1005204,F6415
NL12-1128167,F6416
NL12-1128193,F6417
NL12-1137157,F6418
NL12-1144199,F6419
NL12-1288044,F6420
NL12-1295917,F6421
NL12-1392727,F6422
NL12-1395446,F6423
NL12-1409972,F6424
NL12-1409980,F6425
NL12-1562293,F6426
NL12-1598480,F6427
NL12-1615439,F6428
NL12-1618379,F6429
NL12-1618929,F6430
NL12-1623785,F6431
NL12-1653472,F6432
NL12-1762878,F6433
NL12-1783943,F6434
NL12-1783975,F6435
NL12-1784574,F6436
NL12-1784625,F6437
NL12-1842109,F6438
NL12-3214976,F6439
NL12-5200162,F6440
NL13-1010529,F6441
NL13-1023581,F6442
NL13-1023621,F6443
NL13-1066791,F6444
NL13-1219423,F6445
NL13-121958,F6446
NL13-1229542,F6447
NL13-1229589,F6448
NL13-1237283,F6449
NL13-1239232,F6450
NL13-1239268,F6451
NL13-1239559,F6452
NL13-1239654,F6453
NL13-1239683,F6454
NL13-1248194,F6455
NL13-1298366,F6456
NL13-1308164,F6457
NL13-1394911,F6458
NL13-1395701,F6459
NL13-1544934,F6460
NL13-1545019,F6461
NL13-1962183,F6462
NL13-4186003,F6463
NL14-1057016,F6464
NL14-1057074,F6465
NL14-1090697,F6466
NL14-1090706,F6467
NL14-1208704,F6468
NL14-1209868,F6469
NL14-1219811,F6470
NL14-1389982,F6471
NL14-1389987,F6472
NL14-1390091,F6473
NL14-1496285,F6474
NL14-1749978,F6475
NL14-1754809,F6476
NL14-1766500,F6477
NL14-1934217,F6478
NL14-1934318,F6479
NL1414085-85,F6480
NL15-1111062,F6481
NL15-1144402,F6482
NL15-1144415,F6483
NL15-1502891,F6484
NL15-1518200,F6485
NL15-1682141,F6486
NL15-1849719,F6487
NL16-1005534,F6488
NL1987-1055610,F6489
NL1993-2652867,F6490
NL1993-2696113,F6491
NL1993-2696143,F6492
NL1993-2733044,F6493
NL1994-1143018,F6494
NL1994-1380745,F6495
NL1995-1941948,F6496
NL1995-1942000,F6497
NL1996-1434375,F6498
NL1996-1698968,F6499
NL1996-2279515,F6500
NL1997-1870078,F6501
NL1997-1891548,F6502
NL1997-2253038,F6503
NL1997-5700643,F6504
NL1998-1215892,F6505
NL1998-1249340,F6506
NL1998-1403340,F6507
NL1998-2379702,F6508
NL1998-5805083,F6509
NL1998-5821416,F6510
NL1998-5821450,F6511
NL1998-5845612,F6512
NL1999-1189109,F6513
NL1999-1236969,F6514
NL1999-1585526,F6515
NL1999-2010404,F6516
NL1999-2240856,F6517
NL1999-2360220,F6518
NL1999-2360259,F6519
NL1999-2360329,F6520
NL1999-2411761,F6521
NL1999-2411769,F6522
NL1999-2507150,F6523
NL1999-5906124,F6524
NL2000-0066089,F6525
NL2000-0083413,F6526
NL2000-1122178,F6527
NL2000-1487958,F6528
NL2000-1489219,F6529
NL2000-1491539,F6530
NL2000-1975952,F6531
NL2000-1985693,F6532
NL2000-2039859,F6533
NL2000-2148049,F6534
NL2000-2178233,F6535
NL2000-2283669,F6536
NL2000-2469540,F6537
NL2000-5042692,F6538
NL2000-5054778,F6539
NL2000-5063358,F6540
NL2000-5063909,F6541
NL2000-5063949,F6542
NL2001-0108538,F6543
NL2001-0182248,F6544
NL2001-1124548,F6545
NL2001-1135394,F6546
NL2001-1184395,F6547
NL2001-1847324,F6548
NL2001-1886517,F6549
NL2001-1886536,F6550
NL2001-1886550,F6551
NL2001-1886591,F6552
NL2001-1886692,F6553
NL2001-1886777,F6554
NL2001-1886800,F6555
NL2001-2198844,F6556
NL2001-4743640,F6557
NL2001-5122357,F6558
NL2001-5150429,F6559
NL2002-0280390,F6560
NL2002-1012476,F6561
NL2002-1119009,F6562
NL2002-1294169,F6563
NL2002-1616137,F6564
NL2002-1635222,F6565
NL2002-1635264,F6566
NL2002-2114430,F6567
NL2002-2373888,F6568
NL2002-5200927,F6569
NL2002-5227753,F6570
NL2002-5238791,F6571
NL2003-0338903,F6572
NL2003-0382898,F6573
NL2003-1103686,F6574
NL2003-1116459,F6575
NL2003-1135318,F6576
NL2003-1135408,F6577
NL2003-1135415,F6578
NL2003-1135462,F6579
NL2003-1147135,F6580
NL2003-1219764,F6581
NL2003-1262562,F6582
NL2003-1407960,F6583
NL2003-1408020,F6584
NL2003-1408039,F6585
NL2003-1429906,F6586
NL2003-1430090,F6587
NL2003-1536632,F6588
NL2003-1931715,F6589
NL2003-2123502,F6590
NL2003-2324323,F6591
NL2003-5342759,F6592
NL2004-0419502,F6593
NL2004-0440659,F6594
NL2004-1109667,F6595
NL2004-1109675,F6596
NL2004-1114742,F6597
NL2004-2015021,F6598
NL2004-2015110,F6599
NL2004-2050252,F6600
NL2004-2050343,F6601
NL2004-2050373,F6602
NL2004-2174956,F6603
NL2004-4784444,F6604
NL2004-5430805,F6605
NL2004-5435151,F6606
NL2005-0530318,F6607
NL2005-1195561,F6608
NL2005-1349770,F6609
NL2005-1358883,F6610
NL2005-1394707,F6611
NL2005-1394708,F6612
NL2005-1394721,F6613
NL2005-1394729,F6614
NL2005-1394813,F6615
NL2005-1394881,F6616
NL2005-1503656,F6617
NL2005-1546549,F6618
NL2005-1547868,F6619
NL2005-1663702,F6620
NL2005-1936558,F6621
NL2005-1936663,F6622
NL2005-2041303,F6623
NL2005-2103430,F6624
NL2005-2187237,F6625
NL2005-5514315,F6626
NL2005-552555,F6627
NL2006-0744789,F6628
NL2006-1091312,F6629
NL2006-1327267,F6630
NL2006-1332769,F6631
NL2006-1383999,F6632
NL2006-2162348,F6633
NL2006-2162355,F6634
NL2006-2162356,F6635
NL2006-2162375,F6636
NL2006-2164992,F6637
NL2006-2179581,F6638
NL2006-6413767,F6639
NL2007-1003101,F6640
NL2007-1087365,F6641
NL2007-1207577,F6642
NL2007-1207628,F6643
NL2007-1445537,F6644
NL2007-1817852,F6645
NL2007-1817864,F6646
NL2007-1817879,F6647
NL2007-1817880,F6648
NL2007-1817891,F6649
NL2007-1817923,F6650
NL2007-1817924,F6651
NL2007-1817958,F6652
NL2007-1817968,F6653
NL2007-1817985,F6654
NL2007-1818004,F6655
NL2007-1818078,F6656
NL2007-1841638,F6657
NL2007-1864855,F6658
NL2007-1936832,F6659
NL2007-1954014,F6660
NL2007-1954063,F6661
NL2007-2007621,F6662
NL2007-2036789,F6663
NL2007-2073326,F6664
NL2007-2073338,F6665
NL2007-2073339,F6666
NL2007-2073616,F6667
NL2007-2073635,F6668
NL2007-2073709,F6669
NL2007-2073718,F6670
NL2007-2073779,F6671
NL2007-2073793,F6672
NL2007-3728138,F6673
NL2007-6229191,F6674
NL2008-1537248,F6675
NL2008-1548902,F6676
NL2008-1569222,F6677
NL2008-1583452,F6678
NL2008-1583474,F6679
NL2008-1890866,F6680
NL2008-1926461,F6681
NL2008-2023312,F6682
NL2008-2023546,F6683
NL2008-2048939,F6684
NL2008-3802950,F6685
NL2009-1186096,F6686
NL2009-1186309,F6687
NL2009-1186361,F6688
NL2009-1186381,F6689
NL2009-1186437,F6690
NL2009-1409598,F6691
NL2009-1572603,F6692
NL2009-1682401,F6693
NL2009-1904568,F6694
NL2009-416368,F6695
NL2010-1082759,F6696
NL2010-1084756,F6697
NL2010-1681825,F6698
NL2010-1681839,F6699
NL2010-1682103,F6700
NL2010-1682110,F6701
NL2010-1682140,F6702
NL2010-1682171,F6703
NL2010-1682216,F6704
NL2010-1682326,F6705
NL2010-1682337,F6706
NL2010-1791866,F6707
NL2010-1864624,F6708
NL2010-1926535,F6709
NL2010-1926540,F6710
NL2010-1926568,F6711
NL2010-1968413,F6712
NL2010-2032729,F6713
NL2010-2039941,F6714
NL2010-3038179,F6715
NL2010-5020911,F6716
NL2010-6224278,F6717
NL2011-1185880,F6718
NL2011-1221427,F6719
NL2011-1322639,F6720
NL2011-1612276,F6721
NL2011-1612277,F6722
NL2011-1740941,F6723
NL2011-1740965,F6724
NL2011-1741053,F6725
NL2011-1764022,F6726
NL2011-1966657,F6727
NL2011-1970256,F6728
NL2011-5000642,F6729
NL2011-5014236,F6730
NL2012-1053367,F6731
NL2012-1106912,F6732
NL2012-1570493,F6733
NL2012-1618926,F6734
NL2012-1618935,F6735
NL2012-1618980,F6736
NL2012-1619022,F6737
NL2012-1619068,F6738
NL2012-1619088,F6739
NL2012-1619135,F6740
NL2012-1619198,F6741
NL2012-1858826,F6742
NL2012-3222611,F6743
NL2013-1239391,F6744
NL2013-1239421,F6745
NL2013-1239445,F6746
NL2013-1468526,F6747
NL2014-1059341,F6748
NL2014-1059351,F6749
NL2014-1059637,F6750
NL2014-1462403,F6751
NL2014-4750791,F6752
NL2016-1019331,F6753
NL2016-1072908,F6754
NL2016-1526313,F6755
NL2310369-91,F6756
NL5343-03-48,F6757
NL76-2528624,F6758
NL79-342670,F6759
NL80-632953,F6760
NL81-8106420,F6761
NL82-1325105,F6762
NL82-8275300,F6763
NL84-0971578,F6764
NL84-1446347,F6765
NL84-2195177,F6766
NL84-954984,F6767
NL84-97570384,F6768
NL84-975732,F6769
NL85-105259,F6770
NL85-2359168,F6771
NL85-461235,F6772
NL85-5551222,F6773
NL85-679142,F6774
NL85-8535638,F6775
NL86-0854046,F6776
NL86-1620152,F6777
NL86-183633,F6778
NL86-721087,F6779
NL87-1377300,F6780
NL87-1453230,F6781
NL87-1473403,F6782
NL87-2084325,F6783
NL87-2117886,F6784
NL87-2174352,F6785
NL87-2225434,F6786
NL87-2886086,F6787
NL87-5709861,F6788
NL87-8749908,F6789
NL87-8749925,F6790
NL87-8791846,F6791
NL87-8791870,F6792
NL88-1133848,F6793
NL88-1868032,F6794
NL88-1918564,F6795
NL88-2692608,F6796
NL88-2763913,F6797
NL88-2763998,F6798
NL88-2854505,F6799
NL88-2988147,F6800
NL88-4024671,F6801
NL89-1051437,F6802
NL89-1117317,F6803
NL89-1140179,F6804
NL89-1315056,F6805
NL89-1836402,F6806
NL89-3167847,F6807
NL89-4045749,F6808
NL89-5925374,F6809
NL89-5930255,F6810
NL89-6019724,F6811
NL89-8920508,F6812
NL89-8933432,F6813
NL89-8981950,F6814
NL90-1024072,F6815
NL90-1024081,F6816
NL90-1255428,F6817
NL90-1790062,F6818
NL90-2191223,F6819
NL90-2256086,F6820
NL90-2456019,F6821
NL90-2519089,F6822
NL90-2603878,F6823
NL90-3152165,F6824
NL90-5006027,F6825
NL90-5098896,F6826
NL90-9074636,F6827
NL91-1122331,F6828
NL91-1581202,F6829
NL91-1633955,F6830
NL91-1796568,F6831
NL91-2166891,F6832
NL91-2274787,F6833
NL91-2511422,F6834
NL91-2511460,F6835
NL91-2580661,F6836
NL91-2718756,F6837
NL91-2917874,F6838
NL91-2918064,F6839
NL91-5021209,F6840
NL91-9187749,F6841
NL92-0049586,F6842
NL92-1118493,F6843
NL92-1194606,F6844
NL92-1194703,F6845
NL92-1431455,F6846
NL92-1516130,F6847
NL92-1650277,F6848
NL92-1670775,F6849
NL92-1670798,F6850
NL92-1761631,F6851
NL92-1816687,F6852
NL92-2048193,F6853
NL92-2049859,F6854
NL92-2497698,F6855
NL92-2579869,F6856
NL92-2844313,F6857
NL92-2897662,F6858
NL92-2907649,F6859
NL92-5205136,F6860
NL92-5212284,F6861
NL92-5310320,F6862
NL92-53103641995,F6863
NL92-9207628,F6864
NL93-0053334,F6865
NL93-1051273,F6866
NL93-1059875,F6867
NL93-1125375,F6868
NL93-1156542,F6869
NL93-1203141,F6870
NL93-1339833,F6871
NL93-1341142,F6872
NL93-1386948,F6873
NL93-1391186,F6874
NL93-1392560,F6875
NL93-1768700,F6876
NL93-1888936,F6877
NL93-2101473,F6878
NL93-2101573,F6879
NL93-2153128,F6880
NL93-2334466,F6881
NL93-2353516,F6882
NL93-2437240,F6883
NL93-2559631,F6884
NL93-2700132,F6885
NL93-2733029,F6886
NL93-2733048,F6887
NL93-2741611,F6888
NL93-2775035,F6889
NL93-2778705,F6890
NL93-2811780,F6891
NL93-5334396,F6892
NL93-5354347,F6893
NL93-5366432,F6894
NL93-5383224,F6895
NL93-5413383,F6896
NL93-9323197,F6897
NL93-9343766,F6898
NL94-1015169,F6899
NL94-1322489,F6900
NL94-1380745,F6901
NL94-1424854,F6902
NL94-1554574,F6903
NL94-1573603,F6904
NL94-1651477,F6905
NL94-1812723,F6906
NL94-1812938,F6907
NL94-1861249,F6908
NL94-1863647,F6909
NL94-2057306,F6910
NL94-2059856,F6911
NL94-2227825,F6912
NL94-2413022,F6913
NL94-2483933,F6914
NL94-2534470,F6915
NL94-2542264,F6916
NL94-2775777,F6917
NL94-4255674,F6918
NL94-5601499,F6919
NL94-5601569,F6920
NL94-5602014,F6921
NL94-7003674,F6922
NL94-7007312,F6923
NL94-7009666,F6924
NL94-7009668,F6925
NL94-7070532,F6926
NL94-9402215,F6927
NL94-9410349,F6928
NL94-9410369,F6929
NL94-9426017,F6930
NL94-9426029,F6931
NL94-9453553,F6932
NL94-9493589,F6933
NL94-9744409,F6934
NL95-1091674,F6935
NL95-1155662,F6936
NL95-1379941,F6937
NL95-1392071,F6938
NL95-1394821,F6939
NL95-1401775,F6940
NL95-1596968,F6941
NL95-1705816,F6942
NL95-1936669,F6943
NL95-1942000,F6944
NL95-1964438,F6945
NL95-201944,F6946
NL95-2067230,F6947
NL95-2067350,F6948
NL95-2123024,F6949
NL95-2199819,F6950
NL95-2312399,F6951
NL95-2461769,F6952
NL95-2642442,F6953
NL95-2648983,F6954
NL95-2726442,F6955
NL95-278,F6956
NL95-5500074,F6957
NL95-5501275,F6958
NL95-5501868,F6959
NL95-5516098,F6960
NL95-5526101,F6961
NL95-5537385,F6962
NL95-5552668,F6963
NL95-5559347,F6964
NL95-5567947,F6965
NL95-5569553,F6966
NL95-5569883,F6967
NL95-5579510,F6968
NL95-5590327,F6969
NL95-5592203,F6970
NL95-5594605,F6971
NL95-9515094,F6972
NL95-9545401,F6973
NL95-9545408,F6974
NL95-9546887,F6975
NL96-05388-236,F6976
NL96-1008450,F6977
NL96-1008762,F6978
NL96-1036323,F6979
NL96-1112864,F6980
NL96-1160887,F6981
NL96-1173711,F6982
NL96-1340307,F6983
NL96-1434249,F6984
NL96-1434252,F6985
NL96-1474648,F6986
NL96-1480794,F6987
NL96-1607140,F6988
NL96-1633588,F6989
NL96-1722231,F6990
NL96-1732037,F6991
NL96-1737125,F6992
NL96-1737675,F6993
NL96-1844327,F6994
NL96-1890747,F6995
NL96-1890748,F6996
NL96-1935167,F6997
NL96-1939701,F6998
NL96-1939701---96,F6999
NL96-2091350,F7000
NL96-2204410,F7001
NL96-2232777,F7002
NL96-2286394,F7003
NL96-2286406,F7004
NL96-2286510,F7005
NL96-2286554,F7006
NL96-2293298,F7007
NL96-2293299,F7008
NL96-2312124,F7009
NL96-2331552,F7010
NL96-2333317,F7011
NL96-2390005,F7012
NL96-2414072,F7013
NL96-2437159,F7014
NL96-2477441,F7015
NL96-2599498,F7016
NL96-2605492,F7017
NL96-2638117,F7018
NL96-2657786,F7019
NL96-2672994,F7020
NL96-5638678,F7021
NL96-5640249,F7022
NL96-5660145,F7023
NL96-5663396,F7024
NL96-5664751,F7025
NL96-5666011,F7026
NL96-5666017,F7027
NL96-5666043,F7028
NL96-5666044,F7029
NL96-5682462,F7030
NL96-8005840,F7031
NL96-8006005,F7032
NL96-8006009,F7033
NL96-8022870,F7034
NL96-9608804,F7035
NL96-9613089,F7036
NL96-9618799,F7037
NL96-9618807,F7038
NL96-9627250,F7039
NL96-9638356,F7040
NL96-9674907,F7041
NL96-9693614,F7042
NL96-9693778,F7043
NL96-9694027,F7044
NL97-1095399,F7045
NL97-1131420,F7046
NL97-1131429,F7047
NL97-1132365,F7048
NL97-1181469,F7049
NL97-125233813210,F7050
NL97-1255546,F7051
NL97-1292630,F7052
NL97-1337606,F7053
NL97-1373728,F7054
NL97-1447307,F7055
NL97-144935111,F7056
NL97-1478619,F7057
NL97-1523719,F7058
NL97-1526227,F7059
NL97-152667,F7060
NL97-1560008,F7061
NL97-1595272,F7062
NL97-1682102,F7063
NL97-1682127,F7064
NL97-1682128,F7065
NL97-1754202,F7066
NL97-1759965,F7067
NL97-1772089,F7068
NL97-1863159,F7069
NL97-1887374,F7070
NL97-1962137,F7071
NL97-2005463,F7072
NL97-2019007,F7073
NL97-2019010,F7074
NL97-2039867,F7075
NL97-2160306,F7076
NL97-2160330,F7077
NL97-2225812,F7078
NL97-2252958,F7079
NL97-2253023,F7080
NL97-2253104,F7081
NL97-2260275,F7082
NL97-2263404,F7083
NL97-2276709,F7084
NL97-2500708,F7085
NL97-4322738,F7086
NL97-5700937,F7087
NL97-5717854,F7088
NL97-5739199,F7089
NL97-7034327,F7090
NL97-9709361,F7091
NL97-9709396,F7092
NL97-9779783,F7093
NL97-9779784,F7094
NL97-9779802,F7095
NL97-9780880,F7096
NL97-9780881,F7097
NL97-9780882,F7098
NL97-9780926,F7099
NL97-9782596,F7100
NL97-9782667,F7101
NL98--5927810,F7102
NL98-1081320,F7103
NL98-1103891,F7104
NL98-1195681,F7105
NL98-1215809,F7106
NL98-1215842,F7107
NL98-1215865,F7108
NL98-1215918,F7109
NL98-1223976,F7110
NL98-1249271,F7111
NL98-1249395,F7112
NL98-1279132,F7113
NL98-1279139,F7114
NL98-1279297,F7115
NL98-1279298,F7116
NL98-1279335,F7117
NL98-1279739,F7118
NL98-1318588,F7119
NL98-1326845,F7120
NL98-1358677,F7121
NL98-1408289,F7122
NL98-1436313,F7123
NL98-1436441,F7124
NL98-1441279,F7125
NL98-1512865,F7126
NL98-1539928,F7127
NL98-1573692,F7128
NL98-1678468,F7129
NL98-1708756,F7130
NL98-1713367,F7131
NL98-1716251,F7132
NL98-1741304,F7133
NL98-1747559,F7134
NL98-1757263,F7135
NL98-1895863,F7136
NL98-1924683,F7137
NL98-1933504,F7138
NL98-1933528,F7139
NL98-1933549,F7140
NL98-1933559,F7141
NL98-1933686,F7142
NL98-1945795,F7143
NL98-1983068,F7144
NL98-2004377,F7145
NL98-2005532,F7146
NL98-2005540,F7147
NL98-2005545,F7148
NL98-2028456,F7149
NL98-2161951,F7150
NL98-2169227,F7151
NL98-2211589,F7152
NL98-2211800,F7153
NL98-2223197,F7154
NL98-2245704110,F7155
NL98-2373090,F7156
NL98-2373178,F7157
NL98-2530393,F7158
NL98-2584563,F7159
NL98-2587558,F7160
NL98-2588500,F7161
NL98-2591135,F7162
NL98-5012191,F7163
NL98-5812162,F7164
NL98-5812191,F7165
NL98-582141,F7166
NL98-5821415,F7167
NL98-5821416,F7168
NL98-5821450,F7169
NL98-5834502,F7170
NL98-5860094,F7171
NL98-5863726,F7172
NL98-5870048,F7173
NL98-5870087,F7174
NL98-7044309,F7175
NL98-9842771,F7176
NL98-9848107,F7177
NL98-9848157,F7178
NL98-9848172,F7179
NL98-9860080,F7180
NL98-9876049,F7181
NL99-1038971,F7182
NL99-1067757,F7183
NL99-1067760,F7184
NL99-1095618,F7185
NL99-1107417,F7186
NL99-1107503,F7187
NL99-1107508,F7188
NL99-1178147,F7189
NL99-1209719,F7190
NL99-1209763,F7191
NL99-1209824,F7192
NL99-1209826,F7193
NL99-1209894,F7194
NL99-1314294,F7195
NL99-1337331,F7196
NL99-1357025,F7197
NL99-1361925,F7198
NL99-1374484,F7199
NL99-1376191,F7200
NL99-1376203,F7201
NL99-1376236,F7202
NL99-1378768,F7203
NL99-1400005,F7204
NL99-1420371,F7205
NL99-1497535,F7206
NL99-1498721,F7207
NL99-1559577,F7208
NL99-1575803,F7209
NL99-1585413,F7210
NL99-1585505,F7211
NL99-1585506,F7212
NL99-1597310,F7213
NL99-1658694,F7214
NL99-1671914,F7215
NL99-1679978,F7216
NL99-1703391,F7217
NL99-176501,F7218
NL99-1845343,F7219
NL99-1845643,F7220
NL99-1846611,F7221
NL99-1853480,F7222
NL99-1853915,F7223
NL99-1861278,F7224
NL99-1869054,F7225
NL99-1869521,F7226
NL99-1870071,F7227
NL99-1870924,F7228
NL99-1874672,F7229
NL99-1995098,F7230
NL99-2004475,F7231
NL99-2076269,F7232
NL99-2100479,F7233
NL99-2255904,F7234
NL99-2308173,F7235
NL99-2360220,F7236
NL99-2367642,F7237
NL99-2371470,F7238
NL99-2374205,F7239
NL99-2396856,F7240
NL99-2411761,F7241
NL99-2513400,F7242
NL99-2517642,F7243
NL99-2585526,F7244
NL99-3151680,F7245
NL99-4019864,F7246
NL99-4300530,F7247
NL99-4300532,F7248
NL99-4300680,F7249
NL99-4300712,F7250
NL99-4703590,F7251
NL99-4708298,F7252
NL99-5139621,F7253
NL99-5901735,F7254
NL99-5903473,F7255
NL99-5939569,F7256
NL99-5949577,F7257
NL99-5957358,F7258
NL99-5963281,F7259
NL99-5971339,F7260
NL99-5971370,F7261
NL99-597341,F7262
NL99-9911252,F7263
NL99-9917734,F7264
NL99-9927655,F7265
NL99-9939810,F7266
NL99-9959182,F7267
NL99-9959188,F7268
NL99-9962177,F7269
NL99-9964496,F7270
NL99-9966242,F7271
NL99-9966994,F7272
NL99-9968174,F7273
NL99-9972196,F7274
NLDV06720-08-1216,F7275
PL0328-06-1969,F7276
PL0352-03-1251,F7277
POR02-2526415,F7278
POR03-3699616,F7279
POR05-5507389,F7280
POR07-7144573,F7281
RO02-228762,F7282
RO03-12376,F7283
RO2010-0011263,F7284
SA96-0095447,F7285
SGP12-000085,F7286
SGP12-000088,F7287
SGP13-13-130199,F7288
SGP13-130256,F7289
SGP13-130266,F7290
SGP13-130299,F7291
SGP14-140004,F7292
SGP14-140305,F7293
SGP14-140403,F7294
SGP17-170710,F7295
SK01303-09-557,F7296
SK13-01003-1422,F7297
T00-096393,F7298
T01-17639,F7299
T01-30645,F7300
T03-343463,F7301
T03-661978,F7302
T04-06720,F7303
T04-17980,F7304
T04-726650,F7305
T04-726695,F7306
T05-207740,F7307
T06-209076,F7308
T06-71210,F7309
T06-71669,F7310
T13-125436,F7311
T2000-248584,F7312
T2002-024200,F7313
T2003-224604,F7314
T2003-302363,F7315
T88-35895,F7316
T90-0247719,F7317
T92-115405,F7318
T92-195227,F7319
T93-175191,F7320
T94-003227,F7321
T94-290097,F7322
T95-564789,F7323
T96-260289,F7324
T96-723366,F7325
T97-293265,F7326
T97-366463,F7327
T98-090031,F7328
T99-001940,F7329
T99-033140,F7330
T99-294338,F7331
TW00-108844,F7332
TW01-259801,F7333
TW01-259809,F7334
TW94-111234,F7335
TW94-111245,F7336
TW94-111278,F7337
TW94-111300,F7338
TW95-82313,F7339
TW96-313511,F7340
TW98-19825,F7341
