img_id,literal_code,code_len
100009,F36887|F36423|F35938|F36513,4
100201,F37766,1
100205,F37767,1
10045,F881,1
100459,,0
100460,F12774|F12805|F10829,3
100510,F7932,1
100535,,0
100583,,0
100585,,0
100589,,0
100591,,0
100614,,0
100767,F2173,1
100867,,0
100870,,0
100900,F41779,1
100924,,0
101010,,0
101015,,0
101048,,0
101069,,0
101074,,0
101103,,0
101115,F22735,1
101124,,0
101126,,0
101192,F41779|F41714|F35714|F41779|F10520,5
10164,F36976,1
101728,F9356|F9340|F17172|F17166,4
101747,,0
101762,,0
101860,F3940,1
101911,,0
101924,,0
101925,,0
101942,,0
102077,,0
102111,F1437,1
102332,,0
102335,F19407,1
10259,,0
10260,,0
10261,,0
10262,,0
10264,,0
102658,,0
102659,,0
102660,,0
102694,F33974,1
102696,,0
102706,,0
102707,,0
102709,,0
102710,,0
102711,F18613,1
102712,F35633|F35634|F17536|F41429,4
102713,F163,1
102714,,0
102716,F33657,1
102717,F18528,1
102719,F18546,1
102745,F18943,1
102798,,0
102800,,0
102803,,0
102804,,0
102847,F4468,1
102963,F1994,1
103074,F3794,1
103085,F1061,1
103099,F1364,1
103100,F947,1
103224,F17617,1
103245,F18530,1
103380,F33494,1
103403,F33503,1
103442,,0
103443,,0
103570,F22780,1
103631,,0
10379,,0
103833,,0
103892,,0
103905,,0
103909,,0
103910,,0
103911,,0
103913,,0
103919,,0
103920,,0
103976,F42421,1
103979,F31127,1
103990,,0
104012,,0
104014,,0
104084,F1443,1
104100,F41051|F9235|F41094|F9316,4
104103,F10148|F35385,2
10414,,0
104537,,0
104653,,0
104658,F188,1
10466,F1398,1
104744,F22601,1
104745,F22602,1
104751,F22836,1
104758,F22951,1
104768,F22954,1
104854,F23114,1
104855,F23115,1
104963,,0
10497,F1397,1
105026,F24380,1
105041,F24383,1
105125,F17241,1
105407,F37832,1
105408,F4386,1
105409,F4387,1
105411,,0
105430,F4388,1
105431,F4389,1
105501,F36105|F36460,2
105503,F37126,1
105506,,0
105578,F566|F1160,2
10558,F634,1
105765,F19102,1
105915,F38180,1
105941,F24593,1
105951,F22468,1
106047,F14335,1
106059,F13908,1
106064,F14331,1
10610,,0
106333,,0
106470,F14269,1
10649,F1378,1
10650,F9813|F10461,2
106502,F38216|F39128|F36697|F37078|F37464|F36704,6
10651,F9310|F9288|F9875|F10394,4
106511,,0
106515,,0
10653,F9591|F9333|F9775|F9589,4
10658,F9673|F9465|F9588|F9880,4
10666,F1726,1
106688,F34024,1
106693,F34029,1
106694,F34025,1
106737,F14500,1
106742,F14499,1
106744,F14501,1
106807,F13151,1
106814,F36880,1
106815,F33951,1
106819,F33959,1
106825,F33955,1
106829,F33956,1
10685,F1852,1
106932,F9397,1
107109,,0
107113,,0
107114,,0
107118,,0
107119,,0
107216,F13099,1
107327,F33962,1
107386,F18531,1
107404,F19298,1
107418,F19387,1
107467,F24749,1
107471,F39405,1
107572,F13160,1
107576,F13047,1
107584,F13073,1
10764,F33672|F35713,2
10765,F9816|F10421|F9484|F9550,4
107770,,0
107779,F13117,1
107786,F13116,1
108048,F9655|F10152|F9862|F9655|F10152,5
108058,F15098,1
108059,,0
108061,F39287,1
108067,F40098,1
108068,F40100,1
108069,,0
108073,F4523,1
108074,F8425,1
108075,,0
108076,,0
108078,,0
108084,,0
108092,F12968|F9308|F12970|F9483,4
108105,,0
108144,F7978,1
108218,F39434|F39597|F39610|F39458,4
108260,F15052,1
108261,F15053,1
108265,,0
108266,,0
108267,F10723|F12914|F10725|F10800,4
108268,,0
108270,,0
108271,,0
108273,,0
108274,,0
108275,,0
108319,F13418,1
108322,F13414,1
108330,F13415,1
108331,F13416,1
108332,F13419,1
108333,F13420,1
108334,F13366,1
108335,F13367,1
108341,F13368,1
108348,F13411,1
108353,F13412,1
108357,F15054,1
108490,F38694,1
108526,F2007,1
108636,F39349|F39367|F39391|F39458,4
108638,F8279|F39349|F39367|F39391|F39458,5
108646,F4382,1
108650,F2944,1
108653,F34482,1
108786,,0
108787,,0
108817,F32553,1
108818,F39395,1
108912,F35717,1
108984,F12710,1
108987,,0
108988,,0
108990,,0
108992,F1534|F9487|F5795|F2021|F5421,5
108993,F9777|F9617|F10067|F623,4
108994,,0
108996,,0
108997,,0
108998,,0
108999,,0
109001,,0
109003,F10897,1
109006,F5307,1
109010,F5788,1
109161,,0
109402,F39869,1
109511,,0
109514,,0
109515,,0
109586,F14326,1
109600,F3336,1
109638,F2305|F1150,2
109639,F31657,1
109640,F12631,1
109646,,0
109674,F37843,1
109797,F25026,1
109800,F25025,1
109805,F23351,1
109810,F33206,1
109816,F19383,1
109817,F19007,1
109819,F19009,1
109820,,0
109905,F8164,1
109927,F8322,1
109952,,0
109970,F8323,1
110016,F8001,1
110018,F8231,1
110019,F8221,1
110020,F8296,1
110021,F8180,1
110024,F40111,1
110027,F39897,1
110085,F37446,1
110114,,0
110116,,0
110117,,0
110118,,0
110137,F39923,1
110138,F39363|F39498|F39610|F39458,4
110154,F7868,1
110224,F9884|F9677|F10027|F7871,4
110480,F9482|F9627|F9704|F10046,4
110486,F9546|F9703|F9484|F10418,4
11064,F41898,1
110676,,0
110705,F3196,1
110706,F2794,1
110707,F2189,1
110848,,0
110849,F23233,1
110850,F23232,1
110879,F17664,1
111065,,0
111074,,0
111079,,0
111081,,0
111087,,0
111091,F13960,1
111110,F39909,1
111137,F37545,1
111163,F2233,1
111269,,0
111314,,0
111337,,0
111341,F19895,1
111347,F24705,1
111355,F1078,1
111357,,0
111582,F22923,1
111583,F23514,1
111730,,0
111808,F18451,1
111809,,0
111831,F17794,1
111834,F18877,1
111838,F17805,1
111840,F18238,1
111841,F19013,1
111842,,0
111843,F19202,1
111844,F19386,1
111845,,0
111847,,0
111853,,0
111854,,0
111857,,0
111859,,0
111860,,0
111864,,0
111868,,0
111869,F39589,1
111886,,0
111887,,0
111890,,0
111971,,0
112069,F23083,1
112077,F39355|F39476|F39610|F39458,4
112079,F8279|F39414|F39415|F39355|F39476|F39476,6
112081,F3939,1
112093,F36686|F37410,2
112113,F439,1
112118,F13682,1
112119,F13684,1
112120,F13677,1
112121,F13678,1
112122,F13679,1
112123,F13683,1
112125,F13832,1
112230,F24219,1
112289,F39356|F39364|F39498,3
11229,F901,1
112402,F37308,1
112409,F927,1
112435,F34875,1
11246,F1763,1
11250,F1851,1
112601,,0
112609,F13487,1
112697,,0
112699,F9687|F9419|F12826|F9786|F10092|F9469,6
1127,F692,1
112735,F8279|F39349|F39367|F39391|F39458|F39475|F39369|F39434|F39610|F39458,10
112792,,0
112868,F39474|F39597|F39363|F39498|F39823,5
112881,,0
112944,F1439,1
112995,,0
113049,F23153,1
113052,F23354,1
113054,F23622,1
113139,,0
113148,,0
113229,F2017,1
113249,,0
113297,F1381,1
113325,,0
113353,F2920,1
113440,,0
113441,,0
113454,,0
113483,,0
113538,,0
113550,F8027,1
113551,F8102,1
113560,F8234,1
113562,F8236,1
113567,F8237,1
113598,,0
113819,F23051,1
113824,F10330,1
113852,F17804,1
113855,F17516,1
113862,F13830|F23476,2
113863,F13830|F23054,2
113894,F18035,1
113927,F8111,1
113951,F18877,1
113953,F18876,1
113961,F18573,1
113969,F17638,1
114041,F1824,1
114043,F19288,1
114143,F9355|F10148|F35385|F17724,4
114144,,0
114188,F24032,1
114201,F14314,1
114262,F8340,1
114265,F4284,1
114269,,0
114302,F37338,1
114481,F17324,1
114551,F22396,1
114578,F18574,1
114579,F19244,1
114584,F19006,1
114585,F18925,1
114586,F35435,1
114587,F19237,1
114598,F9822,1
114615,F17624,1
114618,F17992,1
114619,F18200,1
114702,,0
114719,F17394,1
114746,F3948,1
114758,F3439,1
114769,F2970,1
114770,F2959,1
114771,F1345,1
114778,F41198|F41819,2
114784,F39538,1
114916,,0
114917,F13580|F13462|F13502|F13785,4
114919,F13462|F13502|F13867|F13619,4
11499,F15871,1
11501,F12974,1
11502,F17653,1
115104,F18846,1
115135,,0
115144,,0
115327,F23677,1
115630,F19190,1
115714,F24971,1
115715,F24409,1
115716,,0
11574,F1619,1
115891,F6515,1
115894,F38698,1
115895,F38696,1
115902,F9620,1
115903,F4472,1
115951,F37231,1
115961,F19262,1
116055,F1704|F479,2
116056,F31292,1
116071,F33566,1
116072,F33541,1
116086,F33564,1
116105,F17321,1
116146,F29414,1
116152,F29407,1
116156,N-1,1
116160,F13776,1
116161,F13649,1
116167,,0
116477,,0
116479,,0
116480,,0
116481,,0
116484,,0
116489,,0
116701,,0
116703,,0
116704,,0
116706,,0
116707,,0
116717,,0
116720,,0
116722,,0
11677,F9303|F461|F10459|F10276,4
116771,,0
116773,,0
116820,,0
116855,F17334,1
116877,F17411,1
116878,F17517,1
116879,F18036,1
116881,F17518,1
116926,F10038|F10037,2
116940,,0
116992,F33746,1
116998,F34607,1
117009,F23729,1
117010,F23728,1
117011,,0
117130,F17524|F17525,2
117194,,0
117207,,0
11727,F36663,1
117322,F19076,1
117330,F23482,1
11735,,0
117637,F17392,1
117813,,0
117817,,0
117822,,0
117825,,0
117828,,0
117880,,0
117975,,0
117976,,0
117978,,0
117979,,0
117980,,0
117985,F23973,1
117986,,0
117989,F24471,1
117990,F24472,1
117991,,0
117994,,0
118006,,0
118172,,0
118173,,0
118174,,0
118176,,0
118177,F3767,1
118178,,0
118269,,0
118270,,0
118272,,0
118274,,0
118378,F19455,1
118379,F19456,1
118409,,0
118417,,0
118419,,0
118421,,0
118423,,0
11845,F22990,1
118544,F3954,1
118547,F3955,1
118560,F18632,1
118567,,0
118568,,0
118570,F13475|F13542|F1019,3
118571,F9998,1
118580,F18948,1
118581,F18947,1
118585,F19045,1
118586,F13475|F13542|F1019,3
118588,,0
118591,,0
118596,F18060,1
118654,,0
118655,,0
118658,,0
118659,,0
118663,,0
118670,,0
118742,F23355,1
118744,F23155,1
118765,F19330,1
119144,F13149,1
119145,F13152,1
119148,F13100,1
119149,F13101,1
119152,F13150,1
119155,F13406,1
119198,,0
119203,,0
119235,F6631,1
119237,F5327,1
119238,F36582,1
119432,F34471,1
119752,F39768,1
119761,F39776,1
119854,,0
120117,F14622,1
120165,,0
120166,,0
12026,,0
12030,,0
12031,,0
12033,,0
12034,,0
12038,,0
12042,,0
120459,,0
12046,,0
12056,F17371,1
120570,,0
120571,,0
120572,,0
120582,,0
12061,,0
120692,F8142,1
120706,F12566,1
120715,F12570,1
120743,F37864,1
120744,F17321,1
120747,F17321,1
120748,F17323,1
12080,,0
12087,F19410,1
120893,F17427,1
120894,F17538,1
120895,F18057,1
120896,F18606,1
120898,F18611,1
120899,F18612,1
120900,F18936,1
120901,F18937,1
120902,F18938,1
120908,F19264,1
120909,F19265,1
120912,F19267,1
12092,,0
12093,,0
120975,,0
12098,,0
121044,F41922,1
121101,F37119|F37183,2
12128,,0
12133,F9865|F9442|F9916|F10310,4
12139,F10438|F10437|F611|F612,4
121509,F13180,1
121537,F29410,1
121550,F41403|F9951|F9275|F9267,4
121575,,0
121649,F33958,1
121652,F33957,1
121681,F3971,1
121682,F6612,1
121746,F6614,1
121747,F6611,1
121770,,0
121771,,0
121772,,0
121773,,0
121774,,0
121775,,0
121776,,0
121777,,0
121778,,0
121812,F4447,1
121813,F6613,1
121817,F4460,1
121826,F9398|F9399,2
121902,F656,1
121903,F17828,1
121904,,0
121905,,0
121906,,0
121916,,0
121918,F34027,1
121919,F34030,1
121920,F34031,1
121921,F13404,1
121923,F13370,1
121924,F598|F2672,2
121946,F37119|F37183,2
121951,F960,1
122074,F18563,1
122080,,0
122085,,0
12209,F41283|F41127|F41531|F41526,4
122236,F15712,1
122644,,0
122651,F3526,1
122652,,0
122699,,0
122700,F23090,1
122746,F2698,1
122768,,0
122783,,0
122864,,0
122909,,0
122912,,0
122957,,0
123017,F1963,1
123023,F2986,1
123081,F17402,1
123082,F17395,1
123086,F17396,1
123087,F17508,1
123089,F17504,1
123244,,0
123333,,0
123608,,0
123749,F37392,1
123919,F3820,1
124086,F9583|F9309,2
124089,F10137|F7764,2
124099,F13145,1
124100,F34414,1
124101,F13848,1
124102,F13847,1
124103,F34411,1
124104,F34410,1
124112,F565,1
124133,F13478|F1108,2
124164,F36672,1
124207,F38449,1
124211,F41464|F41556,2
124219,F41637|F37650,2
124220,F41637|F37650,2
124276,F12784|F12785|F12784|F12785|F10540,5
12431,,0
124353,,0
124386,F3582,1
124387,F4399,1
124388,,0
124535,,0
124645,F2399|F1540|F1116|F657,4
124646,F1208|F1948,2
124653,,0
124660,,0
125017,,0
125020,,0
125097,,0
12514,,0
12515,,0
12522,,0
125266,,0
125267,,0
125268,,0
125270,,0
125271,,0
125292,,0
12540,,0
12541,F17583,1
12542,,0
12547,F20636,1
12548,,0
12549,,0
125510,F24932,1
125511,F24933,1
125513,F23905,1
125515,F24889,1
12556,,0
12557,,0
125599,F9372|F7763|F7980,3
125798,,0
12581,F37249,1
125813,F42209,1
125890,F12632,1
125896,,0
125898,F23424,1
125899,F12676,1
125918,F38779|F38430|F38374|F5762|F38611|F36113,6
125919,F36970|F36264|F5068|F5071,4
125948,,0
125956,,0
125967,F35196,1
126045,,0
12626,F460,1
126283,,0
12631,F23352,1
126320,,0
126380,F5058,1
126446,F18759|F37635,2
126447,F18759|F37635,2
126448,,0
126449,,0
126450,,0
126574,,0
126575,,0
126576,,0
126918,F13408,1
126919,F13410,1
126996,F33916,1
127049,F34515,1
127310,F39051|F38764|F36697|F37078|F37465|F37895,6
127341,F10361|F9659|F9749,3
127364,F10361|F10321|F10282,3
127366,,0
127378,F37613,1
127391,F934,1
127408,F38004,1
12746,,0
12747,,0
127625,,0
127626,F24947,1
127627,F24430,1
127628,,0
127629,,0
127630,F39742,1
127631,F25675,1
127632,F24418,1
127720,,0
127721,,0
127731,F5125,1
127790,,0
128055,,0
128169,F3199,1
128170,F2764,1
128207,F9570|F9286|F10327|F1221,4
128293,,0
128294,,0
128296,,0
128475,F18627,1
128476,F10718,1
128478,F25403,1
128510,,0
128859,F2911,1
128887,,0
128888,F11436,1
128941,F788|F561|F10407|F863,4
129242,,0
129312,F9457|F9513|F9289|F9234|F34241|F9291,6
129346,F40703,1
129347,F7212,1
129354,F38374|F5762|F38611|F36113,4
129405,,0
129431,,0
129564,,0
129578,,0
129635,,0
129645,F39957,1
129708,,0
129727,F9528|F9904|F10266,3
129738,F1503|F871|F2639|F2261,4
129739,F9342|F9322|F9363|F9499|F35983|F36428,6
129740,F9342|F9322|F9363|F9499|F10146|F1275,6
129742,F9342|F9322|F9363|F9499|F2608,5
129749,F9342|F9322|F9363|F9499|F2608,5
129774,F38569,1
129775,,0
129776,F4529,1
129778,,0
129810,F38292,1
129811,F36755,1
129865,,0
129887,,0
129894,,0
129905,,0
129934,F25409,1
129983,,0
130013,,0
130022,F1037,1
13006,F41675|F41578,2
130063,F3880,1
130066,F3880,1
130069,F2031|F2030|F1302|F1319,4
130071,F1595|F1337|F759|F1003,4
130075,F4349|F1337,2
130076,F2418|F2938|F2939,3
130078,F2031|F2030|F762,3
130084,,0
130092,F9485|F9613|F1146,3
130094,F9798|F9812,2
130128,F37157,1
130137,F37007,1
130141,,0
130143,F9816,1
130146,F9632,1
130148,F9925,1
130149,F9925,1
130150,F3644,1
130187,F3710,1
130212,,0
130227,F4418,1
130258,F11247,1
130306,,0
13035,,0
130385,F33311,1
130447,F9787|F10094|F9787|F10094,4
130449,F9787|F10094|F9787|F10094,4
130452,F24821,1
13054,F37039,1
130570,,0
130604,F11281,1
130606,F11266,1
130613,F36967|F35844|F36968|F36745,4
130658,,0
130662,,0
130664,,0
130736,F19003,1
130745,,0
130783,F9460|F9585|F1200,3
130784,F14049,1
130801,F9624|F9426|F9426|F9693|F9426,5
130860,,0
130861,,0
130863,,0
130893,,0
130910,,0
130914,,0
130916,,0
130921,,0
130926,,0
130928,,0
130934,,0
130941,,0
130943,,0
130972,,0
131033,F8592,1
131139,F9908|F9530|F9605|F9372|F9606|F9604|F9330,7
131208,,0
131343,F25532,1
131386,F38104,1
131394,F38105,1
131397,F38106,1
131447,F38453,1
131453,,0
131465,F38456,1
131472,F38451,1
131473,F38452,1
131474,F38454,1
131478,N-1,1
13149,,0
131518,F17898,1
131526,F33309,1
131529,F18737,1
131571,F36595|F35776|F37057|F35888,4
131615,F19197,1
131807,,0
132058,,0
132076,,0
132187,F4092,1
132201,,0
132207,,0
132266,F3776,1
132275,F10442|F9527|F9563,3
132285,F2285,1
132291,F22495,1
132292,F15960|F15945,2
132294,F22498,1
132297,F33521|F33522|F35418,3
132364,F2893|F2896,2
132378,F18154,1
13240,F9899|F9625|F9693|F9626,4
132408,F19154,1
132409,F19155,1
132410,F24713,1
13245,F17921,1
132464,F38311,1
132522,F38063|F38763|F36697|F37078|F37464|F36704,6
132547,,0
132558,,0
132561,,0
132592,,0
132594,,0
132595,,0
132599,,0
132660,F24406,1
132664,F24431,1
132668,F24972,1
132672,F24958,1
132735,F25410,1
132736,F19522,1
132799,,0
132801,,0
132803,,0
132819,,0
132836,,0
132861,F25463,1
132956,,0
132958,,0
132971,F34784,1
133022,F24260,1
133073,,0
133074,,0
133096,,0
133104,F25384,1
133134,,0
133302,F1964,1
133307,F14078,1
133308,F14240,1
133388,,0
133390,F25383,1
133391,F25390,1
133444,F17176,1
133548,F3423,1
133599,F17173,1
133639,F25504,1
133713,F22486,1
133729,F23001|F22457,2
133757,,0
13378,F1799,1
13379,F10244|F10083|F10085|F9934,4
133808,F25388,1
133809,F25387,1
13402,F9292|F9262|F9370,3
134063,,0
134077,,0
134100,,0
134114,F11534,1
134120,F17178,1
134142,F8558,1
134183,,0
134396,F40202,1
134421,F17382,1
134445,F10715,1
13446,F35971,1
134469,,0
13447,F35972,1
134499,,0
13452,F9756|F9773,2
134593,,0
134601,,0
134602,F4424,1
134788,F25093,1
134851,,0
134874,,0
134890,F192,1
134909,,0
134912,,0
134915,F13675,1
135035,,0
135046,,0
135049,,0
135089,,0
135147,,0
135212,,0
135213,F28183,1
135241,F27808,1
135284,F16116,1
135286,F15985,1
135294,F39430|F39433,2
1353,F41794,1
135302,F39430|F39433,2
135304,F16246,1
135305,F10019,1
135306,F39494,1
135315,F16117,1
135367,F10995,1
135383,,0
135409,F10993,1
135542,F37961,1
135582,,0
135585,,0
135594,,0
135637,,0
135643,F24155,1
135676,,0
135702,F25799,1
135776,F17642,1
135786,,0
135787,,0
135795,,0
135823,,0
135859,,0
135881,,0
135884,F4408,1
135899,,0
135911,,0
135917,,0
135919,F2477,1
135920,F11105,1
135921,,0
135926,F11101,1
135927,F3378,1
136008,F24153,1
136012,,0
136031,F24639,1
136085,,0
136117,,0
136118,,0
136124,F4872,1
136127,F11545,1
136192,,0
136223,F9460|F9585|F1200,3
136371,F19153,1
136388,F24736,1
136391,F24737,1
136589,,0
136714,F41083,1
136758,,0
136780,,0
136829,,0
136851,F9382|F9252|N50820|F10238|F10299,5
136936,F10821,1
136980,F22918,1
137018,F14262,1
137023,F14437,1
137028,F34552,1
137035,F10038,1
137079,F34335,1
137181,,0
137221,,0
137235,,0
137246,,0
137261,F33907,1
137267,F33870|F33975|F33883|F33879,4
137272,F9787|F10094|F9785|F1165,4
137287,,0
137322,F17801,1
137323,F18590,1
137332,F17278|F17279|F41372|F41362,4
137391,F787|F10095|F10015|F9763|F9761,5
137396,F36265|F10951|F37302|F37301,4
137399,,0
137400,F38216|F39128|F36697|F37078|F37464|F36704,6
137402,F4921,1
137443,F33842,1
137445,F33840,1
137461,,0
137462,,0
137464,,0
137468,,0
137472,,0
137474,,0
137475,,0
137486,,0
137508,,0
137540,,0
137586,F8317,1
137649,F1487,1
137667,F2381,1
137724,F33917,1
137747,,0
137748,F16011|F15979,2
137813,,0
137878,,0
13797,,0
137980,,0
137982,,0
137985,,0
137993,,0
138147,N48873|F10414|F831,3
138231,,0
138505,,0
138586,F40143,1
138637,,0
138645,,0
138707,F35561,1
138748,,0
138769,,0
138844,,0
138845,,0
138886,F25258,1
138927,F18830,1
139081,,0
139084,,0
139146,F10081|F10187|F7835|F7779,4
139188,F4463,1
139191,F14258,1
139193,N-1,1
139225,N-1,1
139265,,0
139535,,0
139638,F7860|F39486,2
139640,F36243,1
139693,,0
139708,,0
139950,F19621,1
140026,,0
140034,,0
140045,,0
140048,,0
140126,,0
140155,F18202,1
140169,F18697,1
140175,F19169,1
1403,F36123,1
140335,F41273|F41198|F41819|F36448|F41303|F37093,6
140426,,0
140448,F10431|F10475|F9787|F10094,4
140494,F10407|F863,2
140504,,0
140622,F9528|F9904|F9415|F10266,4
14069,F3171,1
14070,F3165,1
14071,F3166,1
14073,F3169,1
140753,,0
14076,F3168,1
14078,F3170,1
140782,,0
140787,,0
14079,F3172,1
140798,,0
14080,F10059,1
14081,,0
140814,F16232,1
140824,F16147,1
14083,,0
14084,,0
140845,,0
14085,,0
14086,,0
141396,F16182,1
141398,F16149,1
141400,F16184,1
141403,F16244,1
141404,F16243,1
141410,F16262,1
141412,F16257,1
141413,F16193,1
141416,,0
141420,F16178,1
141433,,0
141434,,0
141457,,0
141458,,0
141460,,0
141616,F1343|F10376|F1344|F1054,4
141627,,0
141717,F18001,1
141732,F17738,1
141819,F41643|F41208|F41644|F9897,4
141822,,0
141961,,0
141972,,0
141977,,0
142047,F40369,1
142096,F525|F3293,2
142098,F1323|F1205|F2040|F462,4
142137,F10137|F10313,2
142159,,0
142183,F9655|F10152|F10152|F36332|F10267,5
142213,F10137|F9569|F9732|F9224|F9321|F9396|F9445,7
142215,F25303,1
14226,,0
142432,,0
142450,,0
142471,F25190,1
142481,F18910|F18591,2
142483,F17415|F18617,2
142499,F23401,1
142518,,0
142567,,0
142630,F10867,1
142757,F40165,1
142758,,0
142790,,0
142799,,0
142816,,0
142824,,0
142849,,0
142864,,0
142866,,0
142869,,0
142872,,0
142874,,0
142880,,0
142884,,0
142885,,0
142887,,0
142891,,0
142893,,0
142912,N48873|F831|F625|F1423,4
142914,F1421|F1106|F831,3
142916,F10055|F9902|F10414|F10056|F831,5
142917,F10001|F9748|F1104|F625|F1423,5
142932,,0
142935,,0
142940,,0
142942,,0
142950,,0
143005,,0
143025,,0
143056,,0
143111,F34753|F41997|F17292,3
143115,F22680,1
143133,F25144,1
143244,F23792,1
143322,,0
143329,F17480,1
143398,F34753|F41997|F17292,3
143400,F34753|F41997|F17292,3
143403,F34753|F41997|F17292,3
143404,F23194,1
143406,F25145,1
143407,F25147,1
143412,F23415,1
143416,,0
143463,F17415|F18617,2
14347,F18058,1
14348,F1868,1
143497,F36196,1
143501,F24307,1
143503,,0
143505,F24558,1
143507,,0
143696,F5124,1
143839,F38074,1
143856,F9895|F10058|F1094|F10041|F593|F592,6
144152,F1934,1
144171,,0
144177,,0
144192,,0
144194,F37614,1
144335,,0
144375,F36312|F35710|F36493|F36176,4
144389,F38534,1
144467,F14355,1
144470,F13992,1
144477,F14358,1
144535,,0
144604,F25030,1
144607,F23620,1
144609,F25721,1
144660,,0
144671,F18806,1
144690,F41357|F41803,2
144714,F37683,1
144831,,0
144835,F36575|F36717,2
144909,F13789,1
144993,F19523,1
144997,F19524,1
145003,,0
145097,F39523|F39610|F39458|F39597|F39414|F39415|F39355|F39476|F39476,9
145186,F19433,1
145211,F36519,1
145214,F36831,1
145381,,0
145475,,0
145476,F25087,1
145561,F8279|F39349|F39367|F39391|F39458,5
145764,,0
145779,,0
145780,,0
145781,,0
145782,,0
145817,,0
145919,,0
145923,,0
145962,F9555|F9339|F9244|F9480,4
145992,,0
146193,F19087,1
146194,F19092,1
146207,,0
146209,,0
146214,,0
146372,F11573,1
146814,,0
146815,,0
146817,F34591,1
146891,,0
146894,,0
146931,F22792,1
14695,,0
146991,F22916,1
147177,F14163,1
147258,F24726,1
147260,F24725,1
147270,F24729,1
147309,,0
147369,,0
147372,,0
147573,,0
147578,,0
147580,,0
147654,F1827,1
147656,F3133,1
147657,F3694,1
147659,F3159,1
147660,F3132,1
147661,F9532|F9471,2
14791,F37380,1
148178,,0
148190,,0
148205,,0
148282,,0
148321,F36768,1
148324,F36983,1
148474,F37591,1
148485,,0
148489,F38313,1
14851,F12561,1
148515,F41229|F41215|F36087|F37117|F36891,5
148523,F16124,1
148528,F17142|F9284,2
148532,F25672,1
148543,F24429,1
148594,F656,1
148602,,0
148761,F15994,1
148783,F4850,1
148784,F37552,1
148788,F4891,1
148844,F4502,1
148895,F10786|F10648,2
149410,F1348|F9579|F9580,3
149411,F9757|F9509,2
149421,F9305|F1043,2
149596,,0
149610,,0
149612,,0
149613,,0
149661,,0
149682,,0
149693,,0
149697,,0
149703,,0
149742,F1550,1
149745,F3613,1
149746,,0
149781,,0
149801,F37173,1
149802,F36520,1
149804,F37940,1
149809,F37952,1
149810,F37672,1
149833,,0
149866,F4634,1
149867,F36131,1
149869,F41126|F41063|F41255|F41354,4
150018,F17776,1
150153,F21811,1
150158,,0
150161,,0
150162,F19667,1
150302,,0
150451,,0
150461,F4168,1
150516,,0
150519,F1987|F493,2
150525,F15962,1
150526,F15951,1
150535,F10125|F1597,2
150566,F39562|F36062,2
150569,F17142|F9284,2
150572,,0
150581,F991|F2453,2
150606,F882,1
150618,,0
150621,,0
150623,,0
150625,,0
150634,,0
150643,,0
150673,,0
150675,,0
150680,,0
150681,,0
150682,,0
150684,,0
150685,,0
150697,F9624|F9426|F1119|F9898|F10389,5
150718,F17142|F9284,2
150739,,0
150740,,0
150747,,0
150754,,0
150756,,0
150758,,0
150770,,0
150790,,0
150856,,0
150930,F17142|F9284,2
150931,F3517,1
150932,F17142|F9284,2
150933,F17142|F9284,2
150934,F17142|F9284,2
150937,F17142|F9284,2
150943,F17142|F9284,2
151084,,0
151191,,0
151227,,0
151235,F16277,1
151257,F36994,1
151265,,0
151276,,0
151291,F3764,1
15150,,0
151537,,0
151545,F37435,1
151574,F37486,1
151603,,0
151628,F37736,1
151981,F19478,1
151986,F9662,1
152077,F8382,1
152133,,0
152136,,0
152138,,0
152166,F13318,1
152168,F13290,1
152171,F13291,1
152201,F18584,1
152234,F17790,1
152314,,0
152475,F34470,1
152559,,0
152714,F13334,1
152724,F13333,1
152727,F13331,1
152799,F18803,1
152800,F27341,1
152803,F24316,1
152804,F32662,1
152806,F30682,1
152842,F25572,1
152849,F18029,1
152856,F13332,1
152858,F34393,1
152861,F4874,1
152862,,0
152880,F13286,1
152881,F13326,1
152929,F24845,1
15293,F13906,1
152934,F30679,1
152935,F33308,1
152938,F29581,1
152942,F28371,1
152946,F27321,1
152957,F25021,1
152964,F25019,1
152967,F24847,1
153179,N-1,1
153183,F41210|F41634,2
153189,,0
153190,,0
153200,F13327,1
153232,,0
153258,,0
153259,,0
153264,,0
153337,,0
153338,,0
153339,,0
153340,,0
153376,F13462|F13578,2
153379,,0
153394,F13989,1
153402,,0
153511,,0
153512,F14962,1
153533,,0
153656,F41714|F35714|F41779|F10520,4
153657,,0
153713,,0
153731,,0
153744,,0
153762,,0
15381,F1859,1
153854,F18918,1
15388,F36295,1
153904,F39980,1
154206,F17526,1
154210,F18030,1
154216,F18581,1
154220,F18032,1
154222,F18031,1
154227,F18585,1
154240,F18583,1
154241,F17791,1
154243,F17789,1
154274,F31758,1
154284,F33313,1
154314,F24834,1
154318,F31755,1
154319,F25018,1
154322,F25582,1
154324,F25583,1
154336,F24848,1
154338,F27320,1
154339,F25020,1
154343,F25579,1
154356,,0
154359,F28373,1
154365,F29582,1
154368,F24844,1
154371,F32665,1
154374,F24833,1
154385,F23868,1
15439,F42546,1
154393,F23293,1
154463,,0
154469,,0
154538,F16224,1
154670,,0
154673,,0
154762,F10442|F9527|F9563,3
154767,F14689,1
154841,,0
15491,,0
154937,F5128,1
154952,F25452,1
154953,F33190,1
155051,F1787|F1425|F9656|F1312,4
155052,F19168,1
155057,F1642|F2055|F1670,3
155059,,0
155061,F19182|F18833,2
155120,F36713,1
155126,F38483,1
155132,F36830,1
155135,F36833,1
155393,,0
155764,,0
155809,,0
155810,F38295,1
155813,,0
155859,F9532|F9471,2
155976,F19666,1
156297,,0
156340,,0
15641,,0
156414,F37180,1
156415,,0
156416,,0
156440,F4172,1
156446,F5269,1
156455,F5248,1
156456,F34445,1
156609,,0
156612,F40168,1
156613,N-1,1
156614,F8274,1
156615,F8199,1
156623,F40282,1
156632,F40170,1
156639,F40346,1
156642,F3383,1
156644,F40171,1
156649,,0
156654,F8383,1
156695,,0
156713,,0
156732,F38087,1
156759,F25351,1
156788,F9484|F9472|F9816|F9616,4
156876,F34581,1
156882,F2277,1
156883,F4146,1
157012,,0
157036,F15055,1
15707,F23416,1
157105,F13385,1
157108,F13386,1
157109,F9360|F9267|F9852|F10129,4
157246,,0
157391,,0
15741,,0
157413,,0
157824,,0
157830,F4672,1
157832,,0
157836,F585|F9797|F10042|F661|F584,5
157933,F1443|F9686,2
157964,,0
158023,,0
158142,F23515,1
158147,F23857,1
158158,,0
158177,F14353,1
158189,,0
158191,,0
158208,F15848|F15843|F1174|F659,4
158232,F37945,1
158311,F10007|F1656|F9505,3
158327,F9505|F544|F2487|F2923,4
158365,F9863|F771|F10007|F544,4
158378,F24411,1
158388,,0
158397,F25678,1
158549,,0
158557,,0
15858,F1593,1
158667,,0
158736,F2050,1
158747,,0
158748,,0
158822,F15927,1
158826,F38427,1
158939,F15932,1
158966,F15933,1
158967,,0
158969,,0
158979,,0
158986,,0
159014,F18645,1
159177,F23212,1
159181,,0
159388,,0
159397,F24912,1
159544,,0
159545,,0
159546,F26227,1
159548,F26225,1
159553,F26226,1
159604,F17142|F9284,2
159683,F2943,1
159684,F36183,1
159685,F36761,1
159689,F8562,1
159693,F37206,1
159697,F40368,1
159710,F40350,1
159711,F40351,1
159712,F40345,1
159714,F2445,1
159740,,0
159747,F10354|F10352|F1339,3
159754,F14082,1
159799,F1654,1
159800,F25510,1
159817,,0
159822,,0
159850,F26239,1
159853,F26224,1
159964,F40352,1
159965,F40353,1
160008,F37175,1
160010,,0
160017,F37746,1
160041,F37865,1
160101,F17270,1
16050,F2781,1
160586,F17312,1
160635,F4675,1
160639,F8594,1
160658,,0
160810,F1266,1
160819,F1286,1
160827,,0
160831,,0
160832,,0
160833,,0
160834,F36350,1
160835,F36534,1
160837,F41361,1
160838,F36056,1
160845,F1525,1
160847,F1524,1
160856,F1268,1
160857,F1265,1
160869,F10156|F10004,2
160870,F10156|F10004,2
160871,F10156|F10004,2
160873,F10156|F10004,2
160874,F10156|F10004,2
160875,F10156|F10004,2
160876,F10156|F10004|F3954,3
160877,F10156|F10004|F18948,3
160878,F10156|F10004,2
160879,,0
160908,F23513,1
160996,F769,1
161002,F14024,1
161033,,0
161034,,0
161035,,0
161077,,0
161078,,0
161081,F25710,1
161089,,0
161095,F17524|F17408,2
161118,,0
161162,F26228,1
161164,F25455,1
161166,F30559,1
161172,F7859,1
161181,,0
161333,F10681,1
161383,F11444,1
161394,,0
161397,,0
161399,,0
161402,F37615,1
161523,F33598,1
161524,F33599,1
161525,F33597,1
161526,F18967,1
161527,F18973,1
161528,F18970,1
161539,F19323,1
161541,F19322,1
161543,F33600,1
161568,,0
161585,F10417|F673,2
161728,F26230,1
161758,,0
161798,F36166|F12839|F10882,3
161821,F19320,1
161822,F19321,1
161950,F17502|F22922,2
162012,,0
162015,,0
162017,,0
162018,,0
162019,,0
162020,,0
162021,,0
162023,,0
162025,,0
162216,F5980,1
162218,F5977,1
162230,F5405,1
162231,F5406,1
162238,F5407,1
162239,F5979,1
162276,F9444|F9734|F10348|F2470,4
162283,F9444|F9734|F10137|F10313,4
162288,,0
162289,,0
162290,,0
162318,F11172,1
162448,,0
162468,F19931,1
162479,,0
162493,F33604,1
162494,F18969,1
162499,F19324,1
162841,F22496,1
162845,F32557,1
162847,F13387,1
162848,F13388,1
162850,F13389,1
162851,F26232,1
162852,F22497,1
162861,F13390,1
162867,F33221,1
162911,F13689,1
162968,F41141|F9874|F41141|F9837|F41141|F9874|F41141|F9837,8
162971,F18528|F18546,2
162972,F19440,1
162973,F17404,1
162981,F13391,1
162988,F13309,1
162989,F13392,1
162990,F13393,1
162991,F13394,1
162992,F13395,1
162993,F13300,1
162994,F13301,1
162995,F13302,1
162998,F13429,1
163001,F13430,1
163014,F13431,1
163015,F13432,1
163030,F9389,1
163031,F4075,1
163063,F26835,1
163071,F10414|F831,2
163074,F4668,1
163078,F4222,1
163082,F13433,1
163085,F13434,1
163087,F4223,1
163088,F4111,1
163091,,0
163100,F13435,1
163113,F6452,1
163114,F6460,1
163128,F6462,1
163129,F13313,1
163136,F6496,1
163138,F4858,1
163139,F6458,1
163144,F18972,1
163145,F18976,1
163261,F6459,1
163386,,0
163401,,0
163525,F34351,1
163617,F41779,1
163620,F41779,1
163681,F41755,1
163683,F39612,1
163688,F40186,1
163694,F33867,1
163739,F15587,1
163758,,0
163761,F18172,1
163762,F18173,1
163763,F18175,1
163764,F18174,1
163765,F18455,1
163777,,0
163778,,0
163781,F27841,1
163795,,0
163796,,0
164101,F2237,1
164105,F39688,1
164151,F41779,1
164221,,0
164322,F34107|F10072,2
164327,,0
164330,,0
164332,,0
164367,,0
164373,F30555,1
164405,,0
164446,F2284,1
164447,F9634|F10268,2
16454,F37016,1
16460,,0
164611,,0
16462,,0
164707,,0
164709,F9416|F9845|F9845|F9525|F9526|F9416|F9845,7
164976,,0
165082,F19196,1
165198,,0
165227,,0
165251,F2299,1
165252,F2306,1
165293,F24753,1
165341,,0
165402,F5915,1
165415,F6412,1
165432,F6410,1
165436,F6408,1
165439,F19664,1
165457,F6406,1
165537,,0
165579,F5944,1
165580,F5943,1
165582,F5942,1
165585,F4814,1
165587,F5914,1
165607,F25473,1
165611,F25508,1
165612,F25507,1
165616,F25474,1
165970,F4821,1
165971,F9649|F10137,2
166018,F9372|F9483|F9688|F9690,4
166020,,0
166092,F17999|F18702,2
166157,,0
166188,F23078,1
166211,,0
166221,,0
166227,F4562,1
166234,,0
166236,,0
166254,,0
166335,F6428,1
166338,F6429,1
166369,F6430,1
166370,F6401,1
166371,F1012,1
166378,F36241,1
166379,,0
166425,,0
166426,,0
166427,,0
166428,,0
166430,,0
166433,,0
166458,,0
166561,F38048,1
166666,,0
166760,F12935,1
166825,F24914,1
167036,F17682,1
167099,F17965|F18163|F17602,3
167167,,0
167223,F949|F698|F2252|F2253|F10066,5
167339,,0
167346,F15875,1
167650,,0
167656,,0
167703,F25918,1
167706,,0
167714,F18928,1
167715,F2427,1
16794,F37329,1
16796,F10865,1
168053,F14286,1
168064,F13156,1
168066,F13110,1
168067,,0
168068,F2006|F2415,2
168246,,0
168252,F35860|F36445,2
168272,F39987,1
168291,,0
168294,,0
168297,,0
168298,,0
168305,,0
168317,,0
168336,F19426,1
168404,,0
168454,,0
168455,,0
168456,,0
168457,,0
168507,F6291,1
168508,F6290,1
168517,,0
168521,,0
168533,,0
168563,,0
168686,F30550,1
168688,F26238,1
168698,F29417,1
168725,,0
168730,,0
168801,,0
168842,,0
168844,F13846,1
168847,F34978,1
16900,F23569,1
169120,,0
169126,,0
169180,F8984,1
169182,F8985,1
169191,F6654,1
169192,F8975,1
169195,F6655,1
169196,F6656,1
169197,F6657,1
169198,F2273|F2271,2
169199,F6658,1
169292,F6659,1
169293,F6660,1
169294,F6661,1
169300,F6662,1
169301,,0
169325,,0
169415,F24112,1
169418,F25248,1
169423,F24107,1
169427,F25226,1
169428,F25227,1
169450,F9388|F9280|F2580,3
169454,F24533,1
169455,F25808,1
169456,F25433,1
169458,F23466,1
169461,F24721,1
169566,F25244,1
169577,,0
169586,F25249,1
169589,F25241,1
169715,,0
16995,F37455|F37407,2
170023,,0
170024,F13409,1
170026,F22461,1
170027,F13407,1
170029,F13405,1
170109,F9425|F9614|F9920|F9481,4
170111,F9482|F922|F922,3
170113,,0
170114,F25449,1
170117,F26220,1
170122,F13401,1
170124,F13400,1
170144,F5708,1
170145,F5709,1
170155,F5710,1
170157,F1151|F2747|F1489,3
170162,F589|F848,2
170164,F5711,1
170167,F5712,1
170168,F6117,1
170185,,0
170186,,0
170187,F30557,1
170250,F41926,1
17028,,0
170281,F41938,1
170284,F41927,1
170285,F41931,1
170292,F6118,1
170293,F6119,1
170294,F6120,1
170295,F6121,1
170307,F6122,1
170309,F6123,1
170317,F6124,1
170318,F23207,1
170321,F6127,1
170323,F23193,1
170325,F23410,1
170328,F24570,1
170330,F25247,1
170333,F24614,1
170335,F9386|F9469,2
170352,,0
170372,F9355|F10148|F35385|F17168|F9908|F9530|F9605|F9372|F9606|F9604|F9330,11
170406,,0
170411,,0
170412,,0
170414,F13283,1
170415,F13285,1
170416,,0
170420,,0
170423,,0
170425,,0
170435,,0
170472,,0
170482,F15857|F16841|F13043|F9355|F10148|F35385|F10148|F35385,8
170495,,0
170498,,0
170521,F13284,1
17053,,0
170576,F6292,1
170639,F36472|F36287,2
170667,,0
170698,F6128,1
170699,F6129,1
170732,,0
170803,F22472,1
170806,N48873|F10414|F831,3
170808,,0
170908,F41051|F9235|F9604|F9330,4
170943,,0
170945,,0
171075,,0
171076,,0
171240,F39752|F41158|F9342|F9322|F9363|F9499,6
171306,,0
171312,,0
171369,,0
171370,,0
171407,,0
171413,,0
171427,,0
171434,,0
171447,F5373,1
171448,F3828,1
171451,F24113,1
171468,,0
171469,,0
171470,,0
171472,,0
171500,F9416|F9845|F9845|F9525|F9526,5
171553,,0
171570,,0
171621,F25610,1
171631,F34817,1
171719,F38251,1
171720,F25796,1
171723,F34317,1
17175,,0
171807,F29411,1
171809,,0
171877,,0
17188,,0
171887,,0
17189,,0
171890,,0
171893,,0
171940,F17719,1
171960,F34370,1
171962,F38528,1
171963,F34432,1
171964,F34310,1
171968,F34433,1
172129,F9239|F9318|F9891|F9894|F35661|F9805|F609|F610,8
172132,F13735,1
172187,,0
172252,,0
172425,,0
172550,F39763,1
172556,,0
172557,,0
172559,,0
172560,,0
172561,,0
172566,,0
172567,,0
172568,,0
172569,,0
172570,,0
172572,,0
172624,F10081|F10187|F2564,3
172626,F10081|F10187|F2564,3
172686,,0
172699,,0
172703,,0
172724,F39499,1
17273,,0
17274,,0
17276,,0
172994,,0
172999,,0
173000,F39431,1
173133,,0
173192,F3666,1
173193,F13226,1
173194,F13227,1
173196,F13225,1
173197,F4078,1
173202,,0
173203,,0
173205,,0
173207,,0
173209,,0
173316,F17176,1
173319,F42669,1
17335,,0
173361,F38122,1
173432,F9547|F10088|F9349|F9232|F10268,5
173442,F38124,1
173445,F41781|F41160|F977|F9322|F36428,5
173456,F36735,1
173547,F36472|F36472|F36287,3
173587,,0
173605,,0
173623,F37107|F34128|F37575,3
173624,,0
173671,F13811,1
173697,F9891|F9894|F35661|F9805|F609|F610,6
173724,,0
173762,,0
173779,F39727,1
174030,,0
174040,,0
174043,,0
174045,,0
17407,F9524|F9414|F41952|F9893,4
174140,F3718,1
174245,,0
174254,,0
174375,,0
174570,F11724,1
174571,F10137,1
174577,F25626,1
174578,F22915,1
174579,F22848,1
174580,F25017,1
174640,F34766,1
174643,,0
174645,F17324,1
174774,,0
174775,,0
174782,,0
174784,,0
174785,,0
174825,F11662,1
174826,F12818,1
174889,,0
174890,,0
174891,,0
174892,,0
174895,,0
174896,,0
174897,,0
174900,,0
174901,,0
175031,F11066,1
175040,,0
175047,F35192,1
175110,F9239|F9201,2
175113,F2782,1
175125,F34599,1
175206,F41714|F35714|F41779|F10520,4
17526,,0
175275,F34601,1
175428,F38634,1
175468,F13285,1
175486,,0
175506,,0
175507,,0
175535,F38568,1
175536,F38570,1
175538,F38571,1
175541,F38572,1
175583,F13437,1
175749,F38209,1
175753,F36917,1
175754,F37768,1
175915,,0
175939,,0
175952,,0
175954,,0
175955,,0
175956,,0
175965,,0
175966,,0
175970,,0
175974,,0
176048,,0
176159,,0
176174,,0
176226,F11639,1
176227,F11446,1
176228,F10685,1
176229,F11445,1
176231,F4607,1
176237,,0
176251,,0
176311,,0
176449,F13975,1
176486,F10773|F10884|F10640,3
176523,,0
176570,F10726|F10784,2
176723,F5122,1
176725,F4000|F41644|F41281|F36824,4
176778,F8175,1
176783,F8561,1
176827,,0
176832,,0
177016,F10883,1
177017,F10895,1
177019,F11120,1
177026,F5212,1
177067,,0
17718,,0
177211,,0
177256,,0
177267,,0
177268,,0
177269,,0
177270,,0
177271,,0
177272,,0
177275,,0
177284,,0
177286,,0
177287,,0
177331,F9624|F9426|F9426|F10062|F1390|F10450,6
177333,F9922|F10060|F9624|F9426|F10254,5
177361,,0
177362,,0
177496,,0
177522,F24767,1
177553,F41148|F41366|F1391|F1385,4
177756,,0
178072,F1224,1
178097,,0
178175,F11405,1
178177,F11407,1
178241,,0
178242,,0
17833,F41779|F41714|F35714|F41779|F10520,5
178372,,0
178446,F41605|F9397,2
178447,F2428,1
178504,,0
178793,F15954,1
178813,F41336|F36035|F36036,3
178825,,0
179053,F41660|F41542|F36285|F37570,4
179054,F41660|F36124|F36621|F36030,4
179269,,0
179332,,0
179333,,0
179389,F5657,1
179575,F40034,1
179598,,0
17964,,0
179795,F7934,1
179821,F2673,1
179828,F29836,1
179955,F36531|F36852|F10665|F10805,4
179979,,0
180008,F9485|F9613|F1146|F9632|F10049,5
180009,F9485|F9613|F1146|F9632|F10049,5
180010,F9816|F10242,2
180012,F9816|F10421|F9711|F9703,4
180051,,0
180146,,0
180223,F34377,1
180236,,0
180239,,0
180240,,0
180245,,0
180248,,0
180249,,0
180251,,0
180268,,0
180337,,0
180594,,0
180714,F34164,1
180717,F34165,1
180922,F5156,1
180924,F7993,1
180940,F24539,1
181011,,0
181015,,0
181016,,0
181170,,0
181171,F33872|F34575|F34389|F34390|F33723|F33721,6
181176,,0
181203,F9545|F9383|F9385|F9716,4
181213,F37851,1
181334,,0
181444,,0
181450,N-1,1
181486,F27598,1
181602,,0
181634,,0
181683,F39422,1
181742,,0
181754,F39425,1
181829,F5098,1
181830,,0
181865,,0
181866,,0
181878,F25122,1
181880,F13465|F13470|F13455|F13456,4
181931,,0
181956,,0
182095,F19093,1
182336,F15857|F16841|F13043|F9355|F10148|F35385|F17724,7
182476,,0
182478,,0
182482,,0
182529,,0
182832,F34815,1
182871,,0
182873,F32|F37396,2
182874,F34961|F7824,2
182878,F34961|F7824,2
182885,F23372,1
182888,F34961|F7824|F23372,3
182889,F34961|F7824|F23372,3
182890,F34961|F7824|F23372,3
182893,F34961|F7824|F23372,3
182895,F34961|F39675,2
182907,F34961|F7824|F23372,3
182909,F34961|F7824|F23372,3
182913,F34961|F7824|F23372|F34961|F39675,5
182924,F23372,1
182929,F7727|F7751,2
182936,F7774|F23372,2
182939,F34961|F7824|F39456|F7720,4
182940,F7725|F7752|F7751|F23642|F7733,5
182943,F26646,1
182948,F7827|F39466|F39393,3
182953,F34961|F7824|F23372|F34961|F39675,5
182960,F34961|F7824|F39456|F7720,4
182962,F34961|F7824|F39456|F7720,4
182967,F34961|F7824|F34961|F39675,4
182968,F34961|F7824|F24017,3
182971,F34961|F7824|F7780,3
182972,F23372,1
182973,F7777,1
182974,F2014|F2056,2
182975,F2014|F2056,2
182976,F25065,1
182977,F7780,1
182983,F39359|F7751,2
182987,F7751,1
182989,F7727|F7751,2
182992,F7752|F7751|F7751,3
182997,F15966,1
182998,F8178|F8244,2
183003,F39417,1
183006,F24018|F39417,2
183023,F39454|F39510,2
183033,F34961|F39358,2
183078,N48873,1
183094,,0
183102,F23944,1
183134,F41402|F41402|N50100,3
183231,F41402|F41402|N50100,3
183290,F7827,1
183291,F7747,1
183293,F39466|F39393,2
183294,F37218,1
183444,F39388|F7801,2
183488,F26179,1
183496,F24734,1
183503,F24249,1
183504,F14213,1
183514,F25432,1
183515,F25433,1
183545,F26189,1
183627,,0
183635,F41456,1
183739,F26148,1
183752,F26160,1
183794,F26149,1
183898,F42177|F39388|F7801,3
183907,F39461|F39670,2
18392,F41818|F36032|F41305|F41544,4
183979,,0
183986,,0
184046,F11206,1
184083,F25765,1
184102,,0
184112,,0
184139,F34961|F7824,2
184189,F34961,1
184216,F7752|F7751|F7751|F7663,4
184244,F34961|F7824|F23372|F39417,4
184279,,0
184305,F25930,1
184309,F26647,1
184314,F25929,1
184317,F7663,1
184322,F20154,1
184407,,0
184425,F39474|F39597|F39820|F39817|F39890|F39434|F39610|F39458,8
184442,F9674,1
184443,F39818|F39434|F39610|F39458|F39533|F39624|F39528|F39531,8
184447,F39474|F39597|F39820|F39817,4
184590,,0
184692,F4353,1
184694,,0
184697,,0
184702,,0
184703,,0
184714,,0
184715,,0
184717,,0
184718,,0
184777,F8272,1
184779,F7650|F7759|F7973,3
184783,F7634|F7689|F7670|F7701,4
184786,F7716|F7640|F7760|F7842,4
184812,,0
184820,F5423,1
184827,F34961|F7824|F23372|F34961|F39358,5
184834,,0
184836,,0
184837,,0
184851,F8138|F7634|F7689|F7670|F7701,5
184858,F39359|F39496|F39359|F7751,4
184920,,0
184956,,0
184981,F8053,1
185037,F11197,1
185087,,0
185230,,0
185255,F39432|F39377,2
185257,F40045,1
185265,F39511,1
185269,,0
185270,F37553,1
185271,F13320,1
185294,F39607,1
185337,F39813,1
185422,,0
185423,,0
185437,,0
185486,F37634,1
185575,F23826,1
18574,F37233,1
18575,F37240,1
185769,,0
185786,F39417,1
185787,F25771,1
185788,F25767,1
185789,F25768,1
185792,F25769,1
185793,F26654,1
185795,F25770,1
185825,F26653,1
185835,F39432|F39377,2
185925,,0
185961,F34961|F7824|F7727|F7751|F23372,5
185966,F23642|F7727|F7751,3
185967,,0
185976,F39432|F39377,2
185978,F35560,1
185979,F39359|F39354|F7753|F7724,4
186022,F5513,1
186024,F5514,1
186029,F5516,1
186054,F4315,1
186174,,0
186221,F11745,1
186222,F38076,1
186299,,0
186302,,0
186304,,0
186516,F34961|F7824|F23372|F7634|F7689|F7670|F7701,7
186530,F9349|F9232|F9416|F9845,4
186551,,0
186570,,0
186581,F39670,1
186584,F39461|F39670|F39468|F39510,4
186591,,0
18661,F39851,1
18664,F35310,1
186678,,0
18668,F39428|F39416|F39654,3
186697,,0
186698,,0
18671,F39855,1
18673,F39858,1
18674,F39859,1
18675,F39860,1
186820,,0
186836,,0
186843,F22867|F39388|F7801,3
186854,F39388|F7801|F39390,3
186877,,0
186922,F42176|F39388|F7801,3
18712,,0
18716,,0
187186,,0
187258,,0
187259,,0
187274,F3027,1
187275,F3025,1
187276,,0
187301,F7663|F7663|F7649|F7731,4
187303,,0
187306,,0
187333,,0
187371,,0
187389,,0
187421,,0
187451,,0
187454,,0
187459,,0
187465,F7850|F7819|F3156,3
187527,,0
187592,,0
187664,F10787,1
187673,,0
187675,F19285,1
187679,,0
187740,F11141,1
187791,,0
187896,,0
188068,,0
188089,,0
188129,F41073|F41256|F41106|F41056,4
188131,F41256|F41106|F41056,3
188134,F2060|F2068|F793|F1400,4
188135,F1911|F959|F2583|F2385,4
188197,F1011|F9444|F9212|F9641,4
188287,F13710,1
188308,F26505,1
188345,,0
188492,F32289,1
188493,F20266,1
188520,F27977,1
188523,F18456,1
188564,F21576,1
188571,F22263,1
188606,F26911,1
188619,F20731,1
188625,F32288,1
188627,,0
188658,F24129,1
188660,,0
18878,,0
18879,F9346|F9347|F9412|F9378,4
188957,,0
188976,F19080,1
189180,F2500,1
189233,,0
189243,,0
189247,,0
189265,F31371,1
189427,,0
189452,F26264,1
189467,,0
189499,,0
189500,F5604,1
189514,F34961|F7824|F23372|F34961|F39675,5
189575,,0
189635,,0
189658,F9693|F9426|F1174|F659,4
189682,F3777,1
189709,F39454|F39510|F39388|F7801|F39390,5
189713,,0
189714,,0
189717,,0
189745,F14015,1
189747,,0
189756,,0
189773,,0
189789,F21579,1
189798,F30180,1
189804,F39454|F39510|F39495,3
189806,F39454|F39510|F22964|F35529,4
189811,F39454|F39510|F23373|F22671,4
189815,F23373|F22671,2
189818,F39454|F39510|F23373|F22671,4
189825,F39454|F39510|F39454|F39510|F39495,5
189828,F33090,1
189851,,0
189959,F16189,1
189960,,0
189963,,0
189972,,0
190018,F21579,1
190031,F29130,1
190037,F27980,1
190074,F31376,1
190149,F27978,1
190197,F19282,1
190202,,0
190461,F36575|F36717|F37719,3
190499,F8108,1
190506,F36507,1
190512,F35157,1
190578,,0
190579,,0
190625,F29129,1
190636,F26928,1
190679,,0
190681,,0
190682,,0
190698,,0
190702,,0
190706,F26155,1
190709,F26157,1
190732,F26161,1
190735,F26150,1
190738,F26158,1
190751,F26151,1
190755,F26154,1
190788,F26156,1
190789,F26152,1
190836,F24957,1
190839,F24521,1
190854,F25386,1
190883,,0
190942,,0
190989,F2527,1
190995,,0
191008,F41525,1
191070,,0
19114,F36942,1
19126,F13480,1
191307,F26046,1
191339,,0
19143,F562|F36701,2
191577,F24822,1
191578,F24823,1
191581,F23883,1
191582,F24890,1
191589,,0
191591,,0
191594,,0
191604,,0
191736,F17432,1
191738,F17432,1
191781,,0
191784,,0
191786,,0
191793,,0
191800,,0
191835,,0
191852,,0
191866,,0
191868,,0
191885,,0
191969,,0
191983,F9388|F9280|F2580,3
191985,F10092|F879,2
191998,,0
192200,F5599,1
192203,F5603,1
192206,,0
192261,F5028,1
192262,F4476,1
192264,F11109,1
192380,F5534,1
192381,F23847,1
192457,F11,1
192469,F70,1
192470,F73,1
192482,F102,1
192484,F103,1
192506,F107,1
192508,F112,1
192510,F108,1
192515,F109,1
192532,F110,1
192563,F133,1
192564,F134,1
192582,F19362,1
192783,F13015,1
192785,F13567,1
192791,,0
192793,F34128,1
192819,F13162,1
192826,F13113,1
192851,F34127,1
192969,F13642,1
19301,F23350,1
19302,F12877|F10495|F12788|F10489,4
193145,F20535,1
193147,F20935,1
193148,F13598,1
193149,F20054,1
193150,F20055,1
193151,F11187,1
193154,F11180,1
193155,F21393,1
193157,F19665,1
193159,F38375,1
193163,F11179,1
193164,F19660,1
193193,F2746,1
193194,F1775,1
193268,,0
193270,F16290,1
193273,F16292,1
193277,,0
193282,,0
193305,,0
193324,N-1,1
193328,F2250,1
193331,N-1,1
193333,F2248,1
193346,F2657,1
193353,F2279,1
193354,N-1,1
193359,F4000,1
193361,F11139,1
193367,F662|F584,2
193373,F829,1
193376,F3544,1
193378,F5485,1
193380,F5486,1
193433,F9416|F9845|F9525|F9526,4
193470,F25974,1
193486,,0
193488,,0
193498,,0
193500,,0
193524,F34961|F7824|F22964|F35529,4
193533,F34961|F7824|F7780,3
193567,,0
193638,,0
193667,,0
193668,,0
193831,,0
193851,F19289,1
193993,,0
194222,F14122,1
194312,,0
194317,,0
194322,,0
194324,,0
194343,F2175,1
194422,F3898,1
194435,,0
194437,,0
194441,,0
194443,,0
194451,,0
194456,,0
194493,F5309,1
194592,,0
194597,,0
194704,,0
194710,,0
194716,,0
194718,,0
194719,,0
194724,,0
194746,,0
194748,,0
194749,F34167,1
194750,,0
194753,,0
194755,,0
194762,,0
194770,,0
194773,,0
194786,,0
194787,,0
194835,,0
194907,,0
194912,,0
194914,,0
194926,F7702|F7730,2
194927,,0
194928,F9247|F7634|F7689,3
194987,,0
195011,,0
195050,,0
195054,,0
195056,F1818|F10039,2
195124,,0
195126,,0
195127,,0
195128,F8114,1
195129,,0
195130,,0
195139,F13908,1
195140,,0
195149,,0
195150,,0
195153,,0
195154,,0
195156,,0
195157,,0
195180,F34163,1
195243,,0
195305,,0
195313,,0
195362,,0
195404,F13169,1
195417,,0
195420,,0
195509,,0
195530,,0
195534,,0
195535,,0
195601,,0
195657,F4631,1
195658,,0
195706,,0
195735,,0
195743,,0
195932,,0
195935,F2037,1
19594,F1764,1
195944,,0
195953,,0
195965,,0
195993,F13255,1
195997,,0
196001,F1443|F9686,2
196037,F34324,1
196041,F34326,1
196076,F34714,1
196102,,0
196112,F11284,1
196124,F11354,1
196212,,0
196233,,0
196358,,0
196359,,0
196369,,0
196407,F38405,1
196415,F37268,1
196423,,0
196424,,0
196431,,0
196434,,0
196449,,0
196454,,0
196459,F19801,1
196461,F19802,1
196486,,0
196534,,0
196544,F11684,1
196557,F18521,1
196599,F41187|F41312|F41512|F41259,4
196934,,0
196937,,0
196962,F7703|F7735|F39482|F10096,4
196970,,0
196990,F8279|F26032|F41892|F22600|F22614|F23016|F22882,7
196994,F39356|F39364|F39633|F39610|F39458,5
197067,,0
197080,F26321,1
197096,,0
197221,F3893,1
197223,,0
197230,,0
197231,F1492,1
197236,,0
197238,,0
197240,,0
197242,,0
197245,,0
197251,,0
197252,,0
197260,,0
197273,F23276,1
197276,F23853,1
197280,F23856,1
197291,F22600|F22614|F23016|F22882,4
197310,F23832,1
197313,F8279|F26032|F41892,3
197580,F8279|F26032|F41892,3
197612,F39533|F39624|F39599|F39523|F39597|F39474|F39597|F39820|F39817|F39349|F39367|F39391|F39458|F7703|F7735|F39482|F10096,17
197710,,0
197711,,0
197792,,0
197813,F1172,1
197897,,0
197899,,0
197938,F26504,1
197982,,0
198171,,0
198179,,0
198189,,0
198203,,0
198223,,0
198240,,0
198314,F19744,1
198326,F19745,1
198330,F19765,1
198374,F19787,1
19842,,0
198526,,0
198588,F41568|F41567|F17434|F17668,4
198612,,0
198621,,0
198622,,0
198730,F19752,1
198814,,0
198996,F4795,1
199173,F19180,1
199178,F19181,1
199184,F17499,1
199265,F26473,1
199297,F35203,1
199323,F19747,1
199526,,0
199632,,0
199725,F10219|F1431|F1402|F11439|F3557,5
199742,,0
199751,F3961,1
199759,F10375,1
199763,F783,1
199767,,0
199769,F3946,1
199770,F3943,1
199777,,0
199784,F4581,1
199830,F5319,1
199896,F1663,1
199933,F2211,1
199950,F41586,1
200007,F17145|F9315|F17310,3
200008,F15841|F17310,2
200078,F19788,1
200085,,0
200090,,0
200134,,0
200194,,0
200199,F5583,1
200201,F5584,1
200204,F5589,1
200206,F5581,1
200212,F37993,1
200260,F4397,1
200261,F4412,1
200267,F4905,1
200273,F4435,1
200276,F4465,1
200291,F4946,1
200297,F4442,1
200308,F5134,1
200311,F5137,1
200314,F5139,1
200319,F5142,1
200321,F5179,1
200352,F5161,1
200356,F5162,1
200360,F5163,1
200370,F5169,1
200373,F5165,1
200388,F12589,1
200411,,0
200501,,0
200537,F20639,1
200541,,0
200553,F17977,1
200564,F19765,1
200572,,0
200573,,0
200616,F19746,1
200617,,0
200618,,0
200619,,0
200694,F19749,1
200998,,0
201000,,0
201002,,0
201133,,0
201190,,0
201209,F34802,1
201380,F13607,1
201433,,0
20146,,0
20147,F34375,1
201497,F13048,1
201505,F13074,1
201525,F23141,1
201527,F23944,1
201530,F23331,1
201531,,0
201532,F22853,1
201535,F41402|F41402|N50100,3
201537,F22852,1
201538,F23945,1
201539,F34802,1
201540,F22852,1
201541,,0
201563,F41402|F41402|N50100,3
201564,,0
201568,F24955,1
201572,F23939,1
201608,F40541,1
201610,,0
201619,F26561,1
201667,,0
201698,,0
201699,,0
201738,,0
201777,,0
201837,F11528,1
201869,,0
201887,F3121|F39485|F3123|F1303,4
201889,F34153,1
201891,,0
201899,,0
201900,,0
202063,,0
202094,F19157,1
202125,F11409,1
202146,,0
202220,F39801,1
202229,F39902,1
202291,F14274,1
202336,F35848|F41707,2
20235,,0
20239,,0
202452,F9355|F10148|F35385|F10148|F35385,5
20251,,0
20258,,0
20259,,0
20269,,0
202690,,0
202767,,0
202768,,0
202791,F35843|F36911|F9715|F9593|F10427|F10426,6
202855,F34801|F33972|F34616,3
202897,F34775,1
20290,,0
202911,F11291,1
202913,F11154,1
203013,F5727|F6248|F5245|F6229,4
203029,F36971,1
203067,F37171|F37419|F33729|F747|F36821|F38563,6
203070,,0
203118,F9528|F9904|F9349|F9232|F9415|F10266,6
203122,F9528|F9904|F9349|F9232|F9415|F10266,6
20315,,0
203160,F33819|F1882|F1373,3
203165,F3597|F605|F41319|F41265,4
203174,F17309,1
203210,,0
20329,,0
203340,F41128|F41325|F36413,3
203348,F36887|F36328|F41128|F41325|F35926|F41369,6
203352,F41128|F41325|F35926|F41369,4
203360,F41128|F41325|F36531|F41128|F41325|F35926|F41369,7
203523,F4588|F4612|F36336|F37196,4
203529,F3616|F3618,2
203534,F37246|F37094,2
203549,F6015,1
20362,F650,1
203685,,0
203713,,0
203720,,0
203748,,0
203752,,0
203795,F18003|F17772,2
203797,F3328,1
203798,F24272|F36714,2
203800,,0
203802,,0
203937,F37663|F36756|F36449|F36271,4
203941,F19778,1
203979,F21949,1
204126,,0
204143,F25080|F15899|F15900,3
204203,F10862,1
204210,F10863,1
204215,F10861,1
204274,F18241,1
204277,F19781,1
204311,F17482|F17478,2
204363,F16877,1
204488,,0
204498,,0
204509,,0
204517,,0
204674,F5509,1
204675,F3617|F3035|F1825,3
204676,F9547|F10088|F35661|F9805|F609|F610,6
204677,F1822,1
204678,F9634|F10268|F2287,3
204680,F3034,1
204700,F1586,1
204701,F2442,1
204721,,0
204764,F8132,1
20480,F23483,1
204815,,0
204816,,0
204819,,0
204822,,0
204826,,0
204831,,0
204894,,0
204899,,0
204904,,0
204913,,0
204914,,0
204923,F591,1
205018,,0
205092,,0
205103,,0
205106,,0
205107,,0
205109,,0
205115,,0
205120,,0
205123,,0
20516,,0
205199,F37434,1
205202,F38502,1
205271,,0
205275,,0
205277,,0
205281,,0
205472,F35716|F36502|F37179|F36802,4
205483,F38111|F36664|F5035,3
205523,,0
205524,F1551|F1237|F9244|F9480|F9673|F9590,6
205525,,0
205538,,0
205541,,0
205547,,0
205568,,0
205583,,0
205634,,0
205639,F26420,1
205787,,0
20581,F2513,1
205830,,0
205841,F40182,1
205858,F40181,1
20588,,0
20590,,0
205900,,0
205960,,0
205986,,0
205992,,0
206003,,0
206006,,0
206010,,0
20609,F12563,1
206093,,0
206102,,0
206115,,0
206117,,0
206118,,0
206122,,0
206123,,0
206124,,0
206125,,0
206126,,0
206128,,0
206135,,0
206139,,0
206141,,0
206143,,0
206144,,0
206146,,0
206153,,0
206157,,0
206165,,0
206171,,0
206209,,0
206212,,0
206222,,0
206234,,0
206235,,0
206369,F33935,1
206383,,0
206385,,0
206422,,0
206459,F5740,1
206641,,0
206649,F37457,1
206650,,0
206680,,0
206684,,0
206692,,0
206730,F34743,1
206736,F38600,1
206751,,0
206753,,0
206754,,0
206755,,0
206756,,0
206757,,0
206762,F23331,1
206766,F22853,1
206773,F18624,1
206784,,0
206791,F41402|N50100|F41402|F41402|N50100,5
206829,F3583,1
206834,F2202,1
206887,F37454,1
206893,,0
206894,F37456,1
20690,F10781,1
206955,,0
206978,F37448,1
207051,F22972|F23571|F23760|F23021,4
207066,,0
207074,F34946|F23537|F19207,3
207075,F17522|F17892|F17618|F33546,4
207077,F23760|F23021,2
207094,,0
207096,,0
207098,,0
207113,F22648,1
207139,F23339|F23759,2
207286,F37455|F37407,2
207312,,0
207315,,0
207318,,0
207331,,0
207333,,0
207338,,0
207341,,0
207354,,0
207360,,0
207365,,0
207370,,0
207385,,0
207386,,0
207391,,0
207418,,0
207422,,0
207426,,0
207502,,0
207522,F33679|F23165|F34961|F35648,4
207547,N-1,1
207548,,0
207551,F37182|F36167|F35848|F41707|F36014,5
207553,F35984|F41677|F36068,3
207565,F5042,1
207596,F4767,1
207601,F2671,1
207608,F38493,1
207635,,0
207682,F9512|F9274|F9370|F9246,4
207684,F20031,1
207685,F19303,1
207686,,0
207690,F41450|F41342,2
207705,F41402|F41402|N50100,3
207707,F41402|F41402|N50100,3
207728,F41402|F41402|N50100,3
207729,,0
207730,,0
207732,,0
207734,,0
207735,F17547|F17829,2
207741,,0
207743,,0
207748,,0
207750,,0
207764,,0
207802,F25074,1
207817,,0
207820,,0
207830,,0
207831,,0
207863,,0
207940,,0
207943,F23066,1
207947,,0
207961,,0
207965,,0
20798,F27886,1
207984,,0
208032,,0
208051,,0
208054,,0
208055,,0
208056,,0
208057,,0
208071,F1861,1
20809,F36609,1
208141,F16865,1
208148,F16873,1
208149,F16885,1
208150,F16886,1
208183,,0
208202,,0
208206,,0
208213,,0
208327,,0
208329,,0
208333,F26206,1
208334,,0
208346,F24720,1
208350,F26054,1
208415,,0
208417,F25398,1
208420,F34113,1
208431,F25394,1
208432,,0
208433,F24233,1
208443,F22972|F23571|F23760|F23021,4
208452,,0
208453,,0
208603,F13934,1
208606,F13753,1
208610,F13752,1
208612,F13841,1
208614,F13750,1
208615,F13751,1
208616,F13932,1
208619,F13747,1
208620,F13749,1
208625,,0
208627,F25281,1
208628,F23463,1
208630,F23772,1
208636,F19496,1
208637,F19828,1
208686,,0
208701,F9624|F9426,2
208731,,0
208733,F25397,1
208734,F26196,1
208739,F17267,1
208740,F25399,1
208741,F24220,1
208776,F23041,1
208777,F23385,1
208778,F9787|F10094|F9787|F10094,4
208855,,0
208856,F20096,1
208857,F20097,1
208858,F20061,1
208882,,0
208896,F4922,1
208971,F25515,1
208980,,0
208995,F23547,1
209047,F26341,1
209048,F25395,1
209053,F26334,1
209118,F41403|F9951|F10284,3
209126,F20060,1
209161,,0
209191,F173,1
20927,F2798,1
209309,F12940,1
209393,F35935|F41048,2
209394,F2790,1
209395,F9647|F9861|F711|F1028|F999,5
209397,F34946|F23537|F19207,3
209404,F23284,1
209438,,0
209442,,0
209483,F18872,1
209484,F13820,1
209487,F18240,1
209514,F1227,1
209518,F1228,1
209522,F1225,1
209523,F1226,1
209524,F1231,1
209589,F26198,1
209599,F25401,1
209707,,0
209712,,0
209733,,0
209769,F14808,1
209780,F12817|F10518|F10950,3
209788,F12817|F10518|F12818,3
209801,F17522|F17892|F17618|F33546,4
209807,,0
209808,,0
209872,F24727,1
20993,,0
209996,,0
210114,,0
210116,,0
210118,,0
210119,,0
210120,,0
21018,F23274,1
210189,F19952,1
21020,,0
210212,F24231,1
210260,F24221,1
210270,F13931,1
210293,F18274,1
210312,F10809|F10683,2
210494,F19678,1
210503,F18320,1
210507,F18317,1
210548,F35935|F41048,2
210624,F35067|F35122|F35070|F36418,4
210627,F2351,1
210629,F14560,1
210632,F3154,1
210644,F14040,1
210645,F14042,1
210648,,0
210649,F37981,1
210650,,0
21088,,0
210916,F38703,1
210940,F13667|F11335,2
210967,F35935|F41048,2
211016,F25080|F25074|F9342|F9322|F9363|F9499,6
211095,,0
21114,,0
211238,F14192,1
211241,,0
211271,F33998,1
211272,F9244|F9480|F1230,3
211341,,0
211396,,0
211401,,0
211474,,0
21149,F10998,1
211499,,0
211528,,0
211529,F3764,1
211559,,0
211577,,0
211645,F26335,1
211904,F8005,1
211934,,0
211967,F19860,1
211975,F26197,1
212076,F28334,1
212080,F28331,1
212089,,0
212090,,0
212093,,0
212111,,0
212168,F10076|F843|F470|F3140|F2298|F1392,6
21217,,0
212181,F35935|F41048,2
212217,N-1,1
212238,F10894|F10985,2
212246,F40403,1
212275,F26475,1
212412,,0
21247,,0
212823,,0
21287,,0
21288,,0
21291,,0
21295,,0
21296,,0
212992,,0
213003,,0
213216,F9547|F10088|F9349|F9232|F10268,5
213241,F4260,1
213268,F24432,1
213271,,0
213273,F25108,1
213499,F3446,1
213504,F38151,1
213527,F11017|F11026|F11126|F12871,4
21353,F23503,1
21357,,0
213620,F28332,1
213641,,0
213653,,0
213679,,0
213681,,0
21374,,0
213951,F13128,1
213952,F2176,1
213954,,0
213973,,0
213979,F23141,1
214016,,0
214019,,0
214027,,0
214063,F34009,1
214088,,0
21413,F42358,1
214179,F23379,1
214183,F23586,1
214184,F41402|N50100|F41402|F41402|N50100,5
214187,F41402|F41402|N50100,3
214189,F35691|F41816,2
214271,F34946|F23537,2
214275,F4957,1
214362,F18952,1
214364,,0
214367,F18950,1
214377,F17839,1
214380,F17838,1
214394,F24812,1
214415,F41051|F9235|F9604|F9330,4
214448,F9355|F10148|F35385|F10148|F35385,5
214468,F10148|F35385,2
214487,F5755,1
214740,F19951,1
214741,F19950,1
214870,F37601,1
214892,F35935|F41048,2
214908,F36488,1
214909,F36488|F37460,2
214933,F37602,1
214935,F38508,1
214937,F38511,1
214958,,0
215081,F38506,1
215083,F38513,1
215087,F38512,1
215089,F38544,1
215090,F38545,1
215092,F38549,1
215167,,0
215243,F38504,1
215258,F38550,1
215260,F38554,1
215267,,0
215271,F38503,1
215273,F38505,1
215277,F38507,1
215278,F38510,1
215280,F38306,1
215293,F9479|F9557,2
215299,F8008,1
215362,,0
215416,F35689|F36226|F41240|F41113|F41540,5
215418,F35689|F36226|F41240|F41113|F41540,5
215419,F36045|F36549|F41431|F41543|F41145|F41212,6
215420,F41638|F35959|F36075|F36548,4
215421,F41432|F41820,2
215425,F41431|F41543|F41145|F41212,4
215431,F41236|F41311|F41413|F41405,4
215434,F3454|F4420|F3414,3
215437,F41431|F41543|F41145|F41212,4
215438,F35690|F41661|F36667|F36457,4
215439,F18687,1
215441,F41089|F41088,2
215450,F2826,1
215452,F2602,1
215524,F36815,1
21558,,0
215583,F41230|F41190|F41230|F41574,4
215605,N-1,1
215608,N-1,1
215609,F14584,1
215651,,0
215670,F23951,1
215677,F23342,1
215678,F25690,1
215690,F25697,1
215727,,0
215735,F1399|F1993,2
215756,F18681,1
215766,F18663,1
215770,F18680,1
215774,F18688,1
215778,F18316,1
215780,F17877,1
215802,F25685,1
216006,,0
216053,F9355|F10148|F35385|F10148|F35385,5
216064,F9355|F10148|F35385|F10148|F35385,5
216096,F22648|F22653,2
216304,F25959,1
216323,F19350,1
216324,F18683,1
216326,F19357,1
216327,F19364,1
216329,F19346,1
216361,F1864,1
216451,F41042|F39085|F41042|F36024,4
216455,,0
216465,F13324,1
216469,F10084|F10005,2
216564,F2848,1
216681,,0
216695,,0
216753,,0
216754,,0
216771,F9787|F10094|F9785|F1165,4
216772,,0
216773,F9785|F1165|F9785|F1165,4
216796,F11840,1
216923,,0
216927,F25640,1
216932,F25677,1
216935,F26472,1
216938,F26503,1
216946,F11707,1
216970,,0
217022,F5664,1
217079,,0
217082,,0
217085,,0
217201,,0
217202,,0
217217,,0
217218,,0
217219,,0
217220,,0
217222,,0
217223,F5398,1
217224,,0
217230,F26926,1
217239,F17379|F17380,2
217249,F35935|F41048,2
217474,,0
217650,F8528,1
217655,,0
217671,,0
217678,,0
217690,F19521,1
217734,,0
217743,,0
217748,,0
217781,F11674,1
217834,F9444|F9734|F1571|F9648|F9624|F9426|F10254,7
217849,F10137|F9734|F488|F10337,4
217868,F10137|F1567|F674|F1184,4
217984,F11287,1
218109,,0
218144,F34012,1
218149,F34010,1
218238,F36425,1
218294,F22779,1
218402,F8424,1
218420,,0
218421,F5314,1
218425,,0
218430,,0
218484,,0
218513,,0
218515,,0
218516,,0
218652,F9239|F10044|F9539,3
218670,F8733,1
218677,F8714,1
218681,F8521,1
218715,F40283,1
218717,F40279,1
218734,N-1,1
218795,F8618,1
218797,F8421,1
218799,F8749,1
218809,F40389,1
218889,,0
218905,F10199|F9795,2
218909,F8387,1
218912,F8503,1
218915,F8770,1
218919,F8701,1
218921,N-1,1
218924,F8707,1
218926,F8491,1
218929,F8773,1
218930,F8772,1
218931,F8708,1
218933,F3686,1
218934,F8403,1
218937,F8716,1
218938,F40344,1
218939,F8748,1
218940,F8604,1
218941,F34864,1
218945,F8396,1
218957,F8635,1
218962,F8734,1
219069,F36410|F9897,2
219091,F8397,1
219093,F8747,1
219099,F8520,1
219101,F8634,1
219144,F3926,1
219148,F11416|F11018,2
219171,F8640,1
219173,F8660,1
219177,F8735,1
219179,F8398,1
219180,F8605,1
219182,F8715,1
219184,F8603,1
219185,F40547,1
219187,F40546,1
219188,F40550,1
219191,F8662,1
219192,F8636,1
219196,N-1,1
219198,F8633,1
219199,F8661,1
219200,F8608,1
219202,F8639,1
219203,F8606,1
219205,F8607,1
219319,F26338,1
219468,,0
219523,F37174,1
219687,F54,1
219799,F19850,1
219801,F19851,1
219802,F19848,1
219804,,0
219805,,0
219806,,0
219828,,0
219849,F10454|F10227|F2683|F3536,4
219852,F620|F10099|F10454|F10227|F938,5
219988,F39699,1
219989,F40207,1
220107,F19847,1
220108,,0
220158,,0
220159,,0
220160,,0
220197,,0
220514,F41877,1
220635,F2552,1
220684,,0
220734,F19429,1
220745,F18753,1
220769,,0
220833,F19421,1
220914,F26556,1
220977,F10989,1
220986,F19423,1
220992,F19418,1
220996,F18728,1
220999,F19430,1
22100,,0
221052,,0
221074,F8408,1
221121,F2548,1
221122,F4425,1
221191,,0
221229,F35217,1
221264,F5029,1
221346,,0
22143,,0
221466,F18754,1
221499,,0
221518,,0
221703,F14030,1
221757,F40044,1
221760,F40484,1
221762,F40485,1
221763,F40486,1
221766,F40487,1
221884,F14036,1
221885,F14037,1
221886,F14562,1
222028,,0
222210,F36472|F36287,2
222263,,0
222421,F5466,1
222422,F8694,1
222426,F5468,1
22256,F9281,1
22257,F9264|F9259,2
222632,,0
222633,,0
222634,,0
222644,F10704,1
222650,,0
222654,,0
222664,,0
222667,,0
222669,,0
222683,F10912,1
222689,F11045,1
222692,F11046,1
222706,,0
222709,,0
222802,F35935|F41048,2
222827,F11145,1
222844,F11608,1
222853,F11615,1
22301,F10225|F540,2
223054,F5574,1
223137,F11595,1
223285,F37471,1
223423,F41096|F9897|F41192|F41427|F41191|F9897,6
223556,F11317|F600|F601|F2165|F2682,5
223688,F40035,1
223759,F5787,1
223762,F5792,1
223770,F5790,1
223774,F5998,1
223776,F5791,1
223779,F5793,1
223783,F5786,1
223788,F5789,1
223816,F38637,1
223818,F38636,1
223840,F38727,1
223841,F813,1
223842,F38746,1
223847,F38752,1
223876,F35946|F41440|F35758,3
223950,,0
223951,,0
223952,,0
223977,F41440|F41463|F41462,3
223989,F41701|F35945|F36283,3
223990,F41440|F41463|F41462,3
223991,F37337,1
223994,F37339,1
223997,F37340,1
224012,F41701|F35945|F36283,3
224017,F37341,1
224019,F37426,1
224026,F41218|F36099|F36098,3
224040,F37335,1
224042,F37343,1
224043,F661|F584|F10199|F9795,4
224260,F12571,1
224625,F14199,1
224626,F14374,1
224638,F40431,1
224726,,0
224732,,0
224734,,0
224852,F38576,1
224853,F38577,1
225059,F17432,1
225106,,0
225154,,0
225203,,0
225241,,0
225431,,0
225437,F48,1
225445,F37,1
225457,F88,1
225782,,0
225875,,0
225894,,0
225895,,0
225925,F2740,1
225933,F4779,1
226073,,0
22610,F10601,1
226111,F11800,1
226123,F11795,1
226151,,0
226153,F41640,1
226246,,0
226248,F11794,1
226252,F11653,1
226256,F11318,1
226257,F11138,1
226258,F10922,1
226260,,0
226270,F11801,1
226333,F11765,1
226396,F27250,1
226397,F24751,1
226398,F28173,1
226464,F35,1
226472,,0
226492,,0
226506,,0
226508,,0
226515,,0
226527,,0
226532,,0
226542,,0
226555,,0
226558,,0
226570,,0
226589,,0
226590,,0
226613,,0
226614,,0
226628,F11888,1
226656,,0
226657,,0
226661,,0
226676,,0
226680,,0
226841,,0
226885,F25872,1
226887,F15370,1
226890,F15026,1
227048,,0
227086,,0
227127,F4670,1
227298,,0
227494,,0
227502,,0
227615,F26440,1
227646,F13660|F13663|F14350,3
227659,F18836,1
227866,,0
227867,,0
228030,F4002,1
228124,F14182,1
228144,F9531|F9607,2
228173,,0
228187,F10156|F10004,2
228188,F10156|F10004,2
228194,,0
228196,F22789,1
228201,F22975,1
228206,F22976,1
228208,F22623,1
228226,,0
228258,F22788,1
228474,F11889,1
228490,F15746,1
228552,,0
228555,F30548,1
228558,F33203,1
228559,F24750,1
228572,,0
228609,,0
228664,F9787|F10094|F9785|F1165,4
228778,,0
228779,,0
228787,,0
228792,,0
228793,F11911,1
228794,F11951,1
228876,F6294,1
228909,F31654,1
228910,,0
228937,F4112,1
228981,,0
228987,F42051,1
229019,,0
229151,F4956,1
229155,F10428|F836|F1466,3
229161,F4958,1
229162,F10428|F836|F1466,3
229167,F1514|F1467,2
229168,,0
229183,F836,1
229186,F5654,1
229187,F11986,1
229316,F6258,1
229319,F6293,1
229330,F6260,1
229335,F13236,1
229337,F13237,1
229388,F5761,1
229389,F5764,1
229398,F5765,1
229409,F5766,1
229467,F5761,1
229532,F14766,1
229537,F14386,1
229539,F14058,1
229540,F14160,1
229613,F1229|F626,2
229636,N-1,1
229637,F542|F1024|F1330,3
229763,,0
229764,F33439,1
229766,F32558,1
229767,,0
229768,F27238,1
229769,F33207,1
229836,,0
22984,F18072,1
22985,F41899,1
229887,,0
22989,F41900,1
229921,,0
229924,,0
230079,,0
230194,F26703,1
23025,F18064,1
230338,F4505,1
230364,F34105|F34104|F34105|F34080,4
230429,,0
230514,,0
230633,,0
230710,,0
230767,,0
230769,F31663,1
230778,,0
230780,,0
230781,,0
230782,F22474,1
230787,F22463,1
230793,F22635,1
230794,F22473,1
230795,F22470,1
230796,F35418,1
230797,F22177,1
230845,F22465,1
230846,F22506,1
230847,F22508,1
230848,F22487,1
230849,F22509,1
230851,F22500,1
230853,F22501,1
230863,F22499,1
230868,F22460,1
230908,,0
230910,,0
230911,,0
230962,F12024,1
230964,F12037,1
230974,,0
230979,F12047,1
230980,,0
230984,F12084,1
230988,F12103,1
230991,,0
231079,,0
231193,F26090,1
231225,,0
231226,,0
231328,N-1,1
231384,F38353,1
231600,F9729|F9652|F509|F10305|F968|F705,6
231601,F9729|F9652|F509|F10305|F968|F705,6
231603,F9729|F9652|F509|F10305,4
231630,F2916|F1027|F1317|F2067,4
231747,,0
231748,,0
231969,,0
231970,,0
232275,,0
232298,F41571|F41383|F41568|F41567,4
232301,F33724|F33722|F34169|F34858,4
232308,F4503,1
232359,,0
232368,,0
232389,,0
232414,,0
232425,,0
232552,,0
232619,,0
232625,F21952,1
232719,F19789,1
232742,,0
232848,F5400,1
232917,,0
232924,F5634,1
232991,F17432,1
233142,F42074,1
233143,F2045,1
233156,F14924,1
233177,F9547|F10088,2
233182,F14919,1
233259,F1011|F1606|F2393|F3323,4
233260,F5394,1
233262,,0
233266,,0
233293,,0
233297,,0
233303,F5491,1
233316,,0
233414,F5663,1
233457,,0
233514,F37632,1
233529,F30549,1
233549,F15219,1
233714,,0
233774,,0
233870,F38598,1
233872,F38595,1
233877,F38596,1
233880,F40413,1
233901,F7678|F7721,2
233902,F9421|F9676|F1072|F10028,4
23401,F22619,1
23402,,0
234346,,0
234352,F25044,1
234430,F25046,1
234441,,0
234451,,0
234466,F25037,1
234581,,0
234615,,0
234700,F25790,1
234883,F25791,1
234990,F25875,1
235114,,0
235184,F18985,1
235200,,0
235202,,0
235247,F25097,1
235295,F18655,1
235315,,0
235316,,0
235335,F5533,1
235357,F32560,1
23601,F42413,1
236138,F41273|F41198|F41819|F41198|F35696|F41273|F41538|F10662|F10825|F41247|F35701,11
236383,,0
236522,F10646|F10491|F10499,3
236702,F41289|F2308|F1245|F37409,4
23688,F35935|F41048,2
23689,F35935|F41048,2
236922,,0
236923,,0
236939,,0
236940,,0
237024,F24794,1
237034,F39596,1
237042,,0
237073,,0
237140,F9843|F17201|F17620,3
237187,F23862,1
237317,F18831,1
237341,,0
237343,,0
237853,,0
237930,F8279,1
237934,F39434|F39597|F39610|F39458,4
237936,F7966|F39349|F39367|F39391|F39458,5
238195,F39404|F39383|F39611|F39429,4
238436,F23016|F23223|F7794|F7896|F39349|F39367|F39391|F39458|F7703|F7735|F39482|F10096|F39489|F39515|F39515|F39463|F22611|F7950|F8173|F39578|F7896,21
238440,F39533|F39624|F39599|F39523|F39597|F39474|F39597|F39820|F39817|F39349|F39367|F39391|F39458|F7703|F7735|F39482|F10096,17
238444,F11123|F11289|F10794|F11026,4
238451,F40294|F39823|F39474|F39597|F39820|F39817|F39349|F39367|F39391|F39458|F7703|F7735|F39482|F10096,14
238532,F5671,1
238645,F39434|F39722|F39434|F39597|F39610|F39458,6
238680,F33895,1
238715,F4027,1
238797,,0
238805,F5669,1
238830,F3390,1
238831,F4406,1
238872,F39523|F39610|F39458|F39597,4
238880,F39820|F39817,2
238947,F8279|F7703|F7735|F39482|F10096,5
238948,F39472|F39498|F39523|F39597|F39477|F39411,6
238949,F39363|F39498|F40005|F39779|F39457,5
238951,F7706|F7845|F7715|F7787,4
238952,F39489|F39515|F39478|F39385,4
238953,F39598|F39610|F39392,3
238996,F39533|F39624|F39599|F39523|F39597,5
238997,F39821|F39706|F39819|F40009,4
238998,F39474|F39597|F39820|F39817|F39890|F39434|F39610|F39458|F23204|F23205,10
239000,F8279|F40126|F39826,3
239013,F39363|F39357|F39498,3
239015,F8279|F39489|F39515|F39478|F39385,5
239043,F39363|F39357|F39357|F39610|F39392,5
239057,,0
239062,F7706|F7845|F7715|F7787,4
239081,F39404|F39383|F39611|F39429|F196,5
239156,F39363|F39498|F40005|F39779|F39457|F39355|F39476|F39598|F39530|F8279|F39349|F39367|F39391|F39458|F39475|F39369|F39434|F39610|F39458,19
23917,,0
239172,F39472|F39498|F39523|F39597|F39434|F39610|F39458,7
239239,F39533|F39624|F39599|F39523|F39597|F39474|F39597|F39820|F39817|F39349|F39367|F39391|F39458|F7703|F7735|F39482|F10096,17
23924,,0
239248,F39474|F39597|F39820|F39817|F39890|F39434|F39610|F39458|F39414|F39415|F39355|F39476|F39476,13
23925,F17460,1
239254,F39363|F39498|F40005|F39779|F39457|F39363|F39498|F39610|F39458,9
239265,F8279|F39434|F39597|F39610|F39458,5
239326,,0
239328,F39404|F39383|F39611|F39429|F196,5
239554,F24542|F39489|F39515|F39478|F39385,5
239579,F39355|F39476|F39598|F39530|F8279|F39349|F39367|F39391|F39458|F39475|F39369|F39434|F39610|F39458,14
239607,F39474|F39597|F39820|F39817|F39890|F39434|F39610|F39458,8
239731,F33896,1
239733,F33902,1
239746,F9416|F9845|F9845|F9525|F9526,5
24006,,0
24032,F27337,1
24033,F28372,1
24035,F28374,1
24042,F27338,1
24044,F33310,1
24046,F27333,1
24047,F28365,1
24049,F27330,1
24050,F25574,1
240546,F37348|F1589|F36130|F727,4
240549,,0
240550,,0
240552,F39865|F15899|F15900|F1175,4
240554,F39865|F15899|F15900|F1175,4
240596,,0
240684,F3559,1
240778,,0
240984,F36568,1
241110,,0
241134,F34616|F34859,2
241136,F34616|F34859,2
241239,,0
241404,F24768,1
241475,F2201,1
241507,F15899|F15900,2
241508,F15899|F15900,2
241509,F9342|F9322|F9363|F9499,4
241510,,0
241751,,0
241945,F3559,1
241946,F8250,1
241947,,0
242346,,0
242509,,0
242598,F28176,1
242599,,0
242601,F29413,1
242602,F33219,1
242603,F33213,1
242610,F27240,1
242611,F27241,1
242614,F33218,1
242615,F28174,1
242616,,0
24264,F1644,1
242891,F12585,1
243176,,0
243177,,0
243384,F16264,1
243428,,0
243823,,0
243882,F39830,1
243887,F39839,1
243888,F39844,1
243889,F39935,1
243890,F39937,1
243891,F39938,1
243892,F39845,1
243960,F39941,1
243961,F39942,1
243962,F40014,1
243963,F40145,1
243964,F40146,1
243965,F40082,1
243967,F40083,1
243969,F40147,1
243972,F40149,1
243973,F39810,1
244039,,0
244075,F40151,1
244076,F40152,1
244077,F40153,1
244078,F40157,1
244089,F27239,1
244172,F10841|F10807,2
244249,,0
244252,,0
244309,F25501|F24781,2
244454,F27396,1
244540,F27033,1
244764,F33438,1
244770,,0
244775,,0
244838,F3138,1
244846,,0
244859,,0
244863,F35083,1
244868,F8096,1
244907,,0
244919,F40285,1
244921,F40301,1
244922,F40303,1
244923,F40302,1
244924,F40304,1
244926,F40308,1
244928,F40309,1
245474,,0
245671,F772,1
245702,F26415,1
245783,,0
245785,F27207,1
245824,,0
245915,F25106,1
245978,F40204,1
246046,,0
246159,F39474|F39597|F39820|F39817|F39890|F39434|F39610|F39458|F39434|F39597|F39610|F39458,12
246193,F22981|F41817,2
246266,,0
246299,,0
246534,F27186,1
2466,,0
246733,,0
246811,F42347|F42348|F42374|F42367,4
246822,,0
246824,,0
246827,,0
246855,,0
246859,,0
246893,,0
246936,F3698,1
247007,F10100|F9935|F1370,3
247133,,0
247138,F33664,1
247190,F37070|F37071,2
247206,F26794,1
247215,F26852,1
247268,F34113|F34066|F34105,3
247314,F4524,1
247321,F5275,1
247326,N-1,1
247329,N-1,1
247344,F9416|F9845|F9525|F9526|F10204|F9891|F9894|F35661|F9805|F609|F610,11
247392,,0
247418,,0
247469,,0
247470,,0
247471,,0
247472,,0
247474,F35304,1
24754,F872,1
24755,F870,1
247627,,0
247640,F26512,1
247668,,0
247681,,0
247739,F27184,1
247740,F27183,1
247749,,0
247769,F27187,1
247780,F27189,1
247798,F3400|F2938|F2939,3
247901,,0
247960,,0
247988,,0
248040,,0
248134,,0
248215,F20357,1
248312,,0
248325,,0
248338,F20356,1
248354,,0
248445,,0
248737,F39349|F39367|F39391|F39458|F7703|F7735|F39482|F10096,8
248740,F10414|F831,2
248856,F34242|F9291,2
249042,F731|F10313,2
249045,F731|F10313|F2495|F1011|F9444|F9212|F9641,7
249071,,0
249108,F18750,1
249142,F9355|F10148|F35385|F17168|F9908|F9530|F9605|F9372|F9606|F9604|F9330|F23590,12
249145,,0
249150,F23016|F23223|F7794|F7896|F39349|F39367|F39391|F39458|F7703|F7735|F39482|F10096|F7703|F7735|F39482|F10096,16
249165,F10412|F4197|F9871|F9678|F9872|F9941,6
249189,,0
249194,F40128,1
249225,F11884,1
249229,F38552,1
249232,F38553,1
2493,,0
249373,F25928,1
249387,,0
249391,,0
249396,,0
249401,,0
249402,F37371,1
249432,F25266,1
249438,,0
249441,F25324,1
249442,F23761,1
249445,F23762,1
249469,,0
249515,F24124,1
249523,F25307,1
249525,F18169,1
249550,F25323,1
249559,F26716,1
249644,,0
249656,,0
249720,,0
249740,,0
249769,F29102,1
249803,F18197|F7911|F10137|F9569|F9732|F9224|F9321|F9396|F9445,9
249814,,0
249818,,0
250027,,0
25006,F21878,1
25008,,0
250092,,0
250119,,0
250142,,0
250147,,0
250155,,0
250157,,0
250177,,0
250217,,0
250218,,0
250228,,0
250362,F41920,1
250365,F41930,1
250407,,0
250410,,0
250413,,0
250429,,0
250440,,0
250458,,0
250474,,0
250477,,0
250478,,0
250526,,0
250527,F41947,1
250539,,0
250661,N-1,1
250724,,0
250725,,0
250726,,0
250728,,0
250731,,0
250735,,0
250750,,0
250755,,0
250761,,0
250823,,0
250835,,0
250865,,0
250866,F8153,1
250879,,0
250884,,0
250886,,0
250889,,0
251020,,0
251063,F11869,1
251066,,0
251096,,0
251196,,0
251200,,0
251229,F16906,1
251394,F4527,1
251395,,0
251399,F11209,1
251400,F11811,1
251469,,0
251476,,0
251510,F19930,1
251517,,0
251523,,0
251526,,0
251596,F36141,1
251600,F37691,1
251680,,0
251725,F452,1
251740,,0
251774,F3372|F4348,2
251837,F20171,1
251843,,0
251889,,0
251927,F9394|F9440|F9954|F9963,4
251934,F37728|F36725,2
251964,,0
251965,,0
251968,F34316|F576|F1210|F523,4
251973,,0
251975,,0
252013,,0
252024,,0
252027,,0
252036,,0
252037,,0
252069,F38823,1
252113,F23978,1
252152,,0
252194,,0
252196,F24482,1
252197,,0
2522,F1172,1
252200,,0
252203,,0
252207,F4203,1
252209,F5707,1
252225,,0
252238,,0
252239,,0
252329,,0
252352,F25741,1
252363,F33719,1
252428,,0
252489,F25711,1
252515,F19467,1
252523,,0
252639,F829,1
252659,F25873,1
252669,,0
252706,F8225,1
252756,,0
252938,F10431|F10475|F9787|F10094,4
252947,F9713|F9534,2
253098,,0
253113,,0
253140,F16008,1
253142,F39494,1
253150,F16185,1
253244,F1361|F34354,2
253245,F33876|F33873,2
25325,,0
253294,F27273,1
253295,F27274,1
253298,F6106,1
253309,F6105,1
253321,F6103,1
253324,F6104,1
253403,F5195,1
253405,,0
253412,,0
253432,,0
253433,,0
253440,,0
253500,F6101,1
253514,F24479,1
253533,F6102,1
253541,F6095,1
253727,F31002,1
253795,F25874,1
253835,F10483|F35134|F10316|F3220,4
253853,F35480,1
253923,,0
253931,,0
253957,F1243|F512|F710|F1244,4
254026,,0
254044,F11445,1
254061,,0
254170,,0
254245,F20033,1
254307,,0
254310,,0
254312,,0
254319,,0
254320,,0
254322,,0
254323,,0
254423,F28336,1
254429,F33304,1
254480,,0
254482,,0
254499,F11837,1
254500,F13379,1
254631,,0
254738,F11296|F41779,2
254750,F33876|F33873,2
254753,F1361|F34354,2
254768,,0
254833,,0
254918,F4839,1
254957,F4841,1
254966,F4842,1
255046,F8331,1
255080,F26659,1
255104,F28029,1
255119,F13704,1
255144,,0
255145,F11838,1
255169,,0
255191,,0
255214,,0
255291,F4840,1
255304,,0
255306,F18084,1
255335,F566|F1160,2
255442,,0
255454,,0
255527,,0
255550,F27033,1
255563,F4838,1
255573,F4837,1
255683,,0
255732,,0
255744,F25740,1
255801,F20518,1
255808,F20517,1
256010,,0
256022,F39349|F39367|F39391|F39458|F7703|F7735|F39482|F10096,8
256115,,0
256196,,0
256214,,0
256230,,0
256249,F5428,1
256326,F25624,1
256327,F27481,1
256328,F27451,1
256329,F27453,1
256361,,0
256363,,0
256394,F16901,1
256396,F16902,1
256403,F16903,1
256431,F25870,1
256460,,0
256464,,0
256465,,0
256466,,0
256470,F20458,1
256473,,0
256604,,0
256605,F25378,1
256607,F25380,1
256617,F39494,1
256621,F16186,1
256628,F16245,1
256629,F37211,1
256646,F26164,1
256647,F26177,1
256696,F26173,1
256726,,0
256741,,0
256927,F4151|F8599,2
256937,F4151|F8599,2
256947,F4150|F5086,2
257089,F989,1
257145,F10020,1
257146,F9790|F10094,2
257148,F9603|F879,2
257152,F10216|F10263,2
257162,F35593,1
257168,F41275,1
257169,F37840,1
257239,,0
257240,F2224,1
257377,F13792|F23303|F22972|F23571|F23760|F23021,6
257501,F36066,1
257502,F36066|F36857,2
257533,F35740|F36820|F37405,3
257547,F4910,1
257573,,0
257590,,0
257641,F27280,1
257644,F27281,1
257645,F27283,1
257652,F27284,1
257742,,0
257743,,0
25776,F2929,1
257768,,0
257771,,0
257778,,0
257782,,0
257820,,0
257829,,0
257854,,0
257857,,0
257887,,0
257934,,0
257938,,0
257992,F11600,1
257995,F11607,1
257999,F11603,1
258001,F11594,1
258005,F11791,1
258017,,0
258038,,0
258098,,0
258122,F25379,1
258142,F26171,1
258143,,0
258172,,0
258197,,0
258198,F26174,1
258204,,0
258208,,0
258210,,0
258223,F26163,1
258373,F35759|F41560|F35760|F41223,4
258386,F36249,1
258402,F36248,1
258412,F18987,1
258477,F27651,1
258486,,0
25849,F10498|F10336,2
258500,,0
258610,,0
258611,,0
258612,,0
258613,,0
258614,,0
258618,,0
258624,,0
258660,F24247,1
258673,F37925,1
258682,F38517,1
258750,,0
258861,F23546|F22841|F23339|F23759,4
258864,F25375,1
258899,,0
258986,F10505|F12912|F9578|F9520|F10653,5
258988,F41096|F9230|F36825,3
259065,F24250,1
259066,F24481,1
259068,F4363,1
259073,F25435,1
259234,F5251,1
259240,,0
259242,,0
259284,F2976|F2973|F4423,3
259315,F27242,1
259502,,0
259572,,0
259605,F22848,1
259618,F17523,1
259627,F27444,1
259659,F33633,1
259674,,0
259790,F1013|F9244|F9480|F9673|F9590,5
259794,F9244|F9324|F9324,3
259801,F18294,1
259807,F9244|F9324|F9324,3
259817,F41403|F9951|F10284,3
259829,F14068,1
259834,,0
259849,F9320|F9434|F9320|F9434|F9294|F9431,6
259850,F9244|F9480|F9673|F9590,4
259854,F9638|F728,2
259858,F17692,1
259859,,0
259861,F14064,1
259870,F17691,1
259871,F14066,1
259876,F17448,1
259878,F14069,1
259890,F8229,1
259892,F14070,1
259893,F8228,1
259898,F18295,1
259904,F18302,1
259908,,0
259909,,0
259913,,0
259972,,0
259984,,0
260012,F5723,1
260035,F5716,1
260043,F5719,1
260069,,0
260087,F14777,1
260094,F5726,1
260140,,0
260422,F23876|F24808|F34946|F23537|F19207,5
260483,,0
260484,,0
260485,,0
260486,,0
260487,,0
260488,,0
260518,F11715,1
260526,F15036,1
260570,F11716,1
260582,,0
260731,F15009,1
260732,F2931,1
260739,F17325|F17763|F18712,3
260742,F15000,1
260743,F20356,1
260754,F20357,1
260766,,0
260827,,0
260857,F41644|F41281,2
260859,F35831|F36228|F36463,3
260866,,0
260889,F30552,1
260897,,0
260920,,0
260948,F6071,1
261000,,0
261005,F39846|F23918,2
261007,F39846|F23918,2
261012,,0
261015,F6244,1
261018,F9752|F10347,2
261024,F6069,1
261025,F6236,1
261026,F6242,1
261093,F14072,1
261117,F40041,1
261118,F40071,1
261119,F14065,1
26114,F41183|F41204|F41191|F41254,4
261220,F25887,1
26126,F41326|F36104|F41785|F41555,4
26127,F39832,1
261319,F15848|F15843|F1174|F659,4
261322,,0
26133,F12839|F10882,2
261333,,0
261423,F15123,1
261425,F1443,1
26143,F3121,1
261447,,0
261498,,0
261507,F25743,1
261535,,0
261544,,0
261565,,0
261578,,0
261579,F18083,1
261816,F9207|F9278|F9629|F9373,4
261866,F33181,1
261935,,0
261939,,0
261941,F8775,1
261949,F40670,1
261978,,0
261981,,0
262069,,0
262088,,0
262104,,0
262124,,0
262134,,0
262154,,0
262226,,0
262261,F29416,1
262303,F19371,1
262560,F13513|F13772|F42169|F42167,4
262904,F5210,1
262905,F5645,1
262906,F5641,1
262918,F3508,1
262919,F5646,1
262920,F5647,1
262921,F5643,1
262922,F5642,1
262923,F5644,1
263011,F26973,1
263084,F11461,1
263088,,0
263092,F3651,1
263106,F6227,1
263130,F6216,1
263189,F33211,1
263318,F33222,1
263373,F804|F35661|F9805|F609|F610|F1436|F855,7
263377,F804|F35661|F9805|F609|F610|F1436|F855,7
263393,F804|F35661|F9805|F609|F610|F1436|F855,7
263400,F15130,1
263514,F19816,1
263516,F19817,1
263521,F21122,1
263541,F29140,1
263553,F29131,1
263554,F21123,1
263573,F17479|F17477,2
263578,F22262,1
263579,F30188,1
26363,F9180,1
263665,F22017,1
263675,F26927,1
263683,F26966,1
263686,F17379|F17380,2
263774,F20265,1
263941,,0
263942,F36575|F36717|F37724|F37216,4
264056,,0
264057,,0
264172,F9244|F9324|F9324,3
264195,,0
264202,,0
264301,N50820|F10238|F10238,3
264632,F4367,1
264717,,0
264718,,0
264747,F27206,1
264759,,0
264772,F33184,1
264774,F9634|F10268,2
264860,F25870,1
264959,F4074,1
264960,F27243,1
264992,F33216,1
264995,F27248,1
265153,F32068,1
265156,F27340,1
265158,F29584,1
265161,F32666,1
265162,F27318,1
265171,F27328,1
265173,F26372,1
265176,F26364,1
265184,F6239,1
265187,F26353,1
265190,F25581,1
265191,F25580,1
265204,F11872,1
265208,F6070,1
265210,F6256,1
265216,F30674,1
265220,F27319,1
265221,F33189,1
265228,F31662,1
265234,F27339,1
265235,F28187,1
265238,F33307,1
265240,F26359,1
265302,F19372,1
265306,F19701,1
265335,,0
265342,,0
265345,F24657,1
265350,,0
265352,,0
265370,F26978,1
265372,,0
265376,,0
265377,,0
265381,,0
265394,,0
265398,,0
265405,,0
265411,,0
265414,,0
265416,,0
265421,,0
265422,,0
265427,,0
265428,,0
265433,,0
26548,F4907,1
265510,,0
265881,F27249,1
265909,,0
265925,F25080|F25074,2
265940,F33217,1
265966,F41571|F41383|F41568|F41567,4
265967,F15848|F15843|F1174|F659,4
266004,,0
266113,,0
266134,,0
266178,,0
266198,F6243,1
266211,F6090,1
266221,F6088,1
266282,,0
266305,F6240,1
266313,F6241,1
266319,F6068,1
266320,F6257,1
266444,F8776,1
266561,F3855,1
266563,,0
266599,,0
266630,,0
266714,,0
266721,F3630,1
266751,F5288,1
266819,F5045,1
266835,F5685,1
266837,F5690,1
266845,F2623,1
266858,F14640,1
266862,F14641,1
266872,,0
266873,F14843,1
266980,,0
267000,F26967,1
267002,F26969,1
26702,,0
267026,F15024,1
267027,F15025,1
267047,F4153|F4157,2
267050,F26775,1
267057,F3662,1
267058,F3663,1
267059,F3664,1
267060,F33224,1
267063,F33179,1
267065,F10219|F3007|F10219,3
267066,,0
267126,,0
267127,F26776,1
267128,F26810,1
267129,,0
267208,F26912,1
267211,F26913,1
267343,,0
267381,F26162,1
267392,F36078|F41747|F35745|F35923,4
267498,F26972,1
267504,F26957,1
267522,F39388|F7801,2
267545,F20051,1
267549,F19363,1
267553,F19669,1
267554,F19673,1
267555,F19674,1
267558,F19676,1
267562,,0
267563,F20048,1
267564,F18971,1
267565,F20052,1
267566,F20050,1
267567,F20536,1
267569,F20056,1
267570,F33601,1
267571,F33606,1
267572,F33603,1
267575,F20053,1
267576,F19661,1
267577,,0
267612,,0
267770,F26958,1
267801,F26965,1
267814,F26971,1
267843,F26964,1
267885,,0
267916,,0
267931,F26909,1
267936,F26908,1
267939,F26907,1
267964,F25382,1
268014,,0
268030,,0
268042,,0
268052,,0
268059,,0
268150,,0
268177,F36472|F36287|F36472|F36472|F36287,5
268182,F36472|F36287|F36472|F36472|F36287,5
268183,F36472|F36287|F36472|F36472|F36287,5
268195,F25080|F25074|F25777,3
268198,F25080|F25074|F13589|F727,4
268200,,0
268210,F36472|F36287|F36472|F36472|F36287,5
268342,,0
268361,,0
268369,,0
268399,F25415,1
268404,F25416,1
268411,,0
268492,,0
268516,,0
268517,,0
268734,,0
268851,F11321,1
268940,F5751,1
268963,F4655,1
268990,F41183|F41204|F41191|F41254,4
269215,F8740,1
269268,,0
269275,,0
269286,F11871,1
269294,F11866,1
269310,F40420,1
269319,F11864,1
269328,F11865,1
269333,F11703,1
269395,,0
269426,F33225,1
269436,,0
269438,,0
269531,,0
269626,,0
269631,,0
269646,F15750,1
269690,,0
269692,F27244,1
269702,F41551|F36558|F37105|F36097,4
269723,F3026,1
269753,F22478,1
269786,,0
269804,,0
269805,F39934,1
269834,,0
269841,,0
269845,F2598,1
269937,F14073,1
269944,,0
269945,F14062,1
269966,,0
269968,,0
269977,,0
269980,,0
269983,,0
270018,F33198,1
270075,,0
270079,,0
270082,,0
270090,,0
270092,F27245,1
270093,,0
270108,,0
270111,,0
270119,,0
270120,,0
270163,F12818,1
270165,F12817|F10518|F10950|F10730|F10809|F10617,6
270167,F12841|F12823|F527|F1316|F13667|F11335,6
270214,,0
270283,F26091,1
270285,F26092,1
270356,,0
270382,F36472|F36287,2
270548,,0
270566,,0
270677,,0
270698,,0
270701,,0
270710,,0
270719,,0
270723,,0
270727,,0
270731,,0
270736,,0
270742,,0
270777,,0
270813,F33178,1
270918,,0
270952,F20286,1
270955,F18459,1
270965,,0
270977,,0
270996,F33226,1
2710,,0
271089,,0
271233,,0
271263,,0
271286,F40388,1
271375,F24205,1
271388,,0
271570,F3210|F2892|F3214,3
271583,F4430|F5774,2
271760,,0
271806,,0
271882,,0
272194,,0
272283,,0
272284,,0
272285,,0
272350,F40631,1
272351,F39750,1
272854,F13396,1
272883,F34928,1
272907,F9416|F9845|F9349|F9232|F9415|F10266,6
272910,F9416|F9845|F9349|F9232|F9415|F10266,6
272955,F36740,1
273060,F25742,1
273334,,0
273354,,0
273371,,0
273380,,0
2734,F41769,1
273409,F4671,1
273422,F25871,1
273468,F25998,1
273698,F27237,1
273699,F33183,1
273702,F33220,1
273710,,0
273856,F37003,1
273860,F3537,1
273862,F4019,1
273867,F9547|F10088|F35661|F9805|F609|F610,6
274028,F25096,1
274181,,0
274327,F13940,1
274474,,0
274542,F18495,1
274561,,0
274632,,0
274802,F25733,1
274873,F9922|F10060|F9624|F9426|F10254|F9624|F9426|F9426|F10062|F10452,10
274890,F19719,1
275003,F8134,1
275009,,0
275023,F23240,1
275032,F23435,1
275034,F23438,1
275038,F23450,1
275063,F23439,1
275068,F23042,1
275075,F23234,1
275109,F19659,1
275112,F27742,1
275133,,0
275142,,0
275155,,0
275168,,0
275173,F3639,1
275281,,0
275343,,0
275384,,0
275386,F13898,1
275399,,0
275412,,0
275438,,0
275443,,0
275453,,0
275493,,0
275528,F19393,1
275637,F760,1
275642,,0
275663,F26592,1
275667,,0
27571,F3240,1
27572,F3239,1
27573,F3241,1
275742,,0
275764,,0
275840,F42009,1
275971,F8248,1
275996,F8115,1
276057,,0
276155,,0
276166,F9242|F9210|F41117,3
276204,F13725,1
276285,,0
276335,,0
276345,F23516,1
276365,,0
276366,,0
276390,,0
276560,,0
276562,,0
276602,F1443|F9686,2
276603,,0
276650,F20098,1
276687,F10821,1
276722,,0
276781,,0
276787,,0
276836,,0
276855,,0
276887,,0
276891,,0
276895,,0
276958,F14375,1
277091,F14195,1
277094,F14193,1
277112,F14757,1
277128,F14758,1
277566,F18961,1
277568,,0
277587,,0
277718,,0
277783,F19091|F36165|F36883|F19183|F18536,5
277797,F22476,1
277883,,0
277934,,0
278068,F10736|F10681,2
278103,F37585,1
278167,F11687,1
278244,F20405,1
278345,F8009,1
278382,F18873,1
278391,,0
27878,,0
27879,,0
278944,F22675,1
278949,F23490,1
278950,F23257,1
278951,F23819,1
278954,F25431,1
278955,F23491,1
278998,,0
279065,F13115,1
279127,,0
279129,,0
279131,,0
279132,,0
279135,,0
279137,,0
279139,,0
279409,,0
279557,F4695,1
279585,,0
279586,,0
279593,,0
279594,,0
27960,F1324|F1322,2
279694,,0
279706,,0
279709,,0
279712,,0
279713,,0
279743,,0
279823,,0
280058,,0
280080,F5231,1
280505,F19181|F17499,2
280507,F18846,1
280508,F19180|F19913,2
280510,F17393|F17322,2
280665,,0
280775,F5233,1
280804,F5244,1
280821,F19181|F17499,2
280828,F24272|F36714,2
280841,F19556|F19911,2
280860,F19546|F19917,2
280877,F5241,1
281016,,0
281073,F8493,1
281088,,0
281105,,0
281197,,0
281200,,0
281398,,0
281412,,0
281663,,0
281665,,0
281684,,0
281808,,0
281917,F42497,1
281928,F18235,1
281941,,0
281944,F19385,1
281970,,0
281974,F19010,1
281976,,0
281980,,0
281986,,0
282081,,0
282083,,0
282086,F22736,1
282157,,0
282203,,0
282212,,0
282226,,0
282235,,0
282241,,0
282242,F19721,1
282251,,0
282257,,0
282269,,0
282349,,0
282370,,0
282381,,0
282387,,0
282388,,0
282393,,0
282395,,0
282397,,0
282404,,0
282411,F13358,1
282433,,0
282436,,0
282437,,0
282439,,0
282444,,0
282451,,0
282456,,0
282459,,0
282463,,0
282464,,0
282465,,0
282469,,0
282486,,0
282497,,0
282498,,0
282500,,0
282590,F14077,1
282591,F39363|F39498|F40005|F39779|F39457,5
282601,F39533|F39624|F39599|F39523|F39597|F39474|F39597|F39820|F39817|F39349|F39367|F39391|F39458|F7703|F7735|F39482|F10096,17
282603,F39363|F39498|F40005|F39779|F39457|F39363|F39498|F39610|F39458|F39349|F39367|F39391|F39458|F7703|F7735|F39482|F10096,17
282610,F25101,1
282664,F6234,1
282665,F6233,1
282666,F6232,1
282667,F6206,1
282668,F6191,1
282669,F6190,1
282670,F6189,1
282671,F6188,1
282672,F6187,1
282673,F600|F601|F2165,3
282674,F581,1
282711,,0
282723,,0
282949,F5263,1
283029,,0
283056,,0
283233,,0
283250,,0
283319,F9925,1
283321,F27651,1
283326,F9485|F9613|F1146|F9632|F10049,5
283346,F1595|F1337,2
283355,F2938,1
28344,F2850,1
283512,,0
283547,,0
283643,F19838,1
283646,F19839,1
283653,F19837,1
283748,F25868,1
283930,,0
283969,,0
283970,,0
284042,F4366,1
284107,F26780,1
284111,F22646,1
284114,F22647,1
284117,F22689,1
284119,F22690,1
284123,F15908,1
284289,,0
284295,,0
284436,,0
284483,F25638,1
284606,F27529,1
284624,F23963,1
284630,F22462,1
284687,F20066,1
284691,F20072,1
284693,F20081,1
284737,,0
285068,,0
285077,F17561,1
285078,F19823,1
285079,,0
285082,,0
285086,,0
285091,,0
285124,,0
285135,,0
285257,,0
285258,,0
285281,,0
285293,F639|F1128|F10063|F1478,4
285301,F9355|F10148|F35385|F10148|F35385,5
285304,F3626|F9927|F1130,3
285309,,0
285312,,0
285324,F9355|F10148|F35385|F10148|F35385,5
285337,F2621|F10466|F10233,3
285340,F23681,1
285436,F35935|F41048,2
285489,F24355,1
285550,,0
285552,,0
285556,,0
285562,,0
285563,,0
285564,F37412,1
285572,,0
285573,,0
286023,,0
286035,F19503,1
286060,,0
286086,,0
286095,,0
286113,F14223,1
286135,F14400,1
286141,,0
286143,,0
286150,F14459,1
286180,F26089,1
286238,F4846,1
286249,F38904,1
286251,F38905,1
286288,,0
286289,,0
286290,,0
286299,,0
286442,F35935|F41048,2
286444,F35935|F41048,2
286608,,0
286610,F14319,1
286616,F14539,1
286652,,0
286725,,0
286747,,0
286752,F9592|F9709|F10457|F648,4
286774,,0
286804,,0
286808,,0
286885,F9879|F9466|F10084|F10005,4
287070,,0
287090,F8830,1
287188,F14318,1
287208,,0
287225,,0
287229,,0
287234,,0
287237,,0
287242,,0
287246,,0
287247,,0
287250,,0
287251,,0
287253,,0
287261,,0
287268,,0
287272,,0
287296,F14507,1
287306,,0
287318,F13914,1
287320,,0
287323,F13917,1
287325,F14153,1
287326,F14152,1
287418,,0
287421,F8650,1
287422,F8508,1
287424,F8494,1
287429,F8455,1
287446,F7893,1
287476,F23221,1
287477,,0
287495,F14095,1
287513,F14280,1
287522,F14450,1
287523,F14997,1
287524,F23452,1
287678,F18058,1
287719,,0
287726,,0
287757,F18170,1
287809,F23433,1
287861,,0
28787,F35179,1
287983,F27622,1
287998,F41942,1
288013,F27621,1
288021,F41921,1
288035,F41933,1
288053,F41947,1
288059,F41923,1
288060,F41929,1
288073,F41918,1
288078,F41917,1
288102,F23164,1
288112,F40450,1
288116,F40453,1
288122,F40455,1
288124,F40458,1
288127,N-1,1
288130,F40464,1
288134,F40477,1
288136,,0
288240,,0
288311,,0
288356,F8741,1
288392,F39575,1
288505,F20606,1
288579,,0
288582,,0
288603,,0
288618,F14916,1
288622,F15171,1
288682,,0
288688,F40466,1
288691,F40318,1
288694,F40322,1
288696,F40324,1
288697,F40328,1
288702,F40333,1
288703,F40336,1
288714,F11829,1
288727,,0
288732,F18814,1
288736,,0
288860,F26568,1
288883,F26710,1
288884,F15848|F15843|F1174|F659,4
288885,F40376,1
288915,,0
288919,,0
288947,F41572|F41268|F41395|F41294,4
288984,,0
288994,F18171,1
289021,F40454,1
289026,F40465,1
289028,F40467,1
289029,F40470,1
289030,F40471,1
289031,F40473,1
289035,F40321,1
289040,,0
289051,,0
289054,,0
289055,,0
289059,,0
289113,,0
289231,,0
289235,,0
289242,,0
289246,,0
289249,,0
289348,F40310,1
289349,F40311,1
289352,F40313,1
289355,F40314,1
289359,F40316,1
289360,F40317,1
289362,F40319,1
289366,F40452,1
289367,F40392,1
289368,F40456,1
289384,F39937|F40308,2
289404,F40459,1
289405,F40461,1
289409,F40327,1
289428,F40468,1
289433,F40478,1
289436,F40482,1
289441,F40483,1
289458,F40334,1
289529,F18567,1
289594,F42187,1
289630,,0
289657,F25554,1
289664,F40425,1
289665,F40475,1
289670,F40476,1
289671,F40479,1
289673,F40481,1
289675,F40326,1
289676,F40332,1
289677,F40335,1
289789,F41191|F9897|F41060,3
289794,F9370|F9402,2
289866,F4429,1
289873,F3952,1
289877,,0
289878,,0
290035,F40329,1
290251,F42200,1
290293,,0
290294,,0
290420,,0
290421,,0
290424,F15189,1
290425,,0
290470,,0
290471,,0
290472,,0
290473,,0
290484,,0
290546,F14372,1
290714,F13639,1
290724,F13652,1
290780,F20273,1
290798,F35935|F41048,2
290809,,0
290815,,0
290820,F19855,1
290823,F19853,1
290827,,0
290833,F2188,1
290835,F4506,1
290882,F17616,1
290884,F18189,1
290885,F18190,1
290889,,0
290891,,0
290893,F19135,1
290896,F19136,1
290907,F19137,1
290908,F19138,1
290910,F19139,1
290913,F19140,1
290914,F19141,1
290917,F19142,1
290921,F19143,1
290925,F19144,1
290927,F19145,1
290930,F19146,1
290932,F19147,1
290934,F19514,1
290937,F19515,1
290942,F19516,1
290944,F19517,1
290947,F19518,1
290951,F19519,1
290952,F19520,1
290954,F19525,1
290959,F19527,1
290978,F19528,1
290979,F19529,1
290980,F19869,1
290982,F19870,1
290983,F19871,1
290992,F19872,1
291000,F19873,1
291003,F19874,1
291008,F19875,1
291010,F19876,1
291011,F19877,1
291012,F19878,1
291015,F19879,1
291016,F19880,1
291017,F19881,1
291018,F19882,1
291019,F19883,1
291020,F19884,1
291021,F19885,1
291022,F19886,1
291023,F19887,1
291024,F19888,1
291025,F19889,1
291026,F19890,1
291028,F19891,1
291031,F19892,1
291033,F20299,1
291034,F20300,1
291036,F20301,1
291039,F18804,1
291041,F20303,1
291042,F19507,1
291043,F20304,1
291045,F20305,1
291046,F20306,1
291047,F20307,1
291048,F20308,1
291052,F20309,1
291053,F20310,1
291054,F20311,1
291055,F20312,1
291056,F20313,1
291057,F20314,1
291060,F20315,1
291063,F20316,1
291065,F20317,1
291067,F20318,1
291068,F20319,1
291071,F20320,1
291074,F20321,1
291078,F20322,1
291079,F20323,1
291227,,0
291241,,0
291243,,0
291283,,0
291393,F5665,1
291394,F8279|F26032|F41892|F22600|F22614|F23016|F22882,7
291395,F7966|F39890|F39434|F39610|F39458|F8279|F39349|F39367|F39391|F39458|F39475|F39369|F39434|F39610|F39458,15
291407,,0
291420,F8279|F39414|F39415|F39355|F39476|F39476,6
291422,F8279|F39434|F39597|F39610|F39458,5
291425,F39363|F39498|F39823|F39523|F39597,5
291426,F39533|F39624|F39599|F39523|F39597,5
291427,F23016|F23223|F7794|F7896|F7703|F7735|F39482|F10096,8
291429,F39363|F39498|F40005|F39779|F39457|F39363|F39498|F39610|F39458,9
291440,F39474|F39597|F39820|F39817|F39890|F39434|F39610|F39458|F23204|F23205,10
291441,F39474|F39597|F39820|F39817|F39890|F39434|F39610|F39458|F39414|F39415|F39355|F39476|F39476,13
291442,F23016|F23223|F7794|F7896|F26032|F41892,6
291447,F39533|F39624|F39599|F39523|F39597|F39474|F39597|F39820|F39817|F39349|F39367|F39391|F39458|F7703|F7735|F39482|F10096,17
291448,F39489|F39515|F39478|F39385,4
291449,F8279|F39349|F39367|F39391|F39458|F39475|F39369|F39434|F39610|F39458,10
291450,F39363|F39498|F39823|F39944|F40007,5
291451,F39474|F39597|F39820|F39817|F7703|F7735|F39482|F10096,8
291458,F39815,1
291465,F39472|F39498|F39363|F39498|F39823|F39414|F39415|F39355|F39476|F39476,10
291468,F39533|F39624|F39599|F39523|F39597|F39474|F39597|F39820|F39817|F39349|F39367|F39391|F39458|F7703|F7735|F39482|F10096,17
291480,F1410|F584|F10401|F10040|F9779,5
291486,F35935|F41048,2
291496,F19561,1
291571,F42188,1
291587,F37347|F1009|F36988|F1992,4
291588,F37349,1
291589,F42175,1
291882,F39434|F39610|F39458,3
291883,F39474|F39597|F39820|F39817|F39349|F39367|F39391|F39458|F7703|F7735|F39482|F10096,12
292021,,0
292026,,0
292041,F41422|F41129|F2463,3
292050,F9638|F9555|F9339|F41403|F9951|F10284|F696|F9542|F9956,9
292095,F6012,1
292137,F6246,1
292177,F42202,1
292183,F42191,1
292294,F19572,1
292438,F35317,1
292476,F35337,1
29249,,0
292550,F35372,1
292599,F9355|F10148|F35385|F10148|F35385,5
292614,F17498,1
292618,F15848|F15843|F1174|F659,4
292624,F19766,1
292632,F19732,1
292668,F23067,1
292705,F4980,1
292730,F5192,1
292738,F977|F9322|F41651|F2462,4
292739,F10438|F10437|F611|F612,4
292752,F26016,1
292757,F28806,1
292760,F23517,1
292816,F5115,1
292919,F39936,1
292921,F39939,1
292923,F40469,1
292926,F40325,1
292928,F39841,1
293124,F35935|F41048,2
293140,,0
293185,F23817,1
293214,F24227,1
293217,F24228,1
293236,F19164,1
293248,,0
293269,F35325,1
293297,F35323,1
293387,F23813,1
293444,F37500,1
293446,F37265,1
293447,,0
293454,F42019|F42379|F42360,3
293473,,0
293733,F8685,1
293996,F41568|F41567|F17434|F17668,4
294000,F33674|F9291|F9668|N47680,4
294008,F24969,1
294079,F3918,1
294140,F17271|F34146|F9740|F645,4
294302,,0
294303,,0
294311,F40088,1
294312,F40509,1
294313,F40508,1
294314,F40501,1
294316,F40514,1
294317,F40502,1
294318,F40500,1
294319,F40507,1
294320,F40511,1
294321,F40503,1
294322,F40513,1
294323,F40505,1
294324,F40504,1
294327,F40510,1
294330,F15100,1
294331,N-1,1
294334,F14909,1
294337,F15101,1
294457,,0
294528,F39699|F40207,2
294529,F39699|F40207,2
294838,,0
294980,F27351,1
29500,F33214,1
29501,F23123,1
29504,F23209,1
29507,F15744,1
29509,F9386|F9228|F41260|F41104,4
29510,F23080,1
295137,F1399|F1993,2
29514,F29408,1
295161,F14178,1
295172,F5040,1
295181,,0
29519,,0
295202,,0
295277,F32566,1
29528,F30554,1
29529,F13681,1
29530,,0
295321,F38364,1
29533,F29409,1
29534,F26236,1
295386,F17522|F17892|F17618|F33546,4
295412,F39474|F39597|F39820|F39817|F39890|F39434|F39610|F39458|F23204|F23205,10
295472,F14180,1
295477,,0
295488,F23016|F23223|F7794|F7896|F7703|F7735|F39482|F10096,8
295491,F23016|F23223|F7794|F7896|F39349|F39367|F39391|F39458|F7703|F7735|F39482|F10096,12
295493,F39404|F39383|F39611|F39429|F196,5
295495,F26036|F8279|F26032|F41892|F22600|F22614|F23016|F22882,8
295499,F8279|F26032|F41892|F22600|F22614|F23016|F22882,7
295501,F25312|F8279|F26032|F41892|F22600|F22614|F23016|F22882,8
295502,F39474|F39597|F39820|F39817|F39349|F39367|F39391|F39458|F7703|F7735|F39482|F10096,12
295504,F26921|F22600|F22614|F23016|F22882,5
295505,F23016|F23223|F7794|F7896|F7703|F7735|F39482|F10096,8
295506,F38582,1
295507,F39363|F39498|F39823|F39356|F39364|F39633|F39826,7
295508,F8279|F39349|F39367|F39391|F39458|F39475|F39369|F39434|F39610|F39458|F39349|F39367|F39391|F39458|F7703|F7735|F39482|F10096,18
295509,F38583,1
295510,F38584,1
295511,F37674,1
295539,F18281,1
295543,F37698,1
29565,F37092|F36570|F36879|F36909,4
29566,F34673,1
29576,F31649,1
29577,F42488,1
295933,F3380,1
295939,,0
295940,,0
295943,,0
296164,,0
296166,,0
296302,F28171,1
296303,,0
296309,F15751,1
296350,F32562,1
296351,F31661,1
296633,F18282,1
296810,F27400,1
296818,F26416|F772,2
296928,F27462,1
297052,,0
297053,F9530|F9605|F35799|F880,4
297136,F11857,1
297226,,0
297236,,0
297301,F23546|F22841,2
29737,F33874|F33975,2
297679,F16337,1
297724,,0
297831,,0
298118,,0
298129,,0
298157,F26781,1
298363,,0
29840,,0
298417,F40101,1
298435,F30545,1
298436,F24752,1
298447,F38718,1
298454,F15713,1
298580,F13083|F13003|F15861|F15862,4
298619,F38893,1
29867,,0
298717,F38894,1
298742,,0
298950,,0
298968,,0
298978,,0
299099,F9287|F10084|F10005|F2578,4
29917,F29406,1
299246,,0
299255,,0
299290,,0
299414,F23842,1
299419,F28178,1
299545,F11828,1
299628,F35010,1
299635,F35013,1
299639,F35020,1
299641,F35021,1
299649,F35002,1
299651,F35017,1
299654,F35003,1
299658,F35022,1
299843,F25460,1
29996,F33894,1
300005,,0
300011,F32561,1
300012,F30556,1
300061,F28545,1
300147,F14972,1
30022,,0
300246,,0
300247,F11712,1
300248,F11713,1
30038,F33914,1
300461,,0
300463,,0
300464,,0
3005,,0
30051,F35546,1
300560,F14949,1
300563,F14111,1
300564,F14930,1
300568,F1818|F10039|F2177|F2182,4
300569,F1818|F10039,2
300570,F1818|F10039,2
300572,F1818|F10039,2
300575,F14951,1
300576,F10412|F2674,2
300577,F14985,1
300579,F1818|F10039|F2177|F2182,4
300580,F10412|F2674,2
300583,F14950,1
300584,F912|F2669,2
300587,F9528|F9904|F9349|F9232|F9415|F10266,6
300593,F2780|F4202,2
300594,F1647,1
300595,,0
300676,F1818|F10039|F2177|F2182,4
300684,F3692,1
300698,,0
300699,,0
300700,F40512,1
300817,F26916,1
300895,F20460,1
300903,F20461,1
300907,F20459,1
300913,,0
300957,,0
300962,,0
300964,,0
301037,F9388,1
301042,,0
301049,,0
301051,,0
301202,F13843,1
301217,F18651,1
301272,F3162,1
301417,F19919,1
301505,F38073,1
30160,,0
30162,,0
301730,,0
301821,F13768,1
302262,F26960,1
302312,F3024,1
302627,,0
302658,,0
302661,,0
302662,,0
302664,,0
302665,,0
302666,,0
302715,,0
302720,,0
302722,,0
302779,,0
302790,,0
302932,,0
302936,,0
303085,,0
303099,,0
303255,F19280,1
303344,F33869|F33976,2
303345,F33874|F33976,2
30337,F37652,1
303399,,0
30357,F37651,1
303761,,0
303770,F40017,1
303837,F19197,1
303839,F18535|F33564|F18000,3
303840,F18534,1
303842,F34616|F34859|F34616|F34859,4
303843,F34616|F34859|F34616|F34859,4
303844,F34616|F34859|F34616|F34859,4
303845,F17432,1
303846,F1361|F34354|F33876|F33873,4
303881,,0
303897,,0
303903,F23763,1
303904,,0
303906,,0
303925,F8130,1
30393,,0
303934,,0
303942,,0
303945,,0
303997,F13933,1
304040,F24131,1
304108,,0
30425,F33918,1
304250,F912|F2669,2
304251,F1818|F10039,2
304252,F9982|F501|F2098,3
304678,F24610,1
304679,F23420,1
304776,,0
304850,,0
305016,,0
305025,,0
305032,,0
305218,,0
305242,F24873,1
305294,F2268,1
305305,F2269,1
30537,F33892,1
305462,,0
305584,F7935,1
305599,,0
305623,,0
305625,,0
305626,,0
305629,,0
305631,,0
305632,,0
305635,,0
305636,,0
305637,,0
305641,,0
305650,F24353,1
305653,F25597,1
305705,F13743,1
305725,,0
305726,,0
305767,F6164,1
305768,F6163,1
305787,,0
305829,,0
30583,,0
30584,,0
305849,F4504,1
305933,F26257,1
305971,F25538,1
306152,F23301,1
306156,,0
306299,F28177,1
306361,F6162,1
306364,F6166,1
306369,F6165,1
306451,F7669|F7697|F7713|F7788,4
306555,,0
306719,F24891,1
306722,F25470,1
306737,F24350,1
306748,F26378,1
306749,F6161,1
30690,F10339|F10166|F10163|F1017,4
306919,F32556,1
306934,F23843,1
307014,,0
307018,,0
307019,,0
30749,F23505,1
307523,F2482,1
307528,F2386,1
307540,F20092,1
307542,F20093,1
307545,F27745,1
307663,,0
307665,,0
307671,,0
307675,,0
307716,F9670|F9635,2
307740,F41780|F36003,2
307747,F10294|F665,2
307749,F9813|F10461,2
307831,,0
307839,,0
307853,,0
307855,,0
307860,,0
307861,,0
307948,F28188,1
307959,F36796,1
307961,F36796,1
308001,F28184,1
308047,,0
308048,,0
308061,,0
30807,,0
30808,,0
308192,,0
308363,F18929,1
308366,F18930,1
308388,,0
308390,,0
308391,,0
308565,F18343,1
308568,F18686,1
308688,,0
308692,,0
30880,,0
308823,F34834,1
308840,F28189,1
308850,F28179,1
308851,F28172,1
308868,F28185,1
308892,,0
308991,F41464|F41556,2
308996,F39535,1
309049,F29418,1
309057,F33818,1
309093,,0
309131,,0
309307,F2133|F2245|F2647,3
309312,F3853,1
309315,,0
309318,F12126,1
309319,,0
309322,,0
309380,F9187,1
309394,,0
309445,,0
309652,,0
309660,,0
309666,,0
309697,,0
309698,,0
309715,,0
309730,,0
309732,,0
309733,,0
309734,,0
309743,,0
309747,,0
309748,,0
309757,,0
309790,,0
309804,F34794,1
309820,F34796,1
309839,F25362,1
309905,,0
309945,F34774,1
310219,,0
310220,,0
310221,,0
310446,F18273,1
310532,F25351,1
310558,,0
310560,F9917|F9522,2
310634,F11352|F11345|F11370,3
310766,F17711,1
310882,,0
310887,,0
311006,,0
311079,,0
311080,,0
311081,F24583,1
311084,F27520,1
311085,F27522,1
311087,F27519,1
311102,,0
311103,,0
311107,F26391|F35442,2
311109,F24954,1
311110,F35692,1
311111,F39424|F41817,2
311113,,0
311225,,0
311340,F14385,1
311388,F19714,1
311400,,0
311408,,0
311411,F17268,1
311468,,0
311479,,0
311485,,0
311509,F19604,1
311512,,0
311603,,0
311640,,0
311708,,0
311709,,0
311711,,0
311712,,0
311713,,0
311755,,0
311796,F5876,1
311798,,0
311802,,0
311815,,0
311846,F5879,1
312011,,0
312012,,0
312050,,0
312067,,0
312070,,0
312100,,0
312118,F14039,1
312121,F13589|F727,2
312122,F24046,1
312237,,0
31235,,0
31237,,0
312450,,0
312596,,0
312600,,0
312692,,0
312695,,0
312697,,0
312699,,0
312750,F14029,1
312833,F25334,1
313142,F31655,1
3132,F1770,1
313283,F9307|F9239,2
313316,F24477,1
31338,F10033|F1880|F35940|F41758|F41765,5
313438,F2104,1
313442,F2531,1
313503,F20418,1
313509,,0
313512,,0
313517,,0
313540,F40257,1
313541,F40261,1
313543,F40255,1
313544,F40254,1
313546,F40259,1
313547,F40116,1
313552,F3415,1
313564,F2108,1
313565,F1690,1
313573,,0
313580,F40117,1
313581,F40258,1
313583,F40256,1
313584,F40262,1
313585,F40260,1
3136,F1774,1
313616,,0
313618,F7968,1
313619,F8123,1
313626,F8353,1
313627,,0
313634,,0
313639,,0
313640,F460,1
313647,,0
313660,,0
313710,,0
313711,,0
313712,,0
313714,,0
313716,,0
313718,,0
313719,F38039,1
313723,,0
313724,,0
313725,,0
313726,,0
313727,F38536,1
313739,F8820,1
313741,F8814,1
313742,F8821,1
313743,F8813,1
313745,F8815,1
313746,F8817,1
313747,F8819,1
313749,F8818,1
313750,F8822,1
313752,F8816,1
313853,,0
313872,F28170,1
313873,F27246,1
313882,F10348|F1627,2
313883,F7678|F7721|F7679|F7773,4
313888,,0
313906,,0
313948,,0
313949,,0
313951,,0
313952,,0
313953,,0
313956,F29412,1
313957,,0
313958,,0
313959,,0
313960,,0
313962,,0
314002,,0
314003,,0
314004,,0
314005,,0
314006,,0
314008,,0
314011,,0
314016,,0
314018,,0
314019,,0
314020,,0
314021,,0
314022,,0
314023,,0
314024,,0
314025,,0
314028,,0
314029,,0
314030,,0
314031,,0
314032,,0
314050,,0
314052,,0
314053,,0
314054,,0
314055,,0
314056,,0
314057,,0
314058,,0
314077,,0
314078,,0
314095,,0
314098,,0
314102,,0
314108,,0
314114,,0
314121,,0
314192,,0
31423,F41210|F41634|F7717,3
314237,,0
314262,,0
314264,,0
31428,F41210|F41634|F7717,3
31431,F41210|F41634|F7717,3
314320,,0
314325,,0
314326,,0
314328,,0
314334,,0
31436,F41210|F41634|F7717,3
314463,,0
314466,,0
314467,,0
314468,,0
314469,,0
314470,,0
314471,,0
314472,,0
314473,,0
314474,,0
314475,,0
314476,,0
314477,,0
314478,,0
314480,,0
314485,,0
314486,,0
314493,F8063,1
314537,F29415,1
314538,,0
314551,F33215,1
314590,,0
314591,,0
314592,,0
314607,,0
314626,F14331,1
314677,,0
314678,,0
314686,F3866,1
314704,,0
314716,F12799|F12782|F10622|F10610,4
314858,,0
314983,,0
314992,,0
314993,,0
314994,,0
314995,,0
314996,,0
314997,,0
314998,,0
315001,,0
315002,,0
315003,,0
315004,,0
315182,F16331,1
315214,F16334,1
315265,,0
315334,,0
315344,,0
315351,,0
315355,,0
315412,,0
315416,,0
315417,,0
315418,,0
315419,,0
315420,,0
315421,,0
315553,,0
315630,,0
315631,,0
315632,,0
315633,,0
315647,F2988,1
315707,,0
315837,F40374,1
315976,F14032,1
315989,F9387|F42604|F42609|F35386,4
315996,F1757|F904,2
316072,,0
316075,,0
316077,,0
316080,,0
316085,,0
316088,,0
316242,F4474,1
316277,F26235,1
316302,,0
316303,,0
316329,,0
316404,,0
316442,,0
316446,,0
316474,F12623,1
316507,F34191,1
316520,F9372|F9483|F9688|F9690,4
316522,F42358|F42353|F42354,3
316527,F42379|F42360|F42007|F42373,4
316528,F42379|F42360|F42007|F42373|F42019|F42379|F42360,7
316529,F9935|F9532|F9471,3
316530,F9935|F9532|F9471,3
316531,F15983|F42021|F42360,3
316533,F42347|F42348|F42352|F42351,4
316534,F42347|F42348|F42374|F42367,4
316568,,0
316569,,0
316570,,0
316710,,0
316714,F13382,1
316716,F38269,1
316717,F38270,1
316733,F13344,1
316882,,0
316901,F34913,1
316909,F34914,1
316910,F34916,1
316911,F34917,1
316912,F34918,1
316913,F34915,1
31695,,0
316968,F9385|F10089,2
316989,F12790|F12804|F10541|F12910,4
317133,F10219|F9918|F10470|F10463,4
317139,F8765,1
317140,F8960,1
317150,F2460,1
317162,F37049,1
317169,F835,1
317175,F41422|F41129|F10878,3
317181,,0
317221,,0
317264,F10823|F10598,2
31732,,0
31738,,0
317459,,0
31746,,0
317461,,0
317462,,0
317463,,0
317464,,0
317467,,0
317468,,0
317472,,0
317473,,0
317475,,0
317476,,0
317488,F28182,1
31749,F41435,1
31751,F41435,1
317520,F27481,1
317689,F37171,1
31774,F85,1
31776,,0
317786,F9935|F9532|F9471,3
317799,F42041|F42018|F42019|F42379|F42360,5
317805,F10100|F9935|F9935|F9532|F9471,5
317809,F10100|F9935|F9532|F35649,4
317813,F35647|F42360,2
317816,F42041|F42379|F42360,3
31783,,0
317830,F9532|F9471|F9372|F9483|F9688|F9690,6
317831,F9532|F9471|F42363|F42357,4
317832,F9532|F9471|F42363|F42357|F42347|F42348|F42374|F42367,8
317837,F9532|F9471|F9372|F9483|F9688|F9690,6
317838,F42022|F42030|F10100|F9935,4
317840,F9935|F9532|F9471,3
317841,F9935|F9532|F9471|F9372|F9483|F9688|F9690,7
317842,F42016|F9372|F9483|F9688|F9690|F42044|F42036,7
317843,F42347|F42348|F42374|F42367|F9532|F9471|F908,7
317846,F9932|F9796|F1370,3
317851,F10100|F9935|F1370|F10100|F9372|F9483|F9688|F9690,8
317855,F41193|F41270|F41193|F41270,4
317856,F41193|F41270|F9270|F9269|F41193|F41270|F9270|F9269|F41193|F41270,10
317858,F41193|F41270|F9270|F9269|F41193|F41270|F9270|F9269|F41193|F41270,10
317859,F41193|F41270|F9270|F9269|F41193|F41270,6
317860,F41193|F41270|F9270|F9269|F41193|F41270,6
317915,F19774,1
317965,,0
317967,,0
317968,,0
317969,,0
318013,F27951,1
318015,F40354,1
318033,F9305|F9395|F9305|F9519,4
318071,F8418,1
318079,F28186,1
318088,F2544,1
318091,F9328|F9234|F9756|F9773,4
318122,F28628,1
318161,,0
318162,,0
31823,,0
31824,,0
31825,,0
31831,,0
318400,F8242,1
318420,F8686,1
318426,F25627,1
318432,F19630,1
318442,F38046,1
318446,F26454,1
318551,F27236,1
318562,F6058,1
318578,F28629,1
318580,F2151,1
318582,F2153,1
318609,,0
318610,,0
318623,F8846,1
318628,F26820,1
318629,F26820,1
318630,F19773,1
318632,F25910,1
318633,F13968,1
318645,F34508,1
318647,F34508,1
318654,F24079,1
318661,F24080,1
318662,F24080,1
318668,F10315,1
318671,F25116,1
318682,F5518,1
318719,F8412,1
318734,F8298,1
318740,F8688,1
318741,F8227,1
318793,,0
318795,,0
318844,,0
318845,,0
318847,,0
318849,,0
318887,,0
318888,,0
318930,,0
318932,,0
318987,,0
318994,,0
319050,F42174,1
31914,F10100,1
319142,F26962,1
319143,F26963,1
319144,F24888,1
319165,F42372,1
31919,F9935,1
319193,,0
31920,F9909,1
319209,F3394|F5403,2
31921,F9532|F9471,2
319215,F3394|F5403,2
319335,F30558,1
319680,,0
319706,F3393|F3403|F2065,3
319707,F3393|F3403|F2065,3
319708,F1326|F4354,2
319716,F3392|F9574|F10154,3
31972,F42019,1
319720,F6364,1
319723,,0
319808,F1957,1
319840,F31645,1
319844,,0
319879,F26268,1
319915,F2223,1
319923,,0
319999,F5211,1
320006,F5116,1
320026,,0
320031,F13544,1
32005,,0
320060,F25933,1
320061,F26053,1
320062,F26049,1
320113,F25149,1
320114,F25265,1
320117,F25306,1
320118,F25308,1
320119,F25319,1
320121,F25730,1
320122,F25256,1
320123,F25321,1
320125,F25322,1
320127,F25320,1
320129,F25267,1
320134,F19495,1
320135,F24676,1
320136,F24677,1
320181,F27957,1
320182,F27954,1
320185,F6295,1
320186,F5019,1
320187,F10826,1
320199,F12256,1
320200,,0
320203,F12255,1
320205,,0
320206,F12242,1
320208,F12241,1
320209,F12250,1
320213,F12153,1
320214,F12151,1
320219,F12157,1
320222,F12156,1
320224,,0
320225,F11738,1
320226,F24123,1
320228,F18773,1
320230,F18767,1
32029,,0
320295,F10826,1
320308,F12824|F10611|F10519|F10928,4
320322,F14265,1
320392,F13910,1
320395,F24105,1
320399,F23685,1
320403,F14460,1
320406,F39637,1
320407,F39637,1
320434,,0
320500,F24111,1
320509,,0
320585,,0
320854,F23451,1
320911,F8795,1
320951,,0
321125,F5673,1
321139,F26267,1
321159,F17870|F18998,2
321162,F2280|F884,2
321193,,0
321226,F27956,1
321260,F24508,1
321261,F24509,1
321288,,0
32133,F79,1
321330,,0
321400,,0
321403,,0
321407,,0
321408,,0
321506,F10207,1
321517,F26186,1
321564,F5798,1
321565,F5799,1
321566,F5801,1
321785,F26185,1
321787,F26180,1
321799,F16426,1
321813,F26182,1
321814,F25111,1
321839,F18696,1
32185,F823|F10422|F1336,3
32188,F10226,1
321886,F25114,1
321887,F23666,1
322020,,0
322021,,0
322022,,0
322023,,0
322024,,0
322026,F27203,1
322028,F26192,1
322031,F25806,1
322038,F20611,1
322039,F26712,1
322040,F20612,1
322063,F5804,1
322065,F5805,1
322068,F5806,1
322072,,0
322074,,0
322089,F5810,1
322093,F5812,1
322094,,0
322121,F5814,1
322152,F5815,1
322240,F5818,1
322245,F5820,1
322253,F33191,1
322255,F5827,1
322256,F5831,1
322286,,0
322331,F2185|F2174,2
322338,,0
322356,F5693,1
322357,F8454,1
322361,F2681,1
322374,F11717,1
322375,F11389,1
322378,,0
322456,F5832,1
322458,F5833,1
322462,F5840,1
322463,F5841,1
322464,F5842,1
322487,F5849,1
322489,F5851,1
32252,,0
322545,F27521,1
322570,F5855,1
322571,F5892,1
322635,F3361|F3341,2
322636,F2875|F741|F9984|F3343|F3342|F4333,6
322637,F10329|F10130|F982|F9342|F9565,5
322646,F13238,1
322651,F13278,1
322652,F13296,1
322654,F13298,1
322657,F13350,1
322658,F13348,1
322679,F25418,1
322739,F5861,1
322742,F5856,1
322765,F11743,1
322767,F11893,1
322768,F11893,1
322769,F11894,1
322776,,0
322809,F5670,1
322811,F2135,1
322820,,0
322821,,0
322898,F28795,1
322900,,0
322901,F5230,1
322902,F33188,1
322903,F33185,1
322904,F4692,1
322909,F33199,1
322918,F26233,1
322926,,0
322927,,0
322928,,0
322929,,0
322931,,0
322933,,0
322935,,0
323026,,0
323028,F11349,1
323071,,0
323086,,0
323094,,0
323104,,0
323113,,0
323227,,0
323336,,0
323337,,0
323339,,0
323356,,0
323358,,0
323365,,0
323366,,0
323381,,0
323425,,0
323428,,0
323571,F8674,1
323606,F8419,1
323610,F40355,1
323623,F5020,1
323669,F25646,1
323673,F26474,1
323762,,0
323777,F23322,1
32378,F14189,1
323803,F23422,1
323837,,0
323838,,0
323859,F27440,1
323861,F27441,1
323870,,0
323923,,0
324096,,0
324130,,0
32428,F20207,1
324519,F27443,1
324520,F28495,1
32453,F23839,1
324556,F5123,1
324557,F5631,1
324578,F19395,1
324583,,0
324586,,0
324594,F8787,1
324660,F23725,1
324669,,0
324700,F28175,1
324739,,0
324754,F22907,1
324761,,0
324767,,0
324773,F24390,1
324774,,0
324776,,0
324785,,0
324787,,0
324792,,0
324799,,0
324804,F15905,1
324805,,0
324809,,0
324811,,0
324812,,0
324813,,0
324814,,0
324815,,0
324816,,0
324817,,0
324820,F9738|F722|F1270|F1274,4
324825,F42491,1
324831,,0
324834,F10081|F10187|F15899|F15900|F727,5
324835,,0
324841,F42492,1
324850,,0
324878,,0
324879,,0
324881,,0
324882,,0
324886,,0
324985,,0
324990,,0
324999,,0
325003,,0
325005,,0
325007,,0
325052,,0
325328,,0
325347,F23141,1
325350,F41402|F41402|N50100|F41402|N50100,5
325352,F35691|F41816,2
325354,F25664,1
325360,F27523,1
325361,,0
325431,F2185,1
32548,,0
325633,,0
325642,F1889,1
325644,,0
325645,F24646,1
325646,,0
325650,,0
325694,F10974|F741|F9984|F1260,4
325699,F10133|F9342|F9322|F9363|F9499|F9342|F9322|F9363|F9499|F4305,10
325701,F10133|F9342|F9322|F9363|F9499|F9342|F9322|F9363|F9499|F3361|F3341,11
325705,F10081|F10187|F1363,3
325706,F10081|F10187,2
326013,,0
326017,,0
326091,,0
326097,,0
326180,F18204,1
326223,,0
326245,F19540,1
32629,,0
326324,,0
326341,F19901,1
326342,F20364,1
326343,F20366,1
326344,F20365,1
326345,F18837,1
326346,F19175,1
326347,F19933,1
326349,F19171,1
326350,F18857,1
326351,F18853,1
326355,,0
326361,,0
326403,F42066,1
326424,,0
326430,,0
326438,,0
326459,,0
326461,,0
326466,,0
326468,,0
326477,F28420,1
326478,F28123,1
326479,F28119,1
326480,F28419,1
326486,F28421,1
326541,,0
326547,F25732,1
326626,,0
326645,F17761,1
326673,F28607,1
326709,F34825,1
326721,F34819,1
326727,,0
326761,F34830,1
326773,F19531,1
326781,F26194,1
326823,F26693,1
326825,F26193,1
32687,,0
326908,F34795,1
326925,,0
326939,,0
326957,F42589,1
326999,F9244|F9324|F9324,3
327421,,0
327427,,0
327455,F24993,1
327459,F24433,1
32746,,0
327461,F27544,1
327465,F27545,1
327554,F2185|F2174,2
327555,F28489,1
327564,F20877,1
327627,,0
327732,,0
327835,F662|F584|F584|F2143|F2140,5
327836,,0
328029,,0
328054,F38840,1
328075,F28695,1
328086,F38115,1
328090,F38116,1
32814,F23930,1
328149,,0
328161,F1736|F1461|F1965|F36800,4
328232,,0
328254,,0
328255,F3896,1
328293,,0
328453,,0
328455,F28258,1
328607,F28212,1
328726,F28290,1
328732,F20782,1
328783,F28667,1
329016,F22517,1
329033,F22514,1
329038,F23001|F22457,2
329114,,0
329158,,0
329163,,0
329168,,0
329174,,0
329223,,0
329231,F28665,1
329317,F6107,1
329325,,0
329397,F22516,1
329410,,0
329419,F23964,1
329421,,0
329438,F26573,1
32944,,0
329448,,0
329462,,0
329464,,0
329473,,0
329476,,0
329491,,0
329495,,0
329498,,0
329505,,0
329582,,0
329610,,0
329623,,0
329630,,0
329649,,0
329650,,0
329662,,0
329670,,0
329809,,0
329812,,0
329824,,0
329827,F28666,1
329841,F11949,1
329855,F12013,1
32987,F14164,1
330007,F9313|F9241|F9536|F9380|F9602,5
330062,F34998,1
330074,F35019,1
330141,F9783|F1129,2
330236,F37393,1
330238,F11749,1
330263,F38708,1
330268,F35193,1
330422,,0
330428,,0
330441,F39970,1
330466,,0
330510,F28352,1
330555,,0
330603,,0
33082,F18527,1
330842,,0
330936,,0
330944,F5440|F14831|F14647,3
331321,,0
331335,,0
331343,,0
331352,,0
331371,,0
331376,,0
331385,F12183,1
331388,F12225,1
33145,F17407,1
331455,,0
33146,F17406,1
331549,,0
331550,,0
331555,F41242|F41049|F36618|F36282,4
331608,F41680|F35976|F37225|F36637,4
331613,F36198|F36199|F41680|F35976|F37225|F36637,6
331616,F36551|F35743|F41308|F41364,4
331618,F41797|F41410|F36551|F35743|F41308|F41364,6
331619,F41308|F41364|F41235|F41626,4
331620,F35974|F35975|F41585|F41344,4
331651,,0
331658,F28669,1
331716,,0
331781,,0
33188,,0
33189,,0
331906,F22477,1
331911,,0
331921,F22511,1
331939,F33527,1
331948,,0
331951,,0
331959,,0
331967,,0
331991,F37256,1
332245,,0
332254,,0
332284,,0
332306,,0
332326,,0
332346,F28652,1
332421,F18208,1
332424,F19539,1
332429,F19915,1
332431,F19899,1
332443,F36758,1
332463,,0
332515,,0
332550,F9785|F1165|F7704|F7892,4
332553,F4603|F1500|F16874,3
332555,F6668,1
332567,F12826|F9786|F10092|F9469,4
332568,F9532|F9471|F9785|F9483,4
332688,F32683,1
332731,,0
332761,,0
332989,F11858,1
332991,F38939,1
333002,,0
333004,,0
33301,F1594|F1610,2
333041,,0
33307,F9546|F10417,2
33311,F10419,1
333144,,0
333201,F10784|F3925,2
333233,,0
333255,F3116,1
333257,,0
333263,F11886,1
333269,F16369,1
33331,F9711,1
33332,F9482|F9371|F9601,3
33333,F9816|F10242|F9798,3
33334,F9704|F9485|F9613,3
333364,F9342|F9322|F9363|F9499|F506|F9738|F722,7
333376,F9982|F796|F1990|F1989,4
333438,,0
333480,,0
333496,,0
333575,F10388|F9458,2
333612,,0
333683,F2901,1
333707,,0
333728,,0
333736,,0
333739,,0
333744,,0
333904,,0
334087,,0
334132,,0
334150,,0
334178,,0
334184,F27846,1
334187,F25305,1
334191,,0
334197,F21950,1
334202,,0
334211,,0
334265,,0
334398,,0
334408,F4834,1
334616,,0
33464,F9731|F744,2
334661,F10137|F10496|F9572|F2833,4
334785,F38478,1
334789,F11718,1
334910,,0
334925,,0
334927,,0
334948,F13887,1
334949,F13885,1
334950,F13888,1
334951,F13884,1
334953,F13883,1
335115,F30065,1
335231,F38955,1
335291,F24712|F26188,2
335296,F19523|F8509|F8612,3
33535,F9482|F9925,2
335385,F15919|F5324,2
335388,F3327|F10317|F742|F9743,4
335402,F9313|F9241|F9536|F1386,4
335415,,0
335496,,0
335500,,0
335525,,0
335534,F3327|F10317|F742|F9743,4
335573,F27952,1
335700,,0
335701,,0
335702,,0
335703,,0
335704,,0
335706,,0
335708,,0
335709,,0
335710,,0
335711,,0
335712,,0
335741,,0
335763,,0
335767,,0
335768,F571|F810|F1482|F1483,4
335769,F1485|F9464|F9944,3
335770,F10029|F1066|F4107|F1485|F9464|F9944,6
335772,F10029|F1066|F4107|F5174,4
335775,F10029|F1066|F4107|F2359|F4469,5
335781,F1421,1
335788,F1421,1
33579,F1251,1
335790,F1421,1
335791,F1421,1
335796,,0
335913,,0
335915,,0
335917,,0
335920,,0
335921,,0
335923,,0
335924,,0
335925,,0
335928,,0
335941,,0
335942,,0
335972,,0
335977,,0
335979,,0
335981,,0
336002,,0
336097,,0
336116,,0
336126,,0
336132,,0
336191,F1443,1
336388,,0
336537,F14770,1
336541,F28121,1
336559,F14795,1
336573,F14805,1
336590,F14806,1
336601,F14769,1
336608,F9810|F9883|F3074|F2767,4
336609,F9810|F9883|F569|F1484,4
336610,F14796,1
336611,F10436|F9882|F9285|F9250|F9944|F9464|F9944,7
336612,F10029|F1066|F3198,3
336613,F1480|F1071|F9810|F9883|F1068,5
336615,F9285|F9250|F9944|F9464|F9944|F3570|F3568,7
336620,F14567,1
33677,,0
33680,,0
336800,,0
33681,,0
336954,F4371,1
336967,F5961,1
336972,F5963,1
337049,,0
337050,,0
337059,,0
337063,,0
337064,,0
337068,,0
337070,,0
337077,,0
337119,F27213,1
337122,F27214,1
337130,F8541,1
337153,N-1,1
337196,,0
337411,,0
337478,F2263,1
337527,,0
337550,F20246,1
337576,F41321|F41320,2
337766,,0
337776,,0
337833,F35796|F36778,2
337882,,0
337883,,0
337884,,0
337888,,0
337892,,0
337896,,0
337899,,0
337922,,0
338238,,0
338290,F16280|F16145,2
338298,F16285,1
338311,F16286,1
338312,F9439,1
338426,,0
338442,,0
338446,,0
338530,F14419,1
338533,F23195,1
338535,,0
338549,,0
338567,,0
338674,F9727|F12969,2
338724,F19548,1
338736,F20785,1
338786,F9421|F9676|F1072|F10028|F10404|F10403,6
338787,F9285|F9250|F9944|F9464|F9944,5
338792,F9285|F9250|F571|F810,4
338816,F572|F1778|F1485|F9464|F9944,5
338823,F10029|F1066|F10029|F1195,4
338837,F1675|F10348|F2628|F3077|F2627,5
338840,F10436|F9882|F2629|F9285|F9250|F41438,6
338842,F10029|F1066|F4107|F9285|F9250|F3079,6
338861,,0
338894,,0
338897,,0
338905,,0
338913,F22877,1
338977,,0
339002,F9342|F9322|F9363|F9499|F9342|F9565,6
339011,F9884|F9677|F2629|F9421|F9676|F1072|F10028|F10404|F10403,9
339014,F9628|F10405|F10402|F573,4
339016,F10412|F2286|F1443|F1819,4
339017,F10412|F2286|F1443|F1819,4
339018,,0
339019,F9528|F9904|F1094|F10041,4
339021,F9528|F9904|F5111|F912|F2669,5
339023,F10412|F2286|F10412|F2674,4
339025,F9528|F9904|F912|F2669|F9891|F9894|F35661|F9805|F609|F610,10
339027,F10412|F4197|F3607|F4076,4
339029,F9528|F9904|F10412|F2286|F1443|F1819,6
339033,F9895|F10058|F850|F1085,4
339035,F9528|F9904|F5111|F912|F2669,5
339042,,0
339123,F10681,1
339127,,0
339131,F14181,1
339134,F14532,1
339187,,0
339189,F38664,1
339190,,0
339192,F38450,1
339193,,0
339194,,0
339199,,0
339200,F38457,1
339202,,0
339204,F38134,1
339205,,0
339206,,0
339209,,0
339211,,0
339213,F38663,1
339214,,0
339215,,0
339218,F38455,1
339220,,0
339222,,0
339238,,0
339241,,0
339251,,0
339269,F5399,1
339273,F5396,1
339274,,0
339349,,0
339366,F34751,1
339402,,0
339467,,0
339518,,0
339519,F8307,1
339568,,0
339718,,0
339781,,0
339794,,0
339807,,0
339808,,0
339810,,0
339813,,0
339815,,0
339891,,0
339892,F38214,1
339927,,0
339928,F19194,1
339929,,0
340025,,0
340030,,0
340035,,0
340041,,0
340043,,0
340059,F10273|F10272,2
340255,,0
34035,,0
340390,,0
340504,,0
340505,,0
340506,,0
340507,,0
340508,,0
340512,,0
340576,,0
340581,,0
340584,F39866,1
340606,,0
34068,F17303,1
34070,F3241,1
34072,F3239,1
34073,,0
340772,F28297,1
34079,F41902,1
340811,F28615,1
340815,F27396|F26417,2
340832,,0
340886,,0
340942,F875|F10069|F1117|F653,4
340945,F19903,1
341241,,0
341268,,0
341302,F3416|F2033|F2030,3
341502,,0
341536,,0
341550,,0
341851,F2393|F3323,2
341964,F20382,1
341966,F29128,1
342272,,0
342301,F20855,1
342351,F18692,1
342451,,0
342458,,0
342469,,0
34248,,0
342512,F11372,1
342531,F9355|F10148|F35385|F10148|F35385,5
34258,,0
342585,F4714,1
342594,,0
342611,F11503,1
342614,,0
342616,,0
342618,,0
342620,,0
342621,,0
342623,,0
342625,,0
342627,,0
342677,F28661,1
342789,,0
342800,,0
342816,,0
342838,,0
342843,,0
342848,,0
342851,,0
342856,,0
342867,,0
342872,,0
342875,,0
34288,,0
342881,,0
342891,,0
34290,,0
34301,,0
343072,,0
343081,F28662,1
343144,,0
34318,,0
343194,F37757,1
343198,F18067,1
343285,,0
343287,,0
343290,,0
343292,,0
343293,F36472|F36287,2
343294,,0
343295,F5778,1
343296,,0
343298,F31094,1
343301,,0
343302,,0
343303,,0
343305,,0
343307,,0
343384,F35477,1
343390,F12796|F12848|F12818|F12887|F12827|F12911|F527|F1316,8
343483,F35479,1
343489,F37756,1
343490,F37751,1
343519,,0
343520,,0
343522,,0
343532,,0
343556,F9398|F9271|F2011|F2066,4
343559,F28100,1
343563,F525|F9575|F9574|F10154,4
343582,,0
343612,F26326|F34946|F23537|F19207,4
343618,,0
343627,,0
343629,,0
343633,,0
343670,F8352,1
343676,,0
343692,,0
343749,F38958,1
343758,,0
343762,F9982|F501|F2098,3
343768,F9982|F501|F2098,3
343774,F9982|F501|F2098,3
343777,F2876|F9982|F501|F2098|F1257|F1591,6
343794,F1998,1
343801,F3354,1
343806,,0
343809,F3841,1
343835,,0
343839,F504|F9728|F1007,3
343842,F504|F9728,2
343848,F3844,1
343854,F4329,1
343863,F3834,1
343866,F3824,1
343875,F15192,1
343878,F15191,1
343880,F15193,1
343886,F15190,1
343991,F35478,1
344038,F2229|F1476|F10084|F10005|F10005,5
344167,,0
344174,F27854,1
344184,F27855,1
344204,F34946|F23537|F24361|F18905,4
344304,,0
344350,F28674,1
344393,F9982|F501|F2098|F10134|F9986,5
344401,F9982|F501|F2098|F2423|F3306,5
344412,F23977,1
344432,,0
344465,F15848|F15843|F1174|F659,4
344575,F10070|F10237|F657,3
344600,,0
344605,,0
344612,F19017,1
344613,F18236,1
344614,F18235,1
344631,,0
344643,,0
344649,F874|F1118|F11428,3
344669,,0
344683,F27211,1
344690,F27212,1
344694,F20326,1
344697,F525|F9575|F10350|F525|F9575|F10350,6
344700,F27208,1
344704,F27209,1
344707,,0
344708,,0
344711,,0
344723,,0
344732,F3229|F10137|F10109|F9444|F9734|F1606,6
344735,F3354,1
344787,,0
344790,,0
344797,,0
344802,,0
344804,,0
344805,,0
344821,F262,1
344838,,0
344962,F1421,1
345011,,0
345013,F5209,1
345019,,0
345027,,0
345029,,0
345030,F9871|F9678|F9872|F9941,4
345043,,0
345046,F16395,1
345051,F16396,1
345065,N46888|F9872|F9941|F9871|F9678|F9872|F9941|F9872|F9941,9
345123,F261,1
345142,,0
345413,,0
345489,F4540,1
345495,F16397,1
345497,F16398,1
345498,F16394,1
345499,F8464,1
345509,F8620,1
345514,F16401,1
345517,F4539,1
345578,F41252|F1051|F41493,3
345585,F4541,1
345628,F16410,1
345641,F10983|F10791,2
345699,F16419,1
345710,F16421,1
345715,F9871|F9678|F9872|F9941,4
345719,F16425,1
345751,F14090,1
345761,F14263,1
345762,,0
345767,,0
345769,F4000|F41644|F41281|F36824|F10303|F10235|F9697|F10037|F10037,9
345783,,0
345788,F28663,1
345807,,0
345808,F10303|F10235|F9697|F10037|F10037|F4000|F41644|F41281|F36824|F10303|F10235|F9697|F10037|F10037,14
345812,,0
345813,,0
345817,F10303|F10235|F9697|F10037|F10037|F4000|F41644|F41281|F36824|F10303|F10235|F9697|F10037|F10037,14
345827,,0
345831,,0
345839,,0
345840,F8011,1
345849,,0
345858,,0
345869,,0
345874,,0
345878,,0
345904,F18793,1
345926,F23251,1
345951,F5387,1
345975,F28427,1
346134,F11355,1
346145,F16392,1
346168,,0
346221,F27650,1
346307,,0
346312,,0
346315,F27644,1
346325,F19397|F18713,2
346326,F19397|F18713,2
346335,F3401,1
346337,,0
346356,F2310|F37701|F1590|F10161,4
346461,F19193,1
346469,F20995,1
346530,F35007,1
346532,F35008,1
346540,,0
346570,,0
346599,,0
346896,F19649,1
346900,F18641,1
346903,F18999,1
346935,F20120,1
346957,F20507,1
346981,F18637,1
346984,F18638,1
346988,F28668,1
347008,,0
347012,F18642,1
347028,F1421,1
347030,F1421,1
347034,F1421,1
34704,,0
347044,F1421,1
347052,F1421,1
347062,F1421,1
347064,F1421,1
347075,F1421,1
347091,,0
347096,F1421,1
347099,F1421,1
347101,F1421,1
347129,,0
347136,,0
347138,,0
347141,,0
347142,,0
347145,,0
347146,,0
347152,,0
347156,,0
347159,,0
347161,,0
347199,F12679,1
347320,,0
347339,F5077|F10064|F10247|F9313|F9241|F9536|F1386,7
347353,,0
347429,F11842,1
347558,,0
347561,,0
347563,,0
347566,,0
347571,,0
347576,,0
347578,,0
347584,,0
347585,,0
347637,,0
347746,F4000|F41644|F41281|F36824|F10303|F10235|F9697|F10037|F10037|F36512|F36640|F41644|F41281|F36824,14
347752,F4000|F41644|F41281|F36824|F10303|F10235|F9697|F10037|F10037|F36512|F36640|F41644|F41281|F36824,14
347828,,0
347852,F14929,1
347861,,0
347983,,0
347988,,0
347992,,0
347993,F17553,1
347994,,0
347998,,0
347999,,0
348004,,0
348006,,0
348012,,0
348021,,0
348042,,0
348048,,0
348073,,0
348095,F23979,1
348174,,0
348185,,0
348189,,0
348196,,0
348207,,0
348218,,0
348245,F6000,1
348335,F12601,1
348461,,0
348564,F3830,1
348596,F28093,1
348653,,0
348676,F28673,1
348696,,0
348704,,0
348706,,0
348711,,0
348712,,0
348714,,0
348715,,0
348731,,0
348744,F28659,1
348782,,0
348932,,0
348934,,0
348951,,0
348985,F24587,1
349008,,0
349022,,0
349038,,0
349071,F16408,1
349100,F16406,1
349104,F24586,1
349172,F25792,1
349183,,0
349203,,0
349205,,0
349208,,0
349224,,0
349229,,0
349235,,0
349240,,0
349244,,0
349247,,0
349360,,0
349412,,0
349414,,0
349446,F652|F15914|F15911,3
349456,F10470|F10463,2
349483,F13527|F13509|F13547|F13552,4
349490,F13648|F22869,2
349545,F39796,1
349567,F24613,1
349647,,0
349671,F25728,1
349724,,0
349725,,0
349726,,0
349766,,0
349902,,0
349913,F25729,1
349919,,0
34999,,0
350004,,0
350101,F26594,1
350161,,0
350190,F26595,1
35023,,0
35026,,0
350353,,0
350358,,0
350402,F28660,1
350437,F25888,1
350785,F28120,1
350987,F28670,1
351071,F20577,1
351094,F22191,1
351226,,0
351268,F38347,1
351377,,0
351448,,0
351472,,0
351477,,0
351573,,0
351592,F2174,1
351639,,0
351691,,0
351885,F19954,1
351914,F4847,1
351973,,0
351978,F26837,1
351990,F25128,1
351995,F42523,1
352001,F42520,1
352005,F14810,1
352039,F40949,1
352113,,0
352124,,0
352137,,0
352148,,0
352150,,0
352153,,0
352181,,0
352205,F42500,1
352219,F42525,1
352223,F26743,1
352230,F42663,1
352303,F42526,1
352343,F26744,1
352373,,0
352413,F9349|F9232|F1089,3
352417,F9349|F9232|F10209|F10268,4
352418,F9349|F9232|F10209|F10268,4
352506,,0
352551,F2133|F1754,2
352563,F3655,1
352571,F2133|F1754,2
35260,F27699,1
352604,F26190|F27216,2
352618,F26191|F27215,2
35266,F32663,1
35267,F32664,1
35270,F33312,1
352749,,0
35275,F29585,1
352750,,0
352755,F5272,1
352761,F10199|F9795|F1740,3
352840,F20974,1
352845,F42531,1
352848,F42512,1
353027,F1646,1
353085,F25620,1
353094,,0
353097,F25621,1
353104,F25622,1
353108,,0
353110,F25623,1
353324,F20610,1
353368,,0
353394,F20609,1
353445,,0
353522,,0
353525,,0
353527,,0
353530,,0
353532,,0
353534,,0
353537,,0
35354,,0
353540,,0
353569,,0
353606,F4232,1
353616,F3713,1
353620,F3721,1
353622,F3216,1
353648,F3722,1
35376,,0
353765,F13965,1
353769,F13963,1
353779,F26724,1
353788,F38965,1
353795,F9873|F9702|F1063|F9672,4
353796,,0
353802,F10866,1
353804,,0
353812,F26444,1
353824,F26446,1
353825,F26447,1
353828,,0
353830,F26448,1
353837,F26449,1
353848,,0
353902,,0
353906,,0
353918,,0
353944,,0
353954,,0
353958,,0
353960,,0
353961,,0
353968,F11395,1
353973,F28681,1
354004,,0
354029,,0
354033,,0
354151,F27464,1
354153,F27465,1
354157,F27466,1
354248,F28475,1
354264,F28476,1
35427,F31756,1
354287,F28477,1
354289,F28478,1
354308,F28480,1
35437,,0
35438,,0
354397,,0
354416,,0
354438,,0
354441,,0
354471,,0
354479,,0
354488,,0
354492,,0
354494,,0
354495,,0
354509,,0
354513,,0
354515,,0
354529,,0
354561,F10904|F11127|F10568,3
354771,,0
354780,,0
354783,,0
354786,,0
354787,,0
354794,,0
354806,,0
354810,,0
354816,,0
354824,,0
354958,F3195|F2200|F876|F1120,4
354959,F876|F2192|F3188|F1843,4
354960,F876|F1120|F1832|F1833,4
354961,,0
354963,F876|F1120|F3176|F2587,4
354964,F876|F2192|F3188|F1843,4
354966,F876|F1120|F1832|F1833,4
354969,,0
355075,F8319,1
355169,,0
355302,,0
355462,F26085,1
355486,,0
355568,F27008,1
355623,F20789,1
355632,F20787,1
355637,F20792,1
355641,F20790,1
355643,F20788,1
355644,F20791,1
355646,,0
355652,,0
355658,F20360,1
355660,F20798,1
355698,F27705,1
355704,F27707,1
355706,F27708,1
355728,F27709,1
355736,F27704,1
35574,,0
355742,F28750,1
35575,,0
355752,F28751,1
355756,F28752,1
355761,F28753,1
355765,F27302,1
355767,F28745,1
355768,F27700,1
355770,F27701,1
355771,F19916,1
355817,,0
355887,F2419,1
355889,F2440,1
355893,F2419|F2440,2
355894,F2440,1
355907,F507|F503,2
355909,F507|F503|F10134|F9986,4
355911,F507|F503|F10134|F9986,4
355912,F4789,1
355914,F2422,1
355926,F27953,1
355943,F27958,1
355951,F26959,1
356032,,0
356034,,0
356144,,0
356177,,0
356179,,0
356185,,0
35619,,0
356233,,0
356242,,0
356244,,0
356252,,0
356258,,0
35626,,0
356288,F38244,1
356309,F17147|F17149,2
356372,F8262,1
35645,F977|F9322,2
356468,,0
356494,,0
356570,F18912,1
356616,,0
356677,F8865,1
356681,,0
356711,F15848|F15843|F1174|F659,4
35680,F36963,1
356855,,0
356857,F35874|F818|F34230|F34231,4
35689,F9657|F9999|F529|F10356,4
356909,F9263|F9234|F34242|F9291,4
356911,F33674|F9291|F34241|F9291,4
356912,F9289|F9234|F34243|F9291,4
356914,F33674|F9291|F9289|F9234|F34243|F9291,6
356995,,0
35703,F9657|F9999|F9659|F9749,4
357104,,0
357106,,0
357107,,0
357116,F5970,1
357302,,0
357307,,0
357314,,0
357323,,0
357334,,0
357364,,0
357373,F2126,1
357375,F2125,1
357392,,0
357493,F26879,1
357512,,0
35754,,0
357579,F5971,1
357629,,0
357736,F17311,1
357783,F6360,1
357785,F6373,1
357786,,0
357793,,0
357801,,0
357841,F9582|F9586|F10081|F10187|F1347|F10081|F10187|F1347,8
357843,F5969,1
357845,F4848,1
357923,F20115,1
357992,F19953,1
358069,F12193,1
358080,,0
358081,,0
358085,F14060,1
358091,F14061,1
358103,F14061,1
358114,F10645|F10644|F10778|F10692,4
358124,F13943,1
358133,F700,1
358146,,0
358148,F13711,1
35823,F1198,1
35824,F2025,1
358284,,0
358311,,0
358329,,0
358394,,0
358399,,0
358419,,0
358540,F20872,1
358543,F28485,1
358547,F28470,1
358549,F28760,1
35857,F915,1
35858,F663,1
35859,F17195,1
358603,,0
358604,,0
358613,,0
358626,,0
358632,F19626,1
358653,,0
358681,,0
358824,F27765,1
358831,,0
358838,F9891|F9894|F35661|F9805|F609|F610,6
358845,F1649,1
358851,F18599,1
358856,F18601,1
358873,,0
35889,,0
358920,F5666,1
358944,,0
358948,F18338,1
358957,F19167,1
358966,F18602,1
358981,F38941,1
358982,,0
358988,F18520,1
359047,,0
359061,,0
359118,,0
359122,F2675,1
359152,,0
359154,,0
359164,F26088,1
359191,,0
359214,F6567,1
359217,F25255,1
359277,,0
359279,,0
359326,,0
359353,F2983|F3980,2
359355,F2983|F3980,2
359390,,0
359394,,0
359411,F18547,1
359421,F19165,1
359445,F26443,1
359451,,0
359462,,0
359474,,0
359479,,0
359481,,0
35968,F17196,1
359737,F38550,1
359751,F806|F35884,2
359759,F38461,1
359823,F13755,1
359869,F23157,1
360041,,0
360045,,0
360047,F19508,1
360054,F18600,1
360057,,0
36008,,0
360082,F19943,1
360083,F26200,1
360112,,0
360140,,0
360464,F20991,1
36047,,0
360491,,0
360530,F20992,1
360542,F40737,1
360620,F35935|F41048,2
360644,F19938,1
360858,,0
360880,F26728,1
360884,F27772,1
360958,F41176|F41493,2
360977,F1470|F10285|F1558|F1557,4
360982,F1470|F10285|F1558|F1557,4
360986,F1470|F10285|F1558|F1557,4
360995,F14160,1
361076,F2916|F1027|F1317|F2067,4
361077,F2916|F1027|F1317|F2067,4
361078,F10137|F10082|F37427|F1276,4
361091,F10137|F10082|F15899|F15900|F36473,5
361094,F10137|F10082|F4451|F4453,4
361096,F801|F667|F1757|F903,4
361110,F14552,1
361131,,0
361152,F39006,1
361154,,0
361254,,0
361257,,0
361259,,0
361263,,0
361266,,0
361269,,0
36127,,0
361270,,0
361274,,0
361277,,0
361278,,0
361280,,0
361298,,0
361315,,0
361318,,0
361320,,0
361377,,0
361401,,0
361489,F18049,1
361535,,0
361696,F39473|F39410|F39680|F39471,4
361729,F37572,1
361875,F22640,1
361900,F10040|F9779,2
361982,F1271,1
362015,F9342|F9322|F9363|F9499,4
362066,,0
362122,F19114,1
362131,F4328|F5974,2
362135,F3326|F2860,2
36215,F41679,1
362155,F18765,1
362159,F24132,1
362168,F25731,1
362171,F20245,1
362173,F20244,1
362272,F18766,1
362274,F18772,1
362278,F25171,1
362334,F4421,1
362436,F41214|F12800|F41075|F41092,4
362438,F10081|F10187|F10355,3
362442,,0
362450,F7658|F9318|F9349|F9232|F9416|F9845,6
362455,F15274,1
362459,,0
362464,,0
362504,,0
362558,F2570|F10219|F636,3
362750,F25154,1
362788,F9740|F645,2
362816,,0
362835,F17476,1
363004,,0
363049,,0
363056,,0
363082,,0
363083,,0
363094,F36021|F36214|F3700|F4187,4
363100,,0
363102,,0
363143,F4166,1
363190,F41352|F41610|F36433|F36337,4
363204,F36518|F2750|F4216|F38023,4
363254,,0
363281,F9485|F9613|F9632|F10049|F9982|F501|F2098|F2423|F3306,9
363283,F3819|F1997|F9982|F501|F2098|F9982|F501|F2098,8
363287,F9982|F501|F2098|F10134|F9986|F4793|F5340,7
363292,,0
363298,F4339,1
363303,F2422,1
363305,F2419|F2440,2
363310,F5897,1
363312,F2854|F1012|F3846|F1599,4
363316,F5899,1
363318,F5900,1
363325,F5901,1
363327,F5902,1
363336,F10210|F1148|F2593|F600|F601|F4530,6
363387,F9399,1
363442,F8670,1
363443,F5630,1
363454,,0
363519,F9846,1
363686,F35935|F41048,2
363817,,0
363818,,0
363885,F18082,1
363900,F23756,1
363901,F42481,1
363918,,0
363919,,0
363923,,0
363925,F1823,1
363939,F26938,1
363944,F27996,1
363957,F27998,1
364039,F25313,1
364053,F26930,1
364054,F28012,1
364056,F27984,1
364060,F25314,1
364063,F26932,1
364065,,0
364067,,0
364077,F28006,1
36410,,0
364113,F28007,1
36415,,0
364160,F24667,1
364164,F27993,1
364166,F20102,1
364176,F23267,1
364178,F25437,1
364183,F26952,1
364196,F24674,1
364198,F25316,1
36420,,0
364204,F25969,1
364206,F25962,1
364207,F25967,1
364209,F25963,1
36421,,0
364211,F28001,1
364242,F27987,1
364243,F27193,1
364283,F26213,1
364312,F8613,1
364338,F8757,1
364347,F8758,1
364350,F8759,1
364356,F8755,1
364358,F13297,1
364409,F8751,1
36445,F1126,1
364466,F25283,1
364486,F8752,1
364489,F8750,1
364494,F26917,1
36451,F15915,1
364555,,0
364556,F15118,1
36459,F2213,1
36461,F41599,1
364618,F19942,1
364694,F25966,1
364703,F25965,1
364708,F28010,1
364709,F28011,1
364711,F27971,1
364712,F27990,1
364714,F27991,1
364715,F28008,1
364717,F25970,1
364736,F24145,1
364740,F27981,1
364741,F27982,1
364793,,0
364837,,0
365042,F28009,1
365045,F27999,1
365046,F26931,1
365057,F27985,1
365058,F27994,1
365061,F26936,1
365062,F26935,1
365063,F27986,1
365073,F27988,1
365078,F28002,1
365079,F27970,1
365080,F28000,1
365086,,0
365153,F39668,1
365154,F28005,1
365309,F35935|F41048,2
365319,,0
365320,,0
365331,,0
365367,F41572|F41268|F41395|F41294,4
365456,F25223,1
365501,F25213,1
365539,F28023,1
365546,F28022,1
365547,F28024,1
365555,F26891,1
365594,F40096,1
365605,F5056,1
365610,F4086,1
365616,F4606,1
365660,,0
365662,,0
365664,,0
365665,,0
365666,F3699,1
365669,,0
365671,,0
365678,F25315,1
365680,F25133,1
365681,F1154,1
365682,F24385,1
365692,F24405,1
365742,,0
36577,F17592,1
365789,F10812|F10616|F11136,3
365827,,0
365873,F4070,1
365913,F41130|F41079|F41378|F41377,4
365926,F10358|F9365|F9754|F10162,4
365950,F39355|F39476|F39598|F39530,4
365956,,0
365981,,0
365983,F4734,1
366004,F40738,1
366006,F12209,1
366057,F39652,1
366059,F3206|F7873,2
366063,F41642,1
366067,F9244|F9480|F1230|F1671,4
366081,F4742|F1921|F10277|F1704,4
366093,,0
36617,F36603,1
366207,,0
366208,,0
366215,F33449,1
366228,,0
366284,F37257,1
36643,,0
366441,F25968,1
366442,F26933,1
366443,F25971,1
36649,,0
366497,F13609|F13771|F13651|F14243,4
366498,F13609|F13771|F13651|F14243,4
36653,,0
366532,F9855|F988,2
366533,F2419|F2440,2
366536,F2422,1
366537,F9982|F501|F2098,3
36657,,0
366714,F14634,1
366847,F8318,1
366876,F19941,1
366888,F23586,1
36697,,0
36698,,0
366999,F3560,1
367057,F13650,1
367058,F8279|F7703|F7735|F39482|F10096,5
367060,F34484,1
367087,F26934,1
367115,F36690|F36691|F36085|F36689,4
367116,F41105|F41069|F35718|F35729,4
367142,F8279|F40126|F39826,3
367162,F39533|F39624|F39818|F39529,4
367221,F41273|F41198|F41819,3
367223,F8279|F26032|F41892|F22600|F22614|F23016|F22882,7
367224,F18469,1
367229,F23016|F23223|F7794|F7896|F7703|F7735|F39482|F10096,8
367236,,0
367255,,0
367260,,0
367272,F39489|F39515|F39478|F39385,4
367359,F8374,1
367364,F8451,1
367366,F5175,1
367370,F5632,1
367371,F6109,1
367378,F12891|F12897|F7979|F10619|F39489|F39515|F39478|F39385,8
367382,F8279|F26032|F41892|F22600|F22614|F23016|F22882,7
367383,F7966|F39890|F39434|F39610|F39458,5
367412,F39474|F39597|F39820|F39817|F39349|F39367|F39391|F39458|F7703|F7735|F39482|F10096|F23204|F23205,14
367478,F39472|F39498|F39498,3
367488,F39404|F39383|F39611|F39429|F196,5
367503,F10273|F10272,2
367586,F27989,1
367636,,0
367643,F26974,1
367665,F27995,1
367687,F27992,1
367706,F26937,1
367727,F28025,1
367831,F2448,1
367832,F19460,1
367836,F1279|F10037|F8077|F7817,4
367837,F8279|F26032|F41892,3
367839,F39472|F39498|F39498|F39355|F39476|F39598|F39530,7
367988,F5869,1
367990,F5868,1
368002,F7656|F7687,2
368005,F7656|F7687,2
368070,,0
368211,F27233,1
368212,F8802,1
368266,F36669|F36938|F36239|F37395,4
368268,F41120|F41659|F36747|F36533,4
368270,F39785,1
368274,F40099,1
368275,F38224,1
368277,F38222,1
368294,F38221,1
368341,,0
368342,,0
368368,,0
368381,F1607,1
368385,F9700|F9537,2
368409,,0
368439,,0
368460,,0
368586,F3996,1
368658,,0
368659,,0
368660,,0
368661,,0
368664,,0
368665,,0
368672,F7966|F39349|F39367|F39391|F39458,5
368673,F39489|F39515|F39515|F39463|F22611,5
368689,F39472|F39498|F39363|F39498|F39823,5
368691,F7897|F7705|F8045|F8601,4
368702,F39533|F39624|F39599|F39523|F39597|F40127|F39413|F39610|F39458,9
368706,F12891|F12897|F10843|F10681,4
368708,F23016|F23223|F7794|F7896|F26032|F41892,6
368712,F39598|F39610|F39392|F39610|F39392|F40910|F40768,7
368727,F39523|F39610|F39458|F39597|F39414|F39415|F39355|F39476|F39476,9
368730,F23016|F23223|F7794|F7896|F39349|F39367|F39391|F39458|F7703|F7735|F39482|F10096|F39489|F39515|F39515|F39463|F22611|F7950|F8173|F39578|F7896,21
368736,F23016|F23223|F39349|F39367|F39391|F39458|F7703|F7735|F39482|F10096,10
368764,F39474|F39597|F39820|F39817|F39890|F39434|F39610|F39458|F8279|F39349|F39367|F39391|F39458|F39475|F39369|F39434|F39610|F39458,18
368776,F39489|F39515|F39515|F39463|F22611|F7950|F8173|F39578|F7896,9
368824,F12891|F12897|F7979|F10619,4
368825,F12891|F12897|F7979|F10619,4
368829,F39349|F39367|F39391|F39458|F7703|F7735|F39482|F10096,8
368830,F23016|F23223|F7794|F7896|F39349|F39367|F39391|F39458|F7703|F7735|F39482|F10096|F39489|F39515|F39515|F39463|F22611|F7950|F8173|F39578|F7896,21
368831,F39533|F39624|F39599|F39523|F39597|F40127|F39413|F39610|F39458,9
368834,F39598|F39610|F39392|F39610|F39392|F40910|F40768,7
368841,F8279|F39434|F39597|F39610|F39458,5
369237,,0
369546,F14509,1
369548,F12219,1
369673,F39598|F39610|F39392|F39610|F39392|F40910|F40768,7
369678,,0
369723,F38399,1
369726,F41095|F41099|F41191|F9897,4
369727,F41198|F41819,2
369728,F41273|F9811|F36037,3
369730,F36225,1
369731,F36936,1
369798,,0
369814,F8017,1
369818,,0
369827,F2401,1
370000,F2159,1
370118,,0
370136,F24127,1
370144,F14625,1
370147,F14628,1
370313,F20689,1
370486,,0
370491,F18457,1
370615,,0
370616,,0
37062,,0
370712,F22898,1
370738,F36647,1
370790,,0
370898,F3358|F1999|F3229,3
370904,F2422,1
370913,F10134|F9986,2
370914,F4793|F5340,2
370915,F5341|F3860,2
370920,F9342|F9322|F9363|F9499|F35983|F36428|F3356|F3355,8
370926,,0
370929,F5341|F2894|F2895,3
370931,,0
370932,F9855|F988,2
370996,,0
370998,,0
371088,,0
37110,F2684,1
371103,,0
371122,F18494,1
371177,,0
371331,,0
371371,F11542|F37462,2
371379,F11542|F37712,2
371406,,0
371484,F39465,1
371485,F41096|F9897|F41192|F41427|F41191|F9897,6
371488,F9313|F9241|F9478|F9933,4
37150,F3200,1
371518,,0
371521,,0
371536,F26051,1
371541,F26050,1
371589,,0
371609,F19096,1
371610,F33410,1
371665,F34842,1
371666,F34841,1
37173,,0
371769,,0
372089,F27178,1
372099,F27983,1
372245,F24801|F24270,2
372285,F3842|F4813,2
372290,F3842|F4813,2
372345,,0
372348,,0
372353,F9224|F9321|F9396|F9445,4
372366,,0
372371,F3298,1
372381,F14905,1
372404,,0
372405,F27997,1
372408,,0
372413,F15842|F15845,2
372500,F23848,1
372509,F3905,1
372519,F9571|F750,2
372522,F3906,1
372524,F3907,1
372525,F3908,1
372536,,0
372569,F20693,1
372751,F10070|F10237|F654|F1834,4
372755,,0
372778,F34803|F41199,2
372779,F34803|F41199,2
372815,F23950|F34802,2
37291,F1659,1
37300,,0
373163,F26961,1
373210,,0
373211,,0
373214,,0
373247,F22745,1
373264,,0
373267,,0
373268,,0
373275,F26212,1
37328,,0
37329,,0
373319,F5880,1
37335,,0
373354,F9305|F9395|F738,3
373361,F550|F2977,2
373365,F6382,1
373367,F6381,1
373372,F1137|F1181|F3094,3
373373,F2264|F1383|F1166|F1137,4
373534,,0
373579,,0
373596,F4003,1
373706,F23216,1
373724,,0
373725,,0
373822,,0
373828,F2827,1
373908,,0
373960,F9462|F9942|F41644|F41804,4
374037,,0
374038,,0
374039,,0
374041,,0
374042,,0
37409,,0
374148,F13722,1
374220,F36250,1
374275,F8543,1
374277,,0
374326,F469|F958|F9722|F9488,4
37440,,0
374424,F7888,1
374517,F42010,1
374595,N-1,1
374601,,0
374609,F6113,1
374610,,0
374645,N-1,1
374918,F19831,1
374930,,0
375027,F1854,1
375039,,0
37505,F12641,1
375092,,0
375221,F5689,1
375234,,0
375239,F13403,1
375271,,0
375283,,0
375284,,0
375288,,0
375475,F10273|F10272,2
37548,,0
375497,F22694|F22650|F22604,3
375964,F4835,1
376103,F5825,1
376105,F5891,1
376107,,0
376110,,0
376128,F6544,1
376129,F8941,1
376184,F6431,1
376223,F14844,1
376226,,0
376356,,0
376360,F5940,1
376529,,0
376542,F6413,1
376543,F27706,1
376580,F3688,1
376696,,0
376698,,0
376702,,0
376704,,0
376706,,0
376707,,0
376708,,0
376709,,0
376710,,0
376712,,0
376715,,0
376716,,0
376718,,0
376719,,0
376722,,0
376729,F23421,1
376794,F12647,1
37690,F15970|F17156,2
376903,,0
37691,,0
376910,,0
37694,,0
377068,F38044,1
377084,F15896|F2172,2
377225,F28533,1
377228,F28531,1
377248,,0
377278,F2728,1
37731,,0
377342,F1154,1
377343,F4108,1
377344,F3566,1
377356,F34414|F34610,2
377358,F13505|F13484,2
37740,,0
377401,F34243|F9234|F9289|F9234|F34241|F9291,6
377402,F18621,1
377404,F2528,1
377410,F33987|F34184,2
377419,F9594|F9461|F33846|F9257|F9594|F9461|F828,7
377480,F38255,1
377539,F18622,1
377540,F20012,1
377700,F25100,1
377706,F1431|F1402,2
377730,F20492,1
377754,F34414|F34610,2
37777,F36448,1
37781,F41823|F41337,2
378067,,0
37807,F37563,1
378090,,0
378178,,0
378341,F6388,1
378369,,0
378370,,0
378371,,0
378627,F23016|F23223|F7794|F7896|F39349|F39367|F39391|F39458|F7703|F7735|F39482|F10096,12
378642,F23016|F23223|F7794|F7896|F39349|F39367|F39391|F39458|F7703|F7735|F39482|F10096,12
378648,F8279|F39434|F39597|F39610|F39458,5
378650,,0
378664,,0
378708,F27489,1
378709,F26470,1
378712,F27491,1
378762,,0
378893,,0
379031,,0
379036,,0
379041,,0
379155,F40608,1
379218,F8678,1
379244,F8048,1
379265,,0
379300,F15857|F16841|F13043|F9355|F10148|F35385|F10148|F35385,8
379344,F13579|F22993,2
379428,F5081,1
379432,F5080,1
379434,,0
379435,,0
379485,,0
379488,,0
379499,,0
379501,,0
379503,F11822,1
379504,F37963,1
379511,F11672,1
379514,F11204,1
379517,F11820,1
379518,F11817,1
379519,F11233,1
379527,F5467,1
379626,F12948,1
379675,F9027,1
379711,,0
379730,,0
379731,F2808,1
379769,,0
379860,F11818,1
379866,,0
37989,F17458,1
379929,F40595,1
379935,,0
379936,F40602,1
38007,,0
380096,,0
38023,,0
380259,F40603,1
380270,F40605,1
380282,F40607,1
380284,F39825|F39824,2
380295,F11593,1
380315,,0
380317,,0
380510,,0
380515,,0
380516,F11221,1
380526,,0
380574,F8924,1
380650,F8807,1
380662,F8538,1
380665,F8065,1
380668,F8427,1
380670,,0
380671,F11140,1
380673,F8255,1
380675,F8121,1
380677,F14207,1
380678,F8093,1
380679,F8563,1
380680,F8436,1
380682,F35080,1
380683,F35081,1
380693,F8290,1
380694,F8291,1
380709,,0
380711,,0
380712,,0
380714,,0
380718,,0
380722,,0
380724,,0
380725,,0
380754,F20825,1
380756,F34953,1
380776,F34581,1
380810,F15280,1
380821,,0
380854,F34705,1
380885,F9224|F9321|F9396|F9445,4
380906,,0
380907,,0
380970,F9320|F9434|F9320|F9434|F9294|F9431,6
380978,F17192|F17193,2
381001,F15070,1
381008,F15159,1
381031,F40604,1
381149,F19804,1
381166,F789|F9514|F9455|F10015|F9763|F9512|F9274|F1049,8
381170,F1188,1
381171,F787|F10095|F10015|F9763|F9761,5
381176,F1048|F9761|F10015|F9763|F10015|F9763|F9512|F9274|F1049,9
381191,F4752,1
381197,F9638|F1296,2
381202,F9029,1
381211,F2495|F1011|F9444|F9212|F9641,5
381222,F9026,1
381230,F33296,1
381233,,0
381252,,0
381253,,0
381254,,0
381255,,0
381257,,0
381258,,0
381259,,0
381260,,0
381261,,0
381262,,0
381263,,0
381266,,0
381267,,0
381268,,0
381269,,0
381270,,0
381271,,0
381272,,0
381273,,0
381274,,0
381275,,0
381277,,0
381278,,0
381279,,0
381280,,0
381281,,0
381282,,0
381285,,0
381286,,0
381289,,0
381291,,0
381315,,0
381332,,0
381399,F20837,1
381430,F39363|F39498|F39610|F39458,4
38148,F17731,1
381578,F28672,1
381697,F8931,1
381744,F10446|F10386,2
381802,F8925,1
381814,,0
381816,,0
381850,,0
38188,F18615,1
381889,F15899|F15900,2
381892,,0
381955,,0
381963,F9594|F9461,2
381965,F33846|F9257|F9594|F9461|F828,5
381966,F33846|F9257|F10445|F10386,4
381968,F9594|F9461|F33846|F9257|F9594|F9461|F828,7
381969,F9594|F9461|F10446|F10386,4
381970,F33846|F9257|F9937|F34387,4
381980,F9516|F9454|F556|F1360,4
381981,F10371|F10185|F556|F2078,4
381983,F9256|F9214|F9516|F9454|F9454|F1356,6
381984,F785|F9454|F9771|F797,4
381985,F10385|F9663|F10174|F9870,4
381986,F9516|F9454|F9454|F10011|F784,5
381988,F10188|F10372|F9771|F9772,4
381989,F10188|F10372|F9771|F9772,4
381993,F9256|F9214|F9516|F9454|F9454|F1356,6
381994,F1161|F9776|F10034|F9511|F1115,5
381996,F1161|F9776|F10034|F9511|F1115,5
381998,F10034|F9511|F1161|F9776|F10034|F9511|F1115,7
382000,F1161|F9776|F10034|F9511|F1115,5
382001,F10034|F9511|F1161|F9776|F10034|F9511|F1115,7
382005,F10219|F10066|F9918|F10219|F10066|F9918|F3593,7
382006,F4036|F3007|F1161|F9776|F10034|F9511|F1115,7
382007,F10015|F9763|F9512|F9274|F1049,5
382045,F15899|F15900|F36772|F41225|F41205,5
382128,F2156,1
382136,,0
382179,,0
382264,,0
382304,F1590|F10161,2
382312,,0
382319,,0
382320,,0
382323,,0
382844,F2541,1
383003,F19122,1
383059,,0
383117,,0
383202,F26493,1
383535,F19250,1
383536,F19603,1
383537,F9244|F9324|F9393|F9636|F756|F9244|F9324|F9393|F9636|F685,10
383538,F10423|F10424|F10423|F18185,4
383615,,0
383617,F9244|F9324|F9393|F9636,4
383621,F9646|F10121,2
383622,F36749,1
383624,F36267,1
383625,,0
383682,F42664,1
383683,,0
383706,,0
383726,,0
383731,F16073,1
383763,F19252|F19251,2
383828,,0
383994,,0
384148,F4823,1
384339,F42593,1
384376,F10219|F10066|F846|F1793,4
384446,F23408,1
384452,,0
384454,,0
384456,,0
384458,,0
384460,,0
384461,,0
384462,,0
384464,,0
384465,,0
384468,,0
384471,,0
384472,,0
384473,,0
384475,,0
384478,,0
384479,,0
384480,,0
384481,,0
384482,,0
384485,,0
384496,,0
384498,,0
384538,,0
384590,,0
384597,,0
384802,F20419,1
384808,F26184,1
384856,F10070|F10237|F657,3
384867,F10070|F10237|F657,3
384883,F8448,1
384884,F8447,1
384921,,0
384982,,0
385004,,0
385125,F41430,1
385151,,0
385269,F10681,1
38534,,0
385595,F9624|F9426|F10254,3
385623,,0
385655,F11742,1
385726,,0
385822,,0
385846,,0
385848,,0
385849,,0
385852,,0
385889,F12244,1
385891,F12796|F12848|F12796|F12848|F12869|F12831|F10664,7
385895,,0
385925,,0
385932,,0
385933,,0
385936,,0
386035,,0
386049,,0
386058,,0
386059,,0
386188,F9638|F728|F10137|F7764|F10410,5
386193,F6377,1
386306,F6799,1
386307,F6800,1
386308,F6807,1
386310,F6798,1
386318,F13157,1
386325,,0
386329,,0
386335,F29808,1
386440,,0
386530,,0
386532,,0
386563,F21103,1
386583,F3641,1
386586,F9265|F9233,2
386595,F4052,1
386621,,0
386723,,0
386782,,0
386936,,0
386945,,0
386976,,0
387039,F20801,1
387076,F9244|F9324|F9324|F9542|F9950,5
387101,,0
387105,,0
387131,,0
387134,,0
387136,,0
387137,,0
387138,,0
387203,,0
387217,,0
387220,,0
387224,F4809,1
387302,F5601,1
387334,,0
387339,,0
387416,F14438,1
387417,F14443,1
387428,F13871,1
387461,,0
387462,,0
387536,F2156,1
387701,F8446,1
387702,F8449,1
387703,F4495,1
387705,F5393,1
387947,,0
388040,F5332,1
388055,,0
388056,,0
388062,F27538,1
388063,F2536,1
388133,,0
388139,,0
38814,F33205,1
388147,,0
38824,F15749,1
38827,F23122,1
388313,,0
388316,,0
38832,F34674,1
388398,,0
388401,,0
388406,,0
388408,,0
388409,,0
388412,,0
388422,,0
388423,,0
388424,,0
388428,F3739|F695|F3741|F1937,4
388439,,0
388444,,0
388445,,0
388450,F35075,1
388507,,0
388524,,0
388573,,0
388574,,0
388576,,0
388577,,0
388578,,0
388579,,0
388581,,0
3887,,0
388713,,0
388720,,0
388750,,0
388780,,0
388783,,0
38880,F8165,1
388818,,0
388838,,0
388840,,0
388842,,0
388844,,0
388848,,0
388851,,0
388858,F28521,1
388859,,0
388864,,0
388876,,0
388878,,0
388880,,0
388883,F4494,1
388884,F4493,1
388904,F28671,1
388914,F21791,1
388917,F20035,1
388918,F21373,1
388938,,0
388944,,0
388972,,0
388987,,0
388989,,0
388994,,0
388995,,0
389000,,0
389025,F28654,1
38905,,0
389067,,0
389130,,0
389137,,0
389140,,0
389223,F34828,1
389224,,0
389311,,0
389315,,0
389322,,0
389325,F6801,1
389357,F12810|F12855|F12813|F12802,4
389445,F9239|F9318,2
389451,,0
389455,,0
389456,F9444|F9734|F1606,3
389457,,0
389523,F34105,1
389524,F34105,1
389525,F976|F2968,2
389589,,0
389806,,0
389811,,0
389814,,0
389856,F20823,1
389862,,0
389865,,0
389881,,0
389882,,0
389884,,0
3899,,0
389948,,0
389977,,0
389981,,0
389982,,0
389983,,0
389987,,0
389997,,0
390064,F20444,1
390065,F20445,1
390074,F5446,1
390116,,0
390117,,0
390141,F4952,1
390154,,0
390156,,0
390224,,0
390248,,0
390252,,0
390302,F2361|F1173|F9624|F9426|F10061,5
390328,,0
390336,,0
390338,,0
390339,,0
390342,,0
390343,,0
390371,,0
390389,F4679,1
390413,,0
390419,,0
390420,,0
390457,,0
390459,F37318,1
390461,F37322,1
390463,F37324,1
390510,,0
390534,F35874|F818|F34230|F34231|F33885,5
390539,F6339,1
390578,F18871,1
390584,F16064,1
390590,F8152,1
390636,,0
390637,,0
390738,F10264,1
390779,F9244|F9324|F9324,3
39090,F36722,1
390927,,0
39094,F39737,1
390981,,0
390982,,0
391018,,0
39104,,0
391085,F8445,1
391107,F13464|F13482,2
391115,,0
391126,,0
391265,F10219|F3007|F1756|F2659,4
39145,F36720,1
391456,F4496,1
391458,F10219|F10066|F10464|F940,4
39148,F36577,1
391509,F33299,1
39153,,0
391545,,0
391546,F10908|F10606|F37513|F11403,4
391568,,0
391570,F467,1
391622,,0
391657,,0
391667,,0
39167,,0
391671,,0
391683,F13855,1
39177,F36849,1
39179,F41336|F41277|F41336|F41277,4
391955,F13857,1
391968,,0
392009,,0
392010,,0
392012,,0
39218,F17239,1
392281,F6802,1
392282,,0
392294,F14544,1
392295,F14093,1
392299,F14431,1
392429,F15062,1
392518,F20973,1
392519,F20576,1
392542,F4235,1
392543,F4233,1
392544,F2777,1
392545,F3723,1
392546,F4237,1
392547,F3720,1
392548,F3716,1
392550,F2776,1
392551,F3717,1
392553,F2778,1
392554,F4236,1
39256,F34119,1
39257,,0
392576,,0
392630,F38995,1
392635,,0
392651,,0
392706,,0
392726,F10793|F11286|F11411|F11589,4
392730,,0
392740,,0
392741,,0
392742,,0
392744,,0
392745,,0
392757,,0
392760,F37876,1
392763,,0
392805,,0
392874,F9655|F10655|F12797,3
392876,F9655|F10655|F12797|F3417|F37188,5
392895,F10527|F703,2
392897,F9655|F1365|F2530,3
392926,F23358,1
392928,F23356,1
392936,F23359,1
392941,F38684,1
392942,F38679,1
392951,F23360,1
392991,,0
39304,,0
393154,,0
393173,F33210,1
393183,,0
393309,F9827|F9422|F3787,3
393316,F33674|F9668|F9668|F1563,4
393322,F9289|F9234|F9543|F2364,4
393324,F9289|F9234|F9543|F4769,4
393454,F20040,1
393474,F11496,1
393475,F11680,1
393477,F33674|F9668|F9668|F9960|F1202|F1517|F3258,7
393482,F2792|F2363|F4299,3
393484,F39011,1
393485,F39012,1
393486,F39013,1
393487,F39009,1
393558,,0
39357,F17340,1
393570,,0
393575,F2133|F10258|F10191,3
393637,F4492,1
393723,,0
393731,F13041,1
393738,F14838,1
393743,F14839,1
393898,F34032,1
393899,F34011,1
393900,F34014,1
393901,F34015,1
393905,F34017,1
393906,F34018,1
393907,F34019,1
393909,F34020,1
393910,F34021,1
393912,F34033,1
393914,F34034,1
393920,F34022,1
393922,F34023,1
393923,F34035,1
393924,F34036,1
393925,F6427,1
393926,F34037,1
393927,F34038,1
393928,F34039,1
393929,F34040,1
393931,F34041,1
393932,F34042,1
393933,F34043,1
393934,F34044,1
393936,F34045,1
393938,,0
393940,F34046,1
393942,F34047,1
393945,F34048,1
393946,F34049,1
393964,F5299,1
393985,,0
394032,,0
394039,,0
394040,,0
394041,,0
394042,,0
394127,F4712,1
394128,F5298,1
394129,F4246,1
394166,,0
394167,F22648|F22695,2
394174,F22943|F22695,2
394211,F4713,1
394215,F5289,1
394216,F5294,1
394217,F10377|F1196|F36152|F36304|F36785,5
394218,F35981|F36308|F36784|F10377|F1895,5
394221,F4710,1
394223,F5304,1
394224,F5293,1
394226,F5300,1
394232,F5301,1
394235,F5302,1
394240,F5295,1
394243,F5303,1
394244,F5291,1
394245,F5297,1
394246,F5290,1
394250,F5296,1
394251,F5292,1
394263,,0
394391,F37432,1
394392,F36843,1
394393,F38899,1
394394,F38902,1
394395,F38963,1
394396,F38962,1
394397,F38961,1
394398,F38960,1
394399,F38954,1
394400,F38957,1
394402,F38953,1
394438,F27526,1
394672,,0
394673,,0
394675,F6130,1
394788,F2154|F1168|F2289|F1092,4
394789,F9895|F10058|F1094|F10041|F588|F2590,6
394790,F1093|F3625|F3627,3
394791,F5510,1
394822,F34893,1
394825,F26872,1
394826,F921|F2589|F5131,3
39483,,0
394830,F6126,1
394934,F1754,1
394940,F2724|F2723,2
394942,F9528|F9904|F10266,3
394945,F585|F9797|F10042,3
394978,F5515,1
395093,,0
395094,F33674|F9564|F939,3
395095,F9289|F9234|F9543|F2365,4
395098,F33674|F9291|F9291|F1203,4
395099,F3259|F2791|F9460|F9585|F1200,5
395100,F33674|F9291|F9291|F9668|F9460|F9585|F1200,7
395101,F33674|F9668|F9668|F34243|F9234|F9289|F9234|F34241|F9291,9
395111,,0
395116,F9470,1
395117,F10051,1
395119,F10051,1
39518,F17540,1
395209,F2792|F2363|F3786,3
39521,F17541,1
395213,F4220,1
395214,F3667,1
395227,F38359,1
395229,F37445,1
395232,F33674|F9668|F9668|F9960|F2366,5
395233,F9827|F9422|F3787,3
395236,F3782|F3297|F3784,3
395238,,0
395240,F33674|F9668|F9668|F4298,4
395242,F9289|F9234|F9543|F2365,4
395243,,0
395245,F33673|F9929|F9460|F9585|F1200,5
395246,F9289|F9234|F9543|F1202|F1517|F3783,6
395247,,0
395248,,0
395249,F33674|F9291|F9291|F9668|F4769,5
395252,F9289|F9234|F9543|F2365,4
395253,F34243|F9234|F1202|F1517|F1202|F1517|F4768,7
395254,F3782|F3297|F3784,3
39529,F17820,1
395312,F13082,1
395324,,0
395326,,0
395347,F1202|F1517,2
395349,F9698|F841,2
395360,F41301|F905,2
39537,F17823,1
395400,F5624,1
395401,F10406|F1093|F2637|F9871|F9678|F9872|F9941,7
395402,F5511,1
395415,,0
395421,,0
395443,,0
395494,,0
395496,,0
395498,,0
39551,F23210,1
395555,F6523,1
395556,F6524,1
395558,N48873|F9584,2
395581,,0
395598,,0
395601,,0
395603,,0
395604,,0
395605,,0
395618,F5926,1
395619,F5927,1
395623,F245,1
395629,F4862,1
395630,F6493,1
395631,F6490,1
395632,F6525,1
395633,F6518,1
395634,F6514,1
395635,F6369,1
395636,F6368,1
395637,F6365,1
395638,N-1,1
395639,F41403|F9951|F10284|F9244|F9480|F9673|F9590|F1551|F1237|F468,10
395640,F6374,1
395641,F6409,1
395642,F6414,1
395643,F6635,1
395761,F6790,1
395762,F6788,1
395763,F6786,1
395764,F6561,1
395765,F6560,1
395767,F6787,1
395768,F5945,1
395770,F6371,1
395772,F4742|F1921|F10277|F1704,4
395775,F33960,1
395778,F6630,1
395781,F6629,1
395785,F6795,1
395786,F6793,1
395787,F6791,1
395788,F6794,1
395789,F6796,1
395790,F36842,1
395791,F37956,1
395792,F37863,1
395793,F6407,1
395794,F6405,1
395795,F6411,1
395796,F6521,1
395797,F6513,1
395798,F6527,1
395799,F6526,1
395801,F5418,1
395802,F6501,1
395803,,0
395804,F23228,1
395805,F6492,1
395806,F6489,1
395807,F6486,1
395808,F6792,1
395809,F6485,1
395810,F6461,1
395811,F6789,1
395812,F6456,1
395813,F6455,1
395814,F6453,1
395815,F6451,1
395816,F6505,1
395817,F6504,1
395827,,0
395828,,0
395830,,0
395851,F6497,1
395852,F6495,1
395853,F6494,1
395854,F6491,1
395855,F6488,1
395856,F6487,1
395857,F6450,1
395859,F6503,1
395861,F6499,1
395863,F6498,1
395868,F6502,1
395870,F327,1
395871,F328,1
395880,F4314,1
395881,F6398,1
395882,F10137|F10313,2
395883,F2006|F2415,2
395884,F3827,1
395885,F5386,1
395887,F5385,1
395890,F10137|F711,2
395891,F10137|F711|F10137|F10313,4
395913,F33228,1
395914,F33437,1
395916,,0
395921,F31653,1
395977,,0
395978,,0
395983,,0
39600,F18608,1
396037,F10137|F10496|F1216|F1943,4
396043,F15281,1
396166,,0
396167,,0
396170,,0
396171,,0
396270,F6817,1
396273,F3300,1
396293,,0
396485,F5126,1
396487,F5127,1
396495,F5569,1
396497,F5208,1
396498,F2542,1
396536,,0
396804,F28305,1
396893,F8279|F39349|F39367|F39391|F39458,5
397174,F7643|F7652|F7664|F7665|F7641|F7668|F7646|F7685,8
397180,F7643|F7652|F7664|F7665|F7834|F7726,6
397181,F7643|F7652|F7664|F7665|F7834|F7726,6
397189,F7643|F7652|F7664|F7665|F7647|F7654|F7662|F7723,8
397195,F7643|F7652|F7664|F7665|F7647|F7654|F7662|F7723,8
397203,F7661|F7711|F7749|F7712,4
397205,F7709|F7775|F7676|F7710,4
397206,F7647|F7654|F7662|F7723,4
397217,F7662|F7677|F7776|F7802|F7676|F7686|F7661|F7711|F7749|F7712,10
397236,F7736|F7754|F7745|F7748|F23019,5
397237,F7736|F7754|F7745|F7748|F23019,5
397240,F7736|F7754|F7745|F7748|F7709|F7775|F7676|F7710,8
397244,F7736|F7754|F7745|F7748,4
397247,F7736|F7754|F7745|F7748|F7694|F7688|F7798|F7797,8
397252,F7672|F7671|F7651|F7659|F7890|F7846,6
397253,F7672|F7671|F7651|F7659|F7656|F7766|F7643|F7652|F7664|F7665|F7641|F7668|F7646|F7685,14
397256,F7694|F7688|F7798|F7797,4
397276,F7641|F7668|F7646|F7685,4
397299,F7771|F7825|F7690|F7728,4
397354,,0
397356,F8167|F8101|F7694|F7688|F7798|F7797,6
397358,F7662|F7677|F7776|F7802|F7676|F7686|F8049|F22794|F24596,9
397359,F7662|F7677|F7776|F7802|F7676|F7686|F8049|F22794|F24596,9
397368,F7662|F7677|F7776|F7802,4
397419,F28304,1
397426,,0
397452,F10918,1
397629,F25112,1
397631,F26181,1
39768,F17505,1
39774,F36452,1
397741,F5498,1
397743,,0
397744,F38767,1
39782,,0
397833,F9334|F9238|F41078|F41058,4
397849,F25040,1
397873,F1543|F10118|F1238|F961,4
397878,F1543|F10118|F2375|F2157,4
397891,F10137|F10496|F9572|F1687|F1042,5
397895,F10137|F10496|F9572|F1206|F10345,5
397909,F677|F9821|F2475|F1617,4
397923,F2517|F2772|F10275|F9957,4
397931,F3772,1
397932,F2517|F2772|F9946|F9552,4
397935,F2517|F2772|F1515|F1199,4
397936,F9777|F9617|F10067|F623,4
397941,F15899|F15900|F15900|F41225|F41205,5
397949,,0
397954,F519|F2001|F2891|F1596,4
397966,F9245|F9211|F9653|F9450,4
397969,F10333|F9566|F9502|F9447,4
398000,F9770|F9456|F9780|F9503,4
398002,F9856|F9568|F522|F9745,4
398014,F1746|F1745|F10397|F2146,4
398024,,0
398026,F9777|F9617|F10067|F623,4
398027,F9777|F9617|F10067|F623,4
398058,,0
398094,F9777|F9617|F10067|F623,4
398097,F34797,1
398100,F9777|F9617|F37509|F37103,4
398121,F13831,1
398144,F10137|F10496|F9572|F10275|F9957,5
398145,F34265,1
398160,,0
398185,F9475|F9376|F10015|F9762,4
398186,F9475|F9376|F10015|F9762,4
398188,F9475|F9376|F10015|F9762,4
398190,F9475|F9376|F10015|F9762,4
398196,F9692|F9426|F9900|F9901,4
398211,F34266,1
398218,F34267,1
398260,F28160,1
398318,F1543|F10118|F10346|F1207,4
398335,F34269,1
398343,F697|F1944|F9439|F10123,4
398347,F9701|F9352|F10441|F10068,4
398350,F6034,1
398359,F8504,1
398360,F519|F2001,2
398361,F41175|F41407|F41237|F41360,4
398362,F41175|F41407|F41737|F9679,4
398364,F41097|F41257|F41211|F36054,4
398371,F41227|F41066|F41078|F41596,4
398372,F41175|F41407|F41284|F36354,4
398376,F34270,1
398398,F34271,1
398400,F34272,1
398401,F34273,1
398408,F41711|F41522|F9823|F10045,4
398414,F41421|F36818|F41213|F41144|F41144,5
398419,F41213|F41144|F41642|F9897,4
398424,F27088,1
398527,F41213|F41144|F41300|F35762,4
398531,F41213|F41144|F41144|F9342|F9322|F9322,6
398546,F41213|F35960|F41213|F41144|F41144,5
398568,F41749|F41324|F35734|F41144,4
398600,F36200|F41650|F36200|F41650|F36083,5
398602,F36170|F36023|F41642|F9897,4
398603,F41301|F41190|F41724|F41144,4
398604,F41711|F41522|F9823|F10045,4
398608,F24801|F24270,2
398609,F28269,1
398618,F41213|F41144|F35750|F41457,4
398621,F41213|F41144|F35750|F41457,4
398624,F28270,1
398636,F41230|F9341|F41749|F41324,4
398637,F41711|F41522|F9823|F10045,4
398639,F36200|F41650|F41213|F41144|F41144,5
39865,,0
398662,F6806,1
398667,F5916,1
398668,F1543|F10118|F1884|F1185,4
398669,F5917,1
398676,F41209|F41485|F41408|F41305|F41544|F41431|F35986|F1341,8
398677,F41209|F41485|F35697|F37387,4
398679,F36229|F36696|F41431|F35986,4
39868,F17240,1
398681,F41209|F41485|F41408|F41305|F41544|F41209|F41485|F41408|F41305|F41544,10
398776,F9647|F9861|F9861|F2514|F1903,5
398777,F9647|F9861|F9861|F2514|F1903,5
398781,,0
398782,,0
398783,,0
398788,,0
399074,,0
399132,,0
399228,F14494,1
399231,F27204,1
399245,F578|F10398|F1095|F1404,4
399247,,0
399249,,0
399250,,0
399251,,0
399252,,0
399255,,0
399256,,0
399261,,0
399263,,0
399265,F9647|F9861|F9861|F2514|F1903,5
399266,,0
399267,F3917|F2514|F1903,3
399268,F3917|F2514|F1903,3
399269,,0
399270,,0
399271,,0
399275,,0
399278,,0
399290,F3917|F1954|F882,3
399296,F3917|F1954|F882,3
399297,,0
399300,,0
399313,F1675|F10348|F3417|F2628,4
399316,F1675|F10348|F1676|F1015,4
399330,F10348|F3417|F2628,3
399458,F10214|F10435|F10026,3
399459,F10214|F10435|F10026,3
399523,F6759,1
399524,F6752,1
399525,F6747,1
399591,F28092,1
399615,,0
399640,,0
399641,,0
399654,,0
399656,,0
399660,,0
399662,,0
399663,,0
399691,,0
399692,,0
399693,,0
399695,,0
399701,,0
399705,,0
399708,F15037,1
399714,,0
399776,F23361,1
399779,,0
399780,,0
399781,,0
399782,,0
399783,,0
399784,,0
399785,,0
399786,F18993,1
399787,F18665,1
399788,,0
399789,,0
399790,,0
399791,,0
399792,,0
399793,,0
399794,,0
399795,,0
399796,,0
399797,,0
399798,,0
399799,,0
399800,,0
399801,,0
399802,,0
399803,,0
399804,,0
399834,F1964|F1001,2
399843,F2514|F1903|F3315|F1050,4
399935,F20796,1
399936,F20423,1
399960,,0
399961,,0
399962,,0
399963,,0
399964,,0
399965,,0
399966,,0
400138,F6753,1
400156,F6756,1
400166,F15276,1
400170,F15277,1
400264,,0
400273,F13954,1
400287,,0
400365,F34555,1
400399,F29443,1
400402,F29444,1
400403,F29445,1
400418,F12305,1
400421,F10070|F10237|F657,3
400427,F12304,1
400431,,0
400433,F21138,1
400500,,0
400509,F38373,1
400697,F25420,1
400766,F34963,1
400826,,0
400885,,0
400897,,0
400927,,0
400929,,0
400931,,0
400933,,0
400939,,0
400948,,0
400968,,0
400976,F2252|F2253,2
401012,F21000,1
401083,,0
401084,F29873,1
401108,F26187,1
401110,F25411,1
401111,F26183,1
401112,F29874,1
401114,,0
401196,F11788,1
401197,F11787,1
401278,F29307,1
401304,F29316,1
40131,F34107|F708,2
401317,F12142,1
401326,F29307,1
401329,F29316,1
401350,,0
401475,F37560,1
401515,,0
401517,,0
40164,F29405,1
401643,F9355|F10148|F35385|F10148|F35385|F10148|F35385,7
401645,F2251,1
401653,F17190,1
401687,,0
401733,,0
401756,F38056,1
401967,,0
402006,F6921,1
402009,,0
402011,,0
402014,,0
402043,F29360,1
402060,,0
402079,F6925,1
402081,F6924,1
402092,,0
402093,,0
402095,,0
402115,,0
402116,F6926,1
402123,F6963,1
402125,F6927,1
402126,F6928,1
402373,F21313,1
402402,,0
402403,,0
402406,,0
402408,,0
402410,,0
402411,,0
402413,,0
402701,F37516,1
40276,F39868,1
40277,F32567,1
402846,F5351,1
402860,,0
40294,F41150|F35949|F10163|F1017,4
402946,F8069,1
402993,F24044,1
402994,F29873,1
402996,F25419,1
403011,,0
403023,,0
403025,,0
403031,,0
403036,,0
403114,,0
403121,,0
403198,,0
403200,,0
403213,,0
403224,,0
403225,,0
403232,F21479,1
403240,F23188,1
403318,,0
403339,F553|F560,2
403485,,0
403486,F27652,1
403600,,0
403648,,0
403914,,0
403933,,0
404208,,0
404209,,0
404217,,0
404312,,0
404314,,0
404318,,0
404320,,0
404321,,0
404413,,0
404496,,0
404658,F7950|F8173|F39578|F7896,4
404694,,0
404774,,0
404779,,0
404791,F29990,1
404804,,0
404833,F17954,1
404844,F17747,1
404905,F15302,1
404992,F20104,1
404997,,0
405246,,0
405376,,0
405406,F28840,1
405422,F18314,1
405423,F19670,1
405424,F17876,1
405425,F18311,1
405427,F18315,1
405429,F18684,1
405430,F18983,1
405431,F19046,1
405433,F19347,1
405435,F19352,1
405437,F19675,1
405442,F20057,1
405452,F20058,1
405453,F20059,1
405457,F20556,1
405458,F20557,1
405459,F20563,1
405460,,0
405461,,0
405462,,0
405463,,0
405465,F17878,1
405467,F18312,1
405468,F19356,1
405472,,0
405473,F18318,1
405474,F18679,1
405480,F19353,1
405482,F20063,1
405485,F20555,1
405490,F20561,1
405497,F20937,1
405499,,0
405502,,0
405506,,0
405507,,0
405512,,0
405515,,0
405518,,0
405519,,0
405520,F18661,1
405521,F19355,1
405566,,0
405573,F19677,1
405574,,0
405576,,0
405579,,0
405581,,0
405583,F19348,1
405585,F20062,1
405586,F20068,1
405587,,0
405589,,0
405591,,0
405594,,0
405595,F19349,1
405596,F19351,1
405597,F19354,1
405598,F19672,1
405599,F20090,1
405600,F20964,1
405601,,0
405602,,0
405603,,0
405611,F10210|F1148|F886|F10210|F1148|F2682,6
405638,,0
405639,,0
405679,F20554,1
405680,F20559,1
405682,,0
405683,,0
405686,,0
405688,,0
405692,F17565,1
405693,F18981,1
405694,F19358,1
405695,F20065,1
405696,F20560,1
405697,,0
405698,F20961,1
405699,F20963,1
405700,F27648,1
405701,,0
405702,,0
405703,,0
405704,,0
405705,,0
405708,,0
405709,,0
405711,,0
405718,,0
405719,,0
405720,F19671,1
405721,F20071,1
405724,F20558,1
405725,F20562,1
405726,,0
405727,,0
405729,,0
405730,,0
405731,F20064,1
405733,F20962,1
405735,,0
405736,,0
405738,,0
405740,F20938,1
405743,,0
405745,F20091,1
405748,F19345,1
405749,F20542,1
405751,,0
405752,,0
405754,,0
405755,F20939,1
405758,F20940,1
405761,,0
405762,,0
405766,,0
405770,F8480,1
405773,F8923,1
405779,,0
405813,,0
405835,F18497,1
405845,,0
405923,F20998,1
405934,,0
405959,,0
405961,,0
405986,,0
405987,,0
406205,F40733,1
406229,,0
406230,,0
406231,F25302,1
406246,F5896,1
406260,F29872,1
406278,,0
406279,,0
406287,,0
406290,,0
406296,,0
406361,,0
406377,,0
406406,,0
406410,,0
40646,F36450,1
406461,,0
406481,,0
406521,,0
406522,,0
406531,,0
406532,,0
406544,,0
406556,,0
406558,,0
406581,,0
406637,,0
406689,,0
406691,,0
406694,,0
406699,,0
406701,F29838,1
406771,,0
406786,,0
406818,F13321,1
406837,F27963,1
406840,F29054,1
406841,F29055,1
406842,F29057,1
406843,F29061,1
406846,F29074,1
406847,F29075,1
406865,F29080,1
406866,F29085,1
406967,F35322,1
407014,F20118,1
407044,F35342,1
407050,F35344,1
407054,F35345,1
407077,F35374,1
407079,F35351,1
407101,F35350,1
407121,F35357,1
407140,F35332,1
407141,F35331,1
407143,F35339,1
407145,F20593,1
407181,F20594,1
407198,F27960,1
407200,F29060,1
407204,F29065,1
407207,F29073,1
407293,,0
407294,,0
407297,,0
407300,,0
407326,,0
407327,F35375,1
407334,,0
407347,,0
407382,F35327,1
407383,F35336,1
407387,F35378,1
407390,F35341,1
407391,F35361,1
407480,,0
407487,,0
40751,F17463,1
407513,,0
407514,,0
407540,,0
407565,,0
407569,,0
407573,,0
407641,,0
407648,,0
407672,F14755,1
407745,,0
407988,,0
407994,,0
408015,F29056,1
408016,F29063,1
408017,F29064,1
408116,,0
408123,,0
408347,,0
408390,,0
408411,F5185,1
408428,F25797,1
408488,,0
408500,,0
408513,,0
408514,,0
408516,,0
408517,,0
408519,,0
408520,F24514,1
408522,,0
408524,,0
408525,,0
408527,,0
408528,,0
408529,,0
408530,,0
408536,,0
408538,,0
408617,,0
408692,F28990,1
408886,,0
408904,,0
408971,F33557,1
408999,,0
409092,,0
409145,,0
409146,,0
409332,F18869,1
409383,,0
409415,,0
409445,F20628,1
409483,F28820,1
409638,,0
409707,,0
409767,F20863,1
409768,F20624,1
409769,F20623,1
409770,F20797,1
409886,F35324,1
409887,F35346,1
409889,F35358,1
409890,F35359,1
409891,F41699|F41700|F36787|F37144,4
409892,F35360,1
409894,F35362,1
409897,F35364,1
409906,F20116,1
410002,F39097,1
410004,F39098,1
410024,F29087,1
410051,,0
410131,,0
410133,,0
410211,F41051|F9235|F41094|F9316|F41094|F9316,6
41034,F34107|F708,2
410523,F21467,1
410759,F41640|F1453,2
410925,F13239,1
410951,,0
411195,,0
411238,F9477|F9404,2
411241,F1239|F9829|F36255|F1529,4
411242,F10346|F9658|F1208|F485,4
411248,F563|F9666|F35927|F946,4
411253,F9364|F9255|F9272|F9401,4
411255,F9477|F9404,2
411260,F10006|F9506|F9559|F773,4
411274,F10723|F12914|F10725|F10800,4
411276,F10723|F12914|F10725|F10800,4
411300,F2403|F2404|F3741|F1937,4
411308,F3339|F695,2
411325,F16471,1
411334,F16474,1
411337,F16475,1
411338,F16476,1
411362,F16480,1
411365,F16484,1
411370,F16485,1
411377,F16486,1
411379,F16487,1
411380,F16488,1
411394,F16466,1
411395,F16470,1
411396,F16469,1
411401,F16463,1
411402,F16462,1
411452,,0
411479,,0
411502,,0
411506,F6780,1
411694,F23833,1
41174,,0
41182,F13674,1
411848,F38492,1
411944,F17976,1
41195,F13674,1
41198,,0
41204,F9774,1
41209,F39988,1
41215,F13959,1
412159,F20264,1
41217,F39616,1
41219,F15875,1
412329,,0
412352,,0
41265,F22639,1
41273,F13686|F13645,2
412804,F29690,1
412812,,0
412826,F28508,1
41288,,0
412883,,0
412886,F11416,1
412953,,0
41304,F9570|F9286|F10328|F907,4
413092,F29495,1
413103,F29487,1
413108,F29489,1
413113,F29493,1
413126,F29488,1
413127,F29511,1
413129,F29512,1
413133,,0
413193,F3994,1
41326,F42037,1
413297,F29027,1
413311,F21159,1
413313,F29285,1
41340,F17457,1
413584,F37455|F37407|F20889,3
413740,,0
413750,,0
413760,,0
413765,,0
413781,,0
413783,F15909|F37024,2
413841,F12668,1
413883,F10029|F1066|F10029|F1195,4
41395,,0
413953,,0
414113,F9549|F9314,2
414124,F21318,1
414195,F29787,1
414205,F29126,1
414208,F24185,1
414369,,0
414371,,0
414380,,0
414385,F20106,1
414520,F29149,1
414527,F16495,1
414533,F16458,1
414536,F16459,1
414654,,0
414890,,0
414896,,0
414959,,0
414960,,0
415046,,0
415049,,0
415057,F40066,1
415072,,0
415125,,0
415159,F3409,1
415161,F4398|F3422,2
415165,F2516,1
415226,,0
415241,F9851|F10320|F739|F499,4
415356,,0
415357,,0
415363,,0
415364,,0
415386,F4856,1
415387,,0
415390,F3881,1
415391,,0
415432,F37810,1
415524,F27962,1
415526,F27965,1
415529,F29082,1
415530,F29059,1
415598,F10274|F1189|F9718|F9820,4
415638,,0
415641,,0
415666,F933|F9718|F9820|F9718|F9820,5
415685,,0
415979,,0
41630,F3184,1
416369,F29878,1
416390,,0
416393,,0
416394,,0
416495,F16517,1
416500,F16435,1
416555,,0
416557,,0
416851,,0
416854,,0
416856,,0
416867,,0
416897,,0
416913,,0
417158,,0
417163,,0
417168,F591,1
417169,F9239|F9904|F850|F1085,4
417170,F9349|F9232|F10209|F10268|F10238,5
41720,F3638,1
417211,,0
417255,,0
417382,F18491,1
417386,,0
417438,F41550|F41552|F41238|F41296,4
417448,F41553|F41169|F41461|F36097,4
417451,F41423|F41424|F41107|F41169,4
417454,F41550|F41296|F35942,3
417458,F35940|F41758|F977|F9322|F36963,5
417505,F34353,1
417508,F34195|F34194,2
417527,F34353,1
417557,,0
417576,,0
417598,N-1,1
417625,,0
417638,,0
417646,,0
417728,,0
417732,,0
417743,F4565,1
417781,F35981|F36308|F36152|F36304|F36785,5
417819,,0
417877,F3751,1
417933,F9239|F2680|F589|F1093,4
417972,F42507,1
417980,F42514,1
417997,F40518,1
418017,,0
418058,F28600,1
418126,,0
418129,F6378,1
418134,F34028,1
418245,,0
418264,F2893|F2896|F8454,3
418269,F8454,1
418278,,0
418284,,0
418285,,0
418287,,0
418338,,0
418379,F29706,1
418386,,0
418464,,0
418466,,0
418467,,0
418601,F10153|F1536|F10153|F1536|F2919,5
418602,F10153|F1536|F1029|F532,4
418605,F10153|F1536|F10153|F1536|F2919,5
418606,F10153|F1536|F2919|F525|F9575|F10350|F2035,7
418629,,0
418693,F30007,1
418770,,0
418796,F28987,1
418898,,0
418944,F39815,1
419041,,0
419093,,0
419123,F40614,1
41917,F19043,1
41918,,0
419195,,0
419206,,0
419266,,0
419403,F15899|F15900,2
419404,F15899|F15900|F15900|F41225|F41205,5
419405,F15899|F15900,2
419412,,0
419570,,0
419599,,0
419604,,0
419607,,0
419621,,0
419629,,0
419631,,0
419659,,0
419661,,0
419662,,0
419667,,0
419670,,0
419671,,0
419688,,0
419691,,0
419693,,0
419698,,0
419709,,0
419714,,0
419716,,0
419718,,0
419722,,0
419724,,0
419742,,0
419751,,0
419753,,0
419754,,0
419758,,0
419766,,0
419767,,0
419769,,0
419776,,0
419787,F42510,1
419796,,0
419808,,0
419811,,0
419816,,0
419819,,0
419822,,0
419826,,0
419860,,0
419861,,0
420036,,0
42004,,0
420078,,0
420242,F37455|F37407|F21321,3
420405,F37455|F37407,2
420406,,0
420411,F21194,1
420444,F21954,1
420483,F15844|F15856,2
42053,F13574,1
420547,F13473|F13551,2
420565,F38784|F20887,2
420815,F14035,1
420828,F13660|F13663|F13594|F13805,4
420892,,0
420922,F8954,1
421090,,0
421120,,0
421150,,0
421171,F14514|F14517|F13530|F13740,4
421251,,0
421253,,0
421262,,0
421269,,0
421273,,0
421278,,0
421286,,0
421513,F8071,1
421521,F9313|F9241|F9536|F9429|F9930,5
421588,F28864,1
421693,,0
42174,,0
421877,F8026,1
421912,F8171,1
421919,F29794,1
421930,,0
421931,,0
421941,,0
422111,F9806|F10460|F1166|F3094,4
422129,F9806|F10231|F1166|F1137,4
422139,F2733|F2193|F1166|F3094,4
422148,F1167|F606|F10462|F1137,4
422149,F1167|F606|F1840|F1839,4
422176,F27578,1
422179,F9810|F9883|F10029|F1066,4
422180,F2769|F1066|F9285|F9250|F41438,5
422208,,0
422222,F29723,1
422233,F36105|F36460|F36460,3
422269,F8461,1
422331,F8279|F39434|F39597|F39610|F39458,5
422343,F7966|F39890|F39434|F39610|F39458|F39475|F39369|F39434|F39610|F39458,10
422352,F23016|F23223|F7794|F7896|F39349|F39367|F39391|F39458|F7703|F7735|F39482|F10096,12
422353,F3617|F3035|F1825,3
422395,F39474|F39597|F39820|F39817|F39890|F39434|F39610|F39458,8
422396,F39474|F39597|F39820|F39817|F39890|F39434|F39610|F39458|F23204|F23205|F39434|F39597|F39610|F39458,14
422427,F39474|F39597|F39820|F39817|F39349|F39367|F39391|F39458|F7703|F7735|F39482|F10096,12
422431,F23016|F23223|F7794|F7896|F7703|F7735|F39482|F10096,8
422560,F42522,1
422596,F42501,1
422665,,0
422698,,0
422768,F13572|F13695|F13606|F13708,4
422815,F13553|F13501|F13493,3
422825,F13646|F13686|F13645,3
422840,F13724|F39931|F13765|F13698,4
422851,F13765|F13698|F14241|F25082,4
422855,F15039|F14561|F13767|F13936,4
422860,F4269|F2841|F2831|F4273,4
422863,F13778|F13851|F13514|F13614,4
422876,F8756,1
422884,F8754,1
423001,,0
423054,,0
42326,,0
42327,,0
423273,,0
423287,,0
423293,,0
423308,,0
423310,,0
423419,,0
423432,F14038|F13935|F14041,3
423444,F13958|F13463|F13499|F13641|F13599,5
423499,F13463|F13499|F13641|F13549|F13600|F14087,6
42388,F17370,1
423895,,0
423932,F13549|F13600|F13709|F13463|F13499|F13641|F13549|F13600|F14087,9
423950,F10137|F770,2
423961,F10137|F710|F1571,3
423976,F13567|F13687|F13850|F14194,4
423982,F13567|F13687|F13549|F13600|F14087,5
424014,F21314,1
424034,F13463|F13499|F13534|F13522,4
424159,F15049,1
424246,,0
424288,F14953,1
424305,,0
424342,F1298,1
42435,F17714,1
424357,F31376,1
424376,F13351,1
424380,,0
424392,F37374|F34161|F34750,3
424393,F20586,1
424397,,0
424416,,0
424417,,0
424437,,0
424458,,0
424480,F1154,1
424508,,0
42452,,0
424520,F31374,1
424538,,0
424564,F13530|F13545|F13860,3
424587,F13530|F13556|F13783,3
42459,F17405,1
424598,F27979,1
424607,F13460|F10240|F9318,3
424626,,0
424633,F31373,1
424665,,0
424688,F13399,1
424703,F2643|F2649,2
424714,F16509,1
424819,F3188|F1843,2
424851,,0
424863,,0
424875,F12875|F26168,2
424881,,0
424893,,0
424927,,0
424933,,0
424936,,0
424938,,0
424941,,0
425005,F7637|F7635|F16833,3
42523,,0
425333,,0
425334,,0
425371,,0
425398,F13247,1
425403,,0
425406,F1318,1
425411,F28862,1
425412,F34105|F34104|F36828|F34329|F34328,5
425440,,0
425627,,0
425716,F27899,1
425858,F30004,1
425862,,0
425937,,0
425942,F41643|F41804|F41643|F41804,4
425989,F12907|F12899|F12898,3
425990,F12907|F12899|F12898,3
426033,F15314,1
426039,,0
42607,,0
42610,,0
426127,,0
426128,,0
426129,,0
426130,,0
426154,,0
426156,,0
426162,,0
426167,,0
426172,,0
426173,,0
426181,,0
426227,F28811,1
42635,,0
42639,,0
42644,F17459,1
426564,F29834,1
426565,,0
426566,F29835,1
426567,F29842,1
426570,,0
426574,,0
426641,F16514,1
426653,F38687,1
426661,,0
426662,,0
426663,,0
426674,F17980,1
42669,F37682,1
426765,,0
426774,F38213,1
426875,,0
426877,,0
426908,,0
426936,F28933,1
426950,,0
426951,,0
426952,,0
426971,,0
427012,F9416|F9845|F9525|F9526,4
427033,,0
427043,F39121,1
427048,F39123,1
427104,,0
427114,F12295,1
427121,,0
42718,F23828,1
427266,F21192,1
427267,,0
427334,,0
427337,,0
427400,,0
427503,F29062,1
427587,,0
427699,F8284,1
427711,,0
427734,F5999,1
427736,F8457,1
427753,F8513,1
427767,F8285,1
427770,F8828,1
42780,F769,1
427819,,0
428157,F29127,1
428293,,0
428295,,0
428306,,0
428307,,0
428337,F29030,1
428363,F29113,1
428365,F30179,1
428471,F6781,1
428545,F19199|F19897,2
428587,,0
428600,F23016|F23223|F7794|F7896|F39349|F39367|F39391|F39458|F7703|F7735|F39482|F10096|F7703|F7735|F39482|F10096,16
428604,F23016|F23223|F7794|F7896|F39349|F39367|F39391|F39458|F7703|F7735|F39482|F10096|F26707,13
428606,F39363|F39498|F39823|F39523|F39597|F39363|F39498|F39610|F39458,9
428617,F39474|F39597|F40130|F40133,4
428621,,0
428659,,0
428665,,0
428669,,0
428730,F41412|F13582,2
428799,,0
428802,,0
428852,F10137|F9569|F9732|F2006|F2415,5
428858,F9649|F10137,2
428875,F9649|F10137,2
428878,F28973,1
428881,F11754,1
428928,F26873,1
428945,,0
428958,,0
429065,,0
429188,F29573,1
429190,F8124,1
429200,F6784,1
429242,,0
429313,,0
429345,,0
429348,,0
429417,,0
429464,F37851|F40033,2
429467,,0
429479,,0
429482,F29999,1
429491,F30003,1
429520,F30005,1
429532,F30001,1
429543,,0
429560,F35314,1
429566,F35312,1
429632,F6725,1
429642,F6737,1
429662,F6727,1
429698,,0
429700,,0
429705,,0
429713,,0
42974,F41198|F35696,2
429742,F35536,1
429744,,0
429746,F35535,1
42977,F37398,1
42979,F36223,1
42980,F36659,1
429866,F22489,1
429987,F18842,1
429996,F19174,1
430007,F33278,1
430016,F18841,1
430018,F19172,1
430033,F9693|F9426|F9624|F9426|F9426,5
430034,F8600,1
430036,F9624|F9426|F9426|F10070|F9803,5
430049,F34263,1
430052,F34281,1
430054,F20247,1
430055,F34268,1
430059,F20701,1
43006,,0
430060,F34289,1
430079,F34274,1
430080,,0
430083,F34287,1
430085,,0
430086,F20361,1
430087,F34286,1
430091,,0
430093,F34283,1
430104,F19898,1
430185,F34284,1
430217,F22518,1
430218,,0
430244,,0
430250,F19173,1
430258,F21209,1
430263,F3107,1
430269,F4869,1
430274,,0
430282,F34285,1
430295,F4867,1
430336,,0
430343,F14538,1
430350,F14538,1
430355,F4865,1
430518,,0
430523,,0
430534,F7964,1
430535,,0
430539,F8122,1
43078,F42476,1
430786,F9009,1
430795,F8998,1
43083,F42050,1
430836,F2304,1
430838,F9003,1
43090,F42474,1
430903,F8955,1
430911,F40289,1
43092,F18023,1
431044,,0
431050,,0
431063,,0
431064,,0
431066,,0
431067,,0
431109,F24952,1
431110,F23141,1
431112,F41561|F41345,2
431156,F10137|F9735|F9736,3
431182,F9848|F9973|F10332|F715,4
431210,,0
431213,F10149|F10150|F732|F746,4
431217,F36055|F36848|F35989|F37058,4
431310,,0
431408,,0
431412,F13795|F14447,2
431497,,0
43151,F18012,1
43159,,0
43160,,0
43162,,0
43168,,0
43169,,0
43173,,0
43174,,0
43175,,0
43176,,0
43177,,0
43178,,0
43179,,0
43193,,0
432118,,0
432119,,0
432120,,0
432121,,0
432123,,0
432124,,0
432129,,0
432130,,0
432135,,0
432139,,0
432140,,0
432142,,0
432144,,0
432145,,0
432186,,0
432243,,0
432308,,0
432314,,0
432316,,0
432320,,0
432324,,0
432353,F8054,1
432356,F8275,1
432357,F8798,1
432359,F35078,1
432415,F11300,1
432540,,0
432544,,0
432563,,0
432566,,0
432631,,0
432661,F9012,1
432669,F9010,1
432673,F28328,1
432785,F14352,1
432842,F24125,1
432863,,0
432907,F8580,1
432910,,0
433020,,0
433079,,0
43310,,0
433100,,0
433133,F20783,1
433261,,0
433263,,0
433268,,0
433276,,0
433279,F25375,1
433284,,0
433302,,0
433317,,0
433339,,0
433348,,0
433381,F6014,1
433383,,0
43339,,0
433410,F6847,1
433423,F9007,1
433427,F6850,1
433431,F6846,1
433436,F6852,1
433439,F6853,1
433443,F6849,1
433455,F4162|F4150|F2729,3
433513,,0
433519,,0
433521,,0
433523,,0
433545,,0
433559,,0
433564,,0
433565,,0
433576,F9239|F9318|F2187,3
433581,,0
433695,,0
433818,F9008,1
433870,,0
433871,,0
433879,,0
433883,,0
433899,,0
433903,,0
433905,,0
433906,,0
433908,,0
433915,,0
433923,,0
433925,,0
433926,,0
433928,,0
433930,,0
433934,,0
433938,,0
433940,,0
433971,,0
433975,,0
433978,,0
433981,F6831,1
433983,F6830,1
434013,,0
434016,,0
434019,,0
434123,F35041,1
434124,F35039,1
434139,,0
43422,,0
434226,F29356,1
434238,,0
434287,,0
434291,,0
434301,,0
434303,,0
434304,,0
434310,,0
434314,,0
434345,,0
434396,,0
434404,,0
434410,,0
434457,,0
434487,,0
434491,,0
434521,,0
434535,,0
434579,,0
434596,,0
434703,F4737|F4738|F2841|F2831,4
434753,F9570|F9286|F10131|F9342|F9322|F9363|F9499,7
434961,,0
434969,,0
434985,F13211,1
435049,,0
435051,F8918,1
435055,,0
435092,,0
435318,F27460,1
435355,F28472,1
435362,,0
435402,F28614,1
435455,F28609,1
435458,F28430,1
435570,F28473,1
435591,F38850,1
435609,F8805,1
435615,F8803,1
435635,F28474,1
435819,,0
435824,F20848,1
435885,,0
435941,F21210,1
435950,F10199|F9795|F1097,3
435954,F38618,1
435966,,0
435980,,0
435982,,0
435987,,0
435990,,0
435991,,0
435993,,0
435997,,0
436025,,0
436031,,0
436168,F8147|F8047|F7886,3
436178,F15065,1
436180,F15066,1
436194,F15068,1
436196,F15058,1
436197,F15069,1
436198,F5074,1
436380,,0
436393,,0
436402,F41175|F41407|F41646|F41355,4
436403,F9334|F9238|F9427|F35838|F41736,5
436405,F35042,1
436408,F35040,1
436420,,0
436445,,0
436446,,0
436448,,0
436449,,0
436451,,0
436518,F8899,1
436523,F40688,1
436525,F40689,1
436584,,0
436588,,0
436590,,0
436600,,0
436604,,0
436615,,0
436621,,0
436622,,0
436627,,0
436629,,0
436654,,0
436681,F7785|F7772|F7743|F7958,4
436703,F5315,1
436708,,0
436723,,0
436756,,0
436827,,0
436834,,0
436842,,0
436843,,0
436854,,0
436866,,0
436873,F6332,1
436874,F40686,1
436875,F40687,1
436877,F40690,1
436880,F40691,1
436900,F6972,1
436979,,0
436985,,0
437019,,0
437020,,0
437023,,0
437024,,0
437025,,0
437028,,0
437029,,0
437032,,0
437039,,0
437042,,0
437044,,0
437047,,0
437051,,0
437055,,0
437105,,0
437108,,0
437110,,0
437112,,0
437115,,0
437117,,0
437119,,0
437121,,0
437123,,0
437127,,0
437137,,0
437145,F40636,1
437154,,0
437157,,0
437158,,0
437159,,0
437160,,0
437161,,0
437162,,0
437163,,0
437164,,0
437165,,0
437166,,0
437169,,0
437179,,0
437181,,0
437200,,0
437247,,0
437281,,0
437387,,0
437592,,0
437593,,0
437594,,0
437597,,0
437598,,0
437604,,0
437607,,0
437610,,0
437615,,0
437620,,0
437622,,0
437623,,0
437626,,0
437628,,0
437630,,0
437633,,0
437715,F8012|F7675|F7718|F7796,4
437764,,0
437779,F25390,1
437894,,0
437901,F33528,1
43798,,0
437984,F12610,1
438028,F8778,1
438031,F8778,1
438364,F34767,1
438445,,0
438447,,0
438449,,0
438699,,0
438730,F10137|F10496|F9572|F1744|F579,5
438733,F15187,1
438780,F1218|F948|F1538|F1539,4
438784,F1538|F1217|F37025|F1537,4
438879,,0
438929,,0
438986,,0
439005,,0
439006,,0
439007,,0
439008,,0
439009,,0
439012,,0
439015,,0
439016,,0
439018,,0
439020,,0
43904,,0
439071,F25991,1
439073,F25992,1
439091,,0
439262,F12302,1
439312,F34491,1
439317,F11412,1
439383,,0
439387,,0
439389,,0
439390,,0
439516,F12257,1
439555,,0
439557,,0
439580,,0
439590,,0
439614,,0
439615,,0
439806,F2512,1
439818,F11571,1
439840,F11343,1
439883,F33979,1
439905,,0
439922,,0
439932,F12264,1
439949,,0
439954,F6032,1
440045,F40843,1
440046,F40844,1
440047,F40845,1
440048,F40846,1
440050,,0
440052,F40850,1
440053,F40851,1
440054,F40852,1
440055,F40853,1
440061,F40859,1
440062,F40860,1
440063,F40861,1
440064,F40862,1
440066,F40863,1
440070,,0
440071,F8824,1
440072,F8825,1
440073,,0
440077,F40865,1
440078,F40866,1
440079,F40867,1
440081,F40869,1
440082,F40870,1
440083,F40871,1
440084,F40872,1
440085,F40873,1
440087,F40875,1
440089,F40876,1
440091,F40878,1
440092,F40879,1
440093,F40880,1
440095,F40881,1
440096,F40882,1
440097,F40883,1
440099,F40884,1
440100,F40888,1
440112,,0
440127,F8440,1
440132,F8963,1
440134,F8974,1
440136,F8980,1
440144,F8979,1
440159,F38801,1
440191,F4553,1
440340,F33530,1
440341,F33529,1
440354,F33531,1
440357,F33526,1
440376,F22513,1
440380,F14990,1
440511,F37070|F37071|F38073,3
440535,F9444|F9212|F736,3
440548,F13696,1
440570,F33534,1
440574,F33533,1
440847,F38884,1
440855,F41412|F13582,2
440862,F41412|F13582,2
440865,F13613|F41412|F13582|F1249|F17185,5
440897,F38356,1
440898,F20751,1
440899,F20750,1
440900,F20749,1
44095,F17922,1
441064,,0
441065,,0
441163,N46041|F1488,2
441300,F13613|F41412|F13582|F1249|F17185,5
441442,,0
44151,F23927,1
441559,,0
441707,F29092,1
441721,F9430|F9340|F9350|F9720,4
441724,F29093,1
441728,F29090,1
441733,F29091,1
441745,F9430|F9340,2
441746,F9350|F9720,2
441771,,0
441931,F790|F1712|F10183,3
441932,F790|F1712|F10183|F2539|F2088,5
441934,F1053|F1351|F790|F1712|F10183,5
441936,F2540|F2989|F2539|F2088,4
441937,F790|F1712|F10183|F33676|F1691,5
441938,F790|F1712|F10183|F33676|F1691,5
441943,,0
442139,,0
442140,,0
442145,,0
442162,,0
442164,,0
442166,,0
442168,,0
442402,F8737,1
442468,,0
442500,,0
442544,,0
442616,F17192|F17193|F9493|F17167,4
442892,F3615,1
442901,,0
442925,,0
443000,,0
443020,,0
443032,F41051|F9235|F41094|F9316,4
443055,F9355|F10148|F35385|F10148|F35385,5
443116,F40480,1
443133,,0
443229,F2823,1
443230,F2401,1
443235,,0
443255,F34898,1
443261,F34456,1
443271,F34900,1
443274,F34901,1
443328,,0
443330,,0
443332,,0
443339,,0
443344,,0
443348,,0
443353,F6964,1
443356,,0
443357,F6965,1
443508,F3495,1
443610,,0
443618,F34320,1
443656,F9707|F9411|F9435|F9391,4
443658,F9707|F9411|F9544|F9831|F9556,5
443662,F9707|F9411|F9544|F9831|F9556,5
443665,,0
443692,F10137|F9569|F9732|F20586,4
443798,F28097,1
443815,F4443,1
443816,F4445,1
443885,F38786,1
443906,,0
443948,F8117,1
444022,F36750,1
444139,,0
444201,,0
444221,,0
444226,,0
444243,,0
444250,,0
444349,F28985,1
444398,F34198,1
44463,F17372,1
444674,F9723|F9317|F9392|F9332,4
444688,F10137|F10496|F9572,3
44488,F8300,1
444979,,0
444992,,0
445002,F9631|F10049|F9546|F9703,4
445004,F9473|F9474|F9482|F9371,4
445005,F9335|F9345|F10419|F10048,4
445007,F9410|F9616|F9925|F9921,4
445008,F9798|F9812|F10417|F10049,4
445009,F9482|F9371|F9816|F10421,4
445010,F9410|F9616|F9711|F9703,4
445017,,0
445037,F36767|F37569|F36126,3
445048,F38801,1
445049,F40656,1
445170,F4963,1
445172,F4965,1
445174,F4962,1
445176,F4961,1
445199,F4355,1
445224,F4446,1
445225,F4457,1
445259,,0
445262,,0
445275,,0
445321,F42565,1
445368,,0
445385,,0
445446,F4242,1
445448,F4243,1
445456,F37567,1
445473,F34464,1
445485,,0
445489,,0
445492,,0
445502,,0
445503,,0
445534,,0
445536,,0
445571,F6910,1
445590,F6911,1
445591,,0
445596,,0
445685,N45451|F1921|F10277,3
445692,F3315|F3831,2
445699,,0
445701,,0
445702,,0
445705,,0
445714,,0
445809,F10188|F10372|F9771|F9772,4
445816,F37642|F36514,2
445818,F39109,1
445822,F12296,1
445823,F11875,1
445908,,0
445926,,0
445932,,0
445950,,0
445974,F2679,1
445986,F3031,1
446028,,0
446036,F12796|F12848|F3007,3
446105,,0
446107,F14184,1
446109,F28956,1
446111,F15312,1
446114,F26782,1
446127,F28962,1
446128,F28954,1
446129,F28959,1
446130,F14711,1
446132,F15311,1
446135,F14364,1
446140,F15232,1
446144,F15231,1
446216,F14619,1
446218,F14620,1
446268,F28977,1
446269,F27823,1
446294,,0
446295,,0
446299,,0
446304,F37979,1
446355,F28271,1
446359,F790|F1712|F10183|F33676|F1691,5
446363,F790|F1712|F10183|F33676|F1691,5
446395,,0
446424,F15238,1
446425,F15237,1
446426,F15234,1
446431,F15236,1
446436,F15235,1
446517,F1844,1
446522,,0
446526,,0
446528,,0
446576,F14555,1
446579,F28880,1
446581,F27824,1
446582,F14365,1
446584,F28881,1
446591,F28879,1
446593,F28955,1
446599,F25860,1
446604,F28878,1
446606,F15313,1
446615,F15031,1
446619,F25861,1
446623,F25857,1
446631,F15310,1
446633,F14889,1
446765,F20388,1
446768,F20389,1
44677,F17575,1
446778,F20980,1
446780,,0
446794,,0
446847,F34847,1
446853,F34849,1
446854,,0
446876,F39679,1
446896,,0
446909,,0
446910,,0
447223,F29918,1
447389,F5503,1
447390,F5037,1
447403,F29919,1
447614,F22532,1
447711,F34818,1
447713,F11016|F11026|F10721|F11135|F11555,5
447719,F16365,1
447729,,0
447786,F9647|F9861|F9861|F2514|F1903,5
44817,F18609,1
44818,F18610,1
448225,F20390,1
448345,,0
448463,F12796|F12848|F10739|F12920|F12818|F12887|F12827,7
448469,F34848,1
448478,F34827,1
448520,,0
448522,,0
448555,F23811,1
44874,,0
449291,,0
449335,,0
449373,F29099,1
449377,F29101,1
449391,F29107,1
449401,F29109,1
449405,F29111,1
449578,F29625,1
449579,F29626,1
449586,F29627,1
449588,F26445,1
449620,,0
449624,,0
449654,F21161,1
449723,,0
449784,F19845,1
44981,F32667,1
44989,F30683,1
449901,F28535,1
449981,F37579,1
44999,F18121,1
450199,F29386,1
450206,F29385,1
450208,F29384,1
450218,F29387,1
450230,,0
450396,,0
450402,,0
450403,,0
450404,,0
450410,,0
450411,,0
450423,,0
450485,,0
450488,,0
450592,F27964,1
450593,F27959,1
450597,,0
450632,,0
450697,F29507,1
450702,F13875,1
450715,,0
450720,F26416|F772|F13875,3
450723,,0
450728,F12936|F20419,2
450777,,0
450797,F8500,1
450846,,0
450851,,0
450854,,0
450856,,0
450857,,0
450858,,0
450862,F14150|F13875,2
450866,F8095,1
450869,F8539,1
450887,F772|F41755,2
450906,F36335,1
451100,F40828,1
451162,F15930|F35802|F18444,3
451173,F40579,1
451181,F27181,1
451187,,0
451231,F5099,1
451234,F40542,1
451298,F13707,1
451329,F5100,1
451397,F29566,1
45141,,0
451534,,0
451536,,0
451542,,0
451546,,0
451565,,0
451571,F33532,1
451791,,0
451835,F19007,1
451836,F37572,1
451839,F36518|F2750|F4216|F38023,4
451842,F41352|F41610|F36433|F36337,4
451843,,0
451844,,0
451846,,0
451847,,0
451851,,0
451854,F8598,1
451867,,0
452011,F6855,1
452013,F6857,1
452043,F14150|F13875,2
452065,F14647,1
452646,,0
452647,,0
452653,,0
452654,,0
452705,,0
452708,,0
452713,,0
452714,,0
452715,,0
452736,,0
452803,F6062,1
452964,,0
453007,,0
453107,,0
45332,F20163,1
453523,F13351,1
453702,F36458,1
453720,F8545,1
453727,F38268,1
453737,F38268,1
453777,F38268,1
453901,F37771,1
454092,F15050,1
454339,F9485|F9613|F9632|F10049,4
454400,F24483,1
454625,,0
454626,,0
454629,,0
454630,,0
454635,,0
454665,F35079,1
454738,F38267,1
454740,F40516,1
454762,F41561|F41345|F41561|F41345,4
454771,,0
454904,F7908|F7642,2
454905,F9516|F9454|F9454|F9454|F555|F1041,6
454907,F8082|F7922|F8059|F8067,4
454909,F8146|F7984|F8076|F8075,4
454912,F8066|F7732|F8347|F8076|F8075,5
454913,F12224|F11637,2
454915,F8207|F8067|F8211|F8201,4
454917,F8060|F7791|F7917|F7757,4
454920,F8203|F7985|F8209|F8208,4
454921,F8061|F7791|F8060|F8210,4
454922,F8061|F7791|F8060|F8210,4
454924,F8203|F7985|F8209|F8208,4
454925,F9289|F9234|F9698|F841,4
454929,F34243|F9234|F2367|F2362,4
454980,F33674|F9291|F9291|F9668|F9460|F9585|F1200,7
454982,F33673|F9929|F9460|F9585|F1200,5
454984,F34243|F9234|F2792|F2791,4
455000,,0
455087,F3008,1
455088,F3685,1
455096,F9546|F9703|F9925|F9919,4
455209,,0
455327,F34535,1
455329,F34323,1
455330,F34322,1
455349,F2133|F3993,2
455427,F6439,1
455464,,0
455482,,0
455504,F2399|F1540|F1116|F657,4
455528,F11639,1
455573,,0
455574,,0
455633,F33950,1
455658,F39521|F22909|F13527|F13516,4
455728,F40616,1
455840,F39157,1
455852,,0
455854,,0
455951,F15566,1
456045,,0
456096,F41991,1
456192,F9433|F9432|F9248|F9293,4
456193,F9433|F9432|F9248|F9293,4
456247,,0
456432,,0
456502,F29695,1
456572,,0
456588,,0
456590,,0
456592,F2185|F27204,2
456632,F41990,1
456657,F10137|F7764|F13478|F13472,4
456906,,0
457211,,0
457213,,0
457225,F41273|F41198|F41819|F41198|F41819|F5091,6
457311,,0
457318,F23014,1
457319,F23398,1
457320,F25820,1
457322,F25892,1
457323,F26799,1
457325,F27809,1
457327,F23414,1
457328,F23688,1
457330,F23399,1
457338,F19428,1
457554,,0
457737,,0
457754,,0
457755,,0
457756,,0
457768,,0
45781,,0
45782,,0
457951,,0
457983,,0
45823,,0
458240,,0
458241,,0
458242,,0
458243,,0
458518,,0
458585,,0
458587,F21218,1
458593,,0
458874,,0
458946,F10159|F10158|F10159|F10158,4
458959,F5984,1
458991,F6820,1
459000,,0
459002,,0
459036,,0
459037,,0
459060,F2526,1
459070,F2974,1
459126,F36078|F41747|F35745|F35923|F34494,5
459142,F38047|F662|F584|F3146,4
459165,,0
459167,,0
459273,F24087|F8049|F7736|F7754|F7745|F7748|F7709|F7775|F7676|F7710,10
459279,F23179|F7834|F7726|F7643|F7652|F7664|F7665|F7834|F7726|F23406|F7643|F7652|F7664|F7665|F7834|F7726,16
459283,F7645|F7655|F7648|F7708|F7768|F7799,6
459286,F7645|F7655|F7648|F7708|F7768|F7799|F7643|F7652|F7664|F7665|F22737|F8252,12
459287,F7645|F7655|F7648|F7708|F7768|F7799|F7643|F7652|F7664|F7665|F22737,11
459366,F7736|F7754|F7745|F7748|F23019|F8184|F39838,7
459377,,0
459447,,0
459456,,0
459457,,0
459459,,0
459516,F29629,1
459517,,0
459525,F38804,1
459526,F38147,1
459527,F38806,1
459659,F34519,1
459703,,0
459706,,0
459717,,0
45972,F36035,1
459726,,0
45975,F36661,1
45977,F37250,1
45983,F37664,1
459831,,0
459835,,0
45987,F37381,1
459876,,0
45996,F36440,1
45997,F10583,1
45998,F10714,1
45999,F1641,1
46000,F10779,1
46001,F10408,1
46016,F1159,1
46017,F10807,1
46018,F2948,1
460309,F13760,1
460345,,0
460348,,0
460356,,0
46038,F11080,1
460430,F1032|F9968,2
460475,,0
460479,,0
460600,,0
460614,,0
46066,F1860|F1858,2
46067,F1440,1
460676,,0
460858,F35354,1
46094,,0
461006,,0
461047,F6604,1
461049,F36102|F35998|F36510|F37637,4
461050,F36102|F35998|F36510|F37637,4
461052,F15422,1
461056,F41830,1
461062,F15116,1
461085,,0
461096,,0
461155,F21214,1
461214,F16878,1
461225,,0
461247,,0
461248,,0
461250,,0
461251,,0
461252,,0
461253,,0
461254,,0
461256,,0
461257,,0
461258,,0
461260,,0
461261,,0
461262,,0
461263,,0
461264,,0
461266,,0
461267,,0
461268,,0
461269,,0
461270,,0
461271,,0
461272,,0
461273,,0
461274,,0
461275,,0
461276,,0
461277,,0
461280,,0
461282,,0
461283,,0
461284,,0
461285,,0
461286,,0
461287,,0
461289,,0
461290,,0
461291,,0
461292,,0
461294,,0
461295,,0
461297,,0
461298,,0
461300,,0
461301,,0
461302,,0
461303,,0
461305,,0
461306,,0
461308,,0
461309,,0
461310,,0
461311,,0
461312,,0
461313,,0
461315,,0
461316,,0
461317,,0
461318,,0
461319,,0
461320,,0
461324,,0
461325,,0
461326,,0
461327,,0
461328,,0
461329,,0
461330,,0
461331,,0
461332,,0
461334,,0
461335,,0
461337,,0
461338,,0
461339,,0
461340,,0
461341,,0
461342,,0
461343,,0
461344,,0
461345,,0
461346,,0
461347,,0
461349,,0
461350,,0
461351,,0
461352,,0
461353,,0
461354,,0
461355,,0
461366,,0
461448,,0
461450,,0
461451,,0
461568,,0
461573,,0
461753,F6985,1
461755,F6981,1
461756,F6967,1
461758,F42487,1
461759,F42495,1
461778,F6983,1
461779,F6984,1
461960,,0
461975,,0
461979,,0
461980,,0
461987,,0
461988,,0
461989,,0
461990,,0
461993,,0
461996,,0
461997,,0
462005,F11129|F10903|F10604|F12796|F12848|F10739|F12920|F10853|F10604|F12796|F12848|F10739|F12920,13
462009,F949|F698|F2252|F2253|F10066,5
462015,F2399|F1540|F1116|F657,4
462064,F9305|F9395|F9305|F9519,4
46211,,0
462118,F28335,1
462139,F20367,1
462147,F4368,1
462195,F15434,1
462251,F21242,1
462539,F11129|F10903|F10604|F12796|F12848|F10739|F12920|F10853|F10604|F12796|F12848|F10739|F12920,13
462552,F38945,1
462553,F38946,1
462556,F12790|F12804|F10541|F12803|F12882,5
462565,F40806,1
462720,,0
462722,,0
462723,,0
462724,F12841|F12823|F527|F1316|F10979,5
462749,F28027,1
462823,F9224|F9321|F9396|F9445,4
462868,,0
462871,,0
463134,F9727|F9580,2
463237,,0
463248,,0
463250,,0
463293,F40337,1
463564,,0
463581,F14821,1
463584,F14822,1
463587,,0
463589,,0
463593,,0
463602,,0
463610,F15290,1
463613,F15161,1
463616,F15183,1
463617,F15184,1
463622,F15185,1
463623,F13423,1
463639,F14975,1
463641,F14976,1
463654,F14510,1
463655,F14683,1
463656,,0
463657,,0
463658,,0
463659,F15015,1
463660,F15016,1
463661,F15021,1
463662,F15022,1
463663,F15008,1
463667,,0
463669,F15004,1
463670,F15003,1
463672,F15013,1
463673,F15005,1
463674,F15012,1
463676,F15020,1
463680,F15007,1
463681,F15011,1
463683,F15019,1
463684,F15010,1
463685,F15018,1
463686,F15006,1
463925,F15393,1
463928,F15410,1
463935,F15417,1
463942,F15466,1
463962,,0
463968,F4029|F4625|F4621|F4018,4
463970,F5011|F4486|F1729|F2579,4
463976,F5011|F4486|F1729|F2579,4
463977,F4621|F4018|F5011|F4486|F1729|F2579,6
463979,F4621|F4018|F5011|F4486|F1729|F2579,6
463985,F11198,1
46408,,0
464086,F9868|F10017|F10182|F10017,4
464093,F5011|F4486|F1729|F2579,4
464103,F9311|F10396|F2576|F1725,4
464104,,0
464110,F34562,1
464111,F34565,1
464114,F34563,1
464115,F34564,1
464117,,0
464118,F34566,1
464120,,0
464182,F15464,1
464235,F9917|F9522|F10395|F1377|F2577,5
464242,F10137|F999|F10189|F1496,4
464245,F10137|F999|F10189|F1496,4
464248,,0
464249,,0
464254,F9673|F10394|F9671|F10190,4
464255,F10137|F999|F3096|F4038,4
464256,F538|F1030|F944|F752,4
464257,,0
464259,F9416|F9845,2
464350,F14291,1
464351,F14127,1
464352,F14128,1
464468,F15433,1
464476,F2190|F1077|F1613|F1623,4
464485,F764|F1333,2
464487,F2811|F2265|F3250|F3249,4
464488,F3839|F4320|F1598|F973,4
464489,F3839|F4320|F1598|F973,4
464537,,0
464570,F1543|F10118,2
464573,F34105|F34104|F34072|F33807|F33808,5
464700,F20456,1
464703,F20455,1
464750,F41718|F36151,2
464751,,0
464752,F36238|F36026|F36117|F41476,4
464755,F781|F10367|F3445|F3441,4
464756,F10119|F1030|F3942|F4544,4
464786,,0
464818,F26391|F35442|F1006|F20425,4
46491,F1901,1
464979,F19626|F37068|F36861,3
464987,F17812|F26391|F35442,3
464997,F1006|F17530,2
465183,F5155,1
465184,F5602,1
465186,F6003,1
465188,F6004,1
465189,F6006,1
465190,F6005,1
465191,F6008,1
465193,F6010,1
465197,F4608|F3531,2
465207,F6009,1
465217,F4001|F10210|F1148,3
46528,F1088,1
465342,F34717|F33868,2
465356,F14941,1
465373,F27352,1
465387,,0
465389,,0
465417,F5648,1
465420,F10412|F1552,2
465486,F39937|F40308|F14092|F23038,4
465523,F9349|F9232|F10209|F4073|F1180,5
465582,F35319,1
465588,F9584,1
465614,F1865,1
465648,F28333,1
465769,F39413|F39610|F39458,3
465770,F39386|F39630,2
465772,,0
465773,F40427,1
465901,F12654,1
465905,F12602,1
465906,F12615,1
465908,,0
465911,F40011,1
46597,,0
466067,F21212,1
466088,F40444,1
466091,F40443,1
46616,F13610,1
466523,F38783,1
466546,F9429|F9930,2
466659,,0
466663,,0
46670,,0
466705,,0
466756,,0
466776,,0
466778,,0
466787,,0
466791,,0
466792,,0
466953,F13166,1
466954,F13165,1
466958,F11199,1
466993,,0
467069,,0
467076,,0
467083,,0
467138,F10604|F12796|F12848|F10739|F12920,5
467144,F36653|F36564|F35724,3
467178,F38516|F37662,2
467179,F38516|F37662,2
467182,F38516|F37662,2
467183,F10711|F11249,2
467184,F38516|F11342,2
46723,F13644,1
467239,F11890|F11313,2
46724,F13569,1
467360,F11083|F38421,2
467364,F12224|F11637,2
467365,F12224|F11637,2
467369,F16390,1
467384,F12841|F12823|F527|F1316|F10853|F10604|F12796|F12848|F10739|F12920,10
467406,F12853|F10623|F10683,3
46748,F39504,1
467522,,0
467658,,0
46769,,0
467695,F19368,1
46772,,0
467874,,0
468230,F22697|F22696|F22625|F22648|F22652,5
468248,F22697|F22696|F22625,3
468307,,0
468392,,0
468445,,0
468500,F747|F36821|F37992,3
468525,,0
468527,,0
468629,,0
468632,F9895|F10058|F1094|F10041,4
468633,F6562,1
468806,F21208,1
468813,F10029|F1066|F9285|F9250|F9944|F9464|F9944,7
46883,,0
46893,,0
469009,,0
469040,F13530|F13498|F13587|F13808,4
469044,F13806|F13524|F13530|F13739,4
469047,F8062|F7732|F8076|F8067,4
469191,F3470,1
469203,,0
469204,,0
469205,,0
469243,F3472,1
469248,F4994,1
469253,F10210|F1148|F1449|F1280|F2984,5
469261,F10210|F1148|F1449|F1280|F2984,5
469266,F600|F601|F2666|F2696,4
469274,F600|F601|F2666|F2696,4
469289,F10210|F1148|F37558|F600|F601|F1148,6
469307,F10210|F1148|F37558|F2815|F10210|F1148|F2218,7
469325,F9444|F9734|F10348|F2470,4
469326,F9647|F9861|F711|F1028|F999,5
469328,F22943|F22695,2
469332,F10137|F10109|F10348|F2470,4
469334,F731|F10313|F9569|F9732,4
469340,F567|F10381,2
469343,F9444|F9212|F736,3
469346,F2229|F1141|F624|F1475,4
469349,F2229|F1141|F624|F1475|F1474|F3084,6
469351,F2227|F3083|F3181|F2635,4
469356,F10084|F10005|F1801|F2229|F1141,5
469360,F37161,1
469365,F8125|F7933|F8076|F8075,4
469455,,0
469456,,0
469558,F22943|F22695,2
46963,,0
469641,F633|F1853,2
469667,F14521,1
469704,F2594,1
469891,,0
46993,,0
469936,,0
469984,F39115,1
470070,F5978,1
470110,F25198,1
470125,F22727,1
470127,F22726,1
470135,,0
470137,F14283,1
470138,F25125,1
470141,F25831,1
470143,F25830,1
470152,F25197,1
470251,,0
470256,,0
470263,,0
470266,F10029|F1066|F2769|F1066|F3569,5
470314,F19600,1
470332,F20861,1
470366,,0
470413,F26615,1
470573,F41403|F9951|F10284|F9244|F9480|F9673|F9590,7
470580,F5317,1
470685,F1154,1
470692,F21381,1
470770,F5465,1
470813,F39442|F39523|F39597,3
470843,F39414|F39415|F39599|F39497,4
470858,,0
470859,F39528|F39531|F39523|F39597,4
470862,,0
470971,,0
470988,,0
471036,,0
471050,,0
471051,,0
471052,,0
471066,,0
471112,,0
471250,,0
471252,,0
471253,,0
471265,,0
471266,,0
471267,,0
471268,,0
471274,,0
471406,,0
471408,,0
471409,,0
471411,,0
471412,,0
471414,,0
471417,,0
471425,F18165|F18446,2
471437,,0
471438,,0
471440,,0
47171,F34871,1
471738,,0
471740,,0
471904,F13676,1
471948,F19331,1
472058,F9338|F688|F689|F701|F9867|F9768|F554|F41341,8
472059,F9867|F9768|F554|F41341,4
472060,F9338|F688|F689|F701|F9867|F9768|F554|F41341,8
472062,F9338|F688|F689|F701|F9867|F9768|F554|F41341,8
472063,F9338|F688|F689|F701,4
472306,,0
47233,F36588,1
47234,F14006,1
47235,F2638,1
47237,F36874,1
47238,,0
47239,F23937,1
47241,,0
47244,,0
47245,F24417,1
47247,F36584,1
47254,F24415,1
47259,,0
47268,F23942,1
472689,,0
472728,F10182|F10017|F10182|F10017|F10017,5
472794,,0
472800,,0
472875,F9239|F9904|F851|F3605|N50820|F10238|F10299,7
472896,,0
472898,,0
472901,,0
472902,,0
472903,,0
472978,F9638|F9555|F9339|F41403|F9951|F10284|F1914,7
472987,,0
473023,,0
473025,,0
473055,,0
473061,,0
473063,,0
473143,F9364|F9255|F9272|F9401,4
473145,F9751|F9407|F10006|F9753,4
473146,F10292|F9561|F41376|F41379,4
473147,F1239|F9829|F36255|F1529,4
473148,F9518|F41055|F41439|F41353,4
47330,F11258,1
473456,F20036,1
473500,F4684|F10092|F9469|F10215|F10263,5
473501,F9687|F9419|F1164|F12826|F9786|F10092|F9469,7
473502,F4684|F10092|F9469|F10215|F10263,5
473503,F4684|F10092|F9469|F10215|F10263,5
473558,,0
473579,F9199|F36025,2
473586,F9199|F36025,2
473601,F16123,1
473613,,0
473614,F16068,1
473617,F28436,1
473618,F16388,1
473619,F16067,1
473624,F10986|F11110|F12872|F12829|F11587|F12841|F12823|F527|F1316|F10853|F10604|F12796|F12848|F10739|F12920,15
473763,,0
473924,F38425,1
473925,F38426,1
473994,F8076|F7732|F8125|F8067|F8202|F2705,6
473997,F8066|F7732|F8347|F8076|F8075,5
474000,F8146|F7984|F8076|F8075,4
474156,,0
47422,F13561,1
47441,,0
474473,,0
47450,,0
474525,,0
474534,N-1,1
474540,,0
474587,,0
474602,,0
474757,F31177,1
474946,,0
474948,F10137|F10313,2
47497,,0
475007,,0
475014,,0
475016,,0
475020,,0
475312,F11584,1
475321,,0
475326,,0
475328,,0
475329,,0
475330,,0
475331,,0
475332,,0
475335,,0
475339,,0
475366,,0
475368,,0
475369,,0
475370,,0
475371,,0
475372,,0
475374,,0
475375,,0
475376,,0
475469,F5728|F6229,2
475507,,0
475508,,0
475509,,0
475510,,0
475511,,0
475512,,0
475519,,0
475521,,0
475554,F39110,1
475557,,0
475623,,0
475630,,0
475634,,0
475686,F11733,1
475687,,0
475688,,0
475935,,0
475936,,0
476031,F11706,1
476033,,0
476039,,0
476040,,0
476041,,0
476075,F12963,1
476080,F15390,1
476081,F15391,1
476087,F14820,1
476146,,0
476163,F39055,1
476190,,0
476215,,0
476333,,0
476384,F6987,1
476385,F6988,1
476388,,0
476392,,0
476401,,0
476403,,0
476404,,0
476405,,0
476406,,0
476407,,0
476408,,0
476409,,0
476410,,0
476411,,0
476412,,0
476413,,0
476416,F15401,1
476417,F15414,1
476430,,0
476433,,0
476434,,0
476438,,0
476440,,0
476441,,0
476442,,0
476448,F7154,1
476453,,0
476454,,0
476457,,0
476461,,0
476469,F7156,1
476478,,0
476479,F7157,1
476512,F15418,1
476650,F12964,1
476656,F15046,1
476691,F14633,1
476692,F14256,1
476699,F15432,1
476717,F15465,1
476827,F30000,1
476830,,0
476852,F5637,1
476878,F14516,1
476879,,0
476913,,0
47700,,0
477167,,0
477170,,0
477172,,0
477178,F7094,1
477191,F14917,1
477194,F10303|F10235|F9697|F10037|F10037,5
477198,F10303|F10235|F9697|F10037|F10037,5
477244,F32559,1
477247,F33186,1
477249,F33197,1
477250,F28181,1
477251,,0
477282,F31176,1
477302,,0
477596,,0
477622,,0
477642,,0
477644,F10303|F10235|F9697|F10037|F10037,5
477674,F29784,1
477739,F30358,1
477743,F30355,1
477744,F30362,1
477745,F30362,1
477746,F30358,1
477747,F30274,1
47777,F10814,1
477789,F30427,1
477794,F30427,1
477796,F4924,1
477797,F1139,1
477798,F2991|F2990|F4448,3
477814,,0
477949,F9224|F9321|F9396|F9445,4
478000,,0
478111,F6160,1
478115,,0
478417,F30417,1
478418,F30419,1
478420,F30297,1
478423,F30302,1
478427,F30296,1
478576,,0
478582,F3911,1
478646,,0
478647,,0
478648,,0
478651,,0
478654,,0
478669,,0
478678,,0
478719,,0
47872,F37402,1
478724,,0
478725,F29641,1
478726,F29028,1
478728,,0
478744,,0
478745,,0
478746,F11068,1
478747,F11194,1
478748,,0
478752,F41414|F41220|F9468|F9351,4
478767,F23371|F24020|F41414|F41220|F9468|F9351,6
478781,,0
478785,,0
478834,,0
478952,,0
478958,,0
478972,,0
478979,,0
479008,,0
479010,,0
479030,,0
47905,F23318,1
479088,F21309,1
479091,F29657,1
479095,F29663,1
479096,F29652,1
479100,F1704,1
479101,F9638|F9555|F9339|F41403|F9951|F10284|F9542|F9950,8
479102,F9244|F9480|F9673|F9590,4
47912,F23310,1
479152,F6947,1
479161,,0
479171,,0
479192,F29951,1
479193,F29653,1
479196,F29643,1
479197,F29974,1
479199,F29973,1
479200,F29645,1
479201,F29670,1
479204,F29704,1
479207,F29634,1
479210,F29656,1
479212,F29654,1
479238,,0
479395,,0
479405,F29678,1
479408,F29635,1
479411,F31986,1
479412,F29843,1
479415,F31987,1
479429,F22973,1
479439,,0
479441,,0
479445,,0
479449,,0
479462,,0
479499,,0
479501,,0
479512,,0
479565,,0
47957,F11069,1
47958,F10743,1
479580,,0
479593,,0
479600,,0
479636,,0
479643,,0
479655,,0
479667,,0
479765,,0
479935,,0
479938,F1034|F12992,2
479945,,0
47997,F1787,1
480007,,0
480032,,0
480035,,0
480037,,0
480056,,0
480062,F23371|F24020|F41414|F41220|F9468|F9351,6
480100,F9244|F9324|F9324|F9244|F9480|F9673|F9590,7
480165,,0
48022,F13478|F13546,2
480227,,0
480257,,0
480258,,0
480284,F21301,1
480288,F20464,1
480290,F16505,1
480304,F4596,1
480311,F13779,1
48033,F13478|F13666|N49514,3
480338,,0
480339,,0
480342,F7128,1
480412,F11570,1
480450,,0
480454,F8588,1
480499,,0
480501,,0
480503,,0
480509,,0
480569,,0
480596,,0
480606,F3640,1
480616,F359,1
480620,F330,1
480641,F5566,1
480669,,0
480670,,0
480678,,0
480685,F30425,1
480686,F30414,1
480687,F30416,1
480688,F30411,1
480691,F30412,1
480692,F30416,1
480693,F30414,1
480695,F30425,1
480698,F30413,1
480700,F30411,1
480715,F30408,1
480717,F30417,1
480718,F30418,1
480723,F30419,1
480738,F30410,1
480745,F30296,1
480754,F30302,1
480761,F30297,1
480764,F30340,1
480791,F366,1
480795,F354,1
480811,F21144,1
480821,F21143,1
480953,,0
480954,,0
480968,F30342,1
480973,F30342,1
481052,,0
481316,F9239|F9318|F9417|F9598,4
481318,F367,1
481319,F363,1
481321,,0
481323,,0
481324,,0
481337,,0
481339,,0
481348,,0
481349,,0
481369,,0
481432,F16308,1
481433,F16291,1
481478,F39521|F13460|F10240|F9892,4
481585,,0
481586,F9540|F9535,2
481593,,0
481619,F30340,1
481661,F368,1
481664,F351,1
481669,F356,1
481671,F353,1
481673,F355,1
48168,F33594,1
48169,,0
482256,F370,1
482261,F323,1
482262,F32563,1
482268,,0
482271,,0
482279,,0
482280,,0
482311,,0
482312,,0
482313,F30235,1
482316,,0
482365,,0
482366,,0
482373,,0
482392,,0
482396,,0
482403,,0
482404,,0
482406,,0
482407,,0
482409,,0
482437,F358,1
482438,F365,1
482447,F5946|F5619,2
482454,,0
482475,F30220,1
482477,F30219,1
482537,F7075,1
482539,F1942|F3236,2
482540,F7103,1
482543,,0
482590,,0
482594,,0
482602,,0
482603,,0
482604,,0
482605,,0
482606,,0
482607,,0
482608,,0
482609,,0
482610,,0
482611,,0
482613,,0
482614,,0
482616,,0
482617,,0
482618,,0
482653,F345,1
482680,F30811,1
482727,F20865,1
482870,,0
482891,F9416|F9318,2
482911,,0
482942,F13437,1
482965,,0
482971,F3696,1
482973,,0
482986,,0
483085,,0
483130,F37750|F41594,2
483132,,0
483241,F36027|F36274|F41823|F41337|F41198|F35696|F35865|F36592|F36969|F41273|F41538|F38688,12
483243,,0
483245,,0
483246,,0
483247,F39182,1
483248,,0
483290,F30828,1
483305,F41791|F36844,2
483362,F30223,1
48341,,0
483411,F30227,1
483438,F36575|F36717,2
483439,F30055,1
483448,,0
483452,F11792,1
483456,,0
483459,,0
483461,,0
483504,,0
483513,,0
483516,,0
483519,,0
483568,,0
483576,,0
483578,,0
483583,F9387|F42604|F42609|F35386|F42609|F35386,6
483699,F2419|F2440,2
483709,F11693,1
483718,F4526,1
483722,F33212,1
483738,,0
483744,,0
483865,,0
483876,F620|F10099|F10454|F10227|F938,5
483878,,0
483879,,0
483880,,0
483883,,0
483889,F30056,1
483921,,0
483952,F30553,1
483989,,0
483993,,0
483994,F40704,1
483995,,0
484016,,0
484167,,0
484200,,0
484229,F9106,1
484232,F9107,1
484242,,0
484243,,0
484278,F15602,1
484308,F15601,1
484310,F15597,1
484315,,0
484317,F33209,1
484372,F30226,1
484388,F30222,1
484613,F9810|F9883|F569|F1484|F10029|F1066|F3075,7
484646,,0
484699,,0
484702,,0
484703,,0
484806,F10029|F1066|F4107|F10029|F1066|F4585,6
484982,F36686|F37410,2
485006,,0
485008,,0
485122,,0
485123,,0
485273,F10414|F10056|F10414|F10056,4
485274,F10414|F10056|F10001|F9748|F755,5
485348,F41711|F41601|F36834|F36329,4
485362,,0
485363,,0
48539,F22732,1
485454,F41422|F41129|F2463,3
485500,F30819,1
485534,,0
485535,,0
485583,,0
485654,F21553,1
485672,,0
485718,,0
485751,F30225,1
485753,F30224,1
485770,,0
485849,F21129,1
485859,,0
485864,,0
485919,,0
485921,,0
485922,,0
485923,,0
485924,,0
485926,,0
485927,,0
485928,,0
485929,,0
485931,,0
485958,,0
485994,F39699,1
486000,F40207,1
486010,,0
486011,,0
486017,,0
486018,,0
486022,,0
486023,,0
486024,,0
486026,,0
486027,,0
486052,,0
486053,,0
486073,,0
486075,,0
486099,,0
486107,,0
486139,,0
486140,,0
486143,,0
486159,F1103|F2622,2
48625,F18148,1
486260,,0
486263,,0
486322,,0
486323,,0
486356,F30547,1
486358,F31660,1
486375,,0
486390,F14787,1
486409,F14582,1
486414,F14572,1
486421,F30455,1
48646,,0
486517,,0
486541,F6745,1
486719,F9023,1
486726,F9030,1
486751,F9810|F9883|F10402|F573|F2234|F1780,6
486759,,0
486806,,0
486807,,0
486809,,0
486810,,0
486813,,0
486814,,0
486822,F36542|F36070,2
486823,F36542|F36070,2
486824,F37452,1
486825,F41620|F41729,2
486826,,0
486827,,0
486828,F35736|F36862,2
486829,F41620|F41729,2
486830,,0
487124,,0
487127,,0
487128,,0
487194,,0
487195,,0
487196,,0
487198,F30839,1
487295,F9285|F9250|F9463|F9285|F9250|F1779|F3076|F10029|F1066,9
487307,,0
487360,,0
487361,,0
487363,,0
487368,,0
487388,,0
487389,,0
487396,,0
487405,F11188,1
487476,,0
487477,,0
487488,,0
487489,,0
487490,,0
487493,,0
487494,,0
487507,,0
487523,,0
487550,F970|F1583,2
487599,F15747,1
487612,F33194,1
487614,F15748,1
487618,F31650,1
487648,,0
487721,F33193,1
48774,F12998,1
48775,F13138,1
487788,,0
487793,,0
487795,,0
487796,,0
487811,F33180,1
488112,,0
488219,F6013,1
488336,,0
488337,,0
488362,,0
488480,,0
488484,,0
488488,,0
488489,,0
488498,,0
488523,,0
488686,,0
488777,,0
488806,,0
488870,,0
488889,F41051|F9235|F41094|F9316,4
488947,F15599,1
489046,,0
489047,,0
489049,,0
489054,,0
489059,,0
489198,,0
489210,,0
489212,,0
489213,,0
489215,,0
489219,,0
489220,F971|F10232,2
489409,F9239|F9428|F9889|F1820,4
489469,F27235,1
489520,,0
489521,,0
489526,,0
489553,,0
489563,,0
489652,F42662,1
489673,F20150,1
489697,F19821,1
489704,F32555,1
489713,,0
489714,,0
489716,,0
489726,F6467,1
489730,F6477,1
489734,F6877,1
489736,,0
489740,,0
490165,F30551,1
490166,,0
490173,F38542,1
490193,,0
490208,,0
490236,F38612,1
490323,,0
490326,,0
490332,,0
490334,,0
490335,F28539,1
490578,,0
490590,F33831,1
490597,F15574,1
490598,F15486,1
490599,F15485,1
490600,F15303,1
490601,F15304,1
490602,F15576,1
490603,F15575,1
490604,N-1,1
49100,F13952,1
491084,F38346,1
491090,F37859,1
491101,F38588,1
491127,F9349|F9232,2
491148,,0
491150,F9349|F9232|F23392,3
491151,F9349|F9232|F25134,3
491152,F9349|F9232|F26740,3
491155,F9349|F9232|F24218,3
491185,F9349|F9232|F23392,3
491187,F9349|F9232|F23393,3
491188,F9349|F9232|F23393,3
491189,F9349|F9232|F23393,3
491193,F9349|F9232|F23393,3
491194,F9349|F9232|F23393,3
491195,F9349|F9232|F23393,3
491197,F9592|F9709|F9791|F10456|F1166|F1137,6
491198,F5044|F25906,2
491199,F5044|F25906|F24078,3
491201,F5044|F5046,2
491364,,0
491370,,0
491371,F5718,1
491422,F38587,1
491494,,0
491519,,0
491543,,0
491544,,0
491549,,0
491554,,0
491561,,0
491566,,0
491569,,0
491578,,0
491583,,0
491668,F20419|F20419,2
491689,,0
491691,F14958,1
49174,,0
491877,,0
491903,,0
491926,,0
491958,,0
491975,F39743,1
492061,,0
492063,F14959,1
492075,,0
492077,,0
492095,,0
492097,,0
492126,F30546,1
492127,F33177,1
492192,,0
492285,,0
492288,,0
492290,,0
492322,,0
492327,,0
492337,,0
492342,F30502,1
492356,,0
492369,,0
492372,,0
492393,,0
492411,,0
492415,F21666,1
492417,F21665,1
492442,F21661,1
492448,F21663,1
492449,F21662,1
492450,F21668,1
492452,F21664,1
492456,F21667,1
492458,F15144,1
492552,,0
492553,,0
492554,,0
492667,F41096|F9897|F41192|F41427|F36166|F3178|F3015|F3158,8
492697,,0
492861,F4748,1
492866,F4745,1
492950,,0
492952,,0
492987,,0
492988,,0
493042,,0
493055,,0
493126,,0
493128,,0
493167,F5724,1
493177,,0
493178,F10210|F1148|F1148|F3484,4
493180,F10210|F1148|F886|F1148,4
493186,F38284,1
493229,,0
493414,,0
493521,F10286,1
493522,F10111,1
493525,F10113,1
493526,,0
493527,,0
493528,F448,1
493532,F10025,1
493534,F10289,1
493535,F10112,1
493557,,0
493563,,0
493571,,0
493656,F30167,1
493721,,0
493723,,0
493724,,0
493725,,0
493726,,0
493729,,0
493730,,0
493732,,0
493735,,0
493737,,0
493787,F10137|F9569|F9732|F20586,4
493793,,0
493802,,0
493805,,0
493875,F4508,1
493908,,0
493909,,0
493958,,0
494040,,0
494044,,0
494047,,0
494049,,0
494052,,0
494053,,0
494054,,0
494058,,0
494217,F5044|F5046,2
494285,F9592|F9709|F9791|F10456|F3493,5
494286,F5044|F25906,2
494436,,0
494437,F21826,1
494464,F5535|F3015|F3158|F2964|F3966,5
494608,F6402,1
494780,,0
494813,,0
494819,F10029|F1066|F9810|F9883|F5173,5
494821,,0
494839,F24728,1
494989,F33563|F18732,2
49506,F37739,1
49507,F37738,1
49512,F36420,1
49514,F34481,1
495243,,0
495300,,0
495325,,0
49542,,0
495732,,0
495734,,0
495775,,0
495776,,0
495782,,0
495847,F10137|F9569|F9732|F20586,4
495862,F10137|F9569|F9732|F20586,4
495913,,0
495916,,0
495924,,0
495927,,0
495953,,0
496051,F14464,1
496052,F14463,1
496083,,0
496084,,0
496125,,0
496331,F14953|F10137|F9569|F9732|F20586,5
496369,,0
496380,,0
496381,,0
496405,,0
496407,,0
496411,,0
496412,,0
496436,,0
496453,,0
496454,,0
496455,,0
496475,N48873|F9584|F10414|F10056|F838,5
496488,F10409|F9817,2
496495,F10104|F9717,2
496499,F9485|F9613|F9632|F10049,4
496509,F9798|F9812|F9371|F1169,4
496514,F9631|F10049|F9546|F9703,4
496519,F9371|F9705|F9798|F9812,4
496520,F9800|F10417|F673|F9925|F9919,5
496526,F2517|F2772|F10275|F9957,4
496885,F8904,1
496907,F4393,1
496910,F9040,1
496946,F14422,1
496949,,0
496956,,0
496963,F12960,1
496967,F14408,1
496975,F14635,1
496978,F14815,1
496991,F14421,1
497001,F14242,1
497140,,0
497144,,0
497160,,0
497163,F9060,1
497165,,0
497200,F14816,1
497208,F14405,1
497215,F14244,1
497223,F30535,1
497230,F14830,1
497239,F10137|F9569|F9732|F20586,4
497242,,0
497260,,0
497281,,0
497285,F37524|F35983|F36428|F28129,4
497337,F28130|F2893|F2896|F8454,4
497663,,0
497672,,0
497675,,0
497773,F31128,1
497775,F31129,1
497776,F31130,1
497790,,0
497792,,0
497794,,0
497795,,0
497796,,0
497831,,0
497861,,0
497965,,0
498048,,0
498071,,0
498072,,0
498091,,0
498187,,0
498192,F7800|F8002|F8015|F8014,4
498199,F39472|F39498|F39523|F39597|F39820|F39817|F39363|F39498|F39528|F39531,10
498204,F7643|F7652|F7664|F7665|F7826|F7736|F7754|F7745|F7748|F23019,10
498206,F23179|F7834|F7726|F7643|F7652|F7664|F7665|F7834|F7726,9
498207,F40051,1
498208,F23406|F7643|F7652|F7664|F7665|F7834|F7726,7
498211,F39997,1
498214,F40367,1
498215,F39891,1
498239,F39650,1
498241,F20906,1
498243,F39672,1
498261,,0
498262,,0
498268,,0
498278,,0
498308,,0
498397,,0
498453,,0
498457,,0
498459,,0
498502,,0
498503,,0
498519,,0
498546,,0
498576,,0
498716,F10137|F9569|F9732|F20586,4
498764,,0
498830,,0
498925,,0
498950,F40057,1
499018,F28650|F26415,2
499036,F42199,1
499039,F18490,1
499040,F20328,1
499083,,0
499084,,0
499088,F17673,1
499089,F17550,1
499091,,0
499136,F19294,1
499139,F39996,1
499153,F19295,1
499180,,0
499269,F20027,1
499272,F24977,1
499350,,0
499419,,0
499517,,0
499524,,0
49961,F13021,1
499639,,0
499643,,0
499654,,0
499665,,0
499681,,0
499701,,0
499807,,0
499863,,0
499872,F40058,1
499874,F40056,1
499879,F40093,1
499881,F39982,1
499884,F40214,1
499885,F40198,1
499910,F39993,1
500093,F2084,1
500178,,0
500251,F7105,1
500318,F19166,1
500394,,0
500399,,0
500408,,0
500437,F6797,1
500447,,0
500600,,0
500690,,0
500796,,0
500825,F14877,1
500826,F14878,1
500833,F14881,1
500835,F14882,1
500837,F14885,1
500842,F23487,1
500851,,0
500856,,0
500861,,0
500904,F13977,1
500956,,0
500959,,0
500970,,0
500973,,0
500974,,0
500982,,0
50109,,0
501523,,0
501621,F36656,1
501629,F9356|F9340|F9350|F9720,4
501641,F9403|F42603|F9350|F9553,4
501661,,0
501662,,0
501695,,0
501715,,0
501716,,0
501789,,0
501790,,0
501793,,0
501796,,0
501798,,0
501799,,0
501800,,0
501801,,0
501802,,0
501804,,0
501805,,0
501807,,0
501808,,0
501809,,0
501810,,0
501811,,0
501812,,0
501813,,0
501814,,0
501815,,0
501816,,0
501819,,0
501820,,0
501821,,0
501823,,0
501902,,0
501926,,0
502300,,0
502304,F34936,1
502312,F1910|F2373|F1565|F9542|F9950,5
502410,,0
502462,,0
502470,F42012|F17548|F17548,3
502534,,0
502541,,0
502652,,0
502666,,0
502701,,0
502790,F21823,1
502800,F9647|F9861|F9861|F2514|F1903,5
502801,F7120,1
502827,F15108,1
502828,F15109,1
502830,,0
502839,F15110,1
502853,F15112,1
502854,F14292,1
502875,F14665,1
502876,F15297,1
502882,F14130,1
502886,F39017,1
502895,F39019,1
502939,,0
502983,,0
502985,,0
502986,,0
502987,,0
502988,,0
502990,,0
502996,,0
502997,,0
502999,,0
503000,,0
503060,F22198,1
503072,F28988,1
503097,F31262,1
503098,F27834,1
503099,,0
503100,,0
503101,,0
503105,F1828|F3482|F4124,3
503119,,0
503120,,0
503367,F30063,1
503374,,0
503377,,0
503410,F19768,1
503412,F41414|F41220|F9468|F9351,4
503461,,0
503463,,0
503472,F11381,1
503476,,0
503480,,0
503601,,0
503912,,0
503919,,0
504007,F21447,1
504008,F13770,1
50404,,0
504045,,0
504053,,0
504087,,0
504138,,0
504139,,0
50427,F10567,1
50430,F10573,1
50432,F36260,1
504335,,0
504356,,0
504357,,0
504358,,0
504362,,0
50442,F1323,1
504612,F10199|F9795|F9797|F10042,4
504637,F11604,1
504639,F11605,1
504641,,0
504642,F37875,1
504649,F34762,1
504651,F38329,1
504666,,0
504669,F13530|F13978,2
504670,F15326,1
504673,F14952,1
504676,F14955,1
504682,F15176,1
504683,F15180,1
504686,F14982,1
504688,F14027,1
504689,F14028,1
504726,,0
504752,,0
504897,F20540|F27630,2
50491,F17399,1
504974,,0
505099,F19091|F36165|F36883,3
505152,,0
505170,,0
505181,,0
505303,,0
505305,,0
505322,,0
505348,F4281,1
505370,,0
505371,,0
505395,,0
505427,,0
505456,,0
505473,,0
50554,F7930,1
505685,F27234,1
50579,,0
505793,,0
505811,,0
505822,,0
505831,F12298,1
505834,,0
505848,,0
505879,,0
505889,F34867,1
505900,,0
505909,,0
50604,F10627,1
50606,F10628,1
50607,F10960,1
506074,,0
50608,F39580,1
506096,,0
50613,F23770,1
506159,,0
506162,F12618,1
506165,,0
506179,,0
506200,,0
50622,F24174,1
506245,,0
50629,F24173,1
50631,F24172,1
506427,F3545,1
506431,F3546,1
506450,,0
506495,,0
506521,,0
506554,F20237,1
506572,F20232,1
506602,F39149,1
506692,,0
506762,F4684|F10092|F9469,3
506764,F4684|F10092|F9469,3
506765,F4684|F10092|F9469,3
506868,F5318,1
506933,F6371,1
507028,F1103|F2622|F1469,3
507029,F1103|F2622|F1469,3
507033,F1103|F2622|F5105,3
507034,F1103|F2622|F5105,3
507073,,0
507109,,0
507134,F11823,1
50715,F1321,1
507209,F11601,1
507215,F585|F9797|F10042|F1406|F662|F584|F817,7
507222,F141,1
507228,F4000|F41644|F41281|F36824|F10303|F10235|F9697|F10037|F10037|F10303|F10235|F9697|F10037|F10037|F1692|F1693|F2524|F37305,18
507240,F4951|F5456,2
507276,F12319,1
507282,F9873|F9702|F1063|F9672|F1692|F1693|F2524|F37305,8
507304,F2225|F4587|F3069|F3070,4
507358,,0
507359,F21573,1
507364,,0
507487,F9638|F728|F9244|F9480|F1928,5
507497,,0
507733,F9715|F9593|F10427|F10426,4
507798,F20419|F25602,2
507800,F13315,1
507804,F33798|F772,2
507849,F12271,1
507859,F3829|F9649|F10137,3
507874,F3829|F9649|F10137,3
507888,F10274|F10482|F9224|F9321|F9396|F9445|F2426,7
507911,F41128|F41325|F35928|F36529,4
507915,,0
507932,,0
507937,,0
508116,,0
508245,F1154|F928|F10066,3
508246,F1154|F928|F1545,3
508359,,0
508455,F37455|F37407,2
508466,F29357,1
508575,F38574,1
508624,F38784|F38108,2
508625,F17315,1
508632,F17452,1
508634,F17612,1
508688,F9444|F9212|F9853,3
508692,F41367|F41098,2
508698,F41267|F41054|F41762|F41419,4
508701,F41188|F41084,2
508712,F36108|F41114,2
508715,F2913|F9737,2
508719,F2216|F584,2
508790,F41332|F41067,2
508792,F9981|F9322|F37574|F37573,4
508794,F41418|F41135|F9824|F41328,4
508797,F12872|F12829|F10367,3
508810,F977|F9322,2
509049,F40701,1
509139,,0
509190,,0
509198,F876|F1120|F1832|F1833,4
509203,F876|F1120|F1832|F1833,4
509248,,0
509250,,0
509328,,0
509349,,0
509393,,0
509482,,0
509500,,0
509570,F18466,1
509577,,0
509578,,0
509585,,0
509586,,0
509587,,0
509691,F38285|F38286|F24428,3
509727,,0
509736,,0
509765,,0
509777,,0
509795,,0
509797,,0
509798,,0
509800,,0
509802,,0
509804,,0
509805,,0
509844,,0
509846,,0
509849,,0
509850,,0
509851,,0
509852,,0
509853,,0
509854,,0
509855,,0
509856,,0
509857,,0
509858,,0
509859,,0
509860,,0
509861,,0
509862,,0
509863,,0
509864,,0
509887,F37411|F37208|F37209,3
509893,F37899|F37870|F37440,3
509896,F41128|F41325|F35926|F41369,4
509909,F2089|F9738|F722|F1981|F737,5
509958,F38782,1
510025,F10210|F1148|F4533|F3001|F37558,5
510043,F10210|F1148|F886,3
510124,,0
510188,F7131,1
510189,F17453,1
510191,F17694,1
510192,F17695,1
51022,F9224|F9321|F9449,3
510220,F17870|F41782|F17870|F18998,4
510235,,0
510237,F5910,1
510283,F4797,1
510383,F38641|F41551|F36558|F37105|F36097,5
51044,,0
510488,,0
510489,F38784,1
510496,F34459|F25725,2
510516,,0
510531,F3910,1
510533,,0
510549,F19469,1
510585,F12336,1
510649,,0
510650,F5952,1
510688,F20256,1
510691,F19092,1
510788,F15659,1
510789,,0
510794,,0
510798,F36863|F36431|F35926|F36561|F41452|F36201,6
51080,F7879,1
510825,F41128|F41325|F35926|F41369,4
510864,F41229|F41215|F41128|F41325|F35926|F41369|F41798|F35747,8
510865,F35929|F36560|F41128|F41325|F35926|F41369,6
510866,F41798|F37087|F36693,3
510869,F16134|F38600,2
510886,F38285|F38286|F27534,3
511195,,0
511275,F39192,1
511296,,0
511307,F10210|F1148|F886,3
511309,F13199,1
511312,F13205,1
511316,F11193,1
511317,F13231,1
511318,F13256,1
51132,F17975,1
511330,F27629|F11816,2
511333,F37455|F37407|F20889,3
511372,F10302|F35125|F484|F1908,4
511450,,0
511480,F18465,1
511489,,0
511494,F21132,1
511523,F5519,1
511564,F20704,1
51161,F1107|F41096|F9897,3
511624,,0
511626,,0
511627,,0
511632,,0
511634,,0
511635,,0
511800,,0
511815,F29628,1
511917,F18471,1
511926,F10143|F10307|F9342|F9322|F9363|F9499|F500,7
511928,F33518,1
511937,F2047|F998|F10144|F724,4
511942,,0
511944,,0
511946,,0
511947,,0
511953,,0
511957,F41580|F41486|F35779|F35700|F35676,5
511958,F35779|F35700|F35676,3
511966,F41580|F41486,2
511993,F20236,1
512004,,0
512005,,0
512006,,0
512030,,0
512178,,0
512202,F33674|F9760|F9460|F9585|F1200,5
512203,F33674|F9291|F34241|F9291|F9668,5
512204,F33674|F9291|F1202|F1517,4
512308,F38086,1
512310,F38621,1
512332,,0
512351,F38705,1
512362,F24041,1
512428,F3300,1
512429,F2393|F3323,2
512480,F19471,1
512494,F30777,1
512497,F21720,1
512499,F19469,1
512512,,0
512517,F11719,1
512520,F4048,1
512549,F514|F1970|F2995,3
51263,F7799,1
512660,F19483,1
51278,F10647,1
512820,F38585,1
512837,F19473,1
51284,,0
512849,F6664,1
512899,F26455,1
512905,F3758,1
512909,,0
512911,,0
512912,F26456,1
512916,,0
512917,,0
512919,,0
513012,F21049,1
513068,,0
513077,F9746|F9987|F1577|F33690,4
513267,F15061,1
513351,,0
513425,F14299|F14133|F23812,3
513446,,0
513454,F14299|F14133|F23812,3
513468,F21597,1
513490,F20703,1
513503,F20702,1
513509,,0
513539,,0
513599,F41727|F36859|F36541|F36069,4
51360,F34123,1
513600,F1748|F10451|F9693|F10070|F9803,5
513601,F585|F9797|F10042|F9797|F10042|F37277|F1522|F2114,8
513613,F41811|F36475|F10222,3
513616,,0
513678,,0
513704,F36575|F36717|F38312|F41791|F36844,5
513830,,0
513833,,0
513852,F27222,1
513864,F40383|F40276,2
513886,F5308,1
51392,,0
51396,,0
514049,,0
514058,F37455|F37407|F11816,3
514068,F37455|F37407|F38461,3
514083,F28565|F38461,2
514169,,0
514192,,0
514214,F21134,1
514236,,0
514240,,0
514269,,0
514271,,0
514283,,0
514339,,0
514347,,0
514363,,0
514438,F23231,1
514657,F21134,1
514739,F7861|F7947,2
514740,F3322|F3320,2
514742,F3822|F3851,2
514743,F3822|F3851,2
514745,F8314|F3321,2
514748,F3322|F3320,2
514750,F3822|F8312,2
514754,F1584|F3312,2
514755,F8411|F7947,2
514960,F10137|F10496|F510|F1238|F961,5
515022,F10705,1
515023,,0
515037,F11677,1
515081,F35236,1
515084,,0
515091,F20233,1
515242,F39848,1
51528,F33559,1
515317,,0
51532,,0
515334,F25439,1
51536,,0
51539,F17734,1
515396,,0
515397,,0
515404,,0
515406,,0
515413,,0
515420,,0
515424,F39024,1
515431,,0
515452,F4688,1
515472,F2389|F1295,2
51549,F3771,1
515550,F42208,1
515588,,0
51560,F17587,1
51575,F17735,1
51577,F17736,1
51579,F10854,1
51580,F10852,1
515915,,0
515971,F9342|F9322|F9363|F9499|F10146|F1275|F4316|F1588,8
516001,,0
516002,,0
516003,,0
516006,,0
516007,,0
516008,,0
516011,,0
516013,,0
516014,,0
516161,,0
516281,,0
516287,,0
516296,,0
516327,,0
516340,F21217,1
516345,F4302|F1958,2
516350,F4302|F1958,2
516353,F5388|F9734,2
516357,F9444|F9734|F9299|F2868|F5362,5
516360,F1472|F1471|F1850,3
516377,,0
516483,F29086,1
516484,F29077,1
516553,F15406,1
516555,F15060,1
51673,F17936,1
51674,F18437,1
51676,F17727,1
51677,F18760,1
516863,,0
516866,,0
516876,,0
51688,F37185,1
516882,,0
516901,,0
516941,,0
516946,,0
516985,F1393,1
517114,F36253|F39823|F7831|F7778,4
517155,,0
517156,,0
517170,,0
517172,,0
517183,F23167|F39407|F7864|F34966,4
517202,F29913,1
517205,,0
517232,,0
517245,,0
517290,F8351,1
51737,,0
517437,,0
517465,F30850,1
517538,F24636,1
517545,F26045,1
517553,F30851,1
517556,F30855,1
517558,F30849,1
517568,F34424,1
517571,F34425,1
517575,F30852,1
517576,N-1,1
517578,F30853,1
517579,F30856,1
517605,,0
51761,,0
517681,F8555,1
517685,F8554,1
517686,,0
517758,F9804|F10236,2
517795,F4037,1
517799,,0
51787,F18436,1
517877,F40714,1
517878,,0
517879,,0
517880,,0
517882,,0
517889,,0
517898,F15573,1
517901,F15492,1
517906,F15374,1
517949,F15559,1
517966,F15079,1
518092,F6359,1
51822,F17305,1
518237,F15327,1
518240,F15175,1
518242,F15177,1
518248,F15178,1
518289,,0
518466,,0
518467,,0
518578,F13780,1
518765,F35373,1
518900,F9547|F10088|F35661|F9805|F609|F610,6
518901,F9547|F10088|F35661|F9805|F609|F610,6
518934,,0
51895,F18157,1
519221,F11196,1
519222,F1431|F10500|F10763|F5011|F4486|F1729|F2579,7
519223,F5692|F4621|F4018,3
519226,F6960,1
519236,F21554,1
519356,F28140,1
519357,F28131,1
519358,F28132,1
519359,F28133,1
519360,F28134,1
519361,F28135,1
519362,F28136,1
519363,F28137,1
519365,F28139,1
519366,F29351,1
519367,F28141,1
519368,F28142,1
519369,F28143,1
519370,F28144,1
519371,F28145,1
519372,F28146,1
519373,F28147,1
519374,F28148,1
519375,F29350,1
519376,F30508,1
519377,F29369,1
519378,F29370,1
519379,F29371,1
519380,F29372,1
519381,F29373,1
519382,F29374,1
519383,F30505,1
519384,F30506,1
519385,F30507,1
519386,F30519,1
519387,F30509,1
519388,F30510,1
519389,F30511,1
519391,F30514,1
519392,F30515,1
519393,F30516,1
519394,F30517,1
519395,F30518,1
519398,F30521,1
519399,F30522,1
519438,F2624|F1136,2
519441,F902|F1847|F10448,3
519442,F10414|F10056,2
519571,F12225,1
519629,F5009|F4006|F3073,3
51965,F18543,1
51975,F17726,1
519766,,0
519808,,0
519822,F3435,1
51984,F41788,1
519865,,0
519867,,0
519868,F308,1
519871,F361,1
519919,,0
519931,F335,1
519932,F339,1
519967,F337,1
520000,,0
520124,,0
520126,,0
520128,,0
520149,,0
520159,F10815|F10614,2
520164,F11158|F10677|F10819,3
520175,F10935|F10676,2
520177,F11297|F10614,2
520183,,0
520188,F10512|F12781,2
520189,F11448|F10614,2
520204,F10675|F10511,2
520206,F10674|F12793,2
520209,F10937|F12925,2
520210,F11158|F10677|F10742,3
520211,F12862|F12798,2
520222,F10934|F12923,2
520223,F10816|F12923,2
520241,,0
520242,,0
52026,F17721,1
52034,F35722,1
52053,F17833,1
52054,F1592|F984|F2873,3
52059,F10751,1
520697,F10137|F9567|F9568,3
520731,F10827|F10919,2
520742,F9224|F9321|F9396|F9445,4
520770,F10560,1
520779,,0
520784,,0
520785,,0
520787,F10843|F12891|F12897,3
520788,,0
520790,F12891|F10522,2
520886,F25882,1
520890,F21955,1
520891,F27803,1
520895,F28884,1
520898,F27848,1
520899,F28885,1
520909,F27845,1
520922,F27840,1
520971,F27883,1
520972,F25881,1
520973,F31253,1
520974,F26767,1
520975,F27838,1
520980,F27849,1
520981,F27881,1
520985,F27806,1
520987,F30064,1
520988,F27879,1
520995,F17080,1
521093,F27884,1
5211,,0
521102,F25170,1
521104,F27893,1
521105,F25917,1
521106,F25919,1
521107,F26762,1
521108,F26763,1
521109,F26764,1
521110,F26770,1
521112,F27841,1
521114,F26849,1
521116,F27836,1
521117,F27837,1
521118,F27843,1
521120,F27895,1
521121,F27896,1
521122,F27802,1
521123,F27803,1
521124,F28887,1
521125,F28888,1
521126,F28889,1
521127,F28890,1
521128,F28986,1
521129,F28995,1
521155,F32684,1
521448,F27838,1
521449,F26847,1
521555,F38631,1
521573,F11214,1
521580,F11215,1
521596,F11669,1
521660,F3659,1
521815,F14094,1
52182,F11078,1
521845,F8161,1
521969,,0
521982,F2252|F2253|F4488,3
521983,F2252|F2253|F4488,3
521987,,0
522002,F4025,1
522005,,0
522015,F4633,1
522025,F11660,1
522032,F11659,1
522041,,0
522043,F11477,1
522046,F11645,1
522049,F11478,1
522051,F11472,1
522135,,0
522174,F29331,1
522175,F27190,1
522176,F28098,1
52218,,0
522183,F12146,1
522186,,0
522192,F11599,1
522195,F11602,1
522196,F12134,1
522236,F11441,1
522238,F11626,1
522271,F11591,1
522316,,0
522332,F11158|F10677|F11159|F11457|F11643,5
522333,F11448|F10614|F11449|F10932,4
522338,F10674|F12793|F10614|F11297|F11270,5
522339,F14018|F14022|F13530|F13978,4
522347,F12796|F12848|F12796|F12848|F12869|F12831|F10664|F12895|F12859,9
52238,,0
522427,F38931,1
522428,F38415,1
522431,F38769,1
522432,F39190,1
522438,F38933,1
522481,,0
522507,F14883,1
522512,F14543|F14210|F13873,3
522534,,0
52258,,0
522596,F35381,1
522598,,0
522627,F13827|F13828|F13635|F13976,4
522638,,0
522643,,0
522696,F36651|F10833|F35925|F35931|F36688,5
522772,F39594|F39593,2
522786,F40331,1
522795,,0
52280,,0
522810,F7952|F7951,2
522872,,0
522900,F11705,1
522902,F3197,1
522905,F1818|F9349|F9232|F10268|F1818|F10039|F2177|F2182,8
522913,F10362|F2478,2
522924,F11870,1
522928,F11297|F10614,2
522929,F11622|F11161|F11452|F11176,4
522930,F10675|F10511,2
522931,F11314|F10597,2
522969,,0
523023,F3186|F2257,2
523027,F3189|F2573,2
523029,F6449|F6134,2
52306,F1204,1
523065,,0
52307,F10966,1
523075,,0
523080,,0
523082,,0
523088,F35009,1
523090,F37374,1
523109,,0
523127,F851,1
523129,,0
523130,,0
523131,,0
523165,,0
523185,F937,1
52319,F17387,1
523235,,0
523349,,0
52335,F17941,1
523351,,0
523363,F34801|F33972|F33882,3
523428,,0
523485,F600|F601|F1148,3
523537,,0
523574,F524,1
523578,,0
52359,,0
52360,,0
523635,,0
523639,,0
523645,F38459,1
523646,F39144,1
523647,F39145,1
523648,F39146,1
52369,F36118,1
523695,,0
523702,,0
523709,,0
523710,,0
523714,,0
523716,,0
523820,,0
523822,,0
523824,,0
523837,F12353,1
523841,,0
523854,,0
523864,,0
523866,,0
52398,,0
523982,,0
523989,F11226,1
524028,F11473,1
524040,F11474,1
524078,F662|F584|F584|F9886,4
524102,F8186|F9797|F10042|F33832|F33830,5
524119,,0
524120,,0
524124,,0
524145,,0
524149,,0
524151,,0
524152,,0
524154,F524,1
524163,F39127,1
524165,F39147,1
524169,F36786|N48353|F41695|F41497|F41496,5
524180,,0
524185,,0
524190,,0
524198,,0
524218,,0
524220,,0
524369,,0
524374,,0
524375,,0
524377,,0
524378,,0
524382,F10348|F10164|F9995,3
524393,,0
524400,,0
524643,,0
524652,,0
524653,F39614,1
524654,,0
524674,F26903,1
524680,F27917,1
524681,F26022,1
524685,F24169,1
524686,F27919,1
524687,F29043,1
524689,F23768,1
524690,F27920,1
524694,,0
524696,F25262,1
524697,F26020,1
524698,F29038,1
524699,F25237,1
524700,F27918,1
524701,F29048,1
524702,F24166,1
524707,F30175,1
524708,F30176,1
524709,F25261,1
524710,F27003,1
524711,F23443,1
524713,F26892,1
524714,F30177,1
524715,F42667,1
524716,F29037,1
524717,F29148,1
524718,F29041,1
524719,F26897,1
524720,F26024,1
524721,F30170,1
524722,F29042,1
524724,F24678,1
524725,F29047,1
524726,F30196,1
524727,F29142,1
524728,F24642,1
524729,,0
524730,F23442,1
524767,F39220,1
524816,F27968,1
524817,F26900,1
524818,F27969,1
524819,F27916,1
524820,F27930,1
524821,F30178,1
524822,F30171,1
524823,F30172,1
524824,F30195,1
524825,F26898,1
524826,,0
524827,F30255,1
524828,F26896,1
524829,F30174,1
524830,F29145,1
524831,F30173,1
524832,F30947,1
524839,F29141,1
524840,F27932,1
524841,F30929,1
524842,F30197,1
524843,F30930,1
524844,F29138,1
524845,F29143,1
524846,F27931,1
524847,F26027,1
524848,F29147,1
524849,F30931,1
524850,F30928,1
524851,F30927,1
524852,F23047,1
52491,F37191,1
524943,,0
525015,F11314|F10597,2
525017,F10675|F10511|F10511,3
525018,F10513|F12781,2
525019,F10815|F10614,2
525023,F10936|F12787,2
525029,F10674|F12793|F10614,3
525030,F11624|F10511|F10815|F11331,4
525031,F10935|F10676,2
525032,F12862|F12798|F12825,3
525034,F11623|F10614,2
525035,F11448|F10614,2
525037,F10675|F10511,2
525038,F10513|F12781,2
525040,F11447|F10614,2
525048,F10936|F12787,2
525057,F10675|F10511,2
525058,F11622|F11161|F11452|F11176,4
525061,F11452|F10614,2
525064,F11297|F10614|F10675|F11451,4
525065,F11450|F10614,2
525069,F10675|F10511,2
52507,F36509,1
525074,F12890|F12778|F12862|F12923,4
525077,F10675|F10511|F10674|F12793|F10933,5
525087,F10815|F10614,2
525104,F11770,1
525107,F11158|F10677|F10819,3
525110,F10936|F12787,2
525111,F12862|F12798|F12890|F10615,4
525167,F21704,1
525177,F25254,1
525236,F27736,1
525247,F3864,1
525253,F9444|F9734|F10348|F2470,4
525259,F5347,1
525265,F9444|F9734|F10348|F2470,4
525268,F5913,1
525445,,0
525542,,0
52557,F17833,1
525651,F25444,1
525670,F31107,1
525702,F30215,1
525703,F30214,1
525719,,0
525721,,0
525722,,0
525762,,0
525838,,0
525988,,0
526086,,0
526088,,0
526119,,0
526120,,0
526146,F9647|F9861|F2024|F721,4
526147,F9707|F9411|F9435|F9391|F9831|F9556,6
526149,N48873,1
526158,F10414|F10056|F9808|F9600,4
526159,F10414|F10056|N48873|F9584,4
52618,F18731,1
526250,F40637,1
526334,F34239,1
526372,,0
526457,,0
526458,,0
526459,,0
526465,,0
526466,,0
526491,,0
526607,N-1,1
526608,F3183,1
526609,F6259,1
526610,F6277,1
526622,,0
526633,F31123,1
526643,F41198|F35696,2
52665,,0
526726,,0
526736,F37750|F41594,2
526760,,0
526861,F29569,1
527173,F30105,1
527300,F34292,1
527393,F4497,1
527394,F4498,1
527398,F9528|F9904|F9349|F9232|F9415|F10266,6
527399,F9528|F9904|F9349|F9232|F9415|F10266,6
527407,F15633,1
527408,F15662,1
527423,F15687,1
527429,F15690,1
527563,,0
527687,F6810,1
527717,F40708,1
527897,,0
527909,F11554,1
527913,F11856,1
527918,F12204,1
527924,F12919|F10680|F11114|F11112,4
527981,F10898|F10680,2
527989,F40804,1
527998,F15612,1
528003,F15619,1
528015,F15632,1
528026,F15179,1
528030,,0
528031,F41273|F41198|F41819|F36448,4
528035,,0
528041,F38691|F11709,2
528042,F25131,1
528056,F9624|F9426|F10254|F35751|F36881,5
528293,F1704,1
528334,,0
528409,,0
528421,F38652,1
528461,F10204|F597,2
528477,F6873,1
528478,F6865,1
528498,,0
528508,F6252,1
528608,,0
528609,,0
528611,,0
528612,,0
528613,,0
528614,,0
528615,,0
528616,F24126,1
528617,,0
528625,F23332|F23585,2
528664,,0
528767,F20874,1
528788,F40125,1
528806,F20873,1
528832,,0
528854,F15307,1
528856,,0
528858,F25330,1
528864,F20871,1
528868,F20878,1
528869,F20875,1
528923,,0
529002,F10137|F9569|F9732|F2006|F2415,5
529064,,0
529101,F21721,1
529107,F21846,1
529108,F21866,1
529112,F21865,1
529137,F39193,1
529218,F14296,1
529334,F31546,1
529378,F35151|F11038,2
529428,F35807|F41507|F41509,3
529454,,0
529584,F11129|F10903|F10604|F12796|F12848|F10739|F12920|F11808,8
529586,F34969,1
529595,F33984|F34626,2
529598,F37590|F3307,2
529603,F13271|F13945,2
529604,F9398|F9399|F9452|F9997,4
529605,F13462|F13578|F13483,3
529606,F26777,1
529623,F36334|F39609,2
529756,,0
52979,,0
529802,F39095,1
529808,F38998,1
529809,F38999,1
529810,F11892,1
529811,F11628,1
529813,F11433,1
529819,F6673,1
529821,F11625,1
529822,F11655,1
529824,F11785,1
529825,F11471,1
529828,F39122,1
529831,F11652,1
529834,,0
529848,,0
529849,,0
529854,,0
529857,,0
529859,,0
529864,F39889,1
529953,F30770,1
529956,,0
530020,F40815,1
530025,,0
530026,,0
530040,F39778,1
530041,F39777,1
530042,F39773,1
530043,F39772,1
530044,F39771,1
530045,F39770,1
530046,F39769,1
530059,,0
530060,,0
530061,,0
530062,,0
530063,,0
530065,,0
530066,,0
530067,,0
530068,,0
530103,F42498,1
530128,,0
530146,F7110,1
530202,F10535|F36821,2
530204,F35380,1
530252,F6808,1
530253,F7228,1
530254,F7225,1
530255,F7226,1
530256,F7224,1
530257,F7229,1
530258,F7227,1
530289,F15308,1
530362,,0
530372,,0
530373,,0
530374,,0
530375,,0
530382,F10724|F10775|F11382,3
530395,F31260,1
530397,F24561,1
530400,F27847,1
530419,,0
530423,,0
530424,F34969,1
530425,F2972|F4466,2
530433,,0
530437,,0
530439,,0
530476,F3758,1
530539,F12841|F12823|F527|F1316,4
530541,,0
530578,F39194,1
530657,,0
53080,,0
530805,F14644,1
530916,F15661,1
530919,F15658,1
530920,,0
530922,F8198,1
530924,,0
530925,,0
530926,F40952,1
530927,,0
531041,,0
531044,,0
53105,F41191|F9897|F41060,3
53110,F35418,1
53116,F33521,1
531207,F16144,1
531208,F16205,1
531209,F16309,1
531210,F16143,1
531213,,0
531216,F30218,1
53123,F22589,1
53137,,0
531440,,0
531443,,0
53147,,0
531474,F9655|F10655|F12839|F12909,4
531542,F39921,1
531566,N48873|F10414|F831|F4560,4
531576,F15607,1
531577,F15613,1
531580,F15617,1
531598,F15702,1
531624,F13706|F13617|F13466|F13467,4
531641,F42587,1
531649,,0
531660,,0
531661,F9485|F9613|F9632|F10049,4
531684,F10604|F12796|F12848|F10739|F12920,5
53169,,0
531698,,0
531710,,0
531824,F2378,1
531901,,0
531964,F11234,1
531983,,0
532020,,0
532061,F36592|F36969|F41273|F41538|F3891|F36274,6
532063,,0
532064,,0
532066,,0
532112,F37111|F37112|F10199|F9795|F4283,5
532120,F8407,1
532136,F30221,1
532157,F16312,1
53237,F17556,1
532384,N-1,1
532386,,0
53239,,0
532390,,0
532528,,0
53253,,0
532538,F25450,1
532539,F26231,1
532540,F33187,1
53256,F33521|F33522,2
532570,,0
53259,F22459,1
532627,,0
532656,F41419,1
532661,F2660|F2274|F36908|F35850,4
532705,,0
532706,,0
532709,,0
532710,,0
532711,,0
532712,,0
532738,F2447|F3858,2
53280,F2922,1
532805,,0
532806,,0
532810,,0
532811,,0
532812,F12327,1
532842,,0
532843,,0
532928,F14983,1
53293,,0
532930,F14720,1
532937,F14723,1
532940,F14717,1
532946,F14721,1
532947,F14719,1
532949,F14718,1
532966,F15469,1
532970,F15470,1
532988,F15477,1
533013,F33204,1
53302,F23936,1
53313,F24416,1
533134,F12796|F12848|F12818|F12887|F12827|F10831|F10740,7
533143,F12796|F12848|F10739|F12920|F12818|F12887|F12827,7
533209,F15157,1
533214,F15153,1
533216,F15472,1
533218,F15151,1
533219,F14981,1
533220,F15158,1
533224,F15149,1
533231,F15152,1
533350,F9624|F9426|F10074|F4122|F3533,5
533371,,0
533372,,0
533373,,0
533374,,0
533410,F14429,1
533412,F15071,1
533413,F15072,1
533414,F13503|F13655,2
533415,F30041,1
533418,,0
533420,,0
533421,,0
533422,,0
533427,,0
533534,,0
533537,,0
533538,,0
533540,,0
533541,,0
533548,,0
533550,,0
533551,,0
533555,,0
533557,,0
533563,,0
533568,,0
533570,,0
533571,,0
533577,,0
533580,,0
533584,,0
533592,,0
533593,F40715,1
533600,,0
533601,,0
533604,,0
533605,,0
533607,,0
533611,,0
533613,,0
533614,,0
533617,,0
533618,,0
533641,F31652,1
533643,F35146,1
533645,F33195,1
53387,F22456,1
533912,,0
533913,,0
533914,,0
533915,,0
533917,,0
533918,,0
533919,,0
533920,,0
533921,,0
533922,,0
533923,,0
533925,,0
533926,,0
533927,,0
533929,,0
533931,,0
533932,,0
533933,,0
533957,F37014,1
533960,F27829,1
533972,F28953,1
533998,F24053,1
534080,F42266,1
534083,F30122,1
534086,F30058,1
534102,F30103,1
534121,F30104,1
534247,F14819,1
534413,F15251,1
534415,F15253,1
534416,F15265,1
534418,F15380,1
534419,F15381,1
534427,F15407,1
534428,F15408,1
534430,F15420,1
534441,F1543|F10118,2
53445,,0
534623,F11654,1
534624,F11649,1
534731,F5911,1
534734,F5912,1
534735,F3957,1
534736,F10575|F9579|F9580,3
534746,,0
534749,,0
535040,,0
53511,F41682|F41683,2
535126,F15392,1
535325,,0
535360,F30169,1
535366,F9298|F9446|F9639|F9905,4
535371,F1551|F1237|F9244|F9480|F9673|F9590,6
535484,,0
535561,F5309,1
53559,,0
535590,,0
535592,,0
535599,,0
535600,,0
535602,,0
535603,,0
535626,,0
535627,F15208,1
53574,F35903,1
535815,,0
53582,F18180,1
535840,F3226,1
535842,F2786,1
53585,F18086,1
535856,F41081|F41050|F41087|F41118,4
535857,F41131|F41086|F41052|F41077,4
53586,F18479,1
535865,F4247,1
535866,F3223,1
53588,F18808,1
53590,F18810,1
535938,F40930,1
535940,F15600,1
535945,F15606,1
535947,F15616,1
535959,F14845,1
535960,F15272,1
535970,F15691,1
535975,F15693,1
535977,F15694,1
535978,,0
535979,F15696,1
535982,F15697,1
535986,F15699,1
535989,F1479|F10213|F35069|F36635,4
535990,F14992,1
535991,F37351|F36193|F38307|F37680,4
535993,F34113|F34113|F34546,3
535998,F15701,1
53610,,0
536173,,0
536179,,0
536186,,0
536228,,0
536239,F37446,1
53627,F31757,1
536276,F17971,1
536279,,0
536314,,0
536317,,0
536319,F1391|F2309,2
536320,F2133|F2245|F2647,3
536321,F2133|F2245|F2647,3
536322,F1551|F1237,2
536323,F5873,1
536328,,0
536458,,0
536476,,0
536524,F30841,1
536592,,0
536593,F33223,1
536594,F29404,1
536596,F33202,1
536597,F31659,1
536598,F31658,1
536600,F31656,1
536622,F11862,1
536636,,0
536773,F30810,1
536945,F38930,1
536950,F30231,1
536967,F11739,1
537093,,0
537108,,0
537167,,0
537169,,0
537170,,0
537199,F6980,1
537259,,0
537305,,0
537306,,0
537308,,0
537354,F34805|F34321,2
537374,F1915|F683|F18892,3
537389,F2180|F16200,2
537396,,0
537397,F29361,1
537408,F24718,1
537409,F42192,1
537410,F21187,1
537413,F20330,1
537431,,0
537435,,0
537437,,0
537441,,0
537518,,0
537868,F39161,1
537874,,0
537898,F34288,1
537900,F34261,1
537901,F34280,1
537961,F38389|F34878,2
537996,,0
538010,F39227,1
538011,,0
538012,F39230,1
538013,,0
538014,F39232,1
538015,,0
538016,,0
538060,,0
538130,F2391|F475,2
538132,F12900|F12819|F11061|F10910,4
538237,,0
538260,F28180,1
538261,F15213,1
538262,F27247,1
538264,,0
538272,,0
538273,,0
538274,,0
538276,,0
538277,,0
538278,,0
538279,,0
538280,,0
538391,,0
538419,F11064|F10942|F11065|F11052,4
538442,,0
538447,,0
538448,,0
538449,,0
538450,,0
538451,,0
538452,,0
538454,,0
538522,F29632,1
538528,F30228,1
538573,F41403|F9951|F10284|F9244|F9480|F9673|F9590,7
538715,,0
538717,,0
538766,,0
538772,,0
538786,,0
538788,,0
538789,,0
538886,,0
538887,,0
538889,,0
538890,,0
538928,,0
538945,,0
538954,F1668|F2494|F1566|F2865,4
538956,F30815,1
538998,,0
539016,F38100,1
539021,,0
53911,,0
53915,,0
539202,F6066,1
539210,F6067,1
539212,F6074,1
539241,F41860|F37212|F1881|F41862,4
539247,F3300,1
539347,F31647,1
539349,F31646,1
539359,,0
539362,,0
539367,,0
539377,,0
539623,F30840,1
539850,,0
540391,F600|F601,2
540398,F10210|F1148|F886,3
540406,,0
540407,,0
540408,,0
540419,F14587,1
540454,,0
540456,,0
540513,,0
540528,F15244,1
540537,,0
540666,F29187,1
540707,F29187,1
540712,,0
540715,,0
540720,,0
540721,,0
540722,,0
540723,F6545,1
540726,F29187,1
540756,F30285,1
540778,,0
540782,F30285,1
540953,F13946,1
540979,F14404,1
540991,F38479,1
541013,,0
541023,,0
541107,F30771,1
541113,F12796|F12848|F12869|F12831,4
541116,F30769,1
541190,F709|F2851,2
541191,F747|F36821|F37333,3
541204,,0
541205,,0
541206,,0
541207,,0
541208,,0
541209,,0
541309,F3331,1
541310,F3332,1
541312,F3329,1
541313,F3333,1
541315,F2443,1
541319,,0
541386,F15912|F1587,2
541388,F2377|F2424,2
541390,F2377|F2424,2
541394,F1278|F2099,2
541398,F9342|F9322|F9363|F9499|F1982,5
54146,F39414|F39415|F39355|F39476|F39476,5
54148,F39474|F39597|F39820|F39817|F39890|F39434|F39610|F39458|F8279|F39349|F39367|F39391|F39458|F39475|F39369|F39434|F39610|F39458,18
54150,,0
541556,F4868,1
541562,F35881|F36803,2
541564,F36422|F36421,2
541591,F3134,1
541603,F4724,1
541607,F2384,1
541610,F1926,1
541612,F1919,1
541669,F29914,1
541811,,0
541814,,0
541826,,0
541842,,0
541862,,0
541866,,0
541890,,0
541925,,0
541927,,0
541973,F4824,1
542070,F23371|F9468|F9351,3
542073,F23371,1
542074,,0
542075,F23371|F9468|F9351,3
542077,F26643,1
542078,F25773,1
542079,,0
542080,,0
542082,,0
542128,,0
542129,,0
542130,,0
542131,,0
542132,,0
542133,,0
542134,,0
542135,,0
542137,F14660,1
542165,,0
542169,,0
542171,,0
542172,,0
542173,,0
542175,,0
542176,,0
542181,,0
542185,,0
542187,,0
542190,,0
542198,,0
542205,,0
542217,,0
542218,,0
542220,,0
542221,,0
542224,,0
542240,,0
542252,,0
542253,,0
542255,,0
542336,,0
542337,,0
542364,F15147,1
542371,N-1,1
542581,F11173|F12818,2
542607,,0
542608,,0
542610,,0
542611,,0
542615,,0
542618,,0
54262,,0
542625,,0
542626,,0
542627,,0
542628,,0
542629,,0
542631,,0
542632,,0
542699,F42627,1
542709,,0
542871,,0
542876,,0
542881,,0
542954,,0
542968,,0
543293,F9959|F9595|F1555|F10295,4
543321,F204,1
543323,F205,1
543324,F200,1
543326,F206,1
543327,F201,1
543329,F202,1
543338,,0
543404,F41801|F41575,2
543405,F41801|F36005|F39455|F39449,4
543406,F12224|F11637,2
543407,F9015,1
543411,F12817|F10518|F12818,3
543412,F38448,1
543417,F5052,1
543507,,0
543508,,0
543510,,0
543521,,0
543522,,0
543523,,0
543526,,0
543527,,0
543528,,0
543529,,0
543531,F28902,1
543581,,0
543582,,0
543583,,0
543584,,0
543586,,0
543588,,0
543594,,0
543597,,0
543619,,0
543647,,0
543649,,0
543650,,0
543651,,0
543652,,0
543653,,0
543654,,0
543655,,0
543656,,0
543657,,0
543660,,0
543662,,0
543664,,0
543665,,0
543666,,0
543668,,0
543669,,0
543670,,0
543712,F4312,1
543719,,0
543725,,0
543730,,0
543731,,0
543732,,0
543733,,0
543749,,0
543753,,0
543757,,0
543758,,0
543759,,0
543760,,0
543769,,0
543786,,0
543796,F21837,1
543802,,0
543803,,0
543804,,0
543805,,0
543806,,0
543807,,0
543808,,0
543860,F9813|F10461,2
543912,,0
543913,F24730,1
543922,,0
543943,F8542,1
543944,F8329,1
543968,F2449,1
543984,,0
543992,F10219|F10066|F10464|F940,4
543993,F40931,1
543996,F15611,1
544110,F806|F35884,2
544120,F26234,1
544121,F31648,1
544175,F12418,1
544187,F4467|F38293|F2107,3
544194,,0
544245,F15056,1
544484,,0
544486,,0
544555,F41096|F9897|F41192|F41427|F41504|F41181,6
544564,,0
544634,F15292,1
544635,F15688,1
544673,F15637,1
544680,,0
544682,,0
544684,F39474|F39597|F40069|F25157|F24086,5
544733,,0
544840,F7146,1
544842,F7147,1
544849,F7149,1
544871,,0
544916,,0
544917,,0
544920,F41436,1
544925,F23405,1
545087,,0
545088,,0
545089,,0
545092,,0
545093,,0
545094,,0
545095,,0
545102,,0
545211,,0
545212,,0
545213,,0
545214,,0
545215,,0
545231,F25847,1
545389,F15309,1
545424,,0
545432,F20527,1
545433,F20529,1
545434,F21370,1
545435,F21377,1
545436,F21378,1
545476,F20528,1
545479,,0
545480,F20524,1
545494,F20920,1
545541,,0
545542,,0
545547,F20526,1
545570,F21371,1
545637,,0
545650,F6949,1
545715,,0
545788,N48873|F9584|F2615|F2611,4
545842,F21380,1
545843,F21366,1
545883,,0
545888,,0
545889,,0
546042,,0
546043,,0
546187,,0
546192,,0
546195,,0
546197,,0
546200,,0
546203,,0
546204,,0
546205,,0
546207,,0
546208,,0
546210,,0
546249,,0
546250,,0
546251,,0
546258,,0
546260,,0
546261,,0
546262,,0
546263,,0
546314,,0
546315,,0
546319,,0
546320,,0
546321,,0
546324,,0
546327,,0
546471,,0
546475,,0
546511,,0
546512,,0
546513,,0
546515,,0
546516,,0
546538,,0
546539,,0
546540,,0
546541,,0
546542,,0
546543,,0
546544,,0
546545,,0
546547,,0
546548,,0
546549,,0
546550,,0
546551,,0
546552,,0
546553,,0
546554,,0
546555,,0
546556,,0
546557,F12317,1
546558,,0
546561,,0
546563,,0
546565,,0
546576,,0
546577,,0
546735,F4310,1
546738,,0
547068,F27846,1
547127,F3532|F10210|F1148,3
547224,,0
547379,,0
547386,,0
547387,,0
547388,,0
547401,,0
547403,,0
547406,,0
547420,,0
547508,F40791,1
547563,,0
547564,,0
547574,,0
54763,F22457,1
547703,F40773,1
547705,F40771,1
547713,F40774,1
547871,,0
547935,F40772,1
548200,F9619,1
548202,F9265|F9233,2
548209,F40770,1
548210,F40769,1
548219,F10001|F9748|F10414|F10056|F838,5
548315,,0
548316,,0
548428,F33208,1
548502,F7672|F7671|F7651|F7659|F7656|F7766|F7643|F7652|F7664|F7665|F7834|F7726,12
548503,F7698|F7834|F7726|F22599|F7661|F7711|F7749|F7712,8
548505,F7645|F7655|F7648|F7708|F7768|F7799|F7643|F7652|F7664|F7665|F22737|F7736|F7754|F7745|F7748|F7694|F7688|F7798|F7797,19
548506,F7645|F7655|F7648|F7708|F7768|F7799|F7643|F7652|F7664|F7665|F7647|F7654|F7662|F7723,14
548507,F7698|F7834|F7726|F22599|F7661|F7711|F7749|F7712|F7672|F7671|F7651|F7659|F7656|F7766|F7643|F7652|F7664|F7665|F7834|F7726,20
548510,F22760|F22737|F24088|F8315,4
548512,F7736|F7754|F7745|F7748|F23019|F23179|F7834|F7726|F7643|F7652|F7664|F7665|F7834|F7726|F23406|F7643|F7652|F7664|F7665|F7834|F7726,21
548515,F7736|F7754|F7745|F7748|F7736|F7754|F7745|F7748|F23019,9
548518,F7736|F7754|F7745|F7748|F7736|F7754|F7745|F7748|F23019,9
548519,F7736|F7754|F7745|F7748|F7736|F7754|F7745|F7748|F23019,9
548532,F7643|F7652|F7664|F7665,4
548533,F7662|F7677|F7776|F7802|F7676|F7686,6
548534,F7736|F7754|F7745|F7748,4
548535,F7645|F7655|F7648|F7708,4
548536,F39563|F39389|F39406|F39368,4
548676,F15044,1
548689,F11781,1
548708,F40584,1
54880,F11231,1
548901,F40829,1
548902,F40830,1
54892,F11230,1
548955,,0
548963,F15692,1
548964,F15695,1
548968,F15698,1
548971,F15700,1
548972,F15328,1
549020,F34801|F33972,2
549021,F34801|F33972,2
54912,,0
54918,,0
54925,,0
549317,,0
549325,,0
549326,,0
549327,,0
549328,,0
549329,,0
549331,,0
549335,,0
549382,,0
549385,,0
549393,,0
549394,,0
549484,,0
549485,,0
54951,,0
549517,F21806,1
549531,F21804,1
549534,F16515|F16199,2
549536,,0
549545,,0
549560,F9224|F9321|F9396|F9445|F4346,5
549561,F9224|F9321|F9396|F9445|F4346,5
549576,F38179,1
549577,F39068,1
549578,F39060,1
549579,F39069,1
549580,F39062,1
549581,F39065,1
549582,F38475,1
549584,F38474,1
549585,F38682,1
549586,F39058,1
549587,F39057,1
549588,F39067,1
549627,F21647,1
549634,F21726,1
549636,F21708,1
549640,F21645,1
549642,F21646,1
549643,F21648,1
549648,F27451,1
549649,F28760,1
549650,F28489,1
549651,F31128,1
549652,F31129,1
549840,,0
549841,,0
549846,F34438,1
549847,F39101,1
549848,F38065,1
549849,F34439,1
549852,F6114,1
549853,F25032,1
549854,F26582,1
549887,F25448,1
549895,F25451,1
549901,F4029|F39074,2
549902,F585|F9797|F10042|F2749|F6073|F39088,6
550117,F2969,1
550138,F3476,1
550139,F4982,1
550142,F23589,1
550190,F3496,1
55021,,0
550210,F10304,1
550268,,0
550272,F28570,1
550273,F29786,1
550276,F29730,1
550278,F30891,1
550279,F30893,1
550390,,0
550432,F28526,1
550482,F41193|F41270|F41270|F41193|F41270|F41270,6
550483,,0
550487,,0
550491,,0
550492,,0
550493,,0
550494,,0
550499,F24424,1
550627,,0
550646,F24423,1
550872,F29717,1
550879,,0
550882,,0
550884,,0
550885,F30900,1
550958,F29112,1
550959,,0
550963,F29736,1
550964,F23943,1
550975,F29105,1
550976,F26483,1
550977,F29738,1
550978,,0
550979,F26478,1
550981,F27517,1
550982,F26481,1
550983,F26480,1
550984,F29740,1
550985,F28544,1
550995,,0
551060,F26482,1
551061,F22980,1
551062,F23587,1
551063,F29741,1
551064,F29737,1
551065,F26479,1
551066,F25794,1
551067,F29739,1
551068,F29744,1
551069,F29745,1
551071,F23943,1
551074,,0
551118,,0
551119,,0
551197,F3596,1
551198,F4167,1
551199,F5067,1
551333,F12370,1
551349,,0
551497,F20725,1
551498,F21319,1
551499,F21118,1
551500,F20724,1
551575,F21085,1
551602,F40805,1
551664,F19655,1
551677,F3292,1
551689,,0
551693,,0
551694,,0
551706,,0
551825,,0
551830,,0
551874,F37882,1
551875,,0
551876,F41733|F37069,2
551877,F37881,1
551984,,0
55202,,0
552074,,0
552193,,0
55224,,0
552387,F27218,1
552403,,0
552583,,0
552585,,0
552591,F8356,1
552593,,0
55275,,0
55305,,0
55311,,0
55312,,0
553249,F29743,1
553255,F29742,1
553302,,0
553446,F9244|F9324|F9393|F9636|F685,5
553447,,0
553452,,0
553514,F10137|F9444|F9212|F9641|F10348|F2921,6
553516,F2506|F882,2
553522,,0
553586,F1828|F3482|F41495|F35980,4
553587,,0
553606,,0
553652,F16516|F16356,2
553680,F25680,1
553845,,0
553850,,0
553910,,0
55395,,0
554032,,0
55404,F17566,1
554078,,0
554079,,0
554080,,0
554081,,0
554082,,0
554083,,0
554084,,0
554085,,0
554086,,0
554087,,0
554088,,0
554089,,0
554095,,0
554104,,0
554132,,0
554133,,0
554134,,0
554135,,0
554136,,0
554137,,0
554138,,0
554139,,0
554140,,0
554141,,0
554142,,0
554143,,0
554144,,0
554145,,0
554146,,0
554147,,0
554148,,0
554149,,0
554151,,0
554152,,0
554153,,0
554154,,0
554155,,0
554156,,0
554295,F25236,1
554296,F25235,1
554312,F28127,1
554313,F28126,1
554315,F6989,1
554318,F27220,1
554319,F20342,1
554320,F20352,1
554321,F20354,1
554322,F20340,1
554324,,0
554326,,0
554328,,0
554329,F7235,1
554330,F7236,1
554515,,0
554517,,0
554518,F7238,1
554533,F7239,1
554534,,0
554575,,0
554576,,0
554617,,0
554623,,0
554631,F8109,1
554632,F34486,1
554741,F33196,1
554778,F7240,1
554834,F17214,1
554836,,0
554837,F26727,1
554839,F27789,1
554840,F29972,1
554896,F17213,1
555006,F7241,1
555032,F7242,1
555076,F31815,1
555083,F31816,1
555143,F18805,1
555144,F24717,1
555146,F19509,1
555147,F8611,1
555149,F19510,1
555160,F7243,1
555163,,0
555164,F7244,1
555165,,0
555180,F7245,1
555182,F7246,1
555187,F7247,1
555188,F7248,1
555252,F14817,1
555273,,0
555274,,0
555293,F39290,1
555329,,0
555436,F39289,1
555483,F39288,1
555484,,0
555497,,0
555597,F7366,1
555602,F7368,1
555609,F6418,1
555610,F1011|F1606,2
555611,F6419,1
555612,F6420,1
555613,F1011|F9444|F9212|F9641,4
555614,F6421,1
555615,F6422,1
555616,F2506|F882,2
555617,F1457|F614,2
555618,F2689|F4669|F10210|F1148,4
555619,F902|F1847|F896|F12861,4
555621,F3112|F620|F10099|F10454|F10227|F938,6
555622,F10210|F1148|F3515|F3114,4
555627,F600|F601|F2165|F2682,4
555628,F3108|F2217,2
555629,F4135,1
555631,F1818|F9349|F9232|F10268,4
555634,F9547|F10088|F35661|F9805|F609|F610,6
555635,F4513,1
555636,F6945,1
555637,F6946,1
555638,F4007,1
555639,F4557|F3488|F10392|F10310,4
555640,F4555|F3492|F4008,3
555642,,0
555655,F3492|F4008|F4009|F2768,4
555656,F3492|F4008|F4009|F2768,4
555657,F3492|F4008|F5562,3
555658,F4006|F4556|F1831|F3490,4
555659,,0
555660,F1262|F1604|F1261|F974,4
555661,F2058|F1660|F1262|F2059,4
555663,F1668|F2494|F1566|F2865,4
555681,,0
555695,,0
555698,F7365,1
55572,,0
555749,,0
555752,,0
555844,F14953|F10137|F9569|F9732|F20586,5
555867,,0
555946,F33201,1
555949,F33182,1
555950,F33192,1
556000,F9624|F9426|F9348|F9374|F9624|F9426|F10061,7
556002,F9624|F9426|F9348|F9374|F9624|F9426|F10074,7
556005,F9624|F9426|F1119|F9624|F9426|F10074,6
556006,,0
556007,F15245,1
556017,,0
556030,,0
556031,,0
55616,F39955,1
556164,F31817,1
55618,,0
55619,,0
556210,F31651,1
556211,,0
556212,,0
556329,,0
556406,F20761,1
556413,F21191,1
556415,F21654,1
556416,F21644,1
556418,F8140,1
556419,F8140,1
556420,F8140,1
556421,F8140,1
556422,F8140,1
556423,F8140,1
556430,F8140,1
556432,F8140,1
556434,F8140,1
55651,,0
55658,F11100,1
55659,F10886,1
55662,F11260,1
55672,F11262,1
556815,,0
556817,,0
556958,F42512,1
556959,F42479,1
556964,,0
556965,,0
556967,F3765,1
557059,F42530,1
557076,F11375,1
557108,,0
557110,,0
557144,F16634,1
557237,,0
557238,,0
557321,F31796,1
557369,,0
557380,,0
557381,,0
557382,,0
557383,,0
557386,,0
557387,,0
557392,,0
557393,,0
557394,,0
557395,,0
557396,,0
557397,,0
557461,,0
557462,,0
557463,,0
557466,F9289|F9234|F9760|F9460|F9585|F1200,6
557468,F37420,1
557478,,0
557480,,0
557507,,0
557521,F16637,1
557522,F16638,1
557653,F13674,1
557660,F29110,1
557689,F14726,1
557690,F40807,1
557692,F32565,1
557725,,0
557726,F17247,1
557732,,0
557735,F34801|F33972|F33882,3
557737,,0
55778,F9608|F9609|F41178|F41249,4
557803,,0
557808,,0
557809,,0
557810,,0
557811,,0
557813,,0
557818,F42231,1
557964,,0
558008,,0
558011,,0
558034,,0
558115,,0
558116,,0
558117,F42513,1
558121,F31813,1
558122,,0
558139,F5363,1
558175,F41182|F41604|F35834|F36572,4
558200,,0
558201,,0
558207,,0
558219,,0
558251,,0
558353,,0
558381,F747|F36821|F36985,3
558391,F37023|F37022|F36488|F36487,4
558394,F36488|F37460|F36998|F36999,4
558439,,0
558456,F15689,1
558542,F912|F2669,2
558545,F391,1
558546,F371,1
558547,F372,1
558555,F374,1
558556,F395,1
558566,F377,1
558572,F9638|F9555|F9339|F41403|F9951|F10284|F9542|F9950|F9555|F9339|F41403|F9951|F10284,13
558573,F9638|F9555|F9339|F41403|F9951|F10284|F9542|F9950|F9555|F9339|F41403|F9951|F10284,13
558574,F9638|F9555|F9339|F41403|F9951|F10284|F9542|F9950|F9555|F9339|F41403|F9951|F10284,13
558575,F9638|F9555|F9339|F41403|F9951|F10284|F9542|F9950|F9555|F9339|F41403|F9951|F10284,13
558576,F9244|F9324|F9324|F9324|F9244|F9480|F9673|F9590,8
558577,F9244|F9324|F9324|F9324|F9244|F9480|F9673|F9590,8
558578,F9244|F9324|F9324|F9324|F9244|F9480|F9673|F9590,8
558580,F9244|F9324|F9324|F9324|F9244|F9480|F9673|F9590,8
558598,,0
558635,,0
558637,,0
558638,,0
558666,F8921,1
558672,,0
558676,,0
558683,F14451,1
558686,,0
55869,,0
558723,,0
558763,,0
558766,,0
558795,,0
558796,,0
558802,,0
558805,,0
558807,,0
558808,,0
558814,,0
558817,,0
558819,,0
558822,,0
558823,,0
558826,,0
558888,,0
558956,F20034,1
558957,F20037,1
558983,F378,1
558986,F380,1
558989,F376,1
559073,,0
559169,,0
559171,,0
559173,,0
559174,,0
559175,,0
559192,F31814,1
55948,F9372|F9606|F9604|F9330,4
55949,F9372|F9530|F9605,3
55950,,0
55951,F9387|F42604|F42611|F9495,4
55953,F41051|F9235|F41094|F9316,4
55954,F41412|F13582,2
55955,N47680,1
55956,F33674|F9291|F9668,3
55964,F17178,1
559649,F9244|F9324|F9324|F9244|F9480|F9673|F9590,7
559653,F9244|F9324|F9324|F9244|F9480|F9673|F9590,7
55972,F15947|F15946|F15929|F15928,4
559728,,0
559729,,0
559768,F15363,1
559813,F6500,1
559814,F6505,1
559856,F14991,1
55988,,0
559954,F3690,1
559955,F3540,1
559956,F10553|F10562|F10554|F10679,4
559957,F4215,1
559960,F2572,1
559961,F3539,1
559963,F3553,1
559964,F3530,1
559966,F2571,1
56016,F40004,1
560214,,0
560215,,0
560217,,0
56042,F41178|F41248|F41108|F41194,4
56048,F9608|F9609|F41159|F41177|F41206,5
56050,F41207|F41249|F9608|F9609|F41125,5
56053,F41207|F41315,2
560541,F33867|F28427,2
560618,F40416,1
560767,,0
560798,,0
560853,,0
560858,F13351,1
560859,,0
560860,,0
560863,,0
560864,,0
560865,,0
560866,,0
560871,,0
560881,F8359,1
56097,F41412|F13582,2
560987,,0
560988,,0
560989,F38644|F38431|F36266|F36748,4
560990,F10210|F1148|F886|F1148|F5623|F10210|F1148|F886|F5043,9
560996,,0
560997,F2927|F4364|F2926|F4359,4
561004,,0
561016,,0
561017,,0
56103,F9693|F9426|F1174|F659,4
561115,,0
56113,,0
56117,F15848|F15843,2
561244,,0
561245,,0
561246,,0
561247,,0
561248,,0
561299,F6098,1
561407,,0
561410,,0
561416,,0
561422,,0
561423,,0
561424,,0
561426,,0
561427,,0
561429,,0
561431,,0
561435,,0
561541,F14474,1
561573,F14508,1
561575,F4909,1
561778,,0
561780,,0
561781,,0
561782,,0
561784,,0
561785,,0
561786,,0
561787,,0
561803,,0
561805,,0
561822,F14957,1
561844,,0
561863,,0
561865,,0
561872,,0
561876,,0
561884,,0
561891,,0
561916,,0
561931,,0
562035,F15111,1
562135,,0
562147,F15324,1
562149,F15325,1
562167,F14548,1
562213,,0
562233,,0
562237,,0
562239,,0
562250,,0
56232,F12768|F12767|F12816|F12806,4
562357,F14763,1
562361,F14206,1
562364,F14221,1
562369,,0
562370,,0
562373,,0
562385,F5054,1
562388,F4604,1
562391,F4199,1
562397,F14392,1
562464,,0
56247,F10148|F35385,2
562576,F31644,1
56260,F10148|F35385,2
562606,F5594,1
562722,F3263|F2832|F1938|F2402,4
562759,,0
562760,,0
562762,,0
562765,,0
562768,F26755,1
562769,F31833,1
562770,F31124,1
562772,F30844,1
562773,F31838,1
562774,F31837,1
562775,F31840,1
562798,,0
562847,F10414|F10056|F5094|F5017,4
56285,,0
56289,,0
562917,F31620,1
562921,F31617,1
562922,F31623,1
562923,F31624,1
562924,F31618,1
562925,F31619,1
562926,F31628,1
56293,,0
56296,F18480,1
562962,F3263|F2832|F1938|F2402,4
562964,F3739|F695|F3741|F1937,4
563004,,0
563021,F40230,1
563040,,0
563092,F31336,1
563119,F20979,1
563121,,0
563126,F31338,1
563127,F31339,1
563156,,0
563230,,0
563234,,0
563260,,0
563396,F31284,1
563473,,0
563494,F31284,1
563676,,0
563680,,0
563716,F31563,1
563717,F31563,1
563719,,0
563723,F23511,1
563783,,0
563815,F21346,1
563817,F17367,1
563820,F20514,1
563822,F18067,1
563833,,0
563840,,0
563842,,0
563844,F31429,1
563847,,0
563908,,0
563914,,0
563934,,0
563938,F600|F601|F6263,3
563941,F600|F601|F6263,3
563944,,0
563945,,0
563946,,0
563952,,0
563955,,0
563956,,0
563957,F35055,1
563958,,0
563961,,0
56404,F1301,1
564360,F30532,1
564401,,0
564446,,0
564580,,0
564642,,0
564643,,0
564655,,0
564656,,0
564672,,0
564708,F3263|F2832|F1938|F2402|F3339|F3741|F1937,7
564749,,0
565109,,0
565110,,0
565119,,0
565120,,0
565121,,0
56533,F23643,1
565364,,0
565367,,0
565368,,0
565369,,0
565370,,0
565474,,0
565475,,0
565480,,0
565486,,0
565490,,0
565492,,0
565494,,0
565497,,0
565500,,0
565501,,0
565503,,0
565614,,0
565615,,0
565901,,0
565933,F31828,1
565938,F31834,1
565942,F31832,1
566050,F32131,1
566079,,0
566090,,0
566091,,0
566097,,0
566145,,0
566163,,0
566164,,0
566166,,0
566170,F8573,1
566203,,0
566279,,0
566284,,0
566326,F1472|F1471|F875|F1468,4
56645,,0
566554,,0
566556,,0
566559,,0
566560,,0
566564,,0
566573,,0
566585,,0
566588,F30845,1
566603,,0
566656,F30846,1
566667,,0
566770,,0
566793,,0
566814,,0
56700,F1403,1
567109,,0
567119,,0
567148,,0
567190,,0
567238,,0
567239,,0
567261,,0
567263,,0
567277,F19808,1
567330,F30846,1
567331,F30845,1
567422,F12796|F12848|F12848|F12796|F12848|F12796|F12848|F12869|F12831|F10664,10
567430,F12796|F12848|F12848|F12796|F12848|F12869|F12831|F10664,8
567451,,0
567459,,0
567465,,0
567478,,0
567479,,0
567493,,0
567496,,0
567498,,0
567507,,0
567513,,0
567531,,0
567532,,0
567562,F5113,1
567595,F31918,1
567599,F34026,1
567600,,0
567602,,0
567615,F31991,1
567638,,0
567665,,0
567687,,0
567694,,0
567695,,0
567696,,0
567708,,0
567742,,0
567886,,0
567887,,0
567924,,0
567926,,0
567927,,0
567928,,0
567932,,0
567982,F22084,1
56801,F13563,1
568047,F12979|F42366|F42366,3
568055,F537|F42366,2
568097,,0
568135,,0
568152,,0
568226,,0
568227,,0
568228,,0
568229,,0
568230,,0
568233,,0
568234,,0
568284,F15925,1
568285,,0
568288,,0
568289,,0
568290,,0
568291,,0
568292,,0
568315,,0
568316,,0
568317,,0
568318,,0
568319,,0
568321,,0
568323,,0
568360,,0
568361,,0
568364,,0
568365,,0
568380,,0
568381,,0
568384,,0
568494,F39117,1
568496,F34041,1
568498,F6744,1
568499,F6375,1
568524,,0
568595,,0
568787,,0
568795,,0
568799,,0
568881,,0
568945,,0
568947,,0
568948,,0
568954,,0
568968,,0
568969,,0
568982,,0
568985,,0
568986,,0
568987,,0
568988,,0
568989,,0
568990,,0
568993,,0
568998,,0
569012,,0
569014,,0
569016,,0
569017,,0
569020,,0
569026,,0
569031,,0
569033,,0
569035,,0
569042,,0
569053,,0
569054,,0
569057,,0
569105,F5692,1
569189,,0
569194,,0
569204,,0
569208,,0
569228,,0
569367,F15298,1
569368,F15299,1
569370,F15300,1
569376,F14346,1
569383,F14682,1
569426,,0
569440,,0
569458,,0
569504,F2209|F10414|F10056|F838,4
569514,F3585|F3042,2
569519,N48873|F10414|F831|F10414|F10056,5
569523,F2612|F6137,2
569527,F4561,1
569533,N48873|F10414|F10056|F2586,4
569536,,0
569585,,0
569600,F31337,1
569602,F15155,1
569608,F15156,1
569634,,0
569635,,0
569637,,0
569638,,0
569640,,0
569660,,0
569734,,0
569768,F8568,1
569775,,0
569779,,0
569814,,0
569818,,0
569823,,0
569825,,0
569826,,0
569853,F16642,1
569862,,0
569864,F31792,1
569917,,0
569918,,0
569923,,0
569928,,0
570035,F2575|F3095|F10001|F9748|F755,5
570036,F4649|F3479,2
570037,F5522|F5003,2
570038,F5007|F5006,2
570039,F9311|F10396|F3097,3
570105,,0
570233,,0
570234,,0
570237,,0
570241,F36037|F36975|F36701,3
570324,,0
570328,,0
570392,,0
570405,F31206,1
570410,F31203,1
570413,F31191,1
570418,F31200,1
570422,F20914,1
570423,F31202,1
570424,F31192,1
570426,F31198,1
570429,F34568,1
570431,F31205,1
570442,F31194,1
570443,F31201,1
570447,F31204,1
570461,F31207,1
570462,F31190,1
570501,,0
570578,F39217,1
570580,F39219,1
570581,F39221,1
570582,F39222,1
570583,F39224,1
570584,F39225,1
570586,F39226,1
570589,F39234,1
570590,F39233,1
570591,F39231,1
570592,F39228,1
570709,,0
570725,,0
570727,,0
570735,,0
570746,,0
57084,,0
57085,,0
57087,,0
570877,F31680,1
570883,,0
570892,F31681,1
570899,F10199|F9795|F2596,3
570903,F10199|F9795|F10199|F9795|F815,5
570911,F10137|F9569|F9732|F10137|F9569|F9732|F3829,7
570915,F747|F36821|F747|F36821,4
570926,F34105|F34104|F36828|F34060|F1157,5
570987,F9224|F9321|F9396|F9445|F4877,5
570988,,0
571006,,0
571016,,0
571151,,0
571202,,0
571203,,0
571212,,0
571213,,0
571231,,0
571233,,0
571234,,0
571235,,0
571236,,0
571240,,0
571241,,0
571351,,0
571366,,0
571406,,0
571420,,0
571423,,0
571449,,0
571450,,0
571792,,0
571844,,0
571879,,0
571907,,0
571908,,0
571909,,0
571910,,0
571911,F3725,1
571941,,0
571943,,0
571960,F15402,1
571993,F15403,1
571995,,0
571999,F15376,1
572001,F15379,1
572037,F15382,1
572040,F15383,1
572051,,0
572060,,0
572074,,0
572088,F38783,1
572108,,0
572123,F30921,1
572181,F32081,1
572182,F32080,1
572228,F11064|F10942|F11065|F11052,4
572242,F15384,1
572243,F15385,1
572247,F15387,1
572271,F15388,1
572278,F15389,1
572685,,0
572686,,0
572688,,0
572689,,0
572690,,0
572691,,0
572695,,0
572696,,0
572711,F21142,1
572778,F28901,1
572833,F32063,1
57289,F11212,1
57290,F2814,1
57291,F11279,1
57292,F33602,1
572922,F31213,1
57293,F33615,1
572940,F31213,1
572978,,0
572980,F30137,1
572981,F30025,1
573096,F10137|F9569|F9732|F20586,4
573181,,0
573218,F41213|F41144|F41642|F9897|F10303|F10235|F9697|F10037|F10037|F10303|F10235|F9697|F10037|F10037,14
573222,F41213|F41144|F41642|F9897|F10303|F10235|F9697|F10037|F10037,9
573251,F38277|F38276|F4000|F41644|F41281|F36824|F10303|F10235|F9697|F10037|F10037|F10303|F10235|F9697|F10037|F10037,16
573365,F3538,1
573383,F4951|F5456,2
573386,F4951|F5456,2
573387,F4951|F5456,2
573388,F37557|F38798|F21501,3
573392,F37557|F38798|F37557|F38798,4
573394,F10303|F10235|F9697|F10037|F10037|F141,6
573396,F10303|F10235|F9697|F10037|F10037|F141,6
573398,F5455|F5456,2
573465,,0
573487,,0
573515,F10137|F9569|F9732|F20586,4
573557,F10219|F3007|F3659|F4623,4
573558,,0
573560,,0
573561,,0
573570,F10137|F9569|F9732|F5946|F5619,5
573576,F10219|F3007|F4785|F5265,4
573577,,0
573578,,0
573583,,0
573584,,0
573585,,0
573592,F13478|F1108,2
573623,F3689|F4016|F1431|F5264,4
573625,,0
573649,F27631|F27630,2
573653,,0
573659,,0
573660,,0
573661,,0
573665,F22085,1
573795,F2403|F2404|F3741|F1937,4
573862,F28626,1
573864,F20539,1
573867,F20890,1
573879,F12458,1
573902,F10210|F1148|F1449|F600|F601|F599,6
573903,F8213,1
573905,F620|F10099|F4115,3
573906,F600|F601|F2165|F2682|F600|F601|F2165|F5153,8
573907,F4115,1
573909,F6841,1
573917,F20891,1
57401,F18934,1
574012,F7106,1
574018,F4534|F600|F601|F2165|F2682,5
574023,F12343,1
574069,,0
574113,,0
574139,F21734,1
574193,,0
574194,,0
574204,F10981|F17293,2
574231,,0
574235,,0
574237,F11211|F37143,2
574239,F11325|F11056,2
574241,F11067|F11056,2
574242,F11067|F19722,2
574243,F10981|F17293|F10798|F12905|F10492,5
574244,F10981|F17293|F17293,3
574302,F28639,1
574317,F28787,1
574331,F21322,1
574334,F3339|F695,2
574344,F37455|F37407|F11816,3
574348,F37455|F37407|F11816,3
574354,F21733,1
574398,F8693,1
57448,F35935|F41048,2
574495,F21298|F21715,2
57450,F17520,1
57454,F18387,1
574542,F31730,1
574625,,0
574637,,0
574648,,0
574711,,0
574718,,0
574750,,0
574889,,0
574949,F11211|F37143|F11220,3
574967,F11698,1
575023,,0
575025,,0
575044,,0
575080,,0
575081,,0
575082,,0
575177,F13447,1
575182,F2431|F4347,2
57519,F36964,1
575193,,0
575194,,0
575224,F22108,1
57527,,0
575319,,0
575320,,0
575327,F21224|F11081|F11210,3
575342,F40706|F40437|F24101|F24100,4
575348,F7736|F7754|F7745|F7748|F23019|F23179|F7834|F7726|F7643|F7652|F7664|F7665|F7834|F7726|F23406|F7643|F7652|F7664|F7665|F7834|F7726,21
575350,F7736|F7754|F7745|F7748|F23019|F23179|F7834|F7726|F7643|F7652|F7664|F7665|F7834|F7726|F23406|F7643|F7652|F7664|F7665|F7834|F7726,21
575351,F7736|F7754|F7745|F7748|F23019|F23179|F7834|F7726|F7643|F7652|F7664|F7665|F7834|F7726|F23406|F7643|F7652|F7664|F7665|F7834|F7726|F39472|F39498|F39523|F39597|F39820|F39817|F39363|F39498|F39528|F39531,31
575358,F7736|F7754|F7745|F7748|F39821|F39706|F39819|F40009,8
575368,F7898|F8410|F7736|F7754|F7745|F7748|F7694|F7688|F7798|F7797,10
575394,F7662|F7677|F7776|F7802|F7676|F7686|F8049|F25156|F7645|F7655|F7648|F7708|F7768|F7799|F7643|F7652|F7664|F7665|F7647|F7654|F7662|F7723,22
575398,F7643|F7652|F7664|F7665|F7647|F7654|F7662|F7723|F7736|F7754|F7745|F7748|F23019|F8184|F39838,15
575399,F35001|F34989|F7672|F7671|F7651|F7659|F7656|F7766|F7643|F7652|F7664|F7665|F7641|F7668|F7646|F7685,16
575411,F40442|F40591|F25157|F24086,4
575415,F39944|F39820|F39817|F39356|F39364|F39633|F7948,7
575417,F39745|F40139|F39363|F39498|F40097|F39943|F39523|F39597,8
57542,F18934,1
575454,F22107,1
575517,,0
575531,,0
575546,F30257|F38785,2
575554,,0
575687,F22488,1
575689,,0
575690,,0
575691,,0
575692,,0
575699,,0
575702,,0
575706,,0
575709,,0
575722,,0
575731,,0
575751,,0
576060,,0
576061,,0
576062,,0
576063,,0
576064,,0
576172,F30787,1
576213,,0
576214,,0
576290,N48873|F9808|F9600|F2616,4
576291,F10274|F1189|F9718|F9820,4
576292,F933|F9718|F9820|F9718|F9820,5
576293,,0
576335,F28622,1
576490,,0
576491,,0
576492,,0
576493,,0
576495,F1391|F2309|F1906|F10066|F10219|F10066|F10464|F940,8
576512,,0
576513,,0
576519,,0
576545,F17254,1
576546,F30808,1
576550,F30807,1
576557,F30809,1
576562,F31788,1
576564,F30776,1
576569,F29630,1
576570,F29633,1
576571,F30781,1
576598,F30782,1
576599,F30783,1
576601,F30784,1
576603,F31263,1
576605,F31791,1
576617,F31264,1
576636,F4259,1
576639,,0
576646,F30775,1
576647,F30780,1
576649,F31790,1
576650,F30772,1
576651,F30773,1
576652,F30774,1
576653,,0
576654,F30778,1
576655,F30786,1
576703,,0
576717,,0
576723,,0
576726,,0
576727,,0
576729,F7468,1
576730,,0
576731,,0
576734,,0
576736,,0
576744,,0
576745,,0
576756,,0
576762,F7433,1
576763,,0
576765,,0
576767,,0
576859,,0
576860,,0
576918,F21387,1
576966,,0
576995,F15493,1
576996,F15494,1
576997,F15495,1
576999,F15496,1
577000,F15497,1
577001,F15498,1
577002,F15499,1
577003,F15500,1
577004,F15501,1
577005,F15509,1
577008,F15502,1
577009,F15503,1
577010,F15504,1
577011,F15505,1
577012,F15506,1
577013,F15507,1
577014,F15508,1
577016,F15515,1
577017,F15510,1
577019,F15511,1
577020,F15512,1
577023,,0
577024,F15513,1
577025,F15514,1
577072,F9547|F10088|F9349|F9232|F10268,5
577095,,0
577103,,0
577125,,0
57713,F17956,1
577148,,0
577329,,0
577330,F37455|F37407|F41551|F36558|F37105|F36097,6
577396,F11164,1
577416,F671|F10589|F10526|F10507|F11633,5
577417,F10542|F12924,2
577446,F3295|F5010|F2467|F3856,4
577449,F7369,1
577450,F7370,1
577451,F7371,1
577452,F4165|F2149,2
577453,F7367,1
577454,F1151|F10202,2
577455,F7189,1
577457,F1911|F959|F2583|F2385|F4011,5
577460,F10274|F1508|F1190|F1191,4
577561,F7298,1
577568,F7300,1
577572,F7319,1
577574,F7320,1
577575,F7321,1
577578,F7329,1
577594,F4289|F4011,2
577633,F1952|F706,2
577709,,0
577729,F1543|F10118|F10298|F10297|F10298|F10297,6
577740,,0
57781,,0
577810,,0
577811,,0
577970,,0
577976,,0
577977,,0
577978,,0
578028,F12981,1
578094,,0
578117,F1391|F2309|F9898|F10389,4
578118,F9624|F9426|F9426|F2642|F2133|F2642,6
578119,F10137|F9569|F9732|F10137|F10313,5
578151,F31506,1
578169,,0
578170,F15523,1
578171,F15516,1
578172,F15517,1
578173,F15518,1
578174,F15519,1
578175,F15520,1
578176,F15521,1
578178,F15522,1
578199,F15531,1
578200,F15524,1
578201,F15525,1
578202,F15526,1
578203,F15527,1
578205,F15667,1
578206,F15528,1
578207,F15529,1
578208,F15530,1
578219,F15540,1
578220,F15532,1
578221,F15533,1
578222,F15534,1
578223,F12972,1
578224,F15535,1
578225,F15536,1
578226,F15537,1
578227,F15538,1
578228,F15539,1
578231,F15548,1
578232,F15541,1
578233,F15542,1
578234,F15543,1
578235,F15544,1
578236,F15545,1
578238,F15546,1
578240,F15547,1
578243,F15553,1
578244,F15549,1
578245,F15550,1
578246,F15551,1
578389,,0
578391,F13448,1
578445,F33792,1
578447,F38772,1
578448,F33793,1
578449,F19757,1
578450,,0
578452,F19435,1
578456,F18394,1
578538,F28565|F4907,2
578539,F13398,1
57855,F10234,1
578553,F28568|F38785,2
578691,,0
578714,,0
578721,F7458,1
578741,F7459,1
578750,F7460,1
578752,F7461,1
578783,F4019,1
578817,F7462,1
578821,F7360,1
578823,F7361,1
578830,,0
578840,F9649|F10137|F1223|F1955,4
57886,F35935|F41048,2
578896,,0
578905,,0
578938,F38972,1
578952,F10081|F10187|F4452,3
578956,F12872|F12829|F37142,3
578958,F10081|F10187|F37142,3
578960,F10081|F10187|F11586,3
578963,F37879|F37880,2
578965,,0
578966,F37879|F37880,2
578968,F38052|F37064,2
578974,F41115|F41185|F35978|F41681,4
578987,F35806|F41115|F35978|F41681,4
579072,,0
579074,,0
579108,F41431|F35986|F37927,3
579140,F10137|F9569|F9732|F2982,4
579186,,0
579204,F7299,1
579208,,0
579226,F36441|F37856,2
579230,F10656|F37783,2
579394,F7230,1
579397,F7231,1
579458,F35015,1
579665,F12832|F12918|F12852|F12850,4
579765,,0
580011,,0
580044,F29829,1
580046,F29827,1
580055,F39945,1
580114,F30999,1
58018,F41603,1
580316,F30512,1
580319,F29375,1
580501,,0
580601,F21060,1
580603,F20629,1
580625,,0
58095,F14048,1
581059,F21062,1
581069,F7362,1
581080,,0
581081,,0
581083,F31990,1
581149,F31794,1
581151,F30779,1
581155,F31793,1
581207,,0
581211,F7421,1
581215,F7422,1
581216,F7423,1
581222,F19756,1
581227,F21061,1
581431,F7424,1
581433,F7464,1
581442,,0
581472,,0
581473,F7465,1
581493,F600|F601|F10210|F1148,4
581699,,0
581859,F8956,1
581878,F747|F36821|F747|F36821,4
581879,F9312|F9990|F10414|F10056|F2586,5
581883,F10414|F831|F1232,3
581884,F10414|F35661|F9805|F609|F610|N48873|F10414|F10056|F2586,9
581890,F10137|F9569|F9732|F2024|F10137,5
581891,F36585|F1416|F977|F9322|F2912,5
581893,F35755|F37114|F37525|F37732,4
581899,F38649|F38442|F36108|F41114|F4307,5
581901,F3313|F2872|F37531|F37269,4
581903,F3823|F3832|F37531|F37528,4
581906,F977|F9322|F36205|F3314|F2900,5
581908,F1151|F2747|F1489,3
581910,F39010,1
581912,F39175,1
581914,F10199|F9795|F9797|F10042,4
581915,F9819|F9923|F9886,3
581916,F10400,1
581917,F10199|F9795,2
581918,F2109|F3457,2
581920,F3207|F3654,2
581921,F3204|F917,2
581922,F6617,1
581924,,0
581952,,0
581958,F33773,1
581989,F4151|F10210|F1148|F3468,4
582034,,0
582044,F19755,1
58205,F41273|F9811|F35685|F35696,4
582123,,0
582125,F38925,1
582131,F39255,1
582133,F39089,1
582135,F39256,1
582138,F21059,1
582228,,0
582423,,0
582621,F19437,1
582646,,0
582648,,0
582666,,0
582684,F27829|F27830,2
582789,F5271,1
582797,,0
582880,F15435,1
582883,F15437,1
582885,F15438,1
582892,F15439,1
582893,,0
582895,F15440,1
582900,F15441,1
582903,F15442,1
582942,F15445,1
582944,F15446,1
582950,F15448,1
582954,F15449,1
582960,F15450,1
582963,F15451,1
582964,F15452,1
582968,F15453,1
582969,F15454,1
582972,F15455,1
582979,F15456,1
582980,F15457,1
582981,F15458,1
582987,F15460,1
582990,F15461,1
583367,,0
583368,,0
583369,,0
583435,F20083,1
583436,F39134|F37543,2
583438,F18988,1
583441,F41818|F36032|F37327,3
583515,,0
583516,,0
583517,,0
583540,,0
583630,,0
583634,,0
583651,,0
583653,,0
583654,F33660,1
583655,,0
583659,,0
583664,F30206,1
583665,F27938,1
583666,F20716,1
583667,F30193,1
583668,F30194,1
583673,F30204,1
583675,F30207,1
583677,F26981,1
583678,F29115,1
583679,,0
583705,,0
583708,,0
583709,,0
583710,,0
583713,,0
583726,,0
583745,,0
583750,F6829,1
583768,F34338,1
583840,,0
583891,,0
583907,,0
583908,,0
583929,F28946,1
583930,F28952,1
583936,,0
583937,,0
583948,,0
584010,,0
584017,,0
584160,,0
584166,,0
584172,,0
584189,,0
584199,,0
584233,,0
584428,,0
584526,F8444,1
584527,F19760,1
584529,F874|F1118|F3010,3
584531,F3142|F2390,2
584535,F19759,1
584554,F1208|F2414,2
584560,F3396|F3904|F3903,3
584561,F2029|F3903,2
584563,F30232,1
584564,F31278,1
584565,F31246,1
584566,F31279,1
584580,F5044|F24078,2
584581,F5044|F24078,2
584582,F5044|F24078,2
584583,F5044|F5046,2
584584,F5044|F5046,2
584585,F5044|F5046|F26805,3
584586,F5044|F5046|F26805,3
584679,F13918,1
584681,F6813,1
584691,F6665,1
584696,F4166,1
584697,,0
584728,,0
584747,,0
584748,,0
584794,F5044|F5046|F26805,3
584795,F31334,1
584797,F8466,1
584799,F8466|F28914,2
584821,F19761,1
584845,,0
584850,,0
584851,,0
584853,,0
584856,,0
584862,,0
584952,F22504,1
584986,F10798|F12905|F10492,3
584996,F10558|F10666,2
584997,F28627,1
585009,F31242,1
585014,F31243,1
585015,F31241,1
585047,F23211,1
585057,F7155,1
585083,,0
585093,,0
585102,,0
585103,,0
585117,,0
585118,,0
585121,,0
585123,,0
585125,,0
585149,,0
585153,,0
585162,,0
585228,F38836,1
585240,,0
585241,,0
585243,,0
585335,,0
585368,,0
585385,,0
585390,F35047,1
585391,,0
585404,F35046,1
585405,,0
585412,F35048,1
585435,,0
585438,,0
585439,F35044,1
585453,,0
58546,F18659,1
585470,,0
585476,,0
585486,,0
585525,,0
585534,F35030,1
585536,F35031,1
585580,F35033,1
585588,,0
585593,F16864,1
585595,,0
585607,,0
585859,,0
585863,,0
585872,,0
585874,,0
585875,,0
585912,,0
585913,,0
585937,,0
585950,F38940,1
585951,,0
585953,,0
585969,,0
585977,,0
585979,,0
585981,,0
585982,,0
585983,,0
585985,,0
586077,F24921,1
586093,,0
586097,,0
586115,,0
586116,,0
586118,,0
586164,,0
586167,,0
586170,,0
586200,,0
586218,,0
586233,,0
586268,,0
586270,F27911,1
586292,,0
586293,,0
586312,,0
586314,,0
586318,,0
586319,,0
58650,,0
586516,F42536,1
586522,,0
586529,,0
586559,,0
586560,,0
586581,,0
586602,,0
586608,,0
586610,,0
586716,F36238|F36026|F36117|F41476,4
586721,F538|F1030|F944|F752,4
586745,,0
586748,,0
586749,,0
586762,,0
58697,F8106,1
58702,F2458,1
58704,,0
587042,F15371,1
587045,F13440,1
587046,F15217,1
587047,F15216,1
587065,,0
587204,,0
587210,,0
587212,F36594|F36711,2
587213,F11081|F11210,2
587214,F11216|F11227,2
587224,F11113|F11377,2
587308,F5427,1
58737,,0
58738,F9529,1
587385,F11698,1
587406,F12686,1
587409,,0
587415,F12396,1
587416,F12393,1
587417,F12394,1
587418,F12395,1
58742,,0
587436,,0
58744,F9802|F9711,2
587451,F3013|F4479|F10219|F1431|F1402,5
587524,,0
587546,,0
587557,,0
587682,,0
587692,,0
587696,,0
587765,,0
587769,,0
58778,,0
58781,,0
587827,,0
587837,,0
588005,,0
588017,,0
588020,,0
588023,,0
58804,F41906,1
588049,F6297,1
588051,F3039,1
588055,,0
588067,F22050,1
588069,,0
588077,F31474,1
588089,F31535,1
588095,F27781,1
588110,,0
588111,,0
58815,F41905,1
588274,,0
588357,,0
588394,F13877,1
58840,F18990,1
588407,F12877|F735|F10323,3
588423,F13731,1
588432,F40154,1
588435,F39843,1
588436,F37547,1
588437,,0
588457,F37748,1
588460,F40162,1
588465,F40155,1
588470,F41416|F41417,2
588471,F41464|F41556,2
588473,F6474,1
588476,F40160,1
588496,F39842,1
588500,F40611,1
588507,F40163,1
588510,F40159,1
588516,F40306,1
588517,F40015,1
588518,F39199,1
588522,F40161,1
588523,F38138,1
588528,F38133,1
588529,F37749,1
588531,,0
588533,,0
588534,F37546,1
588535,F40158,1
588543,F38137,1
588554,F37300,1
588580,F12629,1
588616,,0
588619,,0
58862,,0
588686,F23733,1
588764,,0
588773,,0
588782,,0
588806,,0
588827,,0
588900,,0
588902,F12609,1
588905,F25229,1
58892,,0
58896,F18802,1
588978,,0
588991,,0
589094,F3105|F3528|F2220,3
589096,,0
58913,F18989,1
589135,,0
589138,,0
589139,,0
589140,,0
589142,,0
589167,F25940,1
589175,,0
589219,,0
589283,F30031,1
589301,,0
589316,,0
589471,,0
589476,,0
589479,,0
589480,,0
589482,,0
589483,,0
589523,,0
589530,,0
589563,F31247,1
58959,,0
589650,F30735,1
589697,F11850,1
589751,,0
589827,F32672,1
589883,,0
589912,,0
589940,F10752,1
589942,,0
589994,F8801,1
590009,F11874,1
590017,F8389,1
590041,,0
590096,,0
590104,F28428,1
590105,F30744,1
590170,,0
590171,,0
590173,,0
590175,,0
590176,,0
590179,F35749|F36789|F36488|F36490,4
590235,F38923,1
590250,F12387,1
59028,F23001,1
590399,,0
590400,,0
590401,,0
590414,,0
590443,,0
590467,F12377,1
590475,F12951,1
590477,,0
590478,,0
590479,F28839,1
590480,,0
590481,,0
590482,,0
590483,,0
590488,,0
590497,,0
590510,,0
590511,,0
590512,,0
590513,,0
590521,,0
590524,,0
590525,,0
590536,F28838,1
590537,F28837,1
590538,F28836,1
590540,F27759,1
590541,F27758,1
590542,F27757,1
590543,F27756,1
590544,F28829,1
590545,F30023,1
590664,F34567,1
590754,F5435,1
590814,,0
590815,F15618,1
590816,F40941,1
590819,F14282,1
590823,,0
590824,,0
590825,F30818,1
590826,,0
590827,,0
590828,,0
590829,,0
590830,,0
590831,,0
590837,F38278,1
590872,F8489,1
591111,F40191|F8489|F8483,3
591116,F9161,1
591125,F9088,1
591159,F13374,1
591276,,0
591297,F6709,1
591299,F6710,1
591300,F6713,1
591301,F6715,1
591302,F6716,1
591318,F6717,1
591322,F6721,1
591324,F6723,1
591325,F6726,1
591326,F6735,1
591410,,0
591421,,0
591434,F8490|F8483|F8342,3
591438,F8490|F8483|F8342,3
591439,F8490|F8483|F8342,3
591440,F8914|F8489|F8483,3
591441,F8489|F8483|F8889,3
591461,F8489|F8276|F8482,3
591466,F39525|F39666|F7816|F39484,4
591467,F39525|F39666|F7816|F39484,4
591478,F40401,1
591479,,0
591481,,0
591500,F29329,1
591603,,0
591606,,0
591608,F42480,1
591624,F34505,1
591626,F34504,1
591627,F34500|F34505,2
591628,F34500|F34505,2
591631,F39551|F39537,2
591632,F39551|F39762,2
591634,F34131|F39659,2
591635,F34131|F34506,2
591657,F39879|F39873,2
591658,F39879|F39877,2
591661,F40196|F39547,2
591664,F39548|F39623,2
591668,F39548|F39878,2
591678,F6778,1
591681,F40188|F40426,2
591682,F39874|F39878,2
591698,,0
591699,,0
591701,,0
591702,,0
591704,,0
591705,,0
591706,,0
591707,,0
591710,,0
591711,,0
591713,,0
591714,,0
591715,,0
591716,,0
591725,,0
591728,,0
591729,,0
591731,,0
591732,,0
591733,,0
591734,,0
591755,,0
591756,F30812,1
591758,F31803,1
591761,F30814,1
591764,F31823,1
591765,F31804,1
591766,F31799,1
591767,,0
591768,,0
591769,,0
591770,,0
591776,,0
591778,,0
591779,,0
591783,,0
591786,,0
591820,,0
591837,F34131|F34504,2
591846,F30820,1
591850,F8391|F8501,2
591852,F8391|F8501,2
591856,F31822,1
591885,F30823,1
591890,F31797,1
591905,,0
591931,,0
591934,,0
591935,,0
591938,,0
592007,F29708,1
592008,,0
592093,F41612|F41613,2
592114,,0
592172,,0
592184,,0
592218,,0
592231,F30837,1
592232,F30831,1
592254,,0
592304,,0
592306,,0
592307,,0
592308,,0
592309,,0
592310,,0
592328,F2600,1
592370,F12949,1
592398,,0
592399,,0
592426,,0
592480,F31199,1
592523,F7070,1
592525,F7076,1
592526,F7077,1
592527,F7078,1
592528,F7079,1
592529,F7081,1
592530,F7082,1
592531,F7083,1
592533,F7084,1
592534,F7085,1
592535,F7086,1
592536,F7087,1
592537,F7088,1
592538,F7089,1
592539,F7092,1
592540,F7097,1
592541,F7098,1
592542,F7100,1
592543,F7101,1
592544,F7104,1
592556,F6708,1
592557,F6711,1
592559,F6718,1
592561,F6724,1
592562,F6730,1
592563,F6731,1
592564,F6732,1
592565,F6733,1
592566,F7069,1
592568,F7072,1
592569,F7073,1
592570,F7074,1
592571,F7080,1
592573,F7090,1
592574,N-1,1
592575,F7091,1
592576,F7096,1
592577,F7099,1
592578,F7102,1
592584,F7330,1
592601,F31808,1
592602,F31801,1
592603,,0
592640,,0
592676,,0
592708,F13490|F13491|F15875|F13537,4
592730,,0
592814,F875|F10069|F1117|F653,4
592972,F23004|F25727,2
592973,F23004|F25727,2
592975,F23004,1
592976,F23004|F25727,2
592977,F23629|F23004|F25727,3
593018,F40972,1
593093,F40606,1
593136,F38922,1
593142,,0
593150,F23629|F23004|F23983,3
593170,,0
593175,,0
593214,,0
593220,,0
593286,,0
593291,,0
593294,,0
593365,,0
593366,,0
593367,,0
593368,,0
593369,,0
593370,,0
593372,,0
593373,,0
593374,,0
593375,,0
593376,,0
593377,,0
593378,,0
593381,,0
593382,,0
593384,,0
593386,,0
593389,,0
593390,,0
593392,,0
593393,,0
593397,,0
593398,,0
593399,,0
593404,,0
593406,,0
593407,,0
593408,,0
593410,,0
593412,,0
593415,,0
593416,,0
593417,,0
593584,,0
593592,F15413,1
593593,F15716,1
593599,F39186,1
593602,,0
593605,,0
593684,F6132,1
593686,,0
593713,F12945,1
593715,F5443,1
593717,F12949,1
593726,,0
593729,,0
593734,F33704,1
593740,F12150,1
593748,,0
593759,F21725,1
593812,F23179|F7834|F7726|F7643|F7652|F7664|F7665|F7834|F7726|F23406|F7643|F7652|F7664|F7665|F7834|F7726,16
593835,F7698|F7834|F7726|F22599|F7661|F7711|F7749|F7712|F7672|F7671|F7651|F7659|F7656|F7766|F7643|F7652|F7664|F7665|F7834|F7726,20
593844,,0
593865,F40990,1
593866,F40989,1
593867,F40991,1
593868,F40992,1
593869,F40993,1
593871,F40988,1
593874,F39003|F39091,2
593901,,0
59403,F39667,1
594051,F40818,1
59410,F39514,1
59413,F39512,1
594284,F40817,1
59432,F35935|F41048,2
594474,,0
59448,,0
594506,,0
594544,,0
594547,,0
594548,,0
594549,,0
594593,,0
594691,,0
594696,,0
594701,,0
594702,,0
594729,F39184,1
594731,F39270,1
594732,,0
594763,,0
594769,,0
594807,,0
594816,,0
594817,,0
594828,F31603,1
594829,N-1,1
594834,F5681|F6154|F34801|F33972|F33882|F6606,6
594836,,0
594837,,0
594838,,0
594839,,0
594840,,0
594841,,0
594883,,0
594919,,0
595027,F22173,1
595079,F8388,1
595105,F21365,1
595109,F22162,1
595148,,0
595149,,0
595150,,0
595180,,0
595181,,0
595202,,0
595300,F22169,1
595327,,0
595341,F14381,1
595369,F30138,1
595410,F8505,1
595413,F7939,1
595420,F8514,1
595504,,0
595576,F28949,1
595611,,0
595624,,0
595654,,0
595655,,0
595659,,0
595711,,0
595810,,0
595820,,0
595824,,0
595825,,0
595826,F15421,1
595827,,0
595828,,0
595829,,0
595918,,0
595920,,0
595927,,0
595930,F7470,1
59597,F17180,1
596084,,0
596085,,0
596086,,0
596087,F7471,1
596209,,0
596215,F38906,1
596223,,0
596226,F8791,1
596247,F8784,1
596255,,0
596266,,0
596324,,0
596440,F14248,1
596484,,0
596486,F8206,1
596630,F26488,1
596638,F26490,1
596651,F30872,1
596777,,0
596781,,0
596791,,0
596792,F42535,1
596793,F25232,1
596794,,0
596809,,0
596815,F3624,1
596822,F11211|F10566|F10503,3
596823,,0
596843,,0
596844,F969|F10138|F37596|F41494|F37808,5
596968,F31213,1
596975,F21309,1
596978,F29641,1
597055,F13590,1
597091,F10137|F711|F706,3
597092,F3136|F3135|F2127|F2128|F3137|F3135,6
597230,,0
597267,F40387,1
597284,,0
597289,F14495,1
59747,,0
597472,F37099,1
59756,F34757,1
597616,,0
59764,F34759,1
597671,,0
597672,,0
597674,,0
597676,F27449,1
597679,F22208,1
597681,F22210,1
597843,,0
597846,,0
597869,,0
597887,F40966,1
597888,F40819,1
597890,F40797,1
597891,F40798,1
597893,F40932,1
597933,,0
597986,,0
597987,,0
597989,,0
597991,F10137|F882|F9624|F9426|F9931,5
597993,F882|F10137|F9569|F9732|F9444|F9734|F10348|F2470,8
597994,F882|F10497|F1583,3
598061,F15397,1
598096,,0
598112,,0
598113,,0
598259,,0
598263,,0
598264,,0
598289,,0
598290,,0
598357,F6570,1
598371,F10303|F10235|F9697|F10037|F10037,5
598374,F37176|F4627,2
598375,F37176|F4627,2
59843,F13685,1
598541,,0
598549,F9285|F9250|F9463|F1067|F1065,5
598554,F9571|F750|F6827|F9571|F750|F6464,6
598555,F9655|F10152|F41708|F35800,4
598635,F2127|F2128|F3137|F3135|F4682|F4619,6
598636,F2701|F6150|F6149,3
598637,F5036|F4566|F1849|F4681|F3478,5
598701,F30937,1
598714,,0
59879,F3614,1
598796,F39132,1
598803,F29752|F27486,2
598808,F23332|F23585|F29751,3
598810,F24425|F26792,2
598816,F28588|F4542|F24425|F23585,4
598818,F24425|F27486,2
598819,F30937,1
598820,F24425|F26792,2
598821,F24425|F26792,2
598829,F38966,1
598857,F4487,1
598858,,0
598859,,0
598881,,0
598969,F4033|F19826,2
599013,,0
599049,F6041,1
599051,F9198,1
599052,F11439,1
599054,F9200,1
599056,,0
599057,F5605,1
599058,F5607,1
599059,F38016,1
599060,F37976,1
599075,,0
599076,,0
599093,F31252,1
599096,F30062,1
599097,F20396,1
599111,F39229,1
599112,F39235,1
599113,F9190,1
599115,F9188,1
599145,,0
599147,F39283,1
599150,F39273,1
599154,,0
599155,,0
599159,,0
599160,,0
599162,,0
599164,,0
599165,F39275,1
599166,F39276,1
599169,F12818,1
599175,F28856,1
599179,,0
599182,F39278,1
599191,F10199|F9795,2
599192,F39279,1
599196,F28844,1
599199,F41779,1
599200,F41779,1
599201,F41779,1
599394,F21510,1
599395,F20672,1
599396,F27892,1
599397,F20662,1
599398,F20671,1
599399,F21951,1
599401,F25902,1
599402,F31259,1
599403,F27780,1
599404,F21044,1
599405,F27894,1
599406,F20673,1
599407,F20180,1
599408,F19769,1
599409,F20181,1
599410,F26758,1
599417,F28935,1
599418,F21953,1
599420,F26757,1
599423,F27888,1
599424,F27889,1
599425,F27897,1
599432,F28859,1
599435,F25883,1
599437,F25921,1
599438,F20631,1
599439,F26761,1
599450,F26753,1
599451,F27835,1
599452,F21504,1
599454,F27839,1
599455,F27844,1
599458,F27880,1
599461,F27798,1
599465,F31258,1
599468,F27804,1
599473,F30061,1
599476,F28895,1
599478,F28886,1
599480,F30062,1
599484,F32166,1
599485,F32167,1
599486,F30066,1
599488,F31254,1
599489,F31255,1
599490,F31256,1
599491,F32169,1
599504,,0
599506,F27864,1
599527,,0
599535,,0
599536,,0
599537,,0
599554,F28848,1
599556,F26804,1
599557,F28855,1
599798,F28847,1
599799,F28858,1
599850,F9592|F9709|F9710|F10245,4
599852,F9592|F9709|F9791|F10456,4
599853,F9592|F9709|F9791|F10456,4
599860,F9592|F9709|F9710|F10245,4
599861,F10078|F641|F35661|F9805|F609|F610,6
599863,F35661|F9805|F609|F610,4
599864,F1548|F35661|F9805|F609|F610|F2800|F2518,7
599866,F9239|F9889|F9891|F9894|F35661|F9805|F609|F610,8
599868,F9610|F9597|F2937|F2468,4
599869,F1608|F1254|F2585|F33675,4
599870,F1143|F822|F3486|F4047,4
599871,F36987|F35985|F4149|F3432,4
599872,F36987|F35985|F4149|F3432,4
599873,F10137|F9569|F9732|F4045|F6481,5
599874,F710|F1571|F9444|F9734|F10348|F2470,6
599875,F10137|F711|F706,3
599899,,0
599902,F10210|F1148|F37558|F10210|F1148|F4629,6
599904,F4151|F5070|F600|F601|F2221,5
599905,F600|F601|F1148|F2254|F3148,5
599906,F10210|F1148|F37558|F3003|F600|F601|F1148,7
599907,F600|F601|F2165|F10210|F1148|F37558|F4276,7
599908,F1626|F4845|F3417|F1628,4
599910,F1675|F10348|F10348|F10348,4
599911,F1675|F10348|F10348|F1311,4
599912,F10348|F1310|F1309|F10348|F1311,5
599913,F28849,1
599914,F1431|F10500|F10763|F5011|F4486|F1729|F2579,7
599915,F2197|F2195|F2133|F9624|F9426|F10074,6
599916,F1431|F10500|F10763|F5011|F4486|F1729|F2579,7
599917,F5011|F4486|F1729|F2579,4
599949,F15468,1
599950,F15474,1
59996,,0
599990,F10116|F486,2
599992,F25214,1
599993,F25215,1
599994,F25849,1
599995,F25880,1
599996,F25882,1
599998,F25884,1
600000,F26841,1
600004,F26771,1
600007,F26773,1
600008,F26848,1
600009,F26850,1
600016,F27805,1
600050,F39280,1
600061,F22232,1
600064,F17294,1
600065,,0
600066,,0
600069,F20564,1
600070,F20883,1
600071,,0
600073,F20676,1
600074,F20677,1
600083,F31016,1
600096,F29850,1
600101,F30229,1
600113,F25879,1
600114,F19770,1
600115,F21043,1
600116,F25916,1
600117,F19779,1
600118,F20167,1
600119,F26759,1
600120,F26760,1
600122,F26768,1
600123,F26769,1
600124,F26772,1
600125,F26844,1
600126,F26845,1
600128,F21947,1
600129,F27885,1
600130,F20631,1
600131,F20632,1
600132,F28882,1
600133,F28886,1
600134,F21948,1
600135,F28892,1
600136,F28893,1
600137,F21045,1
600138,F28896,1
600139,,0
600146,,0
600147,,0
600150,,0
600168,,0
600169,,0
600173,F24607,1
600211,F28974,1
600279,F27760,1
600280,F27850,1
600281,F27807,1
600283,F27834,1
600284,F20660,1
600286,F20661,1
600287,F27882,1
600288,F31257,1
600296,F30234,1
600301,F2393|F3323,2
600402,,0
600406,,0
600407,,0
600409,,0
600410,,0
600416,,0
600418,,0
600482,F25842,1
600518,,0
600522,F10137|F10082,2
600527,F9649,1
600528,F12877|F674|F1184,3
600529,F10137|F36441|F10137|F736,4
600530,F10137|F9735|F9736,3
600531,F11691,1
600532,F5378,1
600533,F5379,1
600534,F10137|F9735|F9736,3
600535,F9649|F10137,2
600536,F9849|F36441|F10137|F736,4
600537,F1272,1
600538,F9397|F716|F10137|F736,4
600539,F1272,1
600541,F3242,1
600542,F9670|F9635,2
600543,F9244|F9480|F9673|F9590,4
600547,F6367,1
600548,F6369,1
600549,F9244|F9324|F9324|F9244|F9480,5
600550,F6725,1
600557,,0
600583,F9289|F9234|F34243|F9291,4
600587,F6358,1
600588,F6714,1
600626,,0
600700,F16460,1
600702,F16314,1
600703,F16317,1
600705,,0
600706,,0
600707,F35925,1
600795,,0
600938,,0
600939,,0
600947,F15715,1
600949,F40775,1
600952,F40945,1
601048,F585|F9797|F10042|F4653|F4546|F3163,6
601052,F15717,1
601054,F15242,1
601064,F15729,1
601211,,0
601218,,0
601368,,0
601370,,0
601419,,0
601420,,0
601424,,0
601465,F29990,1
601527,,0
601654,F30836,1
601792,,0
601801,F42108,1
60186,,0
602088,F32247,1
602091,F32248,1
602110,,0
602389,,0
602390,,0
60241,F11131,1
602428,,0
602545,F31729,1
60259,F1554,1
602625,F11644|F2312|F11183|F10835|F11772|F11773,6
602632,F11768|F10817|F11181|F11453,4
602633,F37564|F41198|F41819|F36959|F41273|F41538,6
602638,F11183|F10835|F11772|F11773,4
602741,F34097|F34095,2
602748,F34201,1
602753,F10137|F10137|F9849,3
602824,F34105|F34105|F34109|F34064|F37032,5
602829,F10137|F10137|F10496|F9572|F3792|F38970|F38228,7
602832,F34060|F34109|F34060|F1157,4
602866,F32065,1
602923,F2147|F4666|F1405|F4998,4
602942,,0
602952,F32064,1
602953,F32066,1
602960,F40827,1
602963,F15295,1
602974,F600|F601|F6263|F10210|F1148|F37558|F4548|F4618,8
602977,F747|F36821|F38824|F747|F36821|F37991,6
602983,F41096|F9897|F41192|F41427|F36827,5
602995,F34105|F34112|F34105|F34104|F34113|F34066,6
602997,F15679,1
602999,F15686,1
603008,F14704,1
603116,,0
603179,F3829|F2006|F2415|F10137|F9569|F9732|F3829,7
603180,F34105|F34104|F34113|F34543|F34108|F34054,6
603184,F34068|F34061|F41095|F41112,4
603188,F34724|F34331|F34113|F34301,4
603211,F17086,1
603347,,0
603349,,0
603359,F15989,1
603415,F10137|F10137|F9735|F9736,4
603417,F42588,1
603470,F31810,1
603491,F23423,1
603517,,0
603523,F30842,1
603633,F6157|F4984,2
603673,,0
603689,F20179,1
603693,,0
603749,F23215,1
603822,F14045,1
603874,,0
604035,,0
604043,,0
604311,,0
604349,,0
604447,,0
604448,,0
604532,,0
604537,,0
604539,,0
604540,,0
604623,,0
604795,F30816,1
604796,,0
604797,,0
604798,,0
604800,,0
604802,,0
604803,,0
604884,F24622,1
604885,F33666,1
604888,F14659,1
604892,F33665,1
604893,,0
604895,F14658,1
604897,F39600,1
604898,F39601,1
604904,F39951,1
604908,F39573,1
604909,F40021,1
604965,F31391,1
605023,,0
605060,F16579,1
605185,F12469,1
605191,,0
605195,F40938,1
605241,,0
605242,,0
605251,,0
605254,,0
605255,,0
605256,,0
605261,,0
605262,F29401,1
605263,F29400,1
605368,,0
605484,,0
605643,F24608,1
605647,,0
605648,N48873|F2407|F4563,3
605653,,0
605685,,0
605689,,0
605712,F31390,1
605764,F42591,1
605842,,0
605845,,0
605858,F29015,1
605896,,0
605986,,0
606092,F7645|F7655|F7648|F7708|F7641|F7668|F7646|F7685|F25158|F8809,10
606108,F39975|F39631|F39819|F40008,4
606116,F23179|F7834|F7726|F7643|F7652|F7664|F7665|F7834|F7726|F23406|F7643|F7652|F7664|F7665|F7834|F7726,16
606119,F7672|F7671|F7651|F7659|F7656|F7766|F7762|F7767,8
60612,,0
606123,F7643|F7652|F7664|F7665|F7826|F7736|F7754|F7745|F7748|F23019|F7643|F7652|F7664|F7665|F7647|F7654|F7662|F7723|F8261|F26639|F7643|F7652|F7664|F7665|F7641|F7668|F7646|F7685,28
606124,F7643|F7652|F7664|F7665|F7647|F7654|F7662|F7723|F8261|F26639|F7643|F7652|F7664|F7665|F7641|F7668|F7646|F7685,18
606136,F25609,1
606139,,0
606147,F32144,1
606200,,0
606212,,0
606241,F23244,1
606242,F23244,1
606258,F39363|F39498|F40097|F39943|F39523|F39597,6
606272,,0
606274,F5053,1
606279,,0
606280,,0
606281,,0
606282,,0
606315,,0
606337,F42031,1
606339,F42038,1
606344,F42098,1
606345,F42063,1
606350,,0
606351,F42096,1
606387,,0
60641,F12768|F12767|F12888|F12889,4
606417,,0
606426,F5640,1
606428,,0
606442,F14123,1
606461,,0
606473,F12611,1
606764,F30968,1
606766,F19260,1
606792,,0
606799,F16893,1
606803,F10199|F9795|F1098|F1413|F2591,5
606806,F31751,1
606809,,0
606853,F29707,1
606867,,0
606870,,0
60689,,0
606903,,0
60691,F37772,1
60692,F37774,1
606968,,0
606978,,0
606992,,0
607055,,0
607058,,0
607059,,0
607060,,0
607066,F37266,1
607090,F28491,1
607093,F28486,1
607096,F29661,1
607097,F29649,1
607098,F31162,1
607099,F29685,1
607100,F29647,1
607101,F29669,1
607103,F31155,1
607104,F31167,1
607105,F28828,1
607108,F28515,1
607133,,0
607134,,0
607136,,0
607179,,0
607183,,0
607185,,0
607186,F31821,1
607207,,0
607209,,0
607210,,0
607212,,0
607213,,0
607214,,0
607215,,0
607221,F29671,1
607222,,0
607223,F31164,1
607224,,0
607225,,0
607230,,0
607231,,0
607245,F29659,1
607246,F31152,1
607250,F28513,1
607251,F28483,1
607252,F31157,1
607254,F29644,1
607255,F31151,1
607256,F31143,1
607257,F31135,1
607258,F31166,1
607259,F29665,1
607260,F29679,1
607264,F28493,1
607265,F29638,1
607266,F29646,1
607267,F31148,1
607268,F28514,1
607269,F31138,1
607270,F31160,1
607271,F29636,1
607272,F29639,1
607276,F25625,1
607277,F31144,1
607278,F31141,1
607279,F31149,1
607280,F29664,1
607281,F31150,1
607298,,0
607300,,0
607302,,0
607304,F28488,1
607305,F29642,1
607306,,0
607307,,0
607334,,0
607378,F29974,1
607384,F31136,1
607385,F29673,1
607388,F29674,1
607389,F31137,1
607390,F31153,1
607392,F31154,1
607465,,0
607501,F31158,1
607544,F31145,1
607557,F29637,1
607560,,0
607608,F28492,1
607610,F28487,1
607611,F29682,1
607615,F31156,1
607616,F29667,1
607617,F30806,1
607618,F29662,1
607619,F29666,1
607622,F29676,1
607625,F28494,1
607627,F31212,1
607631,F31211,1
607633,F31210,1
607644,F32115,1
607648,F28470,1
607651,F28484,1
607653,F28482,1
607655,F28490,1
607656,F28758,1
607757,,0
607771,F11629,1
607819,F28516,1
607820,F31142,1
607821,F31159,1
607822,F29658,1
607823,F30805,1
607824,F29672,1
607826,F31146,1
607827,F31139,1
607829,F32113,1
607830,F32114,1
607831,F32112,1
607832,F29648,1
607833,F29680,1
607834,F31134,1
607835,F29651,1
607836,F31140,1
607837,F29668,1
607838,F31147,1
607839,F31180,1
607914,F42236,1
607917,,0
607919,,0
607955,F42334,1
608055,F35967|F4200|F36981|F2581,4
608082,,0
608083,,0
608093,,0
608116,F5972,1
608146,,0
608208,,0
608238,F15375,1
608264,,0
608281,,0
608390,F14156,1
608391,F14124,1
60840,,0
608402,,0
608405,,0
60841,,0
60842,F1314,1
608510,F27909,1
608512,,0
608570,F38969,1
608572,F39248,1
608573,F39124,1
608589,F39120,1
608596,,0
608736,,0
608757,,0
608809,F42329,1
608821,F42238,1
608841,,0
608880,F20182,1
608890,F16878,1
609004,,0
609037,F40960,1
609049,F40961,1
609149,F25228,1
609151,F25939,1
609162,F26876,1
609175,F20343,1
609176,F20347,1
609177,F20345,1
609222,F20341,1
609223,F20344,1
609228,F20353,1
609232,F20348,1
609234,F20346,1
609255,F42305,1
609270,F8986,1
609324,F40975,1
609360,F15074,1
609406,F15369,1
609407,,0
609408,,0
609409,,0
609485,F10219|F3007|F1756|F2659,4
609505,F26205,1
609512,F15584,1
609528,F4136|F5145,2
609556,F39115,1
609574,,0
609663,F42338,1
609690,F32123,1
609816,,0
609820,F31320,1
610014,F37332|F747|F36821|F747|F36821|F38968,6
610015,F38274|F38218|F39151,3
610046,F35084,1
610053,F38501,1
610054,F38522,1
610122,,0
610123,,0
610124,,0
610125,,0
610126,,0
610127,,0
610128,,0
610131,F3861,1
610133,F38463,1
610135,F12199,1
610136,F11852,1
610138,F11514,1
610140,F11648,1
61018,F10536|F10790,2
610188,,0
610190,,0
610191,,0
610192,,0
610193,,0
610194,,0
610196,,0
610197,,0
610198,,0
610200,,0
610205,F15585,1
610217,,0
610224,,0
610226,,0
610227,,0
610228,,0
610233,,0
61025,F37753,1
610375,F15220,1
610389,,0
610396,,0
610397,,0
610421,F15077,1
610422,,0
610423,,0
610424,,0
610427,,0
610429,,0
610430,,0
610433,,0
610436,F15075,1
610466,,0
610470,,0
610471,,0
610473,,0
610476,,0
610487,F15583,1
610497,F15736,1
610499,F22043,1
610556,,0
610619,,0
610961,F12567,1
610964,F40776,1
610967,F40944,1
611001,F27649,1
611002,,0
611003,,0
611061,,0
611114,F40985,1
611129,F40983,1
611163,F14146,1
611164,F13983,1
611167,F14175,1
611168,F13994,1
611169,F13996,1
611170,F14162,1
611171,F14145,1
611181,F17325|F17763,2
611194,,0
611199,,0
611201,,0
611202,,0
611233,F40982,1
611235,F37833,1
611240,F40981,1
611366,F17325|F17763,2
611376,,0
611486,F8777,1
611489,F7353,1
611493,F31591,1
611543,,0
611544,,0
611545,,0
611546,F3606,1
611547,F4072,1
611635,,0
611636,,0
611732,F40947,1
611740,F40946,1
611741,F5474,1
611787,F31594,1
611798,F40399,1
611799,,0
611815,,0
611828,,0
611832,,0
611835,F15581,1
611836,,0
611843,,0
611917,F4489,1
611930,F4490,1
611965,F30949,1
611977,,0
611981,,0
611982,,0
611986,,0
611988,,0
611991,,0
612012,,0
612019,,0
612020,,0
612025,,0
612046,F8443,1
612058,F14007,1
612068,,0
612069,F24951,1
612072,,0
612075,,0
612076,,0
612080,,0
612083,,0
612093,,0
612099,,0
612102,,0
612121,F15174,1
612154,F16364,1
612173,F11479,1
612174,F11460,1
612175,,0
612178,,0
612179,,0
612182,,0
612204,,0
612207,,0
612209,F13790,1
612212,,0
612213,,0
612221,F9624|F9426|F10468|F587,4
612249,F32728,1
612250,F9633|F9794,2
612251,,0
612252,,0
612352,,0
612431,F10274|F1508|F10271|F1186,4
612432,,0
612484,,0
612525,F30527,1
612527,F29368,1
612585,,0
612608,F14121,1
612615,F16449,1
612650,F31928,1
612656,F30938,1
612674,F13765|F13698|F14100|F13796,4
612678,F13778|F13851|F13957|F13606|F13699,5
612700,F14276|F13853|F14840|F14762,4
612701,F14276|F13955|F14879|F14638,4
612703,F13540|F13845|F13949|F14825,4
612706,F13540|F13966|F14241|F25082,4
612712,F14543|F14210|F13873,3
612718,F14514|F14517|F13530|F13740,4
612744,,0
612748,,0
612798,F30164,1
612839,F12346,1
612861,,0
612869,F1658|F2918|F3211|F1025|F1891,5
612871,F1658|F2918|F1888|F5284,4
612924,F30939,1
612962,,0
612975,,0
612984,,0
612995,,0
613,,0
613097,,0
613098,F12461,1
613118,F16177,1
613161,F2480|F2919|F1187|F2353,4
613162,F1658|F2918|F1888|F5284,4
613175,,0
613179,,0
613180,,0
613181,,0
613182,,0
613183,,0
613187,,0
613189,,0
613190,,0
613192,,0
613194,,0
613238,,0
613411,F11200,1
613415,F15250,1
61352,F23060,1
613562,,0
613636,,0
613641,,0
613655,F15256,1
613753,F34890,1
613754,F34801|F33972|F33882,3
613800,,0
613806,F30529,1
613808,F8590,1
613810,F29393,1
613811,F29363,1
613812,F30042,1
613813,F31195,1
613827,,0
613877,F25412,1
613888,F38855,1
613958,F20220,1
613990,F9939|F10002|F9783|F1129,4
613992,,0
614000,,0
614009,,0
614024,,0
614049,F8626,1
614054,F29354,1
614056,F38686,1
614059,F30467,1
614070,F34495,1
614080,F40837,1
614081,F38996,1
614082,F8625,1
614083,F8624,1
614084,F3544,1
614093,F31590,1
614097,F29366,1
614103,F30473,1
614111,F30468,1
614112,,0
614113,,0
614119,F40837,1
614120,F38996,1
614126,F8625,1
614127,F8624,1
614138,F6558,1
614156,F5491,1
614164,N-1,1
614165,F5475,1
614172,F4033,1
614173,F4028,1
614175,F3544,1
614239,F28112,1
614240,F30472,1
614241,F30469,1
614245,F8591,1
614246,F28110,1
614248,,0
614249,F28109,1
614253,F35537,1
614274,,0
614297,,0
614326,,0
614346,,0
614372,F5734,1
614404,F5906,1
614409,F5907,1
614410,F9342|F9322|F9363|F9499|F10146|F1275|F1706|F964,8
614412,,0
614481,F8917,1
614489,F6993,1
614490,F6958,1
614491,F6844,1
614492,F1722|F3100,2
614675,F34883,1
614764,,0
614812,F5921,1
614865,,0
614952,,0
615001,F3396|F3904|F2488|F3903,4
615004,F2062|F1662|F4357|F5345,4
615011,F7307,1
615015,F7301,1
615025,F3396|F3904|F2488|F3903,4
615029,F2062|F1662|F4357|F5345,4
615042,F34137,1
615043,,0
615045,F33981|F34544|F34132|F37357,4
615046,F33981|F34544|F34132|F37357,4
615059,F37608|F34499|F34130|F36775|F34496,5
615060,F37608|F34499|F34132|F37357,4
615067,F34130|F34249|F34138|F34135,4
615068,F33714|F11333|F34246,3
615069,F33853|F33854|F34136|F34133,4
615071,F34500|F34501,2
615072,F37608|F34499|F34130|F36775,4
615073,F34245|F34742,2
615102,F7315,1
615106,F7294,1
615113,F7332,1
615125,F7310,1
615128,F7324,1
615137,F7322,1
615140,F7302,1
615169,F7312,1
615174,F7328,1
615177,F7285,1
615178,F7316,1
615188,F7326,1
615212,F29103,1
615222,F10678,1
615231,F7309,1
615232,F7323,1
615272,F7327,1
615273,F7265,1
615275,F7287,1
615280,F7303,1
615281,F7334,1
615282,F7289,1
615289,F2376,1
615304,F36153|F41698|F41696|F36307,4
615308,F6712,1
615309,F6720,1
615310,F7291,1
615311,F7284,1
615312,F7292,1
615324,F34105|F34427|F34428,3
615325,F41403|F9951|F10284|F9244|F9480|F9673|F9590,7
615330,F21073,1
615332,,0
615435,,0
615482,,0
615535,F14496,1
615542,,0
615681,,0
615859,F29106,1
615944,,0
615972,F30972,1
615974,F26545,1
616013,,0
616156,F11746,1
616204,,0
616210,F16848,1
616211,F16909,1
616213,F5505,1
616214,F5506,1
616298,,0
616299,F32704,1
616306,,0
616316,,0
616340,F16890,1
616347,F16958,1
616353,F32718,1
616367,,0
616380,,0
616392,F30871,1
616412,,0
616440,F1151|F10202|F842|F2961,4
616510,F3417|F37029|F41645,3
616515,,0
616652,,0
616653,,0
61668,F37777,1
61669,F37123,1
616812,,0
616828,,0
616830,,0
616832,,0
616833,,0
616835,,0
616836,,0
616837,,0
616843,,0
616844,,0
616845,,0
616857,,0
616860,,0
616862,,0
616864,,0
616905,,0
616946,F35094,1
616947,F35094,1
616948,F38807,1
616953,F34105|F34105|F34109|F34105|F34074,5
616954,F34105|F34105|F34109|F34105|F34074,5
616955,F34105|F34109|F34079|F34112,4
616959,F8167|F8101|F7694|F7688|F7798|F7797|F7643|F7652|F7664|F7665|F7641|F7668|F7646|F7685,14
616973,F24102|F34983|F14013|F24598|F24597,5
616980,F39563|F39389|F39406|F39368|F7866|F7662|F7677|F7776|F7802|F7676|F7686|F7661|F7711|F7749|F7712,15
617057,F23629|F23004,2
617200,F40706|F40437|F24101|F24100,4
617411,,0
617412,,0
617413,,0
617431,,0
617445,F24102|F34983|F14013|F24598|F24597,5
617467,,0
617487,,0
617488,,0
617489,,0
617490,,0
617491,,0
617492,,0
617493,,0
617494,,0
617495,,0
617642,,0
617749,,0
617751,,0
617762,,0
617863,,0
617864,,0
617867,,0
617897,,0
617958,,0
618016,F33970,1
61805,,0
618059,,0
618068,F4261,1
618083,,0
618084,,0
618085,,0
618086,,0
618087,,0
618088,,0
618089,,0
618090,,0
618091,,0
618144,,0
618150,,0
618151,,0
618228,,0
618236,,0
618273,,0
618279,,0
618309,F7308,1
618325,,0
618334,,0
618433,,0
618437,,0
618444,,0
618507,,0
618518,F34105|F34112|F34076|F34069,4
618557,,0
618598,,0
618602,,0
618605,,0
618618,,0
618619,,0
618625,F11269,1
618678,,0
618683,,0
618685,,0
618687,,0
618692,,0
618850,,0
618868,,0
619196,,0
619197,,0
619241,F32731,1
619246,F32942,1
619257,F26511,1
619279,,0
619280,F16428,1
619405,,0
619406,,0
619410,,0
619411,,0
619432,,0
619434,,0
619435,,0
619436,,0
619439,,0
619440,,0
619442,,0
619443,,0
619444,,0
619445,,0
619446,,0
619447,,0
619448,,0
619450,,0
619451,,0
619452,,0
619453,,0
619454,,0
619455,,0
619456,,0
619457,,0
619458,,0
619459,,0
619460,,0
619461,,0
619462,,0
619463,,0
619465,,0
619466,,0
619468,,0
619469,,0
619471,,0
619473,,0
619474,,0
619487,,0
619488,,0
619489,,0
619490,,0
619491,,0
619492,,0
619493,,0
619494,,0
619497,,0
619498,,0
619499,,0
619500,,0
619501,,0
619502,,0
619503,,0
619504,,0
619505,,0
619506,F12730,1
619507,,0
619508,,0
619510,,0
619512,,0
619514,,0
619515,,0
619516,,0
619517,,0
619526,,0
619565,F10137|F9569|F9732|F2495|F1011|F9444|F9212|F9641|F38924|F6463,10
619577,F10137|F9569|F9732|F735|F10323|F3829|F9649|F10137,8
619585,F10137|F9569|F9732|F2495|F1011|F9444|F9212|F9641|F9224|F9321|F9396|F9445|F9645|F2455,14
619595,,0
619606,,0
619608,,0
619609,,0
619610,F10137|F9569|F9732|F735|F10323,5
619612,F9224|F9321|F9396|F9445|F9645|F2455,6
619613,F9224|F9321|F9396|F9445|F9645|F2455,6
619622,F9649|F2393|F3323,3
619628,F9649|F10137|F10137|F9569|F9732|F3829,6
619629,F9649|F2393|F3323,3
619630,F9649|F2393|F3323,3
619631,F10137|F9569|F9732|F3913|F2006|F2415|F3913,7
619632,F10137|F9569|F9732|F4045|F5361|F2950,6
619633,F9647|F9861|F9861|F5918,4
619634,F10137|F9569|F9732|F1903|F37027|F37696,6
619635,F10137|F9569|F9732|F1903|F9647|F9861|F9861|F2514|F1903,9
619642,F2393|F3323|F2156|F3187,4
619648,F747|F36821|F38690|F747|F36821|F38825,6
619649,F2006|F2415|F2867,3
619650,F2009|F4335|F3913,3
619651,F7343,1
619652,F2006|F2415|F3913,3
619712,F32719,1
619760,,0
619809,,0
619865,,0
619872,,0
619873,,0
619875,,0
619876,,0
619953,,0
619954,,0
619957,,0
619958,,0
619962,,0
619972,,0
619973,,0
619978,,0
619979,,0
619986,,0
620031,,0
620040,,0
620069,,0
620167,,0
620168,,0
620170,,0
620171,,0
620172,,0
620181,F4257,1
620404,,0
620408,,0
620411,,0
620421,,0
620443,,0
620484,,0
620492,F9528|F9904|F10412|F2286|F1443|F1819,6
620501,,0
620508,,0
620515,,0
620524,F14954,1
620554,,0
620644,,0
620703,F12498,1
620763,F5469|F4190|F2569,3
620768,F10219|F9918|F10470|F10463|F41347|F41692,6
620770,F39250,1
620771,F1100|F4028|F36471,3
620780,F2009|F4335|F9444|F9734|F10348|F2470,6
620877,,0
620919,F12530,1
621055,F12509,1
621270,,0
621271,F32737,1
621328,,0
621341,,0
621347,,0
621349,F30154,1
621351,,0
621487,,0
621488,,0
621532,F6837,1
621533,F6838,1
621542,,0
621544,,0
621545,,0
621546,,0
621547,,0
621587,,0
621622,,0
621685,F7290,1
621728,F7304,1
621833,,0
621834,,0
621845,,0
621853,,0
621948,F37858|F38012,2
622106,F360,1
622110,,0
622111,,0
622227,,0
622237,F32388,1
622238,F32387,1
622327,F403,1
622339,F19810,1
622351,,0
622357,,0
622358,,0
622361,,0
622365,F24115,1
622415,,0
622420,,0
622421,,0
622422,,0
622428,,0
622432,,0
622454,,0
622459,F12445,1
622465,,0
622466,F12446,1
622467,F12447,1
622475,,0
622484,F12449,1
622487,,0
622501,F12470,1
622502,F11470,1
622505,F11470,1
622511,,0
622520,,0
622528,,0
622535,,0
622536,,0
622539,,0
622548,,0
622550,,0
622552,,0
622555,,0
622557,,0
622562,,0
622563,,0
622564,,0
622571,,0
622572,,0
622581,,0
622582,,0
622610,,0
622629,,0
622638,,0
622643,,0
622657,,0
622685,,0
622687,,0
622688,,0
622692,,0
622694,,0
622788,,0
622926,,0
622942,,0
623039,,0
623057,,0
623058,,0
623062,,0
623063,,0
623064,,0
623065,,0
623078,,0
623084,,0
623086,,0
623089,,0
623091,,0
623095,,0
623097,,0
623100,,0
623131,,0
623269,,0
623271,,0
623273,,0
623274,,0
623275,,0
623276,,0
623277,,0
623286,,0
623289,,0
623291,,0
623293,,0
623299,,0
623301,F402,1
623319,,0
623324,,0
623326,,0
623328,,0
623329,,0
623331,,0
623332,F420,1
623361,F12445,1
623374,F12447,1
623388,F12446,1
623389,F12470,1
623400,F32464,1
623409,,0
623410,,0
623411,,0
623412,,0
623413,,0
623415,,0
623416,,0
623419,,0
623421,,0
623422,,0
623424,,0
623449,,0
623451,,0
623454,,0
623456,,0
623457,,0
623460,,0
623463,,0
623466,,0
623468,,0
623470,,0
623493,,0
623494,,0
623708,F2127|F2128|F3137|F3135,4
623778,F38974|F38692|F5883,3
623842,,0
623959,F9342|F9322|F9363|F9499|F9363|F9499,6
623982,,0
623992,,0
624046,,0
624061,,0
62409,F13018,1
62411,F13034,1
624238,F7306,1
624330,,0
624348,,0
624353,,0
624363,,0
624364,,0
624366,,0
624369,,0
624462,,0
624503,,0
624577,F9649|F2393|F3323,3
624624,,0
624646,,0
624650,,0
62469,,0
624693,,0
624696,,0
624698,,0
624699,,0
624701,,0
624702,,0
624703,,0
624704,,0
624705,,0
624706,,0
624707,,0
624708,,0
624709,,0
624710,,0
624711,,0
624712,,0
624713,,0
624746,F31429,1
624747,F32871,1
624771,F11704,1
624855,,0
624861,F5044|F5046|F26805,3
624868,,0
624879,,0
624886,,0
624887,,0
624908,,0
624956,,0
62496,F2678,1
624969,,0
624970,,0
625028,,0
625037,,0
625038,,0
625041,,0
625042,F6608,1
625049,F10454|F10227|F600|F601|F2165|F2682,6
625050,F10454|F10227|F33728|F600|F601|F2165|F2682,7
625054,F7152,1
625055,F3872,1
625056,F41766|F36748|F38141|F38140,4
625057,F40543,1
625075,F11157|F11062|F10923|F10609,4
625076,,0
625079,F6959,1
625083,F10922|F11189|F11201,3
625084,,0
625085,F39181,1
625086,F38429|F38639|F37294|F38428,4
625088,F36565|F37034,2
625089,F36565|F37034,2
625090,,0
625093,F2683|F3536|F600|F601|F2165|F2682,6
625094,,0
625129,F10274|F1189|F1190|F1191,4
625261,,0
625262,,0
625531,F2393|F3323,2
625564,,0
625566,,0
625574,,0
625580,,0
625586,,0
625587,,0
625588,,0
625601,,0
625698,,0
625699,,0
625700,,0
625705,,0
625706,F31800,1
625708,F31809,1
625709,F31805,1
625710,F31806,1
625748,F2006|F2415|F2914|F970|F1583,5
625751,F10137|F9569|F9732|F1903|F2112,5
625909,F32857,1
625910,F32854,1
625911,F32855,1
625914,F32861,1
625917,F32860,1
625923,,0
625924,,0
625930,,0
625963,,0
625972,F30821,1
626022,,0
626023,,0
626026,,0
626027,,0
626029,,0
626030,,0
626031,,0
626032,,0
626034,,0
626035,,0
626036,,0
626038,,0
626039,,0
626040,,0
626041,,0
626042,,0
626043,,0
626044,,0
626045,,0
626047,,0
626048,,0
626049,,0
626050,,0
626051,,0
626052,,0
626053,,0
626054,,0
626055,,0
626056,,0
626057,,0
626058,,0
626062,,0
626065,,0
626078,F27488,1
626132,F8586,1
626171,,0
626172,,0
626180,,0
626207,,0
626212,F37312,1
626235,,0
626244,,0
626245,,0
626246,F6845,1
62625,,0
626261,,0
626262,,0
626282,F31899,1
626298,,0
626302,F31807,1
626307,,0
626310,,0
626315,F31811,1
626318,,0
626320,F31798,1
626327,F23583,1
626355,,0
62636,F23089,1
626369,F30873,1
62637,F23121,1
626405,F422,1
626446,,0
626459,,0
626464,,0
626468,,0
626481,,0
626493,,0
626499,,0
626505,,0
626506,,0
626567,F2565|F9516|F9454|F9454|F1355,5
626580,F31875,1
626586,,0
626589,F31874,1
626597,F30897,1
626606,,0
626625,,0
626633,F22549,1
626636,F22551,1
626643,F13648|F22869,2
626647,,0
626648,,0
626651,,0
626652,,0
626662,,0
626665,,0
626670,,0
626674,,0
626675,,0
626681,,0
626686,,0
626690,,0
626698,,0
626802,,0
626805,,0
626807,,0
626812,F7288,1
626814,,0
626826,,0
626828,,0
626829,,0
626842,,0
626846,,0
626904,F26880,1
626905,,0
626910,,0
626935,F31881,1
626936,F39814,1
626978,,0
626987,,0
627022,,0
627035,F33865,1
627036,,0
627042,,0
627046,,0
627091,,0
627092,F11657,1
627093,,0
627132,,0
627139,,0
627141,F31332,1
627149,F31802,1
627151,F30018,1
627179,F22376,1
627181,F22325,1
627185,F22339,1
627186,F22324,1
627191,,0
627192,,0
627193,,0
627196,,0
627215,,0
627240,,0
627268,,0
627276,,0
627277,,0
627278,,0
627287,,0
627329,F32716,1
62733,F11008,1
627331,F32715,1
627334,F31789,1
627340,F7359,1
627341,F7358,1
627342,F31795,1
627372,F22066,1
627453,F27912,1
627456,,0
627457,,0
627465,,0
627468,,0
627469,,0
627470,,0
627471,,0
627480,,0
627515,F12135,1
627519,F12483,1
627536,F12222,1
627539,F12541,1
627545,F12309,1
627563,F22337,1
627565,F22336,1
627572,,0
627594,F22323,1
627608,F12490,1
627612,F12311,1
627616,F12259,1
627622,F12482,1
627626,F12547,1
627628,F11185,1
627633,F12494,1
627641,F12480,1
627642,F12496,1
627648,F12308,1
627658,F12491,1
627661,F12492,1
627671,F12479,1
627707,,0
627716,,0
627867,F4992,1
627886,,0
627893,,0
627912,,0
627975,F10137|F9569|F9732|F20586,4
627977,F10137|F9569|F9732|F20586,4
627978,,0
627979,F10137|F9569|F9732|F20586,4
627981,F10137|F9569|F9732|F20586,4
627982,F14953|F2431|F4347,3
627998,,0
628012,,0
628062,F5062|F5044|F25906,3
628064,F5044|F5046|F30088,3
628065,F30232|F31278,2
628066,F5044|F5046|F31245,3
628067,F5044|F5046|F31245,3
628068,F30232|F31278,2
628069,F8466|F28914|F4401|F5442,4
628070,F8466|F28914|F4401|F5442,4
628071,F30232|F4401|F5442,3
628075,F5981|F5967|F31334,3
628076,F5044|F5046|F31245,3
628077,F8466|F28914|F5044|F5046|F26805,5
628092,F5062|F27810,2
628093,F5044|F5046|F30088,3
628094,F5044|F5046|F30088,3
628096,F5044|F25906|F31334,3
628097,F5044|F25906|F31334,3
628098,F26806|F5044|F5046|F26805,4
628099,F5044|F25906|F31334,3
628100,F5044|F24078,2
628101,F5044|F25906|F31334,3
628102,F5044|F24078,2
628103,F5044|F24078,2
628135,,0
628138,,0
628140,,0
62815,,0
628197,F37455|F37407|F21321,3
628246,,0
628258,,0
628259,,0
628268,,0
628271,F23371,1
628272,F24020,1
628275,,0
628276,,0
628277,F31885,1
628278,F31897,1
628279,,0
628281,,0
628282,F31902,1
628283,,0
628285,F30908,1
628292,F30911,1
628326,F32916,1
628333,F32918,1
628338,F32926,1
628346,F32928,1
628351,F32919,1
628352,F32924,1
628354,F32922,1
628356,F32921,1
628358,F32923,1
628359,F32915,1
628363,F5044|F5046,2
628364,F5044|F5046,2
628365,F5044|F5046,2
628366,F5044|F5046,2
628367,F5044|F5046,2
628368,F5044|F5046,2
628369,F5044|F5046,2
628370,F5044|F5046,2
628371,F5044|F5046|F26805,3
628372,F5044|F5046|F26805,3
628384,F13310,1
628389,F29893,1
628393,F28686,1
628408,,0
628410,F28696,1
628413,F28677,1
628416,F28676,1
628417,F28690,1
628418,,0
628437,,0
628448,,0
628474,,0
628528,,0
628538,F31118,1
628548,F30907,1
628573,,0
628581,,0
628596,,0
628597,,0
628675,F32925,1
628685,F32920,1
628688,F32927,1
628698,F32953,1
628699,F12875,1
628710,F13473|F13551|F13759,3
628720,F32952,1
628722,F32951,1
628724,F32270,1
628725,F32269,1
628726,F32271,1
628727,F32268,1
62873,,0
628744,F12875|F10501,2
628855,F30883,1
629062,,0
629067,,0
629092,,0
629097,,0
629101,,0
629109,F32020,1
629129,F16878,1
629132,F8466,1
629170,,0
629174,,0
629175,,0
62918,F37458,1
629277,,0
629300,,0
629307,,0
629313,F7490,1
629314,F7491,1
629318,F7492,1
629321,F7493,1
629322,F7494,1
629328,F7495,1
629330,F7496,1
629343,F34067,1
629344,F34105|F34112|F34105|F34104|F36828|F34101,6
629345,F34105|F34112|F34079|F34112|F34098,5
629347,F1371|F34105|F34109,3
629358,,0
629360,,0
629415,F4334,1
629446,F7497,1
629447,F7498,1
629451,F7501,1
629452,F7502,1
629453,F7504,1
629459,F7505,1
629463,F23464|F25391,2
629464,F7507,1
629466,F7508,1
629467,F7509,1
629469,F7510,1
629470,F7511,1
629487,F7513,1
629488,F7514,1
629496,F16697,1
629498,F7519,1
629511,,0
629512,,0
629517,,0
629519,,0
629521,,0
629528,,0
629529,,0
629530,,0
629534,,0
629537,,0
629539,,0
629540,,0
629542,,0
629544,,0
629545,,0
629546,,0
629548,,0
629551,,0
629552,,0
629556,F7522,1
629557,F7523,1
629560,F7524,1
629584,F9166,1
629618,F7311,1
629625,F7318,1
629626,F7325,1
629628,F7331,1
629629,F7333,1
629632,,0
629633,,0
629634,,0
629635,,0
629662,,0
629667,F42288,1
629815,F14911,1
629820,F15743,1
629821,,0
629840,,0
629841,,0
629842,,0
629843,,0
629844,,0
629845,,0
629878,F7205,1
629903,F42287,1
629941,F42326,1
629969,F17115,1
629970,,0
629971,,0
629972,,0
630074,,0
630196,,0
630197,,0
630208,,0
630247,,0
630253,F12545,1
630263,F11859,1
630283,,0
630358,F22069,1
630359,F22071,1
630360,F22068,1
630368,F22346,1
630370,F21659,1
630392,,0
630416,,0
630417,F8668,1
630418,,0
630419,F15916,1
630422,F15035,1
630425,F42290,1
630428,,0
63044,,0
630451,F9112,1
630462,,0
630471,F34179,1
630475,F35925|F35931|F36688,3
630476,,0
630484,F15045,1
630491,,0
630497,F15264,1
630504,F15378,1
630520,F15051,1
63054,F17834|F18639,2
630540,F15793,1
630555,F14831,1
630562,,0
630602,F3212|F3271|F4234|F10274|F10484,5
630608,F4278|F3213|F10274|F10484,4
630610,F25129,1
630617,F16433,1
630687,,0
630694,,0
630695,,0
630714,F28519,1
630740,,0
630742,,0
630883,,0
630890,,0
630903,,0
630906,,0
630910,,0
630920,,0
630921,,0
630922,,0
630925,,0
630932,,0
630935,,0
630954,,0
630982,F32916,1
631036,,0
631042,F32148,1
631065,F17113,1
631066,F17114,1
631068,F17026,1
631069,F17119,1
631070,F17120,1
631071,F17118,1
631082,,0
631083,,0
631085,,0
631086,,0
631087,,0
631091,F10219|F10066|F10464|F940,4
631103,F10219|F10066|F846|F1793,4
631156,,0
631157,,0
631175,F15014,1
631237,,0
631238,,0
631240,,0
631242,F1722|F3100|F5720|F6249,4
631248,,0
631250,,0
631253,,0
631254,,0
631258,,0
631434,,0
631535,,0
631537,,0
631546,,0
631548,,0
631565,,0
631576,,0
631578,,0
631580,,0
631582,,0
631613,,0
63162,,0
631631,,0
631640,,0
631649,,0
631654,,0
631655,,0
631656,,0
631673,F34829,1
631713,F34588,1
631714,F34587,1
631718,,0
631725,,0
631726,,0
631727,,0
631728,,0
631729,,0
631730,,0
631731,,0
631732,,0
631750,F11253,1
631798,F10738|F10836|F12796|F12848|F10605,5
631799,F10738|F10836|F12796|F12848|F10605,5
631800,,0
631824,,0
631825,,0
631834,,0
631842,,0
631855,F34826,1
631878,F2754|F3017|F10199|F9795|F918|F10192|F585|F9797|F10042|F1373,10
631920,F32145,1
631974,,0
632079,F32134,1
632080,F32100,1
632082,F32099,1
632123,,0
632129,,0
632148,,0
632153,,0
632157,,0
632161,,0
632520,F34105|F34105|F34109|F34064|F37032,5
632525,,0
632526,,0
632532,F29892,1
632550,F32149,1
632579,,0
632625,,0
632636,F32146,1
632645,F418,1
632651,F29891,1
632652,,0
632665,F32904,1
632669,F31052,1
632670,F31051,1
632672,F28685,1
632738,,0
632739,,0
632764,,0
632765,,0
632766,,0
632767,,0
633051,F32147,1
633054,,0
633083,F16882,1
633136,F7127,1
633148,,0
633214,,0
633218,F22343,1
633230,F16895,1
633232,,0
633238,,0
633252,F28697,1
633255,F28675,1
633260,F28692,1
633264,F32021,1
633268,F28682,1
633273,F31046,1
633274,F31056,1
633280,F27661,1
633337,,0
633338,,0
633344,F10752,1
633348,,0
633360,,0
633371,,0
633483,,0
633485,,0
633506,,0
633514,,0
633515,,0
633524,,0
633525,,0
633526,,0
633530,F37938,1
633683,,0
633684,,0
633685,,0
633687,,0
633689,,0
633694,,0
633738,,0
633753,,0
633855,F21609|F21605,2
634160,,0
634161,,0
634164,,0
634167,,0
634170,,0
634174,,0
634181,,0
634184,,0
634202,F16685,1
634205,,0
634207,,0
634208,,0
634222,,0
634236,F22356,1
634241,,0
634354,F12218,1
634355,F13897,1
634372,,0
634398,F15001,1
634399,F14573,1
634406,F42291,1
634486,,0
634533,,0
634589,,0
634591,,0
634602,,0
634615,,0
634691,F32207,1
634719,,0
634729,,0
634730,,0
634731,,0
634736,,0
634739,,0
634751,,0
634753,,0
634764,,0
634816,,0
634991,,0
634993,,0
634994,,0
634999,,0
635050,F30872,1
635054,,0
635058,F31875,1
635059,F31874,1
635062,F30873,1
635067,F31851,1
635069,F30910,1
635071,F31853,1
635072,F30894,1
635073,,0
635075,F28550,1
635076,F30899,1
635077,F28549,1
635091,F31904,1
635092,F31896,1
635095,F30896,1
635096,F30895,1
635098,F26489,1
635103,F30912,1
635104,F31895,1
635106,F31882,1
635154,,0
635155,,0
635235,F4699|F4700|F3210|F3369|F6299|F10316|F3220,7
635266,F17022,1
635411,F2724|F2723,2
635446,F2133|F3631|F3650,3
635489,,0
635547,F38333,1
635561,,0
635631,,0
635645,F3430|F2563,2
635741,F32337,1
635743,F32339,1
635803,F11839,1
635815,F38614,1
635821,F38615,1
635844,F21463,1
635867,F21863,1
635928,F34105|F34104|F34113|F34066,4
635998,F1433|F1432,2
636001,F10219|F3007|F873|F877,4
636003,F28842,1
636008,F4049|F3010|F35441|F35444,4
636019,F1433|F1432,2
636029,F1433|F1432|F875|F1430,4
636030,F10219|F3594|F1116|F4480,4
636031,F28843,1
636035,F25220,1
636054,,0
636064,,0
636074,,0
636122,,0
636127,,0
636128,,0
636131,,0
636132,,0
636139,,0
636140,,0
63618,F22651,1
636193,,0
636194,,0
636195,,0
636198,,0
636206,F21004,1
636279,F35248,1
636449,F32208,1
636506,F5991|F5968|F5904|F5905|F21613,5
636536,,0
636538,F32670,1
63654,,0
636564,,0
636599,,0
636606,,0
636609,,0
636644,,0
636721,F12512,1
636724,F12513,1
636726,F12520,1
636727,F12521,1
636728,F12522,1
636729,F12517,1
636730,F12518,1
636731,F12529,1
636749,F12515,1
636750,F12510,1
636751,,0
636752,F12404,1
636756,F12334,1
636757,F12511,1
636758,F12514,1
636761,F12251,1
636762,F12248,1
636763,F12254,1
636764,F12796|F12848|F11455,3
636765,F12252,1
636766,F12253,1
636859,F17094,1
636928,,0
636932,,0
637036,,0
637095,,0
637116,,0
637117,,0
637119,,0
637121,,0
637122,,0
637124,,0
637134,,0
637144,,0
637149,,0
637180,,0
637188,,0
637397,,0
637412,,0
637457,,0
637459,,0
637461,,0
637475,,0
637476,,0
637486,F26391,1
637491,,0
637492,F3489|F10391|F1732|F1733,4
637494,,0
637495,,0
637498,,0
637502,,0
637503,,0
637504,,0
637505,,0
637506,,0
637517,,0
637545,F40778,1
637583,F13268,1
637602,,0
637657,F35207,1
637662,F301,1
637669,F38523|F3890|F4548|F4618,4
637670,F28814,1
637716,,0
637717,,0
637721,,0
637736,,0
637738,,0
637749,,0
637751,,0
637752,,0
637799,F32209,1
637807,,0
637808,,0
637847,,0
637848,,0
637864,F11786,1
637873,F12194,1
637954,F1836|F846|F1793|F1433,4
637960,,0
637969,,0
637974,F31180,1
637975,F32262,1
637987,F29655,1
637994,F29683,1
637995,F29684,1
637996,F31161,1
637997,F31163,1
637998,F31165,1
638003,F29650,1
638027,,0
638063,,0
638098,F30874,1
638102,F30904,1
638119,F30906,1
638265,F37537,1
638268,F27458,1
638270,F27459,1
638276,F26453,1
638283,F27455,1
638289,F27452,1
638293,F27450,1
638303,F27446,1
638338,F25624,1
638359,F27445,1
638365,F26452,1
638369,F25628,1
638391,F24931,1
638460,F24929,1
638461,F24930,1
638471,F19567,1
638472,F19569,1
638473,F19568,1
638503,F19570,1
638731,,0
638764,,0
638918,F26867,1
638919,F26869,1
638954,F19705,1
639015,F26862,1
639016,F26863,1
639017,F26866,1
639018,F26868,1
639048,,0
639051,,0
639201,,0
639202,F8789,1
639208,,0
639209,,0
639220,,0
639280,,0
639282,,0
639292,,0
639298,,0
639303,,0
639308,,0
639326,,0
639331,,0
639332,,0
639333,,0
639334,,0
639336,,0
639338,,0
639341,,0
639342,,0
639343,,0
639345,,0
639346,,0
639347,,0
639349,,0
639351,,0
639427,F22203,1
639436,,0
639452,F37455|F37407|F11816|F37455|F37407|F11816,6
639638,F13512,1
639661,,0
639722,F21286,1
639983,F5050,1
640009,F4996,1
640020,F4993,1
640069,,0
640073,F13765,1
640091,F13852,1
640092,F13948,1
640099,F14246,1
640118,F14247,1
640119,F1758|F3481|F41045|F9196,4
640121,F41253|F41704|F36792|F36791,4
640127,F9610|F9597|F2937|F2468,4
640138,F14249,1
640158,F7160,1
640159,F4117,1
640160,F4221,1
640161,F14382,1
640167,F2624|F1136|F4110,3
640176,F4110|F3518,2
640177,F14410,1
640325,F14411,1
640326,F14412,1
640327,F14623,1
640341,F14636,1
640365,F13765|F13698,2
640392,F15243,1
640398,F15266,1
640419,F15377,1
640421,F15405,1
640424,F15411,1
640460,,0
640462,,0
640465,F7431,1
640466,F7204,1
640579,F22081,1
640707,F28329|F13792|F23303|F22972|F23571|F23760|F23021,7
640708,F24365|F24812|F26318|F28356,4
640713,F7432,1
640718,F7582,1
640721,F7583,1
640741,F31724|F34946|F23537|F19207,4
640749,F12685,1
640750,F2916|F1027|F1317|F2067,4
640785,F3548,1
640790,,0
640793,F12657,1
640798,,0
640836,F4546|F4132|F662|F584|F662|F584|F3152,7
640837,F36518|F2750|F4216|F38023,4
640860,,0
640864,F7586,1
640867,,0
640876,,0
640885,F7599,1
640889,,0
640895,F16916,1
641000,,0
641001,F10738|F10836|F12796|F12848|F10605,5
641002,F7600,1
641003,F7601,1
641004,,0
641005,F7602,1
641006,F7603,1
641010,,0
641011,F7604,1
641012,F10738|F10836|F12796|F12848|F10605,5
641013,F10738|F10836|F12796|F12848|F10605,5
641042,,0
641044,,0
641051,,0
641052,,0
641056,F3210|F2892|F1569|F2887,4
641057,,0
641063,F12625,1
641065,,0
641066,,0
641070,,0
641072,F15240,1
641088,F15594,1
641109,F15598,1
641136,F15608,1
641137,F15615,1
641141,F12649,1
641151,F12660,1
641153,F1116|F13566|F14004,3
641158,F15059|F15148|F14875|F13439,4
641161,,0
641162,F12726,1
641164,F12737,1
641167,F15714,1
641193,F15718,1
641195,F15773,1
641209,,0
641212,,0
641223,,0
641234,,0
641270,,0
641281,,0
641284,,0
641285,,0
641287,,0
641288,,0
641290,,0
641294,,0
641295,,0
641308,,0
641386,F38519,1
641389,,0
641396,,0
641407,,0
641422,,0
641433,,0
641458,F11744,1
641468,F15774,1
641472,,0
641476,,0
641479,,0
641487,,0
641491,F15776,1
641494,F15777,1
641498,F15778,1
641500,F15779,1
641501,F15780,1
641508,,0
641548,F15781,1
641551,F15782,1
641662,F15783,1
641664,F12506,1
641665,F15786,1
641669,F15787,1
641674,F5349|F9649|F10137|F10137|F9569|F9732|F10137|F10313,8
641679,F12504,1
641680,F15792,1
641684,F9810|F9883|F1069|F9421|F9676|F1072|F10028|F2628,8
641687,F1675|F10348|F2628|F3077|F2627,5
641695,,0
641699,,0
641700,,0
641701,,0
641702,,0
641709,,0
641711,F22044,1
641715,F21116,1
641717,,0
641721,,0
641737,F4699|F4700|F3210|F3369,4
641738,,0
641765,,0
641779,,0
641797,F7251,1
641799,F7253,1
641800,F7254,1
641802,F7255,1
641803,F7257,1
641804,F7259,1
641806,F7262,1
641808,F7260,1
641809,F7264,1
641810,F7267,1
641811,F7269,1
641813,F7270,1
641814,F7271,1
641819,,0
641824,F7273,1
641826,F7274,1
641829,F7276,1
641831,F7278,1
641839,F7280,1
641841,F7281,1
641846,F7286,1
641858,F7499,1
641860,F7500,1
641864,F7506,1
641866,F7512,1
641869,F7516,1
641870,F7517,1
641875,F7521,1
641917,F6812,1
641929,,0
641930,,0
641944,F11429,1
641976,,0
641977,,0
641978,,0
641979,,0
641980,,0
641981,F13778|F13851|F13957,3
641983,F15048,1
641984,F15246,1
641986,F15267,1
641987,F15404,1
641988,F30643,1
641994,F15412,1
641996,F15415,1
641997,F15416,1
642000,F15595,1
642001,F15596,1
642002,F15605,1
642003,F15610,1
642004,F15614,1
642009,F15621,1
642011,F15638,1
642012,F15775,1
642013,F34395,1
642014,F40023,1
642015,F13724|F39931,2
642024,F22294,1
642037,,0
642039,,0
642048,F16937,1
642049,F19579,1
642054,F7503,1
642106,F7515,1
642107,F7518,1
642109,F7520,1
642110,F7525,1
642111,F7266,1
642112,F7295,1
642113,F7297,1
642114,F7252,1
642115,F7256,1
642116,F7258,1
642117,F7261,1
642118,F7263,1
642119,F7268,1
642120,F7272,1
642121,F7275,1
642122,F7277,1
642124,F7279,1
642125,F7282,1
642126,F7283,1
642127,F7296,1
642135,F19580,1
642137,F22292,1
642140,,0
642141,,0
642168,F26318,1
642176,F17522|F17892|F22942|F29562,4
642257,F23593,1
642266,,0
642273,,0
642284,,0
642370,,0
642371,,0
642372,,0
642447,,0
642455,F20411,1
642478,F22045,1
642513,,0
642525,F30843,1
642559,,0
642682,F22293,1
642683,F22217,1
642700,F22200,1
642716,F17110,1
642733,F21859,1
642734,F19992,1
642735,F21856,1
642737,F21864,1
642738,F22078,1
642740,F22199,1
642747,F21462,1
642776,,0
642777,,0
642778,,0
642779,,0
642780,,0
642781,,0
642783,F15222,1
642784,,0
642785,,0
642786,F15682,1
642787,F15680,1
642789,F15567,1
642790,F15681,1
642791,F15482,1
642792,F15480,1
642793,F15481,1
642794,,0
642795,,0
642796,F15636,1
642799,F35038,1
642800,F35037,1
642802,,0
642803,F35036,1
642804,,0
642805,,0
642806,,0
642807,,0
642808,,0
642809,,0
642810,,0
642811,,0
642812,,0
642813,,0
642814,,0
642815,,0
642816,,0
642817,,0
642818,,0
642819,,0
642821,,0
642822,,0
642823,,0
642824,,0
642825,,0
642826,,0
642827,,0
642828,,0
642829,,0
642830,,0
642831,,0
642832,,0
642833,,0
642834,,0
642835,,0
642836,,0
642837,,0
642838,,0
642839,,0
642840,,0
642841,,0
642842,,0
642843,,0
642844,,0
642845,,0
642846,,0
642847,,0
642848,,0
642849,,0
642850,,0
642851,,0
642852,,0
642853,,0
642854,,0
642855,,0
642856,,0
642858,,0
642859,,0
642860,,0
642930,F20986,1
642932,F18586,1
642948,F31231,1
642949,F31304,1
642950,F30123,1
642951,F32205,1
642952,F32200,1
642953,F32199,1
642959,F32543,1
642960,F32195,1
642961,F32193,1
642962,F32202,1
642963,F32198,1
642964,F32197,1
642965,F31232,1
642966,F32196,1
642967,F32194,1
642968,F32192,1
642969,F32191,1
642970,F32204,1
642971,F32203,1
642972,F31229,1
642973,F31228,1
642974,F31226,1
642978,F7357,1
642979,F7356,1
642980,,0
642981,,0
642982,,0
643004,F7551,1
643005,F7552,1
643007,F7553,1
643008,F7554,1
643013,F7555,1
643014,F7556,1
643019,,0
643020,F40979,1
643021,F40978,1
643022,,0
643024,,0
643026,,0
643035,,0
643036,F7557,1
643046,,0
643047,,0
643049,F7558,1
643051,,0
643052,,0
643054,F15462,1
643055,,0
643056,,0
643058,,0
643111,,0
643113,,0
643114,,0
643115,,0
64314,,0
643171,F37784,1
643173,F15899|F15900,2
643223,F12616,1
643241,,0
643264,F16633,1
643265,F16641,1
643266,F16441,1
643267,F16442,1
643268,F16446,1
643269,F16447,1
643270,F16526,1
643272,F16540,1
643273,F16543,1
643275,F16546,1
643277,F16312,1
643345,F40224,1
643363,,0
643366,,0
643367,,0
643368,,0
643375,F9181,1
643376,,0
643377,F9165,1
643379,,0
643381,F9167,1
643382,F9168,1
643386,F9169,1
643387,F9170,1
643394,F8676,1
643404,,0
643406,,0
643436,,0
643437,,0
643438,,0
643443,F16444,1
643532,F16631,1
643533,F16632,1
643535,F16635,1
643539,F16640,1
643542,F16272,1
643543,F16521,1
643545,F16525,1
643546,F16530,1
643548,F16537,1
643549,F16538,1
643589,,0
643590,,0
64362,F9468|F9789|F9604|F9330,4
643635,,0
643672,,0
643741,F13267,1
643782,,0
643805,F7305,1
643806,F7293,1
643807,F7335,1
643809,F6719,1
643877,F8862,1
643884,F7317,1
643903,,0
643920,,0
643951,,0
643954,,0
643956,,0
643957,,0
643965,F36708,1
644133,,0
644134,F13916,1
644136,F13548,1
644138,,0
644139,,0
644153,,0
644163,,0
644166,,0
644167,,0
644170,,0
644171,,0
644223,,0
644238,,0
644246,,0
644247,,0
644248,,0
644255,,0
644256,,0
644319,F17075,1
644320,,0
644323,F14056,1
644324,F14054,1
644326,F16911,1
644327,F16910,1
644328,F16963,1
644329,F17005,1
644331,F16962,1
644332,F17052,1
644333,F17053,1
644334,F17054,1
644335,F17059,1
644336,F17056,1
644337,F17058,1
644339,F17055,1
644340,F17057,1
644341,F17060,1
644342,F17051,1
644343,F11551,1
644363,F15708,1
644364,F15710,1
644443,,0
644496,,0
644562,F7313,1
644579,,0
644675,,0
644719,F16429,1
644721,,0
644722,F16966,1
644780,F36181|F36394|F41615|F36309,4
644795,,0
644796,F12725,1
644815,F31315,1
644816,F29012,1
644817,F29013,1
644818,F29024,1
644819,F31316,1
644821,F32238,1
644822,F32249,1
644833,,0
64485,F17759,1
64487,F18523,1
64489,F17501,1
64491,F17764,1
64492,F17765,1
64497,F33576,1
644976,,0
644977,F30813,1
644979,F30838,1
644980,,0
644981,F12246,1
644982,F31326,1
645043,,0
645046,,0
645048,F30830,1
645049,F30829,1
645066,,0
645087,,0
645089,,0
64514,F36485,1
645151,,0
645195,,0
645273,,0
645321,F12624,1
645325,,0
645329,,0
645370,,0
64538,F18210,1
64539,F17800,1
64540,F3397,1
64541,F18213,1
64542,F1633,1
64549,F18541,1
645571,,0
645572,,0
645619,,0
645632,,0
645637,,0
645647,,0
645656,,0
645676,F10137|F10137|F9569|F9732|F3924,5
645685,F747|F36821|F747|F36821,4
645688,F12535,1
645692,F747|F36821|F38487|F3733|F5330,5
645703,F32724,1
645725,F4196,1
645726,F4194,1
645731,F26864,1
64574,F35941,1
645857,F30824,1
645858,F30825,1
645861,,0
645862,,0
645864,,0
645865,,0
645876,,0
645878,,0
645885,F31318,1
645886,F32241,1
645887,F32242,1
645888,F32246,1
64589,,0
645905,F31844,1
645921,,0
645922,,0
645931,,0
645944,,0
64599,F23884,1
646000,F2150|F10202|F10210|F1148,4
646003,,0
646029,,0
646030,,0
646031,F32724,1
646053,,0
646063,,0
646079,F12643,1
646080,F12622,1
646081,,0
646082,,0
646176,F16955,1
646200,,0
646207,,0
646208,,0
646250,F7736|F7754|F7745|F7748|F23019|F23179|F7834|F7726|F7643|F7652|F7664|F7665|F7834|F7726|F23406|F7643|F7652|F7664|F7665|F7834|F7726|F39472|F39498|F39523|F39597|F39820|F39817|F39363|F39498|F39528|F39531,31
646280,,0
646291,,0
646393,F16870,1
646394,F16860,1
646395,F16869,1
646400,F29014,1
646401,F30155,1
646457,,0
646466,,0
646471,,0
646474,,0
646519,,0
646595,F15635,1
64660,,0
646632,,0
646633,,0
64665,F35939,1
646659,F5934,1
646678,F15423,1
646682,,0
646684,F12200,1
646685,,0
646686,,0
646687,,0
646688,,0
646690,,0
646691,,0
646753,F31306,1
646754,F31308,1
64681,F17281,1
646838,,0
646844,,0
646845,,0
646846,,0
646847,,0
646848,,0
646849,,0
646850,,0
646851,,0
646852,,0
646855,,0
646856,,0
646859,,0
646861,,0
646862,,0
646863,,0
646864,,0
646870,,0
646871,,0
646873,,0
646874,,0
646876,,0
646877,,0
646879,,0
646880,,0
646881,,0
646882,,0
646883,,0
646888,F6442,1
646900,,0
646903,F15784,1
646904,F15820,1
646918,,0
646920,,0
646925,,0
646946,F32226,1
646960,F12724,1
646981,,0
646986,,0
646988,,0
646989,,0
646995,,0
646996,,0
646998,,0
647000,,0
647061,,0
647062,,0
647101,F31193,1
647104,,0
647116,,0
647140,F40442|F40591|F25157|F24086,4
647141,F7645|F7655|F7648|F7708|F7768|F7799|F7643|F7652|F7664|F7665|F22737|F8252|F39598|F39610|F39392|F40137,16
647145,F39563|F39389|F39406|F39368|F7866|F7662|F7677|F7776|F7802|F7676|F7686|F7661|F7711|F7749|F7712,15
647147,F30153,1
647220,,0
647226,F19583,1
647227,F19584,1
647228,F19586,1
647229,F19585,1
647231,F12479,1
647233,F11185,1
647234,F12547,1
647238,F22197,1
647240,,0
647249,F12483,1
647253,F12222,1
647254,F12490,1
647256,F11849,1
647257,F12135,1
647258,F12259,1
647259,F12308,1
647260,F10001|F9748|F10414|F10056|F838|F3587|F2611,7
647261,N48873|F10414|F10056|F2586,4
647263,F12482,1
647265,F10064|F10247|F9313|F9241|F9536|F1386,6
647266,F12311,1
647267,F12491,1
647274,F12492,1
647275,F10210|F1148|F37558|F1449,4
647276,F10210|F1148|F2682,3
647278,F10210|F1148|F1450|F10210|F1148|F37558|F2696,7
647281,F11310,1
647282,F12496,1
647289,F12541,1
647290,F12494,1
647292,F12480,1
647293,F12309,1
647344,,0
647346,,0
647350,,0
647351,,0
647356,,0
647357,,0
647358,,0
647359,,0
647360,,0
647372,,0
647382,,0
647399,F12249,1
647403,F32881,1
647405,,0
647417,F39282,1
647423,,0
647428,F39300,1
647429,F39301,1
647431,F39302,1
647432,F39303,1
647433,F39305,1
647434,F39306,1
647435,F39307,1
647437,F39308,1
647439,F39309,1
647440,F39310,1
647441,F39311,1
647442,F39312,1
647443,F39313,1
647444,F39316,1
647445,F39318,1
647451,F30160,1
647452,F30161,1
647456,,0
647457,,0
647458,,0
647463,,0
647495,,0
647499,F22195,1
647514,,0
647529,F12841|F12823|F527|F1316|F12818|F12887|F12827,7
647531,,0
647546,,0
647572,F12841|F12823|F527|F1316|F10683,5
64760,,0
647636,F15804,1
647642,,0
647645,,0
647671,F12841|F12823|F527|F1316|F12817|F10518|F10551,7
647674,F12841|F12823|F527|F1316|F9313|F9241|F9536|F1777,8
647679,F12841|F12823|F527|F1316|F12796|F12848|F10739|F12920,8
647681,F12369,1
647694,,0
647733,F5938,1
647772,,0
647773,,0
647774,,0
647775,,0
647799,,0
647861,F11129|F10903|F10604|F12796|F12848|F10739|F12920|F12796|F12848|F10739|F12920|F12818|F12887|F12827,14
647863,F11129|F10903|F10604|F12796|F12848|F10739|F12920|F12841|F12823|F527|F1316|F10853|F10604|F12796|F12848|F10739|F12920,17
647866,,0
647894,,0
647897,F11129|F10903|F10604|F12796|F12848|F10739|F12920|F10853|F10954,9
647920,,0
647921,,0
647925,F11667|F11805,2
648027,F12640,1
648028,F12644,1
648044,F5016,1
648156,F21833,1
648157,F25865,1
648159,F26855,1
648160,F27791,1
648161,F29006,1
648163,F31298,1
648164,F31221,1
648165,F31288,1
648166,F409,1
648167,F408,1
648172,,0
648173,,0
648197,F410,1
648198,F406,1
648200,F25148,1
648201,F25189,1
648202,F25891,1
648203,F25853,1
648214,,0
648292,F12667,1
648293,F12734,1
648294,F20588,1
648301,F12796|F12848|F10739|F12920|F12818|F12887|F12827,7
648305,F35967|F4200|F37568|F37776|F37328,5
648309,,0
648312,F12796|F12848|F10739|F12920|F12818|F12887|F12827,7
648313,,0
648315,,0
648316,F21656,1
648319,F14767|F14472|F14543|F14210|F13873,5
648320,,0
648324,F10219|F3007|F11440,3
648328,F5015,1
648329,F4319,1
648336,,0
648337,F12681,1
648338,F12580,1
648339,F12581,1
648340,,0
648341,,0
648342,F4926,1
648343,F34888|F34904,2
648344,F34888|F34904,2
648345,F9969|F1004|F3302,3
648346,F9969|F1004|F3302,3
648347,F1294|F3302,2
648366,F23678,1
648368,F25904,1
648380,F9285|F9250|F1779|F3076|F10029|F1066,6
648383,F6632,1
648384,F6633,1
648385,F6634,1
648386,F6636,1
648387,F6637,1
648388,F6638,1
648389,F6639,1
648390,F6640,1
648398,F21001,1
648405,F4833|F4380,2
648406,F4833|F4380,2
648418,,0
648439,F11190|F11224|F12915|F11037,4
648440,F32694,1
648441,F32693,1
648452,F32863,1
648453,,0
648468,,0
648541,,0
648551,,0
648592,,0
648594,,0
648595,,0
648596,,0
648598,,0
648601,,0
648603,,0
648655,F3982|F4065|F3018|F4064,4
648665,F30456,1
648687,F18788,1
648706,F7187|F22041,2
648780,F13530|F13739|F13591,3
648782,F19805,1
648797,F14970,1
648815,F12877|F11274|F12877|F12906,4
648830,F12877|F11846|F11522,3
648832,F12877|F11846|F11522,3
648833,F12877|F11846|F11522,3
648844,F12877|F10534|F12908,3
648852,,0
649043,,0
649044,,0
649049,,0
649052,,0
649060,F15730,1
649098,,0
649246,,0
649269,,0
649271,,0
649281,F12677,1
649282,F12670,1
649285,F12678,1
649286,F12693,1
649287,F12285,1
649359,F12877|F11274|F10756|F12877|F12906,5
649369,F12877|F10645|F10700|F11694|F11568,5
649375,F12877|F10645|F10700|F11240|F11369,5
649376,F12877|F10645|F10700|F11827|F12175,5
649377,F12877|F10645|F10700|F11841|F11070,5
649380,F12907|F11006|F10979,3
649381,F12907|F11006|F10756|F12877|F12906,5
649382,F11521|F11510|F12907|F11006|F10853|F10604|F12796|F12848|F10739|F12920,10
649384,F12841|F12823|F527|F1316|F12877,5
649387,,0
649388,,0
649389,,0
649397,,0
649398,,0
649399,,0
649400,,0
649405,,0
649408,,0
649413,,0
649416,,0
649417,,0
649485,F10001|F9748|F10414|F10056|F838|F3587|F2611,7
649486,N48873|F10414|F10056|F2586,4
649497,F10064|F10247|F9313|F9241|F9536|F1386,6
649520,F32211,1
649533,,0
649592,,0
649593,,0
649594,,0
649597,F34337,1
649599,,0
649600,,0
649602,,0
649603,,0
649606,,0
649608,,0
649610,,0
649611,,0
649612,,0
649613,,0
649616,,0
649618,F22534,1
649619,F22528,1
649660,,0
649685,,0
649713,,0
649714,F14846,1
649724,,0
649804,F13741|F13829,2
649805,F13741|F13829,2
649814,,0
649815,,0
649839,F10642|F10710|F1621,3
649848,F10537|F10587|F10538|F10578,4
649853,,0
649854,,0
649855,F11272|F11386,2
649914,F10957|F10956|F11502|F11501,4
649923,,0
649928,F12384,1
64994,F1114|F1112,2
649946,F9549|F9314|F10200,3
649947,F9549|F9314|F10200,3
64995,F1114|F1112,2
649951,F32695,1
64996,F1114|F1112,2
649960,,0
64997,F1114|F1112,2
649982,F14115|F14116|F14114|F14117,4
65000,F22645|F7832,2
65001,F22645|F7832,2
650040,,0
650085,F10947|F34313|F11229|F11227,4
650090,F11681,1
650094,F12213,1
650110,F15365,1
650112,F15824,1
650113,F15823,1
650115,F15822,1
650116,F15740,1
650173,F12796|F12848|F12848|F12796|F12848|F11030,6
650174,,0
650187,F12818|F10613|F10847,3
650193,F12817|F10518|F10730|F10820|F12853|F10623,6
650198,F12817|F10518|F10853|F10604|F12796|F12848|F10739|F12920,8
650200,F12818|F12887|F12827,3
650206,F12463,1
650207,F12267,1
650211,F10730|F10820|F12853|F10623,4
650223,F12853|F10623|F10696|F10732|F12817|F10518,6
650269,F10696|F10732|F11215|F11214,4
650272,F11523|F11396|F11443|F11656,4
650277,F1031|F2039|F10137|F10313,4
650291,F12796|F12848|F12869|F12831|F10739|F12920,6
650367,,0
650378,F1836|F846|F1793|F10608|F10470|F10463,6
650383,F37226|F36840|F1352|F36142,4
650482,F22192,1
650483,,0
650486,F19812,1
650487,,0
650537,,0
650571,F31506,1
650572,F13674|F13686|F13645,3
650599,F40630,1
650601,,0
650602,F40535,1
650606,F15364,1
650608,F15395,1
650610,F15722,1
650611,F15785,1
650612,F15591,1
650613,F15396,1
650620,F15623,1
650624,F15057,1
650630,F15808,1
650633,F15652,1
650640,F15827,1
650648,F15657,1
650651,F35024,1
650703,,0
650704,,0
650709,F32222,1
650777,,0
650778,,0
650788,,0
650789,,0
650790,,0
650798,,0
650799,,0
650801,,0
650832,F7374,1
650876,F23179|F7834|F7726|F7643|F7652|F7664|F7665|F7834|F7726|F23406|F7643|F7652|F7664|F7665|F7834|F7726,16
650880,F7643|F7652|F7664|F7665|F7647|F7654|F7662|F7723|F23179|F7834|F7726|F7643|F7652|F7664|F7665|F7834|F7726|F23406|F7643|F7652|F7664|F7665|F7834|F7726,24
650897,,0
650929,F10553|F10562|F11301|F11072,4
650965,F17090,1
650974,F7559,1
650975,F7560,1
650977,F41779|F41714|F35714|F41779|F10520,5
650979,,0
650987,,0
651006,F41779|F41714|F35714|F41779|F10520|F10575|F36586|F36236|F36279,9
651008,F41779|F41714|F35714|F41779|F10520|F37472|F36972,7
651009,F41779|F41714|F35714|F41779|F10520|F37472|F36972,7
651012,F41779|F41714|F35714|F41779|F10520|F37920|F38038,7
651018,F10575|F36586|F36236|F36279,4
651020,F38743|F11695|F12853|F10623|F11640,5
651023,F10804|F35204|F41779|F41714|F35714|F41779|F10520,7
651029,,0
651032,,0
651039,F37171|F37419|F34708|F34709,4
651042,,0
651045,F11121|F10580,2
651050,F15683,1
651054,,0
651055,,0
651057,,0
651060,,0
651061,,0
651090,,0
651106,,0
651109,,0
651110,,0
651118,,0
65112,,0
651231,,0
651232,,0
651233,,0
651234,,0
651235,,0
651236,,0
651237,,0
651238,F4023,1
651239,F4201,1
651240,F5480,1
651241,F6538,1
651242,F6553,1
651253,F4660,1
651254,F5515,1
651255,F6231,1
651256,F7163,1
651257,,0
651258,F6037,1
651259,F6135,1
651260,F6262,1
651271,,0
651273,F5024,1
651275,F5266,1
651278,,0
651279,,0
651284,F6479,1
651285,,0
651286,,0
651287,,0
651294,F15424,1
651295,,0
651320,F14650,1
651342,,0
651359,,0
651385,,0
651455,,0
651478,,0
65154,F13144,1
651547,,0
651548,,0
651551,F13824|F13802|F40004|F39775,4
651616,,0
651618,,0
651639,,0
651708,,0
651716,,0
651731,F15400,1
651758,,0
651760,F15732,1
651763,F15630,1
651797,F10804|F10834|F38005|F38011,4
651823,,0
651828,F32573,1
651830,,0
651831,F32574,1
651856,,0
651858,,0
651863,,0
651921,,0
651927,,0
651928,,0
651929,,0
651937,,0
651969,,0
652001,,0
652002,,0
652004,,0
652011,,0
652044,,0
652048,,0
652050,,0
652052,,0
652069,,0
652071,F10841|F10807|F12885|F10593|F10599|F10668|F10812|F10616|F10667|F10729,10
652107,,0
652108,,0
652112,,0
652113,,0
652115,,0
652133,,0
652134,,0
652135,F40732,1
652141,,0
652144,,0
652145,F15076,1
652146,,0
652167,,0
652175,,0
652179,,0
652180,,0
652181,F15282,1
652182,,0
652184,,0
652185,,0
652186,,0
652187,,0
652188,F15721,1
652189,,0
652190,F15802,1
652191,F15798,1
652194,F15218,1
652196,,0
652198,F15803,1
652199,F15801,1
652200,F15800,1
652203,F14543|F14210,2
652213,F15622,1
652216,F12824|F12896|F41644|F35847,4
652217,F15805,1
652218,F15806,1
652219,,0
652220,F15431,1
652221,,0
652222,,0
652226,F10986|F11110|F11406|F10990,4
652227,F40980,1
652228,F40984,1
652234,F7565,1
652235,F10986|F11110|F12796|F12848|F12818|F12887|F12827|F12911|F527|F1316,10
652236,F7561,1
652237,F7564,1
652239,F10986|F11110|F10636|F10713,4
652242,,0
652248,F11007|F10777|F9655|F10655|F12797|F11394,6
652260,,0
652262,,0
652263,,0
652264,,0
652265,,0
652268,,0
652269,,0
652270,,0
652272,F15809,1
652274,,0
652275,,0
652276,,0
652277,,0
652279,,0
652280,,0
652281,,0
652282,,0
652283,,0
652284,,0
652286,F15810,1
652287,,0
652289,F15811,1
652296,,0
652297,,0
652298,F15733,1
652299,,0
652300,,0
652301,F15734,1
652302,,0
652303,,0
652304,,0
652305,F15767,1
652306,,0
652311,F15563,1
652329,F1704,1
652332,F9244|F9324|F9324|F9542|F9950,5
652353,F15571,1
652355,,0
652356,,0
652359,,0
652360,,0
652361,F15752,1
652362,F15834,1
652377,,0
652378,,0
652379,,0
652451,,0
652518,,0
652619,,0
652620,,0
652621,,0
652622,,0
652623,,0
652628,,0
652661,F9612|F2171,2
652669,,0
652677,,0
652687,,0
652688,,0
652689,,0
652713,F10662|F10825|F41247|F35701|F11419|F11418,6
652714,F41273|F41198|F41819|F36448|F1835|F2186|F845|F816|F41273|F41198|F41819|F36448|F18125,13
652715,F20219,1
652743,F12913|F10120|F10662|F10825|F41247|F35701,6
652750,F12913|F10120|F10662|F10825|F41247|F35701|F10724|F10662|F10825|F41247|F35701,11
652797,F41273|F41198|F41819|F41198|F35696|F41273|F41538|F10662|F10825|F41247|F35701,11
652802,F7645|F7655|F7648|F7708|F7768|F7799|F7643|F7652|F7664|F7665|F22737|F8252|F23179|F7834|F7726|F7643|F7652|F7664|F7665|F7834|F7726|F23406|F7643|F7652|F7664|F7665|F7834|F7726,28
652830,F12841|F12823|F527|F1316|F11020|F11294|F19784|F41273|F41198|F41819|F41198|F35696|F41273|F41538|F10662|F10825|F41247|F35701,18
652831,F10662|F10825|F41247|F35701,4
652833,F10662|F10825|F41247|F35701,4
652838,F10662|F10825|F41247|F35701|F18310|F10893|F10888,7
652860,F10137|F9569|F9732|F9569|F9732|F735|F10338,7
652897,F33346,1
652903,F15833,1
652915,F10662|F10825|F41247|F35701|F34887|F977|F9322|F41652|F36626,9
652916,F10662|F10825|F12841|F12823|F527|F1316,6
652983,,0
652984,,0
652985,F9285|F9250|F3079|F9421|F9676|F1072|F10028|F2628,8
652986,,0
652999,F7645|F7655|F7648|F7708|F7768|F7799|F7643|F7652|F7664|F7665|F22737|F8252|F23179|F7834|F7726|F7643|F7652|F7664|F7665|F7834|F7726|F23406|F7643|F7652|F7664|F7665|F7834|F7726,28
653001,F7736|F7754|F7745|F7748|F23019|F23179|F7834|F7726|F7643|F7652|F7664|F7665|F7834|F7726|F23406|F7643|F7652|F7664|F7665|F7834|F7726|F39472|F39498|F39523|F39597|F39820|F39817|F39363|F39498|F39528|F39531,31
653002,F39472|F39498|F39523|F39597|F39820|F39817|F39363|F39498|F39528|F39531,10
653003,F39474|F39597|F40069|F25157|F24086,5
653004,F8167|F8101|F7694|F7688|F7798|F7797,6
653006,F7662|F7677|F7776|F7802|F7676|F7686|F8049|F22794|F24596,9
653007,F7901|F8304|F7643|F7652|F7664|F7665|F7641|F7668|F7646|F7685,10
653011,,0
653014,,0
653016,,0
653017,,0
653019,,0
653024,,0
653025,,0
653027,,0
653033,,0
653034,,0
653072,F15273,1
653081,F15489,1
653088,,0
653089,,0
653093,F15830,1
653103,F15589,1
653104,F15829,1
653107,F15226,1
653126,F12655,1
653128,F12646,1
653169,F31310,1
653170,F31311,1
653176,F35052,1
653178,F15795,1
653188,F15838,1
653191,F15828,1
653192,F34571,1
653223,F14676,1
653232,,0
653235,,0
653236,F15669,1
653242,F15758,1
653248,,0
653255,,0
653288,,0
653289,,0
653387,,0
653437,F15723,1
653438,F15634,1
653443,F15831,1
653449,,0
653459,F32722,1
653461,,0
653468,,0
653471,,0
653472,,0
653483,,0
653508,F32722,1
653509,F32722,1
653510,F29913,1
653511,F23167|F39407|F7864|F34966,4
653530,F34105|F34112|F34076|F34069,4
653531,F34105|F34112|F1757|F2734,4
653546,F38937,1
653578,F21828,1
653607,F15754,1
653608,,0
653749,,0
653752,,0
65378,,0
653828,F32264,1
653844,F11574,1
653846,F11531,1
653850,F12414,1
653878,F31819,1
653900,F32151,1
653902,F32150,1
653921,F14017,1
653922,F14148,1
653923,F14169,1
653924,F14484,1
653927,F14948,1
653928,F14714,1
653929,F14939,1
653931,F14000,1
653932,F14487,1
653933,F14488,1
653934,F14173,1
653935,F13981,1
653936,F13988,1
653937,F14483,1
653938,F14360,1
653940,F14485,1
653941,F14174,1
653943,F14014,1
653944,F13817,1
653954,F10529|F12809|F10530|F12902,4
653956,F32154,1
653957,F32152,1
653958,F32153,1
654053,,0
654054,F7736|F7754|F7745|F7748|F7736|F7754|F7745|F7748|F23019|F40706|F40437|F24101|F24100,13
654081,,0
654101,F38928,1
654150,,0
654152,,0
654159,,0
654165,,0
654197,F22391,1
654198,F22077,1
654201,F20821,1
654208,,0
654210,,0
654220,,0
654224,,0
654254,F7438,1
654259,F7437,1
654263,,0
654264,,0
654270,,0
654276,,0
654278,,0
654281,,0
654282,,0
654283,,0
654296,,0
654298,,0
654300,,0
654301,,0
654302,,0
654303,,0
654309,,0
654320,F22354,1
654321,F22353,1
654322,F22347,1
654325,F29020,1
654329,,0
654330,,0
654331,,0
654335,,0
654336,,0
654337,,0
654344,,0
654347,,0
654348,F22345,1
654350,F21660,1
654351,F22351,1
654352,,0
654353,,0
654354,,0
654356,,0
654358,,0
654360,,0
654361,,0
654362,,0
65437,F25454,1
654388,F32678,1
654390,,0
654391,,0
654394,,0
654395,F15399,1
654406,F17112,1
654429,,0
654435,,0
654437,,0
654438,,0
654441,,0
654442,F7974|F7927|F8361|F7762|F7767,5
654443,F7736|F7754|F7745|F7748|F23019|F23179|F7834|F7726|F7643|F7652|F7664|F7665|F7834|F7726|F23406|F7643|F7652|F7664|F7665|F7834|F7726,21
654451,F7883|F7884|F7672|F7671|F7651|F7659|F7890|F7846,8
654455,,0
654458,,0
654462,,0
654469,,0
654479,F10702|F10574|F11088|F10701,4
654488,F10702|F10574|F11088|F10701,4
654500,F11627|F11689|F11088|F10701,4
654504,F11627|F11689|F11088|F10701,4
654506,F11627|F11689|F11088|F10701,4
654558,,0
654565,,0
654569,,0
654570,,0
654571,F10771|F11362|F10968|F10864,4
654573,F11106|F11246|F11085|F11086,4
654578,F10494|F10697|F10971|F10987,4
654581,,0
654583,,0
654586,,0
654587,,0
654589,,0
654593,,0
654595,,0
654597,,0
654598,,0
654613,,0
654617,,0
654620,,0
654713,,0
654715,,0
654735,,0
654736,,0
654737,,0
654738,,0
654739,,0
654742,,0
654743,,0
654744,,0
654745,,0
654746,,0
654753,,0
654754,,0
654755,,0
654772,,0
654773,,0
654774,,0
654776,,0
654777,,0
654778,,0
654785,,0
654787,,0
654808,F38332|F38331|F36185|F5320,4
654815,,0
654818,,0
654826,F15818,1
654829,,0
654830,F15812,1
654831,,0
654848,,0
654850,F7130,1
654852,,0
654855,F41012,1
654856,,0
654859,,0
654860,F41011,1
654863,,0
654864,,0
654869,,0
654872,,0
654873,F15765,1
654874,,0
654876,,0
654877,F15766,1
654879,,0
654880,,0
654882,F15770,1
654883,,0
654884,,0
654888,,0
654889,F15769,1
654896,F40619,1
654923,F31993,1
654954,,0
654971,F12741,1
654980,F35054,1
654983,F31994,1
654987,,0
654988,,0
654989,,0
654991,,0
654992,,0
655007,F15757,1
655017,F14829,1
655021,F15641,1
655033,F11022|F10797|F11415|F11414,4
655034,F11022|F10797|F11415|F11414,4
655103,F11017|F11026|F11734|F11736,4
655112,F10516|F12927|F10516|F10939,4
655113,,0
655138,,0
655144,F15826,1
655153,,0
655158,,0
655174,F12786|F12780|F12786|F12880,4
655175,,0
655189,,0
655199,F15794,1
655202,F15771,1
655212,F15684,1
655216,F15725,1
655226,,0
655358,,0
655370,F6676,1
655372,,0
655377,,0
65539,,0
65540,,0
655400,,0
65541,,0
655416,F11017|F11026|F11734|F11736,4
65542,,0
655420,F11017|F11026|F11126|F12871,4
65543,,0
65545,,0
655452,F39472|F39498|F39523|F39597|F39922|F39598|F39610|F39392|F40137,9
65546,,0
655468,,0
655470,,0
655476,,0
655479,,0
65548,,0
65550,,0
655528,F14661,1
65553,,0
65555,,0
65556,,0
655576,,0
65559,F11499,1
655609,F15791,1
655610,F41036,1
655611,F34570,1
655616,F15835,1
655617,F15590,1
655618,F40383|F40276|F38312|F41791|F36844,5
65563,F4483|F5476,2
655637,F39472|F39498|F39523|F39597|F39820|F39817|F39363|F39498|F39528|F39531,10
655640,F39472|F39498|F39523|F39597|F39820|F39817,6
655641,F39363|F39498|F39528|F39531,4
655659,,0
65566,F5441,1
655664,,0
655668,F36575|F36717|F36717|F30166,4
65567,,0
655671,,0
65568,F8337,1
65570,,0
65571,,0
65572,F10624|F12844|F12824|F12866,4
655740,,0
655744,,0
655750,F32394,1
655751,F32393,1
655754,F32399,1
655755,F32396,1
655769,,0
65577,F36697|F37078|F37465,3
65578,F38101,1
65579,,0
655792,F28565|F29759,2
655793,F40294|F41831|F39689|F39687,4
655794,F21069,1
65581,F3877,1
655811,,0
655822,,0
655823,,0
655826,,0
65584,F3371,1
655842,F15711,1
655844,F15816,1
655846,F15588,1
655847,F15727,1
655848,F15719,1
655849,F15821,1
655850,F15720,1
655853,F15430,1
655854,F15668,1
655855,F15745,1
655856,F15726,1
655857,F15825,1
655858,F15768,1
655859,,0
655860,F15796,1
655862,F15799,1
655863,F15735,1
655868,F37172|F37418|F38480|F41791|F36844,5
65587,F10558|F12828|F12824|F12870,4
655887,F14969,1
655888,F585|F14708,2
655889,F13889|F41096|F9897|F41192|F41427|F36166|F13174,7
655896,F14971,1
655898,F14968,1
65590,,0
655900,F585|F9797|F10042|F2789|F9926|F586,6
655902,,0
65591,,0
65592,,0
65594,F38432,1
655996,F40920,1
655998,,0
65601,F3781,1
65602,,0
656038,F31317,1
656129,,0
656130,,0
656132,,0
656167,F12703,1
656168,F12750,1
65617,,0
656170,F12748,1
656171,F12742,1
656175,F12753,1
656176,F12758,1
656177,F12692,1
656178,,0
656180,F12754,1
656181,F12690,1
656185,F12755,1
656186,F12749,1
656187,F12743,1
656188,F12634,1
656189,F12751,1
656224,,0
656225,,0
65623,,0
65625,F12877|F10495|F37027|F37696,4
65626,,0
65627,,0
65629,,0
65630,F11774,1
65632,,0
65633,F12733,1
65638,,0
65639,F12630,1
656401,,0
656402,,0
656410,F32804,1
656411,F32828,1
656412,F31992,1
656416,,0
656519,F2871,1
656638,F12558,1
656650,,0
656651,,0
656652,,0
656653,,0
656658,F32681,1
656659,F33292,1
656660,F30713,1
656794,F7354,1
656795,F30709,1
656805,,0
656813,,0
656823,F41096|F9897|F41192|F41427|F36166|F1932|F10199|F9795|F2749,9
656826,,0
656901,F14155,1
656958,,0
656966,,0
656967,,0
657010,,0
657023,,0
657038,,0
657039,,0
657041,,0
657058,,0
657059,,0
657062,,0
657079,,0
657080,,0
657081,,0
657115,,0
657122,,0
657123,,0
657124,,0
657125,,0
657247,,0
657250,F10454|F10227|F33728|F600|F601|F2165|F2682,7
657290,F600|F601|F2165|F5607|F5257,5
657291,F4110|F5598|F6288|F5595,4
657292,F34105|F34112|F34079|F34112|F34094,5
657293,F34105|F34111|F10469|F35991,4
657294,F5036|F4566|F1849,3
657295,F3180|F3190|F4021|F3009,4
657315,F14693,1
657329,F13784,1
657338,F36033,1
657356,,0
657360,,0
657363,,0
657369,,0
657372,F10195,1
657376,,0
657381,,0
657385,F9731|F9496,2
657386,F2437,1
657391,F40799,1
657392,F3915,1
657407,F12456,1
657413,F36930|F10808,2
657421,,0
657435,F12375,1
657436,F24605,1
657437,F26856,1
657438,F26858,1
657439,F26859,1
657440,F27900,1
657441,F27901,1
657442,F27902,1
657443,F27903,1
657444,F39520|F26540|F2521|F39883,4
657463,F39520|F2941|F24456|F28612,4
657466,F12704,1
657467,F12746,1
657468,F12731,1
657471,F32245,1
657474,F2519|F37380|F39520|F25706,4
657541,F35309,1
657560,F12744,1
657561,F12752,1
657562,F12745,1
657574,F977,1
657646,,0
657647,,0
657648,,0
657650,,0
657651,,0
657653,,0
657654,,0
657658,F38261,1
657659,F28900,1
657807,,0
657847,F39520|F2941|F2941|F39520|F26540|F2521|F39883,7
657856,F12621,1
657857,F12645,1
657858,F12674,1
657876,F12568,1
657877,F12594,1
657881,,0
657882,,0
657884,,0
657885,,0
657886,,0
657887,,0
657888,,0
657890,,0
657891,,0
657892,,0
657893,,0
657894,,0
657895,,0
657915,F11277|F9731|F9496|F28611,4
657916,F37249|F25007|F24447,3
657917,F35695|F37669|F2519|F37380,4
657918,F35695|F37669|F2519|F37380,4
657921,F23957,1
657922,F2521|F39883,2
657923,F39520|F2941,2
657944,F25002,1
657945,,0
657946,F25004,1
657947,F35695|F37669,2
657948,F25005,1
657949,,0
657950,,0
657951,F25006,1
657952,,0
657953,F25008,1
657954,F25009,1
657955,F2521|F39883|F2947,3
657956,F25702,1
657957,F25703,1
657958,F25706,1
657959,F2521|F2941,2
657960,F26541,1
657961,F26562,1
657962,,0
657963,,0
657964,F2519|F37380,2
657965,F27585,1
657966,F27586,1
657967,,0
657982,F4682,1
657994,F27587,1
657995,F27588,1
657996,F27589,1
657999,,0
658001,,0
658002,,0
658003,F27590,1
658004,F27591,1
658005,F27592,1
658006,F27762,1
658007,F28606,1
658008,F28610,1
658009,F39520|F25706,2
658010,F2521|F39883,2
658012,F29813,1
658013,F29815,1
658014,F29816,1
658015,F29817,1
658016,F29818,1
658017,F29821,1
658018,F2519|F37380|F39520|F25706,4
658019,F29822,1
658020,F30987,1
658021,F30990,1
658022,F30991,1
658023,F30992,1
658024,F30993,1
658025,F30994,1
658026,F30996,1
658027,F30998,1
658031,F31085,1
658032,F31218,1
658033,F31954,1
658034,F39520|F2941|F2941,3
658035,F31957,1
658036,F31997,1
658038,F39520|F2941|F2941|F39520|F26540|F2521|F39883,7
658040,F32822,1
658041,F32823,1
658042,F32824,1
658043,F32825,1
658044,F32826,1
658078,F14177|F14351,2
658081,F14177|F14351,2
658113,F39520|F26540,2
658114,F11277,1
658115,F29814,1
658116,F29819,1
658117,F29820,1
658118,F24456|F28612,2
658119,F2519|F37380|F39520|F25706,4
658120,F30988,1
658121,F30989,1
658122,F30995,1
658123,F30997,1
658125,F31084,1
658126,F31956,1
658128,F32821,1
658129,F8328,1
65813,,0
658161,,0
658230,F31319,1
658231,F32236,1
658232,F32237,1
658233,F32239,1
658234,F32240,1
658246,,0
658247,,0
658248,,0
658249,,0
658256,F2519|F37380,2
658347,F16301,1
658462,,0
658464,,0
658489,,0
658490,,0
658492,,0
658500,F37303|F37548,2
658522,F29020,1
658523,F29026,1
658535,,0
658540,F9342|F9322|F9363|F9499|F506|F9738|F722,7
658541,F8531,1
658632,,0
658635,,0
658638,,0
658641,F15817,1
658642,F15819,1
658643,F15660,1
658646,F15815,1
658728,,0
658762,F5050,1
658764,F12637,1
658766,F12638,1
658767,F12652,1
658768,F12666,1
658776,,0
658777,,0
658778,,0
658780,,0
658782,,0
658783,,0
658793,F32816,1
658795,F32819,1
658796,F32809,1
658798,F32817,1
658800,F32820,1
658801,F32815,1
658802,F31998,1
658807,F31953,1
658812,F32814,1
658823,F32818,1
658824,F32810,1
658825,F17123,1
658828,F31999,1
658837,F32827,1
658840,F32808,1
658843,F32813,1
658846,F32812,1
658847,F32811,1
658861,,0
658865,F5620,1
658883,,0
658887,,0
658889,F31955,1
658900,F31307,1
658908,,0
658909,F4627,1
658912,F2133|F9624|F9426|F10254|F9922|F640|F1140|F38339|F38525,9
658919,,0
658924,F2133|F9624|F9426|F10254|F9922|F640|F1140,7
658985,,0
658986,,0
658987,,0
658988,,0
658989,,0
658990,,0
658991,,0
658992,,0
658993,,0
658994,,0
658995,,0
658996,,0
658997,,0
658998,,0
658999,,0
659000,,0
659001,,0
659002,,0
659003,,0
659004,,0
659005,,0
659007,,0
659036,F12593,1
659037,F31314,1
659056,F31312,1
659057,F31313,1
659058,F12617,1
659059,F27904,1
659060,F26860,1
659061,F26861,1
659063,F27905,1
659090,F26877,1
65913,F34801,1
659188,F14419,1
659190,F40429,1
659192,F40428,1
659193,F13454,1
659194,F12723,1
659195,,0
659196,,0
659197,,0
659198,,0
659199,,0
659200,,0
659202,,0
659203,,0
659204,,0
659207,,0
659208,F7481,1
659210,F9108,1
659212,,0
659213,,0
659214,,0
659217,F1886,1
65926,,0
659265,F14490,1
659266,F14492,1
659267,F14687,1
659269,F14713,1
659270,F14715,1
659271,F14926,1
659272,F14927,1
659274,F14940,1
659275,F14943,1
659276,F14312,1
659277,F15137,1
659278,F14888,1
659279,F14910,1
659280,F15099,1
659282,F39543,1
659283,F39861,1
659285,F39989,1
659286,F40205,1
659287,F40372,1
659288,F40536,1
659289,F40666,1
659290,F40892,1
659291,F40893,1
659293,F40635,1
659294,F40110,1
659295,F40197,1
659296,F40544,1
659308,F23655,1
659309,F23987,1
659310,F23995,1
659311,F23992,1
659312,F24491,1
659313,F23996,1
659314,F24497,1
659315,F23994,1
659316,F25058,1
659317,F35532,1
659318,F23993,1
659319,F24496,1
659320,F23997,1
659321,F23999,1
659322,F23986,1
659323,F24498,1
659324,F24499,1
659325,F25056,1
659326,F25057,1
659327,F25109,1
659328,F25110,1
659331,F26033,1
659332,F26887,1
659333,F26609,1
659334,F26610,1
659335,F26611,1
659336,F26612,1
659337,F26613,1
659338,F26614,1
659339,F28705,1
659340,F27668,1
659341,F29907,1
659345,,0
659346,F40756,1
659347,,0
659348,F14861,1
659352,F14841,1
659389,F14186,1
659421,F2480|F2919|F1187|F2353,4
659440,F22289,1
659446,,0
659448,F15042,1
659449,F15724,1
659486,,0
659524,,0
659527,,0
659642,,0
659643,,0
659644,,0
659645,,0
659646,F31309,1
659792,,0
659797,,0
659851,F39285,1
659914,,0
659915,,0
659917,,0
659918,F3377,1
659920,F3379,1
659924,F4870,1
659971,F7643|F7652|F7664|F7665|F7647|F7654|F7662|F7723|F7736|F7754|F7745|F7748|F23019|F8184|F39838,15
659976,F27853|F28989|F8326|F8042,4
659979,F7698|F7834|F7726|F22599|F7661|F7711|F7749|F7712|F7672|F7671|F7651|F7659|F7656|F7766|F7643|F7652|F7664|F7665|F7834|F7726,20
659982,F8024|F8042|F27761|F26833,4
659988,F39821|F39706|F40710|F39821|F40441,5
659993,F7974|F7927|F8361|F7762|F7767,5
659995,,0
660013,F6607,1
660041,F4110|F5598|F3113|F600|F601|F2165|F2682|F4116,8
660042,F4285|F3799|F3535|F10454|F10227|F938,6
660091,,0
660116,F16791,1
660118,F16793,1
660119,F16795,1
660120,F16792,1
660149,,0
660150,,0
660151,,0
660152,,0
660153,,0
660155,,0
660161,,0
660232,,0
660240,F39825|F39824|F13694|F10535|F36821,5
660242,F39825|F39824|F13694|F10535|F36821,5
660252,F32234,1
660253,F32235,1
660291,,0
660304,,0
660305,,0
660314,F6293,1
660315,F6292,1
660321,F3129|F1082|F3466|F3467,4
660322,F1431|F6036|N48873|F2407,4
660323,F41096|F9897|F41192|F41427|F36166|F3178|F3015|F3158,8
660324,F1374,1
660327,F3061|F3055|N48873|F2407|F4043,5
660330,,0
660332,F14498,1
66037,F13782,1
66038,F13781,1
660380,F38052,1
660441,F38026,1
660445,F38026,1
660499,,0
660507,,0
660508,,0
660509,,0
660510,,0
660511,,0
660512,,0
660513,,0
660514,,0
660515,,0
660516,,0
660517,,0
660518,,0
660519,,0
660522,,0
660530,,0
660531,,0
660532,,0
660533,,0
660534,,0
660535,,0
660536,,0
660537,,0
660538,,0
660539,,0
660540,,0
660541,,0
660542,,0
660543,,0
660544,,0
660545,,0
660546,,0
660547,,0
660575,F40808,1
660601,,0
660617,,0
660630,F22286,1
660637,,0
660682,,0
660683,,0
660684,,0
660685,,0
660686,,0
660687,,0
660688,,0
660689,,0
660691,,0
660692,,0
660693,,0
660694,,0
660695,,0
660696,,0
660699,,0
660729,,0
660732,,0
660734,,0
660735,,0
660736,,0
660737,,0
660738,,0
660739,,0
660740,,0
660741,,0
660742,,0
660743,,0
660744,,0
660745,,0
660749,,0
660750,,0
660751,,0
660752,,0
660753,,0
660910,,0
660912,F9516|F9454|F556|F1360,4
660921,,0
660922,,0
660923,,0
660924,,0
660925,,0
660926,,0
660927,,0
660928,,0
660929,,0
660930,,0
660948,,0
660949,,0
660986,,0
660993,F30833,1
660994,,0
661174,F39863|F39664|F39863|F39664,4
661175,F39863|F39664|F40183|F39664,4
661187,,0
661190,F42306,1
661196,,0
661221,F33337,1
661226,F25221,1
661227,,0
661234,F22288,1
661307,,0
661352,,0
661424,,0
661425,,0
661426,,0
661429,,0
661430,,0
661434,,0
661437,,0
661458,F10738|F10836|F12796|F12848|F10605,5
661461,F10738|F10836|F12796|F12848|F10605,5
661462,F10738|F10836|F12796|F12848|F10605,5
661476,F7568,1
661478,F6876,1
661479,F5014,1
661510,,0
661524,F32250,1
661554,,0
661611,,0
661620,F40997,1
661647,,0
661660,,0
661669,F5453,1
661670,,0
661675,F35926|F36561,2
661694,,0
661714,,0
661715,,0
661717,,0
661730,,0
661737,,0
661754,F39563|F39389|F39406|F39368|F7866|F7662|F7677|F7776|F7802|F7676|F7686|F7661|F7711|F7749|F7712,15
661831,,0
661836,,0
661837,,0
661840,,0
661849,,0
661851,,0
661857,,0
661866,,0
661920,F15603,1
661999,,0
662007,,0
662009,F32244,1
662010,,0
662012,,0
662015,,0
662023,,0
662068,F4110|F5598|F3113|F10454|F10227|F600|F601|F2165|F2682,9
662075,F31314,1
662083,,0
662132,,0
662183,,0
662205,,0
662221,,0
662274,,0
662298,,0
662299,,0
662301,,0
66234,,0
662409,,0
662427,,0
662441,,0
662443,,0
662445,,0
662447,,0
662448,,0
662453,,0
662455,,0
662463,,0
662478,,0
662491,F30720,1
662492,F30719,1
662513,,0
662514,,0
662536,F7215,1
662537,F6391,1
662540,,0
662544,F9305|F9395|F738|F9571|F750|F6827|F9571|F750|F6464,9
662595,,0
66261,F4191,1
662656,,0
662657,,0
662658,,0
662659,,0
662666,,0
662667,,0
662673,,0
662675,,0
662676,,0
662677,,0
662678,F7650|F7670|F7707,3
662680,F9630|F41246|F41663,3
662682,F13525|F13526|F13506|F13736,4
662691,,0
662692,,0
662696,,0
662697,,0
66272,F1438,1
66273,F1448,1
662773,,0
662774,,0
662775,,0
662781,,0
662784,,0
662785,,0
662787,,0
662805,,0
662809,,0
662899,,0
662900,F11701,1
662901,F12208,1
662904,,0
662907,F26323,1
662922,F27345,1
662923,F29572,1
662924,F28353,1
662925,F28354,1
66309,,0
663103,F29565,1
663104,F31727,1
663105,,0
663109,F15875,1
663112,,0
663114,,0
66312,,0
663123,,0
663124,,0
663125,,0
663127,,0
663128,,0
66313,,0
66314,,0
663143,F22424,1
66315,,0
663163,,0
663185,F22425,1
663186,F22129,1
66319,,0
663193,F22428,1
66322,,0
663221,F22130,1
663222,F22133,1
663228,F22128,1
66324,,0
663255,F21344,1
66328,,0
66330,,0
66334,,0
66335,,0
66336,,0
663370,F12438,1
663393,F12435,1
663401,F12421,1
663404,F12422,1
663412,F12423,1
66354,F13730,1
663546,,0
66355,F13729,1
66356,F13822,1
66357,F13821,1
663578,,0
66358,F13890,1
663581,,0
663583,F16578,1
663589,,0
66359,F14003,1
663596,F12424,1
663602,F12425,1
663603,F12426,1
663605,F12419,1
663606,,0
663608,F12427,1
663610,,0
663611,F12428,1
663613,F12430,1
663614,F12429,1
663616,F12432,1
663619,F12433,1
663620,F12434,1
663623,F12436,1
663626,F12437,1
663637,F33227,1
663639,F33229,1
663642,F12440,1
663643,F12420,1
663644,F12443,1
663645,F12441,1
663646,F12442,1
663675,F39297,1
663676,F39298,1
663678,F39304,1
663679,F39314,1
663684,,0
663685,F39315,1
663686,F39317,1
663687,F39319,1
663688,F39320,1
663689,F39321,1
663690,F39322,1
663691,F39323,1
663692,F39324,1
663694,F39325,1
663695,F39326,1
663696,F39327,1
663697,F39328,1
663699,F39329,1
663703,F32671,1
663704,F30707,1
663705,F30714,1
663726,F7643|F7652|F7664|F7665|F7647|F7654|F7662|F7723|F23179|F7834|F7726|F7643|F7652|F7664|F7665|F7834|F7726|F23406|F7643|F7652|F7664|F7665|F7834|F7726|F40290|F40438,26
663741,,0
663742,,0
663808,,0
663812,,0
663814,,0
663815,,0
663829,,0
663834,F33324,1
663959,,0
664017,,0
664019,,0
664021,F33629,1
664036,,0
664056,,0
664064,F15398,1
664069,,0
664071,,0
664072,,0
664085,,0
664087,,0
664088,,0
664095,,0
664096,,0
664098,,0
664099,,0
664109,,0
664114,,0
664141,,0
664142,,0
664143,,0
664145,,0
664152,,0
664153,,0
664156,,0
664157,,0
664158,,0
664159,,0
664161,,0
664163,,0
664164,,0
664172,F26608,1
664173,F31043,1
664175,F27658,1
664176,F32023,1
664180,,0
664183,F33388,1
664196,,0
664234,F12367,1
664238,,0
664245,,0
664251,,0
664270,F27532|F23141,2
664271,F24952,1
664307,F12335,1
664309,,0
664349,,0
664353,,0
664380,,0
664388,F39342,1
664395,F39341,1
664399,F34459|F25725,2
664454,,0
664457,,0
664476,F31925,1
664481,F33298,1
664484,F33277,1
664485,F30708,1
664495,F33281,1
664584,F31924,1
664585,F31926,1
664587,F31927,1
664588,F32027,1
664598,,0
664599,,0
664601,F32775,1
664611,,0
664630,,0
664634,F32774,1
664639,F31217,1
664641,F32059,1
664670,,0
664671,F32058,1
664741,F32076,1
664746,,0
664750,,0
664751,,0
664757,F27740,1
664760,F28740,1
664761,F31082,1
664800,,0
664802,,0
664824,,0
664826,,0
664852,,0
664894,F33753|F33779|F33775|F33777,4
664902,F14630,1
664916,F33757|F33778|F33806|F33786,4
664917,,0
664961,,0
664963,,0
665031,,0
665054,F16566,1
665089,F7143,1
665101,,0
665103,F12220,1
665152,,0
665175,,0
665206,,0
665207,,0
665272,,0
665283,,0
665311,,0
665320,,0
665400,F9638|F9555|F9339|F41403|F9951|F10284|F9542|F9950|F9555|F9339|F41403|F9951|F10284,13
665475,F14674,1
665477,,0
665480,,0
665505,,0
665508,,0
665511,,0
665514,,0
665515,,0
665609,,0
665610,,0
665611,,0
665612,,0
665620,,0
665621,,0
665634,,0
665644,,0
665726,,0
665731,,0
665735,F33344,1
665736,,0
665738,,0
665740,,0
665761,,0
665790,F27663,1
665798,,0
665799,,0
665800,,0
665818,F4262,1
665819,,0
665836,N45451|F1921|F10277,3
665848,F16201|F16014,2
665853,F32994,1
665866,F29100,1
665878,F35126,1
665881,,0
665897,,0
665902,,0
665969,F32682,1
665976,F7672|F7671|F7651|F7659,4
666032,,0
666036,,0
666037,,0
666038,,0
666072,F10199|F9795|F9797|F10042|F1917,5
666073,F10199|F9795|F9797|F10042|F1917,5
666077,F1677|F2036|F1327|F9244|F9480,5
666078,F2406|F9244|F9480|F9673|F9590|F2650,6
666079,F32061,1
666080,F12543,1
666085,F31728,1
666086,F32677,1
666088,F29567,1
666124,,0
666150,,0
666152,F7126|F1657,2
666158,F7126|F1657,2
666159,F7126|F1657,2
666162,,0
666164,,0
666166,,0
666167,,0
666169,F4309|F2406,2
66617,F36006,1
666170,F7126|F6140,2
666175,,0
666178,F40236,1
666179,F3608,1
666196,F7605,1
666209,F4309|F1327|F9244|F9480,4
66621,F36733,1
666210,F4309,1
666211,N45451|F8218,2
666212,N45451|F8218|F1551|F1237|F7674|F39443,6
666217,F7126|F1657|F1671,3
666218,F23141,1
666232,F23141,1
666233,F41561|F41345,2
666237,F6372,1
66626,F2819,1
666287,,0
666290,,0
666291,,0
666293,,0
666296,,0
666330,F9244|F9480|F9673|F9590|F4280|F1704|F5312,7
666331,F2615|F5500|N48873|F2407,4
666334,,0
666335,,0
666341,F26510,1
666344,F16450,1
66636,F18308,1
666371,,0
666379,,0
666381,,0
666388,,0
666389,,0
666391,,0
666392,,0
666398,,0
666401,,0
666402,,0
666403,,0
666404,,0
666405,,0
666406,,0
666407,,0
666409,,0
666410,,0
666412,,0
666413,,0
666414,,0
666415,,0
666416,,0
666417,,0
666418,,0
666419,,0
666420,,0
666421,,0
666422,,0
666423,,0
666424,,0
666425,,0
666426,,0
666427,,0
666439,,0
666440,,0
666441,,0
666442,,0
666444,,0
666448,F29789,1
66645,F36536|F36504|F36059|F36492,4
666450,,0
666451,,0
666452,,0
666456,,0
666461,F40738,1
666464,F34555,1
666560,,0
666576,,0
666599,,0
666600,,0
666601,,0
666603,,0
666605,,0
666606,,0
666607,F27532|F23141,2
666608,F24952,1
666651,,0
666661,,0
666727,,0
666729,,0
666730,,0
666754,,0
666769,,0
666774,,0
666781,,0
666783,,0
666785,,0
666790,,0
666791,,0
666824,,0
666825,,0
666826,,0
666830,,0
666831,,0
666832,F4485,1
666835,F10137|F9569|F9732|F10273|F10272,5
666838,F10137|F9444|F9212|F9641|F730|F1283,6
666847,F36628,1
666850,F41198|F35696,2
666853,F37248,1
667072,,0
667076,F24952,1
667131,,0
667180,,0
667182,,0
667217,,0
667232,F4749,1
667237,F4758,1
667240,F3759,1
667245,F4755,1
667251,F1950,1
667258,,0
667261,F4753,1
667265,N45451,1
667295,,0
667454,F32668,1
667455,F31723,1
667456,F32676,1
667461,F40052,1
667550,,0
667584,F7672|F7671|F7651|F7659|F7656|F7766|F23719|F8336,8
667585,F39628|F39610|F39392|F7694|F7688|F7798|F7797,7
667586,F8167|F8101|F7694|F7688|F7798|F7797|F23719|F8336,8
667587,F7672|F7671|F7651|F7659|F7656|F7766|F7694|F7688|F7798|F7797|F25157|F24086,12
667588,F7672|F7671|F7651|F7659|F7656|F7766|F7694|F7688|F7798|F7797|F25157|F24086,12
667589,F7698|F7834|F7726|F22599|F7661|F7711|F7749|F7712|F7672|F7671|F7651|F7659|F7656|F7766|F7643|F7652|F7664|F7665|F7834|F7726,20
667590,F40434|F7645|F7655|F7648|F7708|F7768|F7799|F7643|F7652|F7664|F7665|F22737|F7736|F7754|F7745|F7748|F7694|F7688|F7798|F7797|F8890|F7672|F7671|F7651|F7659|F7656|F7766|F7762|F7767,29
667591,F40434|F7645|F7655|F7648|F7708|F7768|F7799|F7643|F7652|F7664|F7665|F22737|F7736|F7754|F7745|F7748|F7694|F7688|F7798|F7797|F8890|F7672|F7671|F7651|F7659|F7656|F7766|F7762|F7767,29
667595,F39472|F39498|F39523|F39597|F39820|F39817|F7643|F7652|F7664|F7665|F7834|F7726,12
667598,F7643|F7652|F7664|F7665|F7826|F7736|F7754|F7745|F7748|F23019|F23406|F7643|F7652|F7664|F7665|F7834|F7726,17
667619,,0
667620,,0
667621,F8790,1
667631,,0
667636,,0
667666,,0
667672,,0
667675,,0
667679,,0
667680,,0
667681,,0
667682,,0
667683,,0
667684,,0
667685,,0
667731,,0
667745,,0
667751,F5344,1
667763,F12330,1
667779,,0
667780,,0
667806,F33389,1
667815,,0
667836,,0
667837,,0
667845,F33276,1
667861,F33290,1
667868,F30710,1
667875,F33303,1
667880,F33288,1
667881,F6399,1
667883,F33286,1
667884,,0
667891,F33285,1
667892,F32669,1
667899,,0
667912,,0
667913,,0
667928,,0
667951,,0
667953,,0
66797,F39437|F36001,2
667993,,0
667994,,0
667995,,0
667996,,0
667997,,0
668002,,0
668003,,0
668034,F31900,1
668143,F32028,1
668196,,0
668256,,0
668257,,0
668258,F15895,1
668259,F15897,1
668268,F34014,1
668277,,0
668287,,0
668293,F29811,1
668297,F29828,1
668305,F31963,1
668307,F32840,1
668465,F13486|F13485|F13459|F13458,4
668474,F12943,1
668507,F12221,1
668548,,0
66856,,0
668599,F17683,1
668603,F22519,1
668604,F22520,1
668606,,0
668612,F17361,1
668614,F17356,1
668625,,0
668627,,0
668628,,0
668631,F32673,1
668632,F33302,1
668647,F14966,1
668649,F14901,1
668653,,0
668656,,0
668662,,0
668663,,0
668664,,0
668665,,0
668668,,0
668677,,0
668686,,0
668689,F35005,1
668703,F7736|F7754|F7745|F7748|F7736|F7754|F7745|F7748|F23019|F8184|F39838,11
668705,F7736|F7754|F7745|F7748|F7736|F7754|F7745|F7748|F23019|F7736|F7754|F7745|F7748|F23019|F23179|F7834|F7726|F7643|F7652|F7664|F7665|F7834|F7726|F23406|F7643|F7652|F7664|F7665|F7834|F7726,30
668818,,0
668821,,0
668823,,0
668867,,0
668868,,0
668869,,0
668871,,0
668879,,0
668880,,0
66899,F3556,1
66909,F1154,1
669110,,0
669112,,0
669120,,0
669170,F15287,1
669180,F36767|F36284,2
669356,F7662|F7677|F7776|F7802|F7676|F7686|F8049|F22794|F24596|F39749|F39797,11
669530,,0
669540,,0
669571,,0
669623,,0
669728,,0
669729,,0
669730,,0
669731,,0
669732,,0
669733,,0
669767,,0
669769,,0
669770,,0
669772,,0
669774,,0
669775,,0
669794,,0
669830,,0
669832,F28156,1
669965,F7645|F7655|F7648|F7708|F7768|F7799|F7643|F7652|F7664|F7665|F22737|F39472|F39498|F39523|F39597|F39820|F39817|F39363|F39498|F39528|F39531|F40138|F40437,23
669966,F7645|F7655|F7648|F7708|F7768|F7799|F7643|F7652|F7664|F7665|F22737|F39472|F39498|F39523|F39597|F39820|F39817|F39363|F39498|F39528|F39531|F40138|F40437,23
670022,,0
670032,,0
670039,F8167|F8101|F7694|F7688|F7798|F7797|F7800|F8002|F8015|F8014,10
670044,F16853|F16976,2
670079,F39472|F39498|F39523|F39597|F39922|F39356|F39364|F39633|F7948|F7736|F7754|F7745|F7748|F7736|F7754|F7745|F7748|F23019|F8981|F28938,20
67008,F1433,1
670084,F7736|F7754|F7745|F7748|F23019|F23179|F7834|F7726|F7643|F7652|F7664|F7665|F7834|F7726|F23406|F7643|F7652|F7664|F7665|F7834|F7726|F8167|F8101|F7694|F7688|F7798|F7797|F26831,28
670098,F14749,1
67010,F10608|F10470|F10463,3
670129,,0
670130,F10199|F9795|F9886|F10199|F9795|F815,6
670131,F10199|F9795|F9886|F10199|F9795|F815,6
670132,F10199|F9795|F9886|F10199|F9795|F815,6
670133,F10199|F9795|F9886|F10199|F9795|F815,6
670207,,0
670354,F30973,1
670373,,0
670374,,0
670375,,0
670376,F14880,1
670379,,0
670380,,0
670381,,0
670382,,0
670407,F9028,1
670408,,0
670415,F9024,1
670423,F9025,1
670424,F38499,1
670435,,0
670452,F10736|F10681,2
670507,,0
670511,,0
670512,,0
670513,,0
670573,F8194|F8373|F40590|F40433,4
670574,F7645|F7655|F7648|F7708|F7768|F7799|F7672|F7671|F7651|F7659|F7656|F7766|F7694|F7688|F7798|F7797,16
670576,F26826|F25829|F7698|F7834|F7726|F22599|F7661|F7711|F7749|F7712|F7672|F7671|F7651|F7659|F7656|F7766|F7643|F7652|F7664|F7665|F7834|F7726,22
670577,F7974|F7927|F34983|F14013,4
670670,F17357,1
670671,F17356,1
670674,F17359,1
670706,F17358,1
670728,,0
670729,F22503,1
670739,F17684,1
670741,F22480,1
670749,,0
670750,,0
670768,F38842,1
670845,,0
670865,F27346|F26320,2
670866,F33280,1
670868,F32675,1
670869,F33284,1
670870,F33291,1
670934,,0
670935,,0
670936,F40599,1
670937,F40600,1
670941,F39355|F39476|F39434|F39610|F39458,5
670949,,0
670950,,0
670970,,0
670971,F7162,1
670972,F32674,1
670974,F33295,1
670977,,0
670994,F41859|F41861|F6147,3
671070,F25629,1
671077,F31952,1
671082,F36575|F36717,2
671083,F32770,1
671094,F33094,1
671113,,0
671155,F21063,1
671161,,0
671272,,0
671282,,0
671283,,0
671286,,0
671287,,0
671291,F504|F9728|F1007|F9221|F3859,5
671292,F9982|F501|F2098,3
671296,F9982|F501|F2098,3
671317,,0
671326,,0
671334,,0
671335,,0
671388,,0
671410,,0
671415,,0
671418,,0
671420,,0
671422,,0
671433,,0
671437,,0
671467,F2983|F3980,2
67148,F32564,1
671481,,0
671484,F36575|F36717|F41551|F36558|F37105|F36097,6
671600,,0
671613,,0
671615,,0
671616,,0
671617,,0
671621,,0
671622,,0
671623,,0
671625,,0
671626,,0
671628,,0
671630,,0
671633,,0
671634,,0
671657,,0
671661,,0
671662,,0
671674,,0
671675,,0
671676,,0
671683,,0
671697,,0
671707,F17362,1
671745,,0
671764,,0
671766,,0
671769,,0
671775,,0
671806,,0
671813,,0
671816,,0
671904,F12986|F13036,2
671905,,0
671929,F33372,1
671930,F33371,1
671940,,0
671957,F33297,1
671958,F33294,1
671961,,0
671984,,0
671993,,0
672023,F13148|F15884,2
672024,,0
672032,,0
672035,,0
672049,,0
672050,F15224,1
672051,F15028,1
672052,,0
672053,F36575|F36717,2
672055,F32255|F30261,2
672077,,0
672226,,0
672229,,0
672230,,0
672231,,0
672232,,0
672234,,0
672235,,0
672236,,0
672237,,0
672238,,0
672239,,0
672245,F39950,1
672248,F5563|F38327,2
672253,,0
672261,F600|F601|F2165|F2682,4
672262,F12503,1
672263,F12556,1
672264,F12508,1
672265,F12532,1
672266,F12501,1
672267,F12500,1
672268,F12557,1
672269,F12533,1
67227,F15221,1
672271,F12502,1
672272,F12326,1
672273,F12507,1
672275,F5008|F4525|F3516,3
672293,F1062|F4630|F5702|F4595,4
672294,,0
672295,F4658|F4630|F6387|F6144,4
672305,,0
672308,,0
672310,,0
672313,,0
672321,,0
672323,,0
672324,,0
672325,,0
672327,,0
672328,,0
672329,,0
672330,,0
672332,,0
672333,,0
672335,,0
672339,,0
672340,,0
672343,,0
672344,,0
672366,,0
672383,,0
672398,F35898|F41185,2
672399,F41287|F35924,2
672413,F41115|F41185|F41512|F41631,4
672418,F3534|F3825|F3636|F1395,4
672429,,0
672431,,0
672432,,0
672434,,0
672469,,0
672498,,0
672523,F6147|F5748|F4620|F4612,4
672529,F4690|F2752|F1837|F3649,4
672608,F7146|F7149,2
672617,F31995,1
672725,F834|F832|F36781|F36481,4
672731,,0
672736,,0
672737,,0
672738,F5571|F5570|F2730|F5089,4
672745,F41396,1
672747,F582|F10199|F9795|F815|F582|F815,6
672749,,0
672751,,0
672754,,0
672755,,0
672756,,0
672767,,0
672805,,0
672806,,0
672808,,0
672818,,0
672867,F6296|F4682|F3135,3
672871,,0
672872,,0
672938,,0
672976,,0
672978,,0
672979,,0
672986,,0
672989,,0
673076,F33305,1
673079,,0
673081,,0
673098,F7736|F7754|F7956,3
673185,,0
673186,F32997,1
673187,F33000,1
673188,F33005,1
673193,F32969,1
673194,F33002,1
673195,F33008,1
673199,F33007,1
673200,F33001,1
673201,F32998,1
673202,F32999,1
673203,F33009,1
673206,F29009|F27632,2
673208,F29009|F27632,2
673232,,0
673258,F39472|F39498|F40132|F8361|F7762|F7767,6
673259,F39599|F7948|F25903|F26811,4
673261,F39599|F7948|F25903|F26811,4
673262,F39599|F7948|F25903|F26811,4
673264,F39599|F7948|F28939|F9036,4
673265,F39745|F40139|F40706|F40437|F24101|F24100,6
673266,F39472|F39498|F39523|F39597|F39820|F39817|F7643|F7652|F7664|F7665|F7826,11
673274,F39474|F39597|F40069|F25157|F24086|F39944|F39820|F39817|F39356|F39364|F39633|F7948,12
673276,F7645|F7655|F7648|F7708|F7768|F7799|F7643|F7652|F7664|F7665|F22737|F39472|F39498|F39523|F39597|F39820|F39817|F39363|F39498|F39528|F39531|F40138|F40437,23
673278,F7645|F7655|F7648|F7708|F7768|F7799|F7643|F7652|F7664|F7665|F22737|F39472|F39498|F39523|F39597|F39820|F39817|F39363|F39498|F39528|F39531|F40138|F40437,23
673280,F8194|F8373|F40590|F40433,4
673282,F8194|F8373|F39629|F39831|F40290|F40438,6
673390,F39472|F39498|F39523|F39597|F39820|F39817|F7643|F7652|F7664|F7665|F7826,11
673395,F39472|F39498|F39523|F39597|F39820|F39817|F7643|F7652|F7664|F7665|F7826,11
673399,F39828|F39747|F8110|F7643|F7652|F7664|F7665|F7834|F7726,9
673404,F39472|F39498|F40132|F34983|F14013,5
673406,F8194|F8373|F40590|F40433,4
673451,,0
673453,F8136,1
673477,,0
673479,,0
673480,F33300,1
673481,F33289,1
673560,F21464,1
673565,F31820,1
673575,F37526,1
673584,F37532,1
673629,,0
673631,,0
673632,,0
673636,F33158,1
673637,F33160,1
673638,F33162,1
673640,F33164,1
673641,F33159,1
673642,F33161,1
673644,F33163,1
673647,F33165,1
673658,,0
673724,F33369,1
673725,F33368,1
673729,,0
673746,F32973,1
673748,F32974,1
673750,F32978,1
673755,F32983,1
673756,F32975,1
673767,F32977,1
673772,F32985,1
673773,F32976,1
673784,F32982,1
673786,F32979,1
673787,,0
673788,F32984,1
673793,F33119,1
673802,F33121,1
673811,F33122,1
673823,F33118,1
673829,F33115,1
673831,F33116,1
673837,F33076,1
673846,F33081,1
673949,,0
673993,,0
673996,,0
674032,,0
674033,,0
674037,,0
674124,,0
674125,,0
674126,,0
674127,,0
674128,,0
674129,,0
674170,F33370,1
674173,,0
674174,,0
674175,F14081,1
674176,,0
674180,F14299|F14133|F24235,3
674192,,0
674196,F12757,1
674197,F12764,1
674202,,0
674206,F21789,1
674207,F24234|F39521|F22909|F13527|F13516,5
674209,F21800,1
674211,F22149,1
674213,F22153,1
674215,F22168,1
674217,F22164,1
674218,F22165,1
674219,,0
674244,F20041,1
674258,F20925,1
674259,F20926,1
674260,F21375,1
674261,F21792,1
674262,F21793,1
674263,F22158,1
674302,F10931,1
674346,,0
674402,,0
674403,,0
674404,,0
674406,,0
674407,,0
674408,,0
674420,F14481|F14063,2
674422,F7625,1
674424,F7626,1
674426,F7627,1
674427,F7628,1
674428,F7629,1
674429,F7630,1
674477,F27217|F13527|F13516,3
674515,F14299|F14133|F14063,3
674525,,0
674526,,0
674528,,0
674529,,0
674531,,0
674574,,0
674582,,0
674583,,0
674611,,0
674612,,0
674613,,0
674614,,0
674615,,0
674616,F7736|F7754|F7745|F7748|F39749|F39797,6
674617,F7736|F7754|F7745|F7748|F39749|F39797,6
674618,F23407|F8253|F24101|F34983|F14013,5
674619,F7736|F7754|F7745|F7748|F23019|F34983|F14013,7
674620,F7736|F7754|F7745|F7748|F23019|F34983|F14013,7
674622,F7736|F7754|F7745|F7748|F23019|F34983|F14013,7
674624,F7736|F7754|F7745|F7748|F7736|F7754|F7745|F7748|F23019|F8184|F39838,11
674626,F7736|F7754|F7745|F7748|F7736|F7754|F7745|F7748|F23019|F8184|F39838,11
674627,F7736|F7754|F7745|F7748|F7736|F7754|F7745|F7748|F23019|F8184|F39838,11
674628,F7736|F7754|F7745|F7748|F8049|F7643|F7652|F7664|F7665|F7647|F7654|F7662|F7723|F8261|F26639|F7643|F7652|F7664|F7665|F7641|F7668|F7646|F7685,23
674629,F7736|F7754|F7745|F7748|F8049|F7643|F7652|F7664|F7665|F7647|F7654|F7662|F7723|F8261|F26639|F7643|F7652|F7664|F7665|F7641|F7668|F7646|F7685,23
674630,F7736|F7754|F7745|F7748|F39749|F39797|F39472|F39498|F39523|F39597|F39922|F39356|F39364|F39633|F7948,15
674631,F7736|F7754|F7745|F7748|F39749|F39797|F39472|F39498|F39523|F39597|F39922|F39356|F39364|F39633|F7948,15
674633,F7736|F7754|F7745|F7748|F39749|F39797|F39472|F39498|F39523|F39597|F39922|F39356|F39364|F39633|F7948,15
674634,,0
674635,F40592|F39598|F39610|F39392|F40137|F7736|F7754|F7745|F7748|F7694|F7688|F7798|F7797,13
674636,,0
674637,F40592|F39598|F39610|F39392|F40137|F7736|F7754|F7745|F7748|F7694|F7688|F7798|F7797,13
674641,F7974|F7927|F7736|F7754|F7745|F7748|F7709|F7775|F7676|F7710,10
674645,F7974|F7927|F7736|F7754|F7745|F7748|F7709|F7775|F7676|F7710,10
674647,F7974|F7927|F7736|F7754|F7745|F7748|F7709|F7775|F7676|F7710,10
674653,F40434|F7736|F7754|F7745|F7748|F7694|F7688|F7798|F7797|F24102|F34983|F14013|F24598|F24597,14
674658,F7736|F7754|F7745|F7748|F23019|F23179|F7834|F7726|F7643|F7652|F7664|F7665|F7834|F7726|F23406|F7643|F7652|F7664|F7665|F7834|F7726|F39472|F39498|F39523|F39597|F39820|F39817|F39363|F39498|F39528|F39531|F28939|F9036,33
674662,F7736|F7754|F7745|F7748|F23019|F23179|F7834|F7726|F7643|F7652|F7664|F7665|F7834|F7726|F23406|F7643|F7652|F7664|F7665|F7834|F7726|F39472|F39498|F39523|F39597|F39820|F39817|F39363|F39498|F39528|F39531|F28939|F9036,33
674672,F7643|F7652|F7664|F7665|F7647|F7654|F7662|F7723|F8261|F8024|F8042|F27761|F26833,13
674674,F7736|F7754|F7745|F7748|F23019|F23179|F7834|F7726|F7643|F7652|F7664|F7665|F7834|F7726|F23406|F7643|F7652|F7664|F7665|F7834|F7726|F8167|F8101|F7694|F7688|F7798|F7797|F26831,28
674675,F7736|F7754|F7745|F7748|F23019|F23179|F7834|F7726|F7643|F7652|F7664|F7665|F7834|F7726|F23406|F7643|F7652|F7664|F7665|F7834|F7726|F8167|F8101|F7694|F7688|F7798|F7797|F26831,28
674677,F7698|F7834|F7726|F22599|F7661|F7711|F7749|F7712|F7672|F7671|F7651|F7659|F7656|F7766|F7643|F7652|F7664|F7665|F7834|F7726,20
674678,F7698|F7834|F7726|F22599|F7661|F7711|F7749|F7712|F7672|F7671|F7651|F7659|F7656|F7766|F7643|F7652|F7664|F7665|F7834|F7726,20
674679,F7672|F7671|F7651|F7659|F7656|F7766|F7694|F7688|F7798|F7797|F7736|F7754|F7745|F7748|F7736|F7754|F7745|F7748|F23019,19
674681,F7736|F7754|F7745|F7748|F7736|F7754|F7745|F7748|F23019|F7643|F7652|F7664|F7665|F7647|F7654|F7662|F7723|F7736|F7754|F7745|F7748|F23019|F8184|F39838,24
674682,F7736|F7754|F7745|F7748|F7736|F7754|F7745|F7748|F23019|F40442|F40591|F25157|F24086,13
674683,F7736|F7754|F7745|F7748|F7736|F7754|F7745|F7748|F23019|F40442|F40591|F25157|F24086,13
674686,F7736|F7754|F7745|F7748|F7736|F7754|F7745|F7748|F23019|F26832|F40705,11
674687,F7736|F7754|F7745|F7748|F7736|F7754|F7745|F7748|F23019|F26832|F40705,11
674690,F8167|F8101|F7694|F7688|F7798|F7797|F7645|F7655|F7648|F7708|F7768|F7799|F7643|F7652|F7664|F7665|F22737|F7736|F7754|F7745|F7748|F7694|F7688|F7798|F7797|F7736|F7754|F7745|F7748|F7736|F7754|F7745|F7748|F23019,34
674691,F8167|F8101|F7694|F7688|F7798|F7797|F7645|F7655|F7648|F7708|F7768|F7799|F7643|F7652|F7664|F7665|F22737|F7736|F7754|F7745|F7748|F7694|F7688|F7798|F7797|F7736|F7754|F7745|F7748|F7736|F7754|F7745|F7748|F23019,34
674692,F8167|F8101|F7694|F7688|F7798|F7797|F7645|F7655|F7648|F7708|F7768|F7799|F7643|F7652|F7664|F7665|F22737|F7736|F7754|F7745|F7748|F7694|F7688|F7798|F7797|F7736|F7754|F7745|F7748|F7736|F7754|F7745|F7748|F23019,34
674732,F8167|F8101|F7694|F7688|F7798|F7797|F7645|F7655|F7648|F7708|F7768|F7799|F7643|F7652|F7664|F7665|F22737|F7736|F7754|F7745|F7748|F7694|F7688|F7798|F7797|F24598|F24100,27
674734,F7672|F7671|F7651|F7659|F7656|F7766|F39356|F39364|F39633|F7948,10
674735,F7672|F7671|F7651|F7659|F7656|F7766|F8083|F8119,8
674736,F7672|F7671|F7651|F7659|F7656|F7766|F8083|F8119,8
674737,F7672|F7671|F7651|F7659|F7656|F7766|F8361|F7762|F7767,9
674738,F7672|F7671|F7651|F7659|F7656|F7766|F39355|F39476|F39746,9
674739,F8167|F8101|F7694|F7688|F7798|F7797|F7800|F8002|F8015|F8014,10
674740,F8167|F8101|F7694|F7688|F7798|F7797|F23719|F8336,8
674741,F8167|F8101|F7694|F7688|F7798|F7797|F23719|F8336,8
674742,F8167|F8101|F7694|F7688|F7798|F7797|F23719|F8336,8
674744,F39474|F39597|F40069|F25157|F24086|F7672|F7671|F7651|F7659|F7656|F7766|F7762|F7767,13
674745,F40434|F7645|F7655|F7648|F7708|F7768|F7799|F7643|F7652|F7664|F7665|F22737|F7736|F7754|F7745|F7748|F7694|F7688|F7798|F7797|F8890|F7672|F7671|F7651|F7659|F7656|F7766|F7762|F7767,29
674746,F40434|F7645|F7655|F7648|F7708|F7768|F7799|F7643|F7652|F7664|F7665|F22737|F7736|F7754|F7745|F7748|F7694|F7688|F7798|F7797|F8890|F7672|F7671|F7651|F7659|F7656|F7766|F7762|F7767,29
674770,F7698|F7834|F7726|F22599|F7661|F7711|F7749|F7712|F7672|F7671|F7651|F7659|F7656|F7766|F7643|F7652|F7664|F7665|F7834|F7726|F28937|F9038,22
674771,F39599|F7948|F40435|F35001|F34989|F7672|F7671|F7651|F7659|F7656|F7766|F7643|F7652|F7664|F7665|F7641|F7668|F7646|F7685,19
674835,F33301,1
674837,,0
674838,F40706|F40437|F24101|F24100,4
674839,F8194|F8373|F39629|F39831,4
674842,F7127,1
674845,F33073,1
674846,F33079,1
674847,F33084,1
674849,F8215|F8287|F8361|F7762|F7767,5
674851,F33082,1
674852,F8215|F8287|F7974|F7927|F8361|F7762|F7767,7
674853,F8215|F8287|F7974|F7927|F8361|F7762|F7767,7
674854,F33078,1
674856,F33074,1
674857,F7974|F7927|F34983|F14013,4
674858,F7974|F7927|F8083|F8119|F8361|F7762|F7767,7
674860,F33077,1
674862,F24102|F34983|F14013|F24598|F24597|F41980|F19844,7
674863,F33075,1
674865,F7643|F7652|F7664|F7665|F7647|F7654|F7662|F7723|F7800|F8002|F8015|F8014,12
674866,F33072,1
674869,F7643|F7652|F7664|F7665|F7647|F7654|F7662|F7723|F7800|F8002|F8015|F8014,12
674870,F33080,1
674872,F8167|F8101|F7694|F7688|F7798|F7797|F39563|F39389|F39406|F39368|F8040,11
674873,F7643|F7652|F7664|F7665|F7647|F7654|F7662|F7723|F40434|F39434|F39827,11
674874,F7643|F7652|F7664|F7665|F7647|F7654|F7662|F7723|F40434|F39434|F39827,11
674875,F24087|F8049|F7901|F8304|F7643|F7652|F7664|F7665|F7641|F7668|F7646|F7685,12
674876,F24087|F8049|F7901|F8304|F7643|F7652|F7664|F7665|F7641|F7668|F7646|F7685,12
674877,F24087|F8049|F7901|F8304|F7643|F7652|F7664|F7665|F7641|F7668|F7646|F7685,12
674878,F7643|F7652|F7664|F7665|F7647|F7654|F7662|F7723|F39563|F39389|F39406|F39368|F8040|F27811|F26834,15
674879,F7643|F7652|F7664|F7665|F7647|F7654|F7662|F7723|F39563|F39389|F39406|F39368|F8040|F27811|F26834,15
674882,F7736|F7754|F7745|F7748|F7736|F7754|F7745|F7748|F23019|F7643|F7652|F7664|F7665|F7647|F7654|F7662|F7723|F7736|F7754|F7745|F7748|F23019|F8184|F39838|F24087|F8049|F7736|F7754|F7745|F7748|F7709|F7775|F7676|F7710,34
674884,F24102|F34983|F14013|F7672|F7671|F7651|F7659|F7656|F7766|F7643|F7652|F7664|F7665|F7641|F7668|F7646|F7685,17
674885,F24102|F34983|F14013|F7672|F7671|F7651|F7659|F7656|F7766|F7643|F7652|F7664|F7665|F7641|F7668|F7646|F7685,17
674886,F8238|F34983|F14013|F40706|F40437|F24101|F24100,7
674909,F40339,1
674910,,0
674919,F40349,1
674922,,0
674923,,0
674925,,0
674926,,0
674932,,0
674934,,0
674935,,0
674936,,0
674937,,0
674938,,0
674939,F33060,1
674940,F33061,1
674941,F33063,1
674942,F33064,1
674981,,0
674983,,0
675001,F38523|F3890|F4548|F4618|F4682|F4619,6
675023,F15837,1
675025,F15836,1
675026,F1739|F1418|F1374|F1412,4
675032,,0
675033,,0
675038,,0
675039,,0
675040,,0
675044,F7662|F7677|F7776|F7802|F7676|F7686|F8049|F22794|F24596|F7800|F8002|F8015|F8014,13
675045,F7662|F7677|F7776|F7802|F7676|F7686|F8049|F22794|F24596|F8177|F24597,11
675046,F7662|F7677|F7776|F7802|F7676|F7686|F8049|F22794|F24596|F8177|F24597,11
675047,F39821|F40129|F7662|F7677|F7776|F7802|F7676|F7686|F8049|F25156,10
675048,F7736|F7754|F7745|F7748|F39749|F39797|F7662|F7677|F7776|F7802|F7676|F7686|F8049|F22794|F24596|F28937|F9038,17
675049,F7662|F7677|F7776|F7802|F7676|F7686|F8049|F22794|F24596|F8112|F8981|F28938,12
675050,F7736|F7754|F7745|F7748|F39749|F39797|F7662|F7677|F7776|F7802|F7676|F7686|F8049|F22794|F24596|F28937|F9038,17
675051,F7736|F7754|F7745|F7748|F39749|F39797|F7662|F7677|F7776|F7802|F7676|F7686|F8049|F22794|F24596|F28937|F9038,17
675052,F7736|F7754|F7745|F7748|F39749|F39797|F7662|F7677|F7776|F7802|F7676|F7686|F8049|F22794|F24596|F28937|F9038,17
675053,F7736|F7754|F7745|F7748|F39749|F39797|F7662|F7677|F7776|F7802|F7676|F7686|F8049|F22794|F24596|F28937|F9038,17
675054,F7645|F7655|F7648|F7708|F7768|F7799|F7672|F7671|F7651|F7659|F7656|F7766|F7694|F7688|F7798|F7797,16
675057,,0
675059,,0
675071,,0
675109,F7645|F7655|F7648|F7708|F7641|F7668|F7646|F7685|F7645|F7655|F7648|F7708|F7768|F7799|F7736|F7754|F7745|F7748|F23019|F8184|F39838,21
675111,,0
675112,F39599|F7948|F39472|F39498|F39523|F39597|F39922|F39356|F39364|F39633|F7948,11
675113,F40293|F39472|F39498|F39523|F39597|F39820|F39817|F39363|F39498|F39528|F39531,11
675114,F40293|F39472|F39498|F39523|F39597|F39820|F39817|F39363|F39498|F39528|F39531,11
675115,F40293|F39472|F39498|F39523|F39597|F39820|F39817|F39363|F39498|F39528|F39531,11
675118,F39628|F39610|F39392|F8083|F8119,5
675119,F39628|F39610|F39392|F8083|F8119,5
675120,F39472|F39498|F40132|F8361|F7762|F7767,6
675121,F39472|F39498|F40132|F8361|F7762|F7767,6
675122,F39472|F39498|F40132|F8361|F7762|F7767,6
675123,F7974|F7927|F39434|F39827,4
675124,F7974|F7927|F39434|F39827,4
675127,F8167|F8101|F7694|F7688|F7798|F7797|F39472|F39498|F39523|F39597|F39820|F39817|F39363|F39498|F39528|F39531,16
675128,F8167|F8101|F7694|F7688|F7798|F7797|F39472|F39498|F39523|F39597|F39820|F39817|F39363|F39498|F39528|F39531,16
675132,F7645|F7655|F7648|F7708|F7768|F7799|F7643|F7652|F7664|F7665|F22737|F8252|F39598|F39610|F39392|F40137|F23179|F7834|F7726|F7643|F7652|F7664|F7665|F7834|F7726|F23406|F7643|F7652|F7664|F7665|F7834|F7726,32
675134,F23179|F7834|F7726|F7643|F7652|F7664|F7665|F7834|F7726|F23179|F7834|F7726|F7643|F7652|F7664|F7665|F7834|F7726|F23406|F7643|F7652|F7664|F7665|F7834|F7726,25
675135,F23179|F7834|F7726|F7643|F7652|F7664|F7665|F7834|F7726|F23179|F7834|F7726|F7643|F7652|F7664|F7665|F7834|F7726|F23406|F7643|F7652|F7664|F7665|F7834|F7726,25
675136,F23179|F7834|F7726|F7643|F7652|F7664|F7665|F7834|F7726|F23179|F7834|F7726|F7643|F7652|F7664|F7665|F7834|F7726|F23406|F7643|F7652|F7664|F7665|F7834|F7726,25
675137,F23179|F7834|F7726|F7643|F7652|F7664|F7665|F7834|F7726|F23179|F7834|F7726|F7643|F7652|F7664|F7665|F7834|F7726|F23406|F7643|F7652|F7664|F7665|F7834|F7726,25
675138,F7645|F7655|F7648|F7708|F7768|F7799|F7643|F7652|F7664|F7665|F22737|F25828|F27812,13
675139,,0
675140,F7645|F7655|F7648|F7708|F7768|F7799|F7643|F7652|F7664|F7665|F22737|F25828|F27812,13
675142,F7645|F7655|F7648|F7708|F7768|F7799|F7643|F7652|F7664|F7665|F22737|F25828|F27812,13
675143,,0
675144,F7645|F7655|F7648|F7708|F7768|F7799|F7643|F7652|F7664|F7665|F22737|F7643|F7652|F7664|F7665|F7834|F7726,17
675145,F7645|F7655|F7648|F7708|F7768|F7799|F7643|F7652|F7664|F7665|F22737|F7643|F7652|F7664|F7665|F7834|F7726,17
675147,,0
675149,F23179|F7834|F7726|F7643|F7652|F7664|F7665|F7834|F7726|F23406|F7643|F7652|F7664|F7665|F7834|F7726,16
675150,F7643|F7652|F7664|F7665|F7826|F7736|F7754|F7745|F7748|F23019|F23406|F7643|F7652|F7664|F7665|F7834|F7726,17
675152,F23179|F7834|F7726|F7643|F7652|F7664|F7665|F7834|F7726|F7736|F7754|F7745|F7748|F7694|F7688|F7798|F7797,17
675153,F23179|F7834|F7726|F7643|F7652|F7664|F7665|F7834|F7726|F7736|F7754|F7745|F7748|F7694|F7688|F7798|F7797,17
675155,F23179|F7834|F7726|F7643|F7652|F7664|F7665|F7834|F7726|F7736|F7754|F7745|F7748|F7694|F7688|F7798|F7797,17
675158,F40706|F40437|F24101|F24100|F7645|F7655|F7648|F7708|F7768|F7799|F7643|F7652|F7664|F7665|F22737|F39472|F39498|F39523|F39597|F39820|F39817|F39363|F39498|F39528|F39531,25
675159,F40706|F40437|F24101|F24100|F7645|F7655|F7648|F7708|F7768|F7799|F7643|F7652|F7664|F7665|F22737|F39472|F39498|F39523|F39597|F39820|F39817|F39363|F39498|F39528|F39531,25
675161,,0
675162,F39828|F39747|F7643|F7652|F7664|F7665|F7834|F7726,8
675163,,0
675164,,0
675166,,0
675169,,0
675170,,0
675171,,0
675172,,0
675174,F33628,1
675176,,0
675177,,0
675178,,0
675210,F12711,1
675211,,0
675217,F4878,1
675234,,0
675235,,0
675236,,0
67524,F36660,1
675241,,0
675262,F1776|F2167|F1151|F5064,4
675263,F39821|F39706|F40710|F39821|F40441|F40928|F40439,7
675267,F5991|F5968|F5904|F5905,4
675272,,0
675274,,0
675277,,0
675278,,0
675280,,0
675281,F16896,1
675282,,0
675283,,0
675286,,0
675289,,0
675290,,0
675291,,0
675295,,0
675296,,0
675297,,0
675298,,0
675299,,0
675300,,0
675304,F1933|F1219|F10302,3
675305,F4729,1
675306,F39363|F39498|F39434|F39610|F39458,5
675307,F35943|F35754|F39528|F39531,4
675314,F40589,1
675318,,0
675319,F40596,1
675320,,0
675321,,0
675323,F39523|F39610|F39458,3
675324,F40601,1
675325,,0
675327,,0
675333,F4409|F36185|F41807|F37858|F38012,5
675343,,0
675344,,0
675387,,0
675392,,0
675393,,0
675394,,0
675395,,0
675397,,0
675398,,0
675399,,0
675401,,0
675403,,0
675404,,0
675407,,0
675410,,0
675411,,0
675415,,0
675418,,0
675419,,0
675422,,0
675423,,0
675427,,0
675428,,0
675430,,0
675431,,0
675432,,0
675433,,0
675434,,0
675439,,0
675440,,0
675442,,0
675461,,0
675478,,0
675490,,0
675494,F2110|F803|F1182,3
675497,,0
675498,,0
675500,,0
675501,,0
675503,,0
675504,,0
675507,,0
675513,F32836,1
675514,F33366,1
675515,F32837,1
675516,F32655,1
675517,F31133,1
675518,F32802,1
675519,F32803,1
675520,F32800,1
675521,F32801,1
675522,F31132,1
675535,,0
675536,,0
675539,F32832,1
675540,F32835,1
675541,F32838,1
675542,F32839,1
675543,F31962,1
675544,,0
675546,,0
675547,,0
675555,,0
675557,,0
675560,,0
675563,F9176,1
675564,,0
675565,F31959,1
675566,F31960,1
675567,F31961,1
675570,F32834,1
675571,F32833,1
675592,,0
675593,,0
675596,F36587|F36591|F36277|F36028,4
675611,F6973,1
675612,F28646,1
675668,F5747,1
675670,F6155,1
675671,F6152,1
675674,F6605,1
675675,F6833,1
675676,F7164,1
675677,F7165,1
675678,F7167,1
675679,F7166,1
675686,,0
675709,,0
675710,,0
675711,,0
675715,,0
675716,F32679,1
675732,F6835,1
675742,F12663,1
675744,F12362,1
675746,F12376,1
675747,F12268,1
675748,,0
675752,F12728,1
675755,,0
675757,F12701,1
675760,F16777,1
675761,F16778,1
675771,F16780,1
675772,F16781,1
675773,F5898,1
675785,N51109|F11367,2
675792,F9224|F9321|F9451|F972,4
675793,F2053|F4391,2
675794,,0
675796,F4879|F3406,2
675808,,0
675809,F32281,1
675833,,0
675838,,0
675841,F34105|F34104|F36828|F34105|F34111,5
675843,,0
675847,,0
675848,,0
675850,,0
675851,,0
675855,,0
675859,,0
6759,F670,1
675931,,0
675932,,0
675937,F5957,1
675938,F534|F2000|F5954,3
675939,F5955|F5956,2
675940,F5415|F4880,2
675941,F4879|F3406,2
675942,F6465,1
675944,F534|F2000|F1331|F2032,4
675945,F38463,1
675979,,0
675981,F8864|F3510|F3513,3
675982,F4589|F5034|F4610|F4123,4
675986,F8823,1
675987,F8927,1
676111,F12688,1
676112,F12689,1
676113,F7116,1
676124,,0
676125,F12705,1
676126,F12687,1
676127,F12706,1
676128,F12707,1
676135,F12642,1
676136,,0
676137,,0
676138,F12672,1
676139,F12673,1
676142,F34938,1
676195,,0
676206,,0
676214,,0
676216,F21858,1
676217,F22544,1
676219,,0
676220,,0
676221,,0
676222,,0
676223,F26332,1
676234,F33424,1
676236,,0
676237,,0
676238,,0
676239,,0
676243,,0
676244,,0
676251,,0
676253,,0
676289,,0
676293,,0
676296,,0
676301,,0
676319,F12665,1
676321,F12664,1
676329,F38537,1
676330,F38589,1
676336,,0
676341,F7469,1
676343,,0
676345,,0
676349,F2510|F3951|F2971|F4350,4
676350,,0
676351,F32307,1
676352,,0
676355,F32306,1
676358,,0
676366,F34105|F34105|F34109,3
676368,F34105|F34105|F34109,3
676376,,0
676377,,0
676378,F10137|F9569|F9732|F3780|F36836|F37647,6
676380,F11860,1
676383,F12671,1
676387,F12718,1
676388,,0
676406,,0
676408,F11542|F37332|F37779,3
676409,F11542|F37332|F37779,3
676414,F11542,1
676415,F11542,1
676416,F13299|F37930,2
676418,F11542,1
676419,F11542|F37930,2
676425,,0
676430,,0
676431,,0
676441,,0
676442,,0
676443,,0
676449,,0
676450,,0
676477,F33744|F34749|F34748,3
676493,,0
676503,F7838|F7919|F10291|F7811,4
676506,F12697,1
676507,F12698,1
676508,F12700,1
676511,,0
676535,,0
676536,,0
676537,,0
676539,,0
676541,,0
676542,,0
676547,,0
676550,,0
676551,,0
676568,,0
676569,,0
676571,,0
676572,,0
676583,F37455|F37407|F27632,3
676584,F7472,1
676585,F7584,1
676596,F33316,1
676597,F6818,1
676601,F27275,1
676602,F34416,1
676603,,0
676604,,0
676605,,0
676606,,0
676607,,0
676609,,0
676610,,0
676620,,0
676621,F29594,1
676624,F29610,1
676638,F29007|F30166,2
676646,,0
676647,,0
676649,,0
676651,F40421,1
676685,F30259|F4907,2
676689,,0
676691,F28646|F4907,2
676693,F30165|F30261,2
676694,,0
676695,,0
676703,F30259|F4907,2
676704,F30259|F4907,2
676706,,0
676724,,0
676737,,0
676738,,0
676739,,0
676741,,0
676783,F38959,1
676784,,0
676787,,0
676802,,0
676803,,0
676856,F12695,1
676857,F11867|F12140|F10973,3
676861,F11867|F12140|F10973,3
676865,F11867|F12140|F10973,3
676868,F11867|F12140|F10973,3
676873,F12696,1
676874,F12691,1
676876,F12619,1
676909,,0
676925,,0
676926,,0
676927,,0
676933,F11861,1
676941,,0
676948,,0
676957,,0
676958,,0
676959,,0
676960,,0
676961,,0
676962,,0
676963,,0
676978,,0
676982,,0
677008,,0
677009,,0
677012,,0
677013,,0
677014,,0
677016,,0
677017,,0
677037,F11542|F38093|F13364,3
677047,F16457,1
677070,,0
677071,F23519,1
677075,,0
677099,,0
677100,,0
677113,,0
677115,,0
677126,F21190,1
677136,F20754,1
677137,F20753,1
677138,F21185,1
677139,F21186,1
677145,F20329,1
677146,,0
677147,,0
677148,,0
677149,F21188,1
677150,,0
677152,,0
677155,,0
677156,,0
677169,F28202,1
677171,F24793,1
677172,F26256,1
677178,F30590,1
677181,F30591,1
677182,,0
677183,,0
677184,,0
677186,,0
677189,,0
677202,,0
677230,,0
677231,,0
677234,,0
677235,,0
677240,F27534,1
677262,F33328,1
677266,F33329,1
677267,F13718,1
677269,F13744,1
677273,,0
677285,,0
677288,,0
677312,,0
677315,,0
677386,,0
677388,,0
677389,,0
677392,,0
677394,,0
677397,,0
677398,,0
677399,,0
677400,,0
677401,,0
677405,,0
677406,,0
677407,,0
677408,,0
677409,,0
677412,,0
677416,F31773,1
677417,F32691,1
677418,F30742,1
677426,,0
677434,,0
677445,,0
677458,,0
677465,,0
677468,F35627,1
677470,F35628,1
677471,F32686,1
677472,F28428,1
677475,,0
677496,,0
677499,,0
677500,,0
677503,,0
677506,,0
677507,,0
677510,F2156,1
677512,F34710|F34336|F9624|F9426|F1119|F888,6
677513,F40383|F30260,2
677517,F29009|F31392,2
677537,F6918,1
677539,F13512,1
677540,F7117,1
677543,F39528|F39531|F39523|F39597,4
677545,F6298,1
677550,F6764,1
677553,F10537|F10587|F10538|F10578|F11122|F11307,6
677562,F6555,1
677566,,0
677567,F29605,1
677569,F30744,1
677570,,0
677572,,0
677577,F7901|F8304|F7643|F7652|F7664|F7665|F7641|F7668|F7646|F7685,10
677585,F33378,1
677587,F7672|F7671|F7651|F7659|F7656|F7766,6
677596,F33378,1
677608,F27402,1
677619,,0
677670,,0
677679,,0
67768,,0
677680,F30739,1
677681,F30743,1
677682,F30741,1
677683,,0
677686,,0
677690,F33372,1
677703,F15463,1
677704,,0
677705,,0
677710,,0
677711,,0
677712,,0
677713,F30740,1
677714,F30737,1
677723,F25604,1
677747,F30735,1
677748,,0
677749,F33341,1
677750,F30738,1
677751,F28565,1
677752,,0
677759,F33342,1
677760,,0
677761,,0
677763,,0
677765,,0
677766,,0
677767,F32686,1
677768,,0
677769,,0
677770,,0
677775,F7631,1
677776,F7632,1
677781,,0
677784,,0
677786,,0
677787,,0
677791,,0
677808,,0
677844,,0
677849,F12982|F13056,2
677868,,0
677870,,0
677873,,0
67788,F12985,1
67794,F26557,1
677941,,0
677946,,0
677947,,0
677975,,0
677976,,0
677978,,0
67798,,0
677980,,0
677992,F2983|F3980|F37524|F9855|F988,5
677993,F2983|F3980|F37524|F9855|F988,5
677996,F2983|F3980|F10134|F9986,4
677997,F2983|F3980|F37524|F9855|F988,5
677999,F2983|F3980|F37524|F9855|F988,5
678000,F2983|F3980|F37524|F9855|F988,5
678001,F2983|F3980|F37524|F9855|F988,5
678006,,0
678012,,0
678013,,0
678019,,0
678020,,0
678021,,0
678051,,0
678060,,0
67808,F27597,1
678080,,0
678081,F15479,1
678082,,0
678083,,0
678084,,0
678085,,0
678086,,0
678089,F2983|F3980|F37524|F9855|F988,5
678090,,0
678091,,0
678092,,0
678097,F34014,1
678113,F2983|F3980|F10134|F9986,4
678114,F2894|F2895,2
678117,F2983|F3980|F37524|F9855|F988,5
678121,,0
678128,F6957,1
678153,F16679,1
678155,F16680,1
678156,F40739,1
678162,,0
678164,F40270,1
678165,F40742,1
678167,F40142,1
678169,F8696,1
678191,F8709,1
678192,F8697,1
678193,F40298,1
678196,F40299,1
678197,F40278,1
678198,F8705,1
678199,F8706,1
678202,F8710,1
678205,F14035,1
678207,F40740,1
678209,F40633,1
678211,F35876|F36217|F35885,3
678244,F4339,1
678245,F4339,1
678254,F4339,1
678255,F4339,1
678257,F4339,1
678287,,0
678290,,0
678292,,0
678297,,0
678300,,0
678301,,0
678302,,0
678303,,0
678340,,0
678346,F32692,1
67835,,0
678378,F34423,1
678389,,0
678391,,0
678392,F7585,1
678393,,0
678399,F7434,1
678434,,0
678443,,0
678454,F3354,1
678455,F504|F9728|F504|F9728|F1996,5
678456,F2854|F1012|F3846|F1599,4
678457,F2854|F1012|F3846|F1599|F2983|F3980,6
678474,,0
678493,F10081|F10187|F1347|F3437|F5452,5
678497,,0
678498,,0
678544,F37455|F37407|F38461,3
678545,F32733,1
678547,F29718,1
678549,F31846,1
678551,F33423,1
678580,F31901,1
678585,,0
678589,,0
678608,,0
678610,,0
678619,F38285|F38286|F4907,3
678621,F37455|F37407|F18945,3
678642,,0
678643,,0
678644,,0
678645,,0
678658,,0
678660,,0
678661,,0
678686,,0
678687,,0
678688,,0
678689,,0
678690,,0
678691,,0
678692,F3843|F3840|F4802|F3357,4
678694,F3843|F3840,2
678695,F4830|F4802|F3357,3
678696,F3843|F3840|F4802|F3357|F3842|F4813,6
678697,F10134|F9986,2
678698,F10134|F9986,2
678699,F10134|F9986,2
678700,F10134|F9986,2
678703,F2422,1
678704,F2496,1
678706,F4381,1
678709,F40115,1
678710,F3743,1
678711,F2049,1
678733,F42489,1
678735,F4263,1
678749,F8141,1
678750,F3743,1
678753,,0
678754,,0
678755,,0
678756,,0
678757,,0
678758,,0
678759,,0
678768,,0
678769,,0
678770,F19806,1
678771,,0
678772,,0
678773,,0
678777,,0
678781,F37873,1
678783,,0
678784,,0
678785,F16681,1
678799,F9855|F988,2
678800,F4339,1
678808,,0
678809,,0
678812,F31894,1
678814,F31929,1
678822,,0
678824,,0
678836,,0
678871,F5903|F3358|F1999|F3229,4
678872,F5903|F3358|F1999|F3229,4
678873,F504|F9728|F1007|F9221|F3859|F504|F9728|F1007|F2422,9
678875,F2422,1
678888,F29958,1
678899,,0
678901,,0
678957,,0
678958,F37127,1
678960,,0
678963,F5898,1
678964,F5903|F3358|F1999|F3229|F5898,5
678966,F9982|F501|F2098|F2854|F1012|F3846|F1599|F2983|F3980,9
678967,F9982|F501|F2098|F2854|F1012|F3846|F1599|F2983|F3980,9
678968,,0
678983,,0
679018,F40016,1
679033,,0
679060,F33376,1
679062,F32992,1
679063,F33377,1
679066,F504|F9728|F1007|F9221|F3859|F5903|F3358|F1999|F3229|F5898,10
679067,F504|F9728|F1007|F9221|F3859|F5903|F3358|F1999|F3229|F5898,10
679069,F504|F9728|F1007|F9221|F3859|F2854|F1012|F3846|F1599,9
679077,F5903|F3358|F1999|F3229|F5898,5
679106,F9982|F501|F2098|F10134|F9986|F16455|F2894|F2895,8
679107,F16562|F5903|F3358|F1999|F3229|F5898,6
679108,F504|F9728|F1007|F9221|F3859|F5383|F4791,7
679113,,0
679126,F34706,1
679127,,0
679128,,0
679129,,0
679130,,0
679133,,0
679134,,0
679136,,0
679138,,0
679139,,0
679141,,0
679145,,0
679161,,0
679163,,0
679164,F4339,1
679165,F2422,1
679167,F2422|F4339,2
679169,F16562|F4339,2
679176,,0
679189,,0
679205,,0
679206,,0
679207,,0
679215,,0
679225,F14450,1
679228,,0
679230,F6954,1
679233,,0
679234,,0
679235,,0
679236,,0
679237,,0
679238,,0
679239,,0
679240,,0
679241,,0
679242,,0
679243,,0
679244,,0
679285,F14322|F14334|F14126,3
679295,F32972,1
679297,F32117,1
679298,F32083,1
679306,F13515|F13703|F13852,3
679308,,0
679310,F41403|F9951|F10284|F9244|F9480|F9673|F9590,7
679311,F4977,1
679313,F6722,1
679314,F6734,1
679316,F6706,1
679320,F921|F2589|F5131,3
679322,F32089,1
679323,F33418,1
679324,F25444,1
679325,F30105,1
679326,F25440,1
679328,F32102,1
679329,,0
679339,,0
679372,,0
679374,,0
679375,,0
679382,,0
679389,,0
679390,,0
679393,,0
679394,,0
679395,,0
679396,F9555|F9339,2
679397,F3235,1
679401,F31833,1
679402,F32967,1
679403,F32097,1
679404,F32968,1
679405,F32958,1
679406,F32101,1
679407,F32971,1
679408,F32085,1
679409,F32210,1
679410,,0
679414,,0
679415,,0
679416,,0
679417,,0
679418,,0
679421,,0
679422,,0
679439,,0
679440,,0
679441,,0
679442,,0
679444,,0
679445,,0
679446,,0
679447,,0
679448,F2131,1
679449,,0
679450,,0
679451,,0
679452,,0
679453,,0
679455,,0
679456,,0
679457,,0
679458,,0
679459,,0
67946,,0
679460,,0
679462,,0
679463,,0
679465,,0
679467,,0
679468,,0
679469,,0
679470,,0
679471,,0
679472,,0
679473,,0
679475,,0
679476,,0
679477,,0
679478,,0
679479,,0
679480,,0
679482,,0
679483,,0
679484,,0
679486,,0
679487,,0
679488,,0
679489,,0
679490,,0
679491,,0
679494,,0
679495,,0
679496,,0
679497,,0
679498,,0
679499,,0
679500,,0
679503,,0
679504,,0
679505,,0
679506,,0
679507,,0
679508,,0
679509,,0
679510,,0
679511,,0
679512,,0
679513,,0
679514,,0
679515,,0
679516,,0
679517,,0
679518,,0
679519,,0
679520,,0
679521,F10631|F2866|F12905|F10492,4
679522,,0
679524,,0
679525,,0
679528,,0
679529,,0
679532,F138,1
679533,,0
679534,,0
679535,,0
679539,,0
679540,,0
679541,,0
679542,F10570|F10528|F10571|F10569,4
679548,F31107,1
679549,F30844,1
679550,F28941,1
679551,F12582|F12656|F12590|F12595,4
679556,N-1,1
679557,F6362,1
679558,F5870,1
679559,F3299,1
679561,F7071,1
679562,F4757,1
679564,F9244|F9324|F9324|F9244|F9480,5
679565,F6725,1
679566,F1704,1
679567,,0
679568,,0
679569,F33413,1
679570,F33415,1
679571,F33411,1
679572,F33416,1
679573,F33412,1
679574,F33414,1
679577,F33417,1
679578,,0
679579,,0
679586,,0
679587,,0
679625,F32914,1
679626,F32970,1
679714,,0
679719,F33419,1
679721,F33420,1
679724,F33422,1
679727,F33421,1
679742,F31291,1
679743,F32080,1
679782,,0
679783,F4805|F4827|F4828,3
679888,,0
679927,,0
679961,F9649|F10137,2
679998,,0
680009,,0
680017,F2854|F1012|F3846|F1599|F2983|F3980,6
680022,,0
680023,F32254,1
680024,F32253,1
680025,F32252,1
680098,,0
6801,F669,1
680119,,0
680120,,0
680121,,0
680123,,0
680124,F1739|F1418|F1374|F1412,4
680126,F39434|F35757|F36576|F38109,4
680138,,0
680146,,0
680147,,0
680228,,0
680229,,0
680250,,0
680251,,0
680253,,0
680254,,0
680255,,0
680256,F39884,1
680257,,0
680258,,0
680259,,0
680267,,0
680306,,0
680309,,0
680316,F33279,1
680317,F33282,1
680326,,0
680328,,0
680387,,0
680388,,0
68041,,0
680426,,0
680443,,0
680454,,0
680461,F30945,1
680470,,0
680471,,0
680472,,0
680473,,0
680474,,0
680475,,0
680476,,0
680477,F28337,1
680479,F26322,1
680487,,0
680488,,0
680497,F33120,1
680499,F33085,1
6805,F1494,1
680500,,0
680503,,0
680519,,0
680532,,0
680533,,0
680534,,0
680640,F32944,1
680641,F29995,1
680642,F32954,1
680659,F28823,1
680661,F31933,1
680704,F16618,1
680722,F38787,1
680752,F10199|F9795|F9797|F10042,4
680767,,0
680768,,0
680770,F37668,1
680771,F5548,1
680772,F6628,1
680781,F5608,1
680784,F5546,1
680787,F5766,1
680790,F5717,1
680793,F5596,1
680795,F5769,1
680798,F6007,1
680875,,0
680879,,0
680880,,0
680881,,0
680882,,0
680883,,0
680884,,0
680887,F6011,1
680889,F6610,1
680892,F6002,1
680894,F6289,1
680899,F6230,1
680900,F600|F601|F2165,3
680906,F5334,1
680907,F5948,1
680910,F5335,1
680911,F38714,1
680912,F38715,1
680927,,0
680939,,0
680941,,0
680942,F9868|F10017|F10182|F10017,4
680949,,0
680962,,0
680963,,0
680964,F33062,1
680967,F34332|F34159|F34463,3
680968,F34332|F34159|F34463,3
680969,F19811,1
680970,,0
680971,,0
68103,,0
681050,,0
681116,,0
681124,,0
681144,,0
681145,,0
681147,,0
681159,,0
681189,F1374|F1412|F4999|F5228,4
681193,F585|F9797|F10042|F2749|F6250|F6072,6
681240,,0
681241,,0
681242,,0
681243,,0
681244,,0
681245,,0
681246,,0
681248,,0
681252,,0
681263,F33283,1
681300,F6125,1
681301,F6116,1
681371,,0
681372,,0
681421,,0
681424,F40994,1
681478,,0
681527,,0
681529,,0
681530,,0
681531,,0
681550,F33287,1
681555,,0
681556,,0
681557,F10523|F12792|F10525|F10744,4
681584,F10870|F10758,2
681588,F10870|F10758,2
681589,F10870|F10758,2
681595,F9485|F9613|F9632|F10049,4
681596,F9485|F9613|F1146|F9632|F10049,5
681597,F12832|F12865|F12830|F10621,4
681598,F12832|F12865|F12830|F10621,4
681604,F6573|F10870|F10758,3
681629,,0
681632,,0
681633,,0
681635,,0
681645,F10757|F12835|F11520|F10764,4
681753,F36839|F37222|F37222,3
681779,,0
681806,F15706,1
681894,,0
681895,,0
681902,,0
681918,,0
681960,,0
681972,,0
681975,F21641,1
681976,F21638,1
681977,F21642,1
681978,F21196,1
681979,F21183,1
682018,F33293,1
682019,F32680,1
682022,,0
68203,F13673,1
682030,F9485|F9613|F1146|F9632|F10049,5
68204,,0
682041,,0
682065,F4967|F1151|F5064,3
68207,F39694,1
682070,F12877|F10495|F12877|F11274|F11274,5
68215,F26219,1
682188,,0
682189,,0
682190,,0
682193,F15904,1
682194,F15903,1
682195,F15901,1
682196,F15902,1
682251,,0
682252,,0
682253,,0
682254,,0
682255,,0
682256,,0
682257,,0
682258,,0
682284,F7123,1
682314,F11679,1
682330,F38215,1
682338,F35692,1
682339,F35692,1
682340,F37606|F38246|F35705,3
682343,F41722|F36515|F38235|F38236,4
682346,,0
682348,,0
682349,,0
682350,,0
682355,,0
682359,,0
682363,,0
682368,,0
682373,,0
682374,,0
682382,,0
682429,,0
682451,,0
682469,F39340,1
682472,,0
682474,F5881,1
682488,F9744|F10142|F10271|F1186,4
682586,F12796|F12848|F12869|F12831,4
682587,F21182,1
682588,F22056,1
682592,F21643,1
682595,F22574,1
682596,F22306,1
682597,F21640,1
682598,F21635,1
682599,F20600,1
682600,F21197,1
682601,F20767,1
682602,F20766,1
682617,F21345,1
682620,F6837,1
682621,F6838,1
682704,,0
682706,,0
682710,,0
682711,,0
682712,F29775,1
682719,,0
682720,,0
682781,,0
682783,,0
682784,,0
682785,,0
682786,,0
682787,,0
682788,,0
682789,,0
682791,,0
68280,,0
682818,F15564,1
682821,F15570,1
682823,F14710,1
682834,F9305|F9395|F738,3
682840,F9305|F9395|F9305|F9519|F10188|F10372|F9771|F9772,8
682841,F9305|F9395|F738,3
682843,F39238,1
682846,F21184,1
682847,F32243,1
682867,,0
682869,F9305|F9395|F738|F9305|F9395|F9305|F9519,7
682877,,0
682881,,0
682882,,0
682883,,0
6829,F1664,1
682902,,0
682905,,0
682907,,0
682908,,0
682909,,0
682910,,0
682911,,0
682912,,0
682913,,0
682967,,0
682968,,0
682986,,0
682994,F13187|F13216,2
683058,,0
683067,F11352|F11345|F11370,3
683079,,0
683080,,0
683081,,0
683082,,0
683083,,0
683084,,0
683085,,0
683090,F13299|F37930,2
683093,F11542|F37930,2
683095,F11542|F37930,2
683136,,0
683158,F10722,1
683159,F11014|F41968,2
683162,F13187|F41966,2
683165,F13187|F41966,2
683166,F13187|F13216,2
683178,F13177|F41968,2
683182,F13187|F13328,2
683184,,0
683188,F17065,1
6832,F10225|F632,2
683231,F12841|F12823|F527|F1316|F13667|F11335,6
683264,F11015|F41964,2
683267,F11015|F37930,2
683269,F11015|F37930,2
683307,F13477|F13565|F13638|F14890,4
683328,,0
683329,,0
683330,F13188|F13230,2
683332,F13188|F13230,2
683335,,0
683338,F22571,1
683339,F22307,1
683342,F12796|F12848|F12848|F10553|F10562|F10554|F10679,7
683343,F22311,1
683344,F10827|F12897|F10684|F10560,4
683345,F10553|F10562|F10673|F10906,4
683346,F10553|F10562|F12796|F12848|F11030,5
683358,F13230,1
683391,F13188|F13189,2
683394,,0
683396,,0
683397,,0
683398,,0
683423,,0
683425,,0
683426,,0
683427,,0
683429,,0
683430,,0
683431,,0
683433,,0
683437,,0
683440,,0
683453,,0
683454,,0
683455,,0
683456,,0
683459,,0
683460,,0
683461,,0
683462,,0
683463,,0
683464,,0
683466,,0
683467,,0
683472,,0
683475,,0
683476,,0
683478,,0
683479,,0
683484,,0
683485,,0
683486,,0
683487,,0
683488,,0
683489,,0
683491,,0
683492,,0
683499,,0
683500,,0
683502,,0
683503,,0
683504,,0
683505,,0
683506,,0
683507,,0
683508,,0
683520,,0
683521,,0
683522,,0
683523,,0
683524,,0
683525,,0
683527,,0
683541,,0
683542,,0
683543,,0
683544,,0
683545,,0
683547,,0
68357,,0
683587,,0
683595,,0
683596,,0
683597,,0
683598,,0
683609,F24943,1
683610,F33360,1
683611,F33361,1
683616,F33442,1
683620,,0
683622,F706,1
683623,F10137|F9569|F9732|F2024|F10137,5
683624,F1107,1
683630,,0
683635,,0
683637,,0
683639,,0
683640,,0
683645,,0
683646,,0
683647,,0
683648,,0
683650,,0
683652,,0
683653,,0
683655,,0
683656,,0
683662,,0
683673,,0
683676,,0
683677,,0
683680,,0
683681,,0
683682,F39513|F39488,2
683687,,0
683688,,0
683693,,0
683696,,0
683698,,0
683701,,0
683703,,0
683722,,0
683736,,0
683754,,0
683755,,0
683758,,0
683759,,0
683762,,0
683763,,0
683764,,0
683765,F40911,1
683773,,0
683774,,0
683775,,0
683776,,0
683777,,0
683778,,0
683779,,0
683781,,0
683782,,0
683785,,0
683787,,0
683788,,0
683789,,0
683791,,0
683792,,0
683793,,0
683797,,0
683799,,0
683811,,0
683839,F9305|F9395|F9305|F9519|F553|F560|F17313,7
683841,F3131,1
683961,,0
683969,,0
684055,F29839,1
684056,F30976,1
684060,F29837,1
684066,F14021,1
684068,F40025,1
684135,F29029,1
684136,,0
684165,,0
684166,F30144,1
684215,,0
684216,,0
684228,,0
684233,F13373|F20880,2
684280,,0
684294,F9305|F9395|F9305|F9519|F553|F560|F17313,7
684295,F9305|F9395|F9305|F9519|F7187|F22041,6
684314,F11123|F11569,2
684317,,0
684318,,0
684347,,0
684348,,0
684349,,0
684351,,0
684352,,0
684353,,0
684354,,0
684383,,0
684385,,0
684386,F12684|F12635,2
684387,F6136|F5101|F10210|F1148|F3595,5
684440,,0
684456,,0
684457,,0
684458,,0
684460,,0
684466,,0
684488,,0
684550,,0
684560,,0
684623,F33318,1
684625,F33320,1
684626,F33321,1
684627,F33319,1
684628,F33266,1
684630,F32986,1
684633,F33270,1
684635,F32988,1
684695,,0
684696,,0
684697,,0
68605,,0
68745,F13662,1
68747,,0
68748,F37256,1
68749,,0
68768,F10243,1
68771,F2074,1
68785,N-1,1
68856,,0
68878,,0
68987,F34051,1
69204,,0
69205,,0
69206,F3876,1
70063,,0
70085,F13568,1
70183,F18313,1
70187,F18682,1
70197,F10360|F10349|F9650|F9988,4
70200,F777,1
70498,F9787|F10094|F9785|F1165,4
70706,F8056,1
70797,,0
70862,F17558,1
71196,F33696,1
71207,F13496,1
71227,F41141|F9874|F41141|F9837,4
71245,F14430,1
71283,F26237,1
71325,F39965,1
71418,N-1,1
71420,F3330,1
71607,F25453,1
71608,F39396,1
71610,F10963,1
71645,F39400,1
71647,F40040,1
71682,F17687,1
71697,F12578,1
71901,,0
71940,F18662,1
71942,F18319,1
71980,F39419,1
71981,F41535,1
72087,F9416|F9845|F9349|F9232|F9416|F9845,6
72100,F9297|F9491|F9670|F9635,4
72136,F1013|F9244|F9480|F9673|F9590|F9439,6
72160,F37770,1
72166,F2483,1
72406,F596|F1235,2
72407,,0
72571,F12932,1
72591,F36839,1
73010,,0
73022,,0
73087,,0
73256,F42433,1
73259,F9708|F9413|F10030|F9907,4
73260,F22464,1
73262,F22590,1
73292,,0
73495,,0
73511,,0
73517,,0
73525,,0
73527,,0
73528,,0
73529,,0
73530,,0
73531,,0
73601,,0
73602,,0
73603,,0
73626,F34192,1
74082,,0
74083,,0
74087,F37620,1
74088,,0
74235,F2464,1
74333,F17831,1
74345,,0
74346,F13233,1
74374,,0
74375,F36739,1
74378,F37533,1
74472,,0
74521,,0
74522,,0
74535,,0
74540,,0
74568,,0
74760,F9244|F9324|F9324|F9244|F9480|F9673|F9590,7
74763,,0
74775,,0
74777,,0
74851,F24216,1
75127,,0
75128,F3879,1
75174,F9727|F9302|F9558,3
75177,F17482|F17478,2
75178,F1275,1
75179,F2380,1
75200,F41271|F41428|F36327,3
75211,F15889,1
75377,F3816,1
75383,,0
75597,F13647,1
75636,,0
75690,F3697,1
75747,F3413,1
75749,F525,1
75750,F3421,1
75751,F3420,1
75757,F10255,1
75776,,0
75797,F2626,1
75938,F36697|F37078|F37464|F36704,4
75939,F36697|F37078|F37464|F36704,4
75940,,0
75941,,0
75942,,0
75943,,0
75944,,0
76221,,0
76307,F13712,1
76308,,0
7632,F2758,1
76322,F13713,1
7633,F2771,1
76331,,0
76335,,0
76336,F4600,1
76337,,0
76338,F4087,1
76339,F4083,1
7634,F2755,1
76340,F4089,1
76341,,0
76342,F4090,1
76343,F4088,1
76345,,0
76346,F1961,1
76347,F521,1
7635,F2574,1
76350,F2432,1
76352,,0
76353,,0
76355,,0
7636,F35772,1
76366,,0
7637,F35775,1
76370,F2416,1
76371,,0
76377,,0
76378,,0
7638,F35774,1
76380,,0
76381,,0
76420,,0
76421,,0
76422,F4140,1
76425,,0
76436,F3635,1
76456,,0
76458,F23820,1
76460,,0
76488,,0
76489,,0
76494,,0
76630,,0
76952,F24754,1
7699,F1769,1
76998,,0
76999,,0
7700,F1771,1
77000,,0
77001,,0
77002,,0
77016,F13465|F13470|F13535|F13643,4
7708,F35772,1
7709,,0
77098,F14233,1
7710,F35775,1
77109,F14234,1
7711,F36777,1
77127,F14238,1
77139,F39582,1
77140,F13777,1
77328,F37534,1
77365,,0
77366,,0
77529,,0
77551,F18525,1
77552,F18540,1
77555,F18834,1
77557,F19170,1
77611,,0
77624,,0
77625,,0
77627,,0
77641,,0
77646,,0
77656,F23764,1
77752,F37198,1
7783,F1974,1
77893,,0
77983,F41577,1
78040,,0
78062,N45590|F9871|F9678|F9872|F9941|F9872|F9941,7
78077,,0
78220,F37197,1
78223,,0
78225,F36043|F41654|F36042|F36233,4
78226,F37848,1
78229,,0
78231,F35340,1
78232,F37403,1
78233,F37404,1
78234,,0
78237,F34516,1
78240,F37157,1
78241,F38196,1
78452,F39434|F39722|F39355|F39476|F39610|F39458,6
78461,F19095,1
78466,F18763,1
78493,,0
78532,F4069,1
78596,F18303,1
78601,F4375,1
79071,,0
79120,,0
7916,F33552,1
7918,,0
79219,,0
79233,F39171,1
7928,,0
79382,,0
79449,F4295,1
79450,F4294,1
79619,F37582,1
79620,F37583,1
79621,F37354,1
79622,F37581,1
79784,,0
79875,F14497,1
79877,N-1,1
79890,F14362,1
79951,,0
80032,,0
80158,,0
80159,,0
80262,,0
80272,F39890|F39434|F39610|F39458,4
80327,F37964,1
80362,,0
80455,F4057,1
80503,,0
80535,F35808,1
80543,F39349|F39367|F39391|F39458,4
80545,F12891|F12897|F7979|F10619|F39489|F39515|F39478|F39385,8
80593,,0
80595,,0
80596,,0
80789,F36863|F36431|F35926|F36561,4
80790,F34391,1
80794,F41711|F41601|F41128|F41325|F35926|F41369,6
80796,F41128|F41325|F35926|F36561,4
80797,F41229|F41215|F41128|F41325|F35926|F41369,6
80798,F41229|F41215|F36087|F37208|F37209,5
80801,F35890|F35725|F41374|F41459,4
80812,,0
80842,F36197|F36215|F41720|F36194,4
80874,,0
80924,F14327,1
81196,F2945,1
81197,F2946,1
81198,F3374,1
81200,,0
81395,F24681,1
81474,,0
81546,,0
81814,F19106,1
81921,,0
81922,,0
82059,F3376,1
82150,F11232,1
82247,F35992,1
82313,F2017,1
82322,F1984,1
82325,F19011,1
82326,F18575,1
82327,F18576,1
82375,F19004,1
82376,F19008,1
82380,F17793,1
82388,F18578,1
82392,F18577,1
82617,,0
82700,,0
82708,F33876,1
82863,F37962,1
82929,,0
83005,F33874|F33975,2
83079,,0
83188,F39475|F39369|F39434|F39610|F39458,5
83196,F8453|F8373|F39414|F39415|F39355|F39476|F39476,7
83248,,0
83254,,0
83285,F10303|F10235|F9697|F10037|F10037,5
83326,,0
83329,F10170,1
83367,F37724|F37216,2
83369,F4736,1
83400,,0
83437,,0
83438,,0
83469,F13513|F13772,2
83526,,0
83786,F1645,1
8384,,0
83883,,0
83900,,0
83973,F2489,1
83977,F2055|F1670,2
83978,F15875,1
84004,F36992,1
84017,F8279|F39349|F39367|F39391|F39458|F39475|F39369|F39434|F39610|F39458,10
84072,F37397,1
84076,F8135|F8078|F7795|F7695,4
84120,F19042,1
84168,F1642,1
84325,F39933,1
84327,F40003,1
84334,N-1,1
84337,N-1,1
84357,F39835,1
84358,N-1,1
84620,,0
84696,F8063,1
84740,,0
84831,,0
84865,F3387,1
84870,F3128,1
84871,F2664,1
84873,F4225,1
84875,F4142,1
84876,F4143,1
84878,F4145,1
84882,F34166,1
84954,,0
85355,,0
85360,,0
85400,F34478,1
85456,,0
85481,F34480,1
85548,F39799,1
85603,F34485,1
86035,,0
86046,F23016|F23223|F7794|F7896,4
86060,,0
86177,F22615,1
86194,F15853,1
86263,F19319,1
86266,F18513,1
86271,,0
86404,F8044,1
86410,F1299|F10317|F742|F9743,4
86417,F2399|F1540|F1116|F657,4
86422,F949|F698|F2252|F2253|F10066,5
86443,F14079,1
86570,F2119,1
86606,F13971,1
86648,F8125|F8143,2
86657,F24442,1
86873,F5252,1
86887,,0
86930,F2118,1
86933,F7918,1
8696,F2717,1
8697,F2718,1
87546,F33723|F33721,2
87555,F35935|F41048,2
87594,F17802,1
87638,F18568,1
87793,F35935|F41048,2
87813,F34700,1
87835,F9385,1
87888,,0
88003,F19107,1
88038,F9289|F9234|F9760,3
88100,F8139,1
88105,F24635,1
88197,F35935|F41048,2
88217,F14005,1
88221,F19039,1
88230,F10283,1
88461,F33767,1
88475,F18454,1
88477,F24669,1
88496,F36632,1
88637,F22797,1
88643,F23754,1
88649,F24144,1
88660,F24143,1
88670,F23218,1
88672,F23216,1
88675,F24142,1
88679,F24121,1
88680,F24120,1
88681,F23756,1
88682,F24668,1
88683,F24670,1
88691,,0
88694,,0
88698,,0
88714,,0
88768,,0
88992,F17749,1
89003,F41141|F9874|F41141|F9837,4
89005,,0
89093,,0
89130,F2413,1
89135,F37603,1
89136,F3440,1
89137,F1435,1
89149,F14118,1
89151,F14479,1
89156,,0
89287,F19382,1
89290,,0
89308,F2121,1
89312,F2121,1
89317,F2087,1
89324,F4384,1
89325,F4385,1
89331,F19384,1
89334,F18878,1
89335,,0
89336,F18556,1
89345,F19203,1
89348,F19368,1
89351,F19381,1
89631,F13769,1
89633,F35294,1
89662,,0
89713,,0
89719,,0
89788,,0
89802,,0
90179,F2935,1
90183,,0
90192,F1447,1
90260,,0
90263,,0
90301,,0
90304,,0
90347,,0
90374,,0
90531,F17194,1
90532,,0
90537,F853,1
90547,,0
90548,,0
90629,F35848|F41707|F41707|F10303|F10235|F34877,6
90634,,0
90635,F10199|F9795,2
90641,,0
90642,F5556,1
90644,F5560,1
90647,F5558,1
90649,,0
90653,F2021|F2020|F3962|F1315,4
90656,,0
90658,,0
90660,,0
90673,F36970|F36264|F5068|F5071|F38429|F38639|F37294|F38428,8
90676,F4358|F4844|F3381|F2925,4
90679,,0
90681,F38488|F37781|F41779|F41714|F35714|F41779|F10520,7
90789,F8249,1
90794,F8338,1
90804,F2122,1
90841,,0
90881,,0
90886,,0
90891,,0
90928,F19151,1
90933,F19148,1
90934,F18481,1
90939,F19152,1
90967,,0
90989,F23706,1
91118,F23396,1
91122,F23397,1
91135,F24083,1
91206,F897,1
91215,F37688,1
91270,,0
91345,F37116,1
91370,F38028,1
91468,F37985,1
91529,F34657,1
91532,,0
91533,,0
91534,,0
91536,,0
91537,,0
91538,,0
91540,F37982,1
91541,F36195|F41191|F9897,3
91542,,0
91574,,0
91577,,0
91605,F37241,1
91614,F37242,1
91659,F2034,1
91686,F4066,1
91693,F14503,1
91734,F3818,1
91761,F11103,1
91764,F37937,1
91768,F11383,1
91869,F37947,1
91874,F37818,1
91877,F11688,1
91960,,0
92172,F37406,1
92179,F2858,1
92204,,0
92376,,0
92495,F1830,1
92500,F8321,1
92511,F2859,1
92685,,0
92746,F18232,1
92825,F23192,1
92836,F24146,1
92885,F3405,1
92948,,0
93094,F10199|F9795,2
93101,,0
93114,,0
93117,,0
9312,F2255,1
93163,,0
93192,F22481,1
9323,F467,1
93251,F25028,1
93255,F25027,1
93326,,0
93346,,0
93633,F3449,1
93716,F38017,1
93742,,0
93743,,0
93803,,0
93804,,0
93807,F24373,1
93809,,0
93920,,0
9399,,0
9427,,0
94275,,0
94308,F4536,1
94447,,0
94461,F3475,1
94656,F37974,1
94679,F22467,1
94684,F22466,1
94694,F22484,1
94697,F22479,1
94701,F22483,1
94702,F22485,1
94729,,0
94735,F1177,1
94772,,0
94956,F42078,1
95031,F14396,1
95036,F13654,1
95217,F9348|F9375,2
95252,F35599,1
95355,F18256,1
95535,F37973,1
95539,F38018,1
95555,F19012,1
95564,F19201,1
95779,,0
95782,,0
95786,,0
95787,,0
95788,,0
95791,,0
95799,,0
95804,,0
95910,,0
96023,F4573,1
96024,F4572,1
96030,F4574,1
96031,F4569,1
96163,,0
96271,F516,1
96573,,0
96634,F18874,1
96700,F15368,1
96709,F3041,1
96719,F3046,1
96720,F3047,1
96731,F3052,1
96746,F3057,1
96756,F3059,1
96774,F3064,1
96776,F3066,1
96778,F3067,1
96818,,0
96854,F23755,1
97137,,0
97145,,0
97163,,0
97257,F553|F560,2
97454,F17475,1
97563,F17183,1
97574,,0
97576,,0
97581,,0
97582,,0
97584,F789|F9514|F9455|F10015|F9763|F9512|F9274|F1049,8
97587,,0
97604,,0
97607,F4109,1
97632,,0
97634,,0
97635,,0
97646,,0
97648,,0
97665,,0
97667,,0
97669,,0
97670,,0
97673,,0
97675,,0
97678,,0
97682,,0
97684,,0
97686,,0
97693,,0
97700,,0
97732,,0
97733,,0
97735,,0
97737,,0
97738,,0
97739,,0
97741,,0
97750,,0
97752,,0
97755,,0
97756,,0
97761,,0
97821,,0
97822,,0
97824,,0
97825,,0
97833,,0
97834,,0
97835,,0
97836,F23907,1
97838,,0
97839,,0
97840,,0
97850,,0
97854,,0
97855,,0
97858,,0
97860,,0
97861,,0
97862,,0
97863,,0
97873,,0
97874,,0
97876,,0
97879,,0
97880,,0
97882,,0
97981,,0
98072,,0
98125,F37950,1
98285,,0
98286,,0
98287,,0
98290,F1869,1
98292,F1871,1
98368,,0
98468,,0
9848,F9527|F9563,2
9849,F925,1
9850,F635,1
98574,,0
98577,F8286,1
98579,N-1,1
98580,F2897,1
98581,F8080,1
98592,F677|F9821|F1695,3
98595,,0
98598,,0
98599,F36243,1
98611,F677|F9821|F3450,3
98614,,0
98631,F9312|F9220|N48873|F838,4
98633,F761|F1788,2
98676,F36612,1
98913,,0
98968,F38174,1
98970,F38156,1
98971,F38149,1
98972,F38196,1
98973,F38155,1
98974,F38153,1
98978,F38161,1
99089,,0
99099,,0
99147,,0
9931,F37477,1
99422,,0
99433,,0
99434,,0
99535,F13728,1
99679,,0
99680,F11366,1
99703,,0
99777,,0
99779,,0
99882,F8081,1
99883,F8073,1
99884,F2046|F36771,2
99887,F677|F9821|F526,3
99897,,0
99900,N-1,1
99901,,0
99927,F10379|F10380,2
99928,F9871|F9678|F9872|F9941,4
99944,,0
99945,,0
99950,,0
99972,F24603,1
99973,F24590,1
99985,F24381,1
99990,F24382,1
