parent,child,role
B05-6045278,NL15-1273729,sire
B08-6372842,NL15-1273729,dam
B01-6455003,B05-6045278,sire
B02-6113358,B05-6045278,dam
B03-6192634,B08-6372842,sire
B06-6148017,B08-6372842,dam
DV02098-08-2100,DV02098-12-483,sire
B10-6308948,DV02098-12-483,dam
DV02098-95-12,DV02098-08-2100,sire
DV02098-99-1000,DV02098-08-2100,dam
B04-6105159,B10-6308948,sire
B06-6401339,B10-6308948,dam
DV02098-07-261,DV02098-13-340,sire
DV02098-06-801,DV02098-07-261,sire
DV02098-99-1000,DV02098-07-261,dam
DV02098-08-520,DV02098-12-554,sire
DV02098-02-515,DV02098-12-554,dam
NL04-1389504,DV02098-13-772,sire
NL07-1207701,DV02098-13-772,dam
NL97-2253103,NL04-1389504,sire
NL97-2252940,NL04-1389504,dam
NL05-1937087,NL07-1207701,dam
DV02098-09-1900,DV02098-15-149,sire
DV02098-14-1341,DV02098-15-149,dam
DV02098-95-12,DV02098-09-1900,sire
DV02098-99-1000,DV02098-09-1900,dam
DV02098-05-550,DV02098-14-1341,sire
DV07237-07-24,DV02098-14-1341,dam
DV02098-08-99,DV02098-15-155,sire
DV02098-13-778,DV02098-15-155,dam
DV02098-95-12,DV02098-08-99,sire
DV02098-07-333,DV02098-08-99,dam
DV02098-04-1330,DV02098-13-778,sire
NL06-1597789,DV02098-13-778,dam
DV02098-12-500,DV02098-16-1182,dam
DV02098-06-801,DV02098-12-500,sire
DV02098-99-1000,DV02098-12-500,dam
DV02098-05-550,DV02098-13-585,sire
DV02098-08-569,DV02098-13-585,dam
DV02098-95-12,DV02098-05-550,sire
DV02098-93-665,DV02098-05-550,dam
NL01-4743641,DV02098-08-569,sire
B99-6552499,DV02098-08-569,dam
NL11-1777584,NL15-1641705,sire
NL11-1665915,NL15-1641705,dam
NL10-2057880,NL11-1777584,sire
NL10-2057866,NL11-1777584,dam
NL09-1109309,NL11-1665915,sire
NL08-1458714,NL11-1665915,dam
NL12-1909448,NL14-1344739,sire
NL11-1058944,NL14-1344739,dam
DV02098-08-1141,NL12-1909448,sire
NL10-1985420,NL12-1909448,dam
NL03-1602666,NL11-1058944,sire
NL05-2107065,NL11-1058944,dam
DV04714-07-1919,DV03658-15-184,sire
DV04714-07-1912,DV03658-15-184,dam
B99-2190144,DV04714-07-1919,sire
B00-5040327,DV04714-07-1919,dam
DV00516-04-783,DV04714-07-1912,sire
DV04077-04-640,DV04714-07-1912,dam
B12-4243351,NL13-4240687,sire
B12-4243316,NL13-4240687,dam
NL11-1394327,B12-4243351,sire
NL11-4227742,B12-4243351,dam
NL10-1164546,B12-4243316,sire
NL11-1237175,B12-4243316,dam
DV7014-11-0555,DV7014-12-0211,sire
DV7014-10-0470,DV7014-12-0211,dam
DV7014-10-0432,DV7014-11-0555,sire
DV7014-10-0435,DV7014-11-0555,dam
DV6929-04-0505,DV7014-10-0470,sire
NL08-2058318,NL09-1579717,sire
NL98-1947990,NL09-1579717,dam
NL99-1597310,NL08-2058318,sire
NL02-1060823,NL08-2058318,dam
NL90-5006027,NL98-1947990,sire
NL96-2599498,NL98-1947990,dam
DV08456-14-520,DV08456-15-53,sire
DV08456-14-492,DV08456-15-53,dam
DV03801-13-199,DV08456-14-520,sire
DV08456-13-1114,DV08456-14-520,dam
DV1810-07-128,DV08456-14-492,sire
DV1810-12-545,DV08456-14-492,dam
DV09212-03-245,DV09212-11-1359,sire
DV09799-91-297,DV09212-03-245,sire
NL00-1060583,DV09212-03-245,dam
B12-6322937,NL14-1329916,sire
B12-6122953,NL14-1329916,dam
B05-6049767,B12-6322937,sire
B10-6345348,B12-6322937,dam
B03-6191874,B12-6122953,sire
B11-6093027,B12-6122953,dam
DV9253-13-0357,DV9253-14-0149,sire
DV9253-13-0138,DV9253-14-0149,dam
DV1777-05-0817,DV9253-13-0357,sire
DV9234-11-0190,DV9253-13-0357,dam
DV9253-11-0392,DV9253-13-0138,sire
DV1777-12-0235,DV9253-13-0138,dam
NL12-1630096,NL16-1884444,sire
NL07-2145108,NL16-1884444,dam
NL11-1754365,NL12-1630096,sire
NL10-1699654,NL12-1630096,dam
B04-6389414,NL07-2145108,sire
NL02-1638987,NL07-2145108,dam
NL06-5627552,NL16-1536248,sire
NL10-1699603,NL16-1536248,dam
NL95-1964438,NL06-5627552,sire
NL04-2069222,NL06-5627552,dam
NL06-5627522,NL10-1699603,sire
NL07-2145108,NL10-1699603,dam
NL08-5820374,NL12-1773211,sire
NL10-5015469,NL12-1773211,dam
NL00-2475513,NL08-5820374,sire
NL05-2206990,NL08-5820374,dam
B04-6389414,NL10-5015469,sire
NL04-2058035,NL10-5015469,dam
B04-3001781,NL12-1130288,sire
NL06-1651438,NL12-1130288,dam
B98-3158062,B04-3001781,sire
B04-3001781,NL06-1651438,sire
B96-3156136,NL06-1651438,dam
NL15-1273860,NL17-1425853,sire
NL15-1847297,NL17-1425853,dam
B04-3001781,NL15-1273860,sire
B11-5060295,NL15-1273860,dam
NL14-1209868,NL15-1847297,sire
NL10-1882377,NL15-1847297,dam
B04-3001781,NL15-1274132,sire
B11-5060295,NL15-1274132,dam
B07-2103401,B11-5060295,sire
B09-2203218,B11-5060295,dam
NL14-1210052,DV0824-15-463,sire
NL13-1395621,DV0824-15-463,dam
NL12-1783885,NL14-1210052,sire
NL13-1394911,NL14-1210052,dam
NL07-2007621,NL13-1395621,sire
NL10-1083068,NL13-1395621,dam
B15-3147831,NL16-1677835,sire
B14-3150682,NL16-1677835,dam
B13-3056024,B15-3147831,sire
B07-3200000,B15-3147831,dam
B06-3008003,B14-3150682,sire
B09-3095175,B14-3150682,dam
NL15-1850145,NL17-1857381,sire
NL13-1394335,NL17-1857381,dam
NL07-2007621,NL15-1850145,sire
NL11-1522008,NL15-1850145,dam
NL10-1864640,NL13-1394335,sire
NL12-1783943,NL13-1394335,dam
B04-3001781,NL17-1685948,sire
NL11-1237602,NL17-1685948,dam
B04-3001781,NL11-1237602,sire
NL02-2320271,NL11-1237602,dam
NL06-1557973,NL14-1427042,sire
NL12-1039643,NL14-1427042,dam
NL02-2215597,NL06-1557973,sire
NL05-1896998,NL06-1557973,dam
NL07-1155725,NL12-1039643,sire
B08-6050162,NL12-1039643,dam
DV02098-12-594,DV04628-13-389,sire
DV02098-12-599,DV04628-13-389,dam
DV02098-07-261,DV02098-12-594,sire
DV02098-06-240,DV02098-12-594,dam
DV02098-07-261,DV02098-12-599,sire
DV02098-07-351,DV02098-12-599,dam
DV02098-07-120,DV0824-13-217,sire
DV02098-08-444,DV0824-13-217,dam
DV02098-01-36,DV02098-07-120,sire
DV02098-03-1260,DV02098-07-120,dam
DV02098-95-12,DV02098-08-444,sire
DV02098-07-333,DV02098-08-444,dam
DV02098-11-295,DV05138-16-812,sire
DV02098-13-567,DV05138-16-812,dam
DV02098-07-261,DV02098-11-295,sire
DV02098-06-240,DV02098-11-295,dam
DV02098-08-520,DV02098-13-567,sire
NL05-1937948,DV02098-13-567,dam
DV02098-09-1881,DV0824-12-959,sire
DV02098-05-678,DV0824-12-959,dam
DV02098-02-555,DV02098-09-1881,sire
DV02098-98-568,DV02098-09-1881,dam
DV02098-02-555,DV02098-05-678,sire
B02-6433588,DV02098-05-678,dam
DV09824-09-13,DV09309-10-863,sire
DV09824-09-631,DV09309-10-863,dam
DV00135-08-274,DV09824-09-13,sire
DV02098-05-756,DV09824-09-13,dam
DV02098-07-788,DV09824-09-631,sire
DV05308-07-237,DV09824-09-631,dam
DV02098-03-1105,DV03145-10-45,sire
DV02098-09-2043,DV03145-10-45,dam
DV02098-95-12,DV02098-03-1105,sire
DV02098-93-665,DV02098-03-1105,dam
DV02098-01-36,DV02098-09-2043,sire
NL07-1207701,DV02098-09-2043,dam
DV07259-12-569,DV0824-15-473,sire
DV02098-05-647,DV0824-15-473,dam
DV02098-06-469,DV07259-12-569,sire
DV02098-08-500,DV07259-12-569,dam
DV02098-02-555,DV02098-05-647,sire
B02-64335588,DV02098-05-647,dam
DV02098-10-1578,DV05138-16-900,sire
DV02098-11-274,DV05138-16-900,dam
DV02098-07-261,DV02098-10-1578,sire
DV02098-07-351,DV02098-10-1578,dam
DV02098-07-261,DV02098-11-274,sire
DV02098-07-351,DV02098-11-274,dam
DV03145-11-90,DV03145-13-1154,sire
DV03145-10-29,DV03145-13-1154,dam
DV03145-10-33,DV03145-11-90,sire
DV02098-04-1460,DV03145-11-90,dam
DV02098-03-1105,DV03145-10-29,sire
DV02098-09-2043,DV03145-10-29,dam
DV02098-04-1380,DV0824-12-934,sire
DV02098-06-383,DV0824-12-934,dam
DV02098-97-330,DV02098-04-1380,sire
B01-3025114,DV02098-04-1380,dam
DV02098-97-330,DV02098-06-383,sire
B01-3025114,DV02098-06-383,dam
DV03145-10-672,DV03145-13-645,sire
DV09460-09-525,DV03145-13-645,dam
DV02098-03-1070,DV03145-10-672,sire
DV07237-09-416,DV03145-10-672,dam
DV02098-98-1163,DV09460-09-525,sire
DV02098-01-13,DV09460-09-525,dam
DV02098-11-33,DV0814-12-940,sire
DV02098-11-133,DV0814-12-940,dam
DV03145-11-63,DV03145-13-1162,sire
DV03145-12-469,DV03145-13-1162,dam
DV02098-03-1105,DV03145-11-63,sire
DV02098-09-2043,DV03145-11-63,dam
DV02098-02-525,DV03145-12-469,sire
DV07237-06-1270,DV03145-12-469,dam
DV03145-12-431,DV03145-13-1024,sire
DV03145-12-470,DV03145-13-1024,dam
DV02098-10-1416,DV03145-12-431,sire
NL11-2013991,DV03145-12-431,dam
DV02098-02-525,DV03145-12-470,sire
DV07237-06-1270,DV03145-12-470,dam
DV07237-09-193,DV03145-13-860,sire
DV07237-09-313,DV03145-13-860,dam
DV02098-04-1304,DV07237-09-193,sire
DV02098-07-382,DV07237-09-193,dam
DV02098-02-434,DV07237-09-313,sire
DV02098-06-466,DV07237-09-313,dam
DV02098-06-312,DV03432-09-109,sire
NL00-5063898,DV03432-09-109,dam
DV02098-04-1530,DV02098-06-312,sire
DV02098-03-1111,DV02098-06-312,dam
NL88-2763913,NL00-5063898,sire
NL89-4045749,NL00-5063898,dam
DV01-07237-1495,DV06951-09-0186,sire
DV07237-05-0653,DV06951-09-0186,dam
DV08441--97-0119,DV01-07237-1495,sire
DV04153-9501331,DV01-07237-1495,dam
DV02098-99-802,DV07237-05-0653,sire
DV03916-0604,DV07237-05-0653,dam
NL06-1605925,NL08-2057394,sire
NL97-2263404,NL06-1605925,sire
NL98-1945795,NL06-1605925,dam
CU03-30064,CHN04-01-516840,dam
CU03-30064,CHN2005-01-591719,dam
NL03-1171998,NL11-1767684,sire
NL05-1444365,NL11-1767684,dam
NL02-1671998,NL03-1171998,sire
NL01-1925655,NL03-1171998,dam
NL03-1139808,NL05-1444365,sire
NL01-1890662,NL05-1444365,dam
B2014-2206679,B2015-2074831,sire
B2011-2067224,B2015-2074831,dam
B2010-2063154,B2014-2206679,sire
B2011-2067239,B2014-2206679,dam
B2010-2063107,B2011-2067224,sire
B2003-2120843,B2011-2067224,dam
B10-6146193,DV09306-16-458,sire
B10-6339908,DV09306-16-458,dam
B00-6141444,B10-6146193,sire
B06-6148141,B10-6146193,dam
B06-6413072,B10-6339908,sire
B07-6043936,B10-6339908,dam
B07-6369520,DV0824-16-523,sire
B05-6045136,DV0824-16-523,dam
B00-6141444,B07-6369520,sire
B00-6440232,B07-6369520,dam
B00-6141444,B05-6045136,sire
B03-6192776,B05-6045136,dam
B2011-2067185,B2014-2323402,sire
B2009-2025021,B2014-2323402,dam
B2009-2025181,B2011-2067185,sire
B2007-2222892,B2009-2025021,sire
B2007-2222840,B2009-2025021,dam
B11-2051132,B16-2147871,sire
B12-2178172,B16-2147871,dam
B01-6455003,B11-2051132,sire
B08-2145384,B11-2051132,dam
B01-6455003,B12-2178172,sire
B11-2051176,B12-2178172,dam
B15-6090799,DV01764-16-213,sire
B15-6090922,DV01764-16-213,dam
B03-6277483,B15-6090799,sire
B13-6313926,B15-6090799,dam
B10-6251541,B15-6090922,sire
B13-6304231,B15-6090922,dam
B10-6345273,NL15-1273692,sire
B09-6348453,NL15-1273692,dam
B03-6192634,B10-6345273,sire
B08-6368028,B10-6345273,dam
B01-6455003,B09-6348453,sire
NL02-2249802,NL2012-5210239,sire
NL10-1100998,NL2012-5210239,dam
NL95-1379941,NL02-2249802,sire
NL00-1079894,NL2005-5535902,sire
NL00-1079862,NL2005-5535902,dam
B06-6267485,B13-6080555,sire
B07-6076659,B13-6080555,dam
B98-6210287,B06-6267485,sire
B04-6468525,B06-6267485,dam
B99-6143668,B07-6076659,sire
B02-6509046,B07-6076659,dam
NL05-1191690,NL08-1349377,sire
NL07-5711981,NL08-1349377,dam
NL07-5727668,NL12-1106912,sire
NL05-1965900,NL12-1106912,dam
NL05-1592543,NL07-5727668,sire
NL04-4785791,NL07-5727668,dam
NL02-5243946,NL05-1965900,sire
NL04-1418624,NL05-1965900,dam
B03-6381698,CHN2014-01-1053228,dam
B01-6370331,B03-6381698,sire
CH07-01-347036,HK08-82296,sire
HK07-72001,HK08-82296,dam
NL2010-1791866,CH2012-01-699250,sire
NL2011-1221427,CH2012-01-699250,dam
NL07-1955933,CHN2014-01-1012996,sire
NL2006-2164992,CH2015-01-0157150,sire
NL2009-1682401,CH2015-01-0157150,dam
CH2013-01-1262663,CH2015-01-0110269,sire
CH2013-01-12639322013,CH2015-01-0110269,dam
DV02098-09-1920,DV02098-17-1321,sire
DV02098-13-761,DV02098-17-1321,dam
DV02098-95-12,DV02098-09-1920,sire
DV02098-99-1000,DV02098-09-1920,dam
DV02098-06-321,DV02098-13-761,sire
DV02098-04-1600,DV02098-13-761,dam
NL02-1842852,DV2736-07-348,sire
DV2736-03-0155,DV2736-07-348,dam
NL91-2511422,NL02-1842852,sire
NL91-2511460,NL02-1842852,dam
DV8978-00-1366,DV2736-03-0155,sire
DV8978-00-0514,DV2736-03-0155,dam
B12-1505651,B18-1089308,sire
B13-1508773,B18-1089308,dam
B17-1126423,B18-1089307,sire
B11-1032999,B18-1147465,dam
B06-1058428,B11-1032999,sire
B08-1013085,B11-1032999,dam
DV02098-09-1900,DV02098-16-1233,sire
B10-6308948,DV02098-16-1233,dam
B02-6183124,B08-6364023,sire
B03-6108015,B08-6364023,dam
B14-6072343,B16-6023119,sire
NL13-1314004,B15-6100759,sire
B12-6321502,B15-6100759,dam
B05-3224570,NL13-1314004,sire
B06-5115199,NL13-1314004,dam
B07-6399396,B12-6321502,sire
B07-6369527,B12-6321502,dam
B11-6289679,B16-6031558,sire
B12-6225774,B16-6031558,dam
B07-4373192,B11-6289679,sire
B06-6185492,B11-6289679,dam
B07-6140197,B12-6225774,sire
B06-6185454,B12-6225774,dam
B09-6240842,B16-6031724,sire
B14-6265814,B16-6031724,dam
B04-6208161,B09-6240842,sire
B02-6051655,B09-6240842,dam
B05-6306292,B14-6265814,sire
B06-6185492,B14-6265814,dam
B14-3157319,NL18-1540443,sire
B11-3170548,NL18-1540443,dam
B12-3088052,B14-3157319,sire
B13-3159401,B14-3157319,dam
B06-3008003,B11-3170548,sire
B09-3188087,B11-3170548,dam
B05-3176580,B13-3159303,sire
B07-3199953,B13-3159303,dam
B01-3116171,B05-3176580,sire
B99-3103770,B05-3176580,dam
B05-4082656,B07-3199953,sire
B04-3069721,B07-3199953,dam
DV7552-09-146,DV07552-12-18,sire
B93-6126917,B00-6178617,sire
B94-6336085,B00-6178617,dam
B93-6126917,B01-6135405,sire
B99-6381195,B00-61748544,sire
B99-5268081,B00-61748544,dam
B91-6680124,B97-6600148,sire
B93-6631866,B97-6600148,dam
B94-6434172,B04-6467380,sire
B97-6270413,B04-6467380,dam
B97-6162340,B01-6135286,sire
B97-6162118,B01-6135286,dam
B04-6458871,CHN2012-01-757108,sire
B04-6458802,CHN2012-01-757108,dam
B04-6458802,CHN2012-01-802593,dam
B08-3192649,B12-3162673,dam
B01-3003333,B08-3192649,sire
B13-2053471,CHN2018-05-0916685,dam
B06-3008003,B11-3077180,sire
B07-3199953,B11-3077180,dam
B98-3158062,B06-3008003,sire
B00-3195099,B06-3008003,dam
CHN2009-01-168006,CHN2010-01-179888,dam
B08-6245034,B11-3171570,dam
B02-6121605,B08-6245034,dam
CHN2008-01-222736,CHN2014-01-113377,sire
B05-3224545,CHN2016-01-1228687,sire
B2012-3088157,CHN2016-01-1228687,dam
BE98-3158062,B05-3224545,sire
B03-6381698,B05-3224545,dam
B06-3008003,B2012-3088157,sire
B10-3047071,B2012-3088157,dam
B05-3224545,CHN2014-01-1053061,sire
BE06-3008403,CHN2014-01-1053061,dam
B98-3158062,B05-3224545,sire
BE00-3200602,BE06-3008403,sire
B04-3069722,BE06-3008403,dam
B05-3224546,CHN2006-01-601690,sire
B05-6336791,CHN2006-01-601690,dam
B98-3158062,B05-3224546,sire
B03-6381698,B05-3224546,dam
B95-6246005,B05-6336791,sire
B96-6523333,B05-6336791,dam
B87-6337209,NL98-2591142,sire
B96-6376189,NL98-2591142,dam
B73-6736019,B87-6337209,sire
B85-6377502,B87-6337209,dam
B94-6261242,B96-6376189,sire
B91-6680418,B96-6376189,dam
B87-6337209,NL98-2591219,sire
B97-6330063,NL98-2591219,dam
B89-6727919,B97-6330063,sire
B91-6227401,B97-6330063,dam
B87-6337209,NL98-2591261,sire
B96-6598453,NL98-2591261,dam
B93-6677331,B96-6598453,sire
B89-6150135,B96-6598453,dam
B98-5075161,B2006-5054807,sire
B04-5026397,B2006-5054807,dam
B93-5139333,B98-5075161,sire
B93-5314244,B98-5075161,dam
B01-6182211,B04-5026397,sire
B03-5071209,B04-5026397,dam
B88-3206112,B2000-3076208,sire
B93-3354339,B2000-3076208,dam
B81-3238253,B88-3206112,sire
B87-3008002,B88-3206112,dam
B88-3389798,B93-3354339,sire
B86-3298661,B93-3354339,dam
B93-6621023,B95-6246005,sire
B90-6652120,B95-6246005,dam
B88-6240603,B96-6286052,sire
B89-6202092,B96-6286052,dam
NL95-2461769,CHN03-01-489273,sire
NL98-2223197,CHN03-01-489273,dam
DV03145-10-16,DV03145-13-760,sire
DV03145-11-61,DV03145-13-760,dam
DV02098-03-1105,DV03145-10-16,sire
DV02098-02-525,DV03145-11-61,sire
DV02098-07-216,DV03145-11-61,dam
B94-6495178,B2008-6245088,sire
B94-6495178,B2008-6245247,sire
B05-6221288,B2008-6245247,dam
B02-6121579,B05-6221288,sire
B01-6153558,B05-6221288,dam
B94-6495178,B2007-6110358,sire
B03-6095358,B2008-6340451,sire
B05-6170855,B2008-6340451,dam
B95-6189656,B03-6095358,sire
B93-6499550,B03-6095358,dam
B97-6420763,B05-6170855,sire
B00-6254332,B05-6170855,dam
NL99-1870924,NL07-1369326,sire
NL06-1762248,NL07-1369326,dam
B11-6265441,B2013-6082168,dam
B94-6495178,B2008-6245010,sire
B06-6154774,B2008-6245010,dam
B99-6151734,B06-6154774,sire
B01-6153558,B06-6154774,dam
B94-6495178,B2007-6110211,sire
B94-6495178,B2005-6221158,sire
B04-6231798,B2005-6221158,dam
B94-6495178,B04-6231798,sire
B01-6153998,B04-6231798,dam
B95-6246005,B2004-6095825,sire
B01-6527916,B2004-6095825,dam
B99-6547901,B01-6527916,sire
B00-6145017,B01-6527916,dam
NL04-0450098,NL2009-3932416,sire
NL07-5720785,NL2009-3932416,dam
NL96-9618799,NL04-0450098,sire
NL01-2433938,NL04-0450098,dam
NL04-2198731,NL07-5720785,sire
NL01-0181176,NL07-5720785,dam
NL04-0450098,NL2011-3001379,sire
NL04-0450101,NL2011-3001379,dam
NL96-2672994,NL04-0450101,sire
NL98-9880970,NL04-0450101,dam
B11-6265441,B2013-6082175,dam
B95-6246005,B2005-6332258,sire
B05-5103576,B06-5110259,sire
B04-5218457,B06-5110259,dam
B02-5248123,B05-5103576,sire
B04-5218460,B05-5103576,dam
B02-5248123,B04-5218457,sire
B99-5033659,B04-5218457,dam
B2000-2117091,B05-2143244,dam
B1990-2553359,B2000-2117091,sire
B1998-2061202,B2000-2117091,dam
B94-6495178,B2005-6220316,sire
B87-6337209,NL2000-2153395,sire
B96-6598453,NL2000-2153395,dam
NL97-1729993,NL07-1962465,sire
NL04-2211115,NL07-1962465,dam
NL94-1573603,NL97-1729993,sire
NL89-5925374,NL97-1729993,dam
NL97-9780880,NL04-2211115,sire
NL97-9780882,NL04-2211115,dam
B15-2039994,B19-2149117,sire
B14-6072358,B15-2039994,sire
BE08-4216084,B14-4057121,sire
BE10-4128077,B14-4057121,dam
BE07-4216994,BE08-4216084,sire
BE07-4372474,BE08-4216084,dam
BE08-4359197,BE10-4128077,sire
BE09-6128352,BE10-4128077,dam
NL2006-2162254,NL10-1674744,sire
NL2007-1817907,NL10-1674744,dam
NL2003-1135318,NL2006-2162254,sire
NL2003-1135462,NL2006-2162254,dam
NL2003-1103686,NL2007-1817907,sire
NL2004-2050252,NL2007-1817907,dam
B09-3095111,B14-3168269,sire
B10-3047084,B14-3168269,dam
B99-3199708,B09-3095111,sire
B07-4361085,B09-3095111,dam
B99-3199708,B10-3047084,sire
B04-3230881,B10-3047084,dam
NL07-1180364,NL19-1798518,sire
NL13-1339817,NL19-1798518,dam
NL03-1702949,NL07-1180364,sire
NL05-1909331,NL07-1180364,dam
NL07-1817999,NL13-1339817,sire
NL02-1635264,NL13-1339817,dam
BE02-3255937,B16-3084976,sire
BELG1998-3158062,BE02-3255937,sire
NL03-5301101,NL10-1692316,sire
NL04-2061507,NL10-1692316,dam
NL99-4300680,NL03-5301101,sire
NL00-1956090,NL03-5301101,dam
NL2000-2148049,NL11-1732951,sire
NL2007-1817969,NL11-1732951,dam
NL2003-1103686,NL2007-1817969,sire
NL2004-2050252,NL2007-1817969,dam
B99-6143621,B05-6163027,sire
B97-6165578,B05-6163027,dam
B94-6214211,B99-6143621,sire
B98-62140407,B99-6143621,dam
B82-6380170,B97-6165578,sire
B87-2297197,B97-6165578,dam
B99-6143668,B12-6232831,sire
B02-6509064,B12-6232831,dam
B92-6673402,B99-6143668,sire
B97-6569500,B99-6143668,dam
B94-6214211,B02-6509064,sire
B98-6594049,B02-6509064,dam
B04-6293191,B11-6219623,sire
B06-6056065,B11-6219623,dam
B94-6241201,B04-6293191,sire
B90-630670,B04-6293191,dam
B00-6553131,B06-6056065,sire
B03-6485765,B06-6056065,dam
B03-3003335,B10-3179206,sire
B01-3031007,B03-3003335,sire
B00-3076245,B03-3003335,dam
B08-6383049,B13-6284819,sire
B08-6383041,B13-6284819,dam
B01-6345101,B08-6383049,sire
B97-6421504,B08-6383049,dam
B02-6183100,B08-6383041,sire
B00-6480541,B08-6383041,dam
B11-6119113,B12-6023338,sire
B11-6119152,B12-6023338,dam
B10-6031799,B11-6119113,sire
BE10-6163736,B11-6119152,sire
B08-6177699,B11-6119152,dam
CHN07-09-425140,CHN2008-09-360007,sire
CHN04-09-27261604,CHN2008-09-360007,dam
CHN00-10-02009500,CHN07-09-425140,sire
CHN00-10-0202279,CHN07-09-425140,dam
NL96-2204410,CHN04-09-27261604,sire
NL96-1737675,CHN04-09-27261604,dam
NL01-2069833,NL12-1742608,sire
NL05-1554549,NL12-1742608,dam
NL94-1651477,NL01-2069833,sire
NL80-632953,NL01-2069833,dam
NL04-2209938,NL05-1554549,sire
NL03-1301744,NL05-1554549,dam
NL04-1425561,NL09-1709989,sire
NL04-5435669,NL09-1709989,dam
NL96-1474648,NL04-1425561,sire
NL98-1983068,NL04-1425561,dam
NL03-5340519,NL04-5435669,sire
NL03-1773737,NL04-5435669,dam
NL07-1126882,B12-6239485,sire
B11-2178324,B12-6239485,dam
NL06-4281744,NL07-1126882,sire
NL06-4281758,NL07-1126882,dam
B01-6455003,B11-2178324,sire
B10-2148872,B11-2178324,dam
B07-4216926,BELG2008-3109178,sire
B05-3013188,BELG2008-3109178,dam
B04-4138973,B07-4216926,sire
B00-4245501,B07-4216926,dam
B03-3237719,B05-3013188,sire
B01-5027540,B05-3013188,dam
B99-3222438,B03-3237719,sire
B97-3294175,B03-3237719,dam
B90-5328322,B01-5027540,sire
B98-5201208,B01-5027540,dam
NL06-1078529,NL2007-1143811,sire
B06-4008826,NL2007-1143811,dam
NL03-5301441,NL06-1078529,sire
NL98-5870048,NL06-1078529,dam
NL08-5818820,NL12-1389526,sire
NL11-1503486,NL12-1389526,dam
NL04-1432243,NL08-5818820,sire
B06-6410633,NL08-5818820,dam
B09-6370126,NL11-1503486,sire
NL10-1164534,NL11-1503486,dam
NL89-0542332,CHN02-10-761411,sire
NL89-0542331,CHN02-10-761411,dam
CHN02-10-049055,CHN05-10-025702,dam
NL01-1426424,CHN2004-01-535076,sire
BE10-2209198,B2013-2092286,sire
BE12-2067116,B2013-2092286,dam
BE06-2232516,BE10-2209198,sire
BE04-2132303,BE10-2209198,dam
NL08-1683616,NL2012-1742037,sire
NL08-1683712,NL2012-1742037,dam
NL04-2209957,NL08-1683616,sire
NL01-2069845,NL08-1683616,dam
NL01-2069569,NL08-1683712,sire
NL02-1810029,NL08-1683712,dam
CHN05-01-507487,CHN2009-01-701356,sire
B10-3136080,B11-3171870,dam
B08-3193835,B10-3136080,sire
B08-3109017,B10-3136080,dam
NL01-5150212,NL2007-1143821,sire
B06-4008828,NL2007-1143821,dam
NL96-8005840,NL01-5150212,sire
NL90-2456019,NL01-5150212,dam
CHN07-01-263492,CHN2009-01-007589,sire
CHN08-01-452224,CHN2009-01-007589,dam
B09-2224193,BELG2012-2069755,sire
B09-2229887,BELG2012-2069755,dam
B03-2148665,B09-2224193,sire
B02-2158259,B09-2224193,dam
B04-2132439,B09-2229887,sire
B04-2132483,B09-2229887,dam
B11-3082070,B12-3170650,sire
B11-3082028,B12-3170650,dam
B10-3136064,B11-3082070,sire
B08-3109029,B11-3082070,dam
B08-3109019,B11-3082028,sire
B10-3136020,B11-3082028,dam
B07-2232942,BELG2012-2067376,sire
B08-2186619,BELG2012-2067376,dam
B04-2132439,B07-2232942,sire
B03-2148605,B07-2232942,dam
NL06-1590143,B08-2186619,sire
B04-2132302,B08-2186619,dam
C06-10-145308,CHN07-10-094144,sire
C04-10-068680,CHN07-10-094144,dam
NL08-1684073,NL12-1742535,sire
NL08-1683681,NL12-1742535,dam
NL02-1810225,NL08-1684073,sire
NL98-1408289,NL08-1684073,dam
NL01-2069869,NL08-1683681,sire
NL04-2209735,NL08-1683681,dam
CHN2001-01-113951,CHN2009-01-539702,dam
DV08833-96-174,CHN03-252131,sire
T00-096393,CHN03-252131,dam
CHN00-308859,CHN01-01-113951,dam
CHN08-09-013193,CHN11-01-212929,sire
CHN08-09-592896,CHN11-01-212929,dam
CHN2001-01-113951,CHN2009-01-218254,dam
CHN03-252131,CHN2007-01-263494,sire
CHN01-01-113951,CHN2007-01-263494,dam
DV08833-96-1741372,CHN03-252131,sire
B10-3136064,B11-3171867,sire
B10-3136038,B11-3171867,dam
B07-3107133,B10-3136064,sire
B05-3105071,B10-3136064,dam
B09-3110052,B10-3136038,sire
B09-3110064,B10-3136038,dam
CHN03-252131,CHN2007-01-263495,sire
CHN01-01-113951,CHN2007-01-263495,dam
B09-3110073,B11-3082067,sire
B05-3000818,B11-3082067,dam
BE07-3107133,B09-3110073,sire
B05-3105071,B09-3110073,dam
B03-3103179,B05-3000818,sire
B07-3107056,B10-3136137,sire
B09-3110051,B10-3136137,dam
B06-3107115,B07-3107056,sire
B02-3056128,B07-3107056,dam
B03-3103164,B09-3110051,sire
B08-3049817,B09-3110051,dam
NL02-4763096,CHN2007-01-474663,dam
B11-3082030,B12-3170647,sire
B11-3082013,B12-3170647,dam
B10-3136064,B11-3082030,sire
B08-3109029,B11-3082030,dam
B10-3136019,B11-3082013,sire
B09-3110074,B11-3082013,dam
NL02-4763096,CHN2007-01-474662,dam
B11-3082004,B12-3170641,sire
B10-3000210,B12-3170641,dam
B06-3107134,B11-3082004,sire
B00-3124098,B11-3082004,dam
CHN08-09-013052,CHN2008-102065,sire
CHN08-09-013053,CHN2008-102065,dam
CHN98-10-538799,CHN08-09-013052,sire
CHN98-10-539145,CHN08-09-013052,dam
CHN98-10-538799,CHN08-09-013053,sire
CHN98-10-539145,CHN08-09-013053,dam
B11-3082043,B12-3170653,sire
B11-3082019,B12-3170653,dam
B06-3107134,B11-3082043,sire
B00-3124098,B11-3082043,dam
B08-3193835,B11-3082019,sire
B08-3109017,B11-3082019,dam
B01-3033103,BELG2008-3109200,sire
B06-3107034,BELG2008-3109200,dam
B92-3040434,B01-3033103,sire
B96-3315906,B01-3033103,dam
B98-3145155,B06-3107034,sire
B00-3124098,B06-3107034,dam
B04-3104129,B09-3167998,sire
B04-3099075,B09-3167998,dam
B99-3221059,B04-3104129,sire
B98-3145039,B04-3104129,dam
B02-3026083,B04-3099075,sire
B01-3076129,B04-3099075,dam
B02-3074205,BELG2008-3109198,sire
B02-3056146,BELG2008-3109198,dam
B89-3015406,B02-3074205,sire
B84-3152246,B02-3074205,dam
B01-3222013,B02-3056146,sire
B00-3146009,B02-3056146,dam
CHN02-10-600606,CHN2010-12-086022,sire
CHN08-12-215889,CHN2010-12-086022,dam
B04-3104129,BELG2008-3109190,sire
B04-5195771,BELG2008-3109190,dam
B97-3200074,B04-3104129,dam
B98-5027561,B04-5195771,sire
B98-5027541,B04-5195771,dam
CHN02-10-600606,CHN2010-086021,sire
CHN08-12-215889,CHN2010-086021,dam
B02-3056134,BELG2008-3109181,sire
B05-3105046,BELG2008-3109181,dam
B98-3145155,B02-3056134,sire
B87-4310082,B02-3056134,dam
B01-3033103,B05-3105046,sire
B00-3167720,B05-3105046,dam
CHN07-10-016127,CHN11-10-035791,sire
CHN07-10-010981,CHN11-10-035791,dam
NL89-0542332,CHN07-09-425140,sire
NL89-0542331,CHN07-09-425140,dam
NL95-1957313,CHN2008-09-360007,sire
NL95-5587122,CHN2008-09-360007,dam
B03-3103164,BEGL2008-3109170,sire
B00-3124098,BEGL2008-3109170,dam
B01-3222067,B03-3103164,sire
B97-32353721997,B03-3103164,dam
B92-3138647,B00-3124098,sire
B95-3336674,B00-3124098,dam
CHN09-10-573932,CHN2010-096369,sire
CHN08-10-589543,CHN2010-096369,dam
B99-3221110,BELG2008-3109168,sire
B06-3107182,BELG2008-3109168,dam
B93-3130073,B99-3221110,sire
B85-6527336,B99-3221110,dam
B98-3145079,B06-3107182,sire
B00-3124098,B06-3107182,dam
CHN08-09-013193,CHN11-01-770278,sire
CHN08-09-592896,CHN11-01-770278,dam
B04-3104012,BELG2008-3109172,sire
B05-3105106,BELG2008-3109172,dam
B98-3145096,B04-3104012,sire
B92-3040429,B04-3104012,dam
B02-3056134,B05-3105106,sire
B02-3056164,B05-3105106,dam
B07-3183782,BELG2008-3109163,sire
B07-3107018,BELG2008-3109163,dam
B00-3257134,B07-3183782,sire
B07-3107011,B07-3183782,dam
B03-3103042,B07-3107018,sire
B03-3184841,B07-3107018,dam
B06-3107061,BELG2008-3109193,sire
B07-4216956,BELG2008-3109193,dam
B02-3056165,B06-3107061,sire
B99-3076717,B06-3107061,dam
B03-4329014,B07-4216956,sire
B05-4323995,B07-4216956,dam
CHN03-252131,CHN2005-01-435702,sire
CHN01-01-113951,CHN2005-01-435702,dam
CHN03-252131,CHN2005-01-435788,sire
CHN01-01-113951,CHN2005-01-435788,dam
CHN03-252131,CHN2005-01-435701,sire
CHN01-01-113951,CHN2005-01-435701,dam
CHN03-252131,CHN2005-01-414131,sire
CHN01-01-113951,CHN2005-01-414131,dam
CHN03-252131,CHN2005-01-435732,sire
CHN01-01-113951,CHN2005-01-435732,dam
CHN03-252131,CHN2005-01-435720,sire
CHN01-01-113951,CHN2005-01-435720,dam
B96-6615170,BELG2008-6314621,sire
B00-6156401,BELG2008-6314621,dam
B82-6380170,B96-6615170,sire
B87-2297197,B96-6615170,dam
B90-6277606,B00-6156401,sire
B93-6228670,B00-6156401,dam
BELG2004-4277487,TFPF2007-211407,sire
B01-6455003,B09-6269285,sire
B06-6148141,B09-6269285,dam
B11-2101195,B15-3150600,dam
B08-2239338,B11-2101195,sire
B07-6399396,B11-6333517,sire
B07-6369527,B11-6333517,dam
B01-6455003,B07-6399396,sire
B02-6114797,B07-6399396,dam
B02-6113220,B07-6369527,sire
B03-6032888,B07-6369527,dam
B03-6257240,B10-6031878,sire
B06-6034734,B10-6031878,dam
B98-6335690,B03-6257240,sire
B97-6407575,B03-6257240,dam
B99-6517591,B06-6034734,sire
B02-2072711,B06-6034734,dam
NL07-2007621,NL15-1850159,sire
B01-3266512,NL07-2007621,sire
NL05-1936558,NL07-2007621,dam
B06-3008003,B15-3150419,sire
B14-3157495,B15-3150419,dam
B06-3008003,B14-3157495,sire
B09-3095175,B14-3157495,dam
B07-6399396,B11-6333518,sire
B07-6369527,B11-6333518,dam
B05-6176146,B10-6031862,sire
B06-6404429,B10-6031862,dam
B98-6335690,B05-6176146,sire
B97-6407575,B05-6176146,dam
B01-6225246,B06-6404429,sire
B04-6246934,B06-6404429,dam
NL07-2007621,NL14-1210044,sire
NL06-1266956,NL14-1210044,dam
B01-3266512,NL06-1266956,sire
NL05-1936558,NL06-1266956,dam
B11-6103169,B17-6092038,sire
B15-6073134,B17-6092038,dam
B04-6033267,B11-6103169,sire
B07-6207185,B11-6103169,dam
B12-6321296,B15-6073134,sire
B13-6310312,B15-6073134,dam
DV02098-08-520,DV02098-15-96,sire
DV02098-08-515,DV02098-15-96,dam
DV02098-05-580,DV02098-08-520,sire
NL05-1937948,DV02098-08-520,dam
DV02098-02-555,DV02098-08-515,sire
B02-6433588,DV02098-08-515,dam
DV02098-08-520,DV02098-15-363,sire
DV02098-08-515,DV02098-15-363,dam
B04-6073611,DV0824-12-820,sire
B04-6073812,DV0824-12-820,dam
B01-6455003,B04-6073611,sire
B01-6455003,B04-6073812,sire
B01-6094302,B04-6073812,dam
B11-6091899,B15-6100897,sire
B12-6321502,B15-6100897,dam
B06-6410698,B11-6091899,sire
B07-6043939,B11-6091899,dam
B08-6385535,B16-6166859,sire
B09-6269285,B16-6166859,dam
B01-6455003,B08-6385535,sire
B02-6114797,B08-6385535,dam
B03-6086005,B11-6342127,sire
B06-6210005,B11-6342127,dam
B95-6246005,B03-6086005,sire
B02-6183649,B03-6086005,dam
B95-6246005,B06-6210005,sire
B97-6466984,B06-6210005,dam
B02-6508543,B12-6327737,sire
B06-6210005,B12-6327737,dam
B95-6246005,B02-6508543,sire
B96-6286052,B02-6508543,dam
B02-6508543,B11-6342129,sire
B04-6095755,B11-6342129,dam
B95-6246005,B04-6095755,sire
B97-6390083,B04-6095755,dam
B10-6339937,B12-6321226,sire
B10-6146350,B12-6321226,dam
B03-6192634,B10-6146350,sire
B12-6315126,B15-6099823,sire
B11-6102933,B15-6099823,dam
B10-6291398,B11-6102933,sire
B09-6109996,B11-6102933,dam
B12-6315126,B15-6099822,sire
B11-6102933,B15-6099822,dam
B12-6315127,B15-6099827,sire
B14-6095402,B15-6099827,dam
B12-6315153,B14-6095402,sire
B08-6064585,B14-6095402,dam
NL99-1861305,NL10-1294823,sire
NL05-2132538,NL10-1294823,dam
NL86-183633,NL99-1861305,sire
NL04-1590412,NL05-2132538,sire
NL93-2101409,NL05-2132538,dam
NL94-2483933,NL04-1590412,sire
NL89-1140179,NL93-2101409,sire
NL84-954984,NL93-2101409,dam
NL96-1742833,NL08-1125189,sire
NL01-1350801,NL08-1125189,dam
NL92-2907649,NL96-1742833,sire
NL95-2648983,NL96-1742833,dam
NL97-2500708,NL01-1350801,sire
NL94-2542264,NL01-1350801,dam
B08-4056108,B10-4230322,sire
B08-6191404,B10-4230322,dam
B05-4346680,B08-4056108,sire
B05-4646605,B08-4056108,dam
B01-5193595,B08-6191404,sire
B03-6146635,B08-6191404,dam
B06-2083016,B10-2182159,sire
B08-6191590,B10-2182159,dam
B05-2141268,B06-2083016,sire
B02-2235443,B06-2083016,dam
B06-6087309,B08-6191590,sire
B06-2083035,B08-6191590,dam
B05-5219996,B15-2200185,sire
B04-5225384,B15-2200185,dam
B01-5026308,B05-5219996,sire
B04-5219991,B05-5219996,dam
B98-5202680,B04-5225384,sire
B11-6238509,B15-6202880,sire
B10-6284915,B15-6202880,dam
B06-6212441,B11-6238509,sire
B05-6445580,B11-6238509,dam
NL05-5534849,B10-6284915,sire
NL00-5150294,B10-6284915,dam
B09-3095085,B12-3088193,dam
B02-3255937,B09-3095085,sire
B02-3003668,B09-3095085,dam
B03-6192693,B07-6371098,sire
B01-6455003,B03-6192693,sire
B02-6113204,B03-6192693,dam
B08-6245196,B09-6130454,dam
DV02098-09-2121,DV03236-13-683,sire
DV02098-95-12,DV02098-09-2121,sire
B13-5036345,B15-2200189,sire
B10-5020795,B15-2200189,dam
B05-5219996,B13-5036345,sire
B04-5225384,B13-5036345,dam
B06-5101325,B10-5020795,sire
B05-5138927,B10-5020795,dam
B05-6221037,B09-6130642,sire
DV03236-12-959,DV03236-13-687,sire
DV02098-09-2121,DV03236-12-959,sire
B10-5020635,B15-2200177,sire
B13-5036227,B15-2200177,dam
B02-5220738,B10-5020635,sire
B03-5082553,B10-5020635,dam
B05-5219996,B13-5036227,sire
B04-5225384,B13-5036227,dam
B11-5025600,B15-2200161,sire
B10-5020800,B15-2200161,dam
B06-5101387,B11-5025600,sire
B07-5114941,B11-5025600,dam
B06-5101325,B10-5020800,sire
B05-5138927,B10-5020800,dam
B10-5020728,B15-2200159,sire
B07-5112091,B15-2200159,dam
B05-5219996,B10-5020728,sire
B04-5225384,B10-5020728,dam
D0478-96-143,B07-5112091,sire
B04-5066714,B07-5112091,dam
B10-5020728,B15-2200160,sire
B07-5112091,B15-2200160,dam
B10-5020728,B15-2200317,sire
B07-5112091,B15-2200317,dam
B10-5020728,B15-2200318,sire
B07-5112091,B15-2200318,dam
B07-7479070,BE15-3147776,dam
B03-3130412,B07-7479070,dam
B04-3001674,NL10-1165672,sire
B06-3204724,NL10-1165672,dam
B90-3119128,B04-3001674,sire
B01-3031244,B04-3001674,dam
B98-3158062,B06-3204724,sire
B01-3172930,B06-3204724,dam
B07-7479070,BE15-3147775,dam
NL05-1990184,NL11-1237503,sire
NL10-1165875,NL11-1237503,dam
B96-3156136,NL05-1990184,dam
NL03-5343048,NL10-1165875,sire
B06-3204724,NL10-1165875,dam
B05-3006583,B14-3067142,sire
B04-3069721,B14-3067142,dam
B94-3237367,B05-3006583,sire
B98-3158062,B04-3069721,sire
B04-3001781,NL11-1237557,sire
NL02-2320271,NL11-1237557,dam
B04-3001781,NL15-1273742,sire
NL12-1130257,NL15-1273742,dam
B00-3195099,B04-3001781,dam
NL02-2320271,NL12-1130257,dam
B04-3001781,NL15-1273996,sire
NL09-1727851,NL15-1273996,dam
NL03-5343048,NL09-1727851,sire
B06-3204724,NL09-1727851,dam
BE06-3008003,BE11-31726734,sire
B07-510704,BE11-31726734,dam
BE98-3158062,BE06-3008003,sire
B00-9103534,B07-510704,sire
B02-681972,B07-510704,dam
B05-3006583,B11-3170598,sire
BE05-3006503,BE11-3170537,sire
B98-3158062,BE05-3006503,sire
B97-6539152,BE05-3006503,dam
B09-3040149,BE10-3179388,dam
B06-2158233,B09-3040149,sire
B08-3037512,B09-3040149,dam
B07-1873253,B10-6166099,dam
NL05-5528604,NL07-1544636,sire
NL03-2117568,NL07-1544636,dam
NL04-1753149,NL05-5528604,sire
NL00-1623016,NL05-5528604,dam
NL95-2312399,NL03-2117568,sire
NL96-1890747,NL03-2117568,dam
NL04-4173375,NL13-1022769,sire
NL12-1392739,NL13-1022769,dam
NL02-5222556,NL04-4173375,sire
NL02-5222563,NL04-4173375,dam
NL03-2117599,NL12-1392739,sire
NL11-1506754,NL12-1392739,dam
NL99-1209719,NL03-2117599,sire
NL01-2189341,NL03-2117599,dam
NL07-1544651,NL11-1506754,sire
NL04-4173376,NL11-1506754,dam
NL03-5326666,NL11-1506863,sire
NL07-1544636,NL11-1506863,dam
NL99-5939569,NL03-5326666,sire
NL96-5638678,NL03-5326666,dam
NL04-1753330,NL11-1506835,sire
NL05-5528635,NL11-1506835,dam
NL95-2312399,NL04-1753330,sire
NL96-1890747,NL04-1753330,dam
NL94-1015169,NL05-5528635,sire
NL98-2373178,NL05-5528635,dam
NL03-2117577,NL11-1506892,sire
NL03-2117620,NL11-1506892,dam
NL01-2189216,NL03-2117577,sire
NL01-2189288,NL03-2117577,dam
NL98-1539928,NL03-2117620,sire
NL96-1036323,NL03-2117620,dam
B04-3001781,NL12-1130740,sire
B05-3006553,NL12-1130740,dam
B01-4429827,B05-3006553,sire
B04-3001781,NL10-1164680,sire
NL02-2320271,NL10-1164680,dam
B95-3211424,NL02-2320271,sire
B95-3211468,NL02-2320271,dam
B08-6050294,NL12-1130145,sire
NL10-1164574,NL12-1130145,dam
NL03-5343048,NL13-1705761,sire
NL09-1735740,NL13-1705761,dam
NL12-1562293,NL13-1189901,sire
NL04-2076395,NL13-1189901,dam
NL15-1682141,NL16-1475118,sire
NL08-1564519,NL16-1475118,dam
NL04-0450098,NL09-3932449,sire
NL09-3932384,NL09-3932449,dam
NL03-0376794,NL09-1342528,sire
NL07-1973281,NL09-1342528,dam
B01-6182211,BE12-5034338,sire
B10-5143339,BE12-5034338,dam
BE01-6182211,BE12-5034371,sire
NL07-1052405,BE12-5034371,dam
B01-6182211,BE12-5034372,sire
NL07-1052405,BE12-5034372,dam
B01-6182211,BE12-5034419,sire
BE11-5113306,BE12-5034419,dam
NL09-1858509,NL12-1999862,sire
NL09-1858519,NL12-1999862,dam
NL09-1858509,NL12-1999863,sire
NL09-1858519,NL12-1999863,dam
NL03-1943126,NL12-1999851,sire
NL06-1313338,NL12-1999851,dam
NL07-1397156,NL12-1999853,sire
NL10-1294830,NL12-1999853,dam
NL10-1294831,NL12-1999859,sire
NL06-1792785,NL12-1999859,dam
NL99-1861278,NL12-1999814,sire
NL05-2132976,NL12-1999814,dam
NL00-2454567,NL12-1254151,sire
NL09-1858471,NL12-1254151,dam
NL93-5334501,NL09-1858471,sire
NL06-1313338,NL09-1858471,dam
NL89-6019724,NL93-5334501,sire
NL01-2189761,NL06-1313338,sire
NL99-1209763,NL06-1313338,dam
NL10-1136251,NL12-1254134,sire
NL08-2135469,NL12-1254134,dam
BE10-5105872,BE12-6032740,sire
BE11-6171590,BE12-6032740,dam
B09-5052443,BE10-5105872,sire
B06-5078318,BE10-5105872,dam
B00-6553598,B09-5052443,sire
BE02-5139433,B09-5052443,dam
BE00-6553596,B06-5078318,sire
BE00-5200373,B06-5078318,dam
BE01-5193595,BE09-6086178,sire
BE99-6422553,BE09-6086178,dam
B10-2182159,BE11-6327880,sire
B09-6086185,BE11-6327880,dam
B10-2182150,BE11-6327881,sire
B09-6086185,BE11-6327881,dam
B08-5118731,BE11-6327896,sire
B11-6327883,BE13-6037118,sire
B10-6195316,BE13-6037118,dam
BE12-3168830,BE15-3025149,sire
BE07-510175,BE15-3025149,dam
BE99-3199708,BE12-3168830,sire
BE98-9147129,BE07-510175,sire
BE98-9147107,BE07-510175,dam
BE12-3168830,BE15-3025150,sire
BE07-510175,BE15-3025150,dam
B07-3008349,B10-3047059,sire
B06-3008234,B10-3047059,dam
B02-3003538,B07-3008349,sire
B01-3031030,B07-3008349,dam
B02-4333308,B06-3008234,sire
B02-3185273,B06-3008234,dam
B01-3117084,B11-3123801,sire
B07-3128450,B11-3123801,dam
B96-3156009,B01-3117084,sire
B97-3157374,B01-3117084,dam
B99-3243699,B07-3128450,sire
B01-3031189,B07-3128450,dam
B02-3185762,B11-3123806,sire
B07-3128427,B11-3123806,dam
B98-3240120,B02-3185762,sire
B98-3240153,B02-3185762,dam
B01-3117018,B07-3128427,sire
B01-3266509,B07-3128427,dam
B04-3001781,NL10-1164549,sire
B05-3224585,NL10-1164549,dam
B01-3031007,B05-3224585,sire
B04-3001796,B05-3224585,dam
B05-30006569,BE15-3025296,sire
B08-3192649,BE15-3025296,dam
B06-3008003,BE11-3170595,sire
B07-510075,BE11-3170595,dam
NL03-1707825,NL09-1647287,sire
NL07-1180553,NL09-1647287,dam
NL99-1559577,NL03-1707825,sire
NL94-4255674,NL03-1707825,dam
NL99-1585505,NL07-1180553,sire
NL00-1122230,NL07-1180553,dam
NL07-1369905,NL11-1343916,sire
NL07-1375093,NL11-1343916,dam
NL02-1116757,NL07-1369905,sire
NL05-2103618,NL07-1369905,dam
NL01-4140734,NL07-1375093,sire
NL06-1764102,NL07-1375093,dam
NL07-1847571,NL12-5204724,sire
NL05-5507944,NL12-5204724,dam
BE03-6032896,NL12-1793100,sire
NL09-1386124,NL12-1793100,dam
B2003-1692564,NL2013-1802209,sire
N2010-1272410,NL2013-1802209,dam
B87-6488840,NL2004-1559362,sire
B82-6271130,NL2004-1559362,dam
NL87-1473403,NL98-2223367,sire
NL84-975732,NL98-2223367,dam
B93-6234444,NL2004-1559362,sire
NL98-2223367,NL2004-1559362,dam
B87-6488840,B93-6234444,sire
B82-6271130,B93-6234444,dam
B98-3158062,B04-3230803,sire
B93-3354340,B04-3230803,dam
B89-6727919,B99-6559730,sire
B91-6227401,B99-6559730,dam
NL1987-2125386,NL1997-1560008,sire
NL1993-2646372,NL1997-1560008,dam
NL1996-5666011,NL1998-1249271,sire
NL1996-5666017,NL1998-1249271,dam
B2000-4317176,BELG2009-4331529,sire
B2002-4064532,BELG2009-4331529,dam
B1993-4449137,B2000-4317176,sire
B1997-4182143,B2000-4317176,dam
B1993-4655123,B2002-4064532,sire
B1999-4262223,B2002-4064532,dam
B01-4094638,BELG2008-4335786,sire
B04-4217115,BELG2008-4335786,dam
B99-4262223,B01-4094638,dam
B2007-4081813,BELG10-4328067,sire
B2008-4130304,BELG10-4328067,dam
B2000-4317119,B2008-4130304,sire
B2005-4391911,B2008-4130304,dam
B92-4490676,B06-4143265,sire
B03-3001764,B06-4143265,dam
B04-2202420,B07-2090939,sire
B03-2242332,B07-2090939,dam
NL01-5150323,NL08-1549099,sire
NL05-1405393,NL08-1549099,dam
NL03-1147135,NL07-1786810,sire
NL05-1358883,NL07-1786810,dam
B00-6032231,B12-6195702,sire
B03-6437325,B12-6195702,dam
B90-6331119,B00-6032231,sire
B94-6093575,B00-6032231,dam
B02-6051777,B03-6437325,sire
B97-6101027,B03-6437325,dam
B2000-4317176,B11-4302327,sire
B2004-2298053,B11-6226364,sire
B2006-6413719,B11-6226364,dam
B1999-2251413,B2004-2298053,sire
B2001-2204067,B2004-2298053,dam
B2002-6350191,B2006-6413719,sire
B2005-6118235,B2006-6413719,dam
B2007-6229056,B11-6226345,sire
B2008-6259134,B11-6226345,dam
B2003-6277418,B2007-6229056,sire
B2001-6179491,B2007-6229056,dam
B2003-6460062,B2008-6259134,sire
B2003-6460053,B2008-6259134,dam
B2007-6229174,B12-6042610,sire
B2010-6342782,B12-6042610,dam
B2003-6460062,B2007-6229174,sire
B2004-6202091,B2007-6229174,dam
B2005-6052111,B2010-6342782,sire
B2010-6342806,B12-6042506,sire
B2010-6342743,B12-6042506,dam
B2002-6354241,B2010-6342806,sire
B20056-6052027,B2010-6342806,dam
B2005-6054295,B2010-6342743,sire
B2005-6054214,B2010-6342743,dam
B00-6032231,B11-6341699,sire
B03-6437325,B11-6341699,dam
B04-4295566,B09-2054434,sire
B97-3185048,B09-2054434,dam
NL06-1648300,NL09-2085892,sire
NL06-1648189,NL09-2085892,dam
NL01-1886800,NL02-1635214,sire
NL98-1215892,NL02-1635214,dam
B07-6143422,B08-6236944,sire
B07-6143489,B08-6236944,dam
B97-6549518,B08-6236938,sire
B04-6265667,B08-6236938,dam
B97-6549518,B08-6236937,sire
B04-6265667,B08-6236937,dam
B2003-4135895,B09-4340115,sire
B2007-4361074,B09-4340115,dam
B2003-4135895,B2007-4361074,sire
B2002-4064532,B2007-4361074,dam
B15-6036593,B18-6188425,sire
B08-6232613,B17-6256025,sire
B12-6318793,B17-6256025,dam
B94-6093632,B08-6232613,sire
B04-6208191,B08-6232613,dam
B07-6140038,B12-6318793,sire
B06-6185566,B12-6318793,dam
B10-6217260,B17-6256055,sire
B08-6232780,B17-6256055,dam
B07-6140215,B10-6217260,sire
B09-6240841,B10-6217260,dam
B94-6093632,B08-6232780,sire
B07-6140250,B08-6232780,dam
B15-4264259,B19-6124668,sire
B14-6212637,B19-6124668,dam
B13-6139803,B15-4264259,sire
B12-6327926,B15-4264259,dam
B13-6306899,B14-6212637,sire
B12-6123808,B14-6212637,dam
B12-6321655,B19-6124691,sire
B12-6324902,B19-6124691,dam
B02-6113220,B12-6321655,sire
B10-6339927,B12-6321655,dam
B12-6123209,B12-6324902,sire
B11-6094115,B12-6324902,dam
B14-3034145,B14-3155761,sire
B12-3142052,B14-3155761,dam
NL11-1742470,B14-3034145,sire
B11-6244601,B14-3034145,dam
B11-6244612,B12-3142052,sire
NL11-1742491,B12-3142052,dam
B14-3034145,B14-3034042,sire
B12-3142052,B14-3034042,dam
B15-3025032,NL19-1132564,sire
B14-3067282,NL19-1132564,dam
B13-3159460,B15-3025032,sire
B12-3691293,B15-3025032,dam
B05-3006569,B14-3067282,sire
B11-2018427,B14-3067282,dam
B05-3006764,B11-2018427,sire
NL09-1728138,B11-2018427,dam
B16-3141659,NL19-1132568,sire
B14-3150697,NL19-1132568,dam
B06-3008003,B16-3141659,sire
B09-3095085,B16-3141659,dam
B05-3006569,B14-3150697,sire
B07-3153257,B14-3150697,dam
B09-5147679,B13-5096310,sire
B09-5139520,B13-5096310,dam
B05-4318884,B09-5147679,sire
B01-5063253,B09-5147679,dam
B05-5022143,B09-5139520,sire
B05-5022085,B09-5139520,dam
NL11-1533532,NL13-1698878,sire
NL12-1045548,NL13-1698878,dam
DV0135-10-470,NL11-1533532,sire
DV07364-07-474,NL11-1533532,dam
NL10-1082745,NL12-1045548,sire
NL10-1075530,NL12-1045548,dam
NL09-1425512,B12-6140698,sire
B09-6041720,B12-6140698,dam
B98-6522539,NL09-1425512,sire
NL08-1537990,NL09-1425512,dam
NL05-5534849,B09-6041720,sire
NL07-1817515,B09-6041720,dam
NL12-1783897,B13-6308079,sire
B12-6327841,B13-6308079,dam
NL07-2007621,NL12-1783897,sire
NL07-2062828,NL12-1783897,dam
B08-6338005,B12-6327841,sire
B09-6040169,B12-6327841,dam
BE07-6229144,B12-6323350,sire
BE08-6259130,B12-6323350,dam
BE03-6460062,BE07-6229144,sire
BE02-6354241,BE08-6259130,sire
BE05-6052018,B12-6314204,sire
BE08-6374778,B12-6314204,dam
BE08-6259264,B12-6042221,sire
BE06-64111972,B12-6042221,dam
BE14-6168603,B14-6298449,sire
BE11-6177155,B14-6298449,dam
NL04-2169889,NL06-1078565,sire
NL2005-1405217,NL06-1078565,dam
NL99-5957358,NL04-2169889,sire
NL01-5150561,NL04-2169889,dam
NL2000-5054778,NL2005-1405217,sire
NL2000-2469540,NL2005-1405217,dam
NL04-2061561,NL07-1828811,sire
NL99-5957358,NL04-2061561,sire
NL98-1358677,NL04-2061561,dam
BE06-9115738,NL12-2561448,sire
NL08-1487733,NL12-2561448,dam
B10-2045162,B15-2122730,dam
B07-2090939,B10-2045162,sire
B00-2117204,B10-2045162,dam
NL2009-1186588,NL10-1682365,sire
NL2009-1186403,NL10-1682365,dam
NL1998-1215870,NL2009-1186588,sire
NL2005-1394881,NL2009-1186588,dam
NL2004-2050252,NL2009-1186403,dam
B99-3020065,B04-3099082,sire
B00-3146013,B04-3099082,dam
B95-3263118,B04-3099036,sire
B01-3076022,B04-3099036,dam
B97-3221726,B07-3141627,sire
B01-5241982,B07-3141627,dam
B05-3185086,B06-3208687,sire
B05-3185008,B06-3208687,dam
CHN2014-01-300659,CHN2015-01-0822632,sire
CHN2014-01-300664,CHN2015-01-0822632,dam
NL2010-17006689,NL2013-1255822,sire
NL06-1547278,NL2010-17006689,sire
NL2013-1255822,CHN2016-01-1180608,sire
B08-6314622,B12-6236424,sire
B09-6222815,B12-6236424,dam
NL12-1137157,NL13-1584104,dam
B08-6314622,B11-6265448,sire
B07-6076351,B11-6265448,dam
B05-6448135,B07-6076351,dam
B97-6165725,B05-6448135,sire
B04-6277729,B05-6448135,dam
B08-6314622,B11-6265474,sire
B07-6076351,B11-6265474,dam
B08-6314622,B11-6265473,sire
B07-6076351,B11-6265473,dam
NL02-2070856,NL06-1975087,sire
NL01-2129003,NL06-1975087,dam
NL08-5818820,NL2012-1389525,sire
NL11-1503486,NL2012-1389525,dam
B12-6321370,NL2014-1603723,sire
NL13-1802453,NL2014-1603723,dam
B10-6146101,B12-6321370,sire
B09-6269364,B12-6321370,dam
B03-6192564,NL13-1802453,sire
NL10-1272410,NL13-1802453,dam
B12-3032081,BELG2013-3035237,sire
B11-3063674,BELG2013-3035237,dam
B05-3149404,B12-3032081,sire
B07-3148882,B12-3032081,dam
B07-3148899,B11-3063674,sire
B07-3148882,B11-3063674,dam
B01-6499306,BELG2011-6061221,sire
B09-4101957,BELG2011-6061221,dam
B93-6442526,B01-6499306,sire
B93-6221429,B01-6499306,dam
B07-4212846,B09-4101957,sire
B06-4060676,B09-4101957,dam
NL12-5200045,NL2014-1409341,sire
NL13-4244924,NL2014-1409341,dam
NL11-1123225,NL12-5200045,sire
NL11-1127081,NL12-5200045,dam
NL09-3959814,NL13-4244924,sire
NL05-2016739,NL13-4244924,dam
NL06-1464349,NL2010-2031686,sire
NL07-1077420,NL2010-2031686,dam
NL94-2059856,NL06-1464349,sire
NL99-1420371,NL06-1464349,dam
NL05-1804060,NL07-1077420,sire
NL05-1804020,NL07-1077420,dam
DV1164-12-282,DV1164-14-237,sire
DV1164-12-286,DV1164-14-237,dam
DV1164-07-524,DV1164-12-282,sire
DV1164-06-242,DV1164-12-282,dam
DV1274-10-205,DV1164-12-286,sire
DV1164-09-700,DV1164-12-286,dam
B10-6201655,DE08619-15-61,sire
NL1510-14-68,DE08619-15-61,dam
B04-6105661,B10-6201655,sire
B08-6071339,B10-6201655,dam
NL5343-03-48,NL1510-14-68,sire
B6316-08-120,NL1510-14-68,dam
B12-6315153,B15-6099775,sire
B08-6064585,B15-6099775,dam
B11-6115021,B12-6315153,sire
B10-6031800,B12-6315153,dam
B04-6036475,B08-6064585,sire
B06-6053535,B08-6064585,dam
B12-6315127,B15-6099773,sire
B14-6095402,B15-6099773,dam
B03-6257098,B12-6315127,sire
B10-3169150,B12-6315127,dam
B08-6177503,B14-6241146,sire
B11-6240721,B14-6241146,dam
B05-6176147,B08-6177503,sire
B05-6176104,B08-6177503,dam
B05-6045015,B11-6240721,sire
B06-6210005,B11-6240721,dam
B12-6315127,B15-6099826,sire
B14-6095402,B15-6099826,dam
B09-4340114,B15-4266432,sire
B11-4302355,B15-4266432,dam
B01-4094638,B09-4340114,sire
B03-4135799,B09-4340114,dam
B03-4135782,B11-4302355,sire
B06-4371192,B11-4302355,dam
B07-4373192,B15-4268817,sire
B06-4371192,B15-4268817,dam
B04-4437282,B07-4373192,sire
B99-4262223,B07-4373192,dam
B01-4094638,B06-4371192,sire
B03-4135851,B06-4371192,dam
B10-4327607,B15-4266440,sire
B11-4312626,B15-4266440,dam
B04-4437282,B10-4327607,sire
B99-4262223,B10-4327607,dam
B01-4094638,B11-4312626,sire
B99-4262223,B11-4312626,dam
B13-4270569,B15-4268807,sire
B10-4328070,B15-4268807,dam
B04-4217110,B13-4270569,sire
B11-4090197,B13-4270569,dam
B08-4351119,B10-4328070,sire
B04-4217117,B10-4328070,dam
B12-6327442,B15-6022191,sire
B13-1256640,B15-6022191,dam
B03-6277483,B12-6327442,sire
B05-6116293,B12-6327442,dam
B10-6251541,B13-1256640,sire
B10-2072289,B13-1256640,dam
B13-6313091,B15-6090980,sire
B09-6356404,B15-6090980,dam
B10-6251541,B13-6313091,sire
B07-6026438,B13-6313091,dam
B03-6277483,B09-6356404,sire
B02-6315014,B09-6356404,dam
B11-6108728,B14-6049853,sire
B10-6344248,B14-6049853,dam
B03-6277483,B11-6108728,sire
B02-6315014,B11-6108728,dam
B05-6337884,B10-6344248,sire
B07-6366500,B10-6344248,dam
B12-6215696,B14-6049843,sire
B11-6108639,B14-6049843,dam
B09-6323112,B12-6215696,sire
B11-6238573,B12-6215696,dam
B03-6277483,B11-6108639,sire
B05-6234500,B11-6108639,dam
B10-6251541,B15-6022225,sire
B12-6157288,B15-6022225,dam
B03-6277418,B10-6251541,sire
NL08-1628683,B10-6251541,dam
B03-6277418,B12-6157288,sire
B10-6298072,B12-6157288,dam
B05-3006569,B15-3150527,sire
B08-3192649,B15-3150527,dam
B98-3158062,B05-3006569,sire
B01-3031030,B05-3006569,dam
B02-3037213,B08-3192649,dam
B08-3035055,B14-3155805,sire
B12-3162876,B14-3155805,dam
B01-3031007,B08-3035055,sire
B04-3001796,B08-3035055,dam
B99-3199708,B12-3162876,sire
B07-4361085,B12-3162876,dam
B10-3047086,B15-3150515,sire
B14-4234253,B15-3150515,dam
B06-3008003,B10-3047086,sire
B09-6130692,B10-3047086,dam
NL10-1870079,B15-6045221,sire
B11-6061242,B15-6045221,dam
NL06-1271069,NL10-1870079,sire
NL01-2418169,NL10-1870079,dam
B09-6316045,B11-6061242,sire
B08-5026155,B11-6061242,dam
NL10-1870079,B15-6045222,sire
B11-6061242,B15-6045222,dam
B06-6096317,B15-6045252,sire
B12-6044432,B15-6045252,dam
B02-6276212,B06-6096317,sire
B01-6123470,B06-6096317,dam
B08-6092226,B12-6044432,sire
B09-6136084,B12-6044432,dam
B06-3201619,B15-6045230,sire
B11-6061004,B15-6045230,dam
B04-3230989,B06-3201619,sire
B03-3056322,B06-3201619,dam
B06-60996355,B11-6061004,sire
D04-6498755,B11-6061004,dam
B01-6499306,B11-6061221,sire
B09-4101957,B11-6061221,dam
B98-6594053,B08-6314745,sire
B05-6448111,B08-6314745,dam
B82-6380170,B98-6594053,sire
B96-6223094,B98-6594053,dam
B97-6165725,B05-6448111,sire
B04-6277729,B05-6448111,dam
B96-6223331,B97-6165725,sire
B96-6223374,B97-6165725,dam
B96-6600523,B04-6277729,sire
B02-6106932,B04-6277729,dam
B07-2049001,B09-2046317,sire
B08-2028406,B09-2046317,dam
B04-2198277,B07-2049001,sire
B04-6277729,B07-2049001,dam
B07-2049144,B08-2028406,sire
B06-5010003,B08-2028406,dam
B96-6600523,B05-6445431,sire
B02-6106932,B05-6445431,dam
N92-6208105,B96-6600523,sire
B95-6427760,B96-6600523,dam
B00-6243597,B02-6106932,sire
B00-6243714,B02-6106932,dam
B02-6432443,B07-6390961,sire
B04-6277729,B07-6390961,dam
B97-6501610,B02-6432443,sire
B00-6372967,B02-6432443,dam
B97-6549507,B07-6143441,sire
B01-6473742,B07-6143441,dam
B93-6095331,B97-6549507,sire
B94-6561649,B97-6549507,dam
B94-6567156,B01-6473742,sire
B98-6495044,B01-6473742,dam
B97-6549507,B06-6416018,sire
B01-6470167,B06-6416018,dam
B95-6282038,B01-6470167,sire
B99-6479272,B01-6470167,dam
B97-6549507,B06-6086604,sire
B01-6470167,B06-6086604,dam
B97-6549507,B05-6304269,sire
B01-6473742,B05-6304269,dam
NL2007-2007621,NL2010-1083069,sire
NL91-2166891,NL02-2383559,sire
NL00-1467724,NL02-2383559,dam
NL93-2733048,NL99-2367641,sire
NL01-1894055,NL99-2367641,dam
NL06-0725175,CHN13-01-563960,sire
B07-3129267,CHN13-01-563960,dam
CHN11-01-1001491,CHN13-01-913331,sire
CHN12-01-999380,CHN13-01-913331,dam
NL01-0135527,NL06-0725175,sire
NL02-0271840,NL06-0725175,dam
B05-3006515,B07-3129267,sire
B02-3185274,B07-3129267,dam
B02-6121088,B09-6130017,sire
B06-6156133,B09-6130017,dam
B99-6381018,B03-6113134,sire
B01-6523348,B03-6113134,dam
B94-6336112,B99-6381018,sire
B97-6162118,B99-6381018,dam
B95-6246005,B01-6523348,sire
B96-6286052,B01-6523348,dam
B04-6177653,NL07-1183431,sire
B02-6175791,NL07-1183431,dam
B98-6085234,B08-6065518,sire
B05-6038424,B08-6065518,dam
B96-6049909,B98-6085234,sire
B94-6388921,B98-6085234,dam
B02-6035319,B05-6038424,sire
B94-6081498,B05-6038424,dam
B04-6177653,NL07-1183432,sire
B02-6175791,NL07-1183432,dam
B08-5049560,B13-5061628,sire
B10-5120015,B13-5061628,dam
B04-5071303,B08-5049560,sire
B04-5071388,B08-5049560,dam
B06-5048411,B10-5120015,sire
NL07-1897803,B10-5120015,dam
B14-6306959,CHN17-01-0704932,sire
B16-6166252,CHN17-01-0704932,dam
B04-6137114,B14-6306959,sire
B05-6092268,B14-6306959,dam
B09-6130017,B16-6166252,sire
B11-6263259,B16-6166252,dam
B04-6177653,NL07-1183428,sire
B02-6175791,NL07-1183428,dam
B11-5140870,B14-2060175,sire
B12-5047095,B14-2060175,dam
NL11-1816863,CHN17-01-1362149,sire
CHN14-01-1218899,CHN17-01-1362149,dam
NL10-3056377,NL11-1816863,sire
NL10-3056344,NL11-1816863,dam
CHN13-01-916118,CHN14-01-1218899,sire
NL07-1183432,CHN14-01-1218899,dam
CHN11-04-757775,CHN13-01-916118,sire
NL07-1183432,CHN13-01-916118,dam
B09-6130017,B14-6300856,sire
B13-6094684,B14-6300856,dam
CHN11-01-629909,CHN12-01-973600,dam
CHN10-60-665000,CHN11-01-629909,sire
CHN09-01-500774,CHN11-01-629909,dam
CHN13-01-916118,CHN14-01-1218844,sire
NL07-1183432,CHN14-01-1218844,dam
CHN12-01-973600,CHN14-01-1218883,dam
CHN14-01-1218844,CHN16-01-11403,sire
B13-5061628,CHN16-01-11403,dam
B14-2060175,CHN17-01-1362150,sire
B14-2060175,CHN16-01-1054979,sire
CHN14-01-1218819,CHN15-01-0480002,dam
AU10-606,CHN14-01-1218819,dam
B14-2060175,CHN16-01-1054982,sire
CHN14-01-1218819,CHN15-01-0480004,dam
B14-2060175,CHN17-01-1362148,sire
B14-2060175,CHN16-01-1054998,sire
B14-2321341,CHN17-01-1362144,sire
CHN16-01-1086070,CHN17-01-1362144,dam
NL08-1621770,B14-2321341,sire
NL13-1308164,B14-2321341,dam
NL07-1430770,CHN09-01-501821,sire
NL07-1183432,CHN09-01-501821,dam
NL97-2524534,NL07-1430770,sire
NL01-1135505,NL07-1430770,dam
CHN09-01-501821,CHN10-01-589966,sire
NL07-1183432,CHN10-01-589966,dam
CHN09-01-501821,CHN10-01-589999,sire
NL07-1183432,CHN10-01-589999,dam
B12-5047081,B15-2198354,sire
B12-5047095,B15-2198354,dam
CHN11-04-757775,CHN12-01-973577,sire
NL07-1183432,CHN12-01-973577,dam
B09-6047528,CHN11-04-757775,sire
DV07-08857-401,CHN11-04-757775,dam
NL99-2308215,DV07-08857-401,sire
NL05-1936842,DV07-08857-401,dam
B08-5049560,B14-2321321,sire
NL08-1621721,B14-2321321,dam
CHN11-04-757775,CHN13-01-916119,sire
NL07-1183432,CHN13-01-916119,dam
B08-5049551,B14-2321345,sire
B07-5130838,B14-2321345,dam
B08-5049560,B15-2198360,sire
NL08-1621721,B15-2198360,dam
CHN14-01-1218886,CHN16-01-0159955,dam
AU10-606,CHN14-01-1218886,dam
CHN14-01-1218886,CHN16-01-0159988,dam
CHN13-01-916118,CHN14-01-1218822,sire
NL07-1183432,CHN14-01-1218822,dam
CHN13-01-916118,CHN14-01-1218877,sire
NL07-1183432,CHN14-01-1218877,dam
CHN13-01-916118,CHN14-01-1218820,sire
NL07-1183432,CHN14-01-1218820,dam
B07-6112307,B10-6164048,sire
B07-6114000,B10-6164048,dam
B09-6130017,B14-6300884,sire
B11-6326454,B14-6300884,dam
B02-6121088,B11-6263011,sire
B06-6156133,B11-6263011,dam
B02-6121088,B13-6094808,sire
B06-6156133,B13-6094808,dam
B09-6130017,B14-6051268,sire
B03-6358232,B14-6051268,dam
B09-6130017,B14-6300937,sire
B03-6358232,B14-6300937,dam
NL07-1183431,CHN15-01-0480022,sire
CHN12-01-973577,CHN15-01-0480022,dam
B09-6130017,B16-6166272,sire
B11-6263259,B16-6166272,dam
NL07-1183431,CHN15-01-0480066,sire
CHN12-01-973577,CHN15-01-0480066,dam
B04-6033334,B14-6095264,sire
B09-6221261,B14-6095264,dam
B98-6085234,B04-6033334,sire
B03-6043374,B04-6033334,dam
B06-6210297,B09-6221261,sire
B07-6207101,B09-6221261,dam
NL07-1183431,CHN16-01-1054941,sire
NL06-1572790,CHN16-01-1054941,dam
NL01-1048316,NL06-1572790,sire
B02-6175791,NL06-1572790,dam
NL07-1183431,CHN16-01-1054971,sire
NL06-1572790,CHN16-01-1054971,dam
B08-6065518,CHN15-01-0480033,sire
B13-5061628,CHN15-01-0480033,dam
NL07-1183431,CHN17-01-0704991,sire
CHN15-01-0480005,CHN17-01-0704991,dam
CHN14-01-1218819,CHN15-01-0480005,dam
NL07-1183431,CHN17-01-0704992,sire
CHN15-01-0480005,CHN17-01-0704992,dam
B08-6065518,CHN15-01-0480100,sire
CHN11-01-614999,CHN15-01-0480100,dam
CHN09-01-501821,CHN11-01-614999,sire
NL07-1183432,CHN11-01-614999,dam
B08-6065518,CHN17-01-0704913,sire
B16-6166251,CHN17-01-0704913,dam
B09-6130017,B16-6166251,sire
B11-6263259,B16-6166251,dam
B08-6065518,CHN17-01-0704968,sire
B16-6166251,CHN17-01-0704968,dam
B08-6065518,CHN17-01-0704969,sire
B16-6166251,CHN17-01-0704969,dam
NL07-1207650,CHN11-04-750869,sire
DV07-08857-401,CHN11-04-750869,dam
NL04-1389690,NL07-1207650,sire
NL04-4784455,NL07-1207650,dam
B04-3099198,B07-6378086,sire
B98-4298129,B07-6378086,dam
CHN16-01-11405,CHN17-01-0704975,dam
B14-2321341,CHN16-01-11405,sire
B14-2321319,CHN16-01-11405,dam
NL08-1621770,B14-2321319,sire
NL13-1308164,B14-2321319,dam
CHN14-01-1218820,CHN16-01-0610117,sire
B14-2321321,CHN16-01-0610117,dam
CHN14-01-1218807,CHN16-01-1335874,sire
B14-2321345,CHN16-01-1335874,dam
NL07-1183431,CHN14-01-1218807,sire
NL06-1572790,CHN14-01-1218807,dam
B12-6298776,CHN16-01-11398,sire
B10-6164048,CHN16-01-11398,dam
B05-6280088,B12-6298776,sire
B10-6224140,B12-6298776,dam
B08-5015256,B11-5006852,sire
B06-5194570,B11-5006852,dam
B16-2283877,B17-5127909,sire
B16-2182048,B17-5127909,dam
B11-3172003,B16-3107137,sire
B13-3031803,B16-3107137,dam
B11-3055262,B13-3031803,sire
B08-3172954,B13-3031803,dam
B11-3008025,C19-01-0886775,dam
B05-3188928,B11-3008025,sire
B10-3163911,B11-3008025,dam
B11-3008413,B12-3050176,sire
B11-3083255,B12-3050176,dam
B09-3128068,B11-3008413,dam
B07-3182013,B08-3172902,sire
B07-3182016,B08-3172902,dam
B97-3221726,B07-3182013,sire
B00-3124016,B07-3182013,dam
B05-5201215,B07-3182016,sire
B07-3182013,B08-3172901,sire
B07-3182016,B08-3172901,dam
B07-3182013,B08-3172987,sire
B07-3182016,B08-3172987,dam
B08-3172821,B12-3162779,sire
B06-3004383,B08-3172944,sire
B06-3131096,B08-3172944,dam
B11-3008153,B16-3107389,sire
B09-3128071,B11-3008153,sire
B09-3127490,B11-3008153,dam
B12-3162870,B13-3031563,sire
B11-3008127,B13-3031563,dam
B07-3008347,B12-3162870,sire
B02-3255938,B12-3162870,dam
B09-3128131,B11-3008127,sire
B04-3178402,B11-3008127,dam
B11-3008025,C19-01-0886776,dam
B11-3008413,B13-3031566,sire
B11-3083255,B13-3031566,dam
B09-3128085,B13-3031971,dam
B06-3004383,B13-3031554,sire
B06-3131096,B13-3031554,dam
B10-2007035,B11-3008433,dam
B10-3100179,B14-3114550,sire
B13-4193744,B14-3114550,dam
B10-2007035,B11-3008434,dam
B06-3004384,B13-3031647,dam
B96-3308008,B06-3004384,sire
B02-3056382,B06-3004384,dam
B05-3192693,B09-3127950,sire
B05-3188726,B09-3127950,dam
B00-3148002,B05-3192693,sire
B00-3124739,B05-3192693,dam
B98-3146806,B05-3188726,sire
B97-3294183,B05-3188726,dam
B08-3055160,B14-3114568,sire
B07-3011001,B14-3114568,dam
B05-3192693,B08-3172857,sire
B05-3188726,B08-3172857,dam
B13-3031570,C19-01-0886644,dam
B08-3172960,B13-3031570,dam
B05-3188726,B08-3172960,dam
B11-3008153,B15-3152028,sire
B13-3031803,B15-3152028,dam
B12-3162779,C18-01-0286867,sire
B11-3008025,B12-3162779,dam
B13-3031741,C15-01-1185911,sire
B12-3169047,C15-01-1185911,dam
B11-3008418,B12-3169047,sire
B10-3163974,B12-3169047,dam
B08-3004467,B14-3114647,sire
B12-3112232,B14-3114647,dam
B06-3131096,B09-3128011,dam
B08-3172902,B12-3050036,sire
B06-3005769,B12-3050036,dam
B98-3146806,B06-3005769,sire
B97-3294183,B06-3005769,dam
B08-3172902,B12-3050028,sire
B09-3127491,B12-3050028,dam
B06-3005719,B09-3127491,sire
B08-3005203,B09-3127491,dam
B11-3011263,B14-3114663,sire
B13-5020779,B14-3114663,dam
B07-3077544,B11-3011263,sire
B06-3004381,B13-3031928,dam
B96-3308008,B06-3004381,sire
B02-3056382,B06-3004381,dam
B09-3128085,B11-3173559,dam
B11-3008434,B13-3031693,dam
B08-3172902,B11-3008434,sire
B06-3004383,B13-3031667,sire
B06-3131096,B13-3031667,dam
B09-3127919,B11-3008108,sire
B09-3128165,B11-3008108,dam
B07-3108722,B09-3127919,sire
B08-3172901,B09-3127919,dam
B03-3056509,B09-3128165,sire
B04-3100865,B09-3128165,dam
B13-3031570,C19-01-0886643,dam
B05-3188897,B13-3031703,sire
B11-3008386,B13-3031703,dam
B02-3027973,B05-3188897,sire
B02-3249938,B05-3188897,dam
B8-3172987,B11-3008386,sire
B09-3187640,B11-3008386,dam
B11-3008428,B13-3031586,sire
B12-3162891,B13-3031586,dam
B08-1548996,B11-3008428,dam
B03-3240765,B12-3162891,sire
B10-3047084,B12-3162891,dam
B08-3172998,B11-3008418,dam
B05-3192692,B10-3163974,sire
B08-1548996,B10-3163974,dam
B13-3031570,C19-01-0886628,dam
B15-3152028,C18-01-0444170,sire
B12-3050176,C18-01-0444170,dam
B06-3005670,B10-3163561,dam
B13-3031741,C15-01-1185918,sire
B12-3169047,C15-01-1185918,dam
B13-3031570,C19-01-0886946,dam
B13-3031567,C19-01-0886656,dam
B11-3008025,C18-01-0286801,dam
B10-3163513,C14-01-1147243,sire
B11-3008420,C14-01-1147243,dam
B09-3021759,B10-3163513,sire
B05-3188835,B10-3163513,dam
B08-3172902,B11-3008420,sire
B08-3172901,B11-3008420,dam
B12-3050036,C14-01-1147254,sire
B13-3031571,C14-01-1147254,dam
B11-3008440,B13-3031571,sire
B12-3050007,B13-3031571,dam
B13-3031552,C16-01-1604208,dam
B09-3128085,B13-3031552,dam
B06-3005670,B09-3128085,dam
B09-3128085,B13-3031551,dam
B07-6258800,C14-01-951902,sire
B12-3050028,C14-01-951902,dam
B00-6548780,B07-6258800,sire
B04-6467302,B07-6258800,dam
C15-01-0013297,C19-01-0886625,sire
C16-01-1583855,C19-01-0886625,dam
B13-3031563,C16-01-1583855,sire
B11-3008434,C16-01-1583855,dam
B08-3172901,C15-01-0013297,dam
B08-3172879,C15-01-0013231,dam
B07-3182014,B08-3172879,sire
B07-3182015,B08-3172879,dam
C15-01-1185911,C16-01-1604221,sire
B13-3031567,C16-01-1604221,dam
B12-3162870,B13-3031564,sire
B11-3008127,B13-3031564,dam
C15-01-0013297,C19-01-0886626,sire
C16-01-1583855,C19-01-0886626,dam
B13-3031703,C17-32-0703236,sire
B12-3050355,C17-32-0703236,dam
B05-3188897,B12-3050355,sire
B06-3005670,B12-3050355,dam
B12-3162753,B13-3031993,dam
B08-3172901,B12-3162753,dam
C16-01-1604208,C19-01-0886855,sire
C16-01-1604396,C19-01-0886855,dam
B11-3008025,C16-01-1604396,dam
B02-3027973,C17-01-1602978,sire
B13-3031663,C17-01-1602978,dam
B00-3124769,B02-3027973,sire
B95-3062847,B02-3027973,dam
B02-3027973,B13-3031663,sire
B05-3188782,B13-3031663,dam
C16-01-1604395,C17-01-1602815,sire
B11-3008025,C16-01-1604395,dam
B11-3008433,C19-01-0886766,sire
B12-3050136,C19-01-0886766,dam
NL08-1548954,B12-3050136,sire
B06-3004384,B12-3050136,dam
B09-3187647,B13-3031580,sire
B11-3008317,B13-3031580,dam
B99-3020065,B09-3187647,sire
NL08-1548996,B09-3187647,dam
B08-3172856,B11-3008317,sire
B08-3172836,B11-3008317,dam
B12-3050012,B13-3031573,sire
B09-3187642,B13-3031573,dam
B13-3031993,C14-01-1238178,dam
B09-3127950,B13-3031993,sire
B11-3008433,C18-01-0444151,sire
B12-3050136,C18-01-0444151,dam
B12-3050012,B13-3031736,sire
B08-3172879,B13-3031736,dam
B13-3031928,C19-01-0886859,sire
B11-3008025,C16-01-1604319,dam
B11-3008433,C18-01-0286837,sire
B12-3050136,C18-01-0286837,dam
B13-3031703,C19-01-0886616,sire
C17-01-1602998,C19-01-0886616,dam
C15-01-1185911,C17-01-1602998,sire
B13-3031567,C17-01-1602998,dam
B11-3008433,C18-01-0286855,sire
B12-3050136,C18-01-0286855,dam
C16-01-1604308,C19-01-0886612,sire
C16-01-1604319,C19-01-0886612,dam
B13-3031703,C19-01-0886668,sire
C17-01-1602998,C19-01-0886668,dam
B11-3008433,C18-01-0286856,sire
B12-3050136,C18-01-0286856,dam
B13-3031703,C19-01-0886608,sire
B13-3031564,C19-01-0886608,dam
C15-01-1185911,C19-01-1104813,sire
B13-3031567,C19-01-1104813,dam
C17-01-1602928,C19-01-1101812,sire
C16-01-1604221,C19-01-1101812,dam
C16-01-1604308,C17-01-1602928,sire
C16-01-1583805,C19-01-0886837,sire
C15-0013231,C19-01-0886837,dam
B12-3050036,C16-01-1583805,sire
C15-01-0013236,C16-01-1583805,dam
B08-3172879,C15-0013231,dam
B13-3031703,C19-01-0886747,sire
B13-3031557,C19-01-0886747,dam
B12-3162754,B13-3031557,sire
B11-3008404,B13-3031557,dam
B11-3008433,C17-01-1602885,sire
B13-3031570,C17-01-1602885,dam
B13-3031552,C19-01-0886808,dam
B11-3008433,C17-01-1602975,sire
B13-3031570,C17-01-1602975,dam
B11-3008433,C19-01-0886868,sire
B12-3050136,C19-01-0886868,dam
B11-3008433,C18-01-0286986,sire
B12-3050136,C18-01-0286986,dam
B11-3008433,C18-01-0286838,sire
B12-3050136,C18-01-0286838,dam
B13-3031563,C16-01-1604247,sire
B11-3008434,C16-01-1604247,dam
B96-3306301,B11-3066298,sire
B02-3069864,B11-3066298,dam
B96-3019501,B08-3126115,sire
B02-3069911,B08-3126115,dam
B02-3069776,B09-3131251,sire
B02-3069836,B09-3131251,dam
B08-3123250,B10-3176107,sire
B07-3111500,B10-3176107,dam
B98-3013162,B09-3131258,sire
B04-3173462,B09-3131258,dam
B02-3069776,B11-3066355,sire
B06-3175954,B11-3066355,dam
B08-4356250,NL09-2080099,sire
NL07-1457362,NL09-2080099,dam
NL02-0271845,B08-4356250,sire
NL07-1936839,B08-4356250,dam
B00-5160743,NL07-1457362,sire
NL06-1520270,NL07-1457362,dam
B09-3131251,CHN2011-01-143682,sire
B08-3126115,CHN2011-01-143682,dam
B02-3069952,B08-3126099,sire
B98-3013259,B08-3126099,dam
B05-3182278,B08-3126145,sire
B00-3046702,B08-3126145,dam
CHN2010-01-007094,CHN2011-01-492292,sire
B05-3182151,CHN10-01-414583,sire
B08-3126281,CHN10-01-414583,dam
B06-3175937,B09-3131045,sire
B06-3069836,B09-3131045,dam
B03-3217073,B11-3066345,sire
B07-3111485,B11-3066345,dam
NL08-1185365,NL09-2080091,sire
NL08-2129688,NL09-2080091,dam
B07-4373372,NL08-1185365,sire
NL07-2107540,NL08-2129688,sire
NL07-1459116,NL08-2129688,dam
B03-3217073,B11-3066346,sire
B07-3111485,B11-3066346,dam
B96-3019839,B11-3066333,sire
B04-3173462,B11-3066333,dam
NL08-1187177,NL09-1916682,sire
NL07-1459141,NL09-1916682,dam
B07-4373372,NL08-1187177,sire
B00-5160743,NL07-1459141,sire
NL06-1520270,NL07-1459141,dam
B00-3046679,B11-3066314,sire
B06-3175954,B11-3066314,dam
B03-3128809,B09-3131042,sire
B02-3069911,B09-3131042,dam
B02-3069776,B11-3066357,sire
B06-3175954,B11-3066357,dam
B02-3069840,B07-3201455,sire
B00-3046639,B07-3201455,dam
B05-3182278,B08-3126146,sire
B01-3039321,B08-3126146,dam
B03-3217068,B11-3066351,sire
B00-3046679,B10-3176087,sire
B06-3175911,B10-3176087,dam
B03-3228890,B11-3066336,sire
B02-3069911,B11-3066336,dam
B96-3306301,B11-3066294,sire
B07-3201441,B11-3066294,dam
B98-3013162,B08-3126228,sire
B03-3128978,B08-3126228,dam
B01-3039398,B08-3126101,sire
B00-3046596,B08-3126101,dam
B95-3303063,B08-3126007,sire
B01-3039281,B08-3126007,dam
B02-3069840,B07-3201472,sire
B02-3069636,B07-3201472,dam
B10-6297742,B12-6023397,sire
B09-2035886,B12-6023397,dam
B03-6086300,B10-6297742,sire
B05-6453372,B10-6297742,dam
B05-2079799,B09-2035886,sire
B04-6307259,B09-2035886,dam
BE06-2147500,B12-2035706,dam
BE05-2266436,BE06-2147500,dam
B12-4287499,B14-4234342,sire
B13-4186089,B14-4234342,dam
BELG2012-3162831,B13-4186089,sire
BELG2011-4291462,B13-4186089,dam
NL01-0135527,CHN12-01-179003,sire
CHN11-01-003014,CHN12-01-179003,dam
NL99-9972196,NL01-0135527,sire
NL95-9546887,NL01-0135527,dam
NL05-0566475,CHN11-01-003014,sire
NL05-0566494,CHN11-01-003014,dam
BE06-2147479,B11-2070535,sire
BE05-2266436,BE06-2147479,dam
B13-4288444,B2016-4249214,sire
B13-4169107,B2016-4249214,dam
B2010-6204348,CHN2015-01-0694815,sire
B94-6214211,B2004-6276745,sire
B88-6318694,B94-6214211,sire
B81-6463237,B94-6214211,dam
B10-4316308,B2016-4254707,sire
B12-4310468,B2016-4254707,dam
CHN2017-01-1118212,CHN2018-01-0996676,sire
CHN2013-01-462399,CHN2018-01-0996676,dam
B11-6174516,CHN2017-01-1118212,sire
B11-6177331,CHN2017-01-1118212,dam
B2010-6204348,CHN2017-01-0972976,sire
CHN2015-01-0694878,CHN2017-01-0972976,dam
B06-6086604,B2011-6174516,sire
B04-6121232,B2011-6174516,dam
B2004-6276745,CHN2010-01-926165,sire
CHN2009-06-055848,CHN2010-01-926165,dam
B2010-6204348,CHN2015-01-0690689,sire
B14-4007055,B2016-4108378,sire
B09-4259012,B2016-4108378,dam
B06-6086604,B2011-6177331,sire
B08-6112844,B2011-6177331,dam
B2004-6276745,CHN2008-01-543509,sire
CHN2007-01-158077,CHN2008-01-543509,dam
CHN2016-01-1323228,CHN2017-01-0348924,sire
B16-6020193,CHN2017-01-0348924,dam
B05-4118160,B2016-4108320,sire
B09-4259012,B2016-4108320,dam
B11-6174516,CHN2013-01-858017,sire
CHN2012-01-858135,CHN2013-01-858017,dam
B2004-6276745,CHN2009-01-353524,sire
CHN2007-01-158141,CHN2009-01-353524,dam
B2010-6030181,B2018-6060260,sire
B2010-6030068,B2018-6060260,dam
B2001-6351574,B2010-6030181,sire
B2002-6186032,B2010-6030181,dam
B2008-6176863,B2010-6030068,sire
B2003-6250293,B2010-6030068,dam
B11-6174516,B2013-6220851,sire
B11-6177331,B2013-6220851,dam
B2004-6276745,CHN2014-01-1268860,sire
CHN2013-01-081041,CHN2014-01-1268860,dam
B11-6174516,CHN2014-01-1268808,sire
B11-6177331,CHN2014-01-1268808,dam
B2004-6276745,CHN2012-01-858132,sire
CHN2007-01-158077,CHN2012-01-858132,dam
B11-6174516,CHN2013-01-858012,sire
CHN2012-01-858135,CHN2013-01-858012,dam
B2004-6276745,CHN2011-01-131121,sire
CHN2007-01-158141,CHN2011-01-131121,dam
B11-6174516,CHN2016-01-0918822,sire
CHN2009-01-650670,CHN2016-01-0918822,dam
B2004-6276745,CHN2011-01-131122,sire
CHN2007-01-158141,CHN2011-01-131122,dam
B11-6174516,CHN2016-01-0918856,sire
CHN2009-01-650670,CHN2016-01-0918856,dam
B2004-6276745,CHN2009-01-985976,sire
CHN2007-01-158141,CHN2009-01-985976,dam
B11-6174516,CHN2016-01-0918803,sire
CHN2009-01-650670,CHN2016-01-0918803,dam
B2004-6276745,CHN2011-01-131132,sire
CHN2007-01-158141,CHN2011-01-131132,dam
B11-6174516,CHN2017-01-1118211,sire
B11-6177331,CHN2017-01-1118211,dam
B2004-6276745,CHN2009-01-985978,sire
CHN2007-01-158141,CHN2009-01-985978,dam
B2004-6276745,CHN2012-01-858168,sire
CHN2011-01-134845,CHN2012-01-858168,dam
B11-6174516,CHN2018-01-0996602,sire
B11-6177331,CHN2018-01-0996602,dam
B11-6174516,CHN2018-01-1218811,sire
B11-6177331,CHN2018-01-1218811,dam
B11-6174516,CHN2018-01-1218812,sire
B11-6177331,CHN2018-01-1218812,dam
B11-6174516,CHN2018-01-0996651,sire
B11-6177331,CHN2018-01-0996651,dam
B11-6174516,CHN2018-01-1218893,sire
B11-6177331,CHN2018-01-1218893,dam
B11-6174516,CHN2018-01-0996652,sire
B11-6177331,CHN2018-01-0996652,dam
B11-6174516,CHN2018-01-0996613,sire
B11-6177331,CHN2018-01-0996613,dam
B11-6174516,CHN2018-01-0996601,sire
B11-6177331,CHN2018-01-0996601,dam
CHN2017-01-1118212,CHN2018-01-0996675,sire
CHN2013-01-462399,CHN2018-01-0996675,dam
CHN2017-01-1118212,CHN2018-01-1500900,sire
CHN2013-01-462399,CHN2018-01-1500900,dam
CHN2013-01-858017,CHN2014-01-1268857,sire
CHN2009-01-650670,CHN2014-01-1268857,dam
B2013-6220851,CHN2017-01-0642907,sire
CHN2013-01-462399,CHN2017-01-0642907,dam
B2013-6220851,CHN2016-01-0918831,sire
CHN2013-01-462399,CHN2016-01-0918831,dam
B2013-6220851,CHN2017-01-1221550,sire
CHN2013-01-462399,CHN2017-01-1221550,dam
CHN2016-01-0918803,CHN2018-01-1603630,sire
CHN2016-01-0918803,CHN2018-01-1603629,sire
CHN2013-01-858017,CHN2018-01-1603621,sire
CHN2017-03-0023773,CHN2018-01-1603621,dam
CHN2016-01-0918803,CHN2018-01-1500899,sire
CHN2013-01-858017,CHN2018-01-1500896,sire
CHN2017-03-0023773,CHN2018-01-1500896,dam
CHN2013-01-462400,CHN2018-01-1218881,sire
CHN2016-01-0918831,CHN2018-01-1218881,dam
CHN2013-01-858017,CHH2018-01-1218814,sire
CHN2017-03-0023773,CHH2018-01-1218814,dam
CHN2013-01-858017,CHN2018-01-1218813,sire
CHN2017-03-0023773,CHN2018-01-1218813,dam
CHN2014-01-1268808,CHN2018-01-0996606,sire
CHN2016-01-0918808,CHN2018-01-0996606,dam
CHN2014-01-1268808,CHN2018-01-0996605,sire
CHN2016-01-0918808,CHN2018-01-0996605,dam
B11-6225599,CHN2017-01-1225576,sire
CHN2014-01-1268838,CHN2017-01-1225576,dam
CHN2017-01-0665179,CHN2018-01-1603628,dam
CHN2016-01-0918856,CHN2018-01-1500894,sire
CHN2016-01-0918880,CHN2018-01-1500894,dam
CHN2017-01-0972976,CHN2018-01-1500892,sire
CHN2016-01-0918831,CHN2018-01-1500892,dam
CHN2017-01-1118211,CHN2018-01-1218863,sire
CHN2017-01-0642901,CHN2018-01-1218863,dam
B2016-4249214,CHH2018-01-1218861,sire
CHN2017-03-0023773,CHH2018-01-1218861,dam
CHN2016-03-0861542,CHN2018-01-0996694,sire
B2016-4254707,CHN2018-01-0996694,dam
CHN2017-01-0972976,CHN2018-01-0996688,sire
B2016-4254707,CHN2018-01-0996688,dam
CHN2017-01-0972976,CHN2018-01-0996687,sire
B2016-4254707,CHN2018-01-0996687,dam
CHN2016-03-0861542,CHN2018-01-0996686,sire
CHN2017-01-1118138,CHN2018-01-0996686,dam
CHN2017-01-1118211,CHN2018-01-0996682,sire
CHN2017-01-0642901,CHN2018-01-0996682,dam
CHN2017-01-1118211,CHN2018-01-0996681,sire
CHN2017-01-0642901,CHN2018-01-0996681,dam
CHN2016-03-0861542,CHN2018-01-0996672,sire
CHN2017-01-1118138,CHN2018-01-0996672,dam
CHN2014-01-1268808,CHN2018-01-0996654,sire
CHN2016-01-0918808,CHN2018-01-0996654,dam
CHN2017-01-0642907,CHN2018-01-0130830,sire
CHN2015-01-0688790,CHN2018-01-0130830,dam
B11-6225599,CHN2018-01-0130825,sire
CHN2013-01-858012,CHN2018-01-0130825,dam
BE10-5025578,BE14-2048151,sire
BE12-5057101,BE14-2048151,dam
BE07-5116243,BE10-5025578,sire
BE05-5162133,BE10-5025578,dam
BE10-5110061,BE12-5057101,sire
BE10-5110032,BE12-5057101,dam
BE08-2036136,BE16-2049086,sire
BE13-2008120,BE16-2049086,dam
BE02-6256199,BE08-2036136,sire
BE04-2279207,BE08-2036136,dam
BE10-3047276,BE13-2008120,sire
BE09-2207343,BE13-2008120,dam
BE08-6031121,BE17-6057266,sire
BE11-6126059,BE17-6057266,dam
BE06-6034891,BE08-6031121,sire
BE03-6257209,BE08-6031121,dam
BE07-6398151,BE11-6126059,sire
BE05-6217616,BE11-6126059,dam
BE06-3008003,BE18-3067398,sire
NL14-1499725,BE18-3067398,dam
BE00-3195099,BE06-3008003,dam
NL08-1353907,NL14-1499725,sire
NL06-1099749,NL14-1499725,dam
B08-3096552,B11-3026498,sire
B10-3145864,B11-3026498,dam
B06-3190741,B12-3044635,sire
B03-3008084,B12-3044635,dam
BE08-4216084,BE12-4048080,sire
BE10-4128077,BE12-4048080,dam
BE98-6335690,BE09-6358797,sire
BE04-6307341,BE09-6358797,dam
BE92-6235626,BE98-6335690,sire
BE96-6404318,BE98-6335690,dam
BE03-6257098,BE04-6307341,sire
BE03-6150214,BE04-6307341,dam
NL08-2048857,BE09-6269363,sire
BE06-6410611,BE09-6269363,dam
NL98-5821470,NL08-2048857,sire
NL02-2173518,NL08-2048857,dam
BE04-6470912,BE06-6410611,sire
BE03-6032897,BE06-6410611,dam
NL08-2048857,B09-6269363,sire
B06-6410611,B09-6269363,dam
CHN09-01-891009,CHN12-01-179186,sire
NL08-1368163,CHN12-01-179186,dam
NL04-5430458,CHN09-01-891009,sire
BE05-6337096,CHN09-01-891009,dam
NL07-1644107,NL08-1368163,sire
NL07-1644108,NL08-1368163,dam
BE07-4373753,BE08-4355579,sire
BE07-4373751,BE08-4355579,dam
BE02-4333378,BE07-4373753,sire
BE99-4365061,BE07-4373753,dam
BE97-4263065,BE07-4373751,sire
BE03-4316043,BE07-4373751,dam
BE99-5000704,BE09-5052386,sire
BE06-4112378,BE09-5052386,dam
BE96-4603915,BE99-5000704,sire
BE95-4628426,BE99-5000704,dam
B00-4065892,BE06-4112378,sire
B03-4146313,BE06-4112378,dam
NL94-9410369,NL02-0271866,sire
NL97-9779802,NL02-0271866,dam
BE09-5110352,BE11-9065429,sire
BE09-6111726,BE11-9065429,dam
BE08-5068219,BE09-5110352,sire
BE06-5100977,BE09-5110352,dam
BE02-6183083,BE09-6111726,sire
BE07-6033018,BE09-6111726,dam
NL97-2253103,NL04-1389381,sire
NL97-2252940,NL04-1389381,dam
NL88-2763998,NL97-2253103,sire
B96-6286060,NL97-2253103,dam
NL92-53103641995,NL97-2252940,sire
NL96-8022870,NL97-2252940,dam
BE03-4290095,BE07-2135143,sire
BE00-4065848,BE03-4290095,sire
BE01-4489665,BE03-4290095,dam
BE12-2035722,BE17-2017008,sire
BE12-2038172,BE17-2017008,dam
BE07-2051430,BE12-2035722,sire
BE07-2051404,BE12-2035722,dam
BE11-2205722,BE12-2038172,sire
BE11-2205656,BE12-2038172,dam
BE06-3008003,BE13-3056197,sire
BE09-3095175,BE13-3056197,dam
BE08-4216998,BE14-4059967,sire
BE12-6130806,BE14-4059967,dam
BE03-4329022,BE08-4216998,sire
BE03-4328989,BE08-4216998,dam
BE11-6126193,BE12-6130806,sire
BE10-5181255,BE12-6130806,dam
BE08-3035063,BE11-4245867,sire
BE09-4280758,BE11-4245867,dam
BE99-6340961,BE08-3035063,sire
BE03-6381698,BE08-3035063,dam
BE08-4281576,BE09-4280758,sire
BE08-4281517,BE09-4280758,dam
NL07-1936831,CHN11-01-1000254,sire
NL02-0271866,CHN11-01-1000254,dam
NL03-0375941,NL07-1936831,sire
NL02-0271840,NL07-1936831,dam
BE06-4382485,BE07-4154067,sire
BE06-4382489,BE07-4154067,dam
BE03-4453787,BE06-4382485,sire
BE05-4130439,BE06-4382485,dam
BE00-4509118,BE06-4382489,sire
BE04-4019957,BE06-4382489,dam
BE99-5000704,BE07-5060234,sire
BE06-4112378,BE07-5060234,dam
NL04-0452342,NL05-5531820,sire
NL04-0433823,NL05-5531820,dam
NL97-9779784,NL04-0452342,sire
NL00-0040383,NL04-0452342,dam
NL01-0179465,NL04-0433823,sire
NL01-0179459,NL04-0433823,dam
BE12-6226790,CHN14-00890,dam
BE05-6045474,BE12-6226790,sire
BE09-6356741,BE12-6226790,dam
BE09-5110352,BE11-9065428,sire
BE09-6111726,BE11-9065428,dam
BE10-5025578,BE14-2048244,sire
BE12-5057101,BE14-2048244,dam
NL99-1585526,NL07-1180515,sire
NL02-2373103,NL07-1180515,dam
NL97-2253103,NL99-1585526,sire
NL97-2252940,NL99-1585526,dam
NL98-5821416,NL02-2373103,sire
BE98-6411726,NL02-2373103,dam
BE05-6052111,BE12-6042515,sire
BE05-4323802,BE12-6042515,dam
BE03-6460062,BE05-6052111,sire
BE98-6185637,BE05-6052111,dam
BE03-4329022,BE05-4323802,sire
BE03-4328989,BE05-4323802,dam
BE12-3088052,BE14-3067004,sire
BE10-9039333,BE14-3067004,dam
BE06-3008003,BE12-3088052,sire
BE09-4280727,BE12-3088052,dam
BE06-2178778,BE10-9039333,sire
BE09-6111726,BE10-9039333,dam
CHN16-03358,CHN18-00-B008669,sire
CHN17-00-2003100,CHN18-00-B008669,dam
B14-1073383,CHN16-03358,sire
B14-3090099,CHN16-03358,dam
CHN16-05036,CHN17-00-2003100,sire
BE10-3161456,BE13-3076166,sire
BE09-4189887,BE13-3076166,dam
BE98-3158009,BE10-3161456,sire
BE06-3159447,BE10-3161456,dam
BE08-4216930,BE09-4189887,sire
BE08-4216906,BE09-4189887,dam
BE07-3034700,BE15-4146095,sire
BE09-4338105,BE15-4146095,dam
BE04-3069721,BE07-3034700,dam
BE05-4325774,BE09-4338105,sire
BE12-3050299,BE15-3050641,sire
BE12-3112415,BE15-3050641,dam
BE05-3188928,BE12-3050299,sire
NL08-1548996,BE12-3050299,dam
BE10-3100127,BE12-3112415,sire
BE09-3129719,BE12-3112415,dam
BE00-3148002,BE05-3188928,sire
BE02-3056382,BE05-3188928,dam
NL01-2386190,NL08-1548996,sire
NL03-5301440,NL08-1548996,dam
BE98-6335690,BE09-6111719,sire
BE08-6259169,BE09-6111719,dam
BE05-6054295,BE08-6259169,sire
BE05-6054214,BE08-6259169,dam
BE06-6212508,CHN07-01-402442,sire
NL05-1625467,CHN07-01-402442,dam
BE03-6095358,BE06-6212508,sire
BE05-6170855,BE06-6212508,dam
NL94-1812938,NL05-1625467,sire
NL00-0092192,NL05-1625467,dam
B06-5150283,BE07-5080547,dam
B93-5010001,B06-5150283,sire
B92-5335457,B06-5150283,dam
BE09-5052387,BE11-4097054,sire
BE10-2007035,BE11-4097054,dam
BE99-5000704,BE09-5052387,sire
BE06-4112378,BE09-5052387,dam
BE07-5100921,BE10-2007035,sire
BE09-5183351,BE10-2007035,dam
NL93-1125375,NL02-0271840,sire
NL00-0077729,NL02-0271840,dam
BE09-6107016,BE12-6130672,sire
BE06-6148211,BE12-6130672,dam
BE05-6054296,BE09-6107016,sire
BE02-6330844,BE09-6107016,dam
BE03-6192634,BE06-6148211,sire
BE04-6073696,BE06-6148211,dam
B07-6077405,BE08-6370949,sire
B07-6077403,BE08-6370949,dam
BE10-6025212,BE14-6082129,sire
BE11-6140878,BE14-6082129,dam
BE03-6045289,BE10-6025212,sire
BE08-6259518,BE10-6025212,dam
BE08-6130436,BE11-6140878,sire
BE09-6217202,BE11-6140878,dam
NL01-0179448,CHN08-01-063542,sire
NL02-0271866,CHN08-01-063542,dam
NL95-9545408,NL01-0179448,sire
NL94-9453553,NL01-0179448,dam
BE07-9023007,BE11-9065108,sire
BE08-4003770,BE11-9065108,dam
BE99-912811,BE07-9023007,sire
BE01-9040072,BE07-9023007,dam
BE04-4275938,BE08-4003770,sire
BE03-4290001,BE08-4003770,dam
BE91-4261261,BE06-4112056,sire
BE04-4277026,BE06-4112056,dam
BE90-4002911,BE91-4261261,sire
BE90-4002926,BE91-4261261,dam
BE91-4261261,BE04-4277026,sire
BE01-4383337,BE04-4277026,dam
NL04-5435151,NL08-2020822,sire
NL05-1909293,NL08-2020822,dam
NL99-1585505,NL04-5435151,sire
NL00-1122178,NL04-5435151,dam
NL02-5255446,NL05-1909293,sire
BE00-6367184,NL05-1909293,dam
BE07-4100040,BE08-4061050,sire
BE05-4402403,BE08-4061050,dam
BE05-4033597,BE07-4100040,sire
BE06-4105014,BE07-4100040,dam
BE03-4290083,BE05-4402403,dam
BE12-3088052,BE15-3150700,sire
BE10-9039333,BE15-3150700,dam
NL03-0375941,NL08-1660056,sire
NL02-0271883,NL08-1660056,dam
NL94-9410369,NL03-0375941,sire
NL02-0271883,NL03-0375941,dam
NL93-1125375,NL02-0271883,sire
NL99-9964496,NL02-0271883,dam
NL01-0135527,NL05-0566475,sire
NL04-0433823,NL05-0566475,dam
BE09-5052387,BE13-4176421,sire
BE03-6415299,BE13-4176421,dam
BE92-6376991,BE03-6415299,sire
NL13-1585152,NL14-1493314,sire
NL10-1145469,NL14-1493314,dam
NL11-1159868,NL13-1585152,sire
NL08-2020821,NL13-1585152,dam
NL04-1422964,NL10-1145469,sire
NL06-1597470,NL10-1145469,dam
NL06-0725175,CHN10-01-966998,sire
NL02-0271866,CHN10-01-966998,dam
NL03-0375941,NL08-3821979,sire
NL02-0271883,NL08-3821979,dam
BE10-5025578,BE14-2048245,sire
BE12-5057101,BE14-2048245,dam
BE09-3135331,BE14-3004582,sire
BE09-3127246,BE14-3004582,dam
BE04-3176837,BE09-3135331,sire
BE02-3016467,BE09-3135331,dam
BE08-3067198,BE09-3127246,sire
BE04-3081015,BE09-3127246,dam
CHN07-01-402442,CHN13-01-913336,sire
BE11-5007170,CHN13-01-913336,dam
BE10-5160513,BE11-5007170,sire
BE10-5160509,BE11-5007170,dam
NL08-5818412,NL09-2094261,sire
NL08-2020821,NL09-2094261,dam
NL06-5624027,NL08-5818412,sire
NL05-3185035,NL08-5818412,dam
NL04-5435151,NL08-2020821,sire
NL05-1909293,NL08-2020821,dam
BE05-6054295,BE12-6042510,sire
BE05-6054214,BE12-6042510,dam
BE02-6354241,BE05-6054295,sire
BE98-6185637,BE05-6054295,dam
BE95-6278009,BE05-6054214,sire
DV09-01274-593,BE17-2005110,sire
BE14-2151245,BE17-2005110,dam
BE06-6410617,DV09-01274-593,sire
DV04-1274-1241,DV09-01274-593,dam
BE09-2230737,BE14-2151245,sire
BE09-2230725,BE14-2151245,dam
BE15-2162251,BE17-2017147,sire
BE14-2170033,BE17-2017147,dam
BE13-2110231,BE15-2162251,sire
BE07-5100751,BE15-2162251,dam
BE06-2147490,BE14-2170033,sire
BE12-3088217,BE14-2170033,dam
BE09-4188093,BE15-4168931,sire
BE09-4189935,BE15-4168931,dam
BE03-4329022,BE09-4188093,sire
BE04-4138987,BE09-4188093,dam
B04-4138100,BE09-4189935,sire
BE12-3088052,BE14-3155898,sire
BE04-3069721,BE14-3155898,dam
BE98-3158062,BE04-3069721,sire
BE99-3103770,BE04-3069721,dam
BE07-3199958,BE14-3129079,sire
BE13-3135038,BE14-3129079,dam
BE10-3020860,BE13-3158800,sire
BE10-3155220,BE13-3158800,dam
BE07-6398151,BE14-6030070,sire
BE13-6070826,BE14-6030070,dam
BE06-6406068,BE07-6398151,sire
BE04-6399469,BE07-6398151,dam
BE09-6107016,BE13-6070826,sire
NL09-1647172,BE13-6070826,dam
BE09-5110352,BE14-1053131,sire
BE09-6111726,BE14-1053131,dam
BE98-4277144,BE06-4112127,sire
BE01-4383206,BE06-4112127,dam
BE92-4155506,BE98-4277144,sire
B94-4614652,BE98-4277144,dam
BE94-4407204,BE01-4383206,sire
BE96-4574701,BE01-4383206,dam
B02-5065272,BE07-5193875,dam
B90-5335977,B02-5065272,sire
B97-5204431,B02-5065272,dam
B09-4139190,CHN12-01-179903,sire
NL02-0271866,CHN12-01-179903,dam
NL03-0375941,B09-4139190,sire
NL05-0547397,B09-4139190,dam
NL99-9909042,NL05-0547397,sire
NL04-0428849,NL05-0547397,dam
NL02-0271822,NL05-0566494,sire
NL02-0271839,NL05-0566494,dam
BE11-6119144,BE12-6023320,sire
BE08-6177698,BE11-6119144,sire
BE10-6163823,BE11-6119144,dam
NL00-1211086,CHN10-01-966857,sire
NL03-2324428,CHN10-01-966857,dam
NL98-5821416,NL00-1211086,sire
NL99-5971339,NL00-1211086,dam
NL02-5241328,NL03-2324428,sire
NL98-5821450,NL03-2324428,dam
NL99-2308215,DV08857-08-5,sire
NL03-1038643,DV08857-08-5,dam
NL98-5821416,NL99-2308215,sire
NL95-1091674,NL99-2308215,dam
BE06-6410698,BE08-6372812,sire
BE07-6043939,BE08-6372812,dam
BE98-6110722,BE06-6410698,sire
BE02-6049374,BE06-6410698,dam
BE02-6113220,BE07-6043939,sire
BE03-6192776,BE07-6043939,dam
BE11-5047121,BE12-5057315,sire
BE09-5000214,BE12-5057315,dam
BE09-5026965,BE11-5047121,sire
BE09-5026800,BE11-5047121,dam
BE07-5116286,BE09-5000214,sire
BE07-5116278,BE09-5000214,dam
BE07-5035394,BE09-5026965,sire
BE07-5195006,BE09-5026965,dam
BE08-5040331,BE09-5026800,sire
BE97-6499255,BE09-5026800,dam
BE09-3135331,BE15-3006123,sire
BE09-3127246,BE15-3006123,dam
BE03-6460062,BE14-4215664,sire
BE10-9039333,BE14-4215664,dam
BE94-6366891,BE03-6460062,sire
BE00-6301617,BE03-6460062,dam
BE13-3056024,BE14-3053860,sire
BE13-4186089,BE14-3053860,dam
BE06-3008003,BE13-3056024,sire
BE09-3095175,BE13-3056024,dam
BE12-3162831,BE13-4186089,sire
BE11-4291462,BE13-4186089,dam
BE09-3065897,BE11-3171256,sire
BE05-3227036,BE11-3171256,dam
BE10-3183695,BE12-3032544,sire
BE05-3064128,BE12-3032544,dam
NL08-3857042,CHN11-01-1001491,sire
B09-6219376,CHN11-01-1001491,dam
NL03-0375941,NL08-3857042,sire
NL05-0547397,NL08-3857042,dam
B07-6060416,B09-6219376,sire
B07-6060467,B09-6219376,dam
NL01-0135527,CHN12-01-179005,sire
CHN11-01-003014,CHN12-01-179005,dam
B07-6060416,BE09-6219376,sire
B07-6060467,BE09-6219376,dam
B04-6303936,B07-6060416,sire
B05-6166391,B07-6060416,dam
B01-6224005,B07-6060467,sire
B01-6095777,B07-6060467,dam
BE09-5052387,BE13-4176442,sire
BE08-5168991,BE13-4176442,dam
BE01-6182211,BE08-5168991,sire
NL07-1052405,BE08-5168991,dam
CHN07-01-402442,CHN12-01-179101,sire
NL05-1625467,CHN12-01-179101,dam
BE10-5160513,NL05-1625467,sire
BE10-5160509,NL05-1625467,dam
CHN14-04060,CHN16-05003,dam
CHN11-01-1001491,CHN14-04060,sire
CHN12-01-178915,CHN14-04060,dam
NL02-5255446,NL11-1159868,sire
NL08-2020821,NL11-1159868,dam
NL99-1585526,NL08-2020821,sire
NL97-5700643,NL08-2020821,dam
BE03-6460062,BE16-6033657,sire
BE14-6174075,BE16-6033657,dam
BE10-6143302,BE14-6174075,sire
BE08-6259143,BE14-6174075,dam
BE07-4216994,BE15-4168953,sire
BE07-4372474,BE15-4168953,dam
BE01-4237419,BE07-4216994,sire
BE02-4428040,BE07-4216994,dam
BE01-4237509,BE07-4372474,sire
BE02-3228815,BE07-4372474,dam
BE13-3056024,BE14-3053859,sire
BE13-4186089,BE14-3053859,dam
BE10-3177880,BE14-3049868,sire
BE10-4239534,BE14-3049868,dam
BE06-3057841,BE10-3177880,sire
BE04-3066697,BE10-3177880,dam
BE06-4247115,BE10-4239534,sire
BE09-4138780,BE10-4239534,dam
BE12-6326760,NL14-1084178,sire
NL09-1184366,NL14-1084178,dam
BE07-6399396,BE12-6326760,sire
BE07-6369527,BE12-6326760,dam
BE07-6367817,NL09-1184366,sire
BE07-6367856,NL09-1184366,dam
BE09-5052387,BE13-4176453,sire
NL06-0725175,CHN12-01-999380,sire
B10-2007035,CHN12-01-999380,dam
B07-5100921,B10-2007035,sire
B09-5183351,B10-2007035,dam
BE09-2100699,BE14-1125414,sire
B12-8020049,BE14-1125414,dam
BE05-3056993,BE09-2100699,sire
BE05-3006867,BE09-2100699,dam
B09-8021170,B12-8020049,sire
B10-2007101,B12-8020049,dam
BE09-2026906,BE10-2135076,sire
BE05-4130443,BE09-2026906,sire
BE07-2135301,BE09-2026906,dam
BE04-5065642,BE11-4097042,sire
BE03-6415299,BE11-4097042,dam
B94-4407032,BE04-5065642,sire
BE03-5241862,BE04-5065642,dam
BE93-6444393,BE03-6415299,dam
B99-4393519,NL07-1207430,sire
NL04-1389613,NL07-1207430,dam
B94-4407032,B99-4393519,sire
B98-4184712,B99-4393519,dam
NL98-5821416,NL04-1389613,sire
NL00-5063949,NL04-1389613,dam
BE09-6111726,BE11-9079500,dam
BE05-2079799,BE09-2035886,sire
BE04-6307259,BE09-2035886,dam
B04-2029292,BE05-2079799,sire
B00-2047531,BE05-2079799,dam
BE98-6335690,BE04-6307259,sire
BE97-6407575,BE04-6307259,dam
BE97-4263065,BE07-4138801,sire
BE03-4316043,BE07-4138801,dam
BE95-4148261,BE97-4263065,sire
BE95-4148210,BE97-4263065,dam
BE91-4261261,BE03-4316043,sire
BE02-4333309,BE03-4316043,dam
BE09-5026965,BE13-5008236,sire
BE09-5026800,BE13-5008236,dam
BE11-4220607,BE13-5108675,sire
BE12-5034527,BE13-5108675,dam
BE07-4029004,BE11-4220607,sire
BE08-4231159,BE11-4220607,dam
BE01-6182211,BE12-5034527,sire
BE11-5134476,BE12-5034527,dam
BE09-3135331,BE15-3006216,sire
BE09-3127246,BE15-3006216,dam
BE11-4097042,BE12-5061839,sire
B10-4258192,BE12-5061839,dam
B08-4351119,B10-4258192,sire
NL07-1207567,B10-4258192,dam
CHN12-01-179005,CHN14-01-04086,sire
CHN12-01-999380,CHN14-01-04086,dam
NL03-0375941,B10-4101162,sire
NL05-0547397,B10-4101162,dam
CHN16-05088,CHN17-00-2004867,dam
CHN13-01-913332,CHN16-05088,sire
NL12-5200240,NL13-5305233,sire
NL11-1160014,NL13-5305233,dam
NL02-5255446,NL12-5200240,sire
NL08-2020821,NL12-5200240,dam
NL08-5818445,NL11-1160014,sire
NL06-5632178,NL11-1160014,dam
BE09-4189921,BE15-4168956,sire
BE10-4129914,BE15-4168956,dam
BE06-3008003,BE18-3128602,sire
BE16-3144289,BE18-3128602,dam
BE13-3079100,BE16-3144289,sire
BE11-3175766,BE16-3144289,dam
BE11-4097042,BE12-4163558,sire
B04-5065642,BE11-4097042,sire
B10-4241862,B12-4253572,sire
BE08-4002546,B12-4253572,dam
B09-4029332,B11-4143356,sire
B10-4112826,B11-4143356,dam
NL03-0375941,CHN11-01-003333,sire
NL05-0526006,CHN11-01-003333,dam
NL01-0179433,NL05-0526006,dam
BE13-5108675,BE14-1073383,sire
BE13-4176405,BE14-1073383,dam
BE09-5052387,BE13-4176405,sire
BE10-9039333,BE13-4176405,dam
NL11-1781317,NL14-1092518,sire
NL11-1781323,NL14-1092518,dam
BE10-6146322,NL11-1781317,sire
BE09-6269354,NL11-1781317,dam
BE09-6269142,NL11-1781323,sire
BE07-6369506,NL11-1781323,dam
BE09-2026906,BE13-2022254,sire
BE09-5052387,BE13-4176454,sire
BE09-5052387,BE14-4215601,sire
BE06-3008013,BE14-4215601,dam
BE98-3158062,BE06-3008013,sire
BE98-6335690,BE09-6111600,sire
BE08-6259169,BE09-6111600,dam
BE09-6111726,BE12-9056288,dam
BE09-5026965,BE14-2048324,sire
BE13-5065160,BE14-2048324,dam
BE12-5061733,BE13-5065160,sire
BE12-5158659,BE13-5065160,dam
BE09-3135331,BE18-3072217,sire
BE09-3127246,BE18-3072217,dam
BE11-4220607,BE16-4065338,sire
BE14-4000027,BE16-4065338,dam
BE10-4326277,BE14-4000027,sire
BE07-4093016,BE14-4000027,dam
BE05-6052111,BE14-6174188,sire
BE09-6326077,BE14-6174188,dam
BE05-6052018,BE09-6326077,sire
BE02-6354135,BE09-6326077,dam
BE06-3008003,BE18-3128601,sire
BE16-3144289,BE18-3128601,dam
BE03-4151121,BE08-4002546,sire
BE06-2178941,BE08-4002546,dam
BE08-0060090,BE14-2151057,sire
FR02-131140,BE08-0060090,sire
BE07-6110335,BE08-0060090,dam
BE13-3160501,BE15-3050829,sire
BE12-3050356,BE15-3050829,dam
BE05-3192693,BE13-3160501,sire
BE08-3172901,BE13-3160501,dam
BE05-3188897,BE12-3050356,sire
BE06-3005670,BE12-3050356,dam
BE00-3148002,BE05-3192693,sire
BE00-3124739,BE05-3192693,dam
BE09-5052387,BE14-4215602,sire
BE07-3199994,BE14-4215602,dam
CHN13-01-563960,CHN14-01-010675,sire
CHN13-01-913331,CHN14-01-010675,dam
CHN11-01-1000254,CHN12-01-178737,sire
CHN08-01-125201,CHN12-01-178737,dam
B06-6212508,CHN08-01-125201,sire
NL05-1625467,CHN08-01-125201,dam
BE06-6212508,CHN08-01-125201,sire
BE00-6551991,BE10-6359076,sire
BE02-2325795,BE10-6359076,dam
BE95-6246005,BE00-6551991,sire
BE96-6455465,BE00-6551991,dam
B99-5118824,BE02-2325795,sire
BE96-5088810,BE02-2325795,dam
NL05-5534888,NL10-3040963,sire
NL08-3842794,NL10-3040963,dam
BE02-3025837,NL05-5534888,sire
NL04-2062015,NL05-5534888,dam
NL03-0388539,NL08-3842794,sire
NL03-1287800,NL08-3842794,dam
BE13-6314344,BE16-6064220,sire
BE13-6051147,BE16-6064220,dam
BE11-6191099,BE13-6314344,sire
BE06-6108513,BE13-6314344,dam
BE11-6140809,BE13-6051147,sire
BE07-6044245,BE13-6051147,dam
BE06-3008003,BE18-3067104,sire
BE16-3144289,BE18-3067104,dam
BE98-4403942,BE09-4029332,sire
BE09-4287319,BE10-4112826,sire
BE08-6245373,BE10-4112826,dam
BE07-6033129,BE11-6119017,sire
BE08-6259169,BE11-6119017,dam
BE98-6335690,BE07-6033129,sire
BE04-6307210,BE07-6033129,dam
BE04-5065642,BE11-4097077,sire
BE04-4433034,BE11-4097077,dam
BE96-4391970,BE04-4433034,sire
BE99-4365011,BE04-4433034,dam
BE07-6356192,BE12-6030849,sire
BE08-6368028,BE12-6030849,dam
BE05-6449907,BE07-6356192,sire
BE05-6045520,BE07-6356192,dam
BE06-6410698,BE08-6368028,sire
BE07-6043939,BE08-6368028,dam
BE09-6111726,BE13-9029058,dam
BE09-5026965,BE15-2175437,sire
BE13-5065160,BE15-2175437,dam
BE11-3172350,BE12-3041972,sire
BE09-3127246,BE12-3041972,dam
BE04-3230980,BE11-3172350,sire
BE07-3129213,BE11-3172350,dam
BE11-4220607,BE15-4130335,sire
BE11-4244168,BE15-4130335,dam
BE09-6111600,BE11-4244168,sire
BE09-5052486,BE11-4244168,dam
BE07-6229105,BE16-6033770,sire
BE08-6259134,BE16-6033770,dam
BE04-2298053,BE07-6229105,sire
BE04-6202172,BE07-6229105,dam
BE03-6460062,BE08-6259134,sire
BE06-3008003,BE18-3067299,sire
BE16-3144289,BE18-3067299,dam
BE09-2119284,BE11-2205955,sire
BE04-4278829,BE11-2205955,dam
BE02-2095003,BE04-4278829,sire
BE00-4267503,BE04-4278829,dam
BE09-5052387,BE14-4215604,sire
BE10-9039333,BE14-4215604,dam
DV02585-09-488,DV11-02585-896,sire
DV08-02585-245,DV11-02585-896,dam
NL08-1660056,DV02585-09-488,sire
DV03-0297-400,DV02585-09-488,dam
NL07-1736777,DV08-02585-245,sire
NL06-2144002,DV08-02585-245,dam
BE05-2143027,CHN11-01-003123,sire
CHN08-01-125201,CHN11-01-003123,dam
BE98-2061410,BE05-2143027,sire
BE99-2036005,BE05-2143027,dam
NL11-1159868,NL16-4280078,sire
NL10-3040963,NL16-4280078,dam
BE13-6314344,BE16-6263094,sire
BE13-6051147,BE16-6263094,dam
BE06-3008003,BE13-3159464,sire
BE07-3153257,BE13-3159464,dam
BE01-3140119,BE07-3153257,sire
BE99-3199906,BE07-3153257,dam
BE06-3008003,BE16-3142526,sire
BE07-6033129,BE14-6072404,sire
BE08-6259169,BE14-6072404,dam
BE12-6030849,BE15-6089107,sire
NL98-1436441,NL08-4107648,sire
NL06-4070014,NL08-4107648,dam
NL02-2173502,NL06-4070014,sire
NL01-4103587,NL06-4070014,dam
NL08-1660056,DV10-02585-401,sire
NL07-1644108,DV10-02585-401,dam
NL01-1718265,NL07-1644108,sire
NL05-1210514,NL07-1644108,dam
BE06-6212508,CHN10-01-966608,sire
NL05-1625467,CHN10-01-966608,dam
NL00-0077722,CHN08-01-293598,sire
NL05-0566495,CHN08-01-293598,dam
NL95-9545408,NL00-0077722,sire
NL02-0271822,NL05-0566495,sire
NL02-0271839,NL05-0566495,dam
BE09-5026965,BE14-2048076,sire
BE13-5065160,BE14-2048076,dam
BE02-3185795,BE12-3120138,sire
BE08-3037425,BE12-3120138,dam
BE93-3050291,BE02-3185795,sire
BE97-3062343,BE02-3185795,dam
BE98-3240118,BE08-3037425,sire
BE05-3177035,BE08-3037425,dam
BE11-4220607,BE16-4065138,sire
BE07-4093331,BE16-4065138,dam
BE03-4146103,BE07-4093331,sire
BE04-4277044,BE07-4093331,dam
BE04-6468295,CHN11-01-003078,sire
NL05-1936557,CHN11-01-003078,dam
BE95-6246005,BE04-6468295,sire
BE98-6523289,BE04-6468295,dam
NL98-5821416,NL05-1936557,sire
NL00-5063949,NL05-1936557,dam
BE06-3008003,BE16-3141654,sire
BE13-3059246,BE16-3141654,dam
BE06-3008003,BE13-3059246,sire
BE10-3164728,BE13-3059246,dam
BE09-5052387,BE15-6020145,sire
BE10-9039333,BE15-6020145,dam
BE09-6111726,BE10-9039398,dam
B10-3168790,BE15-3118023,sire
B10-3058911,BE15-3118023,dam
B08-3004335,B10-3168790,sire
B04-3090359,B10-3168790,dam
B07-3121631,B10-3058911,sire
B06-3709321,B10-3058911,dam
NL03-0375941,CHN10-01-965556,sire
NL02-0271866,CHN10-01-965556,dam
BE06-2024898,BE11-4296587,dam
BE01-2054346,BE06-2024898,sire
B01-2342677,BE06-2024898,dam
NL08-1660056,DV13-02585-262,sire
B12-4077286,DV13-02585-262,dam
BE02-4333378,B12-4077286,sire
BE05-4400567,B12-4077286,dam
BE08-5023466,CHN12-01-178232,sire
CHN10-01-966608,CHN12-01-178232,dam
BE99-5236262,BE08-5023466,sire
B98-2273890,BE08-5023466,dam
BE12-6030849,CHN16-05081,sire
BE12-6130672,CHN16-05081,dam
NL15-4273162,NL16-1817719,sire
BE15-6020237,NL16-1817719,dam
NL12-5200162,NL15-4273162,sire
BE12-3164404,NL15-4273162,dam
BE09-6326192,BE15-6020237,sire
BE11-6226277,BE15-6020237,dam
BE05-2085084,BE14-6174201,sire
BE05-6052176,BE14-6174201,dam
BE99-2251413,BE05-2085084,sire
BE01-2204067,BE05-2085084,dam
BE03-6460062,BE05-6052176,sire
BE02-6354135,BE05-6052176,dam
BE14-2001977,BE16-6263874,sire
BE15-6034008,BE16-6263874,dam
BE08-5169574,BE14-2001977,sire
BE13-6314344,BE15-6034008,sire
BE13-6051147,BE15-6034008,dam
BE07-6033129,BE11-6119158,sire
BE08-6259169,BE11-6119158,dam
NL08-3821982,B10-4130300,sire
NL01-0179433,B10-4130300,dam
NL03-0375941,NL08-3821982,sire
NL05-0547397,NL08-3821982,dam
NL95-9545401,NL01-0179433,sire
NL97-9779783,NL01-0179433,dam
BE09-6111726,BE11-9065223,dam
BE09-4035303,BE13-4050042,sire
BE10-4326276,BE13-4050042,dam
BE02-4376254,BE09-4035303,sire
BE09-5052387,BE10-4326276,sire
BE08-4091331,BE10-4326276,dam
BE09-5052387,BE14-4215663,sire
BE10-9039333,BE14-4215663,dam
BE08-3172944,BE13-3031991,sire
BE11-3008425,BE13-3031991,dam
BE06-3004383,BE08-3172944,sire
BE06-3131096,BE08-3172944,dam
BE08-3172902,BE11-3008425,sire
NL08-1548996,BE11-3008425,dam
B09-9002170,B13-9039452,sire
B11-9031612,B13-9039452,dam
B10-6023650,B13-6055998,sire
B06-6310233,B13-6055998,dam
B04-5065642,BE11-4234490,sire
B06-5100715,BE11-4234490,dam
CHN11-01-1001491,CHN14-01-04060,sire
CHN12-01-178915,CHN14-01-04060,dam
B09-4139190,CHN12-01-178915,sire
CHN07-01-388658,CHN12-01-178915,dam
CHN12-01-178232,CHN17-03-0027466,sire
CHN14-01-970291,CHN17-03-0027466,dam
BE04-5065636,CHN14-01-970291,sire
CHN08-01-125201,CHN14-01-970291,dam
BE09-6040496,NL14-1462192,sire
NL11-1185671,NL14-1462192,dam
BE05-6045015,BE09-6040496,sire
BE05-6337097,BE09-6040496,dam
NL10-1109626,NL11-1185671,sire
NL10-1109802,NL11-1185671,dam
BE14-6241457,NL15-4273214,sire
NL11-1159984,NL15-4273214,dam
BE05-6045015,BE14-6241457,sire
GB11-005747,BE14-6241457,dam
NL02-5255446,NL11-1159984,sire
NL08-2020821,NL11-1159984,dam
BE07-6033129,BE14-4215806,sire
BE08-6259169,BE14-4215806,dam
BE08-3172902,BE12-3050011,sire
BE07-3038761,BE12-3050011,dam
BE07-3182013,BE08-3172902,sire
BE07-3182016,BE08-3172902,dam
BE04-3039926,BE07-3038761,sire
BE03-4042639,BE07-3038761,dam
NL08-3857042,CHN13-01-913380,sire
B09-6219376,CHN13-01-913380,dam
BE09-6111726,BE13-9029243,dam
BE09-5026965,BE13-5008143,sire
BE10-5025053,BE13-5008143,dam
BE07-5116052,BE10-5025053,sire
BE07-5194582,BE10-5025053,dam
BE12-4186290,BE14-4000277,sire
BE06-4153542,BE14-4000277,dam
BE05-4281507,BE12-4186290,sire
BE07-4093286,BE12-4186290,dam
BE97-4174137,BE06-4153542,sire
BE02-4376465,BE06-4153542,dam
BE09-5052387,BE14-6174310,sire
BE08-6259169,BE14-6174310,dam
CHN11-01-1000254,CHN14-01-970500,sire
DV09-01769-809,CHN14-01-970500,dam
BE06-6212508,DV09-01769-809,sire
NL05-1625467,DV09-01769-809,dam
BE14-6241457,NL16-4280029,sire
NL11-1159984,NL16-4280029,dam
BE08-3172902,BE13-3031517,sire
BE11-3008437,BE13-3031517,dam
BE05-3192693,BE11-3008437,sire
BE05-3188732,BE11-3008437,dam
BE09-5052387,BE14-6303243,sire
BE08-6259169,BE14-6303243,dam
BE12-3088052,BE14-3067173,sire
BE13-3159401,BE14-3067173,dam
BE05-3006583,BE13-3159401,sire
BE04-3069721,BE13-3159401,dam
BE12-4186084,BE15-4130011,sire
BE11-4081019,BE15-4130011,dam
BE05-4045392,BE12-4186084,sire
BE05-4246519,BE12-4186084,dam
B08-5096944,B10-5160513,sire
B08-5181361,B10-5160513,dam
B05-5093039,B10-5160509,sire
CHN14-04069,CHN16-05059,sire
CHN14-01-970500,CHN16-05059,dam
BE11-4097054,CHN14-04069,sire
CHN12-01-993456,CHN14-04069,dam
BE02-6354241,BE12-6323144,sire
BE10-6359080,BE12-6323144,dam
BE94-6366938,BE02-6354241,dam
BE02-6256251,BE10-6359080,sire
BE05-6453975,BE10-6359080,dam
BE09-5052387,BE14-6174338,sire
BE08-6374778,BE14-6174338,dam
BE03-6483323,BE08-6374778,sire
BE08-3172902,BE12-3050012,sire
BE07-3038761,BE12-3050012,dam
BE14-3147204,BE16-3008704,sire
BE09-3127246,BE16-3008704,dam
BE11-6119039,BE14-3147204,sire
BE12-3111204,BE14-3147204,dam
BE12-3088052,BE16-3084230,sire
BE08-3197988,BE16-3084230,dam
BE14-6174338,BE16-4129015,sire
BE14-6174331,BE16-4129015,dam
BE07-6229033,BE14-6174331,sire
BE08-6259134,BE14-6174331,dam
BE04-3230979,BE14-4032110,sire
BE10-4129819,BE14-4032110,dam
BE98-3158062,BE04-3230979,sire
BE00-3200601,BE04-3230979,dam
BE06-6212508,CHN12-01-179999,sire
NL05-1625467,CHN12-01-179999,dam
BE11-6049904,BE13-6143675,sire
BE08-6259134,BE13-6143675,dam
BE02-6354241,BE11-6049904,sire
BE02-6506323,BE11-6049904,dam
BE03-6460053,BE08-6259134,dam
BE12-3088052,BE16-3084229,sire
BE08-3197988,BE16-3084229,dam
BE09-5052387,BE14-6303242,sire
BE10-6342785,BE14-6303242,dam
BE03-6460062,BE10-6342785,sire
BE01-6179491,BE10-6342785,dam
BE12-4175107,BE15-4146017,sire
BE14-4032110,BE15-4146017,dam
BE10-4275458,BE12-4175107,sire
BE10-6297742,BE12-6023474,sire
BE09-2035886,BE12-6023474,dam
BE03-6086300,BE10-6297742,sire
BE05-6453372,BE10-6297742,dam
BE05-4045201,BE10-4101057,sire
BE07-4093123,BE10-4101057,dam
BE01-4283220,BE05-4045201,sire
BE04-6231885,BE05-4045201,dam
BE03-2020962,BE07-4093123,sire
BE06-4112023,BE07-4093123,dam
BE14-3147204,BE16-3008709,sire
BE09-3127246,BE16-3008709,dam
BE11-9065429,BE15-4013079,sire
BE13-4176405,BE15-4013079,dam
BE13-6143781,BE16-4129092,sire
BE14-6303242,BE16-4129092,dam
BE02-6354241,BE13-6143781,sire
BE05-6118235,BE13-6143781,dam
BE09-6111718,BE10-6357878,sire
BE09-6103287,BE10-6357878,dam
BE98-6335690,BE09-6111718,sire
BE08-6259169,BE09-6111718,dam
BE05-6284830,BE09-6103287,sire
BE04-6397101,BE09-6103287,dam
NL97-1560008,NL01-1922465,sire
NL98-1249271,NL01-1922465,dam
NL05-5534880,NL06-1091312,sire
NL02-1660298,NL06-1091312,dam
BE06-6212508,CHN14-01-971888,sire
NL05-1625467,CHN14-01-971888,dam
BE09-6326192,BE15-6020270,sire
BE12-6042459,BE15-6020270,dam
BE07-6229105,BE12-6042459,sire
BE08-6259134,BE12-6042459,dam
BE12-3088052,BE17-3008166,sire
BE14-3150673,BE17-3008166,dam
BE12-6023303,BE14-3150673,dam
BE13-6143781,BE16-4129194,sire
BE14-6303242,BE16-4129194,dam
BE05-4045201,BE15-4269579,sire
BE12-4186219,BE15-4269579,dam
BE07-4093008,BE12-4186219,sire
BE05-4045124,BE12-4186219,dam
BE11-9065429,BE15-1038098,sire
BE11-9065330,BE15-1038098,dam
BE09-6358778,BE11-9065330,sire
BE10-4280348,BE11-9065330,dam
BE14-4032107,BE15-4146006,sire
BE13-4035007,BE15-4146006,dam
BE04-3230979,BE14-4032107,sire
BE11-4246087,BE13-4035007,sire
BE12-4175014,BE13-4035007,dam
BE08-3172902,BE13-3031522,sire
BE09-3171470,BE13-3031522,dam
BE05-3188928,BE09-3171470,sire
BE03-3056316,BE09-3171470,dam
NL09-1836136,NL11-4710107,sire
NL08-1100383,NL11-4710107,dam
NL04-1560084,NL09-1836136,sire
NL05-2109150,NL09-1836136,dam
BE03-6192564,NL08-1100383,sire
BE05-6045166,NL08-1100383,dam
BE12-6023474,CHN14-04016,sire
BE10-6357878,CHN14-04016,dam
BE14-3147204,BE16-3008602,sire
BE09-3127246,BE16-3008602,dam
NL11-1159902,NL17-1561801,sire
NL14-1499725,NL17-1561801,dam
NL02-5255446,NL11-1159902,sire
NL08-2020822,NL11-1159902,dam
BE11-9065429,BE15-4013089,sire
BE10-6027008,BE15-4013089,dam
BE08-6370949,BE10-6027008,sire
NL01-5163851,NL05-1857139,sire
CHN09-01-891558,CHN12-01-993444,sire
BE08-4355796,CHN12-01-993444,dam
CHN07-01-402442,CHN09-01-891558,sire
CHN07-22-661782,CHN09-01-891558,dam
BE06-4296522,BE08-4355796,sire
BE06-4157574,BE08-4355796,dam
BE10-6143302,BE16-6033627,sire
BE08-6259143,BE16-6033627,dam
BE04-6202033,BE10-6143302,sire
BE05-6118235,BE10-6143302,dam
BE96-6618311,BE08-6259143,sire
BE02-6506323,BE08-6259143,dam
BE12-3088052,BE17-3008002,sire
BE09-3095175,BE17-3008002,dam
BE03-4343129,BE09-3095175,sire
BE04-3069722,BE09-3095175,dam
BE11-9065429,BE15-4013407,sire
BE11-6119158,BE15-4013407,dam
BE12-4218848,BE15-4146039,sire
BE14-4032097,BE15-4146039,dam
BE10-4275541,BE12-4218848,sire
BE07-4022161,BE12-4218848,dam
BE13-4035076,BE14-4032097,sire
BE13-4035080,BE14-4032097,dam
BE08-3172902,BE13-3031502,sire
BE08-3172960,BE13-3031502,dam
BE05-3192693,BE08-3172960,sire
BE05-3188726,BE08-3172960,dam
BE09-6358797,DV10-0147-92,sire
DV09711-07-331,DV10-0147-92,dam
BE98-6523223,DV09711-07-331,sire
BE97-5150636,DV09711-07-331,dam
BE08-9008107,B10-9069799,sire
B07-9047714,B10-9069799,dam
BE00-4065848,BE11-4097233,sire
BE10-5181704,BE11-4097233,dam
BE91-4560548,BE00-4065848,sire
BE93-4429368,BE00-4065848,dam
BE94-4407032,BE10-5181704,sire
BE09-5186601,BE10-5181704,dam
BE14-3147204,BE16-3008534,sire
BE09-3127246,BE16-3008534,dam
NL11-1159902,NL17-1561802,sire
NL14-1499725,NL17-1561802,dam
BE13-4035076,BE16-4070001,sire
BE13-4035080,BE16-4070001,dam
BE05-4325774,BE13-4035076,sire
BE05-3223510,BE13-4035076,dam
BE08-4280360,BE13-4035080,sire
BE08-4347341,BE13-4035080,dam
BE11-9065429,BE15-4013469,sire
BE10-9039333,BE15-4013469,dam
CHN10-01-966664,CHN13-01-563361,sire
CHN12-01-993506,CHN13-01-563361,dam
BE06-6212508,CHN10-01-966664,sire
NL05-1625467,CHN10-01-966664,dam
DV10-08728-8812010,CHN12-01-993506,sire
BE09-6333791,CHN12-01-993506,dam
BE10-6143302,BE17-6024362,sire
BE08-6259143,BE17-6024362,dam
BE12-3088052,BE16-3084226,sire
BE12-3127574,BE16-3084226,dam
BE05-3006583,BE12-3127574,sire
BE04-3069721,BE12-3127574,dam
BE09-5052387,BE14-6303244,sire
BE07-6033018,BE14-6303244,dam
BE98-6335690,BE07-6033018,sire
BE04-6307210,BE07-6033018,dam
BE08-3172902,BE13-3031515,sire
BE12-3162792,BE13-3031515,dam
BE08-3172821,BE12-3162792,sire
BE11-3008025,BE12-3162792,dam
BE04-4439152,BE11-4191976,sire
BE04-5226544,BE11-4191976,dam
BE02-4333378,BE04-4439152,sire
BE99-4365061,BE04-4439152,dam
BE94-4407032,BE04-5226544,sire
BE02-5065272,BE04-5226544,dam
BE12-3041972,BE14-3004616,sire
BE12-3120138,BE14-3004616,dam
NL12-5200201,NL17-1561816,sire
NL12-1204811,NL17-1561816,dam
NL02-5255446,NL12-5200201,sire
NL08-2020821,NL12-5200201,dam
NL09-2094239,NL12-1204811,sire
NL10-1242100,NL12-1204811,dam
BE07-6229105,BE16-6273979,sire
BE13-2022092,BE16-6273979,dam
BE09-2119430,BE13-2022092,sire
BE09-2119372,BE13-2022092,dam
BE11-9065429,BE14-1053133,sire
BE12-9032110,BE14-1053133,dam
B03-3073181,BE11-3074052,sire
B05-3119347,BE11-3074052,dam
BE06-6212508,CHN16-01-0999555,sire
BE13-4176454,CHN16-01-0999555,dam
BE10-5143201,BE13-4176454,dam
BE13-3056024,BE17-3008871,sire
BE12-3162876,BE17-3008871,dam
BE99-3199708,BE12-3162876,sire
BE07-4361085,BE12-3162876,dam
BE11-9065429,BE14-1053392,sire
BE13-9029034,BE14-1053392,dam
BE06-2178778,BE13-9029034,sire
BE06-9123248,BE13-9029034,dam
BE09-5052387,BE14-6303272,sire
BE10-6143192,BE14-6303272,dam
B03-6460062,BE10-6143192,sire
B04-6202172,BE10-6143192,dam
BE02-4333378,BE13-4264528,sire
BE05-4400567,BE13-4264528,dam
BE00-4065848,BE02-4333378,sire
BE01-4489665,BE02-4333378,dam
BE93-4429362,BE05-4400567,sire
BE98-4185270,BE05-4400567,dam
BE09-6149916,BE13-6075027,sire
BE05-6045400,BE13-6075027,dam
BE01-6455003,BE09-6149916,sire
BE00-6440232,BE09-6149916,dam
BE03-6192606,BE05-6045400,dam
BE12-3041972,BE16-3008509,sire
BE12-3120138,BE16-3008509,dam
BE10-4327643,NL15-1143963,sire
BE08-4351119,BE10-4327643,sire
BE02-4064532,BE10-4327643,dam
BE09-5052387,BE14-3067001,sire
BE06-3008013,BE14-3067001,dam
BE99-3103770,BE06-3008013,dam
BE09-6358797,BE16-4129738,sire
DV09711-07-331,BE16-4129738,dam
BE11-9065429,BE15-4268889,sire
BE10-9039333,BE15-4268889,dam
BE12-4163535,BE13-8021502,sire
BE12-4163557,BE13-8021502,dam
BE07-4373754,BE12-4163535,sire
BE05-4130439,BE12-4163535,dam
BE11-4097042,BE12-4163557,sire
BE10-4258192,BE12-4163557,dam
BE13-3056024,BE18-3067516,sire
BE12-3162876,BE18-3067516,dam
BE13-3031767,BE15-3050668,sire
BE13-2022092,BE15-3050668,dam
BE11-3008413,BE13-3031767,sire
BE11-3083255,BE13-3031767,dam
NL10-1892637,NL12-1993641,sire
NL10-1681716,NL12-1993641,dam
B04-2147227,B09-2018934,sire
B03-2238670,B09-2018934,dam
BE11-6115503,BE12-6023284,sire
BE08-6177661,BE12-6023284,dam
BE09-6112227,BE11-6115503,sire
BE03-6257007,BE11-6115503,dam
BE03-6257098,BE08-6177661,sire
BE07-6242318,BE08-6177661,dam
BE03-6255007,BE09-6112227,sire
BE02-6379496,BE09-6112227,dam
BE02-6183100,BE03-6257007,sire
BE00-6480541,BE03-6257007,dam
BE05-3088024,BE15-3006142,sire
BE10-3082453,BE15-3006142,dam
BE00-3162836,BE05-3088024,sire
BE04-3023042,BE05-3088024,dam
BE07-3034246,BE10-3082453,sire
BE07-4084429,BE10-3082453,dam
NL08-2021383,NL15-1143917,sire
DV0825-07-928,NL15-1143917,dam
NL07-1180406,NL08-2021383,sire
NL07-5719772,NL08-2021383,dam
DV0825-05-340,DV0825-07-928,sire
DV0825-06-334,DV0825-07-928,dam
BE11-9065429,BE15-4268890,sire
BE10-9039333,BE15-4268890,dam
BE13-8021502,BE15-1154102,sire
BE10-8016269,BE15-1154102,dam
BE09-2100694,BE10-8016269,sire
BE06-8014007,BE10-8016269,dam
BE13-3056024,BE17-3008009,sire
BE11-3070588,BE17-3008009,dam
BE09-3095224,BE11-3070588,sire
BE10-3164739,BE11-3070588,dam
BE13-3031767,BE15-3148518,sire
BE10-5103827,BE12-5075813,sire
B05-0000000,BE12-5075813,dam
B09-5052443,BE10-5103827,sire
B06-5078318,BE10-5103827,dam
BE14-3032369,BE16-3008677,sire
BE12-3168933,BE16-3008677,dam
BE05-3224796,BE14-3032369,sire
BE10-3137504,BE14-3032369,dam
BE07-3008368,BE12-3168933,sire
BE06-3008238,BE12-3168933,dam
BE11-6119144,BE13-6062153,sire
BE14-2339391,BE16-1016202,dam
BE11-9065312,BE14-2339391,sire
BE12-9032023,BE14-2339391,dam
NL09-1647068,PL0468-16-9427,sire
PL04-12-7293,PL0468-16-9427,dam
NL06-5624020,NL09-1647068,sire
NL05-5535823,NL09-1647068,dam
NL04-5435152,PL04-12-7293,sire
DV01030-00-591,PL04-12-7293,dam
BE13-9039410,BE14-10321822015,sire
BE13-9039404,BE14-10321822015,dam
BE13-9039452,BE14-10321142014,sire
BE13-6055998,BE14-10321142014,dam
BE13-3056024,BE18-3067555,sire
BE16-2004426,BE18-3067555,dam
BE13-2173606,BE16-2004426,sire
BE14-1123649,BE16-2004426,dam
BE06-4377103,BE14-4033120,sire
BE03-6381698,BE14-4033120,dam
BE13-3031767,BE15-3050672,sire
BE13-3031674,BE15-3050672,dam
BE05-3192693,BE13-3031674,sire
BE11-3008425,BE13-3031674,dam
NL05-2201758,BE09-6333791,sire
NL04-2243620,BE09-6333791,dam
NL03-5301441,NL05-2201758,sire
NL98-5870087,NL05-2201758,dam
BE03-6257098,BE12-6023228,sire
B10-3169150,BE12-6023228,dam
BE98-6335690,BE03-6257098,sire
BE97-6407575,BE03-6257098,dam
BE00-3272760,B10-3169150,sire
BE05-3083812,B10-3169150,dam
BE10-9055586,BE11-9065317,sire
BE06-9130871,BE11-9065317,dam
BE08-9031224,BE10-9055586,sire
BE06-9130815,BE10-9055586,dam
BE01-2342676,BE06-9130871,sire
BE02-9071615,BE06-9130871,dam
BE10-6146101,NL14-1604737,sire
NL11-1342154,NL14-1604737,dam
BE09-6269363,BE10-6146101,sire
BE08-6372812,BE10-6146101,dam
BE03-6192777,NL11-1342154,sire
BE09-6369592,NL11-1342154,dam
BE13-3148694,BE16-3008679,sire
BE14-3032377,BE16-3008679,dam
BE05-3006569,BE13-3148694,sire
BE06-3002690,BE14-3032377,sire
BE07-3207505,BE14-3032377,dam
BE08-6369094,BE12-6023233,sire
BE98-6335690,BE08-6369094,sire
BE08-6364048,BE13-9029197,sire
BE11-9079533,BE13-9029197,dam
BE06-6034900,BE08-6364048,sire
BE02-6183099,BE08-6364048,dam
NL08-1544155,BE11-9079533,sire
BE10-4281810,BE11-9079533,dam
BE13-3056024,BE18-3130847,sire
BE16-3084127,BE18-3130847,dam
BE13-3056016,BE16-3084127,sire
BE07-7479070,BE16-3084127,dam
BE14-1053135,BE15-1094015,sire
BE14-1053206,BE15-1094015,dam
BE10-9039271,BE14-1053135,sire
BE10-9039239,BE14-1053135,dam
BE09-9058966,BE14-1053206,sire
BE12-2015278,BE14-1053206,dam
BE08-6176863,BE09-6109092,sire
BE03-6250293,BE09-6109092,dam
BE10-6163601,BE12-6225975,sire
BE05-6341253,BE12-6225975,dam
BE10-6146101,BE12-6123757,sire
BE07-6371100,BE12-6123757,dam
BE02-6113220,BE07-6371100,sire
BE06-6148080,BE07-6371100,dam
BE11-3048658,BE18-3072225,sire
BE12-3041983,BE18-3072225,dam
BE08-4188031,BE11-3048658,sire
BE09-3135332,BE11-3048658,dam
BE08-3002243,BE12-3041983,sire
BE08-3002246,BE12-3041983,dam
BE09-3095111,BE14-3067005,sire
BE10-9039333,BE14-3067005,dam
BE99-3199708,BE09-3095111,sire
BE07-4361085,BE09-3095111,dam
BE12-4313213,BE13-3004808,sire
BE11-3043476,BE13-3004808,dam
BE11-3047516,BE13-3001490,sire
BE08-3109528,BE13-3001490,dam
BE13-3031767,BE16-3141038,sire
BE13-3031502,BE16-3141038,dam
BE09-3095111,BE14-3067286,sire
BE07-3199994,BE14-3067286,dam
BE13-2184914,BE15-2074638,sire
BE11-6326793,BE15-2074638,dam
BE08-6369077,BE13-2184914,sire
BE09-2226133,BE13-2184914,dam
BE99-6151734,BE11-6326793,sire
BE07-6110291,BE11-6326793,dam
BE01-6123197,BE06-6096114,sire
BE04-6498767,BE06-6096114,dam
BE06-3201619,BE14-6201403,sire
BE07-4212742,BE14-6201403,dam
BE08-3003487,BE12-3041627,sire
BE11-3070111,BE12-3041627,dam
BE13-3031767,BE16-3142050,sire
BE15-3050800,BE16-3142050,dam
BE12-3162870,BE15-3050800,sire
BE11-3083255,BE15-3050800,dam
BE09-3095111,BE17-3008039,sire
BE13-3148761,BE17-3008039,dam
BE05-3006583,BE13-3148761,sire
BE04-3069721,BE13-3148761,dam
BE11-2121288,BE16-2026247,sire
BE15-2315564,BE16-2026247,dam
BE09-2170338,BE11-2121288,sire
BE09-2170320,BE11-2121288,dam
BE13-2148731,BE15-2315564,sire
BE10-2026575,BE15-2315564,dam
BE10-6032492,BE17-6052453,sire
BE14-6072660,BE17-6052453,dam
BE08-6176725,BE10-6032492,sire
BE09-6111007,BE10-6032492,dam
BE08-6178915,BE14-6072660,sire
BE10-6035281,BE14-6072660,dam
BE99-5236262,BE08-5023456,sire
BE99-6488563,BE08-5023456,dam
BE03-6112671,BE14-2065111,sire
BE02-2310162,BE14-2065111,dam
NL13-1395635,BE14-4033116,sire
BE12-4176407,BE14-4033116,dam
NL12-1783975,NL13-1395635,sire
BE13-3031767,BE16-3142111,sire
BE14-3090076,BE16-3142111,dam
BE13-3031607,BE14-3090076,sire
BE10-3163723,BE14-3090076,dam
BE13-3057936,BE16-3084115,sire
BE14-3067005,BE16-3084115,dam
BE11-3175762,BE13-3057936,sire
BE11-3067728,BE13-3057936,dam
BE14-2001999,BE15-4236188,sire
BE14-4035289,BE15-4236188,dam
BE09-5173995,BE14-2001999,sire
BE11-5056896,BE14-2001999,dam
BE12-4286521,BE14-4035289,sire
BE11-3070069,BE14-4035289,dam
NL00-284,NL09-1702539,sire
NL08-2081192,NL09-1702539,dam
NL09-1705916,NL10-1140775,sire
NL08-2080745,NL10-1140775,dam
BE09-3127950,BE13-3031696,sire
BE09-3128085,BE13-3031696,dam
BE05-3192693,BE09-3127950,sire
BE05-3188726,BE09-3127950,dam
BE05-3188897,BE09-3128085,sire
BE06-3005670,BE09-3128085,dam
NL07-1403110,NL12-1258974,sire
NL08-1130732,NL12-1258974,dam
NL08-1098473,NL16-1255864,sire
NL13-1804593,NL16-1255864,dam
NL13-1775149,NL17-1751868,sire
NL15-1144403,NL17-1751868,dam
NL15-1144419,NL17-1751870,sire
NL15-1208331,NL17-1751870,dam
BE14-3004610,BE18-4238135,sire
BE16-4126201,BE18-4238135,dam
BE07-3010152,BE14-3004610,sire
BE08-3002246,BE14-3004610,dam
BE15-4013418,BE16-4126201,sire
BE14-4217544,BE16-4126201,dam
BE13-5033373,BE14-2005456,sire
BE13-5024957,BE14-2005456,dam
BE09-5021151,BE12-5000612,sire
BE11-5155968,BE12-5000612,dam
BE12-3162870,BE14-3028158,sire
BE11-3008318,BE14-3028158,dam
BE07-3008347,BE12-3162870,sire
BE02-3255938,BE12-3162870,dam
BE08-3172856,BE11-3008318,sire
BE08-3172836,BE11-3008318,dam
BE14-3004610,BE19-3035201,sire
BE16-3008516,BE19-3035201,dam
BE14-3004643,BE16-3008516,sire
BE13-6086834,BE15-6065552,sire
BE13-6084986,BE15-6065552,dam
BE05-6074304,BE15-6064973,sire
BE14-6136864,BE15-6064973,dam
BE10-3163530,BE15-3050611,sire
BE13-3031522,BE15-3050611,dam
BE06-3100789,BE10-3163530,sire
BE08-3172998,BE10-3163530,dam
BE14-3004643,BE18-4238131,sire
BE17-4062498,BE18-4238131,dam
BE05-3088024,BE14-3004643,sire
BE13-3003178,BE14-3004643,dam
BE16-6033920,BE17-4062498,sire
BE16-4129556,BE17-4062498,dam
BE14-3004643,BE18-3072187,sire
BE12-3041983,BE18-3072187,dam
BE11-3008440,BE15-3050620,sire
BE12-3050026,BE15-3050620,dam
BE05-3188928,BE11-3008440,sire
BE08-3172901,BE11-3008440,dam
BE14-3004643,BE18-3072188,sire
BE12-3041983,BE18-3072188,dam
BE12-3050011,BE15-3002951,sire
BE15-3050595,BE15-3002951,dam
BE13-3031539,BE15-3050595,sire
BE13-3056226,BE15-3050595,dam
BE14-3004643,BE18-3072175,sire
BE09-3127246,BE18-3072175,dam
BE14-3028072,BE16-3141013,sire
BE13-3031803,BE16-3141013,dam
BE12-3162776,BE14-3028072,sire
BE13-3056232,BE14-3028072,dam
BE08-3172954,BE13-3031803,dam
BE16-3107073,BE18-3003060,sire
BE16-3107401,BE18-3003060,dam
BE13-3031767,BE16-3107073,sire
BE13-3031784,BE16-3107073,dam
BE12-3050011,BE16-3107401,sire
BE15-3050806,BE16-3107401,dam
BE10-4326260,BE15-4130198,sire
BE10-4101312,BE15-4130198,dam
BE04-5065636,BE10-4326260,sire
BE05-4045252,BE10-4326260,dam
B08-4038644,B16-3142509,sire
B12-3089680,B16-3142509,dam
B07-3199999,B15-3147826,sire
B09-4280727,B15-3147826,dam
B06-3008003,B16-3141691,sire
B13-3148761,B16-3141691,dam
B14-3067002,B15-3150484,sire
B06-3008009,B15-3150484,dam
B87-6337179,B91-6227416,sire
B87-6337256,B91-6227416,dam
B79-6268058,B89-6150221,sire
B85-6377502,B89-6150221,dam
B01-9040072,B02-9069958,dam
B98-9059217,B05-9083076,sire
B04-9134337,B05-9083076,dam
B85-6379778,NL89-177366618,sire
B88-6693962,NL89-177366618,dam
NL94-4113816,NL00-2477674,sire
NL98-259110219,NL00-2477674,dam
NL98-5812191,NL07-2143341,sire
NL05-1490773,NL07-2143341,dam
B05-6045516,B09-6347601,sire
B02-6045141,B09-6347601,dam
DV02098-99-802,DV03-07237-703,sire
B11-2205945,B13-2022026,dam
B05-4030018,B11-2205945,sire
B11-2014350,B11-2205945,dam
CHN99-09-006143,CHN2012-01-111711,sire
CHN09-01-670388,CHN2012-01-111711,dam
B2001-2018313,B2003-4196488,dam
B2010-2135174,CHN14-01-1282088,sire
CHN2010-01-968036,CHN14-01-1282088,dam
B2003-2001983,B2010-2135174,sire
B2009-2119421,B2010-2135174,dam
B1998-2398266,CHN2010-01-968036,sire
B2003-3186429,CHN2010-01-968036,dam
B13-1522168,B15-1103245,sire
B12-1522172,B15-1103245,dam
B09-6354561,B13-1522168,sire
B12-4120246,B13-1522168,dam
B11-6049881,B12-1522172,sire
B11-9103264,B12-1522172,dam
CHN2011-01-575699,CHN19-01-0002634,sire
CHN2011-01-469855,CHN19-01-0002634,dam
CHN2008-01-968616,CHN2011-01-575699,sire
CHN2009-01-981112,CHN2011-01-575699,dam
CHN2007-01-480762,CHN2011-01-469855,sire
CHN2008-01-968609,CHN2011-01-469855,dam
B1998-2398266,CHN2008-01-968616,sire
B2001-2335676,CHN2008-01-968616,dam
B2007-5067344,CHN2009-01-981112,sire
CHN2005-01-502380,CHN2009-01-981112,dam
B1998-2398266,CHN2008-01-968609,sire
B2003-5071602,CHN2008-01-968609,dam
NL2011-1741006,CHN19-01-0002705,sire
CHN2017-01-1605793,CHN19-01-0002705,dam
NL2004-2050373,NL2011-1741006,sire
B2004-3227967,NL2011-1741006,dam
NL2012-1619179,CHN2017-01-1605793,sire
NL2010-1682295,CHN2017-01-1605793,dam
CHN2013-01-850566,CHN19-01-0002675,sire
CHN2011-01-575708,CHN19-01-0002675,dam
CHN2009-01-981139,CHN2013-01-850566,sire
CHN2009-01-981165,CHN2013-01-850566,dam
CHN2009-01-803710,CHN2011-01-575708,sire
CHN2010-01-968016,CHN2011-01-575708,dam
CHN2011-01-469906,CHN19-01-0002744,sire
B2010-2137074,CHN19-01-0002744,dam
B1998-2398266,CHN2011-01-469906,sire
B2003-2120191,CHN2011-01-469906,dam
B2006-2042512,B2010-2137074,sire
B2008-2110294,B2010-2137074,dam
B2000-2394434,B2006-2042512,sire
B2005-2062059,B2006-2042512,dam
B2005-2257352,B2008-2110294,sire
B2005-2257311,B2008-2110294,dam
CHN2016-01-0296288,CHN19-01-1800170,sire
CHN2017-01-0662181,CHN19-01-1800170,dam
CHN2014-01-04477,CHN2016-01-0296288,sire
CHN2014-01-00694,CHN2016-01-0296288,dam
CHN2015-01-0818816,CHN2017-01-0662181,sire
B2015-4263605,CHN2017-01-0662181,dam
CHN2008-01-968506,CHN2014-01-04477,sire
CHN2010-01-968028,CHN2014-01-04477,dam
CHN2009-01-803710,CHN2014-01-00694,sire
CHN2008-01-968609,CHN2014-01-00694,dam
CHN2013-01-850585,CHN19-01-0002700,sire
CHN2013-01-1236531,CHN19-01-0002700,dam
B2009-3146071,CHN2013-01-850585,sire
B2005-6336371,CHN2013-01-850585,dam
CHN2008-01-968693,CHN2013-01-1236531,sire
B2009-5061825,CHN2013-01-1236531,dam
NL2011-1740912,CHN19-01-0002691,sire
CHN2009-01-803709,CHN19-01-0002691,dam
NL2009-1186313,NL2011-1740912,sire
NL2008-1537203,NL2011-1740912,dam
B1998-2398266,CHN2009-01-803709,sire
B2003-5071602,CHN2009-01-803709,dam
NL2008-1537236,NL2009-1186313,sire
NL2007-1817907,NL2009-1186313,dam
NL2007-1817880,NL2008-1537203,sire
NL2007-1817852,NL2008-1537203,dam
CHN2015-01-1375670,CHN2017-01-0100653,sire
CHN2016-01-0296279,CHN2017-01-0100653,dam
B2005-3168575,CHN2015-01-1375670,sire
B2005-5148997,CHN2015-01-1375670,dam
CHN2014-01-00698,CHN2016-01-0296279,sire
CHN2013-01-850569,CHN2016-01-0296279,dam
CHN2015-01-1162061,CHN2018-22-0256265,sire
CHN2013-01-089986,CHN2018-22-0256265,dam
CHN2013-01-850541,CHN2015-01-1162061,sire
CHN2012-01-1002754,CHN2015-01-1162061,dam
CHN2011-01-469262,CHN2013-01-089986,sire
CHN2011-01-469855,CHN2013-01-089986,dam
CHN2010-01-968024,CHN2013-01-850541,sire
CHN2011-01-469910,CHN2013-01-850541,dam
B2008-5116085,CHN2012-01-1002754,sire
CHN2009-01-222586,CHN2011-01-469262,sire
CHN2009-01-803709,CHN2011-01-469262,dam
CHN2015-01-1162061,CHN2017-01-1363668,sire
NL2013-1239497,CHN2017-01-1363668,dam
NL2010-1682333,NL2013-1239497,sire
NL2010-1682216,NL2013-1239497,dam
CHN2015-01-1375179,CHN2018-01-1361540,sire
CHN2016-01-0296215,CHN2018-01-1361540,dam
CHN2010-01-281310,CHN2015-01-1375179,sire
CHN2013-01-089986,CHN2015-01-1375179,dam
NL2011-1740912,CHN2016-01-0296215,sire
NL2013-1239323,CHN2016-01-0296215,dam
B2007-5067344,CHN2010-01-281310,sire
CHN2005-01-502380,CHN2010-01-281310,dam
NL2003-1135475,NL2013-1239323,sire
NL2006-2162253,NL2013-1239323,dam
CHN2016-01-0296203,CHN2017-01-0100657,sire
CHN2013-01-850580,CHN2017-01-0100657,dam
NL2014-1059351,CHN2016-01-0296203,sire
NL2012-1619022,CHN2016-01-0296203,dam
CHN2009-01-981119,CHN2013-01-850580,sire
CHN2009-01-981105,CHN2013-01-850580,dam
CHN2013-01-850566,CHN2016-01-1485603,sire
CHN2012-01-1003021,CHN2016-01-1485603,dam
CHN2010-01-968052,CHN2012-01-1003021,sire
CHN2010-01-968039,CHN2012-01-1003021,dam
B1995-2363122,B98-2398266,sire
B1994-5314930,B98-2398266,dam
B1987-3190166,B1995-2363122,sire
B1990-2523263,B1995-2363122,dam
B1991-5248516,B1994-5314930,sire
B1991-5248546,B1994-5314930,dam
B2007-5067344,CHN2016-01-1485081,sire
CHN2009-01-981112,CHN2016-01-1485081,dam
B2001-6182211,B2007-5067344,sire
B2000-4065880,B2007-5067344,dam
CHN2010-01-968022,CHN2016-01-0296284,sire
CHN2012-01-1002620,CHN2016-01-0296284,dam
B2003-4133532,CHN2010-01-968022,sire
B2002-2315943,CHN2010-01-968022,dam
B1998-2398266,CHN2012-01-1002620,sire
B2003-2120191,CHN2012-01-1002620,dam
B1995-4440907,B2003-4133532,sire
B1998-4197168,B2003-4133532,dam
B1999-2017712,B2002-2315943,sire
B2000-2376057,B2002-2315943,dam
NL2012-1618947,CHN2016-01-1485063,sire
CHN2013-01-850570,CHN2016-01-1485063,dam
NL2009-1186402,NL2012-1618947,sire
NL2009-1904568,NL2012-1618947,dam
CHN2011-01-469806,CHN2013-01-850570,sire
CHN2009-01-803711,CHN2013-01-850570,dam
CHN2012-01-1002635,CHN14-01-332012,sire
CHN2011-01-469846,CHN14-01-332012,dam
B2004-4019943,CHN2012-01-1002635,sire
B2005-6052073,CHN2012-01-1002635,dam
CHN2003-01-213587,CHN2011-01-469846,sire
CHN2010-01-968008,CHN2011-01-469846,dam
B2009-3146071,CHN13-01-850585,sire
B2005-6336371,CHN13-01-850585,dam
B2007-3153111,B2009-3146071,sire
B2006-3134235,B2009-3146071,dam
B1999-6340916,B2005-6336371,sire
B2002-2265327,B2005-6336371,dam
B2007-5067344,CHN10-01-281310,sire
CHN2005-01-502380,CHN10-01-281310,dam
B10-6143302,CHN16-00-12636,sire
B12-6323170,CHN16-00-12636,dam
B04-6202033,B10-6143302,sire
B05-6118235,B10-6143302,dam
B02-6354241,B12-6323170,sire
B11-6226332,B12-6323170,dam
CHN2011-01-469262,CHN19-01-1800048,sire
CHN2011-01-469855,CHN19-01-1800048,dam
CHN2006-01-020578,CHN2009-01-222586,sire
B2003-5071602,CHN2009-01-222586,dam
CHN2013-01-850566,CHN19-01-1800092,sire
CHN2011-01-575708,CHN19-01-1800092,dam
CHN2011-01-469906,CHN19-01-0002745,sire
B2010-2137074,CHN19-01-0002745,dam
NL2011-1741006,CHN19-01-1800011,sire
CHN2017-01-0662185,CHN19-01-1800011,dam
CHN2015-01-0818841,CHN2017-01-0662185,sire
B2015-4146054,CHN2017-01-0662185,dam
CHN2014-01-332012,CHN19-01-0002710,sire
NL2010-1682336,CHN19-01-0002710,dam
CHN2012-01-1002635,CHN2014-01-332012,sire
CHN2011-01-469846,CHN2014-01-332012,dam
NL2006-2162375,NL2010-1682336,sire
NL2007-1445537,NL2010-1682336,dam
CHN2011-01-469906,CHN2017-01-0100712,sire
CHN2012-01-1003066,CHN2017-01-0100712,dam
CHN2010-01-281310,CHN2012-01-1003066,sire
CHN2009-01-981120,CHN2012-01-1003066,dam
B2007-5175949,CHN2009-01-981120,sire
NL2007-1841638,CHN2009-01-981120,dam
CHN2011-01-469905,CHN2016-01-00753,sire
CHN2013-01-089986,CHN2016-01-00753,dam
B1998-2398266,CHN2011-01-469905,sire
B2003-2120191,CHN2011-01-469905,dam
B2007-5067344,CHN2016-01-1485032,sire
CHN2009-01-981112,CHN2016-01-1485032,dam
B2003-4133532,CHN2010-01-968024,sire
B2002-2315943,CHN2010-01-968024,dam
B1998-2398266,CHN2011-01-469910,sire
CHN2002-01-477844,CHN2011-01-469910,dam
B1993-3183025,B03-3186429,sire
B2000-3128435,B03-3186429,dam
B1987-3052819,B1993-3183025,sire
B1992-3082421,B1993-3183025,dam
B1989-3315380,B2000-3128435,sire
B1994-3238558,B2000-3128435,dam
B1999-6340916,B05-6336371,sire
B2002-2265327,B05-6336371,dam
B1994-6633774,B1999-6340916,sire
B1994-6142774,B1999-6340916,dam
B2000-2352590,B2002-2265327,sire
B2000-2352576,B2002-2265327,dam
CHN2009-01-803710,CHN11-01-575708,sire
CHN2010-01-968016,CHN11-01-575708,dam
B1996-6335231,CHN2009-01-803710,sire
B2001-6234954,CHN2009-01-803710,dam
B1998-2398266,CHN2010-01-968016,sire
B2003-3186429,CHN2010-01-968016,dam
B1996-6335231,CHN09-01-803710,sire
B2001-6234954,CHN09-01-803710,dam
B1994-6086120,B1996-6335231,sire
B1991-6445551,B1996-6335231,dam
B1990-6088614,B2001-6234954,sire
B1998-6484219,B2001-6234954,dam
B1992-6542479,B1994-6086120,sire
B1992-6542371,B1994-6086120,dam
B1989-6366084,B1991-6445551,sire
B1990-6531177,B1991-6445551,dam
CHN2011-01-469261,CHN19-01-0002755,sire
CHN2013-01-089986,CHN19-01-0002755,dam
CHN2009-01-222586,CHN2011-01-469261,sire
CHN2009-01-803709,CHN2011-01-469261,dam
CHN2014-01-332012,CHN19-01-0002757,sire
CHN2016-01-1485229,CHN19-01-0002757,dam
B2007-4368506,CHN2016-01-1485229,sire
CHN2010-01-968039,CHN2016-01-1485229,dam
CHN2014-01-332012,CHN19-01-1800018,sire
B2010-2137074,CHN19-01-1800018,dam
CHN2011-01-469928,CHN19-01-0002663,sire
CHN2018-01-1755151,CHN19-01-0002663,dam
B1998-2398266,CHN2011-01-469928,sire
B2003-2120191,CHN2011-01-469928,dam
NL2012-1618935,CHN2018-01-1755151,sire
NL2010-1682275,CHN2018-01-1755151,dam
CHN2013-01-850585,CHN19-01-0002701,sire
CHN2013-01-1236531,CHN19-01-0002701,dam
CHN2017-01-0661680,CHN19-01-1800095,sire
CHN2017-01-0662185,CHN19-01-1800095,dam
CHN2015-01-1375179,CHN2017-01-0661680,sire
CHN2016-01-0296215,CHN2017-01-0661680,dam
CHN2018-01-1755649,CHN19-01-1800583,sire
CHN2016-01-1485209,CHN19-01-1800583,dam
NL2012-1618935,CHN2018-01-1755649,sire
CHN2014-01-1282219,CHN2018-01-1755649,dam
CHN2013-01-850566,CHN2016-01-1485209,sire
CHN2012-01-1003021,CHN2016-01-1485209,dam
B2007-5067344,CHN2018-01-1755146,sire
NL2010-1682336,CHN2018-01-1755146,dam
B2007-5067344,CHN2018-01-1755004,sire
NL2010-1682336,CHN2018-01-1755004,dam
NL2011-1740912,CHN19-01-1800022,sire
CHN2016-01-1485023,CHN19-01-1800022,dam
CHN2008-01-968616,CHN2016-01-1485023,sire
NL2011-1741006,CHN19-01-0002679,sire
CHN2017-01-1131009,CHN19-01-0002679,dam
CHN2012-01-833225,CHN2017-01-1131009,sire
CHN2013-01-568598,CHN2017-01-1131009,dam
CHN2011-01-575699,CHN19-01-0002725,sire
CHN2011-01-469855,CHN19-01-0002725,dam
NL1995-1941948,NL2003-1135475,sire
NL2002-1635264,NL2003-1135475,dam
NL2003-1135318,NL2006-2162253,sire
NL2003-1135462,NL2006-2162253,dam
CHN2011-01-469262,CHN2015-01-1181027,sire
CHN2011-01-469855,CHN2015-01-1181027,dam
NL2012-1616576,NL2016-1526286,sire
NL2011-1741026,NL2016-1526286,dam
NL2003-1135475,NL2012-1616576,sire
NL2010-1082759,NL2012-1616576,dam
NL2008-1583452,NL2011-1741026,sire
NL2007-1817969,NL2011-1741026,dam
CHN2013-01-1236119,CHN2016-01-1485580,sire
CHN2015-01-1162066,CHN2016-01-1485580,dam
B2003-4133532,CHN2013-01-1236119,sire
B2003-3186429,CHN2013-01-1236119,dam
CHN2011-01-469897,CHN2015-01-1162066,sire
B2013-4102384,CHN2015-01-1162066,dam
B2002-4333378,B04-4019943,sire
B1999-4365061,B04-4019943,dam
B2000-4065848,B2002-4333378,sire
B2001-4489665,B2002-4333378,dam
B1993-4392044,B1999-4365061,sire
B1994-4438205,B1999-4365061,dam
B2004-2298053,B05-6052073,sire
B2003-6460032,B05-6052073,dam
B1994-6366907,B2003-6460032,sire
B1997-6157766,B2003-6460032,dam
B2007-5067344,CHN11-01-575703,sire
B1998-2398266,CHN11-01-469906,sire
B2003-2120191,CHN11-01-469906,dam
B1995-2363122,B1998-2398266,sire
B1994-5314930,B1998-2398266,dam
B1993-4429362,B2003-2120191,sire
B1998-4185270,B2003-2120191,dam
CHN2011-01-469261,CHN19-01-0002756,sire
CHN2013-01-089986,CHN19-01-0002756,dam
CHN2014-01-332012,CHN19-01-0002758,sire
CHN2016-01-1485229,CHN19-01-0002758,dam
CHN2011-01-469928,CHN19-01-0002672,sire
CHN2018-01-1755151,CHN19-01-0002672,dam
B2010-6246198,CHN19-01-0002607,sire
CHN2016-01-1485015,CHN19-01-0002607,dam
B2007-6404543,B2010-6246198,sire
B2008-6374035,B2010-6246198,dam
B2009-6233674,CHN2016-01-1485015,sire
B2007-6310392,CHN2016-01-1485015,dam
CHN2013-01-850585,CHN19-01-0002746,sire
B2010-2137074,CHN19-01-0002746,dam
CHN2017-01-0661680,CHN19-01-1800416,sire
CHN2017-01-0662185,CHN19-01-1800416,dam
CHN2010-01-281310,CHN19-01-0002750,sire
CHN2009-01-981165,CHN19-01-0002750,dam
DV2007-08935-2106,CHN2009-01-981165,sire
BELG2007-6300508,CHN2009-01-981165,dam
NL2014-1059421,CHN2017-01-0661689,sire
CHN2013-01-850570,CHN2017-01-0661689,dam
NL2012-1619198,NL2014-1059421,sire
NL2013-1239421,NL2014-1059421,dam
CHN2013-01-850585,CHN2015-01-1182386,sire
CHN2010-01-968017,CHN2015-01-1182386,dam
B1998-2398266,CHN2010-01-968017,sire
B2003-3186429,CHN2010-01-968017,dam
CHN2011-01-469262,CHN2016-01-0296211,sire
CHN2011-01-469855,CHN2016-01-0296211,dam
NL2016-1526296,CHN2017-01-0100663,sire
NL2016-1526286,CHN2017-01-0100663,dam
NL2006-2162348,NL2016-1526296,sire
NL2010-1682337,NL2016-1526296,dam
B2012-3002284,CHN2017-01-0100713,sire
CHN2014-01-1282213,CHN2017-01-0100713,dam
B2003-0210144,B2012-3002284,sire
B2010-3174584,B2012-3002284,dam
B2007-5067344,CHN2014-01-1282213,sire
B2005-6336371,CHN2014-01-1282213,dam
B2001-6182211,B07-5067344,sire
B2000-4065880,B07-5067344,dam
B1997-6523459,B2001-6182211,sire
B1998-5296409,B2001-6182211,dam
B1998-3024841,B2000-4065880,sire
B1998-4184729,B2000-4065880,dam
B2000-4065848,B02-4247632,sire
B2001-4489665,B02-4247632,dam
B1991-4560548,B2000-4065848,sire
B1993-4429368,B2000-4065848,dam
B1999-4393519,B2001-4489665,sire
B2000-4065805,B2001-4489665,dam
B1996-6335231,B05-6336352,sire
B2006-6108790,B05-6336352,dam
B2002-6432811,B2006-6108790,sire
B2001-6367319,B2006-6108790,dam
CHN2011-01-469261,CHN19-01-0002728,sire
CHN2013-01-089986,CHN19-01-0002728,dam
CHN2015-01-1375024,CHN19-01-1800122,sire
CHN2017-01-0662188,CHN19-01-1800122,dam
CHN2014-01-332012,CHN2015-01-1375024,sire
B2006-5150395,CHN2015-01-1375024,dam
B2014-6306505,CHN2017-01-0662188,sire
CHN2015-01-0818836,CHN2017-01-0662188,dam
CHN2010-01-281310,CHN19-01-0002751,sire
CHN2009-01-981165,CHN19-01-0002751,dam
NL2011-1740912,CHN19-01-1800047,sire
CHN2016-01-1485023,CHN19-01-1800047,dam
B2012-6196232,CHN19-01-0002718,sire
CHN2016-01-0296210,CHN19-01-0002718,dam
B2007-6221588,B2012-6196232,sire
B2009-6248545,B2012-6196232,dam
NL2013-1239391,CHN2016-01-0296210,sire
NL2012-1618926,CHN2016-01-0296210,dam
NL2011-1741006,CHN19-01-0002726,sire
CHN2017-01-1131009,CHN19-01-0002726,dam
CHN2013-01-850585,CHN19-01-0002747,sire
B2010-2137074,CHN19-01-0002747,dam
CHN2009-01-803710,CHN19-01-0002657,sire
CHN2013-01-1236531,CHN19-01-0002657,dam
CHN2011-01-469262,JN2015-3136764,sire
CHN2011-01-469855,JN2015-3136764,dam
NL2014-1059421,CHN2017-01-1363602,sire
CHN2013-01-850570,CHN2017-01-1363602,dam
B1988-4243575,B1995-4440907,sire
B1990-4319953,B1995-4440907,dam
B1989-4288521,B1998-4197168,sire
B1996-4171703,B1998-4197168,dam
B2007-5067344,CHN09-01-981112,sire
CHN2005-01-502380,CHN09-01-981112,dam
B1993-4429362,B03-2120191,sire
B1998-4185270,B03-2120191,dam
B1989-4139920,B1993-4429362,sire
B1990-4208471,B1993-4429362,dam
B1991-4560548,B1998-4185270,sire
B1997-4263054,B1998-4185270,dam
CHN2011-01-469261,CHN19-01-0002651,sire
CHN2013-01-089986,CHN19-01-0002651,dam
CHN2016-01-1485603,CHN19-01-0002749,sire
CHN2017-01-0665383,CHN19-01-0002749,dam
SK13-01003-1422,CHN2017-01-0665383,sire
CHN12-05-399999,CHN2017-01-0665383,dam
B2010-6246198,CHN19-01-0002713,sire
CHN2018-01-1755934,CHN19-01-0002713,dam
B2010-6246152,CHN2018-01-1755934,sire
CHN2016-01-1485015,CHN2018-01-1755934,dam
CHN2010-01-281310,CHN19-01-0002699,sire
CHN2009-01-981165,CHN19-01-0002699,dam
CHN2017-01-0505322,CHN19-01-1800685,sire
CHN2016-01-0296217,CHN19-01-1800685,dam
B2012-6196232,CHN2017-01-0505322,sire
NL2012-1618471,CHN2017-01-0505322,dam
NL2011-1740941,CHN2016-01-0296217,sire
NL2012-1619068,CHN2016-01-0296217,dam
NL2005-1394708,NL2012-1618471,sire
NL2007-1818078,NL2012-1618471,dam
NL2016-1526296,CHN19-01-1800008,sire
CHN2017-01-0100657,CHN19-01-1800008,dam
NL2011-1741006,CHN19-01-0002727,sire
CHN2017-01-1131009,CHN19-01-0002727,dam
NL2004-1759517,NL2006-1953380,sire
NL2004-1759599,NL2006-1953380,dam
NL2003-2123502,NL2004-1759517,sire
NL1998-2379702,NL2004-1759517,dam
NL1999-2010404,NL2004-1759599,sire
NL1996-1698968,NL2004-1759599,dam
CHN2012-01-1002635,CHN14-01-1282108,sire
CHN2011-01-469846,CHN14-01-1282108,dam
B2007-5067344,CHN10-01-340707,sire
B2003-4408129,CHN10-01-340707,dam
B2000-4065905,B2003-4408129,sire
B2000-4065838,B2003-4408129,dam
B2000-4065905,B03-4408129,sire
B2000-4065838,B03-4408129,dam
B1996-4271517,B2000-4065905,sire
B1999-4392910,B2000-4065905,dam
B1993-4392044,B2000-4065838,sire
B1996-4391910,B2000-4065838,dam
CHN2017-01-1605851,CHN18-01-1756530,sire
CHN2017-01-0100657,CHN18-01-1756530,dam
B2008-3153253,CHN2017-01-1605851,sire
CHN2009-01-981165,CHN2017-01-1605851,dam
CHN2010-01-281305,CHN19-01-1800037,sire
CHN2014-01-1282088,CHN19-01-1800037,dam
CHN2009-01-803758,CHN2010-01-281305,sire
B2005-6052073,CHN2010-01-281305,dam
B2010-2135174,CHN2014-01-1282088,sire
CHN2010-01-968036,CHN2014-01-1282088,dam
B2010-6246152,CHN19-01-0002742,sire
CHN2009-01-981165,CHN19-01-0002742,dam
B2004-6293144,B2010-6246152,sire
B2003-6452591,B2010-6246152,dam
B2010-6246198,CHN19-01-0002760,sire
CHN2018-01-1755934,CHN19-01-0002760,dam
B2012-6196232,CHN19-01-1800032,sire
CHN2016-01-0296210,CHN19-01-1800032,dam
NL2011-1740912,CHN19-01-1800014,sire
CHN2016-01-1485023,CHN19-01-1800014,dam
CHN2015-01-1162067,CHN19-01-1800534,sire
CHN2017-01-0661690,CHN19-01-1800534,dam
CHN2013-01-676551,CHN2015-01-1162067,sire
CHN2012-01-1002914,CHN2015-01-1162067,dam
CHN2014-01-04477,CHN2017-01-0661690,sire
CHN2014-01-00694,CHN2017-01-0661690,dam
CHN2017-01-1363636,CHN19-01-1800278,sire
CHN2018-01-1361536,CHN19-01-1800278,dam
NL2012-1618935,CHN2017-01-1363636,sire
CHN2016-01-0296226,CHN2017-01-1363636,dam
B2013-6310483,CHN2018-01-1361536,sire
JN2015-3136766,CHN2018-01-1361536,dam
B2004-4019943,CHN12-01-1002669,sire
B2002-4478706,CHN12-01-1002669,dam
B2002-4333378,B2004-4019943,sire
B1999-4365061,B2004-4019943,dam
B1999-4393573,B2002-4478706,sire
B2000-4065833,B2002-4478706,dam
B1999-4393573,B02-4478706,sire
B2000-4065833,B02-4478706,dam
B1991-4261261,B1999-4393573,sire
B1996-4391925,B1999-4393573,dam
B1998-4184899,B2000-4065833,sire
B1996-4391982,B2000-4065833,dam
CHN2014-01-1282347,CHN19-01-1800393,sire
CHN2016-01-0296264,CHN19-01-1800393,dam
CHN2011-01-469928,CHN2014-01-1282347,sire
CHN2012-01-1002616,CHN2014-01-1282347,dam
CHN2014-01-1282170,CHN2016-01-0296264,sire
CHN2013-01-850578,CHN2016-01-0296264,dam
CHN2017-01-1363636,CHN19-01-1800279,sire
CHN2018-01-1361536,CHN19-01-1800279,dam
B2010-6246152,CHN19-01-0002743,sire
CHN2009-01-981165,CHN19-01-0002743,dam
B2010-6246152,CHN2018-01-1755192,sire
CHN2016-01-1485037,CHN2018-01-1755192,dam
B2009-6233674,CHN2016-01-1485037,sire
B2007-6310392,CHN2016-01-1485037,dam
CHN2011-01-469940,CHN2016-01-0296261,sire
CHN2012-01-1002669,CHN2016-01-0296261,dam
NL2006-1953380,CHN2011-01-469940,sire
B2002-4247632,CHN2011-01-469940,dam
B2004-4019943,CHN2012-01-1002669,sire
B2002-4478706,CHN2012-01-1002669,dam
CHN2010-01-281310,CHN2015-01-1375459,sire
CHN2013-01-089986,CHN2015-01-1375459,dam
CHN2011-01-469262,CHN19-01-1800029,sire
CHN2014-01-1282219,CHN19-01-1800029,dam
B2007-5067344,CHN2014-01-1282219,sire
B2005-6336371,CHN2014-01-1282219,dam
CHN2014-01-1282347,CHN19-01-1800394,sire
CHN2016-01-0296264,CHN19-01-1800394,dam
CHN2017-01-1363636,CHN19-01-1800312,sire
CHN2018-01-1361536,CHN19-01-1800312,dam
CHN2013-01-850585,CHN19-01-1800284,sire
CHN2013-01-1236531,CHN19-01-1800284,dam
NL2014-1059566,CHN19-01-0002707,sire
CHN2009-01-981165,CHN19-01-0002707,dam
NL2008-1537236,NL2014-1059566,sire
NL2010-1682140,NL2014-1059566,dam
B2010-6246152,CHN2018-01-1755199,sire
CHN2016-01-1485037,CHN2018-01-1755199,dam
CHN2009-01-803710,JN2015-3136766,sire
B2007-6310392,JN2015-3136766,dam
B1998-6278036,B2007-6310392,sire
B1998-6589910,B2007-6310392,dam
NL2011-1740873,CHN19-01-1800023,sire
B2010-6358533,CHN19-01-1800023,dam
NL2005-1394707,NL2011-1740873,sire
NL2008-2049005,NL2011-1740873,dam
B2005-6450535,B2010-6358533,sire
B2006-6056112,B2010-6358533,dam
NL2011-1740873,CHN19-01-1800024,sire
B2010-6358533,CHN19-01-1800024,dam
CHN2017-01-1605786,CHN18-01-1756563,sire
CHN2016-01-1485014,CHN18-01-1756563,dam
B2010-6246152,CHN2017-01-1605786,sire
B2010-6358533,CHN2017-01-1605786,dam
B2009-6233674,CHN2016-01-1485014,sire
B2007-6310392,CHN2016-01-1485014,dam
B2010-6246152,CHN19-01-1800045,sire
CHN2010-01-340707,CHN19-01-1800045,dam
B2007-5067344,CHN2010-01-340707,sire
B2003-4408129,CHN2010-01-340707,dam
CHN2011-01-575696,CHN19-01-0002723,sire
CHN2011-01-469801,CHN19-01-0002723,dam
CHN2007-01-506020,CHN2011-01-575696,sire
B2008-5116103,CHN2011-01-575696,dam
CHN2009-01-981119,CHN2011-01-469801,sire
CHN2009-01-981165,CHN2011-01-469801,dam
B2012-6196232,CHN19-01-1800508,sire
CHN2016-01-0296210,CHN19-01-1800508,dam
B2007-6221588,CHN2016-01-0296210,sire
B2009-6248545,CHN2016-01-0296210,dam
CHN2017-01-1363636,CHN19-01-1800421,sire
CHN2018-01-1361536,CHN19-01-1800421,dam
CHN2013-01-850585,CHN19-01-1800285,sire
CHN2013-01-1236531,CHN19-01-1800285,dam
NL2013-1239470,CHN2017-01-1363666,sire
NL2010-1682295,CHN2017-01-1363666,dam
NL2008-1583474,NL2013-1239470,sire
NL2008-1537203,NL2013-1239470,dam
NL2008-1537227,NL2010-1682295,sire
B2004-3227967,NL2010-1682295,dam
CHN2015-01-1375657,CHN2017-01-0661692,sire
CHN2016-01-0296284,CHN2017-01-0661692,dam
CHN2012-01-1002635,CHN2015-01-1375657,sire
CHN2011-01-469282,CHN2015-01-1375657,dam
CHN2010-01-281310,CHN2017-01-0666810,sire
CHN2013-01-089986,CHN2017-01-0666810,dam
CHN2017-01-0100658,CHN19-01-1800281,sire
CHN2017-01-2005656,CHN19-01-1800281,dam
CHN2016-01-0296203,CHN2017-01-0100658,sire
CHN2013-01-850580,CHN2017-01-0100658,dam
CHN2013-01-850541,CHN2017-01-2005656,sire
CHN2016-01-0296215,CHN2017-01-2005656,dam
CHN2011-01-469262,CHN19-01-0002720,sire
CHN2014-01-1282219,CHN19-01-0002720,dam
CHN2018-01-1755822,CHN19-01-1800693,sire
CHN2013-01-089992,CHN19-01-1800693,dam
CHN2017-01-1605839,CHN2018-01-1755822,sire
CHN2017-01-0100711,CHN2018-01-1755822,dam
CHN2010-01-281305,CHN2013-01-089992,sire
CHN2010-01-340707,CHN2013-01-089992,dam
B2007-5067344,CHN2017-01-1605839,sire
CHN2009-01-981112,CHN2017-01-1605839,dam
CHN2011-01-469906,CHN2017-01-0100711,sire
CHN2012-01-1003066,CHN2017-01-0100711,dam
CHN2018-00,CHN19-01-1800680,sire
CHN2016-01-1485081,CHN19-01-1800680,dam
CHN2013-01-850585,CHN2018-00,sire
CHN2016-01-0296226,CHN2018-00,dam
B2010-6246152,CHN19-01-1800038,sire
CHN2010-01-340707,CHN19-01-1800038,dam
NL2011-1740873,CHN19-01-0002702,sire
B2005-6336371,CHN19-01-0002702,dam
B2007-5067344,CHN14-01-1282220,sire
B2005-6336371,CHN14-01-1282220,dam
CHN2011-01-469262,CHN19-01-0002637,sire
CHN2014-01-1282219,CHN19-01-0002637,dam
B2010-6246152,CHN19-01-1800026,sire
CHN2010-01-340707,CHN19-01-1800026,dam
B2007-5067344,CHN2016-01-1485095,sire
CHN2009-01-981112,CHN2016-01-1485095,dam
B1995-5111447,CHN2008-01-968506,sire
B2003-5071602,CHN2008-01-968506,dam
CHN1998-01-028823,CHN2010-01-968028,sire
B2002-4478706,CHN2010-01-968028,dam
B1998-2398266,CHN08-01-968609,sire
B2003-5071602,CHN08-01-968609,dam
B2001-5010172,B2003-5071602,sire
B1997-5166412,B2003-5071602,dam
CHN2017-01-0100658,CHN19-01-1800280,sire
CHN2017-01-2005656,CHN19-01-1800280,dam
CHN2018-00,CHN19-01-1800136,sire
CHN2016-01-1485081,CHN19-01-1800136,dam
NL2014-1059566,CHN19-01-0002734,sire
CHN2016-01-1485014,CHN19-01-0002734,dam
CHN2010-01-281310,CHN2015-01-1375741,sire
CHN2013-01-089986,CHN2015-01-1375741,dam
CHN2013-01-850541,CHN19-01-1800042,sire
CHN2009-01-803709,CHN19-01-1800042,dam
NL2014-1059566,CHN19-01-1800028,sire
CHN2016-01-1485014,CHN19-01-1800028,dam
CHN2013-01-850541,CHN2016-01-0296226,sire
CHN2014-01-1282219,CHN2016-01-0296226,dam
B1998-2398266,CHN09-01-803709,sire
B2003-5071602,CHN09-01-803709,dam
CHN2013-01-850541,CHN19-01-1800043,sire
CHN2009-01-803709,CHN19-01-1800043,dam
CHN2013-01-850585,CHN19-01-1800016,sire
CHN2016-01-0296215,CHN19-01-1800016,dam
NL2014-1059566,CHN19-01-1800009,sire
CHN2016-01-1485014,CHN19-01-1800009,dam
NL2016-1526300,CHN19-01-1800342,sire
CHN2017-01-1363655,CHN19-01-1800342,dam
NL2011-1740965,NL2016-1526300,sire
NL2011-1740912,CHN2017-01-1363655,sire
NL2013-1239323,CHN2017-01-1363655,dam
CHN2009-01-803710,CHN19-01-0002740,sire
B2010-6358533,CHN19-01-0002740,dam
CHN2016-01-1485095,CHN2018-22-0256272,sire
CHN2017-01-0100657,CHN2018-22-0256272,dam
NL2014-1059566,CHN19-01-0002735,sire
CHN2016-01-1485014,CHN19-01-0002735,dam
CHN2014-01-04477,CHN2018-01-0811258,sire
CHN2014-01-00694,CHN2018-01-0811258,dam
B2010-6246152,CHN19-01-0002628,sire
NL2010-1682275,CHN19-01-0002628,dam
NL2000-1975952,NL2010-1682275,sire
NL2007-1817985,NL2010-1682275,dam
NL2016-1526300,CHN19-01-1800341,sire
CHN2017-01-1363655,CHN19-01-1800341,dam
CHN2009-01-803710,CHN19-01-0002739,sire
B2010-6358533,CHN19-01-0002739,dam
B2010-6246152,CHN19-01-0002608,sire
NL2010-1682275,CHN19-01-0002608,dam
NL2016-1526300,CHN19-01-1800368,sire
CHN2017-01-1363655,CHN19-01-1800368,dam
CHN2018-01-1755898,CHN19-01-1800677,sire
CHN2014-01-1282213,CHN19-01-1800677,dam
NL2013-1239445,CHN2018-01-1755898,sire
NL2013-1239496,CHN2018-01-1755898,dam
CHN2014-01-04477,CHN2017-01-0661685,sire
CHN2014-01-00694,CHN2017-01-0661685,dam
B1998-2398266,CHN10-01-968016,sire
B2003-3186429,CHN10-01-968016,dam
B1993-3183025,B2003-3186429,sire
B2000-3128435,B2003-3186429,dam
CHN2013-01-850541,CHN19-01-1800006,sire
CHN2016-01-0296263,CHN19-01-1800006,dam
CHN2012-01-1002671,CHN2016-01-0296263,sire
CHN2014-01-1282216,CHN2016-01-0296263,dam
CHN2009-01-803710,CHN19-01-0002688,sire
CHN2016-01-1485014,CHN19-01-0002688,dam
CHN2018-01-1755898,CHN19-01-1800678,sire
CHN2014-01-1282213,CHN19-01-1800678,dam
CHN2018-01-1755004,CHN19-01-1800265,sire
CHN2018-01-1755690,CHN19-01-1800265,dam
NL2012-1619179,CHN2018-01-1755690,sire
NL2010-1682295,CHN2018-01-1755690,dam
DV2014-661-2371,CHN2017-01-1363693,sire
CHN2011-01-575708,CHN2017-01-1363693,dam
DV2010-03789-732,DV2014-661-2371,sire
DV2008-02371-127,DV2014-661-2371,dam
NL2014-1059611,CHN19-01-0002685,sire
CHN2008-01-968609,CHN19-01-0002685,dam
NL2007-1818004,NL2014-1059611,sire
NL2006-2162356,NL2014-1059611,dam
CHN2013-01-850585,CHN19-01-1800015,sire
CHN2016-01-0296215,CHN19-01-1800015,dam
CHN2014-01-00707,CHN2016-01-1485655,sire
CHN2013-01-1236632,CHN2016-01-1485655,dam
CHN2011-01-469905,CHN2014-01-00707,sire
B2008-6144214,CHN2014-01-00707,dam
CHN2012-24-608489,CHN2013-01-1236632,sire
CHN2010-01-968017,CHN2013-01-1236632,dam
NL2014-1059611,CHN19-01-0002736,sire
CHN2016-01-1485035,CHN19-01-0002736,dam
B2006-5088340,CHN2016-01-1485035,sire
CHN2008-01-968609,CHN2016-01-1485035,dam
NL2013-1239393,CHN2017-01-0100721,sire
CHN2015-01-1375658,CHN2017-01-0100721,dam
NL2007-1817891,NL2013-1239393,sire
NL2010-1682103,NL2013-1239393,dam
CHN2012-01-1002635,CHN2015-01-1375658,sire
CHN2011-01-469282,CHN2015-01-1375658,dam
CHN2018-00,CHN19-01-1800138,sire
CHN2017-01-1605918,CHN19-01-1800138,dam
CHN2017-06-0505313,CHN2018-00,sire
CHN2016-01-1485081,CHN2018-00,dam
CHN2010-01-968052,CHN2017-01-1605918,sire
CHN2009-01-981105,CHN2017-01-1605918,dam
CHN2013-01-850541,CHN19-01-1800035,sire
CHN2016-01-0296263,CHN19-01-1800035,dam
CHN2018-01-1755004,CHN19-01-1800309,sire
CHN2018-01-1755690,CHN19-01-1800309,dam
CHN2013-01-850541,CHN19-01-0002618,sire
CHN2016-01-0296263,CHN19-01-0002618,dam
CHN2014-01-04477,CHN19-01-1800445,sire
CHN2014-01-00694,CHN19-01-1800445,dam
CHN2015-01-1375459,CHN19-01-1800274,sire
CHN2017-01-1363626,CHN19-01-1800274,dam
CHN2013-01-850585,CHN2017-01-1363626,sire
CHN2013-01-850547,CHN2017-01-1363626,dam
CHN2018-01-1755004,CHN19-01-1800308,sire
CHN2018-01-1755690,CHN19-01-1800308,dam
CHN2017-01-1363668,CHN18-01-1756585,sire
CHN2016-01-0296231,CHN18-01-1756585,dam
CHN2011-01-469262,CHN2016-01-0296231,sire
CHN2011-01-469855,CHN2016-01-0296231,dam
CHN2014-01-04477,CHN19-01-1800335,sire
CHN2014-01-00694,CHN19-01-1800335,dam
CHN2011-01-469940,CHN2015-01-0005744,sire
CHN2012-01-1002669,CHN2015-01-0005744,dam
CHN2014-01-04477,CHN19-01-1800446,sire
CHN2014-01-00694,CHN19-01-1800446,dam
CHN2017-01-0666814,CHN19-01-1800307,sire
CHN2018-01-1755767,CHN19-01-1800307,dam
CHN2013-01-850541,CHN2017-01-0666814,sire
CHN2016-01-0296215,CHN2017-01-0666814,dam
NL2010-1682326,CHN2018-01-1755767,sire
NL2012-1619022,CHN2018-01-1755767,dam
CHN2015-01-1375459,CHN19-01-1800273,sire
CHN2017-01-1363626,CHN19-01-1800273,dam
CHN2013-01-850585,CHN2016-01-0296241,sire
CHN2012-01-1002616,CHN2016-01-0296241,dam
NL2006-1953380,CHN2012-01-1002616,sire
B2005-5059261,CHN2012-01-1002616,dam
CHN2018-01-1755091,CHN19-01-1800227,sire
CHN2017-01-1605840,CHN19-01-1800227,dam
CHN2009-01-803710,CHN2018-01-1755091,sire
B2005-6336371,CHN2018-01-1755091,dam
B2007-5067344,CHN2017-01-1605840,sire
CHN2009-01-981112,CHN2017-01-1605840,dam
CHN2017-01-0666814,CHN19-01-1800263,sire
CHN2018-01-1755767,CHN19-01-1800263,dam
CHN2015-01-1375459,CHN19-01-1800609,sire
CHN2017-01-1363626,CHN19-01-1800609,dam
CHN2017-01-0666814,CHN19-01-1800487,sire
CHN2018-01-1755767,CHN19-01-1800487,dam
CHN2008-01-968512,CHN2015-01-1375014,sire
B2005-6336352,CHN2015-01-1375014,dam
B2002-6330820,CHN2008-01-968512,sire
B2002-6330822,CHN2008-01-968512,dam
B1996-6335231,B2005-6336352,sire
B2006-6108790,B2005-6336352,dam
CHN2017-01-0666814,CHN19-01-1800486,sire
CHN2018-01-1755767,CHN19-01-1800486,dam
B1998-2398266,CHN12-01-1002620,sire
B2003-2120191,CHN12-01-1002620,dam
CHN2017-01-1605995,CHN19-01-1800164,sire
CHN2017-01-0100735,CHN19-01-1800164,dam
B2007-5067344,CHN2017-01-1605995,sire
CHN2009-01-981112,CHN2017-01-1605995,dam
CHN2010-01-281310,CHN2017-01-0100735,sire
CHN2013-01-089986,CHN2017-01-0100735,dam
NL2011-1741062,CHN2016-01-0296228,sire
NL2011-1740845,CHN2016-01-0296228,dam
NL2008-2048939,NL2011-1741062,sire
NL2005-1394729,NL2011-1741062,dam
NL2007-1817879,NL2011-1740845,sire
NL2009-1186381,NL2011-1740845,dam
NL2016-1526253,CHN2017-06-0505317,sire
NL2016-1526305,CHN2017-06-0505317,dam
NL2011-1736818,NL2016-1526253,sire
NL2014-1059637,NL2016-1526253,dam
NL2007-1817891,NL2016-1526305,sire
NL2012-1619135,NL2016-1526305,dam
CHN2012-01-1002607,CHN2014-01-1282026,sire
CHN2011-01-061804,CHN2014-01-1282026,dam
CHN2002-09-011924,CHN2012-01-1002607,sire
CHN2002-01-477844,CHN2012-01-1002607,dam
CHN2009-01-803778,CHN2011-01-061804,sire
B2009-3181839,CHN2011-01-061804,dam
CHN2017-06-0505317,CHN19-01-1800606,sire
CHN2017-01-1605736,CHN19-01-1800606,dam
NL2016-1526313,CHN2017-01-1605736,sire
NL2012-1619088,CHN2017-01-1605736,dam
CHN2016-01-1485535,CHN18-01-1756526,sire
CHN2016-01-0296217,CHN18-01-1756526,dam
CHN2011-01-469905,CHN2016-01-1485535,sire
CHN2013-01-089986,CHN2016-01-1485535,dam
CHN2011-01-575703,CHN19-01-1800034,sire
CHN2012-01-1003066,CHN19-01-1800034,dam
B2007-5067344,CHN2011-01-575703,sire
CHN2011-01-575703,CHN19-01-0002721,sire
CHN2012-01-1003066,CHN19-01-0002721,dam
CHN2011-01-575703,CHN19-01-1800129,sire
CHN2012-01-1003066,CHN19-01-1800129,dam
B14-1073383,CHN19-01-0051669,sire
B14-3090099,CHN19-01-0051669,dam
B13-5108675,B14-1073383,sire
B13-4176405,B14-1073383,dam
B13-3031767,B14-3090099,sire
B13-3031784,B14-3090099,dam
CHN2013-01-1236119,CHN18-01-1756548,sire
CHN2014-01-1282007,CHN18-01-1756548,dam
CHN2010-01-968022,CHN2014-01-1282007,sire
CHN2012-01-1003066,CHN2014-01-1282007,dam
CHN2010-01-968022,CHN19-01-1800673,sire
CHN2018-01-1755104,CHN19-01-1800673,dam
CHN2009-01-803710,CHN2018-01-1755104,sire
B2005-6336371,CHN2018-01-1755104,dam
CHN2018-01-1755146,CHN19-01-1800262,sire
CHN2018-01-0816921,CHN19-01-1800262,dam
CHN2014-01-332012,CHN2018-01-0816921,sire
CHN2017-01-0662181,CHN2018-01-0816921,dam
CHN2018-01-1755146,CHN19-01-1800261,sire
CHN2018-01-0816921,CHN19-01-1800261,dam
CHN2018-01-1755146,CHN19-01-1800126,sire
CHN2018-01-0816921,CHN19-01-1800126,dam
CHN2018-01-1755146,CHN19-01-1800125,sire
CHN2018-01-0816921,CHN19-01-1800125,dam
CHN2018-01-1755146,CHN19-01-1800115,sire
CHN2018-01-0816921,CHN19-01-1800115,dam
CHN2010-01-281305,CHN19-01-1800036,sire
CHN2014-01-1282088,CHN19-01-1800036,dam
CHN2010-01-281305,CHN19-01-0002729,sire
CHN2014-01-1282088,CHN19-01-0002729,dam
CHN2017-06-0505313,CHN19-01-1800144,sire
CHN2017-01-1363693,CHN19-01-1800144,dam
NL2011-1741006,CHN2017-06-0505313,sire
NL2012-1618980,CHN2017-06-0505313,dam
CHN2016-01-1485063,CHN19-01-0002753,sire
JN2015-3136766,CHN19-01-0002753,dam
CHN2009-01-803710,CHN19-01-0002658,sire
NL2013-1239422,CHN19-01-0002658,dam
NL2004-2050221,NL2013-1239422,sire
NL2006-2162355,NL2013-1239422,dam
CHN2009-01-803710,CHN19-01-1800027,sire
NL2010-1682295,CHN19-01-1800027,dam
CHN2018-00,CHN19-01-1800137,sire
CHN2016-01-1485081,CHN19-01-1800137,dam
CHN2016-01-1485032,CHN19-01-1800380,sire
CHN2017-01-0666807,CHN19-01-1800380,dam
CHN2013-01-850554,CHN2017-01-0666807,sire
NL2014-1059341,CHN2017-01-0666807,dam
CHN2016-01-1485032,CHN19-01-1800192,sire
CHN2017-01-0666807,CHN19-01-1800192,dam
CHN2017-01-1605839,CHN19-01-1800323,sire
CHN2017-01-0661689,CHN19-01-1800323,dam
CHN2017-01-1605839,CHN19-01-1800222,sire
CHN2017-01-0661689,CHN19-01-1800222,dam
CHN2014-01-00707,CHN19-01-1800205,sire
CHN2017-01-0100653,CHN19-01-1800205,dam
CHN2015-01-1375651,CHN19-01-1800167,sire
CHN2016-01-1485655,CHN19-01-1800167,dam
B2007-5067344,CHN2015-01-1375651,sire
B2005-6052073,CHN2015-01-1375651,dam
CHN2015-01-1375651,CHN19-01-1800156,sire
CHN2016-01-1485655,CHN19-01-1800156,dam
CHN2011-01-575703,CHN19-01-1800130,sire
CHN2012-01-1003066,CHN19-01-1800130,dam
CHN2016-01-1485063,CHN19-01-1800333,sire
CHN2017-01-1363666,CHN19-01-1800333,dam
CHN2010-01-968022,CHN19-01-1800674,sire
CHN2018-01-1755104,CHN19-01-1800674,dam
CHN2018-01-1755684,CHN19-01-1800578,sire
CHN2018-01-0816915,CHN19-01-1800578,dam
NL2012-1619179,CHN2018-01-1755684,sire
NL2010-1682295,CHN2018-01-1755684,dam
CHN2016-01-1485032,CHN2018-01-0816915,sire
CHN2017-01-0662188,CHN2018-01-0816915,dam
CHN2018-01-1755555,CHN19-01-1800675,sire
CHN2013-01-850570,CHN19-01-1800675,dam
CHN2009-01-803710,CHN2018-01-1755555,sire
B2005-6336371,CHN2018-01-1755555,dam
CHN2018-01-1755555,CHN19-01-1800149,sire
CHN2013-01-850570,CHN19-01-1800149,dam
CHN2016-01-0296294,CHN2017-01-0100726,sire
CHN2016-01-1485649,CHN2017-01-0100726,dam
CHN2014-01-358713,CHN2016-01-0296294,sire
CHN2015-01-1182372,CHN2016-01-0296294,dam
B2009-4263016,CHN2016-01-1485649,sire
B2005-5148997,CHN2016-01-1485649,dam
NL2012-1619179,CHN2016-01-0296219,sire
NL2013-1239496,CHN2016-01-0296219,dam
NL2009-1186313,NL2012-1619179,sire
NL2008-1537248,NL2012-1619179,dam
NL2010-1682333,NL2013-1239496,sire
NL2010-1682216,NL2013-1239496,dam
CHN2011-01-469940,CHN2016-01-05859,sire
CHN2012-01-1002669,CHN2016-01-05859,dam
CHN2011-01-469821,CHN2017-01-0100702,sire
CHN2016-01-1485655,CHN2017-01-0100702,dam
CHN2008-01-968616,CHN2011-01-469821,sire
CHN2009-01-981112,CHN2011-01-469821,dam
CHN2011-01-575703,CHN2017-01-0100715,sire
NL2013-1239531,CHN2017-01-0100715,dam
NL2011-1736818,NL2013-1239531,sire
NL2010-1682318,NL2013-1239531,dam
BE06-3008003,B12-3088241,sire
B07-3153257,B12-3088241,dam
B98-3158062,BE06-3008003,sire
B00-3195099,BE06-3008003,dam
B01-3140119,B07-3153257,sire
B99-3199906,B07-3153257,dam
B07-4162252,B15-2319134,sire
B14-3067003,B15-2319134,dam
B02-4408088,B07-4162252,sire
B05-4147234,B07-4162252,dam
B06-3008013,B14-3067003,dam
DV01654-02-1873,DV01298-06-291,sire
DV05714-01-837,DV01298-06-291,dam
NL01-1048239,DV01654-02-1873,sire
B01-6098509,DV01654-02-1873,dam
DV03236-97-26,DV05714-01-837,sire
DV03236-97-92,DV05714-01-837,dam
B14-3067141,B15-3025124,dam
B05-3006583,B14-3067141,sire
B04-3069721,B14-3067141,dam
B09-3040149,B13-3056274,dam
B07-510175,B12-3168986,dam
B98-9147129,B07-510175,sire
B98-9147107,B07-510175,dam
B10-3047071,BELG2012-3088157,dam
B99-3199708,B10-3047071,sire
B07-4361085,B10-3047071,dam
BE02-3025837,B09-5061853,sire
B00-5271057,B09-5061853,dam
B93-5010004,B00-5271057,sire
B93-5010010,B00-5271057,dam
B03-5071667,B10-5031133,dam
B03-50711667,B10-5031125,dam
B03-5071667,B10-5031228,dam
B08-3079196,B17-3041452,sire
B99-3020065,B08-3079196,sire
B95-3336674,B08-3079196,dam
B09-3187450,B2013-3048641,sire
B12-3070890,B2013-3048641,dam
B99-3020065,B09-3187450,sire
B07-3161836,B09-3187450,dam
B10-3059352,B12-3070890,sire
B04-3099057,B12-3070890,dam
B13-3159401,B15-3025356,dam
B05-3006583,B13-3159401,sire
B04-3069721,B13-3159401,dam
B13-3159401,B15-3025355,dam
B06-3008003,B15-3025348,sire
B08-3197988,B15-3025348,dam
B05-3224593,B08-3197988,sire
B06-2452361,B08-3197988,dam
B11-2101195,B15-3148000,dam
B06-210952,B11-2101195,dam
B10-3047084,B14-3157389,dam
B10-4325612,B2015-3025163,dam
B06-4247115,B10-4325612,sire
B09-3095085,B10-4325612,dam
NL08-1835180,CHN2014-01-299998,sire
NL11-1509064,CHN2014-01-299998,dam
B10-6166151178,B2014-6022966,sire
B08-6245220,B2014-6022966,dam
B94-6495178,B10-6166151178,sire
B99-6151638,B11-6261615,sire
B07-6110331,B11-6261615,dam
B86-6616231,B99-6151638,sire
B79-6631331,B99-6151638,dam
B00-6272030,B07-6110331,sire
B03-6226167,B07-6110331,dam
B02-6121713,B08-6245310,sire
B86-6616231,B02-6121713,sire
NL07-1962549,NL10-1818457,sire
NL09-1253550,NL10-1818457,dam
NL05-0534554,NL07-1962549,sire
NL06-0733616,NL07-1962549,dam
NL03-0389565,NL09-1253550,sire
NL07-3756200,NL09-1253550,dam
B06-2215497,HK2010-4686,sire
B06-3004383,BE13-3160506,sire
B06-3131096,BE13-3160506,dam
NL08-1550876,NL11-1750659,sire
NL09-1198779,NL11-1750659,dam
NL06-1079772,NL08-1550876,sire
NL07-1712750,NL08-1550876,dam
NL02-1657129,NL09-1198779,dam
NL02-0240954,NL09-3929041,sire
NL07-1374810,NL09-3929041,dam
NL90-1024072,NL02-0240954,sire
NL98-9848107,NL02-0240954,dam
NL05-1424297,NL07-1374810,sire
NL04-1561402,NL07-1374810,dam
NL01-2010067,NL07-3734971,sire
NL02-0240847,NL07-3734971,dam
NL90-1024081,NL01-2010067,sire
NL96-2414072,NL01-2010067,dam
NL01-0143188,NL02-0240847,sire
NL99-9927655,NL02-0240847,dam
B06-2082203,B10-2215851,dam
B06-6154774,B09-6130779,dam
B00-2408703,B07-2232719,sire
B99-2277949,B07-2232719,dam
B95-2479987,B00-2408703,dam
B86-5227213,B99-2277949,sire
B93-2053906,B99-2277949,dam
NL02-1949800,NL10-5021501,sire
CHN03-03-333333,CHN12-03-333318,sire
CHN03-03-303796,CHN12-03-333318,dam
B08-3079105,B09-3021719,dam
B06-2082231,B08-3079105,dam
B08-2040296,B10-2045469,sire
B00-2352683,B10-2045469,dam
B07-3161781,B08-3079270,dam
B03-3131024,B07-3161781,dam
CHN09-03-355573,CHN10-03-888005,sire
CHN04-03-333311,CHN10-03-888005,dam
CHN06-03-495565,CHN09-03-355573,sire
CHN07-03-003364,CHN09-03-355573,dam
CHN06-03-003333,CHN08-03-333399,sire
B11-6282563,B13-6026397,dam
CHN03-03-333333,CHN07-03-633277,sire
CHN03-03-303796,CHN07-03-633277,dam
C07-333361,CHN2010-01-913518,dam
B98-2214442,C07-333361,sire
B00-2408355,C07-333361,dam
B11-6340888,B13-6026355,sire
B12-61157124,B13-6309487,sire
B06-6255097,B13-6309487,dam
B09-6076635,B12-61157124,dam
B98-6216290,B06-6255097,sire
B02-6315014,B06-6255097,dam
B10-6251486,B13-6309484,sire
B08-6173282,B13-6309484,dam
BE10-6251515,BE11-6108779,sire
BE05-6116232,BE10-6251515,sire
BE99-6407743,BE10-6251515,dam
BE04-6374206,BE12-6157251,sire
BE97-6152347,BE04-6374206,sire
BE92-6452116,BE04-6374206,dam
BE12-6157186,BE13-6023576,sire
BE10-6251541,BE12-6157186,sire
BE02-6315014,BE12-6157186,dam
BE11-6108644,BE13-6023564,sire
BE09-6075524,BE11-6108644,sire
BE05-6117670,BE11-6108644,dam
BE09-6075524,BE12-6320819,sire
BE06-6255096,BE12-6320819,dam
BE08-6173818,BE09-6075524,sire
BE03-6277636,BE09-6075524,dam
BE04-6462534,BE06-6255096,dam
BE04-6472084,BE12-6320814,sire
BE03-6277418,BE04-6472084,sire
BE91-6443972,BE04-6472084,dam
BE09-6356757,BE13-6075404,sire
BE01-6455003,BE09-6356757,sire
BE02-6114797,BE09-6356757,dam
BE05-6446740,B13-6075409,sire
BE08-6385532,B13-6075409,dam
BE98-6160968,BE05-6446740,sire
BE95-6302321,BE05-6446740,dam
BE01-6455003,BE08-6385532,sire
BE06-6410620,BE08-6385532,dam
BE10-6251602,BE12-6327438,sire
BE05-6116222,BE10-6251602,sire
BE02-6315014,BE10-6251602,dam
BE01-6401491,BE09-6369273,sire
BE04-6374259,BE09-6369273,dam
BE97-6152347,BE01-6401491,sire
BE92-6452116,BE01-6401491,dam
BE98-6216290,BE04-6374259,sire
BE02-6315041,BE04-6374259,dam
BE11-6108692,BE12-6327433,sire
BE06-6255090,BE11-6108692,sire
BE90-6328646,BE11-6108692,dam
BE11-6108644,BE12-6157205,sire
BE07-6022471,BE12-6320832,sire
BE08-6173230,BE12-6320832,dam
BE03-6277483,BE07-6022471,sire
BE00-6175805,BE07-6022471,dam
BE04-6472084,BE08-6173230,sire
BE06-6255026,BE08-6173230,dam
BE03-6277417,BE09-6369268,sire
BE03-6277405,BE09-6369268,dam
BE98-6216290,BE03-6277417,sire
BE88-6107727,BE03-6277417,dam
BE97-6152347,BE03-6277405,sire
BE99-6407743,BE03-6277405,dam
BE12-6157121,BE13-6023574,sire
BE03-6277483,BE12-6157121,sire
BE00-6175805,BE12-6157121,dam
BE12-6157130,BE13-6023565,sire
BE10-6251618,BE12-6157130,sire
BE02-6315014,BE12-6157130,dam
BE12-6157173,BE13-6023586,sire
BE12-6157208,BE13-6023586,dam
BE09-6076604,BE12-6157173,sire
BE02-6315014,BE12-6157173,dam
BE03-6277483,BE12-6157208,sire
BE10-6251643,BE12-6157208,dam
BE11-6108648,BE13-6023585,sire
BE10-6251654,BE11-6108648,sire
BE02-6315014,BE11-6108648,dam
BE12-6157182,BE13-6023579,sire
BE12-6157101,BE13-6023579,dam
BE11-6108645,BE12-6157182,sire
BE08-6174835,BE12-6157182,dam
BE10-6251654,BE12-6157101,sire
BE08-6259267,BE12-6157101,dam
BE12-6157121,BE13-6023575,sire
BE11-6108692,BE13-6023555,sire
BE11-6108686,BE13-6023591,sire
BE10-6251525,BE11-6108686,sire
BE02-6315014,BE11-6108686,dam
BE12-6157106,BE13-6023557,sire
BE00-6175870,BE12-6157106,sire
BE89-6413272,BE12-6157106,dam
BE06-6254023,BE13-6023570,sire
BE03-6277483,BE06-6254023,sire
BE00-6175805,BE06-6254023,dam
BE12-6157186,BE13-6023577,sire
BE12-6157195,BE13-6023592,sire
BE11-6108649,BE12-6157195,sire
BE02-6315014,BE12-6157195,dam
BE06-6255075,BE13-6023560,sire
BE01-6401491,BE06-6255075,sire
BE95-6246028,BE06-6255075,dam
BE11-6108679,BE13-6023553,sire
BE06-6255037,BE11-6108679,sire
BE03-6277485,BE11-6108679,dam
BE12-6157188,BE13-6023597,sire
BE12-6157139,BE13-6023597,dam
BE11-6108659,BE12-6157188,sire
BE00-6175805,BE12-6157188,dam
BE05-6116222,BE12-6157139,sire
BE09-6356404,BE12-6157139,dam
BE12-6157181,BE13-6023561,sire
BE04-6472084,BE12-6157181,sire
BE02-6315014,BE12-6157181,dam
BE12-6157156,BE13-6023581,sire
BE06-6255090,BE12-6157156,sire
BE90-6328646,BE12-6157156,dam
BE10-6251602,BE13-6023568,sire
BE12-6157106,BE13-6023556,sire
BE12-6157165,BE13-6023552,sire
BE06-6254023,BE12-6157165,sire
BE00-6175805,BE12-6157165,dam
BE12-6155975,BE13-6023600,sire
BE09-6226221,BE12-6155975,sire
BE02-6087804,BE12-6155975,dam
BE12-6155975,BE13-6023599,sire
BE12-6157147,BE13-6023558,sire
BE03-6277483,BE12-6157147,sire
BE00-6175805,BE12-6157147,dam
BE12-6157182,BE13-6023578,sire
BE12-6157101,BE13-6023578,dam
BE12-6157172,BE13-6023588,sire
BE09-6076604,BE12-6157172,sire
BE02-6315014,BE12-6157172,dam
BE12-6157181,BELG2013-6023562,sire
BE12-6157117,BELG2013-6023562,dam
BE01-6380175,BE12-6157181,dam
BE09-6076604,BE12-6157117,sire
BE09-4164291,BE12-6157117,dam
BE12-6157187,BELG2013-6023594,sire
BE12-6157199,BELG2013-6023594,dam
BE10-6251541,BE12-6157187,sire
BE02-6315014,BE12-6157187,dam
BE10-6251601,BE12-6157199,sire
BE06-6255009,BE12-6157199,dam
BE12-6157221,BELG2013-6023572,sire
BE12-6141779,BELG2013-6023572,dam
BE09-6075524,BE12-6157221,sire
BE08-6173836,BE12-6157221,dam
BE10-6299501,BE12-6141779,sire
BE11-6239660,BE12-6141779,dam
BE11-6108671,BE12-6327434,sire
BE06-6255031,BE11-6108671,sire
BE99-6407743,BE11-6108671,dam
BE10-6251468,BE12-6320807,sire
BE06-6256241,BE10-6251468,sire
BE99-6438091,BE10-6251468,dam
BE08-6174934,BE11-6108780,sire
BE03-6277483,BE08-6174934,sire
BE00-6175805,BE08-6174934,dam
BE09-6075506,BE13-6023596,sire
BE00-6175825,BE09-6075506,sire
BE89-6413272,BE09-6075506,dam
BE12-6157172,BE13-6023589,sire
BE11-6108679,BE13-6023554,sire
BE10-6251602,BE13-6023569,sire
B92-2198165,B06-2082164,sire
B98-6084339,B06-2082164,dam
B83-2350199,B92-2198165,sire
B91-6437358,B92-2198165,dam
B94-6081753,B98-6084339,sire
B93-6057704,B98-6084339,dam
B01-2137150,B10-2215863,sire
B20-2117363,B10-2215863,dam
B90-2553359,B01-2137150,sire
B87-4021090,B01-2137150,dam
B92-6337535,B20-2117363,sire
B97-2076286,B20-2117363,dam
B08-2040296,B11-2083490,sire
B01-1439889,B12-2061557,sire
B08-6316403,B13-6082505,sire
B11-6266649,B13-6082505,dam
B01-6522916,B08-6316403,sire
B06-6135329,B08-6316403,dam
BELG2001-2137150,B09-2054201,sire
B05-2284685,B11-2083401,sire
B11-2083206,B15-2062029,sire
B01-2137150,B11-2083206,sire
B06-2082050,B11-2083206,dam
B92-2198165,B10-2215877,sire
B98-6084339,B10-2215877,dam
B99-2036308,B10-2045201,dam
B94-6059276,B99-2036308,sire
B94-2061091,B99-2036308,dam
NL97-2524534,NL06-1828941,sire
NL03-1287748,NL06-1828941,dam
NL93-2334466,NL97-2524534,sire
NL91-1581202,NL97-2524534,dam
NL93-1059875,NL03-1287748,sire
NL87-2225434,NL03-1287748,dam
NL05-2159336,NL06-1829009,sire
NL04-1626574,NL06-1829009,dam
NL02-2211286,NL05-2159336,sire
NL01-5116808,NL05-2159336,dam
NL97-2524534,NL04-1626574,sire
NL01-1135505,NL04-1626574,dam
NL99-2396818,NL06-1829013,sire
NL98-1249395,NL99-2396818,sire
NL93-2741611,NL99-2396818,dam
B05-6045565,NL08-1543729,sire
B05-4396465,NL08-1543729,dam
B02-6113220,B05-6045565,sire
B00-6440232,B05-6045565,dam
B98-4275493,B05-4396465,sire
B98-4275469,B05-4396465,dam
NL98-1512769,NL09-1403398,sire
B06-5100854,B13-5098953,dam
B11-3123319,B13-3159645,dam
NL02-5236662,NL2004-2060798,dam
B99-3151698,NL02-5236662,dam
B02-3003538,B2008-4281577,sire
B07-3199957,B2008-4281577,dam
B94-3237043,B02-3003538,sire
B96-4391939,B02-3003538,dam
B05-4082656,B07-3199957,sire
B01-3053364,B07-3199957,dam
B08-3037496,B2011-3123608,sire
B08-3037345,B2011-3123608,dam
B04-6177653,NL2008-2023569,sire
B02-6175791,NL2008-2023569,dam
B99-2396264,B04-6177653,sire
B98-6421220,B04-6177653,dam
B99-6381018,B02-6175791,sire
B97-6162118,B02-6175791,dam
B01-6262975,B2002-6505639,sire
B99-6552439,B2002-6505639,dam
B93-6681316,B01-6262975,sire
B97-6270490,B01-6262975,dam
B92-6606146,B99-6552439,sire
B94-6434010,B99-6552439,dam
B98-6396513,B2002-2186629,sire
B95-2495412,B2002-2186629,dam
B94-6495228,B98-6396513,sire
B90-6237578,B98-6396513,dam
B91-1763303,B95-2495412,sire
B90-2100457,B95-2495412,dam
B04-6095492,B2009-6040505,sire
B04-6095553,B2009-6040505,dam
B94-6323005,B04-6095492,sire
B90-6652120,B04-6095492,dam
B95-6246005,B04-6095553,sire
B90-6652120,B04-6095553,dam
B05-4166006,B2006-4192050,sire
B04-4010243,B2006-4192050,dam
B92-807229,B05-4166006,sire
B85-2467558,B05-4166006,dam
B99-412521,B04-4010243,sire
B99-4125265,B04-4010243,dam
B04-6238161,B2005-6440153,sire
B04-6238153,B2005-6440153,dam
B98-6253038,B04-6238161,sire
B99-6304381,B04-6238161,dam
B97-6073648,B04-6238153,dam
B07-4373192,B2012-4302395,sire
B11-4090102,B2012-4302395,dam
B02-4478940,B07-4373192,dam
B08-4351119,B11-4090102,sire
B06-6185492,B11-4090102,dam
B05-6048304,B2006-6145436,sire
B04-6075332,B2006-6145436,dam
B00-6140445,B05-6048304,sire
B99-6060550,B05-6048304,dam
B02-6095728,B04-6075332,sire
B03-6190447,B04-6075332,dam
B08-4281577,B12-4176506,sire
B08-4281550,B12-4176506,dam
B02-3003538,B08-4281577,sire
B96-4391939,B08-4281577,dam
B06-4377103,B08-4281550,sire
B05-2076701,B08-4281550,dam
NL06-1619070,NL2008-1158423,sire
NL04-1626565,NL2008-1158423,dam
NL96-5682462,NL06-1619070,sire
NL05-1935647,NL06-1619070,dam
NL97-5774231,NL04-1626565,sire
NL91-1581202,NL04-1626565,dam
NL02-2258989,NL2008-1158653,sire
NL03-1979970,NL2008-1158653,dam
NL99-1575803,NL02-2258989,sire
NL97-4322738,NL02-2258989,dam
B96-1903749,NL03-1979970,sire
B97-6270352,NL03-1979970,dam
NL01-5162009,NL2005-2103414,sire
NL99-5927540,NL2005-2103414,dam
NL92-1516130,NL01-5162009,sire
NL96-2657786,NL01-5162009,dam
NL94-1380745,NL99-5927540,sire
NL96-1737125,NL99-5927540,dam
B98-6490807,B2006-6108504,sire
B01-6344347,B2006-6108504,dam
B94-6385403,B98-6490807,sire
B88-6631627,B98-6490807,dam
B99-6353015,B01-6344347,sire
B97-6421435,B01-6344347,dam
B07-2193455,B2009-2021750,sire
B06-2233618,B2009-2021750,dam
B01-2284761,B07-2193455,sire
B05-2219224,B07-2193455,dam
B91-2306167,B06-2233618,sire
B98-2449019,B06-2233618,dam
NL04-0439848,NL2009-3926186,sire
NL06-1185071,NL2009-3926186,dam
NL98-9842771,NL04-0439848,sire
NL96-9674907,NL04-0439848,dam
NL05-0530716,NL06-1185071,sire
NL04-1655496,NL06-1185071,dam
B97-6393104,B2002-6257907,sire
B99-6438824,B2002-6257907,dam
B94-6308029,B97-6393104,sire
B90-6652120,B97-6393104,dam
B96-6288071,B99-6438824,sire
B96-6288131,B99-6438824,dam
B97-6151767,B2005-6053318,sire
B01-6379573,B2005-6053318,dam
B99-6437196,B01-6379573,sire
B94-6366893,B01-6379573,dam
B92-6451510,B2005-5213988,sire
B01-5025701,B2005-5213988,dam
B91-6325915,B92-6451510,sire
B89-6270437,B92-6451510,dam
B97-5204417,B01-5025701,sire
B95-5111447,B01-5025701,dam
B06-2158044,B2012-2111366,sire
B05-2079373,B2012-2111366,dam
B04-2272942,B06-2158044,sire
B03-2285650,B06-2158044,dam
B01-6364730,B05-2079373,sire
B98-6372155,B05-2079373,dam
B06-6145443,B2007-6042312,sire
B06-6145429,B2007-6042312,dam
B04-6075395,B06-6145443,sire
B04-6075390,B06-6145443,dam
B99-6060510,B06-6145429,sire
B05-6048131,B06-6145429,dam
B99-4250152,B2008-4234190,sire
B07-3129216,B2008-4234190,dam
B96-3314584,B99-4250152,sire
B93-3050110,B99-4250152,dam
B00-3280282,B07-3129216,sire
B95-3336350,B07-3129216,dam
B06-5036913,B2010-6174774,sire
B04-6444022,B2010-6174774,dam
B95-5295724,B06-5036913,sire
B91-5055514,B06-5036913,dam
B95-6227709,B04-6444022,sire
B92-3359525,B04-6444022,dam
NL04-205614,NL2007-1827174,sire
NL03-2147098,NL2007-1827174,dam
NL02-1682755,NL04-205614,sire
NL02-1646216,NL04-205614,dam
NL99-2374205,NL03-2147098,sire
NL95-5569553,NL03-2147098,dam
B02-3095917,B2007-3074980,sire
B01-3166849,B2007-3074980,dam
B99-3260280,B02-3095917,sire
B93-3017097,B02-3095917,dam
B92-3266678,B01-3166849,sire
B91-3212937,B01-3166849,dam
B96-3287022,B2011-3021308,sire
B05-3219262,B2011-3021308,dam
B83-3020156,B96-3287022,sire
B77-3043584,B96-3287022,dam
B94-3320789,B05-3219262,sire
B91-3342395,B05-3219262,dam
B09-3066697,B2010-3011434,sire
B09-3147255,B2010-3011434,dam
B00-3263991,B09-3066697,sire
B05-3222518,B09-3066697,dam
B07-3153470,B09-3147255,sire
B04-3165655,B09-3147255,dam
B04-4130972,B2007-4126113,sire
B06-4185958,B2007-4126113,dam
B96-4352734,B04-4130972,sire
B03-4074060,B04-4130972,dam
B99-4160659,B06-4185958,sire
B00-4350316,B06-4185958,dam
B03-6095358,B2008-6340559,sire
B05-6170855,B2008-6340559,dam
B93-6499559,B03-6095358,dam
B07-2103401,B2010-5043097,sire
B07-2231500,B2010-5043097,dam
B04-3230936,B07-2103401,sire
B93-3354340,B07-2103401,dam
B04-5042718,B07-2231500,sire
B02-5029573,B07-2231500,dam
B94-6495178,B2003-6226462,sire
B2002-3185845,B2011-3123611,sire
B2004-3075523,B2011-3123611,dam
B03-6226043,B2012-6225393,sire
B08-6245020,B2012-6225393,dam
B99-6151734,B03-6226043,sire
B97-6362091,B03-6226043,dam
B02-4479161,B08-6245020,sire
B01-4174057,B08-6245020,dam
B04-6177653,NL2008-2023570,sire
B02-6175791,NL2008-2023570,dam
B95-6316475,B2005-6405555,sire
B98-6592716,B2005-6405555,dam
B91-6298540,B95-6316475,sire
B91-6298570,B95-6316475,dam
B91-6680124,B98-6592716,sire
B89-6040787,B98-6592716,dam
B02-2186629,B2009-2213692,sire
B01-2343908,B2009-2213692,dam
B98-6396513,B02-2186629,sire
B92-6520318,B02-2186629,dam
B96-2224677,B01-2343908,sire
B93-2034391,B01-2343908,dam
B98-6123039,NL01-1411431,sire
NL99-1870734,NL01-1411431,dam
B04-6238161,B2005-6440154,sire
B04-6238153,B2005-6440154,dam
B07-4373192,B2012-4313637,sire
B08-4130386,B2012-4313637,dam
B04-4437289,B08-4130386,sire
B02-4064532,B08-4130386,dam
B08-4281577,B2012-4176505,sire
B08-4281550,B2012-4176505,dam
NL97-5774231,NL2008-1158667,sire
NL01-1135505,NL2008-1158667,dam
NL93-2334466,NL97-5774231,sire
NL91-1581202,NL97-5774231,dam
NL98-582141,NL01-1135505,sire
B96-6286060,NL01-1135505,dam
NL01-5162009,NL2006-1762492,sire
NL04-1563041,NL2006-1762492,dam
NL99-1869521,NL04-1563041,sire
B94-6112853,NL04-1563041,dam
B00-3263991,B2009-3066697,sire
B05-3222518,B2009-3066697,dam
B92-6451510,B2003-5120033,sire
B01-5025701,B2003-5120033,dam
B03-6095358,B2007-6398115,sire
B05-6170855,B2007-6398115,dam
B07-2103401,B2012-2198247,sire
B08-5119510,B2012-2198247,dam
B03-2101107,B08-5119510,sire
B99-4183207,B08-5119510,dam
B2004-2125350,B2011-2206051,dam
B02-4479161,B2012-6225247,sire
B05-6221065,B2012-6225247,dam
B97-4263065,B02-4479161,sire
B95-4148210,B02-4479161,dam
B03-6226043,B05-6221065,sire
B01-6153998,B05-6221065,dam
B99-3285099,B06-4377103,sire
B2002-2186629,B2009-2053035,sire
B2001-2343908,B2009-2053035,dam
B92-6520318,B2002-2186629,dam
B96-2224677,B2001-2343908,sire
B93-2034391,B2001-2343908,dam
B2008-3037377,B2011-3123779,sire
B2005-3177035,B2011-3123779,dam
B08-6245182,B2012-6225242,sire
B08-6245136,B2012-6225242,dam
B94-6495178,B08-6245182,sire
B93-5188111,B08-6245182,dam
B03-6226043,B08-6245136,sire
B01-6153998,B08-6245136,dam
B06-2094201,B2011-2204066,dam
B02-3003885,B06-2094201,sire
B98-6396501,B06-2094201,dam
B03-6226043,B2012-6225256,sire
B08-6245265,B2012-6225256,dam
B99-6151734,B08-6245265,sire
B97-6362091,B08-6245265,dam
B04-6177653,NL2009-1649601,sire
B02-6175791,NL2009-1649601,dam
B95-6316548,B2005-6405653,sire
B04-6464241,B2005-6405653,dam
B87-6616473,B95-6316548,sire
B88-6145498,B95-6316548,dam
B99-6185697,B04-6464241,sire
B97-6270419,B04-6464241,dam
B02-2186629,B2009-2044111,sire
B01-2343908,B2009-2044111,dam
B01-4094638,B2012-4310401,sire
B11-4090166,B2012-4310401,dam
B86-4003023,B01-4094638,sire
B85-4063310,B01-4094638,dam
B08-4351119,B11-4090166,sire
B06-6185492,B11-4090166,dam
NL00-1467510,NL2008-1158671,sire
NL07-1875931,NL2008-1158671,dam
NL93-2334466,NL00-1467510,sire
NL91-1581202,NL00-1467510,dam
NL95-201944,NL07-1875931,sire
NL00-2064354,NL07-1875931,dam
NL97-2555195,NL07-1369792,sire
NL03-1918649,NL07-1369792,dam
NL88-2854505,NL97-2555195,sire
NL94-2534470,NL97-2555195,dam
NL93-2101573,NL03-1918649,sire
NL02-1116530,NL03-1918649,dam
B92-6451510,B2005-5120037,sire
B01-5025701,B2005-5120037,dam
B07-2103401,B12-2198255,sire
B06-8030517,B12-2198255,dam
B98-9159660,B06-8030517,sire
B97-2222852,B06-8030517,dam
B03-6226043,B2012-6225295,sire
B05-6221127,B2012-6225295,dam
B95-6508036,B05-6221127,sire
B93-6383612,B05-6221127,dam
B01-4094638,B2010-4316346,sire
B03-4135793,B2010-4316346,dam
B98-4538833,B03-4135793,sire
B97-4182175,B03-4135793,dam
B09-3040476,B2011-3123787,sire
B09-3149960,B2011-3123787,dam
B06-2094541,B2011-2205648,dam
B99-6143862,B06-2094541,sire
B95-6649143,B06-2094541,dam
B96-6445379,B2005-6405525,sire
B03-6483976,B2005-6405525,dam
B90-6237530,B96-6445379,sire
B93-6491935,B96-6445379,dam
B96-6490451,B03-6483976,sire
B96-6445386,B03-6483976,dam
B05-2204476,B07-2222243,sire
B01-2339528,B07-2222243,dam
B98-6396513,B03-2307885,sire
B92-6520318,B03-2307885,dam
B07-2103401,B2011-2186569,sire
B06-87281109,B2011-2186569,dam
B00-3200601,B07-2103401,dam
B04-6073873,B06-87281109,sire
B00-6141401,B06-87281109,dam
B98-6523290,B2007-6363806,sire
B02-6183731,B2007-6363806,dam
B95-6246005,B98-6523290,sire
B90-6652120,B98-6523290,dam
B97-6423539,B02-6183731,sire
B95-6368251,B02-6183731,dam
NL04-1626597,NL2008-1158673,sire
B02-3026154,NL2008-1158673,dam
NL97-2524534,NL04-1626597,sire
NL91-1581202,NL04-1626597,dam
B92-3138647,B02-3026154,sire
B87-3089349,B02-3026154,dam
NL01-1416589,NL2007-1370725,sire
NL01-1411183,NL2007-1370725,dam
NL93-5334396,NL01-1416589,sire
NL85-679142,NL01-1416589,dam
NL87-1473403,NL01-1411183,sire
NL98-1741304,NL01-1411183,dam
B92-6451510,B2003-5241876,sire
B01-5025701,B2003-5241876,dam
B03-6095358,B2008-6340560,sire
B05-6170855,B2008-6340560,dam
B07-6110353,B2012-6317974,sire
B06-6154422,B2012-6317974,dam
B99-6151734,B07-6110353,sire
B97-6362091,B07-6110353,dam
B94-6495178,B06-6154422,sire
B93-5188111,B06-6154422,dam
B09-3040476,B2012-3120244,sire
B09-3149960,B2012-3120244,dam
B03-9007138,B2007-2103571,dam
B97-9129061,B03-9007138,sire
B94-9080023,B03-9007138,dam
B02-6366788,B2005-6405896,sire
B02-6471677,B2005-6405896,dam
B95-6316476,B02-6366788,sire
B95-6637008,B02-6366788,dam
B99-6169909,B02-6471677,sire
B97-6270490,B02-6471677,dam
B07-2103401,B2012-2198254,sire
B97-2126504,B2007-2248729,sire
B98-2437299,B2007-2248729,dam
B95-2156510,B97-2126504,sire
B87-2124109,B97-2126504,dam
B90-2105473,B98-2437299,sire
B87-6337256,B98-2437299,dam
NL03-1980145,NL2008-1158682,sire
NL04-1626565,NL2008-1158682,dam
NL93-2334466,NL03-1980145,sire
NL01-2056084,NL03-1980145,dam
NL01-5162009,NL2007-1369819,sire
NL04-1559771,NL2007-1369819,dam
NL95-1392071,NL04-1559771,sire
NL03-1913377,NL04-1559771,dam
B03-6095358,NL2007-2062877,sire
B05-6170855,NL2007-2062877,dam
B08-2095047,B2011-2000420,dam
B06-2094313,B08-2095047,sire
B03-3241862,B08-2095047,dam
B2007-2103401,B2011-2186556,sire
B06-5158335,B2011-2186556,dam
B04-3230936,B2007-2103401,sire
B00-3200601,B2007-2103401,dam
B03-2251228,B06-5158335,sire
B02-2252018,B06-5158335,dam
B2009-3181572,B2013-3145750,sire
B08-3037425,B2013-3145750,dam
B99-6185753,B2006-6412575,sire
B00-6452456,B2006-6412575,dam
B91-6680124,B99-6185753,sire
B89-6040787,B99-6185753,dam
B95-6647246,B00-6452456,sire
B99-6185756,B00-6452456,dam
NL01-1391462,NL2008-1149986,sire
NL01-5116808,NL2008-1149986,dam
NL99-2076269,NL01-1391462,sire
NL95-5552668,NL01-1391462,dam
NL00-1467509,NL01-5116808,sire
NL91-1581202,NL01-5116808,dam
B03-6095358,B2011-6238579,sire
NL09-3952735,B2011-6238579,dam
NL08-1537978,NL09-3952735,sire
NL06-2162356,NL09-3952735,dam
B05-6221037,B06-6154559,sire
B03-6226190,B06-6154559,dam
B08-3037496,B2013-3145752,sire
B08-3037345,B2013-3145752,dam
B07-3128597,B2013-3145753,sire
B97-6600121,B2005-6405658,sire
B04-6469830,B2005-6405658,dam
B90-6237530,B97-6600121,sire
B93-6491935,B97-6600121,dam
B94-6582712,B04-6469830,sire
B94-6434010,B04-6469830,dam
NL01-5162009,NL2006-1763608,sire
NL03-1913062,NL2006-1763608,dam
NL98-5834502,NL03-1913062,sire
NL96-1633588,NL03-1913062,dam
B09-3040476,B2013-3145760,sire
B2009-3149960,B2013-3145760,dam
B00-6548780,B2009-6301950,sire
B04-6467302,B2009-6301950,dam
B91-6685040,B00-6548780,sire
B93-6491172,B00-6548780,dam
B93-6681396,B04-6467302,sire
B97-6270490,B04-6467302,dam
NL05-5507031,NL2009-1889664,sire
NL07-1616609,NL2009-1889664,dam
NL02-5226779,NL05-5507031,sire
NL98-5863726,NL05-5507031,dam
NL05-5507031,NL07-1616609,sire
NL02-1400618,NL07-1616609,dam
B07-2038199,B2012-2177368,sire
B06-5158335,B2012-2177368,dam
B04-2180228,B07-2038199,sire
B98-2245478,B07-2038199,dam
B07-2038199,B2012-2177784,sire
B2004-3075492,B2013-3145761,sire
B2008-3022143,B2013-3145761,dam
B99-6185683,B2009-6301955,sire
B04-6369313,B2009-6301955,dam
B95-6316476,B99-6185683,sire
B95-6637008,B99-6185683,dam
B95-6316522,B04-6369313,sire
B02-6499857,B04-6369313,dam
NL03-1911662,NL2011-1343215,sire
NL10-1272216,NL2011-1343215,dam
B93-6234444,NL03-1911662,sire
B90-6661229,NL03-1911662,dam
NL00-5022776,NL10-1272216,sire
NL99-1869054,NL10-1272216,dam
NL05-2159337,NL2009-1889635,sire
NL01-1135505,NL2009-1889635,dam
NL02-2211286,NL05-2159337,sire
NL01-6519910,NL05-2159337,dam
NL98-5821416,NL01-1135505,sire
B07-2038199,B2012-2177762,sire
B08-2169785,B2012-2177762,dam
B06-2075050,B08-2169785,sire
B05-6079766,B08-2169785,dam
B2009-3171413,B2013-3145764,sire
B2006-3125959,B2013-3145764,dam
B01-6262975,B2009-6301961,sire
B99-6552439,B2009-6301961,dam
NL97-5774231,NL2008-1158452,sire
NL04-1990861,NL2008-1158452,dam
NL00-1904975,NL04-1990861,sire
NL97-1447307,NL04-1990861,dam
B07-2038199,B2012-2177387,sire
B09-5163282,B2012-2177387,dam
B99-4221852,B09-5163282,sire
B03-2101211,B09-5163282,dam
B04-3075492,B2013-3145788,sire
B08-3022143,B2013-3145788,dam
B96-6445235,B2007-6385478,sire
B03-6467331,B2007-6385478,dam
B95-6316522,B96-6445235,sire
B94-6434988,B96-6445235,dam
B95-6316476,B03-6467331,sire
B95-6637008,B03-6467331,dam
B07-2038199,B2012-2175528,sire
B08-2239839,B2012-2175528,dam
B04-8008110,B08-2239839,sire
B02-8027185100,B08-2239839,dam
B2010-3183610,B2014-3115733,sire
B2004-3075523,B2014-3115733,dam
B05-3006555,B06-4352098,sire
B03-6381698,B06-4352098,dam
NL97-5774231,NL2008-1158453,sire
NL04-1990861,NL2008-1158453,dam
NL03-1287765,NL2008-1158642,sire
NL01-1135504,NL2008-1158642,dam
NL95-2067230,NL03-1287765,sire
NL92-5212284,NL03-1287765,dam
NL99-1845343,NL01-1135504,sire
NL91-1581202,NL01-1135504,dam
B02-6298957,B2009-6301956,sire
B04-6369209,B2009-6301956,dam
B95-6316539,B02-6298957,sire
B01-6519919,B02-6298957,dam
B96-6490451,B04-6369209,sire
B96-6406776,B04-6369209,dam
NL02-2258989,NL2008-1158654,sire
NL03-1979970,NL2008-1158654,dam
B09-8007453,B2012-2177415,sire
B10-5164385,B2012-2177415,dam
B06-439138,B09-8007453,sire
B06-802879611,B09-8007453,dam
B97-1680766,B10-5164385,sire
B92-9254304,B10-5164385,dam
B09-8007453,B2012-2177739,sire
B06-8030517,B2012-2177739,dam
NL02-2258989,NL2008-1158685,sire
NL03-1979970,NL2008-1158685,dam
B00-6548780,B2009-6301949,sire
B04-6467302,B2009-6301949,dam
NL01-2056083,NL2008-1158669,sire
NL01-5118312,NL2008-1158669,dam
NL93-5383224,NL01-2056083,sire
B88-3206088,NL01-2056083,dam
NL99-2076269,NL01-5118312,sire
NL95-5552668,NL01-5118312,dam
B02-2186629,B09-2044111,sire
B92-6520318,B09-2044111,dam
B09-8007453,B2012-5034529,sire
B10-2008439,B2012-5034529,dam
B04-1217281,B10-2008439,sire
B03-1548713,B10-2008439,dam
B09-8007453,B2012-2177705,sire
B06-8030517,B2012-2177705,dam
NL05-5507031,NL2009-1889656,sire
NL07-1430507,NL2009-1889656,dam
NL97-2524534,NL07-1430507,sire
NL91-1581202,NL07-1430507,dam
B05-1048372,B2009-2203637,sire
B08-4002600,B2009-2203637,dam
B01-1009002,B05-1048372,sire
B96-1089255,B05-1048372,dam
B06-410092008,B08-4002600,sire
B04-403302508,B08-4002600,dam
B08-4281576,B2012-4176540,sire
B08-4281517,B2012-4176540,dam
B02-3003538,B08-4281576,sire
B96-4391939,B08-4281576,dam
B06-4377103,B08-4281517,sire
B05-2076701,B08-4281517,dam
B08-4281576,B2012-4176541,sire
B08-4281517,B2012-4176541,dam
B05-3006555,B06-4352099,sire
B03-6381698,B06-4352099,dam
B09-4321763,B2012-4176546,sire
B10-4275198,B2012-4176546,dam
B06-4377103,B10-4275198,sire
B05-2076701,B10-4275198,dam
B09-4321763,B2012-4176547,sire
B10-4275198,B2012-4176547,dam
B05-3006555,B09-4280780,sire
B03-6381698,B09-4280780,dam
B09-4321763,B2012-4281866,sire
B06-4352099,B2012-4281866,dam
B09-4321763,B2012-4281867,sire
B06-4352099,B2012-4281867,dam
B01-2204103,B2010-2067891,sire
B06-2129166,B2010-2067891,dam
B97-2288462,B01-2204103,sire
B93-6158625,B01-2204103,dam
B04-2234898,B06-2129166,sire
B99-2250643,B06-2129166,dam
NL07-1841493,NL10-3052860,sire
NL03-1272712,NL10-3052860,dam
NL04-2075085,NL07-1841493,sire
NL06-1091797,NL07-1841493,dam
NL94-9410369,NL03-1272712,sire
NL97-9779802,NL03-1272712,dam
NL06-0761861,NL12-1762868,sire
NL05-0526031,NL12-1762868,dam
NL02-0230933,NL06-0761861,sire
NL03-1272740,NL06-0761861,dam
NL01-0135527,NL05-0526031,sire
NL04-0433823,NL05-0526031,dam
B99-6143668,B08-6314858,sire
B02-6509064,B08-6314858,dam
B99-6143668,B07-6076185,sire
B09-6222995,B11-6265136,dam
B08-6314549,B09-6222176,dam
B99-6143980,B08-6314549,sire
B04-2211833,B08-6314549,dam
B09-6075524,B16-6076753,sire
B06-6255096,B16-6076753,dam
B08-6173818,B09-6075524,sire
B03-6277418,B06-6255096,sire
B13-6313091,B16-6076771,sire
B11-6261379,B13-6096649,dam
B94-6495178,B11-6261379,sire
B09-6130504,B11-6261379,dam
B08-6245182,B14-6022696,sire
B06-6154774,B08-6245182,dam
B08-6245266,B14-6022950,dam
NL09-1433115,NL10-1920087,sire
NL07-2073335,NL12-1840949,sire
NL03-1429906,NL12-1840949,dam
NL04-0416184,NL09-3938205,sire
NL07-3713723,NL09-3938205,dam
B04-6202172,B06-6346026,dam
B02-6354241,B06-6346099,sire
B98-6185637,B06-6346099,dam
B98-6335690,B10-6031799,sire
B04-6307341,B10-6031799,dam
B04-2182150,B11-2076111,sire
B08-6177647,B11-2076111,dam
B08-4351119,B10-4327645,sire
B04-4217179,B10-4327645,dam
B14-6072376,B16-6023127,sire
B14-6072406,B16-6023127,dam
B10-6297742,B12-6023210,sire
B09-2035886,B12-6023210,dam
BEL2013-6313951,BEL2014-6311501,sire
BEL2011-6167109,BEL2014-6311501,dam
B10-6224892,BEL2013-6313951,sire
B11-6167114,BEL2013-6313951,dam
B10-6271294,BEL2011-6167109,sire
B09-6252500,BEL2011-6167109,dam
B2013-6151395,BELG2014-6311503,sire
B2010-6342498,BELG2014-6311503,dam
B08-6139992,B2010-6342498,sire
B08-6140000,B2010-6342498,dam
B11-6048098,B16-6240050,sire
B10-6056227,B16-6240050,dam
B05-5223008,B11-6048098,dam
B01-6035628,B10-6056227,sire
B02-6509972,B10-6056227,dam
B06-6405124,DV02114-12-2572,sire
B05-6045377,DV02114-12-2572,dam
B00-6141426,B06-6405124,sire
B04-6073812,B06-6405124,dam
B00-6141426,B05-6045377,sire
B01-6094302,B05-6045377,dam
NL09-1680568,NL12-1086659,sire
NL96-2333317,NL09-1680568,sire
B13-6298518,B16-6129329,sire
B13-6216998,B16-6129329,dam
B12-6157147,B13-6298518,sire
B12-6157109,B13-6298518,dam
B06-6370972,B13-6216998,sire
B11-6245326,B13-6216998,dam
NL09-1596078,NL11-1110329,dam
B06-6154937,NL12-1880647,sire
NL06-1386111,NL12-1880647,dam
NL05-1722174,NL06-1386111,sire
NL04-1167211,NL06-1386111,dam
NL03-1943126,NL2006-1792804,sire
NL04-1590303,NL2006-1792804,dam
NL93-5334501,NL03-1943126,sire
NL92-2844313,NL03-1943126,dam
NL97-2500708,NL04-1590303,sire
NL98-2530393,NL04-1590303,dam
B11-6238839,B14-6240182,sire
B13-6309936,B14-6240182,dam
B02-6034293,B11-6238839,sire
B10-6298629,B11-6238839,dam
B12-6318216,B13-6309936,sire
B10-6234528,B13-6309936,dam
B10-6052293,B14-6175308,dam
B08-6174630,B10-6052293,sire
B06-6270117,B10-6052293,dam
NL07-2007621,NL12-1783988,sire
NL09-1647005,NL12-1783988,dam
NL13-5305259,NL15-1144597,dam
B12-6130761,NL13-5305259,sire
NL11-1160021,NL13-5305259,dam
NL06-1962596,NL07-1164308,sire
NL03-1684335,NL07-1164308,dam
NL98-5860094,NL06-1962596,sire
NL96-5640249,NL06-1962596,dam
B14-6118083,B16-6081006,sire
B11-6168958,B16-6081006,dam
B10-6359166,B14-6118083,sire
B06-6410652,B14-6118083,dam
B04-6325441,B11-6168958,sire
B08-6364806,B11-6168958,dam
B10-6341112,B13-6121106,sire
B10-6298629,B13-6121106,dam
B11-6108658,B17-6025402,sire
B12-6196484,B17-6025402,dam
B10-6052092,B12-6196484,sire
B08-6144028,B12-6196484,dam
NL03-5340560,NL15-1164756,sire
NL08-2048855,NL15-1164756,dam
NL01-1048321,NL03-5340560,sire
NL02-5255404,NL03-5340560,dam
NL01-1135413,NL08-2048855,sire
B14-6312722,B17-6084648,sire
B15-6108687,B17-6084648,dam
B13-6321314,B14-6312722,dam
B10-6358364,B15-6108687,sire
B07-6336568,B15-6108687,dam
NL12-1144199,NL13-1617373,sire
NL12-1037140,NL13-1617373,dam
NL09-1680568,NL12-1037140,sire
NL09-1632135,NL12-1037140,dam
B16-4230264,NL17-1848822,sire
B16-4230673,NL17-1848822,dam
B13-6139803,B16-4230264,sire
B12-6324671,B16-4230264,dam
B10-6291397,B16-4230673,sire
B10-6271300,B16-4230673,dam
B12-6158600,B15-6093218,sire
B11-6238707,B15-6093218,dam
B08-6173877,B12-6158600,sire
B09-3075543,B12-6158600,dam
B08-6339297,B11-6238707,sire
B03-6086804,B11-6238707,dam
NL95-1401775,NL08-1125280,sire
NL01-1643315,NL08-1125280,dam
NL01-1351754,NL08-1125286,sire
NL92-2844313,NL08-1125286,dam
B13-6122949,B17-6148757,sire
B15-6285506,B17-6148757,dam
B10-6341112,B13-6122949,sire
B10-6298629,B13-6122949,dam
B14-2328168,B15-6285506,sire
B13-6122918,B15-6285506,dam
NL08-1537236,NL09-1186313,sire
NL07-1817907,NL09-1186313,dam
NL04-5430805,NL13-1655064,sire
NL12-4703552,NL13-1655064,dam
NLO7-1817924,NL14-1059638,dam
NL06-2162368,NL11-1740826,dam
NL00-5063949,NL06-4720774,dam
B2006-5054807,BELG2009-50617,sire
B04-5026397,BELG2009-50617,dam
B93-5139333,B2006-5054807,sire
B93-5314244,B2006-5054807,dam
B04-3099198,CHN2007-01-473699,sire
B98-4298129,CHN2007-01-473699,dam
CHN11-01-629909,CHN2012-01-973555,dam
CHN11-04-757775,CHN2012-01-973580,sire
NL07-1183432,CHN2012-01-973580,dam
CHN12-01-973580,CHN2013-01-916138,sire
CHN11-04-750869,CHN2013-01-916138,dam
CHN11-04-757775,CHN12-01-973580,sire
NL07-1183432,CHN12-01-973580,dam
CHN11-04-757111,CHN2014-01-720016,sire
B07-6378086,CHN2014-01-720016,dam
B05-6453376,CHN11-04-757111,sire
NL09-1084832,CHN11-04-757111,dam
NL07-1183431,CHN2013-01-916101,sire
CHN12-01-973577,CHN2013-01-916101,dam
CHN12-01-973580,CHN2013-01-1173169,sire
CHN11-04-750869,CHN2013-01-1173169,dam
NL07-1183431,CHN2013-01-916136,sire
CHN12-01-973577,CHN2013-01-916136,dam
CHN11-01-629909,CHN2012-01-973599,dam
B09-6047528,CHN12-01-929777,sire
DV07-08857-401,CHN12-01-929777,dam
NL00-2443424,NL01-2133700,sire
NL00-2443422,NL01-2133700,dam
NL00-2443432,NL02-1868144,sire
NL00-2225235,NL02-1868144,dam
NL97-1801958,NL02-1868145,sire
NL93-1265486,NL02-1868145,dam
NL97-1801962,NL03-1358908,sire
NL96-2566381,NL03-1358908,dam
NL98-6423582,NL03-1358929,sire
NL97-1801901,NL03-1358929,dam
NL90-1052443,NL98-5879002,sire
NL90-2887876,NL98-5879002,dam
NL97-2588843,NL01-5162087,sire
NL99-1128549,NL01-5162087,dam
NL94-1741816,NL00-2225207,sire
NL94-1741814,NL00-2225207,dam
NL00-2443424,NL01-2134891,sire
NL00-2443422,NL01-2134891,dam
NL90-1087793,NL97-1801962,sire
NL85-1711123,NL97-1801962,dam
NL91-2575828,NL96-2566381,sire
NL93-1265487,NL96-2566381,dam
NL94-1741816,NL92-1550280,sire
NL94-1741814,NL92-1550280,dam
NL00-2443424,NL01-2418166,sire
NL00-2443422,NL01-2418166,dam
NL07-1273918,B17-6092230,sire
B12-6327926,B17-6092230,dam
B03-6032896,NL07-1273918,sire
B03-6192606,NL07-1273918,dam
B11-6094058,B12-6327926,sire
B11-6333522,B12-6327926,dam
B11-6091894,B17-6092310,sire
B14-6308739,B17-6092310,dam
B02-6113220,B11-6091894,sire
B06-6410620,B11-6091894,dam
B13-6310313,B14-6308739,sire
B13-6075894,B14-6308739,dam
B15-6073274,B17-6092388,sire
B14-3115207,B17-6092388,dam
NL08-2048857,B15-6073274,sire
B12-6123808,B15-6073274,dam
B11-3123473,B14-3115207,sire
B11-3073298,B14-3115207,dam
B07-6369515,B17-6092424,sire
B02-6113220,B07-6369515,sire
B03-6192536,B07-6369515,dam
B12-6321657,B17-6248390,dam
B09-6269108,B12-6321657,sire
B08-6050132,B12-6321657,dam
B15-6286375,B17-6248462,sire
B07-6369515,B15-6286375,sire
B12-6123808,B15-6286375,dam
B10-6347283,B17-6092417,sire
B06-6148179,B10-6347283,sire
B06-6148039,B10-6347283,dam
B13-6309851,B17-6261993,sire
B09-6269108,B13-6309851,sire
B08-6050132,B13-6309851,dam
B10-6339953,B17-6262709,sire
B06-6405134,B10-6339953,dam
B07-6371101,B17-6262763,sire
B01-6455003,B07-6371101,sire
B06-6148080,B07-6371101,dam
B13-6308477,B17-6092435,sire
B14-6305796,B17-6092435,dam
B07-6379900,B13-6308477,sire
B06-6405133,B13-6308477,dam
B13-6139803,B14-6305796,sire
B12-6321657,B14-6305796,dam
B03-2043002,B08-3049003,sire
B03-3036936,B08-3049003,dam
B00-2090217,B03-2043002,sire
B02-2090166,B03-2043002,dam
B02-3003668,B04-3230807,dam
B97-3157176,B02-3003668,sire
B94-2401842,B02-3003668,dam
NL01-1648286,NL08-3852500,sire
NL03-0382916,NL08-3852500,dam
NL98-2005532,NL01-1648286,sire
NL98-2005545,NL01-1648286,dam
NL99-9939810,NL03-0382916,sire
NL96-9627250,NL03-0382916,dam
BELG96-3156109,BELG2000-3279961,sire
BELG93-3354340,BELG2000-3279961,dam
BELG93-3354689,BELG2000-3076346,sire
BELG96-2346219,BELG2000-3076346,dam
NL99-1575803,NL05-1935679,sire
NL05-2110165,NL08-1101967,sire
NL05-1239910,NL08-1101967,dam
NL01-0108575,NL05-2110165,sire
NL97-9709396,NL05-2110165,dam
NL01-1695110,NL05-1239910,sire
NL04-1897022,NL05-1239910,dam
CHN2008-01-019794,CHN14-01-202557,dam
B2000-6553131,B03-6457014,sire
B2000-6448091,B03-6457014,dam
B08-6316413,B12-6235192,sire
B08-6372527,B12-6235192,dam
B07-6077302,B08-6372527,sire
B04-6278385,B08-6372527,dam
DV01769-03-31,DV01769-05-143,sire
DV01769-99-429,DV01769-05-143,dam
DV07900-95-202,DV01769-05-1024,sire
DV07169-04-1221,DV01769-05-1024,dam
DV04487-06-925,NL08-1872835,dam
DV04487-97-2983,DV04487-06-925,sire
DV00487-03-1037,DV04487-06-925,dam
B07-4093493,B11-4289655,sire
NL98-5821415,CHN09-03-678192,sire
NL99-5971339,CHN09-03-678192,dam
B95-036,B04-6231841,sire
B03-6226034,B95-036,sire
BELG98-3158062,B05-3006547,sire
BELG02-3185472,BELG11-4045750,sire
BELG08-3935363,BELG11-4045750,dam
BELG98-3158062,BELG03-3003771,sire
BELG02-3185273,BELG03-3003771,dam
BELG98-3158062,BELG05-3006570,sire
BELG01-3031030,BELG05-3006570,dam
BE97-6592444,B2004-646723,sire
BE01-6365158,B2004-646723,dam
NL05-1936470,DV01769-10-1755,dam
B08-6298348,B09-6323112,sire
B08-6297117,B09-6323112,dam
B08-6338583,B13-6215784,sire
B10-6284702,B13-6215784,dam
NL07-2007621,NL13-1394851,sire
NL10-1864544,NL13-1394851,dam
B01-3266512,NL10-1864544,sire
NL05-1936558,NL10-1864544,dam
NL12-1784621,NL16-1047663,sire
B14-2263060,NL16-1047663,dam
NL07-2007621,NL12-1784621,sire
NL11-1912576,NL12-1784621,dam
B09-2000290,B14-2263060,sire
B12-2182876,B14-2263060,dam
NL12-1784621,NL16-1047668,sire
NL14-1210077,NL16-1047668,dam
NL11-1159921,NL14-1210077,sire
NL13-1962183,NL14-1210077,dam
DV01769-08-162,DV01769-09-1180,sire
DV01769-02-638,DV01769-08-162,sire
DV01769-06-20,DV01769-08-162,dam
B78-6145268,B96-6615170,dam
B99-6143980,B08-6314769,sire
B98-6594049,B08-6314769,dam
NL07-2007621,NL15-1850095,sire
NL13-1962189,NL15-1850095,dam
NL02-5251731,NL11-1186015,sire
NL08-5821696,NL11-1186015,dam
DV02098-08-520,BELG2004-6245526,sire
DV04153-14-681,BELG2004-6245526,dam
DV04153-11-472,DV04153-14-681,sire
DV04153-11-463,DV04153-14-681,dam
B1990-6306731,T03-157539,sire
C1997-2317100,T03-157539,dam
B1984-6685755,B1990-6306731,sire
B1982-6729646,B1990-6306731,dam
DV01063-07-1078,CHN13-01-1014798,sire
CHN12-01-442151,CHN15-01-1296433,dam
B03-6296093,B07-2090939,dam
B90-2553359,B99-2036005,sire
B91-2607038,B97-2450276,sire
B96-2464683,B97-2450276,dam
TW96-0648622004-4935,TW05-110903,sire
TW99-208839,TW05-110903,dam
TW04-101392,TW06-762367,sire
TW05-107137,TW06-762367,dam
TW94-385950,TW04-068722,sire
TW97-572388,TW04-068722,dam
TW01-13842,TW06-654304,sire
TW99-14313,TW06-654304,dam
TW97-289783,TW04-036554,sire
TW95-598291,TW04-036554,dam
TW06-111879,TW08-573262,sire
TW03-089916,TW08-573262,dam
TW03-089899,TW06-111879,sire
TW01-76938,TW06-111879,dam
TW97-289291,TW09-266555,sire
TW95-598291,TW09-266555,dam
NL05-1394772,NL09-1186578,sire
NL06-2162275,NL09-1186578,dam
B05-2143154,B06-2082153,sire
B01-3076022,B06-2082153,dam
B97-3221726,B08-3079190,sire
B01-5241982,B08-3079190,dam
B03--3131884,B07-3141523,sire
B03-3131055,B07-3141523,dam
B98-3194065,B04-3099032,sire
B98-3145089,B04-3099032,dam
B02-6106921,B05-6155125,sire
B99-6375826,B05-6155125,dam
B05-5202273,B07-5100842,sire
B03-5233128,B07-5100842,dam
B4-5174955,B05-5076915,sire
B99-5248527,B05-5076915,dam
B01-5193595,B09-5086203,sire
B03-5209700,B09-5086203,dam
B96-6598538,NL02-1949785,sire
NL94-1867295,NL02-1949785,dam
B02-4479161,B04-6231730,sire
B02-6121573,B04-6231730,dam
B03-6226043,B07-6110157,sire
B05-6358711,B07-6110157,dam
B94-6154676,B12-6225289,sire
B09-6130504,B12-6225289,dam
B04-6231730,B08-6245181,sire
B07-6110157,B08-6245181,dam
B08-6245257,B11-6261421,sire
B09-6130649,B11-6261421,dam
B03-6226043,B10-6166159,sire
B06-6154559,B10-6166159,dam
B03-6226043,B06-6154781,sire
B04-6472086,B06-6154781,dam
B99-6151734,B08-6245286,sire
B05-6170705,B08-6245286,dam
C01-115698,C06-065766,sire
NL97-2524534,NL10-1326742,sire
NL09-1375385,NL10-1326742,dam
NL07-1183483,B09-6201652,sire
B04-4433053,B09-6201652,dam
B93-6234444,NL06-1763723,sire
B90-6661229,NL06-1763723,dam
B12-6225289,B13-6096567,sire
B08-6245181,B13-6096567,dam
CHN2011-676628,CHN17-1623628,sire
NL04-1559702,CHN17-1623628,dam
NL03-1917784,NL08-1101504,sire
NL02-1109278,NL08-1101504,dam
NL04-1560775,NL10-1271414,sire
B06-4371196,NL10-1271414,dam
NL00-1485064,NL04-1560775,sire
NL01-1410963,NL04-1560775,dam
NL04-1560565,NL10-1272560,sire
NL92-1516130,NL01-4140734,sire
NL96-2657786,NL01-4140734,dam
B93-6234444,NL03-1912826,sire
NL99-1863473,NL03-1912826,dam
NL04-1560775,NL08-1101504,sire
NL06-1437170,NL08-1101504,dam
NL99-1870289,NL07-1373316,sire
NL06-1768406,NL07-1373316,dam
NL02-1107503,NL08-1102884,sire
NL006-1437169,NL08-1102884,dam
NL03-2312657,NL05-2103610,sire
NL03-1911317,NL05-2103610,dam
NL95-1392071,NL08-1685668,sire
NL97-2544865,NL08-1685668,dam
NL06-1763723,CHN13-721886,sire
NL02-1949785,CHN13-721886,dam
NL05-0534544,NL09-1332561,sire
NL01-0143184,NL09-1332561,dam
NL2006-1763723,CHN11-676665,sire
NL04-1114891,CHN11-676665,dam
NL06-1763723,C10-273658,sire
NL93-2652867,C10-273658,dam
NL06-1763723,CHN13-667533,sire
NL08-1685668,CHN13-667533,dam
B07-6076227,B12-6327209,sire
B08-6314564,B12-6327209,dam
C10-273658,CHN14-1230013,sire
C11-676698,CHN14-1230013,dam
CHN13-667533,CHN16-0518569,sire
B12-6327209,CHN16-0518569,dam
CHN13-721886,CHN16-1435471,sire
NL09-1332561,CHN16-1435471,dam
NL02-1119052,NL08-1098798,sire
NL04-1559249,NL08-1098798,dam
B04-6231730,B08-6245283,sire
B02-4479161,B08-6245283,dam
NL06-1763723,CHN14-303303,sire
NL98-2264102,NL00-1523838,sire
NL99-1899681,NL00-1523838,dam
NL02-1107503,NL06-1763388,sire
NL00-1489953,NL06-1763388,dam
B08-6245283,CHN16-1435462,sire
CHN11-676618,CHN16-1435462,dam
NL95-1392071,NL02-1949785,sire
NL97-2544865,NL02-1949785,dam
B05-6116201,B08-6174602,sire
B06-6255052,B08-6174602,dam
B01-6387350,B05-6234389,sire
B02-00825433,B05-6234389,dam
B03-6287052,B06-6270290,sire
B03-6287244,B06-6270290,dam
B01-6387174,B06-6411546,sire
B04-6058148,B06-6411546,dam
B05-9091105,B07-6403737,sire
B04-2019978,B07-6403737,dam
B00-6249328,B01-6387174,sire
B00-6249033,B01-6387174,dam
B2002-6058048,B04-6058148,sire
B2001-6387159,B04-6058148,dam
NL01-5120138,NL03-1911888,sire
NL98-5845911,NL03-1911888,dam
NL02-1247225,NL03-1995155,sire
NL97-1037429,NL03-1995155,dam
NL00-1523838,NL10-1271362,sire
NL06-1763388,NL10-1271362,dam
NL04-1560565,NL06-1765840,sire
NL03-1912064,NL06-1765840,dam
NL2006-1763723,CHN2010-273658,sire
C11-676628,CHN2013-667008,sire
B00-6156432,B06-6188481,sire
B97-6165830,B06-6188481,dam
B99-6143980,B08-6314564,sire
B98-6594049,B08-6314564,dam
B97-6165917,B08-6314564,sire
NL99-1863473,NL06-1763723,dam
P98-8514185,P06-6665662,sire
P04-0000001,P06-6665662,dam
P06-6152105,P07-7509562,sire
P06-6124798,P07-7509562,dam
B98-6210287,B07-6076227,sire
B05-6448107,B07-6076227,dam
B04-6276331,B08-6314564,dam
NL95-1392071,NL01-1371427,sire
B07-6110157,B08-6245283,dam
NL06-1763723,CHN11-676618,sire
B07-2038278,BELG2012--5005616,sire
B10-5012552,BELG2012--5005616,dam
B04-2180448,B07-2038278,sire
B03-2184363,B07-2038278,dam
B02-5016117,B10-5012552,sire
B03-5105029,B10-5012552,dam
B88-2345353,B04-2180448,sire
B01-2184326,B04-2180448,dam
B01-2184334,B03-2184363,sire
B01-2339226,B03-2184363,dam
B98-6593442,NL04-1389764,sire
B98-6411726,NL04-1389764,dam
B86-6475153,B98-6593442,sire
B96-6086289,B98-6593442,dam
B95-6316485,B98-6411726,sire
B95-6316595,B98-6411726,dam
B03-6266193,B14-6085255,sire
B13-6080431,B14-6085255,dam
B92-6074700,B03-6266193,sire
B96-6307261,B03-6266193,dam
B11-6265281,B13-6080431,sire
B11-6265287,B13-6080431,dam
B04-6208161,B11-6289619,sire
B04-6208086,B11-6289619,dam
B95-6536121,B04-6208161,sire
B96-6100120,B04-6208161,dam
B00-6032021,B04-6208086,sire
B03-6437277,B04-6208086,dam
B02-5016117,BELG2010--5012552,sire
B03-5105029,BELG2010--5012552,dam
B96-5087321,B02-5016117,sire
B95-5259054,B02-5016117,dam
B00-5062000,B03-5105029,sire
NL96-1008450,B03-5105029,dam
B02-6092673,B14-6085161,sire
B09-6222668,B14-6085161,dam
B96-6223435,B02-6092673,sire
B97-6364092,B02-6092673,dam
B01-6255015,B09-6222668,sire
B02-6091489,B09-6222668,dam
B94-6093632,B06-6185463,sire
B05-6306355,B06-6185463,dam
B85-6392475,B94-6093632,sire
B83-6528577,B94-6093632,dam
B00-6032099,B05-6306355,sire
B01-6080646,B05-6306355,dam
B10-6217260,B13-6319835,sire
B11-5093274,B13-6319835,dam
B06-1437228,B11-5093274,sire
B10-5189940,B11-5093274,dam
B06-6210256,B16-6075725,sire
B15-6202079,B16-6075725,dam
B95-6246005,B06-6210256,sire
B97-6466984,B06-6210256,dam
B09-6251684,B15-6202079,sire
B08-6173836,B15-6202079,dam
B10-4049411,B14-4148048,sire
B10-4049430,B14-4148048,dam
B98-4185254,B10-4049411,sire
B04-2124299,B10-4049411,dam
B09-4114906,B10-4049430,sire
B07-4067927,B10-4049430,dam
B03-6266193,B13-6080502,sire
B09-6222554,B13-6080502,dam
B07-6076618,B09-6222554,sire
B08-6314776,B09-6222554,dam
B10-6217260,B13-6167373,sire
B08-6232780,B13-6167373,dam
B07-2038278,BELG2014--2112459,sire
B10-5012552,BELG2014--2112459,dam
B10-4049431,B14-4148062,sire
B11-4024598,B14-4148062,dam
B09-4114906,B10-4049431,sire
B07-4067927,B10-4049431,dam
B07-4373754,B11-4024598,sire
B05-4130429,B11-4024598,dam
B03-6266193,B13-6080755,sire
B11-6265448,B13-6080755,dam
B05-6306292,B12-6325770,sire
B02-6051657,B12-6325770,dam
B00-6032231,B05-6306292,sire
B03-6437325,B05-6306292,dam
B99-6082066,B02-6051657,sire
B99-6082059,B02-6051657,dam
B07-2038278,BELG2014--2112460,sire
B10-5012552,BELG2014--2112460,dam
B03-6266193,B14-6085316,sire
B05-6168668,B14-6085316,dam
B02-6092827,B05-6168668,sire
B97-6206715,B05-6168668,dam
B10-6217260,B13-6312952,sire
B06-6414603,B13-6312952,dam
B03-6437345,B06-6414603,sire
B02-6051754,B06-6414603,dam
B07-6076618,B13-6080946,sire
B08-6314776,B13-6080946,dam
B99-6143980,B07-6076618,sire
B05-6448106,B07-6076618,dam
B97-6165917,B08-6314776,sire
B04-6276331,B08-6314776,dam
B04-6208161,B13-6306692,sire
B10-6127240,B13-6306692,dam
B07-6140010,B10-6127240,sire
B06-6414560,B10-6127240,dam
B04-6208161,B13-6027112,sire
B07-6140130,B13-6027112,dam
B97-6101055,B07-6140130,sire
B02-6051523,B07-6140130,dam
B11-6289679,B13-6306693,sire
B12-6225774,B13-6306693,dam
B10-6217260,B13-6319801,sire
B11-6289680,B13-6319801,dam
B08-6384340,B13-6027188,sire
B08-6232783,B13-6027188,dam
B06-6414619,B08-6384340,sire
B02-6051523,B08-6384340,dam
B94-6093632,B08-6232783,sire
NL96-9693614,B08-6232783,dam
B09-4114906,B14-4148066,sire
B08-4259740,B14-4148066,dam
B98-4185254,B09-4114906,sire
B04-2124299,B09-4114906,dam
B02-4333398,B08-4259740,sire
B00-4270014,B08-4259740,dam
B10-4049411,B14-4148069,sire
B10-4049430,B14-4148069,dam
B01-9054448,NL04-2248596,sire
NL00-1211087,NL04-2248596,dam
B91-613925,B01-9054448,sire
B96-9107969,B01-9054448,dam
NL98-5821416,NL00-1211087,sire
NL99-5971339,NL00-1211087,dam
NL03-4774409,NL04-1390193,sire
B01-6041468,NL04-1390193,dam
NL98-5821416,NL03-4774409,sire
B98-6593456,NL03-4774409,dam
B96-6086201,B01-6041468,sire
B96-6086235,B01-6041468,dam
B98-6593442,NL04-1389763,sire
B98-6411726,NL04-1389763,dam
NL02-4758430,NL04-1389678,sire
NL98-5821405,NL04-1389678,dam
NL97-2253039,NL02-4758430,sire
B98-6593456,NL02-4758430,dam
NL96-1434252,NL98-5821405,sire
NL94-5601569,NL98-5821405,dam
NL02-2373009,NL04-1389677,sire
NL03-1731828,NL04-1389677,dam
NL99-1845343,NL02-2373009,sire
B96-6286060,NL02-2373009,dam
B01-9054447,NL03-1731828,sire
NL00-5063907,NL03-1731828,dam
NL97-5701399,NL04--1389656,sire
NL03-5343054,NL04--1389656,dam
NL85-105259,NL97-5701399,sire
NL96-1844327,NL97-5701399,dam
NL98-5821470,NL03-5343054,sire
NL00-5063909,NL03-5343054,dam
NL01-1135530,NL04-1389640,sire
NL98-5821404,NL04-1389640,dam
NL97-2253039,NL01-1135530,sire
B98-6593456,NL01-1135530,dam
NL96-1434252,NL98-5821404,sire
NL94-5601569,NL98-5821404,dam
NL03-1731870,NL04--1389637,sire
NL00-1211152,NL04--1389637,dam
NL98-1933559,NL03-1731870,sire
B02-6121685,NL03-1731870,dam
NL99-1585413,NL00-1211152,sire
NL98-1933686,NL00-1211152,dam
NL02-5251684,NL04--1389618,sire
NL96-5681597,NL04--1389618,dam
NL01-1135568,NL02-5251684,sire
NL92-2048193,NL02-5251684,dam
NL94-5601499,NL96-5681597,sire
NL95-5501275,NL96-5681597,dam
B01-604147,NL04-1389593,sire
B02-6506914,NL04-1389593,dam
B95-6054392,B01-604147,sire
B00-6098146,B01-604147,dam
B93-6529698,B02-6506914,sire
B94-6495098,B02-6506914,dam
NL00-2479301,NL04--1389492,sire
NL97-2253105,NL04--1389492,dam
NL97-2253103,NL00-2479301,sire
NL99-5971341,NL00-2479301,dam
NL88-2763998,NL97-2253105,sire
B96-6286060,NL97-2253105,dam
NL02-5251661,NL04-1389453,sire
NL02-5251656,NL04-1389453,dam
NL97-2253039,NL02-5251661,sire
B98-6593456,NL02-5251661,dam
NL98-5821416,NL02-5251656,sire
B98-6593439,NL02-5251656,dam
NL07-2011593,NL13--1398202,sire
NL04-2248596,NL13--1398202,dam
NL05-1607203,NL07-2011593,sire
NL04-1389627,NL07-2011593,dam
NL04-1389763,NL13-1398190,sire
NL04-1389656,NL13-1398190,dam
NL97-5701399,NL04-1389656,sire
NL03-5343054,NL04-1389656,dam
NL04-1389564,NL12--787080,sire
NL10-1868366,NL12--787080,dam
NL02-4758434,NL04-1389564,sire
NL98-1933528,NL04-1389564,dam
NL04-1389403,NL10-1868366,sire
B08-4254668,NL10-1868366,dam
NL04-1389593,NL12-1786944,sire
NL11-1915154,NL12-1786944,dam
B01-6041478,NL04-1389593,sire
NL10-1868325,NL11-1915154,sire
NL10-1868326,NL11-1915154,dam
NL04-1389677,NL12--1786943,sire
NL06-1597521,NL12--1786943,dam
NL05-1936948,NL06-1597521,sire
NL05-5533121,NL06-1597521,dam
NL04-1389618,NL11--1915271,sire
NL04-1389431,NL11--1915271,dam
NL02-5251684,NL04-1389618,sire
NL96-5681597,NL04-1389618,dam
NL98-1933504,NL04-1389431,sire
NL03-1731797,NL04-1389431,dam
NL04-1389453,NL11-1915259,sire
NL04-1389624,NL11-1915259,dam
NL98-1933559,NL04-1389624,sire
B02-6121685,NL04-1389624,dam
NL05-1936854,NL11--1915239,sire
NL06-1597520,NL11--1915239,dam
NL04-4784432,NL05-1936854,sire
NL04-5430847,NL05-1936854,dam
NL05-1936948,NL06-1597520,sire
NL05-5533121,NL06-1597520,dam
NL04-1389453,NL11-1915102,sire
NL04-1389625,NL11-1915102,dam
NL98-1933559,NL04-1389625,sire
B02-6121685,NL04-1389625,dam
NL05-1936854,NL11-1915156,sire
NL06-1597520,NL11-1915156,dam
NL04-1389593,NL10--1868206,sire
B08-4254668,NL10--1868206,dam
B04-4277483,B08-4254668,sire
B99-4392910,B08-4254668,dam
NL04-1389593,NL10-1868205,sire
B08-4254668,NL10-1868205,dam
NL05-1936854,NL10--1864331,sire
NL06-1597520,NL10--1864331,dam
B95-036,BELG2014--6022999,sire
B95-036,BELG2014--6304954,sire
B95-036,BELG2014--6022972,sire
B95-036,BELG2014--6022617,sire
B95-036,BELG2014--6304965,sire
B95-036,BELG2014--6022833,sire
B95-036,BELG2014--6022652,sire
B95-036,BELG2014-6304972,sire
B95-036,BELG2014--6304956,sire
B95-036,BELG2014--6304966,sire
B95-036,BELG2014--6304992,sire
B10-6038399,B13--6080507,sire
B12-6236008,B13--6080507,dam
B99-6143980,B10-6038399,sire
B09-6358270,B10-6038399,dam
B08-6314620,B12-6236008,sire
B09-6222815,B12-6236008,dam
B07-6076618,B13--6080624,sire
B11-6265444,B13--6080624,dam
B99-6143980,B11-6265444,sire
B06-6267400,B11-6265444,dam
B03-6266193,B14--6085254,sire
B13-6080431,B14--6085254,dam
B07-6076618,B13--6080547,sire
B08-6314776,B13--6080547,dam
B00-6032008,B07-6140120,sire
B06-6185409,B07-6140120,dam
B93-6670110,B00-6032008,sire
B99-6082176,B00-6032008,dam
B99-6082046,B06-6185409,sire
B00-6032249,B06-6185409,dam
B09-6240935,B13-6306667,sire
B12-6325770,B13-6306667,dam
B2004-6208297,B09-6240935,sire
B06-6185559,B09-6240935,dam
B07-61401192001,B11-6289629,sire
B04-6208207,B11-6289629,dam
B01-6053290,B07-61401192001,sire
B06-6185559,B07-61401192001,dam
B94-6093632,B04-6208207,sire
NL96-9693614,B04-6208207,dam
B07-6140038,B13-6311649,sire
B06-6185566,B13-6311649,dam
B97-6101055,B07-6140038,sire
B02-6051523,B07-6140038,dam
B97-6101055,B06-6185566,sire
B03-0383362,B06-6185566,dam
B05-6306269,B13-6311732,sire
B06-6414603,B13-6311732,dam
B00-6032116,B05-6306269,sire
B04-6208128,B05-6306269,dam
B04-6208164,B07--6388666,sire
B02-6051754,B07--6388666,dam
B94-6093632,B04-6208164,sire
B96-9693614,B04-6208164,dam
B91-6178257,B02-6051754,sire
B96-9693614,B02-6051754,dam
B07-6388607,B13-6027231,sire
B09-62407412012,B13-6027231,dam
B04-6208164,B07-6388607,sire
B02-6051754,B07-6388607,dam
B08-6232796,B09-62407412012,sire
B08-62327542012,B09-62407412012,dam
B07-6140114,B13-6306678,sire
B07-6391390,B13-6306678,dam
B03-6437131,B07-6140114,sire
B02-6051772,B07-6140114,dam
B04-6208161,B07-6391390,sire
B02-6051618,B07-6391390,dam
B07-6140038,B10-6217447,sire
B07-63914132001,B10-6217447,dam
B01-6053290,B08-6384329,sire
B07-6388666,B08-6384329,dam
B99-6339490,B01-6053290,sire
B96-6100105,B01-6053290,dam
B04-6208164,B07-6388666,sire
B02-6051754,B07-6388666,dam
B95-036,BELG2014--6022997,sire
B95-036,BELG2014--6022612,sire
B95-036,BELG2014--6022837,sire
B95-036,BELG2014--6022639,sire
B06-6414600,B13-6311607,sire
B03-6437345,B06-6414600,sire
B02-6051754,B06-6414600,dam
B06-6185483,B13-6312957,sire
B07-6140139,B13-6312957,dam
B00-6032099,B06-6185483,sire
B01-6080646,B06-6185483,dam
B03-6437222,B07-6140139,sire
B03-6437232,B07-6140139,dam
B98-2273925,B05-2218455,sire
B01-2285134,B05-2218455,dam
B90-2273555,B98-2273925,sire
B91-2356662,B98-2273925,dam
B97-209445097,B01-2285134,sire
B97-245036492,B01-2285134,dam
B95-036,B10-6166015,sire
B95-036,B07-6110234,sire
B95-036,B10-6166279,sire
B95-036,B10-6343147,sire
B95-036,B97-6362207,sire
CHN2005-03-180188,CHN13-07-040888,sire
CHN2004-03-333310,CHN13-07-040888,dam
BELG00-4396479,CHN2005-03-180188,sire
T97-293265,CHN2005-03-180188,dam
T97-293265,CHN2004-03-333310,dam
NL07-4099613,CHN15-03-1469286,sire
B11-6260447,CHN15-03-1469286,dam
NL03-0375941,NL07-4099613,sire
NL02-0271883,NL07-4099613,dam
B03-6192564,B05-6233897,sire
B02-6113796,B05-6233897,dam
B00-6549576,B03-6192564,sire
B00-6141430,B03-6192564,dam
B00-6460908,B02-6113796,sire
B01-6094045,B02-6113796,dam
CHN02-03-000333,CHN05-03-180073,dam
B00-4396479,CHN02-03-000333,sire
T97-293265,CHN02-03-000333,dam
NL10-2014829,NL13-1524602,sire
NL10-2014726,NL13-1524602,dam
NL00-1890094,NL10-2014829,sire
NL05-1781792,NL10-2014829,dam
NL04-1226133,NL10-2014726,sire
NL04-1226260,NL10-2014726,dam
B91-6376055,B03-2121108,sire
B93-2053827,B03-2121108,dam
NL08-1897107,NL13-1524754,sire
NL08-1897071,NL13-1524754,dam
NL04-1226133,NL08-1897107,sire
NL08-1226020,NL08-1897107,dam
NL06-1444183,NL08-1897071,sire
NL06-1444186,NL08-1897071,dam
NL10-2014748,NL12-1920976,sire
NL06-1444221,NL12-1920976,dam
NL06-1588939,NL10-2014748,sire
NL06-1588476,NL10-2014748,dam
NL04-1226133,NL06-1444221,sire
NL04-1226069,NL06-1444221,dam
NL07-2007621,NL11-1912659,sire
NL07-2007740,NL11-1912659,dam
BEL01-3266512,NL07-2007621,sire
NL06-1267007,NL07-2007740,sire
B03-4201135,B12-4193922,sire
B11-4215744,B12-4193922,dam
B98-4275493,B03-4201135,sire
B98-4275469,B03-4201135,dam
B98-4275493,B11-4215744,sire
B98-4275469,B11-4215744,dam
B93-5214148,CHN2003-03-203006,sire
NL95-9589015,CHN2003-03-203006,dam
B91-0080817,B93-5214148,sire
B91-00804,B93-5214148,dam
B83-6464449,NL95-9589015,sire
B85-6713500,NL95-9589015,dam
B93-5214148,CHN2003-03-224107,sire
NL95-9589015,CHN2003-03-224107,dam
CHN08-03-202238,CHN10-490113,sire
CHN08-03-100966,CHN10-490113,dam
C00-202302,CHN08-03-202238,sire
NL00-2417844,CHN08-03-202238,dam
NL00-0077737,NL05-0532099,sire
NL02-0271845,NL05-0532099,dam
NL94-9410369,NL00-0077737,sire
B95-6558347,NL00-0077737,dam
NL02-0271883,NL06-0715662,dam
NL94-2227820,NL03-2327602,sire
NL99-5971341,NL03-2327602,dam
NL88-2763913,NL94-2227820,sire
NL88-4024671,NL94-2227820,dam
NL92-5310320,NL99-5971341,sire
B96-6286060,NL99-5971341,dam
NL03-0375941,NL07-3732889,sire
B00-6364742,B06-6148138,sire
B03-6236417,B06-6148138,dam
NL05-05664741,NL07-4099576,sire
B99-6143621,B00-6156138,sire
B98-6594049,B00-6156138,dam
B99-6143621,B00-6156137,sire
B98-6594049,B00-6156137,dam
B05-6166321,B10-6038015,dam
B94-6214211,B05-6166321,sire
B02-6091707,B05-6166321,dam
B00-6141418,B06-6148250,dam
B03-6277483,B12-6320849,sire
B05-6116293,B12-6320849,dam
B00-6175870,B03-6277483,sire
B00-61759805,B03-6277483,dam
NL98-5821470,NL2001-5120346,sire
NL97-2253100,NL2001-5120346,dam
NL97-2253103,NL98-5821470,sire
NL97-2252940,NL98-5821470,dam
NL92-5310320,NL97-2253100,sire
B96-6286060,NL97-2253100,dam
NL90-9080115,NL93-1177101,sire
NL88-8847472,NL94-9483286,sire
NL91-9154434,NL94-9483286,dam
B82-6131211,C93-399731,sire
B87-6722452,C93-399731,dam
B73-6736019,B86-6716815,sire
B83-6700244,B86-6716815,dam
B89-6730517,C99-428167,sire
C98-482552,C99-428167,dam
B81-6455999,C92-498936,sire
B81-6116694,C92-498936,dam
B70-6243257,B82-6131211,sire
B81-6116647,B82-6131211,dam
B73-6736019,B87-6722452,sire
B85-6377502,B87-6722452,dam
B76-6129297,B89-6730517,sire
B87-6337115,B89-6730517,dam
B86-6702401,C98-482552,sire
B89-6150182,C98-482552,dam
B73-6736019,B86-6718103,sire
B83-6700244,B86-6718103,dam
B82-6129612,B83-6466075,sire
B78-6129297,B83-6466075,dam
B76-6129297,B86-6702401,sire
B85-6377511,B86-6702401,dam
B82-6729612,B83-6466075,sire
B84-6161077,B85-6379816,sire
B80-6307776,B85-6379816,dam
B81-6116649,B84-6161080,sire
B79-6263322,B84-6161080,dam
B86-6718103,C97-654312,sire
C91-654312,C97-654312,dam
NL85-0653209,NL90-1875507,sire
NL86-0305194,NL90-1875507,dam
B78-6129297,B89-6150182,sire
B87-6337115,B89-6150182,dam
B86-6702401,C97-161551,sire
C94-322953,C97-161551,dam
B86-6718103,C96-479387,sire
B83-6466078,C96-479387,dam
B85-6379887,C96-479460,sire
B03-6277483,B13-6180108,sire
B05-6116293,B13-6180108,dam
B00-6175805,B03-6277483,dam
B00-6175805,B11-6108728,dam
B99-6438577,B10-6344248,dam
B03-6277418,B10-6251654,sire
B02-6315014,B10-6251654,dam
B03-6277483,B10-6251583,sire
B00-6175805,B10-6251583,dam
B00-6032078,B07-644011,sire
B03-6437146,B07-644011,dam
B07-6140215,B12-6246486,sire
B09-6240841,B12-6246486,dam
B07-6140247,B09-6240716,sire
B06-6185409,B09-6240716,dam
B05-6306314,B09-6240724,sire
B04-6208291,B09-6240724,dam
NL10-2024377,NL12-1929832,sire
NL10-2024579,NL12-1929832,dam
NL04-1203551,NL10-2024377,sire
NL09-1158962,NL10-1711251,dam
NL2004-2015110,NL09-1158962,sire
NL2004-2015021,NL09-1158962,dam
B07-6033129,B09-6358790,sire
B04-6307210,B09-6358790,dam
B98-6335690,B07-6033129,sire
B00-6480508,B04-6307210,sire
NL10-1711155,NL2011-1764190,dam
NL08-1569299,NL2009-1214806,dam
B11-6119174,B11-6240896,dam
B06-6210990,B11-6119174,sire
B10-6031857,B11-6119174,dam
NL2003-1168483,NL2008-1569239,sire
NL97-1560008,NL2003-1168483,sire
NL98-1249271,NL2003-1168483,dam
B11-6119174,B11-6240897,dam
NL04-2082662,NL2008-1569265,sire
NL96-5666011,NL04-2082662,sire
NL96-5666017,NL04-2082662,dam
NL03-1533148,NL10-2024374,sire
NL05-1759008,NL10-2024374,dam
NL99-1357025,NL03-1533148,dam
NL97-2019010,NL05-1759008,sire
NL97-2019007,NL05-1759008,dam
NL10-2024315,NL13-1534229,sire
NL10-2024374,NL13-1534229,dam
NL05-1759070,NL10-2024315,sire
B05-6445722,BE11-6133685,sire
B04-6369313,BE11-6133685,dam
B00-6452332,B05-6445722,sire
B97-6270414,B05-6445722,dam
B04-6453967,NL14-1934450,sire
B06-1570166,NL14-1934450,dam
B00-6452296,B04-6453967,sire
B99-6557929,B04-6453967,dam
B01-6263002,B06-1570166,sire
B01-6263023,B06-1570166,dam
B11-6326792,NL12-1357310,sire
B11-6119130,NL12-1357310,dam
B03-6226043,B11-6326792,sire
B2010-6358659,NL12-1089921,sire
DV0135-11-151,NL12-1089921,dam
B2007-6043921,B2010-6358659,sire
B00-6440232,B2010-6358659,dam
DV0135-10-800,DV0135-11-151,sire
DV0135-10-544,DV0135-11-151,dam
DV00135-10-799,NL13-1665066,sire
DV00824-10-845,NL13-1664596,sire
B05-6045481,DV00824-10-845,sire
B96-6165098,DV00824-10-845,dam
B14-4000199,B15-6178469,sire
B13-6095152,B15-6178469,dam
B07-6385731,B12-6225820,sire
B06-6035708,B12-6225820,dam
B07-6385690,NL11-3055000,sire
B05-6341253,NL11-3055000,dam
B09-5052387,BE12-4216983,sire
B99-5000704,B09-5052387,sire
B06-4112378,B09-5052387,dam
B10-6154460,BE11-6110790,dam
NL09-1539667,NL12-1929856,sire
NL07-1040272,NL12-1929856,dam
NL07-1040216,NL09-1539667,sire
NL04-1190478,NL07-1040272,sire
NL03-1533191,NL07-1040272,dam
B86-6260314,B97-2407153,sire
B90-5343668,B97-2407153,dam
B92-5338426,B98-5210624,sire
B94-5189274,B98-5210624,dam
B92-6319505,C04-123137,sire
B92-6167021,C04-123137,dam
B09-5061976,B11-5010348,sire
B08-5061676,B11-5010348,dam
B94-6261210,B04-6293172,sire
B98-6589942,B04-6293172,dam
NL06-2083976,NL10-1553776,sire
NL05-1244854,NL10-1553776,dam
NL99-9917734,NL06-2083976,sire
NL04-1073255,NL05-1244854,sire
B98-6339693,NL05-1244854,dam
NL10-1688555,NL13-1263617,sire
NL10-1129981,NL13-1263617,dam
B05-6045565,NL10-1688555,sire
NL07-1821617,NL10-1688555,dam
B04-2062112,NL10-1129981,sire
B05-5534893,NL10-1129981,dam
B05-6336511,BELG10-6357338,sire
B04-6095495,BELG10-6357338,dam
B04-6095407,B05-6336511,sire
B99-6438039,B05-6336511,dam
B94-6323005,B04-6095495,sire
B02-6183731,B04-6095495,dam
NL06-2034324,NL10-1564318,sire
NL08-1413840,NL10-1564318,dam
NL99-1846611,NL06-2034324,sire
NL05-2170406,NL06-2034324,dam
NL04-1628744,NL08-1413840,sire
NL02-1182556,NL08-1413840,dam
B02-5035406,B05-5102015,sire
B03-5078458,B05-5102015,dam
B95-5074919,B02-5035406,sire
B98-5158020,B02-5035406,dam
B98-5158036,B03-5078458,sire
B97-5301188,B03-5078458,dam
B10-2162232,BE15-2069227,sire
B06-4029173,BE10-3101880,sire
B07-4372866,BE10-3101880,dam
B05-2046775,BELG10-2197933,sire
B04-2018501,BELG10-2197933,dam
D03661-94-100,B05-2046775,sire
B95-5084577,B05-2046775,dam
B98-2436672,B04-2018501,sire
B03-2001819,B04-2018501,dam
NL01-2110695,NL07-1992335,sire
NL98-9881212,NL07-1992335,dam
NL00-2202571,NL01-2110695,sire
NL00-0080535,NL01-2110695,dam
NL00-0000000,NL98-9881212,sire
NL00-1210084,NL07-1210401,sire
NL06-4721098,NL07-1210401,dam
NL99-1575803,NL00-1210084,sire
NL98-1924683,NL00-1210084,dam
NL05-1958932,NL06-4721098,sire
NL03-1730536,NL06-4721098,dam
NL08-2061976,NL10-1351522,sire
NL07-1123807,NL08-2061976,sire
B07-6381430,B09-6238356,sire
B06-6199643,B09-6238356,dam
B05-6300565,B07-6381430,sire
B02-6270096,B07-6381430,dam
B00-6263541,B06-6199643,sire
B03-6384463,B06-6199643,dam
B10-3047071,B12-3168923,dam
B10-6251654,B14-6049839,sire
B13-6101236,B14-6049839,dam
B03-6277405,B10-6251654,dam
B03-3142096,B13-6101236,sire
B07-5100941,B13-6101236,dam
B99-3020065,B09-3187461,sire
NL08-1548996,B09-3187461,dam
B92-3138647,B99-3020065,sire
B95-3336674,B99-3020065,dam
B03-5301440,NL08-1548996,dam
B04-9107392,B09-9073136,sire
B07-9028276,B09-9073136,dam
B03-9012163,B04-9107392,sire
B01-6326421,B04-9107392,dam
B06-62012282007,B07-9028276,sire
B05-6381477,B07-9028276,dam
B03-6266193,BELG08-6314600,sire
B98-6590496,BELG08-6314600,dam
B06-2082123,B08-2040086,sire
B05-2143379,B08-2040086,dam
B02-3256948,B06-2082123,sire
B05-2142800,B06-2082123,dam
B91-2306167,B05-2143379,sire
NL08-5821884,NL09-5916682,sire
NL06-5626595,NL09-5916682,dam
NL02-4764720,NL08-5821884,sire
NL02-5252655,NL08-5821884,dam
NL99-1703391,NL06-5626595,sire
NL02-4448955,NL06-5626595,dam
NL04-1348814,NL07-5713904,sire
NL00-1934052,NL07-5713904,dam
NL01-1135621,NL04-1348814,sire
NL00-1212158,NL04-1348814,dam
NL96-2232777,NL00-1934052,sire
NL97-1478619,NL00-1934052,dam
B02-2326424,BELG10-2197937,sire
B02-2060716,BELG10-2197937,dam
B98-2425539,B02-2326424,sire
B97-2378786,B02-2326424,dam
B94-5328517,B02-2060716,dam
NL07-1992331,NL10-2046189,sire
NL07-1992335,NL10-2046189,dam
NL99-1123706,NL07-1992331,sire
NL01-2110079,NL07-1992331,dam
NL98-1441279,NL99-1123706,sire
NL97-1772089,NL99-1123706,dam
B09-6238356,B10-6212344,sire
B08-6234040,B10-6212344,dam
B03-6384147,B08-6234040,sire
B07-6147126,B08-6234040,dam
B02-5030266,B12-3168941,sire
B00-5261101,B02-5030266,sire
B99-5198045,B02-5030266,dam
B10-6251654,B14-6049840,sire
B13-6101236,B14-6049840,dam
B99-3020065,B08-3079193,sire
B06-6150906,B08-3079193,dam
B99-2036374,B08-2040066,sire
B99-2036308,B08-2040066,dam
B86-2118255,B99-2036374,sire
B92-2198344,B99-2036374,dam
B00-6156414,BELG08-6314650,sire
B03-2234105,BELG08-6314650,dam
NL99-5949561,NL07-5713890,sire
NL05-1246083,NL07-5713890,dam
NL93-5366432,NL99-5949561,sire
NL93-2437240,NL99-5949561,dam
NL02-5229564,NL05-1246083,sire
NL04-1896031,NL05-1246083,dam
B98-2425539,BELG10-2197968,sire
B05-2046758,BELG10-2197968,dam
D03661-94-100,B98-2425539,sire
B85-6580826,B98-2425539,dam
B03-2035944,B05-2046758,sire
B04-2018544,B05-2046758,dam
B06-2082300,B08-2040070,sire
B06-2082083,B08-2040070,dam
B94-2061350,B06-2082300,sire
B01-3076096,B06-2082300,dam
B92-2198165,B06-2082083,sire
B05-2143388,B06-2082083,dam
B09-6238365,B11-6283787,sire
B08-6234082,B11-6283787,dam
B05-6300035,B09-6238365,sire
B07-6147101,B09-6238365,dam
B07-6381423,B08-6234082,sire
B06-6187838,B08-6234082,dam
B03-3240765,B11-3070092,sire
B07-4361085,B11-3070092,dam
B98-3158062,B03-3240765,sire
B98-2098681,B03-3240765,dam
B01-4094638,B07-4361085,sire
B06-4081816,B07-4361085,dam
B03-6277483,B14-6240855,sire
B11-6107992,B14-6240855,dam
B06-6256241,B11-6107992,sire
B06-6302534,B11-6107992,dam
B99-3020065,B08-3079194,sire
B06-6150906,B08-3079194,dam
NL06-5617007,NL07-5713925,sire
NL05-1239910,NL07-5713925,dam
NL05-2180912,NL06-5617007,sire
NL03-5332698,NL06-5617007,dam
PL0352-03-1251,PL0352-04-11936,dam
B06-3148314,BELG09-3021774,sire
B05-3085502,BELG09-3021774,dam
B05-5143844,B06-3148314,sire
B04-3099034,B06-3148314,dam
B05-3121955,B05-3085502,sire
B01-3194365,B05-3085502,dam
B99-6260005,B08-6164400,sire
B00-6240105,B08-6164400,dam
B94-6652880,B99-6260005,sire
B93-6097246,B99-6260005,dam
B99-6252356,B00-6240105,sire
B99-6252346,B00-6240105,dam
B02-4463363,BELG2010-4265226,sire
B07-2055218,BELG2010-4265226,dam
B08-6238873,B10-6212103,sire
B07-6147045,B10-6212103,dam
B02-6270286,B08-6238873,sire
B04-6266258,B08-6238873,dam
B05-6300565,B07-6147045,sire
B02-6270096,B07-6147045,dam
B05-3006558,B12-3168948,dam
B97-3157176,B05-3006558,sire
B01-3172930,B05-3006558,dam
B03-6277483,B14-6240856,sire
B11-6107992,B14-6240856,dam
NL05-5510059,NL09-5903655,sire
NL08-1101403,NL09-5903655,dam
NL99-5949561,NL05-5510059,sire
NL02-1472705,NL05-5510059,dam
NL07-1371589,NL08-1101403,sire
NL07-1371677,NL08-1101403,dam
B98-6210287,B06-6343581,sire
B00-6156261,B06-6343581,dam
B90-6277397,B98-6210287,sire
B96-3121904,B98-6210287,dam
B94-6214211,B00-6156261,sire
B98-6210407,B00-6156261,dam
B07-3008349,B12-3088154,sire
B06-3008234,B12-3088154,dam
B10-6251541,B14-6240864,sire
B10-6251546,B14-6240864,dam
B03-6277483,B10-6251546,sire
B02-6315014,B10-6251546,dam
B99-3020065,B09-3185150,sire
B07-3161836,B09-3185150,dam
B98-3194065,B07-3161836,sire
B03-3131024,B07-3161836,dam
NL05-1935679,NL10-1528946,sire
NL07-1653316,NL10-1528946,dam
NL98-1924683,NL05-1935679,dam
NL02-5229564,NL07-1653316,sire
NL04-1896031,NL07-1653316,dam
B05-3176580,B08-3037570,sire
B00-3195099,B08-3037570,dam
B93-3051184,B00-3195099,sire
B95-3185530,B00-3195099,dam
B13-1947236,B14-6171810,sire
B10-6251567,B14-6171810,dam
B10-6251541,B13-1947236,sire
B07-2143348,B13-1947236,dam
B03-6277418,B10-6251567,sire
B05-6234092,B10-6251567,dam
NL02-5229564,NL10-1529069,sire
NL05-1239910,NL10-1529069,dam
NL90-2256086,NL02-5229564,sire
NL95-5559347,NL02-5229564,dam
B03-3131030,B09-3185145,sire
B07-3207655,B09-3185145,dam
B98-3194036,B03-3131030,sire
B99-3020098,B03-3131030,dam
B99-3020065,B07-3207655,sire
B00-3124013,B07-3207655,dam
B11-6332491,BE14-6171833,sire
B10-6251584,BE14-6171833,dam
B03-6277418,B11-6332491,sire
B10-6052493,B11-6332491,dam
B07-6022478,B10-6251584,sire
NL08-1628683,B10-6251584,dam
NL02-5229564,NL10-1528959,sire
NL08-1402874,NL10-1528959,dam
NL01-1707322,NL08-1402874,sire
NL04-1559375,NL08-1402874,dam
B07-6043938,B08-6372822,sire
B07-6369523,B08-6372822,dam
B02-6113220,B07-6043938,sire
B03-6192276,B07-6043938,dam
B03-6192564,B07-6369523,sire
B01-6096237,B07-6369523,dam
B07-3090004,B10-3059492,sire
B07-3141520,B10-3059492,dam
B05-4266001,B07-3090004,sire
B02-3107044,B07-3090004,dam
B98-3194039,B07-3141520,sire
B01-3076050,B07-3141520,dam
B04-6472084,BE15-6288751,sire
B03-6277418,B04-6472084,sire
B01-6380175,B04-6472084,dam
NL10-1529196,NL14-1823616,sire
NL08-1101403,NL14-1823616,dam
NL07-5713891,NL10-1529196,sire
B13-3056024,BE15-3025377,sire
B14-3067141,BE15-3025377,dam
B09-3095175,B13-3056024,dam
B04-6472084,BE14-6240827,sire
NL10-1533096,NL14-1823660,sire
NL13-1801849,NL14-1823660,dam
NL09-2068622,NL10-1533096,sire
NL09-1833868,NL13-1801849,sire
NL08-1100856,NL13-1801849,dam
B13-3056024,BE15-3025378,sire
B14-3067141,BE15-3025378,dam
NL07-5713976,NL08-5810101,sire
NL05-1220256,NL08-5810101,dam
NL99-5949577,NL07-5713976,sire
NL06-2058445,NL07-5713976,dam
B03-9021198,B12-3168910,sire
B11-3170456,B12-3168910,dam
B98-9147146,B03-9021198,sire
B99-9128001,B03-9021198,dam
B00-3076246,B11-3170456,sire
B06-3008011,B11-3170456,dam
NL02-5229564,NL2008-1377225,sire
NL04-1896031,NL2008-1377225,dam
NL01-1695110,NL04-1896031,sire
NL96-2091350,NL04-1896031,dam
NL07-5713925,NL08-5810070,sire
NL06-2059023,NL08-5810070,dam
NL97-1292630,NL06-2059023,sire
NL02-5229548,NL06-2059023,dam
NL07-5713898,NL05-5510070,dam
NL02-5229564,NL07-5713898,sire
NL04-1896031,NL07-5713898,dam
NL07-5713890,NL08-1377269,sire
NL06-5616997,NL08-1377269,dam
NL99-5949577,NL06-5616997,sire
NL00-1766556,NL06-5616997,dam
NL07-1672222,NL08-5810072,sire
NL07-5713898,NL08-5810072,dam
NL01-1707553,NL07-1672222,sire
NL04-1896803,NL07-1672222,dam
B11-2101195,BELG12-3160782,dam
B09-3040149,BELG15-3150605,dam
B2002-2214263,BELG2011-2083027,sire
B2002-2214284,BELG2011-2083027,dam
DV0583-10-195,CHN12-03-964171,sire
DV07883-01-1003,CHN12-03-964171,dam
BELG1997-5261932,CHN13-03-551314,sire
BELG1995-5278101,CHN13-03-551314,dam
DV0583-10-195,CHN2012-03-964180,sire
DV07883-01-1003,CHN2012-03-964180,dam
B00-6249374,B2003-64844717,sire
B01-6387167,B2003-64844717,dam
CHN2006-03-280620,CHN2011-03-819104,sire
CHN2007-32-540887,CHN2011-03-819104,dam
B08-2189983,B11-2206628,sire
B08-6369078,B11-2206628,dam
B04-2191270,B06-2084234,sire
B99-2038904,B06-2084234,dam
B00-2118791,B04-2191270,sire
B02-2216243,B04-2191270,dam
B95-2046637,B99-2038904,sire
B92-2197064,B99-2038904,dam
B98-6278076,B03-6456955,sire
B98-6589969,B03-6456955,dam
B93-5188111,B98-6391783,dam
BELG1994-6495178,BELG2003-6226056,sire
B02-6121675,BELG2003-6226056,dam
B93-644030493,B03-6456930,sire
B01-6365158,B03-6456930,dam
NL03-2098004,NL04-2235424,sire
NL03-1637099,NL04-2235424,dam
NL01-1108232,NL02-2158976,sire
NL99-1482576,NL02-2158976,dam
B95-62744342,B03-6456928,sire
B97-6592486,B03-6456928,dam
B01-6041448,NL02-2259459,sire
NL01-1135400,NL02-2259459,dam
NL01-1822879,NL03-1076565,sire
NL01-1822835,NL03-1076565,dam
NL00-2040219,NL01-1822879,sire
NL98-1279132,NL01-1822879,dam
NL00-2040241,NL01-1822835,sire
NL93-2775035,NL01-1822835,dam
NL02-1573792,NL03-1076561,sire
NL10-2014749,NL13-1524737,dam
B92-6162746,B05-6198745,sire
B98-6589910,B05-6198745,dam
B02-6298841,B04-6369248,sire
B02-6298870,B04-6369248,dam
B91-6685038,B02-6298841,sire
B00-6452409,B02-6298841,dam
B99-618569701,B02-6298870,sire
B98-6589681,B02-6298870,dam
DV07883-03-2543,DV07883-06-1323,dam
B89-5340010,B95-5278101,sire
B90-5001001,B95-5278101,dam
NL02-2373124,DV07237-06-1508,sire
NL03-2324298,DV07237-06-1508,dam
NL97-2252940,NL02-2373124,dam
NL99-4708298,NL03-2324298,dam
NL08-112739,NL10-12299501,sire
NL08-1130294,NL10-12299501,dam
NL05-5522944,NL08-112739,sire
NL05-2135996,NL08-112739,dam
NL98-2169227,NL08-1130294,sire
NL02-1142605227,NL08-1130294,dam
NL05-5522944,NL07-1390607,sire
NL05-2135996,NL07-1390607,dam
NL94-9426017,NL01-1509108,sire
B03-6086136,B05-3055224,sire
B03-3003554,B05-3055224,dam
B98-6523029,B03-6086136,dam
B98-3158062,B03-3003554,sire
B01-3172930,B03-3003554,dam
B07-6043933,B08-6368038,sire
B00-6464559,B08-6368038,dam
B05-6045015,B07-6043933,sire
B98-6580799,B00-6464559,sire
B98-6110700,B00-6464559,dam
DV02065-89-572,DV04762-02-40,sire
DV04762-93-149,DV04762-02-40,dam
BELG2002-6507109,BELG2008-6383266,sire
BELG2001-6365169,BELG2008-6383266,dam
BELG2001-9076454,BELG2011-2083476,sire
BELG2005-2143070,BELG2011-2083476,dam
BELG1996-2096327,BELG2001-9076454,sire
BELG1996-2096341,BELG2001-9076454,dam
BELG2003-3241937,BELG2005-2143070,sire
BELG1999-2036308,BELG2005-2143070,dam
B04-6073608,DV0824-15-86,sire
B04-6073812,DV0824-15-86,dam
B01-6455003,B04-6073608,sire
B96-6165098,B04-6073608,dam
B04-6073608,DV08600-19-718,sire
B04-6073812,DV08600-19-718,dam
B04-6073608,DV08600-19-745,sire
B04-6073812,DV08600-19-745,dam
B04-6073608,DV08600-19-707,sire
B04-6073812,DV08600-19-707,dam
BELG2012-6324817,BE18-6251005,dam
BELG2006-6410698,BELG2012-6324817,sire
BELG2002-6049374,BELG2012-6324817,dam
BELG2012-6324817,BE18-6251088,dam
BELG2012-6324817,BE18-6251137,dam
BELG2012-6324817,BE18-6251297,dam
BELG2005-5241297,BELG2013-6057025,sire
BELG2010-50251192016,BELG2013-6057025,dam
B05-3006583,BELG16-3084051,sire
B14-3067121,BELG16-3084051,dam
B09-3040149,B14-3067121,dam
BELG09-1375328,BELG16-3084020,dam
B08-6064501,B15-6108251,sire
B08-6156468,B15-6108251,dam
B05-6038956,B08-6064501,sire
B05-6038970,B08-6064501,dam
B07-6338238,B08-6156468,sire
B07-6336568,B08-6156468,dam
B13-3160860,CHN17-03-1728717,sire
CHN16-03-1169214,CHN17-03-1728717,dam
B12-3127549,B16-3138754,sire
B09-3095237,B16-3138754,dam
B07-3199999,B12-3127549,sire
B07-4026135,B12-3127549,dam
B02-3003592,B09-3095237,sire
B04-3069722,B09-3095237,dam
B06-3008003,B12-3088242,sire
B07-3153257,B12-3088242,dam
B00-3076246,BELG13-3160885,sire
B11-4245565,BELG13-3160885,dam
B06-3150932,BELG12-3167258,sire
B09-3187452,BELG12-3167258,dam
B13-3160860,CHN15-03-1307231,sire
CHN13-26-028822,CHN15-03-1307231,dam
B06-3008003,B13-3160860,sire
B13-3160868,CHN16-03-1169214,sire
B12-6225399,CHN16-03-1169214,dam
NL12-1077043,CHN13-03-504880,sire
DV01769-12-449,CHN13-03-504880,dam
NL07-3704851,NL12-1077043,sire
DV02881-11-7,DV01769-12-449,sire
DV08821-10-680,DV01769-12-449,dam
B14-3067121,BELG17-3008102,dam
BELG12-3088009,BELG16-3084038,sire
BELG14-3157495,BELG16-3084038,dam
B15-4236222,B17-3008325,dam
B08-4281576,B15-4236222,sire
B13-3056197,B15-4236222,dam
B05-3006583,B17-3008209,sire
B14-3067121,B17-3008209,dam
B05-3006583,B17-3008354,sire
B14-3067121,B17-3008354,dam
B14-6087164,BELG17-6084675,sire
B13-6321374,BELG17-6084675,dam
B13-6195132,B14-6087164,sire
B11-6027867,B14-6087164,dam
B10-6358361,B13-6321374,sire
B08-6064586,B13-6321374,dam
B13-6313923,B17-6084623,sire
B13-6151184,B17-6084623,dam
B07-6337270,B13-6313923,sire
B07-6336568,B13-6313923,dam
B08-6064501,B13-6151184,sire
B08-6156468,B13-6151184,dam
B05-3006569,BELG16-3084066,sire
B08-3192649,BELG16-3084066,dam
BELG12-3162831,BELG16-3084060,sire
BELG14-3067060,BELG16-3084060,dam
BELG12-4048019,CHN17-32-0380310,dam
BELG2012-6307262,CHN16-03-1128910,sire
CHN15-03-1307231,CHN16-03-1128910,dam
BELG13-3160860,CHN15-03-1307231,sire
B04-3231000,B16-3138796,sire
B09-4331591,B16-3138796,dam
B98-3158062,B04-3231000,sire
B02-3003668,B04-3231000,dam
B01-4094638,B09-4331591,sire
B07-4081998,B09-4331591,dam
BELG02-3027973,BELG2010-3163564,sire
BELG05-3185030,BELG2010-3163564,dam
B13-3160860,CHN15-03-1409181,sire
CHN13-26-028822,CHN15-03-1409181,dam
B13-3160860,BELG2016--1256160,sire
CHN13-26-028822,BELG2016--1256160,dam
B05-3006583,B17-3008210,sire
B14-3067121,B17-3008210,dam
B00-3076246,B12-3160797,sire
B07-3153014,B12-3160797,dam
B88-3206112,B00-3076246,sire
B96-3156104,B00-3076246,dam
B94-3160128,B07-3153014,sire
B06-3201435,B07-3153014,dam
B00-3076246,B12-3160798,sire
B07-3153014,B12-3160798,dam
B00-3076246,BELG12-3162810,sire
B07-3153014,BELG12-3162810,dam
B06-3008446,NL14-1934507,sire
B10-3179408,NL14-1934507,dam
B13-3160860,BELG2016-1256220,sire
CHN13-26-028822,BELG2016-1256220,dam
BELG12-4048019,CHN15-03-1319766,dam
B10-3047086,B17-3008330,sire
B14-3072100,B17-3008330,dam
B12-3127103,B14-3072100,sire
B07-4368461,B14-3072100,dam
B08-3197988,BELG14-3197966,dam
B12-6321655,NL17--1528284,sire
B12-6326799,NL17--1528284,dam
B10-6146101,B12-6326799,sire
B07-6371100,B12-6326799,dam
B11-4245840,B16-3138757,dam
B06-4352097,B11-4245840,sire
B03-6381698,B11-4245840,dam
B11-4245840,B16-3138758,dam
B13-3056016,B16-3138756,sire
B09-4280757,B16-3138756,dam
B06-3008003,B13-3056016,sire
B05-2076701,B13-3056016,dam
B08-4281576,B09-4280757,sire
B08-4281517,B09-4280757,dam
B16-3142578,B17-3008340,sire
B15-3147825,B17-3008340,dam
B06-3008003,B16-3142578,sire
B09-4280727,B16-3142578,dam
B07-3199999,B15-3147825,sire
B09-4280727,B15-3147825,dam
B10-3047092,B17-3008345,sire
B15-3025160,B17-3008345,dam
B05-3006583,B10-3047092,sire
B04-3069721,B10-3047092,dam
B06-3008003,B15-3025160,sire
B09-3095175,B15-3025160,dam
B07-3008413,BELG14-3067124,sire
B11-3170552,BELG14-3067124,dam
B13-3160860,BELG2016-1256156,sire
CHN13-26-028822,BELG2016-1256156,dam
B13-3056016,B17-3008259,sire
B09-3641717,B17-3008259,dam
NL06-1597409,B09-3641717,sire
NL08-7107591,B09-3641717,dam
B13-3160860,CHN16-03-1169211,sire
CHN13-26-028822,CHN16-03-1169211,dam
BELG2012-6307262,CHN17-03-1087667,sire
NL14-1934507,CHN17-03-1087667,dam
B12-3054196,B16-3142560,sire
B12-3168829,B16-3142560,dam
B05-3224796,B12-3054196,sire
B10-3137504,B12-3054196,dam
B99-3199708,B12-3168829,sire
B07-4361085,B12-3168829,dam
B12-3054196,B17-3008347,sire
B15-3147827,B17-3008347,dam
B06-3008003,B12-3054196,sire
B09-4280727,B15-3147827,dam
B09-3095082,B17-3008496,sire
B07-3199999,B09-3095082,sire
B07-3034354,B09-3095082,dam
NL15-1849703,NL17-1528405,sire
NL15-1848876,NL17-1528405,dam
NL07-2007621,NL15-1849703,sire
NL12-1783943,NL15-1849703,dam
NL07-2007621,NL15-1848876,sire
NL13-1395701,NL15-1848876,dam
B15-3150606,NL16-1872722,sire
B10-3146486,NL16-1872722,dam
B09-3040149,B15-3150606,dam
B08-6224270,B10-3146486,sire
B07-6385691,B10-3146486,dam
B13-3056016,B16-3138760,sire
B12-3691294,B16-3138760,dam
B05-5369393,B12-3691294,dam
B13-3160860,CHN16-03-1562555,sire
CHN13-26-028822,CHN16-03-1562555,dam
B13-6151281,NL17-1820696,sire
B13-6151303,NL17-1820696,dam
B13-6151283,NL15-1363862,sire
B11-6091746,NL15-1363862,dam
B10-6291348,BELG17-6084641,sire
B13-6313976,BELG17-6084641,dam
B08-6064501,B10-6291348,sire
B08-6156468,B10-6291348,dam
B10-6358364,B13-6313976,sire
B10-6291386,B13-6313976,dam
B13-6313952,BELG17-6084634,sire
B14-6091883,BELG17-6084634,dam
B06-6314337,B13-6313952,dam
B13-6139848,B14-6091883,sire
B13-6139813,B14-6091883,dam
B12-6053174,NL16-1783995,sire
NL09-1438887,NL16-1783995,dam
B04-6293507,B12-6053174,sire
B08-6078876,B12-6053174,dam
NL97-2005463,NL09-1438887,sire
NL01-2316376,NL09-1438887,dam
B15-3147826,B16-3138703,dam
B15-6213136,BE18-6069258,sire
B14-6157834,BE18-6069258,dam
B07-2081222,B15-6213136,sire
B14-6157724,B15-6213136,dam
B07-3199999,B12-3160784,sire
B07-3034354,B12-3160784,dam
B05-3224593,B07-3199999,sire
B06-2452361,B07-3199999,dam
B12-3054196,B17-3132693,sire
B15-3147827,B17-3132693,dam
DV01769-16-3679,DV01769-17-484,sire
DV01769-15-356,DV01769-17-484,dam
B12-6314367,DV01769-16-3679,sire
B13-6143683,DV01769-16-3679,dam
DV01769-08-162,DV01769-15-356,sire
B14-6174365,DV01769-15-356,dam
B13-3160860,CHN17-03-1729444,sire
CHN13-26-028822,CHN17-03-1729444,dam
BELG2012-6307262,CHN16-03-1169423,sire
CHN15-03-1307231,CHN16-03-1169423,dam
B88-6711631,BELG1994-6355023,sire
B90-6669134,BELG1994-6355023,dam
B86-6271104,B88-6711631,dam
B82-6380170,B90-6669134,sire
NL2003-1408039,DK2007-6372194,sire
BELG2000-6178686,DK2007-6372194,dam
NL2000-2283669,DK2006-6732094,sire
DAN2004-0004118,DK2006-6732094,dam
NL2003-1408020,DK2006-6622146,sire
DK2002-6511760,DK2006-6622146,dam
NL2003-1407960,DK2006-6622121,sire
DAN2000-0000541,DK2006-6622121,dam
NL03-1408012,DK2006-6621491,sire
NL00-2283663,DK2006-6621491,dam
BELG1999-3020065,BELG05-3185086,sire
BELG1992-3138647,BELG1999-3020065,sire
BELG1995-3336674,BELG1999-3020065,dam
NL96-2204432,NL98-5806432,sire
NL95-5587122,NL98-5806432,dam
DV94-258,CHN2003-09-250136,sire
B98-6210408,CHN2003-09-250136,dam
B98-6278076,B03-6487950,sire
B87-6337115,B03-6487950,dam
B95-6246005,B2004-60995523,sire
B01-6527916,B2004-60995523,dam
B95-6246005,B2005-6331127,sire
C96-479409,C07-180007,dam
C91-1227424,C96-479409,sire
B85-6379890,C96-479409,dam
C96-479409,C08-055544,dam
B12-6320806,B16-6076596,dam
B03-6277483,B12-6320806,sire
B08-2189983,B11-2009917,sire
B08-6369078,B11-2009917,dam
B06-2213954,B08-2189983,sire
B04-2139350,B08-2189983,dam
B02-6183083,B08-6369078,sire
B00-6540682,B08-6369078,dam
B04-2133646,B09-2069437,sire
B08-6369076,B09-2069437,dam
B02-2161806,B04-2133646,sire
B01-2287659,B04-2133646,dam
B06-6210990,B08-6369076,sire
B04-6307259,B08-6369076,dam
B01-1439889,B10-2045107,sire
B06-2082050,B10-2045107,dam
B93-1979344,B01-1439889,sire
B88-2563607,B01-1439889,dam
B92-2198165,B06-2082050,sire
C96-479409,C08-055554,dam
C96-479409,C03-180099,dam
C96-479409,C05-456728,dam
B14-6240781,B16-6076623,dam
B04-6472084,B14-6240781,sire
B03-6277483,B15-6090826,sire
C96-479409,C08-055555,dam
B04-2133646,B11-2183872,sire
B08-6369076,B11-2183872,dam
C96-479409,C06-300151,dam
C96-479409,C08-055549,dam
B08-2189983,B11-2009918,sire
B08-6369078,B11-2009918,dam
C96-479409,C09-089118,dam
C96-479409,C09-089004,dam
B05-6198745,B08-6383264,sire
B91-6227456,B05-6198745,dam
B03-2101321,B08-2239815,sire
B05-2267186,B08-2239815,dam
BELG2004-3230876,CHN2013-03-138921,sire
BELG2009-3095001,CHN2013-03-138921,dam
BELG1998-3158062,BELG2004-3230876,sire
BELG2003-6381698,BELG2004-3230876,dam
BELG2003-9021198,BELG2009-3095001,sire
BELG2003-3003390,BELG2009-3095001,dam
BELG2007-6033129,BELG2008-6385508,sire
BELG2008-6177648,BELG2008-6385508,dam
BELG1998-6335690,BELG2007-6033129,sire
BELG2004-6307210,BELG2007-6033129,dam
BELG2001-6345101,BELG2008-6177648,sire
NL2013-1239774,CHN2015-03-0812061,sire
CHN2012-03-002796,CHN2015-03-0812061,dam
NL2007-1817958,NL2013-1239774,sire
NL2007-1817924,NL2013-1239774,dam
BELG2004-3001595,CHN2012-03-002796,sire
NL2009-1375288,CHN2012-03-002796,dam
NL2013-1239774,CHN2016-03-0860838,sire
CHN2012-03-002796,CHN2016-03-0860838,dam
BELG2009-611719,BELG2012-6307237,sire
BELG2011-6115694,BELG2012-6307237,dam
BELG2006-6148014,BELG2012-6321337,sire
BELG2010-6347179,BELG2012-6321337,dam
BELG2008-6372837,BELG2012-6321485,sire
BELG2009-6358200,BELG2012-6321485,dam
BELG2010-6031796,BELG2012-6023427,sire
BELG2009-6111545,BELG2012-6023427,dam
BELG2008-6372837,BELG2012-6321484,sire
BELG2009-6358200,BELG2012-6321484,dam
BELG2005-6452356,BELG2012-6321469,sire
BELG2011-6333899,BELG2012-6321469,dam
BELG2011-6326792,BELG2012-6023323,sire
BELG2011-6119130,BELG2012-6023323,dam
B10-6358364,BELG2015-6289227,sire
BELG2013-6313951,BELG2015-6108647,sire
BELG2006-6313337,BELG2015-6108647,dam
BELG2010-5014969,BELG2012-6326630,sire
BELG2009-6369413,BELG2012-6326630,dam
B09-6370103,BELG2012-6321549,sire
B07-6404512,BELG2012-6321549,dam
NL08-2048857,B09-6370103,sire
B05-2165192,B09-6370103,dam
B01-6455003,B07-6404512,sire
B06-6410620,B07-6404512,dam
BELG2010-6347282,BELG2012-6321483,sire
B07-63768978,BELG2012-6321483,dam
B02-6113220,BELG2010-6347282,sire
B07-1817551,BELG2010-6347282,dam
B96-6491716,B07-63768978,sire
B00-6144429,B07-63768978,dam
BELG2006-6149916,BELG2012-6321558,sire
BELG2011-6094195,BELG2012-6321558,dam
NL08-2048857,BELG2011-6094195,sire
BELG06-6405134,BELG2011-6094195,dam
BELG2010-6146327,BELG2012-6321472,sire
BELG2011-6327070,BELG2012-6321472,dam
B00-6141444,BELG2010-6146327,sire
BELG2011-6091664,BELG2012-6321550,sire
B04-3230876,CHN2010-03-002150,sire
NL2012-1198924,CHN2016-03-0860682,sire
CHN2013-03-138263,CHN2016-03-0860682,dam
BELG2007-6379882,NL2012-1198924,sire
BELG2007-6379862,NL2012-1198924,dam
NL2009-1186096,CHN2013-03-138263,sire
NL2007-1207577,CHN2013-03-138263,dam
BELG2005-6233852,NL2012-1198924,sire
BELG2005-6045100,NL2012-1198924,dam
BELG2011-6269971,BELG2013-6139806,sire
BELG2009-6293980,BELG2013-6139806,dam
BELG2008-6139996,BELG2011-6269971,sire
BELG2008-6139998,BELG2011-6269971,dam
BELG2008-6139992,BELG2009-6293980,sire
BELG2008-6140000,BELG2009-6293980,dam
BELG2004-6356585,BELG2013-6095212,sire
BELG2005-6341163,BELG2013-6095212,dam
BELG2004-6356585,BELG2013-6095208,sire
BELG2005-6341163,BELG2013-6095208,dam
BELG2014-6072381,BELG2016-6271033,sire
BELG2014-6072448,BELG2016-6271033,dam
BELG2012-2036500,BELG2014-6072381,sire
BELG2010-6031857,BELG2014-6072381,dam
BELG2012-6023210,BELG2014-6072448,sire
BELG2009-6111546,BELG2014-6072448,dam
NL91-1442581,NL02-1684538,sire
NL97-2433008,NL02-1684538,dam
NL90-1790062,NL91-1442581,sire
NL85-461235,NL91-1442581,dam
NL94-2413022,NL97-2433008,sire
NL96-1607140,NL97-2433008,dam
NL99-2464999,NL04-2138737,sire
NL99-2464990,NL04-2138737,dam
NL97-1373728,NL99-2464999,sire
NL98-1318588,NL99-2464999,dam
NL93-1051273,NL99-2464990,sire
NL94-9744409,NL99-2464990,dam
NL99-2513400,NL03-2325003,sire
NL02-1657311,NL03-2325003,dam
NL00-1499270,NL03-1998665,sire
NL99-1874672,NL03-1998665,dam
B10-6052443,B07-6221551,dam
B01-6387174,B10-6052443,sire
B06-6411619,B10-6052443,dam
B07-6221537,B07-6221536,sire
B09-6248077,B07-6221536,dam
B97-6597227,B07-6221537,sire
B97-6145223,B07-6221537,dam
B01-6387174,B09-6248077,sire
B03-6287053,B09-6248077,dam
B89-6611641,B01-6398429,sire
B99-6267031,NL05-1647495,dam
NL04-2034643,NL05-1378132,sire
NL04-1089952,NL05-1378132,dam
B02-6477783,NL04-2034643,sire
B02-6477178,NL04-2034643,dam
NL01-2188463,NL04-1089952,dam
NL99-2514000,NL10-1547682,sire
NL00-1487185,NL10-1547682,dam
NL03-1631575,NL99-2514000,sire
NL00-1101692,NL99-2514000,dam
NL04-1299432,NL00-1487185,sire
NL02-2259429,NL00-1487185,dam
NL00-1211116,DV04859-05-573,sire
NL00-4728204,DV04859-05-573,dam
NL98-5821415,NL00-1211116,sire
NL93-1768700,NL00-1211116,dam
NL98-5821416,NL00-4728204,sire
B96-6286060,NL00-4728204,dam
B05-6040454,NL08-4115336,sire
NL06-2160847,NL08-4115336,dam
B98-6164941,B05-6040454,sire
B97-6213410,B05-6040454,dam
NL98-5812162,NL06-2160847,sire
NL95-2067350,NL06-2160847,dam
B07-5189134,B10-5170190,sire
B04-5211972,B07-5189134,sire
B01-5252507,B07-5189134,dam
NL03-2325003,NL05-4272664,sire
NL03-1998665,NL05-4272664,dam
NL00-2040218,NL02-1573397,sire
NL97-1582489,NL02-1573397,dam
NL88-1868032,NL00-2040218,sire
NL94-7003674,NL00-2040218,dam
NL96-2331552,NL97-1582489,sire
NL95-1936669,NL97-1582489,dam
B00-4065848,B08-4347446,sire
NL00-1217817,NL10-1031384,sire
NL99-1612926,NL10-1031384,dam
NL05-4708743,NL00-1217817,sire
NL03-4774127,NL00-1217817,dam
NL01-1866742,NL99-1612926,sire
NL04-1408253,NL99-1612926,dam
NL05-1936502,NL10-1035665,dam
NL02-4758434,NL05-1936502,sire
NL99-5971341,NL05-1936502,dam
NL05-0567243,NL08-3857407,sire
NL07-3762836,NL08-3857407,dam
NL02-0273780,NL05-0567243,sire
NL98-7044309,NL05-0567243,dam
NL02-0273770,NL07-3762836,sire
NL03-0377601,NL07-3762836,dam
NL05-4268597,NL05-4273493,dam
NL01-4220821,NL05-4273493,sire
NL99-2064282,NL05-4273493,dam
NL01-1048477,NL05-4268597,sire
NL00-5066209,NL05-4268597,dam
B06-5205018,B10-5170174,sire
B06-5197847,B10-5170174,dam
B03-5067089,B06-5205018,sire
B99-5165173,B06-5205018,dam
B03-5067262,B06-5197847,sire
B02-5242919,B06-5197847,dam
NL98-5821416,NL01-1135506,sire
B96-6286060,NL01-1135506,dam
B00-6367169,B07-6363647,sire
B03-6482648,B07-6363647,dam
B95-6246005,B00-6367169,sire
B90-6652120,B00-6367169,dam
B94-6323005,B03-6482648,sire
B90-6652120,B03-6482648,dam
NL97-612494,NL00-2040330,dam
NL96-05388-236,NL97-612494,sire
NL96-2293299,NL97-612494,dam
NL02-1823310,NL04-1001689,sire
NL99-1095618,NL04-1001689,dam
NL03-1272704,B06-6386702,sire
NL03-1272732,B06-6386702,dam
NL91-9187749,NL03-1272704,sire
NL94-9410349,NL03-1272704,dam
NL91-9187749,NL03-1272732,sire
NL94-9410349,NL03-1272732,dam
NL07-2023887,NL09-1391962,sire
NL07-2002232,NL09-1391962,dam
NL02-2283898,NL05-4708743,sire
NL99-1612926,NL05-4708743,dam
NL00-1210084,NL05-4708778,sire
NL98-1924683,NL05-4708778,dam
NL05-1936565,B06-2017205,sire
B05-2044100,B06-2017205,dam
B99-4393519,NL05-1936565,sire
B98-4184712,NL05-1936565,dam
NL03-1731796,B05-2044100,sire
B98-6593439,B05-2044100,dam
NL01-1650018,NL05-1192332,sire
NL04-1846164,NL05-1192332,dam
NL97-1255546,NL01-1650018,sire
NL99-2100479,NL01-1650018,dam
NL93-5413383,NL04-1846164,sire
NL91-2918064,NL04-1846164,dam
CHN13-002,CHN15-07407,sire
CHN13-1176151,CHN15-07407,dam
BE07-3182013,CHN13-002,sire
BE07-3182016,CHN13-002,dam
BE09-2119284,CHN13-166116,sire
NL07-1052477,CHN13-166116,dam
BE07-3221726,BE07-3182013,sire
CHN00-3124016,BE07-3182013,dam
BE09-2119284,BE13-2022077,sire
BE04-4278829,BE13-2022077,dam
BE12-4048821,CHN15-4244751,dam
BE09-6299396,CHN15-0939833,sire
BE07-6369527,CHN15-0939833,dam
CHN16-0934029,CHN17-1004079,dam
CHN15-0953334,CHN16-0934029,sire
BE10-2135068,CHN16-0934029,dam
BE07-6399396,CHN14-470952,sire
BE07-6369527,CHN14-470952,dam
CHN16-09058,CHN17-2008719,sire
CHN15-0939805,CHN17-2008719,dam
BE07-6399396,CHN15-0936987,sire
CHN11-482683,CHN15-0936987,dam
BE08-2197687,BE10-2135068,sire
BE09-2119274,BE10-2135068,dam
BE05-5201215,BE07-3182016,sire
BE04-3099057,BE07-3182016,dam
CHN13-091260,CHN16-0988362,sire
CHN14-470882,CHN16-0988362,dam
BE07-3182013,CHN13-001,sire
CHN00-3124016,CHN13-001,dam
CHN15-0939833,CHN16-08540,sire
CHN11-529815,CHN16-08540,dam
BE12-4048821,BE15-4244769,dam
BE11-61716812,BE14-6104354,sire
BE10-6358319,BE14-6104354,dam
BE11-2204346,BE13-2172392,sire
BE09-2214034,BE13-2172392,dam
BE08-4281549,BE12-4176424,sire
BE10-4073509,BE12-4176424,dam
BE09-2119437,BE12-2002409,sire
BE09-2230725,BE12-2002409,dam
NL04-2082680,NL10-1656091,sire
NL05-1359740,NL10-1656091,dam
BE08-6242267,BE09-6221333,sire
BE06-6309635,BE09-6221333,dam
B00-3017502,BE08-3081193,sire
B03-3160379,BE08-3081193,dam
B92-3233107,B00-3017502,sire
B95-3192525,B00-3017502,dam
BE01-6455003,BE07-6387863,sire
BE05-6045400,BE07-6387863,dam
CHN13-166116,CHN15-066818,sire
BE09-2203217,CHN15-066818,dam
B11-6140812,B13-6055439,sire
B11-6140808,B13-6055439,dam
B09-5186031,B11-6140812,sire
B09-6218336,B11-6140812,dam
B07-6044289,B11-6140808,sire
B09-6217201,B11-6140808,dam
B03-6403830,B11-6174414,sire
B09-6355750,B11-6174414,dam
B02-6261256,B03-6403830,dam
B02-6509441,B09-6355750,sire
B07-6157975,B09-6355750,dam
B05-6381242,B12-6245182,sire
B06-6201022,B12-6245182,dam
B99-6256549,B05-6381242,sire
B01-6153949,B06-6201022,sire
B03-6355571,B06-6201022,dam
B03-3003524,B11-3070119,sire
B07-3008442,B11-3070119,dam
B98-3158062,B03-3003524,sire
B95-3211364,B03-3003524,dam
B00-3001593,B07-3008442,sire
B99-3285097,B07-3008442,dam
B10-6166240,B17-6174573,sire
B11-6261696,B17-6174573,dam
B94-6495178,B10-6166240,sire
B06-2253000,B10-6166240,dam
B10-6166261,B11-6261696,dam
B05-6381286,B12-6245228,sire
B04-120994,B05-6381286,sire
B03-6355923,B05-6381286,dam
B07-6368728,B10-6234909,sire
B04-6121232,B10-6234909,dam
B05-6432828,B07-6368728,sire
B03-6065375,B07-6368728,dam
B02-6483633,B04-6121232,sire
B02-6261256,B04-6121232,dam
B03-6355601,B10-6100023,sire
B97-6463999,B03-6355601,sire
NL08-2017286,NL11-1155917,sire
NL08-2017293,NL11-1155917,dam
NL03-1664322,NL08-2017286,sire
NL04-1358552,NL08-2017286,dam
NL04-1326803,NL08-2017293,sire
NL06-1521404,NL08-2017293,dam
NL06-1828547,NL10-1324842,sire
NL08-1159883,NL10-1324842,dam
NL01-2416849,NL06-1828547,sire
NL99-1178147,NL08-1159883,sire
NL02-1179942,NL08-1159883,dam
B01-3031071,B05-3224698,sire
B00-6545658,B05-3224698,dam
NL05-1154663,DV02341-09-70,sire
NL06-1762587,DV02341-09-70,dam
B02-6256313,NL05-1154663,sire
B02-6256300,NL05-1154663,dam
B96-6598547,NL06-1762587,sire
NL04-1559200,NL06-1762587,dam
B05-6451192,NL10-5020075,sire
B05-6453311,NL10-5020075,dam
B96-6452295,B05-6451192,sire
B00-6367195,B05-6451192,dam
B95-6246005,B05-6453311,sire
B98-6523289,B05-6453311,dam
B14-6026093,B17-6174621,sire
B15-6052169,B17-6174621,dam
B06-6154676,B14-6026093,sire
B12-6024544,B14-6026093,dam
B10-6166240,B15-6052169,sire
B05-6381242,B11-6025054,sire
B06-6201022,B11-6025054,dam
NL01-5163045,NL08-4200160,sire
NL01-1043159,NL08-4200160,dam
NL00-5065922,NL01-5163045,sire
NL99-1497535,NL01-5163045,dam
NL96-1340307,NL01-1043159,sire
NL95-5500074,NL01-1043159,dam
B07-3008326,B11-3070116,sire
B06-1974998,B11-3070116,dam
B99-3199708,B07-3008326,sire
B04-3001796,B07-3008326,dam
B94-3237168,B06-1974998,sire
B05-6453311,B06-1974998,dam
NL07-1013145,NL10-1977241,sire
NL07-1013130,NL10-1977241,dam
NL00-1028901,NL07-1013145,sire
NL02-2101954,NL07-1013145,dam
NL99-1400005,NL07-1013130,sire
NL05-1732299,NL07-1013130,dam
NL05-1857110,NL08-1984698,sire
NL04-1308310,NL05-1857110,sire
NL03-5340261,NL05-1857110,dam
NL08-1967454,NL09-1592382,sire
NL00-5065897,NL09-1592382,dam
NL07-1199569,NL08-1967454,sire
NL02-2173592,NL08-1967454,dam
NL01-5163045,NL00-5065897,sire
NL01-5163065,NL00-5065897,dam
B02-6261286,B07-6157947,sire
B04-6121232,B07-6157947,dam
B95-643341,B02-6261286,sire
B98-6383838,B02-6261286,dam
B02-6261265,B04-6121232,dam
NL06-1208992,NL09-1319035,sire
NL04-2198230,NL09-1319035,dam
NL99-1067757,NL06-1208992,sire
NL99-1067760,NL06-1208992,dam
NL92-1431455,NL04-2198230,sire
NL00-2146938,NL04-2198230,dam
B06-6201481,B11-6025101,sire
B99-6256549,B06-6201481,sire
B08-6175126,B11-6174478,sire
B10-6234960,B11-6174478,dam
B06-6397858,B08-6175126,sire
B05-6170732,B08-6175126,dam
B02-6483633,B10-6234960,sire
B07-6157975,B10-6234960,dam
NL06-1790076,NL11-1361887,sire
NL10-1366712,NL11-1361887,dam
NL05-2154499,NL06-1790076,sire
NL98-2161951,NL06-1790076,dam
NL07-5707469,NL10-1366712,sire
NL03-5329863,NL10-1366712,dam
T85-15703,T92-18082,sire
C91-1572522,T92-18082,dam
B89-2194036,C94-479790,sire
B89-2559823,C94-479790,dam
B01-6516456,NL10-1207421,sire
NL07-1304485,NL10-1207421,dam
B95-6246005,B01-6516456,sire
B97-6390133,B01-6516456,dam
B01-6516456,NL07-1304485,sire
B01-6380371,NL07-1304485,dam
B03-6481500,B11-6174526,sire
B10-6234831,B11-6174526,dam
B95-643341,B03-6481500,sire
B99-6490520,B03-6481500,dam
B02-6483633,B10-6234831,sire
B07-6157975,B10-6234831,dam
B05-6381341,B12-6245142,sire
B01-6153949,B05-6381341,sire
NL09-1186054,NL10-4186085,sire
NL06-1297278,NL10-4186085,dam
NL07-1817922,NL09-1186054,sire
NL05-1630912,NL06-1297278,dam
B03-6403840,B11-6174484,sire
B03-6406764,B11-6174484,dam
B02-6495494,B03-6403840,sire
B00-6190998,B03-6403840,dam
B99-6494324,B03-6406764,sire
B02-6261256,B03-6406764,dam
NL06-1974733,NL12-1403151,sire
NL10-1457321,NL12-1403151,dam
NL95-1596968,NL06-1974733,sire
B05-6453312,NL06-1974733,dam
B03-3003455,NL10-1457321,sire
NL07-5710138,NL10-1457321,dam
B03-6403840,B11-6174550,sire
B09-6293393,B11-6174550,dam
B04-6344643,B09-6293393,sire
B04-6344628,B09-6293393,dam
NL04-1563780,NL09-1613919,dam
B05-3006501,B12-3162858,sire
B07-510704,B12-3162858,dam
B98-3158062,B05-3006501,sire
B04-3001535,B05-3006501,dam
B03-3056498,B08-3035046,sire
B05-3224698,B08-3035046,dam
B00-3076246,B12-3162809,sire
B07-3153014,B12-3162809,dam
BELG2010-3075506,CHN2013-11-270216,sire
CHN2009-11-096031,CHN2013-11-270216,dam
CHN2008-11-091010,CHN2013-09-298761,sire
NL2009-1691577,CHN2013-09-298761,dam
BE04-6030372,BELG2010-4030190,sire
BE08-4112820,BELG2010-4030190,dam
BE05-4281706,BE08-4112820,sire
BE02-3255937,BE16-3084483,sire
BL07-2135143,BELG2010-2155132,sire
B05-6133118,BELG2010-2155132,dam
B95-6054341,T1999-591591,dam
CHN11-03-006964,CHN2012-03-507378,sire
CHN08-03-000695,CHN2012-03-507378,dam
CHN05-062513,CHN08-03-000695,sire
NL2012-1640424,CHN2015-03-0811212,sire
CHN2011-03-006199,CHN2015-03-0811212,dam
NL2008-1569222,NL2012-1640424,sire
NL2011-1764022,NL2012-1640424,dam
BELG2008-4351119,CHN2011-03-006199,sire
CHN2005-03-134661,CHN2011-03-006199,dam
NL07-1824396,NL14-1061493,sire
NL09-1405108,NL14-1061493,dam
NL02-1643772,NL07-1824396,sire
NL01-5149744,NL07-1824396,dam
NL04-1389597,NL09-1405108,sire
NL08-2048941,NL09-1405108,dam
NL07-1824396,NL14-1061494,sire
NL09-1405108,NL14-1061494,dam
B09-5163265,BELG2011-2186203,sire
BELG2006-2215836,BELG2011-2186203,dam
B04-2116092,B09-5163265,sire
B92-2195255,B09-5163265,dam
B98-2225709,BELG2006-2215836,sire
B00-2355442,BELG2006-2215836,dam
BELG1995-3285528,BELG2010-3014069,sire
BELG1999-3281982,BELG2010-3014069,dam
BELG2006-6410696,BELG2012-6055611,sire
BELG2009-6356739,BELG2012-6055611,dam
BELG98-3158062,BELG2003-3241937,sire
BELG2003-6192757,BELG2009-6269334,dam
CHN2010-03-003003,CHN2014-03-981048,dam
BELG2001-4424713,CHN2010-03-003003,sire
CHN2004-196405,CHN2010-03-003003,dam
BELG2003-6381698,BELG2004-3230875,dam
BE07-4214236,BELG2008-4147291,sire
BE07-4214244,BELG2008-4147291,dam
BELG2007-4373192,BELG2012-4310418,sire
BELG2006-6185492,BELG2012-4310418,dam
BELG1998-6110712,NL2012-1198908,sire
BELG1998-6580802,NL2012-1198908,dam
BELG2007-3128456,CHN2013-03-138306,sire
T2006-211012,CHN2013-03-138306,dam
BELG1998-3240118,BELG2007-3128456,sire
BELG2005-3177035,BELG2007-3128456,dam
T2002-024200,T2006-211012,sire
T2000-248584,T2006-211012,dam
BELG2001-3266512,NL2012-1784607,sire
NL2005-1936558,NL2012-1784607,dam
B2004-6208297,B09-6240990,sire
B2006-6185559,B09-6240990,dam
B96-6100246,B2004-6208297,sire
B94-6093587,B2004-6208297,dam
B97-6101002,B2006-6185559,sire
B2002-6051523,B2006-6185559,dam
BELG98-3158062,BELG2006-3008001,sire
BE00-4065848,B11-4097004,sire
BELG2000-3076324,BELG2006-3008090,sire
BELG2004-2140565,BELG2006-3008090,dam
BELG1992-3233008,BELG2000-3076324,sire
BELG1993-3354340,BELG2000-3076324,dam
BELG1998-9808991,BELG2004-2140565,sire
BELG2003-0325637,BELG2004-2140565,dam
BELG2001-3172989,BELG2005-3006862,dam
NL2010-1682373,NL2013-1239744,sire
NL2008-2049116,NL2013-1239744,dam
NL2003-1135475,NL2010-1682373,sire
NL2009-1186309,NL2010-1682373,dam
NL2007-1207628,NL2008-2049116,sire
NL2000-5063909,NL2008-2049116,dam
NL2014-1059627,NL2017-1277700,sire
NL2011-1740985,NL2017-1277700,dam
NL2007-1817864,NL2014-1059627,sire
NL2011-1741071,NL2014-1059627,dam
NL2007-1786839,NL2011-1740985,sire
NL2006-2162253,NL2011-1740985,dam
NL2005-1441789,NL2010-1681846,sire
NL2008-1537225,NL2010-1681846,dam
NL1999-2411761,NL2005-1441789,sire
NL1999-2411769,NL2005-1441789,dam
NL2002-1635193,NL2008-1537225,sire
NL2001-1886692,NL2008-1537225,dam
NL2009-1186402,NL2010-1681855,sire
NL2008-1537203,NL2010-1681855,dam
NL2001-1886550,NL2009-1186402,sire
NL2004-2050252,NL2009-1186402,dam
NL2005-1394901,NL2008-1537203,dam
NL2003-5308529,CHN2009-01-220179,sire
NL2002-1635214,CHN2009-01-220179,dam
NL2002-1012476,NL2003-5308529,sire
NL2002-5200927,NL2003-5308529,dam
NL2001-1886800,NL2002-1635214,sire
NL1998-1215892,NL2002-1635214,dam
NL2002-5255446,NL2012-5200201,sire
NL2008-2020821,NL2012-5200201,dam
NL1999-1585526,NL2002-5255446,sire
NL1997-5700643,NL2002-5255446,dam
NL2004-5435151,NL2008-2020821,sire
NL2000-1122178,NL2008-2020821,dam
NL2003-1135371,NL2010-1681876,sire
NL2009-1186097,NL2010-1681876,dam
NL2001-1886591,NL2003-1135371,sire
NL1996-2279515,NL2003-1135371,dam
NL2000-1975952,NL2009-1186097,sire
NL2006-4720774,NL2009-1186097,dam
NL2007-1786839,NL2013-1239751,sire
NL2010-1682173,NL2013-1239751,dam
NL2003-1147135,NL2007-1786839,sire
NL2005-1358883,NL2007-1786839,dam
NL2004-2050373,NL2010-1682173,sire
NL2007-1817907,NL2010-1682173,dam
NL2007-1817846,NL2011-1736844,sire
NL2006-4720774,NL2011-1736844,dam
NL2000-1975952,NL2007-1817846,sire
NL2004-2050252,NL2007-1817846,dam
NL2004-5430805,NL2006-4720774,sire
NL2000-5063949,NL2006-4720774,dam
NL1997-5700531,NL2007-1129401,sire
NL2002-2173592,NL2007-1129401,dam
NL1987-1055610,NL1997-5700531,sire
NL1996-1434375,NL1997-5700531,dam
NL1998-5821416,NL2002-2173592,sire
NL2000-5063949,NL2002-2173592,dam
NL1997-5700531,NL2007-1129402,sire
NL2002-2173592,NL2007-1129402,dam
NL2007-1817846,NL2011-1737011,sire
NL2006-4720774,NL2011-1737011,dam
CHN2007-03-528963,CHN2008-03-632843,sire
CHN2007-03-528937,CHN2008-03-632843,dam
CHN2005-01-356357,CHN2007-03-528963,sire
CHN2006-03-102079,CHN2007-03-528963,dam
B2000-2152014,CHN2007-03-528937,sire
B2002-6506934,CHN2007-03-528937,dam
B2008-6340442,CHN2015-03-0887777,sire
NL2007-1129401,CHN2015-03-0887777,dam
NL1996-1434375,NL2007-1129401,dam
NL2010-1682373,NL2013-1239743,sire
NL2008-2049116,NL2013-1239743,dam
CHN2016-03-0900869,CHN2017-03-0077630,sire
CHN2010-32-961850,CHN2017-03-0077630,dam
B2008-6340442,CHN2016-03-0900869,sire
CHN2006-03-037834,CHN2010-32-961850,sire
CHN1999-03-080057,CHN2010-32-961850,dam
CHN2014-30-102781,CHN2016-03-0900869,dam
CHN2012-03-510111,CHN2014-30-102781,sire
RO2010-0011263,CHN2014-30-102781,dam
CHN2008-03-634998,CHN2010-32-961850,dam
CHN1998-03-146995,CHN2006-03-037834,sire
CHN1999-03-080057,CHN2006-03-037834,dam
CHN2005-01-356357,CHN2008-03-634998,sire
CHN2004-01-309465,CHN2008-03-634998,dam
B2008-6340442,CHN2017-03-0077158,sire
NL2010-1681846,CHN2017-03-0077158,dam
NL1999-2411769,NL2010-1681846,dam
CHN2009-01-220179,CHN2015-03-0886640,dam
B1999-6438292,B2008-6340454,sire
B2005-6338472,B2008-6340454,dam
B1995-6246005,B1999-6438292,sire
B1997-6390022,B1999-6438292,dam
NL2001-2198844,B2005-6338472,sire
B97-6596425,B2005-6338472,dam
NL2007-6229191,NL2009-1186007,sire
NL2007-1817993,NL2009-1186007,dam
NL2000-1975952,NL2007-1817993,sire
NL2006-4720774,NL2007-1817993,dam
CHN2015-03-0886687,CHN2018-03-0222166,sire
NL2011-1737011,CHN2018-03-0222166,dam
NL2010-1681855,CHN2015-03-0886687,sire
NL08-1537203,CHN2015-03-0886687,dam
NL2004-2050252,NL2011-1737011,dam
NL2009-1186007,CHN2015-03-0886687,dam
NL07-1817993,NL2009-1186007,dam
NL2007-1786839,NL2013-1239752,sire
NL2010-1682173,NL2013-1239752,dam
CHN2015-03-0887777,CHN2016-03-0900833,sire
NL2010-1681876,CHN2016-03-0900833,dam
CHN2008-03-632843,CHN2017-03-0077603,sire
CHN2010-01-810707,CHN2017-03-0077603,dam
CHN2006-03-102079,CHN2008-03-632843,dam
NL2007-1129402,CHN2010-01-810707,sire
B2008-6340454,CHN2010-01-810707,dam
B1997-6390022,B2008-6340454,dam
NL2007-1129402,CHN2015-03-0886622,sire
B2008-6340454,CHN2015-03-0886622,dam
CHN2015-03-0886687,CHN2018-03-0222002,sire
CHN2016-03-0900833,CHN2018-03-0222002,dam
NL2008-1537203,CHN2015-03-0886687,dam
NL2007-1129401,CHN2016-03-0900833,dam
B2008-6340442,CHN2018-03-0222022,sire
NL2011-1737011,CHN2018-03-0222022,dam
CHN2008-03-632843,CHN2016-03-0900666,sire
CHN2010-01-810707,CHN2016-03-0900666,dam
NL2007-1129402,CHN2015-03-0886690,sire
B2008-6340454,CHN2015-03-0886690,dam
NL2012-1619158,NL2015-1706702,sire
NL2011-1740972,NL2015-1706702,dam
NL2003-1135475,NL2012-1619158,sire
NL2007-1817923,NL2012-1619158,dam
NL2008-1537227,NL2011-1740972,sire
NL2007-1817968,NL2011-1740972,dam
NL2011-1736818,NL2013-1239760,sire
NL2010-1682318,NL2013-1239760,dam
NL2007-1817891,NL2011-1736818,sire
NL2006-1091312,NL2011-1736818,dam
NL2007-1817879,NL2010-1682318,sire
NL2009-1186437,NL2010-1682318,dam
NL2012-1619158,NL2016-1526241,sire
NL2007-1817907,NL2016-1526241,dam
NL2016-1526241,CHN2018-03-0222121,sire
NL2008-1537315,CHN2018-03-0222121,dam
NL2007-1817923,NL2016-1526241,dam
NL2003-1135475,NL2008-1537315,sire
NL2006-4720774,NL2008-1537315,dam
NL2012-1619132,NL2015-1706638,sire
NL2011-1740856,NL2015-1706638,dam
NL2003-1135475,NL2012-1619132,sire
NL2007-1817923,NL2012-1619132,dam
NL2008-1583474,NL2011-1740856,sire
NL2009-1186361,NL2011-1740856,dam
CHN2017-03-0077603,CHN2018-03-0222908,sire
B2008-6340454,CHN2018-03-0222908,dam
CHN2007-03-528937,CHN2017-03-0077603,dam
CHN2008-03-632843,CHN2018-03-0222988,sire
B2008-6340454,CHN2018-03-0222988,dam
CHN2008-03-632843,CHN2018-03-0222989,sire
B2008-6340454,CHN2018-03-0222989,dam
CHN2008-03-632843,CHN2018-03-0222999,sire
B2008-6340454,CHN2018-03-0222999,dam
CHN2017-03-0077603,CHN2018-03-0222995,sire
B2008-6340454,CHN2018-03-0222995,dam
CHN2007-03-528963,CHN2016-03-0900625,sire
CHN2010-01-810707,CHN2016-03-0900625,dam
B2010-6252812,B2013-6308022,sire
B2008-2119214,B2013-6308022,dam
B2006-6212441,B2010-6252812,sire
B2005-6445580,B2010-6252812,dam
B2000-2265863,B2008-2119214,sire
B1995-2259507,B2008-2119214,dam
B2008-6338200,B2017-6147689,sire
B2014-6241534,B2017-6147689,dam
B2002-6508588,B2008-6338200,sire
B1995-6523289,B2008-6338200,dam
B2005-6045015,B2014-6241534,sire
B2011-6240282,B2014-6241534,dam
CHN2010-32-962998,CHN2016-03-0900632,sire
CHN2011-32-912065,CHN2016-03-0900632,dam
CHN2008-177484,CHN2010-32-962998,sire
NL2003-1818747,CHN2010-32-962998,dam
B2008-4270255,CHN2011-32-912065,sire
B2007-4235685,CHN2011-32-912065,dam
CHN2004-03-335303,CHN2010-32-962998,dam
NL2003-5308529,CHN2008-177484,sire
NL2002-5200927,CHN2008-177484,dam
NL2001-0182248,CHN2004-03-335303,sire
CHN1999-01-012013,CHN2004-03-335303,dam
CHN2007-03-529866,CHN2011-32-912065,dam
B2004-4035026,B2008-4270255,sire
B2007-4235685,B2008-4270255,dam
NL2004-1114742,CHN2007-03-529866,sire
B2002-6506934,CHN2007-03-529866,dam
CHN2008-03-632843,CHN2018-03-0222888,sire
B2008-6340454,CHN2018-03-0222888,dam
CHN2016-03-0900666,CHN2018-03-0222901,sire
CHN2016-03-0900632,CHN2018-03-0222901,dam
CHN2007-03-528937,CHN2016-03-0900666,dam
CHN2004-03-335303,CHN2016-03-0900632,dam
CHN2008-03-632843,CHN2018-03-0222892,sire
CHN2014-30-102781,CHN2018-03-0222892,dam
NL2013-1239751,CHN2018-03-0222052,sire
CHN2016-03-0900792,CHN2018-03-0222052,dam
NL2005-1358883,NL2013-1239751,dam
NL2010-1681855,CHN2016-03-0900792,sire
NL2008-1537203,CHN2016-03-0900792,dam
CHN2015-03-0886622,CHN2016-03-0900792,dam
B2008-6340442,CHN2017-03-0077006,sire
CHN2015-03-0886917,CHN2017-03-0077006,dam
NL2010-1681825,CHN2015-03-0886917,sire
NL2007-1817968,CHN2015-03-0886917,dam
CHN2012-03-577974,CHN2018-03-0222818,sire
CHN2017-03-0077630,CHN2018-03-0222818,dam
CHN2014-30-102781,CHN2017-03-0077630,dam
B2008-6340442,CHN2017-03-0077111,sire
CHN2015-03-0886917,CHN2017-03-0077111,dam
NL2007-1817999,NL2013-1239771,sire
NL2008-2049005,NL2013-1239771,dam
NL1998-1215870,NL2007-1817999,sire
NL1993-2733044,NL2007-1817999,dam
NL2004-5430805,NL2008-2049005,sire
NL1998-5821450,NL2008-2049005,dam
NL1998-1215870,NL2007-1817633,sire
NL2002-1635264,NL2007-1817633,dam
NL1995-1941948,NL1998-1215870,sire
NL1993-2733044,NL1998-1215870,dam
NL2008-1537236,NL2013-1239733,sire
NL2009-1186580,NL2013-1239733,dam
NL2001-1886517,NL2008-1537236,sire
NL2002-1635264,NL2008-1537236,dam
NL2003-1135475,NL2009-1186580,sire
NL2007-1817923,NL2009-1186580,dam
NL2009-1186313,NL2013-1239568,sire
NL2011-1741071,NL2013-1239568,dam
NL2000-1975952,NL2011-1741071,sire
NL2006-4720774,NL2011-1741071,dam
NL2008-1537218,CHN2016-03-0900973,sire
NL2012-1618365,CHN2016-03-0900973,dam
NL2000-1975952,NL2008-1537218,sire
NL2006-1327267,NL2008-1537218,dam
NL2004-2050221,NL2012-1618365,sire
NL2006-4720774,NL2012-1618365,dam
NL1993-2696113,NL2004-2050221,sire
NL2001-1886692,NL2004-2050221,dam
NL2013-1239751,CHN2017-03-0077231,sire
CHN2015-03-0886662,CHN2017-03-0077231,dam
NL2010-1681839,CHN2015-03-0886662,sire
NL2007-1817850,CHN2015-03-0886662,dam
NL2008-1537227,NL2010-1681819,sire
NL2006-4720774,NL2010-1681819,dam
NL1998-1215809,NL2008-1537227,sire
NL2005-1394813,NL2008-1537227,dam
NL2010-1681805,CHN2017-03-0077060,sire
CHN2016-03-0900833,CHN2017-03-0077060,dam
NL2004-2050221,NL2010-1681805,sire
NL2007-1817928,NL2010-1681805,dam
NL2012-5200201,CHN2018-03-0222144,sire
AU2008-2897,CHN2018-03-0222144,dam
NL1997-5700643,NL2012-5200201,dam
NL2012-5200201,CHN2018-03-0222223,sire
AU2008-2897,CHN2018-03-0222223,dam
NL2013-1239751,CHN2018-03-0222159,sire
CHN2016-03-0900792,CHN2018-03-0222159,dam
NL2013-1239751,CHN2018-03-0222010,sire
CHN2016-03-0900792,CHN2018-03-0222010,dam
B2006-6056147,CHN2014-03-861912,sire
B2009-6358581,CHN2014-03-861912,dam
BE98-6278036,B2006-6056147,sire
BE98-6589910,B2006-6056147,dam
B2004-6293191,B2009-6358581,sire
BE02-6477821,B2009-6358581,dam
B2006-6056147,CHN2014-03-861866,sire
B2009-6233661,CHN2014-03-861866,dam
BE05-6450535,B2009-6233661,sire
BE03-6457591,B2009-6233661,dam
CHN2004-02-070783,CHN2013-03-020703,sire
CHN2004-02-130728,CHN2013-03-020703,dam
B1995-6639248,CHN2004-02-070783,sire
B2001-6366746,CHN2004-02-070783,dam
B1996-6376193,CHN2004-02-130728,sire
B1999-6265238,CHN2004-02-130728,dam
B2006-6415262,B2008-6340421,sire
B2007-6364195,B2008-6340421,dam
B03-3135117,B2006-6415262,sire
B97-6162118,B2006-6415262,dam
B2005-6445574,B2007-6364195,sire
B2000-6367509,B2007-6364195,dam
CHN2016-03-0900869,CHN2017-03-0077618,sire
CHN2010-32-961850,CHN2017-03-0077618,dam
CHN2011-03-977408,CHN2018-03-0222855,sire
CHN2017-03-0077617,CHN2018-03-0222855,dam
CHN2016-03-0900869,CHN2017-03-0077617,sire
CHN2014-30-102781,CHN2017-03-0077617,dam
CHN2010-32-961850,CHN2017-03-0077617,dam
CHN2016-03-0900869,CHN2018-03-0222912,sire
CHN2010-32-961850,CHN2018-03-0222912,dam
B2008-6340442,CHN2016-03-0900800,sire
CHN2014-30-102781,CHN2016-03-0900800,dam
CHN2016-03-0900869,CHN2017-03-0077629,sire
CHN2010-32-961850,CHN2017-03-0077629,dam
CHN2008-03-632843,CHN2017-03-0077677,sire
CHN2010-01-810707,CHN2017-03-0077677,dam
CHN2016-03-0900666,CHN2018-03-0222813,sire
CHN2012-32-508125,CHN2018-03-0222813,dam
CHN2008-03-632843,CHN2018-03-0222840,sire
B2008-6340454,CHN2018-03-0222840,dam
NL2007-1129412,CHN2016-03-0900999,sire
NL2007-1129401,CHN2016-03-0900999,dam
B2004-6177627,NL2007-1129412,dam
CHN2015-03-0886956,CHN2018-03-0222104,dam
B2008-6340442,CHN2015-03-0886956,sire
NL2007-1129401,CHN2015-03-0886956,dam
NL2007-1129412,CHN2011-01-500891,sire
NL2007-1129401,CHN2011-01-500891,dam
NL2013-1239751,CHN2017-03-0077232,sire
CHN2015-03-0886662,CHN2017-03-0077232,dam
CHN2015-03-0887725,CHN2018-03-0222230,sire
CHN2016-03-0900833,CHN2018-03-0222230,dam
NL2007-1129412,CHN2015-03-0887725,sire
B2004-6177627,CHN2015-03-0887725,dam
NL2009-1186007,CHN2015-03-0887725,dam
NL2002-2373017,NL2007-1129412,sire
B2008-6340442,CHN2017-03-0077157,sire
NL2010-1681846,CHN2017-03-0077157,dam
NL2013-1239756,CHN2018-03-0222012,sire
NL2010-1681846,CHN2018-03-0222012,dam
NL2010-1682105,NL2013-1239756,sire
NL2006-4720774,NL2013-1239756,dam
NL2009-1186403,NL2013-1239756,dam
NL2003-1103686,NL2010-1682105,sire
NL2006-4720774,NL2010-1682105,dam
B2008-6340442,CHN2018-03-0222128,sire
NL2011-1737011,CHN2018-03-0222128,dam
CHN2015-03-0886687,CHN2017-03-0077007,sire
NL2010-1681846,CHN2017-03-0077007,dam
NL2013-1239719,CHN2018-03-0222071,sire
NL2017-4704041,CHN2018-03-0222071,dam
NL2010-1682333,NL2013-1239719,sire
NL2008-2049005,NL2013-1239719,dam
NL2016-1072908,NL2017-4704041,sire
NL2014-4750791,NL2017-4704041,dam
NL2009-1186402,NL2016-1526279,sire
NL2013-1239517,NL2016-1526279,dam
NL2003-1135475,NL2013-1239517,sire
NL2007-1817923,NL2013-1239517,dam
NL2013-1239719,CHN2018-03-0222193,sire
NL2017-4704041,CHN2018-03-0222193,dam
NL2013-1239719,CHN2018-03-0222194,sire
NL2017-4704041,CHN2018-03-0222194,dam
NL2013-1239744,CHN2017-03-0077167,sire
NL2008-1537315,CHN2017-03-0077167,dam
NL2013-1239744,CHN2017-03-0077101,sire
NL2008-1537315,CHN2017-03-0077101,dam
B2008-6340442,CHN2018-03-0222065,sire
NL2011-1737011,CHN2018-03-0222065,dam
B2008-6340442,CHN2018-03-0222127,sire
NL2011-1737011,CHN2018-03-0222127,dam
NL2013-1239733,CHN2018-03-0222155,sire
NL2010-1681846,CHN2018-03-0222155,dam
CHN2015-03-0886687,CHN2017-03-0077117,sire
NL2010-1681846,CHN2017-03-0077117,dam
NL2013-1239735,CHN2017-03-0077128,sire
CHN2016-03-0900792,CHN2017-03-0077128,dam
NL2011-1741053,NL2013-1239735,sire
NL2007-1817923,NL2013-1239735,dam
NL2010-1681855,CHN2018-03-0222033,sire
NL2009-1186007,CHN2018-03-0222033,dam
NL2010-1681855,CHN2016-03-0900551,sire
CHN2015-03-0886622,CHN2016-03-0900551,dam
CHN2015-03-0886687,CHN2018-03-0222108,sire
CHN2016-03-0900833,CHN2018-03-0222108,dam
NL2009-1186402,NL2015-1706756,sire
NL2011-1741097,NL2015-1706756,dam
NL2010-1682110,NL2011-1741097,sire
NL2010-1682171,NL2011-1741097,dam
CHN2015-03-0887777,CHN2016-03-0900731,sire
NL2010-1681876,CHN2016-03-0900731,dam
CHN2015-03-0887777,CHN2016-03-0900946,sire
NL2010-1681876,CHN2016-03-0900946,dam
NL2013-1239744,CHN2018-03-0222282,sire
CHN2017-03-0077060,CHN2018-03-0222282,dam
NL2007-1817928,CHN2017-03-0077060,dam
B2008-6340442,CHN2015-03-0887778,sire
NL2007-1129401,CHN2015-03-0887778,dam
B2008-6340442,CHN2017-03-0077177,sire
B2008-6340454,CHN2017-03-0077177,dam
NL2012-5200201,CHN2018-03-0222284,sire
AU2008-2897,CHN2018-03-0222284,dam
CHN2009-01-220179,CHN2015-03-0886823,dam
CHN2010-01-004466,CHN2018-03-0222187,sire
CHN2009-01-220179,CHN2018-03-0222187,dam
CHN2014-03-861911,CHN2016-03-0900751,sire
CHN2015-03-0886640,CHN2016-03-0900751,dam
B2006-6056147,CHN2014-03-861911,sire
B2009-6358581,CHN2014-03-861911,dam
NL2001-1886622,CHN2015-03-0886640,sire
NL2002-1635116,CHN2015-03-0886640,dam
CHN2004-02-070783,CHN2013-03-020704,sire
CHN2004-02-130728,CHN2013-03-020704,dam
B2008-6340442,CHN2018-03-0222158,sire
CHN2015-03-0886640,CHN2018-03-0222158,dam
CHN2015-03-0886687,CHN2016-03-0900886,sire
CHN2009-03-1034163,CHN2016-03-0900886,dam
CHN2006-01-600308,CHN2009-03-1034163,sire
CHN2006-01-600506,CHN2009-03-1034163,dam
NL2010-1681855,CHN2018-03-0222200,sire
NL2009-1186007,CHN2018-03-0222200,dam
CHN2015-03-0886687,CHN2016-03-0900995,sire
CHN2009-03-1034163,CHN2016-03-0900995,dam
NL2010-1681855,CHN2017-03-0077044,sire
B2008-6340454,CHN2017-03-0077044,dam
CHN2016-03-0900551,CHN2017-03-0077070,sire
CHN2009-03-1034163,CHN2017-03-0077070,dam
NL2008-1537203,CHN2016-03-0900551,dam
NL2013-1239756,CHN2018-03-0222011,sire
NL2010-1681846,CHN2018-03-0222011,dam
B2014-6312969,CHN2016-03-0900860,sire
NL2010-1681846,CHN2016-03-0900860,dam
B2010-6052092,B2014-6312969,sire
B2009-6248545,B2014-6312969,dam
NL2010-1681719,CHN2018-03-0222015,sire
NL2010-1681744,CHN2018-03-0222015,dam
NL2008-1537236,NL2010-1681719,sire
NL2002-1635264,NL2010-1681719,dam
NL2004-2050221,NL2010-1681744,sire
NL2001-1886692,NL2010-1681744,dam
NL2007-1817928,NL2010-1681744,dam
NL2004-2050343,NL2007-1817928,sire
NL2003-1135415,NL2007-1817928,dam
NL2010-1682333,NL2013-1239720,sire
NL2004-2050343,NL2010-1682333,sire
NL2008-2049005,NL2010-1682333,dam
CHN2016-03-0900886,CHN2018-03-0222346,sire
NL2011-1736844,CHN2018-03-0222346,dam
NL2009-1186007,CHN2016-03-0900886,dam
CHN2017-03-0077167,CHN2018-03-0222201,sire
CHN2015-03-0886622,CHN2018-03-0222201,dam
NL2008-2049116,CHN2017-03-0077167,dam
NL2008-1537218,CHN2016-03-0900988,sire
NL2011-1737011,CHN2016-03-0900988,dam
NL2013-1239751,CHN2018-03-0222300,sire
CHN2016-03-0900792,CHN2018-03-0222300,dam
NL2007-1786839,NL2016-1526316,sire
NL2011-1741016,NL2016-1526316,dam
NL2007-1817864,NL2011-1741016,sire
NL2003-1135408,NL2011-1741016,dam
NL2010-1681855,CHN2016-03-0900891,sire
CHN2015-03-0886622,CHN2016-03-0900891,dam
NL2013-1239751,CHN2018-03-0222009,sire
CHN2016-03-0900792,CHN2018-03-0222009,dam
CHN2015-03-0887725,CHN2018-03-0222070,sire
NL2010-1681876,CHN2018-03-0222070,dam
NL2012-5200201,CHN2018-03-0222143,sire
AU2008-2897,CHN2018-03-0222143,dam
CHN2014-03-861911,CHN2016-03-0900878,sire
CHN2015-03-0886640,CHN2016-03-0900878,dam
CHN2015-03-0886687,CHN2016-03-0900723,sire
CHN2009-03-1034163,CHN2016-03-0900723,dam
CHN2008-03-632843,CHN2017-03-0077625,sire
CHN2010-01-810707,CHN2017-03-0077625,dam
CHN2016-03-0900731,CHN2017-03-0000000,sire
CHN2015-03-0886622,CHN2017-03-0000000,dam
NL2007-1129401,CHN2016-03-0900731,dam
NL2009-1186313,NL2010-1681804,sire
NL2002-1635104,NL2010-1681804,dam
NL2001-1886777,NL2002-1635104,sire
NL1999-2360259,NL2002-1635104,dam
NL1998-1215809,NL2006-2162266,sire
NL2002-1635264,NL2006-2162266,dam
NL1993-2696143,NL1998-1215809,sire
NL1995-1942000,NL1998-1215809,dam
CHN2013-03-277254,CHN2018-03-0222828,sire
CHN2010-32-961850,CHN2018-03-0222828,dam
CHN2016-03-0900666,CHN2018-03-0222902,sire
CHN2016-03-0900632,CHN2018-03-0222902,dam
B2008-6340442,CHN2016-03-0900799,sire
CHN2014-30-102781,CHN2016-03-0900799,dam
CHN2016-03-0900666,CHN2018-03-0222919,sire
CHN2016-03-0900632,CHN2018-03-0222919,dam
CHN2008-03-632843,CHN2018-03-0222996,sire
CHN2014-30-102781,CHN2018-03-0222996,dam
B2008-6340442,CHN2017-03-0077178,sire
B2008-6340454,CHN2017-03-0077178,dam
B2008-6340442,CHN2018-03-0222066,sire
NL2011-1737011,CHN2018-03-0222066,dam
NL2008-1537203,NL2013-1239736,dam
NL07-1817993,NL2010-1681883,dam
B2006-6056147,CHN2014-03-861920,sire
B2009-6358581,CHN2014-03-861920,dam
NL2013-1239751,CHN2018-03-0222299,sire
CHN2016-03-0900792,CHN2018-03-0222299,dam
B08-2189983,BELG2010-2046293,sire
B08-6369078,BELG2010-2046293,dam
B05-3179321,BELG2008-3069096,sire
B03-3198115,BELG2008-3069096,dam
B03-3244047,B05-3179321,sire
B99-3173769,B05-3179321,dam
B01-3261283,B03-3198115,sire
B95-3328979,B03-3198115,dam
B05-3224569,BELG2012-5034553,sire
NL07-5729679,BELG2012-5034553,dam
B98-3158062,B05-3224569,sire
B97-6539152,B05-3224569,dam
NL98-1512769,NL07-5729679,sire
NL04-1069270,NL07-5729679,dam
B07-4373754,BELG2013-4176658,sire
B05-5210511,BELG2013-4176658,dam
B02-4333378,B07-4373754,sire
B99-4365061,B07-4373754,dam
B02-4333378,B05-5210511,sire
B99-4365061,B05-5210511,dam
B09-4133452,BELG2010-4020268,sire
B08-4349387,BELG2010-4020268,dam
B07-4053250,B09-4133452,sire
B02-4264199,B09-4133452,dam
B03-4162060,B08-4349387,sire
B05-4408025,B08-4349387,dam
B04-2244921,BELG2012-2168690,sire
B07-2052186,BELG2012-2168690,dam
B03-6358831,B04-2244921,sire
B99-2049741,B04-2244921,dam
B04-2244951,B07-2052186,sire
B04-2244914,B07-2052186,dam
B08-3194413,B10-3121010,sire
B05-3206901,B10-3121010,dam
B96-3113234,B08-3194413,sire
B01-3191970,B08-3194413,dam
B02-3003096,B05-3206901,sire
B01-3001627,B05-3206901,dam
B95-3064628,B96-3113234,sire
B94-3316697,B96-3113234,dam
B00-3193872,B01-3191970,sire
B99-3001481,B01-3191970,dam
B05-4313689,B10-4016794,sire
B06-4042817,B10-4016794,dam
B00-4480783,B05-4313689,sire
B02-4206909,B06-4042817,sire
B03-4378639,B06-4042817,dam
NL08-1173357,NL09-1435575,sire
NL06-1331043,NL09-1435575,dam
NL03-1997435,NL08-1173357,sire
NL04-1645006,NL08-1173357,dam
B04-5199512,NL06-1331043,sire
NL05-1663380,NL06-1331043,dam
BE09-6111600,BELG2014-4215610,sire
BE09-5052486,BELG2014-4215610,dam
BE96-64043181,BE09-6111600,dam
BE99-5007704,BE09-5052486,sire
BE06-4112378,BE09-5052486,dam
B05-3224569,BELG2012-5034438,sire
B10-5143465,BELG2012-5034438,dam
NL07-2062864,B10-5143465,sire
B09-5188000,B10-5143465,dam
B02-4333378,BELG2014-4255995,sire
B05-4400567,BELG2014-4255995,dam
B00-4065848,B02-4333378,sire
B93-4429368,B02-4333378,dam
B93-4429362,B05-4400567,sire
B98-4185270,B05-4400567,dam
B08-4028275,BELG2012-4128655,sire
B08-4349387,BELG2012-4128655,dam
B07-4053250,B08-4028275,sire
B02-4264199,B08-4028275,dam
B04-2244921,BELG2012-2157434,sire
B07-2052186,BELG2012-2157434,dam
B08-3194413,B10-3057237,sire
B05-3206901,B10-3057237,dam
NL05-1936624,DV09711-06-419,sire
NL03-2324278,NL05-1936624,sire
B96-6286060,NL05-1936624,dam
B02-6183084,BELG2008-6383029,dam
B00-6485499,B02-6183084,sire
B00-6540682,B02-6183084,dam
B05-3224569,BELG2012-5034643,sire
B11-5113476,BELG2012-5034643,dam
B10-5143165,B11-5113476,sire
B10-5143388,B11-5113476,dam
B08-4028275,BELG2012-4128558,sire
B08-4349387,BELG2012-4128558,dam
B04-2244921,BELG2012-2168689,sire
B07-2052186,BELG2012-2168689,dam
CHN13-03-078650,CHN14-03-995537,sire
B03-3198115,CHN14-03-995537,dam
B08-3069096,CHN13-03-078650,sire
B99-3173769,CHN13-03-078650,dam
B05-3224569,BELG2012-5034417,sire
B10-5143363,BELG2012-5034417,dam
NL07-5729683,B10-5143363,sire
B03-3131053,B10-5143363,dam
B03-6108015,BELG2007-6385719,dam
B99-6553877,B03-6108015,sire
B99-6517590,B03-6108015,dam
B99-4393436,BELG2014-4256126,sire
B08-4061038,BELG2014-4256126,dam
B90-4002911,B99-4393436,sire
B85-2566545,B99-4393436,dam
B05-4033597,B08-4061038,sire
B05-4402403,B08-4061038,dam
B07-6007324,BELG2011-6023005,sire
B06-6360433,BELG2011-6023005,dam
B01-6001301,B07-6007324,sire
B00-6552037,B07-6007324,dam
B04-6105159,B06-6360433,sire
B01-6453447,B06-6360433,dam
B10-4020268,CHN2014-03-995283,sire
CHN11-03-585497,CHN2014-03-995283,dam
B08-3069096,B10-4020268,sire
B99-3173769,B10-4020268,dam
B01-3261283,CHN11-03-585497,sire
B95-3328979,CHN11-03-585497,dam
B04-2133646,B10-2046282,sire
B08-6369076,B10-2046282,dam
BO7-9000937,CHN14-03-995695,sire
B12-2168689,CHN14-03-995695,dam
B06-6210990,BELG2008-6383042,sire
B05-6337115,B06-6210990,sire
B05-6337294,B06-6210990,dam
BEO7-6386756,B11-6117416,sire
BEO7-6386761,B11-6117416,dam
B00-6480508,BEO7-6386756,sire
BO4-6307341,BEO7-6386756,dam
BO2-6183145,BEO7-6386761,dam
B07-6033105,BELG2011-6341418,sire
BE10-6,BELG2011-6341418,dam
B01-6345099,B07-6033105,sire
B02-6183145,B07-6033105,dam
B10-2046282,CHN14-03-995731,sire
B08-6369076,CHN14-03-995731,dam
B02-2161806,B10-2046282,sire
B01-2287659,B10-2046282,dam
B04-5199512,NL2012-1837948,sire
NL03-1425717,NL2012-1837948,dam
NL94-2057306,B04-5199512,sire
B02-5099601,B04-5199512,dam
NL97-1887374,NL03-1425717,sire
B10-4243377,CHN13-03-078815,sire
B11-6023005,CHN13-03-078815,dam
B10-4243377,CHN13-03-078899,sire
CHN12-03-009017,CHN13-03-078899,dam
B13-4176517,B16-4129511,sire
B15-3150666,B16-4129511,dam
B08-6177698,B13-6062211,sire
B11-2076110,B13-6062211,dam
CHN09-03-589911,CHN14-03-995209,sire
B09-6348839,CHN14-03-995209,dam
B08-6224270,B10-6357882,sire
B07-6385691,B10-6357882,dam
B10-6357882,CHN15-03-0899106,sire
CHN14-03-995401,CHN15-03-0899106,dam
CHN15-08-0003504,CHN16-01-1088281,sire
CHN14-03-995344,CHN16-01-1088281,dam
B06-4112200,B13-4050348,sire
B11-4244379,B13-4050348,dam
B05-4111820,B10-4243377,sire
B06-4090876,B10-4243377,dam
B00-4106846,CHN15-3805938,sire
B99-4013437,CHN15-3805938,dam
B07-6007324,B11-6023005,sire
B06-6360433,B11-6023005,dam
B07-2235445,B14-2187014,sire
B11-2009860,B14-2187014,dam
B08-3069096,CHN15-03-0898488,sire
B12-3168929,CHN15-03-0898488,dam
CHN12-08-208589,CHN15-03-0899326,sire
B10-4243377,CHN14-03-995704,sire
DV09-09711-33,CHN14-03-995704,dam
B10-4243377,CHN13-03-078682,sire
B11-6023005,CHN13-03-078682,dam
CHN04-26-023497,CHN13-01-910471,sire
B98-5075822,CHN13-01-910471,dam
CHN10-03-007304,CHN12-03-009016,sire
B11-6023005,CHN12-03-009016,dam
NL05-1936624,DV09-09711-33,sire
DV08-09711-600,DV09-09711-33,dam
B06-2061856,B11-2136200,sire
B07-2189778,B11-2136200,dam
B05-9003534,B07-9000937,sire
B06-9130251,B07-9000937,dam
B04-2244921,B12-2168689,sire
B07-2052186,B12-2168689,dam
CHN14-03-995225,CHN16-03-0888191,sire
B11-6117416,CHN16-03-0888191,dam
B10-4243377,CHN14-03-995413,sire
DV09-09711-33,CHN14-03-995413,dam
CHN13-03-078896,CHN14-03-995344,sire
CHN13-03-078899,CHN14-03-995344,dam
NL00-2305675,NL09-1435827,sire
NL03-1425717,NL09-1435827,dam
NL92-1650277,NL00-2305675,sire
NL99-5901996,NL03-1425717,dam
B06-5205524,B09-5170527,sire
B04-5153307,B09-5170527,dam
NL06-0748499,NL09-3915708,sire
NL07-2132257,NL09-3915708,dam
NL07-1847800,NL09-1224882,sire
NL08-1569301,NL09-1224882,dam
JPN89-19620,JPN03-07120,sire
JPN03-07102,JPN03-07120,dam
NL99-4703590,NL09-2094641,sire
NL03-1773816,NL09-2094618,sire
NL04-4795730,NL09-2094602,sire
NL02-5242933,NL09-2094602,dam
NL03-4772308,NL09-1517954,sire
NL03-4772307,NL09-1517954,dam
NL01-1123532,B09-1517959,sire
NL05-1927309,B09-1517959,dam
B99-3020065,B08-3079240,sire
B05-3141541,B08-3079240,dam
B02-3026046,B08-3079237,sire
B03-3131011,B08-3079237,dam
B03-3131084,B08-3079230,sire
B05-5201296,B08-3079230,dam
BO4-4439593,B08-3079231,sire
B05-3018830,B08-3079231,dam
BO2-3131030,B08-3079228,sire
BO7-3117401,B08-3079228,dam
B06-2082189,B08-3079224,sire
B06-3005798,B08-3079224,dam
B06-2082189,B08-3079223,sire
B06-3005798,B08-3079223,dam
BO4-3099022,B08-3079222,sire
B04-3099020,B08-3079222,dam
B06-3148497,B08-3079209,sire
NL07-2007621,NL10-1864762,sire
NL07-2007848,NL10-1864762,dam
B01-3031001,B11-3070483,sire
B07-3001221,B11-3070483,dam
NL10-1464000,NL12-1860988,sire
NL10-1949348,NL12-1860988,dam
BELG09-6086606,BELG12-6326446,sire
BELG12-6307693,BELG12-6326446,dam
BELG09-6349640,BELG15-6059103,sire
BELG09-6350470,BELG15-6059103,dam
B10-9039086,B12-4074544,sire
B11-4101524,B12-4074544,dam
B05-2143385,B14-2216355,sire
T11-621725,T15-697569,sire
T08-242847,T15-697569,dam
T98-031501,T07-815466,sire
CHN05-03-412017,CHN19-03-0060801,sire
CHN10-03-056688,CHN19-03-0060801,dam
B00-2408276,CHN05-03-412017,sire
B00-2408452,CHN05-03-412017,dam
CHN07-03-317366,CHN10-03-056688,sire
CHN01-03-056910,CHN10-03-056688,dam
B86-6260314,B00-2408276,sire
B90-2371741,B00-2408276,dam
B86-6260314,B00-2408452,sire
B92-5331586,B00-2408452,dam
CHN05-03-412017,CHN19-03-0060178,sire
CHN18-03-1320165,CHN19-03-0060178,dam
B16-6075683,CHN18-03-1320165,sire
CHN17-03-1118965,CHN18-03-1320165,dam
CHN05-03-412017,CHN19-03-0060163,sire
CHN10-03-056688,CHN19-03-0060163,dam
CHN07-03-598116,CHN19-03-0060899,sire
CHN07-03-598161,CHN19-03-0060899,dam
B00-2408276,CHN07-03-598116,sire
B01-3210044,CHN07-03-598116,dam
B00-2408276,CHN07-03-598161,sire
B00-2408452,CHN07-03-598161,dam
CHN07-03-598116,CHN19-03-0086613,sire
CHN05-03-412017,CHN18-03-0550642,sire
B09-5013491,CHN18-03-0550642,dam
B03-5152593,B09-5013491,sire
B00-5062283,B09-5013491,dam
B98-5296439,B03-5152593,sire
B99-5153499,B03-5152593,dam
B95-5310582,B00-5062283,sire
B95-5317884,B00-5062283,dam
CHN07-03-598116,CHN19-03-0031744,sire
NL99-4708289,CHN12-03-111896,sire
NL01-1135414,CHN12-03-111896,dam
NL97-2253103,NL99-4708289,sire
NL97-2252940,NL99-4708289,dam
NL97-2252958,NL01-1135414,sire
NL92-2048193,NL01-1135414,dam
B08-4003774,B15-1051549,sire
B12-9093118,B15-1051549,dam
B06-4126150,B08-4003774,sire
B07-4067927,B08-4003774,dam
B02-9069958,B12-9093118,sire
B05-9083076,B12-9093118,dam
B08-9044015,B15-1051564,sire
B11-3173289,B15-1051564,dam
B07-9023007,B08-9044015,sire
B07-3181232,B08-9044015,dam
B04-3001609,B11-3173289,sire
B07-3129242,B11-3173289,dam
B08-6164431,CHN18-15-0169556,sire
B08-6177679,CHN18-15-0169556,dam
B04-6307353,B08-6164431,sire
B06-6404429,B08-6164431,dam
BE02-6183124,B08-6177679,sire
B03-6108015,B08-6177679,dam
B11-9097009,B15-1051541,sire
B11-9065109,B15-1051541,dam
B10-9017256,B11-9097009,sire
B10-9017260,B11-9097009,dam
B07-9023007,B11-9065109,sire
B08-4003770,B11-9065109,dam
B12-9032329,B15-1051555,sire
B06-9123220,B15-1051555,dam
B10-208200,B12-9032329,sire
B07-9023137,B12-9032329,dam
B98-9147146,B06-9123220,sire
B99-9129609,B06-9123220,dam
B09-9079133,B15-1051551,sire
B11-9065061,B15-1051551,dam
B07-9023136,B09-9079133,sire
B08-2169747,B09-9079133,dam
B09-9079174,B11-9065061,sire
B06-9123220,B11-9065061,dam
B06-5204184,B13-5002966,sire
B06-5202519,B13-5002966,dam
B99-5157685,B06-5202519,sire
B03-5152557,B06-5202519,dam
NL03-5343044,NL11-1185951,sire
NL10-5011883,NL11-1185951,dam
NL92-2049859,NL03-5343044,sire
NL98-1933549,NL03-5343044,dam
NL00-4728193,NL10-5011883,sire
NL04-2031763,NL10-5011883,dam
SU00-13973,GB11-T-29641,sire
B08-4003767,B15-1051553,sire
B12-9105289,B15-1051553,dam
B04-4375940,B08-4003767,sire
B07-4067926,B08-4003767,dam
B04-9134245,B12-9105289,sire
B11-9065108,B12-9105289,dam
B08-4003774,B15-1051550,sire
B12-9093118,B15-1051550,dam
B08-4003767,B15-1051554,sire
B12-9105289,B15-1051554,dam
B10-9039103,B15-1051547,sire
B10-9079024,B15-1051547,dam
B08-4003767,B10-9039103,sire
B07-9023100,B10-9039103,dam
B02-4247514,B10-9079024,sire
B04-9155122,B10-9079024,dam
NL10-1836644,NL14-1130262,sire
NL08-1506273,NL14-1130262,dam
NL01-2092200,NL10-1836644,sire
B09-6358601,NL10-1836644,dam
NL06-1236687,NL08-1506273,sire
B06-6056106,NL08-1506273,dam
B02-6051773,B17-6022377,sire
B07-6140002,B17-6022377,dam
B94-6093632,B02-6051773,sire
B91-6178110,B02-6051773,dam
B02-6051566,B07-6140002,sire
B02-6051506,B07-6140002,dam
B11-2067220,B14-2206674,sire
B11-2067208,B14-2206674,dam
B08-2159798,B11-2067220,sire
B07-2222900,B11-2067220,dam
B05-2201715,B11-2067208,sire
B06-2222431,B11-2067208,dam
B00-5052722,CHN07-03-317366,sire
B00-5150509,CHN07-03-317366,dam
B10-6166151,B14-6022784,sire
B10-6166158,B14-6022784,dam
B94-6495178,B10-6166151,sire
B06-6154774,B10-6166151,dam
B11-2067220,B14-2323416,sire
B11-2067208,B14-2323416,dam
SU00-13973,GB11-T-29650,sire
CHN07-03-112899,CHN15-0181,sire
CHN08-03-111198,CHN15-0181,dam
DV02878-2010-6,CHN16-32-0670367,sire
DV02878-2009-428,CHN16-32-0670367,dam
DV04159-2005-622,DV02878-2010-6,sire
DV02878-08-296,DV02878-2009-428,sire
DV06417-05-441,DV02878-2009-428,dam
B08-6164431,CHN18-15-0134580,sire
B08-6177693,CHN18-15-0134580,dam
B03-6257231,B08-6177693,sire
B02-6256187,CHN12-03-111874,sire
B07-6363154,CHN12-03-111874,dam
B96-6618829,B02-6256187,sire
B97-4266072,B02-6256187,dam
B95-6246200,B07-6363154,sire
B02-6256134,B07-6363154,dam
B14-2206673,CHN17-03-1106840,sire
B14-2206662,CHN17-03-1106840,dam
B11-2067220,B14-2206673,sire
B11-2067208,B14-2206673,dam
B08-3106083,B14-2206662,sire
B11-2067160,B14-2206662,dam
B08-6245182,B14-6022790,sire
B10-6166308,B14-6022790,dam
B06-6154676,B10-6166308,sire
B06-6154559,B10-6166308,dam
B02-6051773,B16-60316731,sire
B10-6344299,B16-60316731,dam
B08-6232613,B10-6344299,sire
B08-6232634,B10-6344299,dam
SU00-13973,GB11-T-29642,sire
B12-2021313,B14-2206616,sire
B10-2063267,B14-2206616,dam
B10-2063246,B12-2021313,sire
B09-2025053,B12-2021313,dam
DV02878-2010-6,CHN16-32-0670193,sire
DV02878-2009-428,CHN16-32-0670193,dam
B00-5052722,CHN10-03-484845,sire
B00-5150509,CHN10-03-484845,dam
B04-3002584,B12-3000450,sire
B08-3005155,B12-3000450,dam
B95-3336619,B04-3002584,sire
B97-3301433,B04-3002584,dam
B04-3002681,B08-3005155,sire
DE01-831005,B08-3005155,dam
B06-6154428,B14-6022876,sire
B08-6245021,B14-6022876,dam
B94-6495178,B06-6154428,sire
B05-6221127,B06-6154428,dam
B06-6154772,B08-6245021,dam
CHN06-03-278589,CHN12-03-111828,sire
CHN11-03-866123,CHN12-03-111828,dam
B98-5201624,CHN06-03-278589,sire
B97-5204459,CHN06-03-278589,dam
CHN06-03-278589,CHN11-03-866123,sire
B97-5204459,CHN11-03-866123,dam
CHN05-03-000286,CHN12-03-111517,sire
CHN06-03-000737,CHN12-03-111517,dam
B96-5090228,CHN05-03-000286,sire
B97-5204459,CHN05-03-000286,dam
B98-5201624,CHN06-03-000737,sire
B97-5204459,CHN06-03-000737,dam
B09-6240716,B16-6031700,sire
B09-6240724,B16-6031700,dam
B04-6208161,B09-6240716,sire
B15-1051542,CHN17-03-1150445,sire
B15-1051576,CHN17-03-1150445,dam
B11-9097009,B15-1051542,sire
B11-9065109,B15-1051542,dam
B13-9029414,B15-1051576,sire
B07-9023364,B15-1051576,dam
B05-9029203,CHN11-03-777727,sire
B05-9029082,CHN11-03-777727,dam
B98-9147146,B05-9029203,sire
B03-9021332,B05-9029203,dam
B98-9147006,B05-9029082,sire
B02-9050056,B05-9029082,dam
B09-2063107,B11-2074116,sire
B05-2075614,B11-2074116,dam
B07-2038199,B09-2063107,sire
B05-2075614,B09-2063107,dam
B99-2318299,B05-2075614,sire
B99-2318173,B05-2075614,dam
CHN02-03-290957,CHN12-03-111564,sire
B01-9040015,CHN12-03-111564,dam
B01-9040056,CHN02-03-290957,sire
B01-9040015,CHN02-03-290957,dam
B94-9080049,B01-9040015,sire
B95-9231712,B01-9040015,dam
CHN02-03-290957,CHN12-03-111345,sire
B01-9040015,CHN12-03-111345,dam
B05-9029201,CHN12-03-111634,sire
B01-9040015,CHN12-03-111634,dam
B98-9147146,B05-9029201,sire
B02-9071526,B05-9029201,dam
B05-6448064,CHN15-10-0761979,sire
B12-6236166,CHN15-10-0761979,dam
B94-6214450,B05-6448064,sire
B02-6091418,B05-6448064,dam
B08-6314611,B12-6236166,sire
B02-6091494,B12-6236166,dam
B05-9029201,CHN12-03-111566,sire
B05-9029035,CHN12-03-111566,dam
B02-9071581,B05-9029035,sire
B02-9096145,B05-9029035,dam
B05-9029002,CHN15-03-0670162,sire
B05-9029035,CHN15-03-0670162,dam
B98-9147146,B05-9029002,sire
B03-9021332,B05-9029002,dam
B12-2021418,B14-2323420,sire
B09-2025053,B14-2323420,dam
B11-2067104,B12-2021418,sire
B11-2067173,B12-2021418,dam
B07-2232040,B09-2025053,sire
B07-2222862,B09-2025053,dam
B14-4148060,CHN15-03-0670660,sire
B14-4148070,CHN15-03-0670660,dam
CHN08-03-626188,CHN12-03-111909,sire
CHN08-03-191119,CHN12-03-111909,dam
NL98-5821415,CHN08-03-626188,sire
NL99-5971339,CHN08-03-626188,dam
NL98-5821415,CHN08-03-191119,sire
NL99-5971339,CHN08-03-191119,dam
B13-6080502,CHN15-03-0670966,sire
B10-2083175,B14-2323405,sire
B11-2067233,B14-2323405,dam
B09-2025076,B10-2083175,sire
B01-2270233,B10-2083175,dam
B09-2025181,B11-2067233,sire
B05-2201710,B11-2067233,dam
B07-6140214,B16-6031672,sire
B14-6175955,B16-6031672,dam
B97-6101055,B07-6140214,sire
B02-6051523,B07-6140214,dam
B04-6208161,B14-6175955,sire
B11-6289620,B14-6175955,dam
B14-2216369,CHN18-03-0987865,sire
B14-2216459,CHN18-03-0987865,dam
B06-2082164,B14-2216369,sire
B10-21218322008,B14-2216369,dam
B08-2040296,B14-2216459,sire
B12-2061163,B14-2216459,dam
B10-6217260,B16-6031687,sire
B11-6329802,B16-6031687,dam
B07-6140038,B11-6329802,sire
B10-6217322,B11-6329802,dam
B11-2067237,B14-2206605,sire
B11-2067160,B14-2206605,dam
B06-2222493,B11-2067237,sire
B06-2222495,B11-2067237,dam
B09-2025181,B11-2067160,sire
B05-2201710,B11-2067160,dam
B16-4091301,CHN17-03-1150595,sire
B16-4091337,CHN17-03-1150595,dam
B06-4296522,B16-4091301,sire
B15-4134246,B16-4091301,dam
B06-4296522,B16-4091337,sire
B14-4009096,B16-4091337,dam
B13-6026103,CHN17-03-1150411,sire
B11-6282249,CHN17-03-1150411,dam
B07-6221019,B13-6026103,sire
B08-6147602,B11-6282249,sire
B05-6234389,B11-6282249,dam
B10-2063259,B14-2323414,sire
B08-3106083,B10-2063259,sire
B01-2270233,B10-2063259,dam
B07-6140215,B16-6031662,sire
B10-6358172,B16-6031662,dam
B97-6101055,B07-6140215,sire
B02-6051523,B07-6140215,dam
B08-6384340,B10-6358172,sire
B08-6232759,B10-6358172,dam
B14-6306280,B16-6031683,sire
B13-6027150,B16-6031683,dam
B04-6208161,B14-6306280,sire
B04-6208086,B14-6306280,dam
B07-6140215,B13-6027150,sire
B07-6140081,B13-6027150,dam
NL08-1108360,CHN10-01-928189,sire
B04-21254582004,CHN10-01-928189,dam
NL07-1546486,NL08-1108360,sire
NL05-2077593,NL08-1108360,dam
B03-5086552,B04-21254582004,sire
NL02-1949970,B04-21254582004,dam
B10-2083175,B14--2206738,sire
B11-2067233,B14--2206738,dam
B07-6140214,B13-6312979,sire
B07-6388666,B13-6312979,dam
B10-2063259,B14-2206741,sire
B11-2067237,B14-2206743,sire
B11-2067144,B14-2206743,dam
B09-2025181,B11-2067144,sire
B05-2201710,B11-2067144,dam
B06-6148300,CHN16-02-0018624,sire
B08-6372577,CHN16-02-0018624,dam
B00-6549276,B06-6148300,sire
B00-6141430,B06-6148300,dam
B01-6455003,B08-6372577,sire
B05-9029201,CHN12-03-111759,sire
B01-9040015,CHN12-03-111759,dam
B02-9069978,CHN07-03-623692,sire
B05-9029082,CHN07-03-623692,dam
B95-3335693,B02-9069978,sire
B98-3181155,B02-9069978,dam
B14-6304972,CHN18-03-1320450,sire
B14-6022972,CHN18-03-1320450,dam
CHN05-03-000286,CHN12-03-111942,sire
CHN06-03-000737,CHN12-03-111942,dam
CHN07-03-598116,CHN119-03-0060845,sire
CHN17-03-1150595,CHN119-03-0060845,dam
B04-5221280,CHN07-03-299891,sire
B05-6166491,CHN07-03-299891,dam
B01-5025782,B04-5221280,sire
B00-5150519,B04-5221280,dam
B99-6143597,B05-6166491,sire
B01-6255457,B05-6166491,dam
B05-6166491,CHN2011-03-399084,dam
B02-5107696,B06-5046611,dam
B99-5272893,B02-5107696,sire
B91-5166888,B02-5107696,dam
NL2004-0452773,NL07-1955948,dam
GFL00-995,NL2004-0452773,dam
NL2005-0029618,NL2007-1955953,sire
NL2005-1547868,NL2007-1955953,dam
NL2000-0083413,NL2005-0029618,sire
NL1999-2507150,NL2005-0029618,dam
B04-6177653,NL10-1084856,sire
B02-6175791,NL10-1084856,dam
NL07-1183353,NL15-1208208,sire
B10-6297752,NL15-1208208,dam
B01-6455003,B05-6040441,sire
B99-6247128,B05-6040441,dam
B98-6160968,B01-6455003,sire
B95-6302321,B01-6455003,dam
B96-6452295,B99-6247128,sire
B94-6174524,B99-6247128,dam
NL07-1183353,NL15-1208315,sire
B10-6297752,NL15-1208315,dam
B96-3121913,B02-6091479,dam
B97-6165917,B04-6276464,sire
B97-6364004,B04-6276464,dam
NL05-1239910,NL08-1102595,dam
B06-6148179,B08-6050198,sire
B06-6148039,B08-6050198,dam
B04-6073655,B06-6148179,sire
B03-6192822,B06-6148179,dam
B03-6032896,B06-6148039,sire
B03-6192606,B06-6148039,dam
B09-6114940,CHN14-03-368854,sire
CHN12-03-666150,CHN14-03-368854,dam
B07-6043940,B09-6358184,dam
B05-6045093,B07-6043940,sire
B1995-623035,CHN2007-32-885039,sire
NL2003-5342759,CHN2007-32-885039,dam
CHN03-26-095109,CHN2008-26-181041,sire
CHN2004-26-111021,CHN2008-26-181041,dam
B2001-3031243,CHN03-26-095109,sire
NL2002-5227753,CHN03-26-095109,dam
B1995-623035,CHN2004-26-111021,sire
BELG1994-6495178,BELG2006-6154903,sire
B02-6121675,BELG2006-6154903,dam
B00-6440232,B07-6379889,dam
B95-6303932,B00-6440232,sire
B97-6210632,B00-6440232,dam
B03-6254818,NL10-5012001,sire
NL07-5724626,NL10-5012001,dam
NL06-1597707,NL10-1109537,sire
B02-6113220,B10-6148341,sire
B01-6094275,B10-6148341,dam
B00-6141444,B02-6113220,sire
B00-6440232,B02-6113220,dam
B00-6549276,B01-6094275,sire
B00-6141430,B01-6094275,dam
B07-6369514,B10-6347281,sire
B00-6141404,B07-6369514,sire
B04-6073810,B07-6369514,dam
B06-3010257,B12-5029091,sire
B07-5168513,B12-5029091,dam
B00-3205376,B06-3010257,sire
B05-3057716,B06-3010257,dam
B05-2181562,B15-2142603,sire
B09-2056786,B15-2142603,dam
B99-2379279,B05-2181562,sire
E00-5259375,B05-2181562,dam
B00-2407581,B09-2056786,sire
B05-2094480,B09-2056786,dam
B11-2101195,B15-3150599,dam
B09-6235772,NL11-1396248,sire
NL09-1889945,NL11-1396248,dam
B02-6257974,B09-6235772,sire
B05-6302837,B09-6235772,dam
NL05-1862278,NL09-1889945,sire
CHN10-422324,CHN13-03-1191422,dam
NL94-1161013,NL08-1368169,sire
NL01-1672832,NL08-1368169,dam
NL89-1117317,NL94-1161013,sire
NL86-0854046,NL94-1161013,dam
NL00-1160748,NL01-1672832,sire
NL00-1282143,NL01-1672832,dam
NL06-2049400,NL13-1121514,sire
NL09-1060411,NL13-1121514,dam
NL05-1210548,NL06-2049400,sire
NL05-1210555,NL06-2049400,dam
NL02-1434319,NL09-1060411,sire
NL05-1210540,NL09-1060411,dam
B09-6114943,B11-6331070,sire
B10-6031800,B11-6331070,dam
B07-6210916,B09-6111640,dam
B10-6031888,DV05837-14-1216,sire
B09-6103287,B10-6031888,dam
NL10-4220204,NL12-4240082,sire
NL08-1967352,NL10-4220204,sire
NL08-1967352,NL09-1594251,sire
NL05-1859747,NL08-1967352,sire
CHN05-03-260654,CHN12-03-067302,sire
B04-6293151,CHN12-03-067302,dam
CHN00-03-323173,CHN05-03-260654,sire
DV02539-98-0147,CHN05-03-260654,dam
B95-3274306,B04-6293151,sire
B00-6448062,B04-6293151,dam
B06-3201619,B11-6061364,sire
B06-6096399,B11-6061364,dam
B01-6123140,B06-6096399,sire
NL03-1057289,B06-6096399,dam
B01-6499306,B09-6136264,sire
B05-6307009,B09-6136264,dam
B02-6276306,B05-6307009,sire
B98-6156220,B05-6307009,dam
NL08-3821982,NL11-1600777,sire
NL08-1392287,NL11-1600777,dam
NL95-2123024,NL08-1392287,sire
NL06-2101045,NL08-1392287,dam
CHN2008-03-066558,CHN2007-03-618886,sire
CHN2008-03-066681,CHN2007-03-618886,dam
CHN2006-03-090762,CHN2007-03-009051,sire
DV00-02463-797,CHN2007-03-009051,dam
CHN2007-03-009051,CHN2013-03-882301,sire
NL2003-1434889,CHN2010-03-165854,sire
CHN2007-03-009698,CHN2010-03-165854,dam
DV09-240-30349,CHN2014-03-319218,dam
CHN2008-03-818868,CHN2009-03-655896,sire
CHN2008-01-710680,CHN2009-03-655896,dam
NL2003-1434889,CHN2010-03-181146,sire
NL97-1908675,CHN2010-03-181146,dam
CHN2010-03-178349,CHN2013-03-1231663,dam
CHN2012-03-440532,CHN2013-03-1231682,sire
CHN2008-03-590449,CHN2012-03-440532,sire
CHN2007-03-009698,CHN2010-03-181146,dam
CHN2012-03-440532,CHN2013-03-1231538,sire
CHN2009-01-570648,CHN2013-03-882398,sire
CHN2009-03-661131,CHN2013-03-882398,dam
CHN2010-03-188838,CHN2013-03-883362,sire
CHN2008-01-710680,CHN2013-03-883362,dam
CHN2010-03-178349,CHN2012-03-819611,dam
B92-5338426,B98-5201624,sire
B94-5109274,B98-5201624,dam
B89-5340010,B97-5204459,sire
B92-5040391,B97-5204459,dam
B01-6455003,B05-6045081,sire
B04-6073742,B05-6045081,dam
B05-6045015,B11-6240682,sire
B04-6095801,B11-6240682,dam
B05-6045015,B11-6240681,sire
B04-6095801,B11-6240681,dam
B08-6368070,B10-6359178,sire
B1998-6210514,B2001-6255337,sire
B1997-6588200,B2001-6255337,dam
B09-6323991,B12-6319008,sire
B09-6323112,B2013-6215645,sire
B2011-6238397,B2013-6215645,dam
B2008-6339499,B2012-6140230,sire
B2003-6086258,B2012-6140230,dam
B09-6323111,B2013-6215649,sire
B12-6325530,B2013-6215649,dam
B11-6244772,B12-6325530,sire
B08-6298348,B13-6314712,sire
B08-6297117,B13-6314712,dam
B08-6338583,B14-6058537,sire
B10-6284702,B14-6058537,dam
B09-6323174,B12-6183801,sire
B09-6323168,B12-6183801,dam
B09-6323991,B2015-6279697,sire
B13-6215614,B2015-6279697,dam
B09-6323111,B13-6215614,sire
B06-6370820,B13-6215614,dam
B09-6323112,B2013-6215644,sire
B2011-6238397,B2013-6215644,dam
B1994-6214259,B2001-6255352,sire
B1997-6599835,B2001-6255352,dam
B83-6376407,B1994-6214259,sire
B1982-6380170,B1997-6599835,sire
B1994-6214446,B1997-6599835,dam
B1995-6230656,B2001-6255303,sire
B1997-6165851,B2001-6255303,dam
NL00-2327269,C07-03-167886,sire
NL05-1672021,C07-03-167886,dam
C1101-639741,C14-03-1000617,sire
C09-03-678192,C14-03-1000617,dam
NL2011-1758199,NL2012-1640434,sire
B03-6226043,B2014-6022781,sire
B94-6495178,B03-6226043,sire
NL05-1446650,CHN2015-08-0419460,sire
B07-3013660,CHN2014-15-090772,sire
B13-5053849,BE16--6183698,sire
B09--5030511,B13-5053849,sire
NL2003-1135048,NL11-1764251,sire
NL2007-1786382,NL11-1764251,dam
NL2001-1886536,NL2003-1135048,sire
NL1999-2360220,NL2003-1135048,dam
NL2005-2187237,NL2007-1786382,sire
NL2001-1847324,NL2007-1786382,dam
B97-6157699,B06-6413729,sire
B04-6468625,B06-6413729,dam
NL03-1168484,NL08-1569220,sire
NL07-1818077,NL08-1569220,dam
B08-6374766,B14-6241519,dam
B03-6460062,B08-6374766,sire
B03-6086112,B08-6374766,dam
BE07-3373192,BE08--3082221,sire
BE06-3149003,BE08--3082221,dam
B04-6082266,NL10-1693078,sire
B08-1548902,NL10-1693078,dam
B05-3006583,B12-3089679,sire
B04-3069721,B12-3089679,dam
B06-3008013,B14-3067001,dam
B07-1274303,B12-1274335,sire
B07-2090939,B10-2083169,sire
B05-2142800,B10-2083169,dam
B92-2198165,B05-2142800,sire
B98-6084339,B05-2142800,dam
B00-2574327,B08-2182617,sire
B01-2294026,B08-2182617,dam
B86-2553521,B00-2574327,sire
B91-3210123,B00-2574327,dam
B94-2118023,B01-2294026,sire
B96-6335299,B01-2294026,dam
NL95-1059582,NL04-1560352,sire
NL00-1488066,NL04-1560352,dam
B02-6270286,BELG08-6234270,sire
B97-6548709,B02-6270286,sire
B97-4483920,B02-6270286,dam
GFL404-2003,AU2010-GFL-218,sire
GFL633-2004,AU2010-GFL-218,dam
NL2310369-91,GFL404-2003,sire
NL1414085-85,GFL404-2003,dam
NL2310369-91,GFL633-2004,sire
NL0177721-01,GFL633-2004,dam
NL11-1736776,NL14-4185052,sire
NL06-1297284,NL14-4185052,dam
NL08-1537352,NL11-1736776,sire
NL08-1537339,NL11-1736776,dam
NL04-4141488,NL06-1297284,sire
NL05-4022811,NL06-1297284,dam
NL13-4151972,NL14-4185048,sire
NL12-4139171,NL14-4185048,dam
NL08-1762794,NL13-4151972,sire
NL10-4186069,NL13-4151972,dam
NL10-1892648,NL12-4139171,sire
NL09-1186063,NL12-4139171,dam
NL02-2283929,NL07-1213775,sire
NL02-5251279,NL07-1213775,dam
NL00-2466666,NL02-2283929,sire
NL97-2260275,NL02-2283929,dam
NL97-2276709,NL02-5251279,sire
NL10-4186111,NL14-4185015,sire
NL12-4139145,NL14-4185015,dam
NL07-1080235,NL10-4186111,sire
NL09-1405256,NL10-4186111,dam
NL11-1736781,NL12-4139145,sire
NL09-1186043,NL12-4139145,dam
B06-2082239,B10-2045214,sire
B04-2294930,B10-2045214,dam
B94-2061350,B06-2082239,sire
B00-2117363,B06-2082239,dam
B92-6337535,B04-2294930,sire
B97-2076286,B04-2294930,dam
B06-2082050,B11-2083204,dam
B08-2059166,B16-2138470,sire
B08-2040063,B16-2138470,dam
B05-2218173,B08-2059166,sire
B10-5110442,B11-5047232,dam
B02-6269204,B10-5110442,dam
B01-2137150,B2011-2083301,sire
B05-2142800,B2011-2083301,dam
B10-5025032,B12-5057266,sire
B10-5110400,B12-5057266,dam
B07-5116223,B10-5025032,sire
B07-5116119,B10-5025032,dam
B18-2069443,B19-2031048,sire
B07-4332335,B19-2031048,dam
B16-3136600,B18-2069443,sire
B06-2082068,B18-2069443,dam
B04-4431712,B07-4332335,sire
BELG2011-2083155,B19-2031131,sire
BELG2012-2061182,B19-2031131,dam
BELG2001-2137150,BELG2011-2083155,sire
B2008-2040063,BELG2011-2083155,dam
B07-2090939,BELG2012-2061182,sire
B2005-2142692,BELG2012-2061182,dam
B18-2069182,B19-2031069,dam
BELG2011-2083155,B18-2069182,sire
B18-2069435,B19-2031155,dam
B16-3136645,B18-2069435,sire
B18-2069057,B19-2031110,dam
B16-3136645,B18-2069057,sire
B08-2040062,B18-2069057,dam
B16-3136600,B19-2031040,sire
B16-6075427,B19-2031040,dam
B13-6122154,B16-6075427,dam
B16-3136645,B19-2031036,sire
B15-2062242,B19-2031036,dam
B10-3022653,B16-3136645,dam
B06-2246393,B15-2062242,sire
B16-3136600,B18-2069444,sire
B06-2082068,B18-2069444,dam
B04-4375935,B06-2082068,sire
B16-3136600,B18-2069386,sire
B06-2082068,B18-2069386,dam
B16-3136600,B18-2069172,sire
B06-2082068,B18-2069172,dam
B15-2062353,B17-2076204,sire
B08-2236567,B17-2076204,dam
B06-2246393,B15-2062353,sire
B05-2142800,B15-2062353,dam
B06-6210255,B08-2236567,dam
B07-2055337,B17-2076024,sire
B08-2040062,B17-2076024,dam
B04-4439160,B07-2055337,sire
B05-4130432,B07-2055337,dam
B03-4316077,B08-2040062,sire
B06-2082050,B08-2040062,dam
B11-6091408,B14-2216398,sire
B05-2143070,B14-2216398,dam
B06-6405249,B11-6091408,dam
B11-6091408,B14-2216397,sire
B05-2143070,B14-2216397,dam
BELG2001-2137150,B12-2061185,sire
B08-2040300,B12-2061185,dam
B94-2061168,BELG2001-2137150,dam
B05-2143154,B08-2040300,sire
B99-14391000,B08-2040300,dam
BELG2001-2137150,B12-2061184,sire
B08-2040300,B12-2061184,dam
B10-2045214,CHN19-03-0777740,sire
B00-2117363,CHN19-03-0777740,dam
B2006-2082239,B10-2045214,sire
B01-1439889,B00-2117363,sire
B10-2045207,B00-2117363,dam
B04-5174902,B08-2040295,sire
B01-2137150,B11-2083301,sire
B05-2142800,B11-2083301,dam
B87-4021090,B11-2083301,dam
B99-14391200,B08-2040295,dam
B14-2216397,B16-2138138,sire
B10-2045186,B16-2138138,dam
BELG2001-2137150,B11-2083301,sire
B94-2061168,B11-2083301,dam
B01-2137150,B11-2083204,sire
B10-2045214,B13-2053493,sire
B10-2045186,B13-2053493,dam
B01-2137326,B04-2294930,sire
B05-2143070,B04-2294930,dam
B10-2215863,B14-2216194,sire
B10-2121832,B14-2216194,dam
B11-2083301,CHN17-03-1368069,sire
B11-2083204,CHN17-03-1368069,dam
B10-2045388,B16-03-1366005,sire
B06-2082147,B16-2138111,dam
B99-2036304,CHN03-09-004928,sire
B01-2137266,CHN03-09-004928,dam
B11-2083301,CHN17-03-1361900,sire
B05-2142800,CHN17-03-1361900,dam
B11-2083301,CHN17-03-1361885,sire
B05-2142800,CHN17-03-1361885,dam
B11-2083301,CHN17-03-1361882,sire
B05-2142800,CHN17-03-1361882,dam
B11-2083301,CHN17-03-1361881,sire
B05-2142800,CHN17-03-1361881,dam
B10-2045214,CHN17-03-1361679,sire
B00-2117363,CHN17-03-1361679,dam
B92-6337535,B00-2117363,sire
B97-2076286,B00-2117363,dam
B10-2045214,CHN17-03-1361678,sire
B00-2117363,CHN17-03-1361678,dam
B10-2045214,CHN17-03-1361666,sire
B00-2117363,CHN17-03-1361666,dam
B10-2045214,CHN17-03-1361665,sire
B00-2117363,CHN17-03-1361665,dam
B83-2350020,B96-2348032,sire
B92-2198177,B96-2348032,dam
BE08-6177698,B2010-6031965,sire
B09-6040908,B2010-6031965,dam
B98-6335690,BE08-6177698,sire
B07-6033110,BE08-6177698,dam
B04-6096339,B09-6040908,sire
B06-6211149,B09-6040908,dam
NL08-1101997,NL09-1835767,sire
NL03-1913098,NL09-1835767,dam
NL98-5821470,NL07-5724653,sire
B95-6246005,B06-6210462,sire
B98-6523289,B06-6210462,dam
B03-6194837,B10-6357304,sire
B04-6095553,B10-6357304,dam
DAN212-95-0270,DAN025-04-0824,sire
NL03-1912862,DAN025-04-0824,dam
NL03-1918944,DAN025-04-0861,sire
NL99-1444972,DAN025-04-0861,dam
B08-6177698,BELG2010-6343256,sire
B03-6108024,BELG2010-6343256,dam
B98-6335690,B08-6177698,sire
B07-6033110,B08-6177698,dam
B01-6344997,B03-6108024,sire
B01-6364383,B03-6108024,dam
B06-6148382,B11-6091803,sire
B09-6358189,B11-6091803,dam
B08-6368070,B11-6091733,sire
B10-6146356,B11-6091733,dam
B04-6095524,B09-6040565,sire
B07-6363575,B09-6040565,dam
B05-6336717,B09-6040532,sire
B06-6210237,B09-6040532,dam
B02-6256251,B09-6040559,sire
B02-6501440,B09-6040559,dam
B06-6210298,B09-6040577,sire
B04-6095802,B09-6040577,dam
B04-3219444,B11-3047975,sire
B10-3177633,B11-3047975,dam
B05-3050482,B11-3047948,sire
B10-3177645,B11-3047948,dam
B00-9151118,HK06-55421,sire
DV07174-04-469,DV07174-07-268,sire
DV07174-04-439,DV07174-07-268,dam
B04-6208161,B12-6195891,sire
B04-6208086,B12-6195891,dam
B05-6176115,CHN2014-01-1017776,sire
B03-6257231,B05-6176115,sire
B03-6257209,B05-6176115,dam
B05-6176115,CHN2014-01-1016190,sire
B05-6176115,CHN2016-01-1616218,sire
B07-6033004,CHN2016-01-1616218,dam
B01-6345101,B07-6033004,sire
B03-6257007,B07-6033004,dam
B10-6031951,CHN2016-01-1617220,sire
NL13-1814332,CHN2016-01-1617220,dam
B10-6031799,B10-6031951,sire
NL06-1796101,NL13-1814332,sire
NL12-1288044,NL13-1814332,dam
B09-6111597,CHN2015-01-1416874,sire
B12-6023855,CHN2015-01-1416874,dam
B98-6335690,B09-6111597,sire
B08-6259169,B09-6111597,dam
B02-6183083,B12-6023855,sire
B10-6031007,B12-6023855,dam
B10-6030913,CHN2012-01-018375,sire
HU10-260097,CHN2012-01-018375,dam
B09-6169433,B10-6030913,sire
B07-6033149,B10-6030913,dam
HU03-02-94894,HU10-260097,sire
HU05-128549,HU10-260097,dam
BELG07-90648034,BELG10-9090095,sire
BELG08-1050067,BELG10-9090095,dam
BELG01-6153920,DV07364-04-1299,sire
BELG97-6569466,DV07364-04-1299,dam
BELG00-6141426,DV07364-07-672,sire
BELG03-6425151,DV07364-07-672,dam
DV02078-96-842,DV07237-05-524,sire
BELG03-6086227,DV07237-05-524,dam
BELG01-2137150,BELG10-2045383,sire
BELG02-9019498199,BELG10-2045383,dam
BELG06-2082239,BELG10-2045360,sire
BELG99-2036108,BELG10-2045360,dam
CHN02-03-063003,CHN2005-03-171974,sire
CHN02-03-063009,CHN2005-03-171974,dam
CHN02-03-063003,CHN10-03-874799,sire
CHN02-03-063009,CHN10-03-874799,dam
CHN03-03-318293,CHN12-03-999211,sire
CHN03-03-300979,CHN12-03-999211,dam
NL96-2286560,C04-300518,sire
C01-210066,C04-300518,dam
B2000-4396479,CHN02-03-000326,sire
B06-6149971,NL10-1271714,sire
BE09-6111743,NL2013-1947209,sire
BE10-6031822,NL2013-1947209,dam
BE98-6335690,BE09-6111743,sire
BE96-6404318,BE09-6111743,dam
BE98-6335690,BE10-6031822,sire
BE04-6307341,BE10-6031822,dam
BE10-6031729,BE2014-4240049,sire
BE13-3164567,BE2014-4240049,dam
BE98-6335690,BE10-6031729,sire
BE96-6404318,BE10-6031729,dam
BE03-6257098,BE13-3164567,sire
BE03-6150214,BE13-3164567,dam
B05-2143360,B11-2083372,sire
B04-2211623,B11-2083372,dam
B03-3241936,B05-2143360,sire
B00-6376276,B05-2143360,dam
B00-2102302,B04-2211623,sire
B02-2324581,B04-2211623,dam
NL02-5255446,NLD09-1647128,sire
NL99-2585526,NL02-5255446,sire
B2181371-98,B2206045-11,sire
BE09-6348500,B6308447-13,sire
B01-6455003,BE09-6348500,sire
BE02-6354241,B6049945-11,sire
B1996-6279487,BE02-6354241,sire
B1994-6366938,BE02-6354241,dam
B6091121-08,B6226311-11,dam
NL02-5255446,CHN13-01-563957,sire
NL05-1909293,NL02-5255446,dam
B2214318-09,B2235738-14,sire
B2222388-07,B2235738-14,dam
CHN13-283392,CHN2013-09-283392,sire
B97-4097319,CHN13-0,sire
NL07-1644107,C13-01-563624,sire
NL01-1672053,NL07-1644107,sire
BE10-6163736,B6119045-11,sire
B98-6210287,B2007-6011035,sire
B98-6210293,B2007-6011035,dam
B92-6074426,B98-6210293,sire
B92-6074579,B98-6210293,dam
DV0516-07-975,DV09876-08-264,sire
DV07237-05-805,DV09876-08-264,dam
DV0516-01-184,DV0516-07-975,sire
B06-6148423,DV0516-07-975,dam
B02-6507084,DV07237-05-805,sire
B99-6061166,B05-6045476,sire
DV02098-01-711,DV02098-03-1089,dam
NL95-5594605,DV02098-01-711,sire
NL05-1731421,NL12-5213765,sire
NL10-1082875,NL12-5213765,dam
NL96-1160887,NL05-1731421,sire
NL02-2358081,NL05-1731421,dam
NL02-5255446,NL10-1082875,sire
NL05-5535809,NL10-1082875,dam
B03-5207447,B06-5056717,sire
B00-5098153,B06-5056717,dam
B99-5247071,B03-5207447,sire
B95-5211928,B03-5207447,dam
B98-5149694,B00-5098153,sire
B99-5074811,B00-5098153,dam
NL08-1559465,NL10-1700890,dam
NL01-1106788,NL11-1161914,dam
NL01-1106788,NL10-1084759,dam
NL03-1168559,NL07-1620383,sire
NL04-2082550,NL07-1620383,dam
NL96-2312124,NL03-1168559,sire
NL01-1922847,NL03-1168559,dam
NL96-5666011,NL04-2082550,sire
NL96-5666017,NL04-2082550,dam
NL08-2017296,NL09-1643707,sire
NL04-1358552,NL09-1643707,dam
NL04-1326803,NL08-2017296,sire
NL06-1521404,NL08-2017296,dam
NL98-1895863,NL04-1358552,sire
NL00-1177139,NL04-1358552,dam
B92-3138647,B02-3025837,sire
B87-3089349,B02-3025837,dam
B02-3025836,NL06-1078569,sire
B00-3244492,NL06-1078569,dam
B07-6363154,CHN12-03-111336,dam
B09-6222995,BELG08-6314692,dam
CHN2001-10-225830,CHN2006-10-400439,sire
CHN2005-10-393953,CHN2006-10-400439,dam
CHN04-09-007132,CHN2010-09-226698,sire
CHN07-09-0021112,CHN2010-09-226698,dam
B96-3096031,CHN04-09-007132,sire
CH02-10-695514,CHN07-09-0021112,sire
CHN04-09-007137,CHN07-09-0021112,dam
CHN10-09-487418,CHN12-09-395131,dam
CHN10-09-487528,CHN14-09-089727,sire
CHN12-09,CHN14-09-089727,dam
CHN01-09-283395,CHN09-09-131039,sire
CHN05-09-028582,CHN09-09-131039,dam
CHN02-09-004353,CHN09-09-131029,sire
CHN01-09-141944,CHN09-09-131029,dam
CHN06-09-278242,CHN11-09-132202,sire
CHN09-01-001923,CHN11-09-132202,dam
CHN01-09-283395,CHN09-09-131038,sire
CHN05-09-028582,CHN09-09-131038,dam
CHN2009-09-131039,CHN13-09-241740,sire
NL05-1376044,CHN13-09-241740,dam
CHN09-09-192024,CHN13-09-214263,sire
CHN05-09-041580,CHN13-09-214263,dam
CHN02-09-168127,CHN05-09-041580,dam
CHN09-09-131039,CHN13-09-068252,sire
CHN09-01-499289,CHN13-09-068252,dam
CHN08-09-302796,CHN13-09-292168,sire
CHN07-09-018395,CHN13-09-292168,dam
CHN99-09-008471,CHN07-09-018395,sire
CHN06-09-300993,CHN07-09-018395,dam
DV0215-10-200,CHN13-09-621106,sire
CHN12-06-888568,CHN13-09-621106,dam
CHN03-09-002015,CHN10-09-060390,sire
CHN06-09-309454,CHN11-09-190925,sire
CHN05-09-168898,CHN11-09-190925,dam
CHN2009-09-131039,CHN12-09-357664,sire
NL05-1376044,CHN12-09-357664,dam
DV0730-09-204,CHN14-09-089623,dam
CHN10-09-219365,CHN13-09-257167,sire
CHN12-09-357669,CHN13-09-257167,dam
CHN10-09-219368,CHN13-09-241737,sire
CHN10-09-060390,CHN13-09-241737,dam
CHN10-09-219368,CHN13-09-214254,sire
CHN10-09-060390,CHN13-09-214254,dam
CHN11-09-517317,CHN13-09-462242,sire
CHN12-09-336801,CHN13-09-462242,dam
CHN11-09-343723,CHN13-09-462248,sire
CHN12-09-395126,CHN13-09-462248,dam
CHN09-09-192082,CHN13-09-214262,dam
CHN09-09-003329,CHN11-09-154636,dam
CHN10-09-487444,CHN12-09-336923,dam
CHN02-09-239997,CHN10-09-487444,sire
CHN08-09-295032,CHN10-09-487444,dam
DV0730-06-694,DV01777-08-1060,dam
CHN02-09-239998,CHN03-09-207123,dam
CHN02-09-120188,CHN04-09-247923,sire
B90-6277397,B99-6143668,sire
B98-6590496,B99-6143668,dam
DV2001-0537,DV2004-0321,sire
DV2001-0019,DV2004-0321,dam
SK1998-22-6618,S2007-0203-6618,sire
B2002-2142230,S2007-0203-6618,dam
B01-6516466,B08-6314622,sire
B06-6267044,B08-6314622,dam
B94-6214211,B04-6468526,sire
B02-6091917,B04-6468526,dam
B90-2035575,B94-6214211,dam
B90-6277377,B02-6091917,sire
B98-6590496,B02-6091917,dam
NL98-5821416,NL03-5343048,sire
B98-6593456,NL03-5343048,dam
B06-5100883,B10-4258358,sire
B2003-6485937,AU04-GFL-1317,dam
B98-6210287,B2003-6485937,sire
B98-6210293,B2003-6485937,dam
B03-6266193,B08-6314601,sire
B98-6590496,B08-6314601,dam
NL03-1731705,NL08-1173451,sire
NL02-2373079,NL08-1173451,dam
NL05-1936841,NL07-1304480,sire
NL04-1362189,NL07-1304480,dam
NL96-8019718,NL07-3762843,sire
NL06-0752148,NL07-3762843,dam
B00-6553131,B07-6404543,sire
B03-6485765,B07-6404543,dam
B04-6293191,B08-6374035,sire
B06-6056065,B08-6374035,dam
NL03-1147197,NL11-1747410,dam
NL96-5666044,NL03-1147197,dam
NL12-1783648,N17-1320027,sire
NL16-1567750,N17-1320027,dam
NL10-3054660,NL12-1783648,sire
NL10-1864339,NL12-1783648,dam
NL15-1849719,NL16-1567750,dam
NL15-1848891,NL17-1858201,sire
NL15-1850518,NL17-1858201,dam
NL07-2007622,NL15-1848891,sire
NL10-1864544,NL15-1848891,dam
NL07-2007621,NL15-1850518,sire
NL14-1208704,NL15-1850518,dam
NL98-2263866,NL13-1925138,sire
B10-5020635,B15-2200328,sire
B13-5036227,B15-2200328,dam
NL03-0374673,NL12-3207937,sire
NL03-0316636,NL12-3207937,dam
NL99-9968174,NL03-0374673,sire
NL98-9876049,NL03-0374673,dam
NL00-0076138,NL03-0316636,sire
NL00-0014123,NL03-0316636,dam
NL07-1513778,NL13-1922018,sire
B98-6278036,B05-6450540,sire
NL16-1663960,NL18-1240867,sire
NL16-1047586,NL18-1240867,dam
NL14-1219811,NL16-1663960,sire
NL12-1784574,NL16-1663960,dam
B13-2071432,NL16-1047586,dam
B02-6092673,B09-6222894,sire
B05-6168668,B09-6222894,dam
B00-3076246,BELG14-3067499,sire
NL10-1693078,BELG15-3025184,sire
B12-3089679,BELG15-3025184,dam
B09-6294000,B10-6358361,sire
B08-6373646,B10-6358361,dam
B04-6325441,B09-6252489,sire
B08-6364806,B09-6252489,dam
C96-239714,T2006-632115,sire
C96-422165,T2006-632115,dam
CHN10-09-224584,CHN2011-09-070394,sire
CHN09-09-007968,CHN2011-09-070394,dam
CHN01-023140,CHN09-09-3226092009,sire
NL03-4774367,CHN09-09-3226092009,dam
B06-6154869,CHN10-09-419042,sire
B06-4112284,CHN10-09-419042,dam
B04-6231792,B06-6154869,sire
B03-6226201,B06-6154869,dam
B94-4421875,B06-4112284,sire
B03-4146093,B06-4112284,dam
CHN10-02-168520,CHN14-09-627565,sire
NL10-1839111,CHN14-09-627565,dam
NL02-2173502,NL10-1839111,sire
NL05-4004811,NL10-1839111,dam
B05-4333769,CHN10-09-310436,sire
B07-4253815,CHN10-09-310436,dam
B04-4277227,B05-4333769,sire
B05-4333735,B07-4253815,sire
B04-4431710,B07-4253815,dam
AU02-220,CHN08-09-337612,sire
NL07-3762443,CHN08-09-337612,dam
CHN05-09-297385,CHN10-09-273358,sire
CHN05-09-116118,CHN10-09-273358,dam
B05-4391925,CHN10-09-214046,dam
CHN12-09-314164,CHN2013-09-234950,sire
CHN11-09-116717,CHN2013-09-234950,dam
CHN10-02-168520,CHN12-09-314164,sire
NL10-1839111,CHN12-09-314164,dam
CHN10-09-224854,CHN11-09-116717,sire
CHN08-09-338869,CHN11-09-116717,dam
CHN2010-09-406384,CHN2012-09-309244,sire
CHN2011-09-116717,CHN2012-09-309244,dam
CHN07-09-169931,CHN2012-09-474681,sire
CHN11-09-116682,CHN2012-09-474681,dam
CHN2010-09-402376,CHN2014-09-468094,sire
CHN2009-09-014963,CHN2014-09-468094,dam
CHN10-09-214046,CHN2013-09-234954,sire
CHN10-09-181383,CHN2013-09-234954,dam
CHN2011-09-430179,CHN2013-09-234970,sire
CHN2010-09-206026,CHN2013-09-234970,dam
CHN2013-09-501242,CHN2014-09-468080,sire
CHN2010-09-270002,CHN2014-09-468080,dam
CHN10-09-273358,CHN11-09-039070,sire
CHN04-09-307102,CHN11-09-039070,dam
CHN2009-09-373789,CHN2014-09-410029,sire
CHN2010-09-224851,CHN2014-09-410029,dam
CHN2009-09-297243,CHN2014-09-410017,sire
NL06-1578974,CHN2014-09-444508,sire
CHN2012-09-492485,CHN2014-09-444508,dam
CHN2010-09-402376,CHN2014-09-410027,sire
CHN2009-09-014963,CHN2014-09-410027,dam
B05-3189858,B08-3004486,sire
B02-4425363,B05-3189858,sire
B97-3072314,B05-3189858,dam
B10-5120228,B11-5167949,sire
B06-5048446,B11-5167949,dam
B95-6201282,B04-6318263,sire
B01-6235338,B04-6318263,dam
B90-6088614,B95-6201282,sire
B94-6142744,B95-6201282,dam
B94-6633774,B01-6235338,sire
B95-6471492,B01-6235338,dam
NL97-1559333,NL08-1540852,sire
NL92-5290883,NL08-1540852,dam
NL85-5551222,NL97-1559333,sire
NL93-5354347,NL97-1559333,dam
NL02-0251837,NL92-5290883,sire
NL02-1705023,NL92-5290883,dam
B02-3185389,NL15-1890280,sire
B88-3206173,NL15-1890280,dam
B98-3158062,B02-3185389,sire
B93-3354340,B02-3185389,dam
B06-3008003,B88-3206173,sire
B03-3053580,B88-3206173,dam
B11-2122137,B12-2194901,sire
B11-6091476,B12-2194901,dam
B02-3003886,B11-2122137,sire
B98-6396501,B11-2122137,dam
B95-3263200,B03-3131060,sire
B02-3026045,B03-3131060,dam
B88-3307763,B95-3263200,sire
B87-3089377,B95-3263200,dam
B95-3263118,B02-3026045,sire
B93-3010103,B02-3026045,dam
B11-9019502,B12-9067219,sire
B99-9119364,B12-9067219,dam
B03-9103503,B11-9019502,sire
B01-9081918,B11-9019502,dam
B06-9057537,B99-9119364,sire
B06-9007023,B99-9119364,dam
B11-9019521,B13-9068102,sire
B99-9119364,B13-9068102,dam
B07-9067832,B11-9019521,sire
B01-9081918,B11-9019521,dam
B08-9075783,B99-9119364,sire
B09-9021126,B99-9119364,dam
B94-005,BE11-6240473,sire
B96-6286083,B94-005,sire
B99-6000159,B94-005,dam
B10-6251600,B12-6196344,sire
B07-6221566,B12-6196344,dam
B03-6277418,B10-6251600,sire
B08-6144005,B10-6251600,dam
B03-6287006,B07-6221566,sire
B05-6234500,B07-6221566,dam
B07-6369509,B09-6369450,dam
B04-6073655,B07-6369509,sire
NL92-1821411,DV06248-12-62,sire
NL88-2522744,DV06248-12-62,dam
NL97-2039867,NL92-1821411,sire
NL99-1374484,NL92-1821411,dam
B96-2270528,NL88-2522744,dam
B02-6106921,B00-6551991,sire
B99-6375826,B00-6551991,dam
B85-3210906,B11-3111687,sire
B04-3179195,B11-3111687,dam
B00-3000606,B85-3210906,sire
B91-3291864,B85-3210906,dam
B94-3294185,B04-3179195,sire
B07-3107773,B11-3111736,sire
B07-3107751,B11-3111736,dam
B06-3106188,B07-3107773,sire
B05-3105949,B07-3107773,dam
B02-3002749,B07-3107751,sire
B03-3230280,B07-3107751,dam
B09-6233714,B11-6220735,sire
B04-6220411,B11-6220735,dam
B05-6065440,B09-6233714,sire
B06-6403054,B09-6233714,dam
B06-6208264,B04-6220411,sire
B04-6220408,B04-6220411,dam
B99-3108240,B11-3011712,sire
B05-3005867,B11-3011712,dam
B93-4554778,B99-3108240,sire
B89-4465322,B99-3108240,dam
B00-3100879,B05-3005867,sire
B99-3282750,B05-3005867,dam
NL00-2263646,NL2005-1928887,sire
NL03-1723225,NL2005-1928887,dam
NL94-9402215,NL00-2263646,sire
NL96-9608804,NL00-2263646,dam
BELG99-6181455,NL2005-5532478,dam
NL05-1541592,B07-6374295,sire
NL03-1234980,B07-6374295,dam
NL93-5383224,NL05-1541592,sire
NL01-2055992,NL05-1541592,dam
B00-6460908,NL03-1234980,sire
B02-6045141,NL03-1234980,dam
B10-6031799,B12-6307249,sire
B11-2076111,B12-6307249,dam
B07-2222206,B12-2197243,dam
B10-5105872,B13-6031587,sire
B12-5045698,B13-6031587,dam
B09-5052443,B10-5105872,sire
B06-5078318,B10-5105872,dam
B09-5052386,B12-5045698,sire
B11-5056912,B12-5045698,dam
B04-2188512,B11-2199331,sire
B00-3100558,B04-2188512,sire
B98-3303868,B04-2188512,dam
NL06-1099786,NL2011-1764203,dam
NL01-1135601,NL06-1099786,sire
NL01-1135708,NL06-1099786,dam
B05-9093853,CHN09-02-483658,sire
NL08-5820810,CHN09-02-483658,dam
BLG99-6438097,NL08-5820810,sire
NL06-1589701,NL08-5820810,dam
B04-6231751,B08-6245088,sire
B03-2191191,B04-6231751,sire
B00-6272081,B04-6231751,dam
B00-3100860,B06-3006491,sire
B03-3203561,B06-3006491,dam
B90-4499329,B00-3100860,sire
B91-4446821,B00-3100860,dam
B95-3305105,B03-3203561,sire
B99-3100105,B03-3203561,dam
B06-6154788,B10-6343114,dam
B02-6121576,B06-6154788,sire
B11-6117696,B12-6307248,sire
B10-6031858,B12-6307248,dam
B07-6034307,B11-6117696,sire
B10-6030939,B11-6117696,dam
B98-6335690,B10-6031858,sire
B04-6307341,B10-6031858,dam
B05-3006501,B09-3180362,sire
B03-3003446,B09-3180362,dam
B97-3229754,B03-3003446,sire
B99-3023909,B03-3003446,dam
NL98-1103891,NL07-1735574,sire
NL02-5241527,NL07-1735574,dam
NL98-1103891,NL07-1735575,sire
NL02-5241527,NL07-1735575,dam
BE08-6369094,BE14-6306580,sire
BE10-6297598,BE14-6306580,dam
BE13-5025014,BE15-2185810,sire
BE13-5033560,BE15-2185810,dam
BE05-5097854,BE13-5025014,sire
BE09-5021751,BE13-5025014,dam
BE10-5091047,BE13-5033560,sire
BE11-5160761,BE13-5033560,dam
DV06348-03-284,DV11-06348-672,dam
DV06348-02-293,DV11-06348-674,sire
DV06348-00-814,DV06348-02-293,sire
DV06348-98-41599,DV06348-02-293,dam
NL2011-1185880,NL15-4767413,sire
NL2014-1462403,NL15-4767413,dam
C2012-02-234447,CHN18-01-0372294,dam
C2012-02-234447,CHN17-02-0658235,dam
CHN16-03-4444432,C18-01-0372303,sire
CHN16-03-1273000,C18-01-0372303,dam
CHN2017-02-0619162,CHN2019-03-1079985,dam
NL2014-4750805,CHN2019-03-1102465,sire
NL17-4703991,CHN2019-03-1102465,dam
B10-4323553,NL2014-4750805,sire
NL10-5011998,NL2014-4750805,dam
NL09-1754567,NL17-4703991,sire
NL10-1109814,NL17-4703991,dam
C2008-03-111884,CHN2019-03-1079999,sire
C2016-03-1273000,CHN2019-03-1079999,dam
C2012-02-234447,CHN18-03-0900987,dam
NL11-1298578,NL12-1292777,sire
NL10-1409631,NL12-1292777,dam
B07-2093103,NL11-1980908,sire
NL05-1672949,NL11-1980908,dam
NL98-1573692,NL05-1672949,sire
B09-4189842,DV01697-12-2269,sire
NL08-2021257,DV01697-12-2269,dam
B99-6552499,DV02098-05-575,sire
B09-4189842,DV01697-17-1001,sire
NL08-2021257,DV01697-17-1001,dam
BELG2004-3230875,CHN2014-03-003200,dam
B09-4189842,DV01697-12-2157,sire
BE11-4008897,DV01697-12-2157,dam
B06-6210009,B12-6142628,sire
B06-6210251,B12-6142628,dam
NL06-1974929,NL08-1291245,dam
DV01769-08-162,DV01769-11-444,sire
DV01769-08-162,DV11-01769-186,sire
DV01769-08-1199,DV03236-12-1047,sire
NL07-1566659,NL12-1402705,dam
B11-2083010,B14-2216395,sire
B08-2040295,B14-2216395,dam
B11-2083023,B11-2083010,sire
B08-2040300,B11-2083010,dam
B10-2045388,B14-2216406,sire
B10-2045162,B14-2216406,dam
B07-2055171,B10-2045388,sire
B05-2142800,B10-2045388,dam
NL02-1381819,NL03-2186113,sire
NL02-1381946,NL03-2186113,dam
B09-3188087,B14-3155955,dam
B06-3008013,B09-3188087,dam
NL00-1148553,NL03-1675010,sire
B02-3255938,B12-3168963,dam
NL03-113828207,NL09-5914120,sire
NL03-1130820106,NL09-5914120,dam
NL01-1888847,NL03-113828207,sire
NL96-9694027,NL03-1130820106,sire
NL00-1977888,NL03-1130820106,dam
NL03-113828207,NL07-2008339,sire
NL03-1130820106,NL07-2008339,dam
B11-6265152,BELG13-6080895,sire
B00-6156432,B11-6265152,sire
B06-6267300,B11-6265152,dam
B13-3159402,B14-3067156,dam
B05-3006583,B13-3159402,sire
B04-3069721,B13-3159402,dam
NL03-113822406,NL07-2008413,sire
NL03-230307007,NL07-2008413,dam
NL96-9694027,NL03-113822406,sire
NL97-152667,NL03-230307007,sire
NL97-1526227,NL03-230307007,dam
B06-6268114,B14-6079191,sire
B09-6222195,B14-6079191,dam
B99-6143191,B06-6268114,sire
B02-6092535,B06-6268114,dam
B06-6188481,B09-6222195,sire
B06-5010886,B09-6222195,dam
NL04-2052787,NL07-2008570,sire
NL04-205293408,NL07-2008570,dam
NL99-1378768,NL04-2052787,sire
NL01-1888832,NL04-205293408,sire
NL03-1302805,NL04-205293408,dam
NL03-113822406,NL07-2008475,sire
NL03-230307007,NL07-2008475,dam
B07-6155353,B14-6298434,sire
B05-6444400,B07-6155353,sire
B05-6444367,B07-6155353,dam
B04-1066226,B12-1041939,sire
B09-1000303,B12-1041939,dam
B99-5193333,B04-1066226,sire
B03-1003438,B04-1066226,dam
NL05-1755350,B09-1000303,sire
NL05-1755344,B09-1000303,dam
B08-1000441,B12-1003281,sire
B07-1002294,B12-1003281,dam
NL05-1755342,B08-1000441,sire
NL05-1755317,B08-1000441,dam
B99-5193333,B07-1002294,sire
B05-1034294,B07-1002294,dam
B98-2061410,BELG02-2214394,sire
B89-2559604,BELG02-2214394,dam
NL96-2477441,B98-2061410,sire
B97-2076498,B98-2061410,dam
B85-5230489,B89-2559604,sire
B85-2359168,B89-2559604,dam
NL89-2201387,BELG03-2191453,sire
NL97-3185048,BELG03-2191453,dam
NL76-2528624,NL89-2201387,sire
NL85-2359168,NL89-2201387,dam
NL90-3152165,NL97-3185048,sire
NL89-3167847,NL97-3185048,dam
B98-2061410,BELG02-2214379,sire
B89-2559604,BELG02-2214379,dam
NL85-5230489,B89-2559604,sire
NL85-2359168,B89-2559604,dam
NL04-2052787,NL07-2008582,sire
NL04-205293408,NL07-2008582,dam
B03-2191428,BELG10-2045490,sire
B06-3098075,BELG10-2045490,dam
B89-2201387,B03-2191428,sire
B85-2359168,B03-2191428,dam
B96-3226008,B06-3098075,sire
B98-3080001,B06-3098075,dam
B08-6245182,B14-6022991,sire
B10-6155000,B14-6195006,sire
B01-6080717,B10-6155000,sire
NL04-205298906,NL07-5729571,sire
NL04-205304906,NL07-5729571,dam
NL93-2700132,NL04-205298906,sire
NL02-1638126,NL04-205304906,sire
NL02-1638113,NL04-205304906,dam
B09-6222045,B12-6321151,dam
B00-6155746,B09-6222045,sire
B01-6253991,B09-6222045,dam
NL04-205298906,NL07-5729594,sire
NL04-205304906,NL07-5729594,dam
B07-3200000,B09-3095030,dam
B05-3224593,B07-3200000,sire
B06-2452361,B07-3200000,dam
B05-3006569,B14-3157406,sire
B05-3006569,B14-3150687,sire
B09-3188087,B14-3150687,dam
B08-6166350,B12-6323647,sire
B10-6037702,B12-6323647,dam
B05-6054252,B08-6166350,sire
B02-6496778,B08-6166350,dam
B05-6448192,B10-6037702,sire
B02-6091871,B10-6037702,dam
B09-6358256,B12-6235086,sire
B07-6077248,B12-6235086,dam
B02-6092673,B09-6358256,sire
B05-6168668,B09-6358256,dam
B00-6155604,B07-6077248,sire
B06-6135370,B07-6077248,dam
B04-6278020,B12-6235089,sire
B09-6040138,B12-6235089,dam
B02-6092535,B04-6278020,dam
B08-6338028,B09-6040138,sire
B08-6338041,B09-6040138,dam
DV08833-99-631,DV08833-00-592,sire
B97-6604629,DV08833-99-631,sire
DV08833-97-1491,DV08833-99-631,dam
BELG2003-6192634,B10-6358936,sire
BELG2004-6073334,B10-6358936,dam
BELG1997-6205345,BELG2004-6073334,dam
BELG2009-6356722,B11-6333642,dam
BELG2007-6399401,BELG2009-6356722,dam
BELG2006-6410696,B11-6333700,sire
BELG2007-6404510,B11-6333700,dam
BELG2003-6032896,BELG2006-6410696,sire
BELG2003-6192606,BELG2006-6410696,dam
BELG2001-6455003,BELG2007-6404510,sire
BELG2005-6045400,BELG2007-6404510,dam
BELG2011-6115021,BELG2012-6307296,sire
BELG2010-6031800,BELG2012-6307296,dam
BELG2010-6163863,BELG2011-6115021,sire
BELG2010-6166238,BELG2011-6115021,dam
BELG1998-6335690,BELG2010-6031800,sire
BELG2004-6307341,BELG2010-6031800,dam
BELG2012-6023210,BELG2013-6062206,sire
BELG2009-6111546,BELG2013-6062206,dam
BELG2010-6297742,BELG2012-6023210,sire
BELG2009-2035886,BELG2012-6023210,dam
BELG2006-6034734,BELG2009-6111546,dam
BELG2006-6210990,BELG2013-6062010,sire
BELG2010-6031710,BELG2013-6062010,dam
BELG2005-6337115,BELG2006-6210990,sire
BELG2005-6337294,BELG2006-6210990,dam
BELG2002-6183083,BELG2010-6031710,sire
BELG2007-6033018,BELG2010-6031710,dam
BELG2008-6369094,BELG2013-6062172,sire
BELG2010-6297598,BELG2013-6062172,dam
BELG2007-6033110,BELG2008-6369094,dam
BELG2005-6045015,BELG2010-6297598,sire
BELG2004-6095801,BELG2010-6297598,dam
BELG2012-3162875,BELG2016-3084342,sire
BELG2012-4241083,BELG2016-3084342,dam
BELG1999-3199708,BELG2012-3162875,sire
BELG2007-4361085,BELG2012-3162875,dam
BELG2009-3040107,BELG2012-4241083,sire
CHN2010-3020292,BELG2012-4241083,dam
BELG2010-3179399,BELG2016-3084308,sire
BELG2013-3164523,BELG2016-3084308,dam
BELG1999-3199708,BELG2010-3179399,sire
BELG2006-1974998,BELG2010-3179399,dam
BELG2007-3043418,BELG2013-3164523,sire
BELG2012-3127542,BELG2013-3164523,dam
BELG2014-3067002,BELG2016-3138921,sire
BELG2015-3025100,BELG2016-3138921,dam
BELG2009-5052387,BELG2014-3067002,sire
BELG2007-3199994,BELG2014-3067002,dam
BELG2012-6023348,BELG2015-3025100,sire
BELG2011-321097,BELG2015-3025100,dam
BELG2014-3067001,BELG2016-3138917,sire
BELG2015-3025153,BELG2016-3138917,dam
BELG2009-5052387,BELG2014-3067001,sire
BELG2006-3008013,BELG2014-3067001,dam
BELG2012-3203219,BELG2015-3025153,sire
BELG2012-1665470,BELG2015-3025153,dam
BELG2012-3127549,BELG2016-3138905,sire
BELG2009-3095237,BELG2016-3138905,dam
BELG2007-3199999,BELG2012-3127549,sire
BELG2007-4026135,BELG2012-3127549,dam
BELG2002-3003592,BELG2009-3095237,sire
BELG2004-3069722,BELG2009-3095237,dam
BELG2013-3159460,BELG2016-3138903,sire
BELG2012-3691293,BELG2016-3138903,dam
BELG2005-3006583,BELG2013-3159460,sire
BELG2004-3069721,BELG2013-3159460,dam
BELG2008-5369969,BELG2012-3691293,sire
BELG2005-5369393,BELG2012-3691293,dam
BELG2010-6163736,BELG2012-6307282,sire
BELG2008-6177699,BELG2012-6307282,dam
BELG2007-6320827,BELG2010-6163736,sire
BELG2007-6377967,BELG2010-6163736,dam
BELG1998-6335690,BELG2008-6177699,sire
BELG2007-6033110,BELG2008-6177699,dam
BELG2009-5110388,BELG2011-4097223,sire
BELG2008-5027744,BELG2011-4097223,dam
BELG1994-4407032,BELG2009-5110388,sire
BELG2002-5065265,BELG2009-5110388,dam
BELG2006-4112378,BELG2008-5027744,dam
BELG2011-4244025,BELG2014-4215749,sire
BELG2011-4097002,BELG2014-4215749,dam
BELG2009-6111600,BELG2011-4244025,sire
BELG2000-4065848,BELG2011-4097002,sire
BELG2005-4130520,BELG2011-4097002,dam
BELG2009-6111600,BELG2014-4215608,sire
BELG2009-5052486,BELG2014-4215608,dam
BELG1998-6335690,BELG2009-6111600,sire
BELG1999-5000704,BELG2009-5052486,sire
BELG2006-4112378,BELG2009-5052486,dam
BELG2009-4080888,BELG2011-4097219,sire
BELG2006-4107502,BELG2011-4097219,dam
BELG1991-4261261,BELG2009-4080888,sire
BELG2002-4025234,BELG2006-4107502,sire
BELG2002-4025206,BELG2006-4107502,dam
BELG2007-4373754,CHN2012-4163556,sire
BELG2005-4130439,CHN2012-4163556,dam
BELG2002-4333378,BELG2007-4373754,sire
BELG1999-4365061,BELG2007-4373754,dam
BELG1996-4391970,BELG2005-4130439,sire
BELG2004-4019957,BELG2005-4130439,dam
BELG2008-4003774,BELG2014-1053504,sire
BELG2005-9029062,BELG2014-1053504,dam
BELG2007-4067927,BELG2008-4003774,dam
BELG2004-9134245,BELG2005-9029062,sire
BELG2001-9040067,BELG2005-9029062,dam
BELG2007-6229033,BELG2013-6309538,sire
BELG2010-6342785,BELG2013-6309538,dam
BELG2003-6460062,BELG2010-6342785,sire
BELG2001-6179491,BELG2010-6342785,dam
BELG1998-9147006,BELG2006-9123115,sire
BELG2002-9050056,BELG2006-9123115,dam
BELG1991-613925,BELG1998-9147006,sire
BELG1996-9107968,BELG1998-9147006,dam
BELG1998-9116021,BELG2002-9050056,sire
BELG1998-6117073,BELG2002-9050056,dam
BELG2011-9097009,BELG2014-1053524,sire
BELG2011-9079434,BELG2014-1053524,dam
BELG2010-9017256,BELG2011-9097009,sire
BELG2010-9017260,BELG2011-9097009,dam
BELG2007-9023007,BELG2011-9079434,sire
BELG2008-4003770,BELG2011-9079434,dam
BELG2009-9079107,BELG2014-1053527,sire
BELG2011-9065109,BELG2014-1053527,dam
BELG2007-9023061,BELG2009-9079107,sire
BELG2007-9023007,BELG2011-9065109,sire
BELG2008-4003770,BELG2011-9065109,dam
BELG2007-9023061,BELG2014-1053531,sire
BELG2010-9039292,BELG2014-1053531,dam
BELG2000-9103502,BELG2007-9023061,sire
BELG2003-9021265,BELG2007-9023061,dam
BELG2006-2178778,BELG2010-9039292,sire
BELG2008-9044263,BELG2010-9039292,dam
BELG2009-9079200,BELG2014-1053534,sire
BELG2013-9029642,BELG2014-1053534,dam
BELG2007-9023007,BELG2009-9079200,sire
BELG2004-4295601,BELG2009-9079200,dam
BELG2004-9134245,BELG2013-9029642,sire
BELG2011-9079448,BELG2013-9029642,dam
BELG2007-9023007,BELG2014-1053537,sire
BELG1999-9128113,BELG2007-9023007,sire
BELG2001-9040072,BELG2007-9023007,dam
BELG2008-9044061,BELG2014-1053510,sire
BELG2012-9032334,BELG2014-1053510,dam
BELG2007-9023098,BELG2008-9044061,sire
BELG2006-9130813,BELG2008-9044061,dam
BELG2007-9023172,BELG2012-9032334,dam
BELG2010-208200,BELG2014-1053514,sire
BELG2007-9023137,BELG2014-1053514,dam
BELG2005-4372644,BELG2010-208200,sire
BELG2008-4003712,BELG2010-208200,dam
BELG2005-9029202,BELG2007-9023137,dam
BELG2004-9134245,BELG2014-1053515,sire
BELG2011-9079448,BELG2014-1053515,dam
BELG1998-9147006,BELG2004-9134245,sire
BELG2002-9050748,BELG2004-9134245,dam
BELG2007-9023007,BELG2011-9079448,sire
BELG2008-4003770,BELG2011-9079448,dam
BELG2004-9134245,BELG2014-1053516,sire
BELG2011-9079448,BELG2014-1053516,dam
BELG2010-5043087,BELG2014-1053522,sire
BELG2012-9032373,BELG2014-1053522,dam
BELG2007-2103401,BELG2010-5043087,sire
BELG2005-2267619,BELG2010-5043087,dam
BELG2004-9134245,BELG2012-9032373,sire
BELG2011-9065108,BELG2012-9032373,dam
BELG2008-4003774,BELG2014-1053503,sire
BELG2005-9029062,BELG2014-1053503,dam
BELG2008-9044061,BE14-1053509,sire
BELG2012-9032334,BE14-1053509,dam
BELG2008-9044015,BELG2012-9032334,sire
BELG2008-9044015,BE14-1053540,sire
BELG2012-9032374,BE14-1053540,dam
BELG2007-9023007,BELG2008-9044015,sire
BELG2007-3181232,BELG2008-9044015,dam
BELG2004-9134245,BELG2012-9032374,sire
BELG2011-9065108,BELG2012-9032374,dam
BELG2007-4373753,BE11-4308824,sire
BELG2007-4373751,BE11-4308824,dam
BELG2002-4333378,BELG2007-4373753,sire
BELG1999-4365061,BELG2007-4373753,dam
BELG1997-4263065,BELG2007-4373751,sire
BELG2003-4316043,BELG2007-4373751,dam
BELG2007-4373753,BE10-4253756,sire
BELG2007-4373751,BE10-4253756,dam
BELG2007-4373754,BE10-4253679,sire
BELG2005-4130439,BE10-4253679,dam
BELG2007-4373753,BE10-4253774,sire
BELG2007-4373751,BE10-4253774,dam
BELG2008-4347459,BE11-4308809,sire
BELG2004-4433047,BE11-4308809,dam
BELG2007-4373753,BELG2008-4347459,sire
BELG2007-4373751,BELG2008-4347459,dam
BELG1997-4263065,BELG2004-4433047,sire
BELG2003-4316043,BELG2004-4433047,dam
BELG2008-4347459,BE11-4308808,sire
BELG2004-4433047,BE11-4308808,dam
BE07-4373753,BE11-4308778,sire
BE07-4373751,BE11-4308778,dam
BE08-4346240,BE11-4308757,sire
BE08-4347412,BE11-4308757,dam
BE00-4270015,BE08-4346240,sire
BE06-404451317,BE08-4346240,dam
BE07-4154073,BE08-4347412,sire
BE06-4382490,BE08-4347412,dam
BELG2007-4373753,BE11-4308723,sire
BELG2007-4373751,BE11-4308723,dam
BELG2006-4382488,BELG2011-4308703,sire
BELG2008-4346244,BELG2011-4308703,dam
BELG1994-4578837,BELG2006-4382488,sire
BELG2001-4174034,BELG2006-4382488,dam
BELG2002-4333378,BELG2008-4346244,sire
BELG1999-4365061,BELG2008-4346244,dam
BELG2007-3199999,BE14-3155972,sire
BELG2007-3034354,BE14-3155972,dam
BELG2005-3224593,BELG2007-3199999,sire
BELG2006-2452361,BELG2007-3199999,dam
BELG1998-3243085,BELG2007-3034354,sire
BELG2002-3250618,BELG2007-3034354,dam
BELG2014-3067004,BE14-3155934,sire
BELG2011-2018430,BE14-3155934,dam
BELG2013-3088052,BELG2014-3067004,sire
BELG2010-9039333,BELG2014-3067004,dam
BELG2005-3006763,BELG2011-2018430,sire
BELG2007-1261608,BELG2011-2018430,dam
BELG2013-3159460,BE14-3155931,sire
BELG2012-4241083,BE14-3155931,dam
NL2010-1693078,BE14-3150657,sire
BELG2012-3089679,BE14-3150657,dam
BELG2004-6082266,NL2010-1693078,sire
NL2008-1548902,NL2010-1693078,dam
BELG2005-3006583,BELG2012-3089679,sire
BELG2004-3069721,BELG2012-3089679,dam
BELG2010-3179392,BE14-3150608,dam
BELG2003-3003524,BELG2010-3179392,sire
BELG2009-3095001,BELG2010-3179392,dam
FR2004-34311,BE14-3150545,sire
BELG2006-3002675,BE14-3150545,dam
BELG2000-3001593,FR2004-34311,sire
BELG1997-3229754,BELG2006-3002675,sire
BELG1996-3259644,BELG2006-3002675,dam
BELG2008-3035055,BE14-3150656,sire
BELG2009-3095066,BE14-3150656,dam
BELG2001-3031007,BELG2008-3035055,sire
BELG2004-3001796,BELG2008-3035055,dam
BELG2002-3003592,BELG2009-3095066,sire
BELG2004-4284156,BELG2009-3095066,dam
BELG2011-6115021,B12-6307296,sire
BELG2010-6031800,B12-6307296,dam
B02-2098674,B12-2047367,dam
B08-2001877,B12-2047358,sire
B05-2046758,B12-2047358,dam
B98-2425539,B08-2001877,sire
B85-6580826,B08-2001877,dam
B08-2145509,B10-2197916,sire
B09-2131801,B10-2197916,dam
B07-2015371,B08-2145509,sire
B06-20175114,B08-2145509,dam
B09-2130580,B13-2044576,sire
B11-2178074,B13-2044576,dam
B96-6515027,B09-2130580,sire
B92-6376923,B09-2130580,dam
B01-2030522100,B13-2044620,sire
B02-2060899,B13-2044620,dam
D03661-94-100,B01-2030522100,sire
B93-2517901,B01-2030522100,dam
B11-2178318,B13-2044664,sire
B11-21780555,B13-2044664,dam
B07-2015422,B11-2178318,sire
B05-2046758,B11-2178318,dam
B09-2131900100,B13-2044578,sire
B08-2145502,B13-2044578,dam
B08-21456065,B09-2131900100,sire
B05-2046758,B09-2131900100,dam
B09-2131801,B14-2195411,dam
B04-2292960,B13-2044566,sire
B06-2017512100,B13-2044566,dam
B96-6515027,B04-2292960,sire
B92-6376923,B04-2292960,dam
B08-2145509,B12-2047310,sire
B09-2131801,B12-2047310,dam
B08-21456065,B12-2047350,sire
B06-2017523100,B12-2047350,dam
B06-2017419,B08-21456065,sire
B97-2378787100,B08-21456065,dam
B11-2178053,B13-2044669,sire
B09-2130496,B13-2044669,dam
B09-2130580,B11-2178053,sire
B05-2046758,B11-2178053,dam
B06-2017419,B13-2044504,sire
B09-2130471,B13-2044504,dam
B02-2060750,B06-2017419,sire
B94-5328517,B06-2017419,dam
B04-2018545100,B09-2130471,sire
B01-2030715,B09-2130471,dam
DV03661-94-100,B04-2018545100,sire
B81-6688022,B04-2018545100,dam
B96-6515027,B01-2030715,sire
B97-2378786,B01-2030715,dam
B08-2145546,B11-21780195,sire
B98-2366924100,B11-21780195,dam
B11-2178127,B12-2047376,sire
B09-21305227,B12-2047376,dam
B09-2130477,B11-2178127,sire
B08-2226652,B11-2178127,dam
B03-2035944100,B13-2044631,sire
B09-21318965,B13-2044631,dam
B96-2045530,B03-2035944100,sire
B90-6401692,B03-2035944100,dam
B09-2131867,B13-2044701,sire
B11-2178074,B13-2044701,dam
B03-2001877,B09-2131867,sire
B94-5328517,B09-2131867,dam
B09-2130421,B13-2044610,sire
B04-2018501,B13-2044610,dam
B08-2145570,B09-2130421,sire
B07-2000704,B09-2130421,dam
B03-2035944100,B12-2198570,sire
B09-21318965,B12-2198570,dam
B03-2001877,B13-2044673,sire
B03-2035957,B13-2044673,dam
B98-2425539,B03-2001877,sire
B85-6580826,B03-2001877,dam
B09-2131835,B13-2044676,sire
B04-2018543,B13-2044676,dam
D03661-00-907,B09-2131835,sire
B96-6514951,B09-2131835,dam
B05-2046758,B12-2191330,dam
B11-2178127,B13-2044694,sire
B09-21305227,B13-2044694,dam
B05-2046739,B13-2044658,sire
B04-2018501,B13-2044658,dam
B03-2001877,B05-2046739,sire
B94-5328517,B05-2046739,dam
B05-2073595,B12-2198588,sire
B06-2017522,B12-2198588,dam
B96-6515027,B05-2073595,sire
B92-6376923,B05-2073595,dam
B05-2073595,B13-2044691,sire
B06-2017522,B13-2044691,dam
B08-2145509,B12-2047320,sire
B10-2197909,B12-2047320,dam
B96-6515027,B08-2145509,sire
B92-6376923,B08-2145509,dam
B11-2178319,B13-2044697,sire
B10-2193387,B13-2044697,dam
B02-2060750,B11-2178319,sire
B94-5328517,B11-2178319,dam
B08-2001877,B09-2131867,sire
B03-2035944100,B08-2226653,sire
B92-2488909,B08-2226653,dam
B06-2017419,B12-2044564,sire
B04-2292962100,B12-2044564,dam
B05-2073595,B12-2198589,sire
B06-2017522,B12-2198589,dam
B05---4050658,CHN09-02-301331,sire
NL03--1269273,CHN09-02-301331,dam
BELG05-4050658,CHN09-02-903192,sire
NL03-1269273,CHN09-02-903192,dam
NL98--5927810,CHN05-02-338290,dam
CHN07-02-444361,CHN08-02-068174,sire
CHN05-02-066918,CHN08-02-068174,dam
B1995-6230635,NL2005-2103430,sire
BELG2001-2137150,BELG2011-2083463,sire
BELG2005-2142692,BELG2011-2083463,dam
BELG2001-2137150,BELG2011-2083412,sire
BELG2005-2142692,BELG2011-2083412,dam
DV09341-98-770,DV01769--08-1104,sire
DV01769-97-27,DV01769--08-1104,dam
DV0833-97-575,DV01769-06-1026,sire
DV01769-00-217,DV01769-06-1026,dam
DV05142-09-646,CHN2011-31-261372,sire
DV01769-06-1026,CHN2011-31-261372,dam
DV01769-04-1057,DV05142-09-646,dam
DV01769-99-475,DV01769-07-1064,sire
DV06590-03-410,DV01769-07-1064,dam
DV01769-98-722,DV01769-06-1173,sire
DV01769-96-526,DV01769-06-1173,dam
DV01769-06-1099,DV06437-08-272,sire
DV01769-06-1023,DV06437-08-272,dam
DV01769-07-411,DV0667-13-1183,sire
DV01769-11-267,DV0667-13-1183,dam
DV06437-08-272,CHN2011-31-266928,sire
DV01769-06-1026,CHN2011-31-266928,dam
NL05-1755350,BELG2012-1044510,sire
NL02-2049323,NL05-1755350,sire
NL03-1530328,NL05-1755350,dam
CHN98-22-042044,CHN2008-31-396056,dam
CHN2000-31-135116,CHN2007-31-109648,sire
CHN2000-31-087846,CHN2007-31-109648,dam
CHN2009-31-308040,CHN2011-31-259576,sire
CHN2009-31-069909,CHN2011-31-259576,dam
NL09-1360722,NL13-1948709,sire
NL08-1700546,NL13-1948709,dam
NL05-1572337,NL09-1360722,sire
NL08-1700590,NL09-1360722,dam
NL02-1831248,NL08-1700546,dam
NL05-1874893,NL06-1553252,sire
NL04-1326519,NL06-1553252,dam
NL04-1326600,NL05-1874893,dam
NL02-2187628,NL04-1326519,sire
NL02-2187612,NL04-1326519,dam
NL76-1837108,CHN03-10-350500,sire
NL79-342670,CHN03-10-350500,dam
NL76-1837108,CHN03-10-098493,sire
NL79-342670,CHN03-10-098493,dam
NL76-1837108,CHN07-10-390312,sire
NL79-342670,CHN07-10-390312,dam
B98-5163684,CHN04-10-001928,dam
NL76-1837108,CHN12-10-097982,sire
NL79-342670,CHN12-10-097982,dam
NL76-1837108,CHN08-10-608576,sire
NL79-342670,CHN08-10-608576,dam
NL76-1837108,CHN09-10-517040,sire
NL79-342670,CHN09-10-517040,dam
NL76-1837108,CHN2012-10-064901,sire
NL79-342670,CHN2012-10-064901,dam
B00-4011501,CHN07-22-338267,dam
B00-4011501,CHN07-22-338234,dam
NL76-1837108,CHN2012-10-011180,sire
NL79-342670,CHN2012-10-011180,dam
NL76-1837108,CHN13-10-204044,sire
NL79-342670,CHN13-10-204044,dam
NL76-1837108,CHN12-10-130316,sire
NL79-342670,CHN12-10-130316,dam
NL76-1837108,CHN2006-10-058239,sire
NL79-342670,CHN2006-10-058239,dam
NL76-1837108,CHN2012-10-102009,sire
NL79-342670,CHN2012-10-102009,dam
NL76-1837108,CHN11-10-100155,sire
NL79-342670,CHN11-10-100155,dam
NL76-1837108,CHN09-10-517003,sire
NL79-342670,CHN09-10-517003,dam
NL76-1837108,CHN13-10-176230,sire
NL79-342670,CHN13-10-176230,dam
NL76-1837108,CHN13-10-403581,sire
NL79-342670,CHN13-10-403581,dam
NL76-1837108,CHN13-10-403571,sire
NL79-342670,CHN13-10-403571,dam
NL76-1837108,CHN13-10-176221,sire
NL79-342670,CHN13-10-176221,dam
NL76-1837108,CHN2010-10-111999,sire
NL79-342670,CHN2010-10-111999,dam
NL01-1822826,NL76-1837108,dam
NL76-1837108,CHN13-10-403582,sire
NL79-342670,CHN13-10-403582,dam
NL76-1837108,CHN2011-10-064911,sire
NL79-342670,CHN2011-10-064911,dam
NL76-1837108,CHN2009-10-549930,sire
NL79-342670,CHN2009-10-549930,dam
NL76-1837108,CHN2012-10-040866,sire
NL79-342670,CHN2012-10-040866,dam
NL76-1837108,CHN2012-10-011171,sire
NL79-342670,CHN2012-10-011171,dam
NL76-1837108,CHN2010-10-114083,sire
NL79-342670,CHN2010-10-114083,dam
CHN03-10-313591,CHN2008-10-288001,dam
CHN2000-10-318331,CHN03-10-313591,sire
CHN2000-10-460437,CHN03-10-313591,dam
CHN2008-10-616028,CHN2012-10-000631,sire
CHN2011-10-449661,CHN2012-10-000631,dam
CHN2004-12-034733,CHN2008-10-616028,sire
CHN2007-12-116142,CHN2008-10-616028,dam
CHN2008-03-333099,CHN2011-10-449661,sire
CHN2005-01-593564,CHN2011-10-449661,dam
CHN2016-10-0805735,CHN2018-15-0112525,sire
CHN2016-10-0805792,CHN2018-15-0112525,dam
CHN2009-10-616028,CHN2016-10-0805735,sire
CHN2010-10-080690,CHN2016-10-0805735,dam
CHN2012-10-011831,CHN2016-10-0805792,sire
CHN2014-10-310907,CHN2016-10-0805792,dam
CHN2014-10-220046,CHN2018-10-0973074,sire
CHN2013-10-168370,CHN2018-10-0973074,dam
CHN2008-10-280075,CHN2013-10-168370,sire
CHN2012-10-000631,CHN2013-10-168370,dam
BELG2005-5181382,CHN2008-10-280075,sire
CHN2006-10-520004,CHN2008-10-280075,dam
CHN2012-10-449661,CHN2012-10-000631,dam
CHN2016-10-0805799,CHN2018-10-0973042,sire
CHN2016-10-0887056,CHN2018-10-0973042,dam
CHN2017-10-0101105,CHN2018-10-0973078,sire
CHN2012-10-014828,CHN2018-10-0973078,dam
CHN2009-10-500943,CHN2012-10-014828,sire
CHN10-10-080690,CHN2012-10-014828,dam
DV0147-03-674,CHN2009-10-500943,sire
CHN07-10-179908,CHN2009-10-500943,dam
CHN2014-10-848738,CHN2018-10-0973046,sire
CHN2013-04-003313,CHN2018-10-0973046,dam
CHN2015-10-0510070,CHN2018-10-0973060,sire
CHN2014-10-168345,CHN2018-10-0973060,dam
CHN2015-10-0510056,CHN2018-10-0973052,sire
CHN2015-10-0510031,CHN2018-10-0973052,dam
CHN2012-10-011831,CHN2018-10-0973056,sire
CHN2014-10-220033,CHN2018-10-0973047,sire
CHN2014-10-310902,CHN2018-10-0973047,dam
CHN2012-10-003831,CHN2018-10-0404732,sire
CHN2015-10-0510035,CHN2018-10-0404732,dam
CHN2009-10-655034,CHN2012-10-003831,sire
CHN2004-10-233227,CHN2012-10-003831,dam
CHN2009-10-655034,CHN2112-10-011833,sire
CHN07-10-388717,CHN2112-10-011833,dam
CHN03-10-363799,CHN2009-10-655034,sire
CHN06-01-319951,CHN2009-10-655034,dam
CHN04-09-000839,CHN07-10-388717,sire
CHN98-10-262331,CHN07-10-388717,dam
CHN2004-10-233228,CHN2009-10-500948,sire
CHN2001-10-133334,CHN2009-10-500948,dam
CHN2004-10-233228,CHN2009-10-500949,sire
CHN2001-10-133334,CHN2009-10-500949,dam
CHN2004-10-251851,CHN2006-10-527816,sire
CHN2005-10-388344,CHN2006-10-527816,dam
CHN2001-10-133369,CHN2004-10-251851,sire
CHN2001-10-133366,CHN2004-10-251851,dam
CHN1999-10-075464,CHN2005-10-388344,sire
CHN2006-10-527816,CHN2015-10-0510040,sire
CHN2003-10-313591,CHN2015-10-0510040,dam
CHN2000-10-318331,CHN2003-10-313591,sire
CHN2000-10-406437,CHN2003-10-313591,dam
CHN2000-10-318334,CHN2007-10-367867,sire
CHN2000-10-411798,CHN2007-10-367867,dam
CHN98-260333,CHN2000-10-411798,sire
CHN2008-10-619063,CHN2011-10-115064,sire
CHN2002-10-678292,CHN2011-10-115064,dam
CHN2004-10-233228,CHN2008-10-288059,sire
CHN2001-10-133334,CHN2008-10-288059,dam
CHN2000-10-318331,CHN2007-10-367891,sire
CHN2001-10-133334,CHN2007-10-367891,dam
CHN2001-10-130699,CHN2007-10-367919,sire
CHN2004-10-001088,CHN2007-10-367919,dam
CHN2000-10-333318,CHN2004-10-001088,sire
CHN1998-10-262331,CHN2004-10-001088,dam
CHN2009-10-500943,CHN2014-10-220013,sire
CHN2012-10-108339,CHN2014-10-220013,dam
CHN2009-10-569332,CHN2012-10-108339,sire
CHN09-10-515036,CHN2012-10-108339,dam
CHN2012-10-069968,CHN2014-10-220012,sire
CHN2012-10-108332,CHN2014-10-220012,dam
CHN2009-10-500943,CHN2012-10-108332,sire
CHN10-10-080690,CHN2012-10-108332,dam
CHN2009-10-500927,CHN2013-10-168365,sire
CHN2009-10-511475,CHN2013-10-168365,dam
CHN2007-10-380415,CHN2009-10-500927,sire
CHN2003-10-349099,CHN2009-10-500927,dam
CHN2006-16-003726,CHN2009-10-511475,sire
CHN2008-03-333043,CHN2009-10-511475,dam
CHN2011-10-057072,CHN2013-10-168358,sire
CHN2012-10-108332,CHN2013-10-168358,dam
CHN2008-10-126989,CHN2011-10-057072,sire
CHN2010-10-005310,CHN2011-10-057072,dam
CHN2010-10-080690,CHN2012-10-108332,dam
DV147-03-674,CHN2009-10-500943,sire
CHN2007-10-179908,CHN2009-10-500943,dam
CHN2009-10-655034,CHN2012-10-011832,sire
CHN07-10-388717,CHN2012-10-011832,dam
CHN2007-10-356940,CHN09-10-500937,dam
BELG10-4258305,CHN2011-10-095599,sire
NL07-1355160,CHN2011-10-095599,dam
BELG09-4139284,BELG10-4258305,sire
BELG09-4139205,BELG10-4258305,dam
CHN2009-10-655034,CHN2012-10-110332,sire
CHN07-10-388717,CHN2012-10-110332,dam
CHN2008-10-616028,CHN2012-10-069951,sire
CHN2011-10-449661,CHN2012-10-069951,dam
CHN10-10-098008,CHN12-10-018047,sire
DV01769-11-178,CHN12-10-018047,dam
DV01769-09-604,CHN11-10-008570,dam
B1991-6227401,B1997-6592488,dam
B2000-6553131,B2004-6293132,sire
B2000-6448091,B2004-6293132,dam
B97-6592415,CHN2011-276437,sire
NL03-1434891,CHN2011-276437,dam
B92-6162729,B97-6592415,sire
B93-6440307,B97-6592415,dam
NL00-2355612,NL03-1434891,sire
B01-6366694,NL03-1434891,dam
B2004-6467255,CHN2010-079893,sire
B05-6153315,CHN2010-079893,dam
B89-6150123,B2004-6467255,sire
B1998-6278076,B05-6153315,sire
B2004-6293194,B05-6153315,dam
B1998-6278076,B2005-6153315,sire
B2004-6293194,B2005-6153315,dam
B04-6293181,CHN2011-297764,sire
B04-6293166,CHN2011-297764,dam
B99-6265183,B04-6293181,sire
B99-6559757,B04-6293181,dam
B95-6274342,B04-6293166,sire
B97-6592486,B04-6293166,dam
B04-6293181,CHN2011-276412,sire
B04-6293166,CHN2011-276412,dam
B04-6293217,CHN2011-276599,sire
B04-6293166,CHN2011-276599,dam
B95-6274342,B04-6293217,sire
B97-6592486,B04-6293217,dam
B2004-6293222,CHN2011-454848,sire
B04-6293165,CHN2011-454848,dam
B95-6274320,B2004-6293222,sire
B02-6478464,B2004-6293222,dam
B95-6274320,B04-6293165,sire
B02-6478464,B04-6293165,dam
B04-6293217,CHN2011-276791,sire
B04-6293166,CHN2011-276791,dam
B04-6293217,CHN2011-09-454861,sire
B04-6293165,CHN2011-09-454861,dam
B95-6274342019,B04-6293217,sire
B04-6293217,CHN2011-455229,sire
B04-6293166,CHN2011-455229,dam
PN2001-2,CHN2011-393079,sire
B94-6649650,PN2001-2,sire
B92-6162756,PN2001-2,dam
JPN99-21375,CHN10-484210,sire
CHN2004--000545,CHN10-484210,dam
BELG87-6337147,JPN99-21375,sire
CHN01-03-018810,CHN2004--000545,sire
B04-6293217,CHN2011-455041,sire
B04-6293165,CHN2011-455041,dam
CHN2002-03-272303,CHN08-493575,sire
CHN2004--000545,CHN08-493575,dam
C93-0399731,CHN2002-03-272303,sire
B86-6716815,CHN2002-03-272303,dam
B04-6293217,CHN2011-276633,sire
B04-6293165,CHN2011-276633,dam
B91-6227403,B98-6044427,sire
B95-6274348,B98-6044427,dam
B93-6440306,B00-6261520,sire
B87-6337115,B00-6261520,dam
B99-6559757,B2004-6467255,dam
B92-6162729,B1997-6592488,sire
B98-6044427,CHN2011-09-197520,sire
B00-6261520,CHN2011-09-197520,dam
CHN2008-003029,CHN2011-152522,sire
CHN2002-280620,CHN2011-152522,dam
BELG04-6293153,CHN2008-003029,sire
BELG01-6524829,CHN2008-003029,dam
BELG96-6598402,CHN2002-280620,sire
BELG96-6598403,CHN2002-280620,dam
CHN2013-10-128232,CHN2019-10-0529909,sire
CHN2012-10-029213,CHN2019-10-0529909,dam
B99-5026131,CHN2006-06-128036,sire
CHN2004-06-113208,CHN2006-06-128036,dam
B02-6113220,B10-6359167,sire
B04-6095801,B12-6142642,dam
B04-3001584,B07-3195262,sire
B03-3056334,B07-3195262,dam
B01-3264249,B11-4076238,sire
B01-3264205,B11-4076238,dam
B07-6051530,B13-6122389,dam
B06-6361386,B07-6051530,sire
B06-6361372,B07-6051530,dam
B91-6227455,NL2-1463449,dam
DV08619-04-2199,DV08386-11-211,sire
DV08619-04-2198,DV08386-11-211,dam
B97-6592482,DV08619-04-2199,sire
B00-6317338,DV08619-04-2198,sire
B99-6565056,DV08619-04-2198,dam
B97-6330069,NL06-5620960,dam
B97-6330069,NL07-5720611,dam
CHN2014-10-592848,CHN2019-10-0068913,sire
CHN2014-03-677233,CHN2019-10-0068913,dam
CHN2016-09-0041692,CHN2019-10-0068928,sire
CHN2017-32-0591507,CHN2019-10-0068928,dam
CHN2014-10-584887,CHN2015-32-0149553,sire
CHN2014-10-607778,CHN2015-32-0149553,dam
CHN2012-10-707896,CHN2014-10-584887,sire
HU05-03-65615,CHN2014-10-584887,dam
B02-3249879,CHN2014-10-607778,sire
CHN13-10-800454,CHN2014-10-607778,dam
CHN11-11-256210,CHN2015-10-0359758,sire
NL2011-1399792,CHN2015-10-0359758,dam
NL06-1833888,NL2011-1399792,sire
NL05-2174396,NL2011-1399792,dam
CHN14-10-584890,CHN2015-32-0279450,sire
CHN14-10-584888,CHN2015-32-0279450,dam
CHN05-10-596857,CHN14-10-584890,sire
CHN2012-10-707896,CHN14-10-584888,sire
HU05-03-65615,CHN14-10-584888,dam
CHN11-10-527776,CHN2015-10-0954305,dam
B02-3249879,CHN11-10-527776,sire
CHN03-11-145784,CHN11-10-527776,dam
B13-6309572,B17-6024226,dam
B09-6326192,B13-6309572,sire
B05-6052027,B13-6309572,dam
B08-6259264,B17-6024315,sire
B02-6354241,B08-6259264,sire
B98-6185637,B08-6259264,dam
BE10-6356260,B17-6262889,sire
BE10-6356260,BE17-6037797,sire
B12-2196704,B2017-2003159,sire
B12-4239948,B2017-2003159,dam
B08-2199012,B12-2196704,sire
B11-6113795,B12-2196704,dam
B06-4039937,B12-4239948,sire
B09-3187283,B12-4239948,dam
NL2007-1936832,NL2015-1687221,sire
B07-510175,B12-3127592,dam
NL97-1181469,C07-10-092752,sire
NL06-1743211,C07-10-092752,dam
B04-6293144,B09-6233636,sire
B03-6457591,B09-6233636,dam
B00-6474388,B05-6300561,dam
B03-6277483,B14-6240866,sire
B10-6251643,B14-6240866,dam
B04-6472084,B10-6251643,sire
B00-6474388,B03-6384102,dam
B94-6495178,B2011-6261689,sire
B06-6154774,B2011-6261689,dam
NL02-1787880,NL03-0341261,sire
NL02-0233342,NL03-0341261,dam
NL99-9917768,NL09-1311219,sire
NL08-1664807,NL09-1311219,dam
CHN03-10-467758,C08-10-407869,sire
CHN03-10-475647,C08-10-407869,dam
B10-3179326,NL15-1348089,dam
B06-6325182,B10-6227920,sire
B04-2107799,B10-6227920,dam
B2006-6407361,B12-6042550,sire
B2010-6342787,B12-6042550,dam
B2005-6052018,B2010-6342787,sire
B2002-6354135,B2010-6342787,dam
B95-5147947,B04-5117014,sire
B97-6273232,B04-5117014,dam
B07-6229023,B09-6326286,sire
B06-6346110,B09-6326286,dam
CHN03-10-467758,CHN2011-10-854125,sire
CHN02-10-192004,CHN2011-10-854125,dam
B93-6501300,B09-6221398,sire
B12-6317697,B14-6171827,sire
B11-6108656,B14-6171827,dam
B09-6323112,B12-6317697,sire
B03-6277418,B11-6108656,sire
B08-6038962,B11-6108656,dam
C04-01-300995,C06-10-357989,sire
C97-198458,C06-10-357989,dam
C04-10-015630,C07-10-094176,sire
C03-10-475647,C07-10-094176,dam
B01-6387174,B09-6248402,sire
B06-6411619,B09-6248402,dam
B97-6597293,B01-6387174,dam
B01-6387350,B06-6411619,sire
B02-00825433,B06-6411619,dam
B08-6175174,B13-6291245,sire
B09-6181231,B13-6291245,dam
B01-6351574,B08-6175174,sire
B05-6170705,B08-6175174,dam
B07-6385730,B09-6181231,sire
B04-6356682,B09-6181231,dam
B09-6355801,B13-6309104,sire
B05-6170761,B13-6309104,dam
B07-6389170,B09-6355801,sire
B05-6208435,B09-6355801,dam
B01-6351574,B05-6170761,sire
B02-6186032,B05-6170761,dam
B08-6175181,B10-6030100,sire
B08-6175028,B10-6030100,dam
B01-6351574,B08-6175181,sire
B02-6186032,B08-6175181,dam
B04-6300833,B08-6175028,sire
B04-6300880,B08-6175028,dam
B01-2137150,B2011-2083435,sire
B06-6036180,B13-6060873,sire
B12-6100999,B13-6060873,dam
B01-6351574,B06-6036180,sire
B02-6186032,B06-6036180,dam
B07-6379616,B12-6100999,sire
B06-6115067,B12-6100999,dam
B08-6175174,B13-6291257,sire
B09-6181231,B13-6291257,dam
B08-6175181,B13-6291242,sire
B08-6175028,B13-6291242,dam
CHN98-10-538799,CHN09-09-007233,sire
CHN98-10-539145,CHN09-09-007233,dam
NL91-1122331,CHN98-10-538799,sire
B96-6086064,CHN98-10-538799,dam
NL91-1122331,CHN98-10-539145,sire
B96-2363131,CHN98-10-539145,dam
CHN03-09-212937,CHN08-09592923,dam
CHN02-09-220641,CHN08-09-013132,dam
B11-6203200,B14-6235895,sire
B11-3170448,NL15-1348143,sire
B10-3047149,NL15-1348143,dam
B06-3008003,B11-3170448,sire
B00-3195099,B11-3170448,dam
B01-3140119,B10-3047149,sire
B99-399906,B10-3047149,dam
B08-6098419,B13-6319414,sire
B93-6444396,B08-6098419,sire
B05-6126285,B08-6098419,dam
NL15-1164919,B17-5060157,sire
NL15-1164909,B17-5060157,dam
BE11-4004297,NL15-1164919,sire
BE10-4258311,NL15-1164919,dam
BE10-6220256,NL15-1164909,sire
BE11-6331083,NL15-1164909,dam
BE12-6042588,BELG2013-6031730,sire
BE06-6407372,BELG2013-6031730,dam
B05-6052111,BE12-6042588,sire
B98-6185637,BE12-6042588,dam
B98-6216290,BE06-6407372,sire
B02-6315014,BE06-6407372,dam
B11-6203200,B14-6235897,sire
DV02098-05-580,DV02098-16-1010,sire
DV07237-07-24,DV02098-16-1010,dam
DV02098-95-12,DV02098-05-580,sire
DV02098-93-665,DV02098-05-580,dam
DV02098-99-802,DV07237-07-24,sire
DV02098-04-1463,DV07237-07-24,dam
DV02098-08-99,DV02098-14-1140,sire
DV02098-13-778,DV02098-14-1140,dam
DV02098-05-580,DV02098-16-304,sire
DV02098-14-1341,DV02098-16-304,dam
DV02098-02-550,DV02098-14-1341,sire
DV02098-09-1920,DV02098-17-1761,sire
DV02098-13-761,DV02098-17-1761,dam
DV02098-08-88,DV02098-17-1662,sire
DV02098-12-500,DV02098-17-1662,dam
DV02098-95-12,DV02098-08-88,sire
DV02098-98-568,DV02098-08-88,dam
DV02098-08-99,DV02098-17-1681,sire
DV02098-16-200,DV02098-17-1681,dam
DV02098-08-77,DV02098-16-200,sire
DV02098-06-222,DV02098-16-200,dam
DV02098-08-99,DV02098-17-1744,sire
DV02098-16-200,DV02098-17-1744,dam
B11-6219371,NL2016-1883061,sire
B10-6358515,B11-6219371,sire
B03-6485765,B11-6219371,dam
B08-6175181,B14-6070179,sire
B08-6175028,B14-6070179,dam
B08-6175181,BELG2016-6267918,sire
B08-6175028,BELG2016-6267918,dam
B11-6219371,NL2016-1883062,sire
B11-6219371,NL2016-1874289,sire
B11-6219371,NL15-1899449,sire
B11-6341630,NL15-1899449,dam
B98-6278026,B11-6341630,sire
B98-6589969,B11-6341630,dam
B11-6219371,NL15-1896217,sire
B11-6341630,NL15-1896217,dam
B11-6341638,NL15-1895964,sire
B11-6219400,NL15-1895964,dam
B04-6293191,B11-6341638,sire
B02-6477821,B11-6341638,dam
B00-6553131,B11-6219400,sire
B03-6485765,B11-6219400,dam
B11-6219371,NL15-1890412,sire
B11-1322640,NL15-1890412,dam
B98-6278026,B11-1322640,sire
B98-6589969,B11-1322640,dam
B09-6181231,B14-6070323,dam
B09-3095066,B12-3160715,dam
B05-6126121,B11-6110028,sire
B99-6030502,B05-6126121,sire
B01-6080660,B05-6126121,dam
BE94-6495178,B07-6110398,sire
BE05-6221006,B07-6110398,dam
B02-2214263,DV08-04030-143,sire
B02-2214283,DV08-04030-143,dam
NL99-5971341,NL2007-1207850,dam
B10-2045387,B2015-2062271,sire
B07-2055171,B10-2045387,sire
B05-2142800,B10-2045387,dam
DV04087-07-347,DV04087-11-266,sire
DV04087-08-67,DV04087-11-266,dam
BE06-6201596,DV04087-07-347,sire
DV04087-06-764,DV04087-07-347,dam
DV04732-03-300,DV04087-08-67,sire
BE00-6245098,DV04087-08-67,dam
NL2004-0419502,NL2009-1266618,sire
NL2003-1219764,NL2009-1266618,dam
CHN2000-10-115596,CHN2009-10-224009,sire
CHN1999-10-414531,CHN2000-10-115596,sire
CHN2000-10-798183,CHN2010-10-279515,sire
CHN10-10-717660,CHN14-09-425749,sire
CHN10-10-717610,CHN14-09-425749,dam
B90-2553359,CHN12-10-198166,sire
B99-2036373,CHN12-10-198166,dam
B83-2350199,B90-2553359,sire
B87-4021090,B90-2553359,dam
B90-2255300,B99-2036373,sire
B94-2061168,B99-2036373,dam
AU06-40034,CHN12-10-187120,sire
CHN08-10-311533,CHN12-10-187120,dam
B99-6214965,AU06-40034,sire
B99-6214976,AU06-40034,dam
B99-6214965,CHN08-10-311533,sire
CHN07-06-104480,CHN08-10-311533,dam
B94-316344,CHN10-10-715980,sire
CHN03-10-388849,CHN10-10-715980,dam
B98-2398272,CHN03-10-388849,sire
CHN07-10-613976,CHN10-10-715966,sire
CHN07-09-097101,CHN10-10-715966,dam
B99-2036304,CHN07-10-613976,sire
B01-4178971,CHN07-10-613976,dam
B99-2036304,CHN07-09-097101,sire
B01-2137266,CHN07-09-097101,dam
NL02-1847116,NL03-1426595,sire
B02-2503233,NL03-1426595,dam
B02-6503242,NL04-1106004,sire
NL99-1209824,NL02-1847119,sire
NL99-1209826,NL02-1847119,dam
BE10-5031759,B10-5031759,sire
BE11-5005801,B10-5031759,dam
BE06-5150300,BE10-5031759,sire
BE08-5061655,BE10-5031759,dam
BE02-2184493,BE11-5005801,dam
NL08-2067786,NL11-1205060,sire
NL04-1408270,NL11-1205060,dam
NL2009-1186579,NL2014-1094308,sire
B2009-4321689,NL2014-1094308,dam
NL03-1135475,NL2009-1186579,sire
NL2007-1817923,NL2009-1186579,dam
B2001-4094638,B2009-4321689,sire
B1999-4525040,B2009-4321689,dam
NL2010-5020911,NL2013-1549771,sire
BELG2010-6342713,NL2013-1549771,dam
NL2008-1926461,NL2012-5214445,sire
NL2011-1322639,NL2012-5214445,dam
CHN10-06-091976,CHN15-05-0799217,sire
T06-54864,CHN15-05-0799217,dam
DV07-0954-0735,CHN17-06-0128838,sire
T07-35873,CHN17-06-0128838,dam
CHN2011-06-131198,CHN2017-06-0056450,sire
CHN2015-06-0018821,CHN2017-06-0056450,dam
BELG2009-5051521,CHN2017-07-0005273,sire
CHN2014-07-0029972014,CHN2017-07-0005273,dam
CHN15-06-0276663,CHNL6-06-0005304,sire
CHN13-07-297888,CHNL6-06-0005304,dam
CHN09-06-110300,CHNI7-06-0128777,sire
CHN07-06-020788,CHNI7-06-0128777,dam
CHN11-06-091987,CHN17-06-0128821,sire
CHN13-07-064999,CHN17-06-0128821,dam
NL2016-1350673,CHN2018-06-0894154,dam
CHN2004-01-163880,CHN2013-03-116308,sire
CHN2000-33-059172,CHN2013-03-116308,dam
B94-6085223,BE98-3087031,sire
BE94-3201117,BE98-3087031,dam
BE90-3171530,B90-6531002,sire
BE94-3100474,B90-6531002,dam
BELG2006-2082239,BELG2012-2061180,sire
BELG2005-2142800,BELG2012-2061180,dam
BELG1994-2061350,BELG2006-2082239,sire
BELG2000-2117363,BELG2006-2082239,dam
BELG1992-6074426,B2003-6266214,sire
BELG1996-6223353,B2003-6266214,dam
BELG1990-6277606,BELG1992-6074426,sire
B98-6470734,BELG1992-6074426,dam
B87-2297197,BELG1996-6223353,dam
BELG1994-6495178,BELG2005-6447496,sire
BELG1993-5188111,BELG2005-6447496,dam
BELG1997-4278596,BELG1989-4923972,sire
BELG1996-1827049,BELG1989-4923972,dam
CHN2003-32-118247,DV0773-1993-544,sire
CHN2007-03-333394,DV0773-1993-544,dam
CHN2014-05-055809,CHN2015-06-0067843,sire
CHN2012-05-506292,CHN2015-06-0067843,dam
BE2004-3178560,CHN2014-05-055809,sire
BE98-3087031,BE2004-3178560,sire
BE2004-3178560,CHN2009-15-279943,sire
CHN2004-05-058888,CHN2009-15-279943,dam
BE00-3277132,CHN2004-05-058888,dam
CHN2006-32-041888,CHN2011-05-483094,dam
BELG2003-3131123,CHN2006-32-041888,sire
CHN2003-32-117620,CHN2006-32-041888,dam
CHN2011-05-508079,CHN2012-06-000886,sire
CHN2009-06-189135,CHN2012-06-000886,dam
BELG2009-6130636,CHN2011-05-508079,sire
BELG2008-6245264,CHN2011-05-508079,dam
CHN2008-06-094995,CHN2009-06-189135,sire
NL2006-2144034,CHN2016-05-0077209,sire
BELG2003-6266214,CHN2016-05-0077209,dam
NL2003-0382898,NL2006-2144034,dam
BELG1992-6074426,BELG2003-6266214,sire
B96-6223353,BELG2003-6266214,dam
CHN2010-05-436618,CHN2011-06-000024,sire
CHN2009-06-177678,CHN2011-06-000024,dam
NL2006-2144034,CHN2010-05-436618,sire
CHN2004-05-094600,CHN2010-05-436618,dam
BELG1998-6210345,CHN2009-06-177678,sire
BELG1998-4563032,CHN2009-06-177678,dam
CHN2008-06-245330,CHN2012-06-001199,sire
BELG1992-6459552,CHN2012-06-001199,dam
BELG1998-6210345,CHN2008-06-245330,sire
BELG1997-6364004,CHN2008-06-245330,dam
BELG1999-6214965,BELG1992-6459552,sire
BELG2000-2202786,BELG1992-6459552,dam
CHN2009-06-144448,CHN2013-05-193379,sire
CHN2011-06-000024,CHN2013-05-193379,dam
CHN2011-05-508079,CHN2014-32-119901,sire
CHN2009-06-189135,CHN2014-32-119901,dam
CHN2015-05-0055950,CHN2016-05-0077207,sire
CHN2013-05-193568,CHN2016-05-0077207,dam
CHN2006-32-041888,CHN2011-05-483095,dam
CHN2013-06-231811,CHN2017-06-0067195,sire
CHN2009-06-177678,CHN2017-06-0067195,dam
BELG2010-6038028,CHN2015-06-0067865,sire
BELG2008-2234327,CHN2015-06-0067865,dam
CHN2007-03-633331,CHN2014-05-055732,sire
CHN2011-06-000004,CHN2014-05-055732,dam
CHN2011-05-508079,CHN2016-06-0061107,sire
CHN2009-06-153005,CHN2016-06-0061107,dam
CHN2011-05-508079,CHN2017-06-0067128,sire
BELG2008-2234327,CHN2017-06-0067128,dam
CHN2008-05-333236,CHN2018-05-0039812,sire
CHN2011-05-500000,CHN2018-05-0039812,dam
B99-3020065,BELG2011-3021548,sire
B95-3336674,BELG2011-3021548,dam
B99-3020065,BELG2009-3021720,sire
B95-3336674,BELG2009-3021720,dam
B95-036,BELG08-6245439,sire
B04-4303834,B08-4095382,sire
B03-4146163,B06-4112230,sire
B00-4352473,B06-4112230,dam
B04-6453196,B07-6258709,sire
B00-6452456,B07-6258709,dam
B91-6685040,B04-6453196,sire
B01-6263182,B04-6453196,dam
B93-6491935,B00-6452456,dam
DV08575-07-442,DV08575-09-167,sire
DV01217-07-743,DV08575-09-167,dam
DV01769-03-312007,DV08575-07-442,sire
DV07287-04-13,DV08575-07-442,dam
DV0516-05-1210,DV01217-07-743,sire
DV0516-05-1648,DV01217-07-743,dam
B06-3008013,B09-3188059,dam
B98-3158062,B06-3008013,sire
B99-3103770,B06-3008013,dam
NL03-0375941,CHN2010-01-966999,sire
NL02-0271866,CHN2010-01-966999,dam
NL02-2173518,NL06-5621654,dam
NL02-2383559,NL06-1091612,sire
NL99-2367641,NL06-1091612,dam
DV01769-08-1173,CHN09-06-100978,dam
DV01769-04-1020,DV01769-08-1173,sire
DV01769-99,DV01769-08-1173,dam
B95-6316522,B07-6258738,sire
B02-6499357,B07-6258738,dam
B89-6040787,B95-6316522,dam
B93-6681396,B02-6499357,sire
B97-6270490,B02-6499357,dam
B09-2026913,B2010-2206730,dam
B00-4065848,B09-2026913,sire
B08-2197688,B09-2026913,dam
NL02-1644224,NL05-1419624,dam
NL91-2166891,NL02-1644224,sire
NL01-1894055,NL02-1644224,dam
B09-2119437,B2010-2206745,sire
B09-2119419,B2010-2206745,dam
B03-4290095,B09-2119437,sire
B03-2059619,B09-2119437,dam
B05-41604430,B09-2119419,sire
B00-2038018,B09-2119419,dam
DV08575-09-167,CHN10-06-109320,sire
B07-6249557,CHN10-06-109320,dam
B04-6197080,B07-6249557,sire
B04-6194115,B07-6249557,dam
B99-6185697,B2007-6258710,sire
DV08575-09-167,CHN2012-32-977610,sire
DV04715-07-201,CHN2012-32-977610,dam
DV00645-03-1789,DV04715-07-201,sire
DV00516-05-1309,DV04715-07-201,dam
NL05-1419624,CHN07-08-072267,sire
B03-4031430,CHN07-08-072267,dam
B98-4465452,B03-4031430,sire
B02-4147327,B03-4031430,dam
NL04-2057881,NL05-1400985,sire
NL00-5054132,NL05-1400985,dam
NL95-5567947,NL04-2057881,sire
NL02-1644388,NL04-2057881,dam
NL99-4300712,NL00-5054132,sire
NL98-1223976,NL00-5054132,dam
CHN12-32-979735,CHN2013-06-600057,sire
B09-3188079,CHN2013-06-600057,dam
CHN07-08-029476,CHN12-32-979735,sire
B2003-4031498,CHN12-32-979735,dam
B06-3008003,B09-3188079,sire
B01-3031005,B09-3188079,dam
NL03-2324278,NL06-1597465,sire
NL04-2031770,NL06-1597465,dam
BE98-5821416,NL04-1389723,sire
NL00-5063949,NL04-1389723,dam
B99-6552454,B2008-6350754,sire
B06-6412570,B2008-6350754,dam
B94-6434172,B99-6552454,sire
B00-6548780,B06-6412570,sire
B99-6185753,B2008-6350780,sire
B00-6549676,B2008-6350780,dam
B93-6405603,B00-6549676,sire
NL06-5621654,CHN10-32-498861,sire
B08-4346863,CHN10-32-498861,dam
BE02-4247563,NL06-5621654,sire
BE96-4391970,B08-4346863,sire
BE06-4044540,B08-4346863,dam
CHN09-06-092588,CHN11-06-062255,sire
CHN08-32-900129,CHN11-06-062255,dam
B07-6258645,CHN09-06-092588,sire
NL2001-5122357,CHN09-06-092588,dam
B07-6258691,CHN08-32-900129,sire
B03-4031498,CHN08-32-900129,dam
DV03557-05-1573,DV01769-10-1144,dam
DV02098-06-844,DV05176-08-383,sire
DV02098-97-330,DV02098-06-844,sire
B01-3025114,DV02098-06-844,dam
DV02098-03-1030,NL07-5724622,sire
DV02098-97-330,DV02098-03-1030,sire
B01-3025114,DV02098-03-1030,dam
DV01769-04-1039,DV01769-06-1148,sire
DV01769-08-638,DV01769-11-157,dam
DV01769-08-50,DV01769-11-574,dam
DV09468-04-252,DV08575-09-161,sire
DV01769-07-689,DV08575-09-161,dam
DV01769-02-607,DV09468-04-252,sire
DV01769-99,DV09468-04-252,dam
DV01769-06-99,DV01769-07-689,sire
DV01769-04-1280,DV01769-07-689,dam
DV01769-07-1238,DV01769-09-635,sire
DV03557-05-1573,DV01769-09-635,dam
B11-6119193,B16-2315658,sire
B13-6313775,B16-2315658,dam
B08-6383026,B11-6119193,sire
B09-6103287,B11-6119193,dam
B03-6257240,B13-6313775,sire
B06-6034734,B13-6313775,dam
B08-6369093,B16-2315203,sire
B13-6313770,B16-2315203,dam
B98-6335690,B08-6369093,sire
B07-6033110,B08-6369093,dam
B08-6369094,B13-6313770,sire
B10-6297598,B13-6313770,dam
B11-6119193,B16-23156294,sire
B13-6304953,B16-23156294,dam
B03-6257098,B13-6304953,sire
B11-6341403,B13-6304953,dam
B08-6369093,B16-2281467,sire
B13-2081790,B16-2281467,dam
B11-2207184,B13-2081790,sire
B11-6341421,B13-2081790,dam
BE02-4376308,CHN10-01-966896,sire
BE04-4277484,CHN10-01-966896,dam
B90-4002911,BE02-4376308,sire
B97-4237625,BE04-4277484,dam
B2007-2250555,B2010-2135125,sire
B09-2119342,B2010-2135125,dam
B04-2063240,B09-2119342,sire
B04-2063218,B09-2119342,dam
DV04715-04-897,DV04715-07-03,sire
DV04715-04-688,DV04715-07-03,dam
DV00645-97-323,DV04715-04-897,sire
DV00645-02-1069,DV04715-04-897,dam
DV02887-01-2998,DV04715-04-688,sire
DV09605-01-598,DV04715-04-688,dam
DV07024-02-673,DV07024-08-245,dam
B03-4031495,CHN06-08-177957,sire
B03-4031430,CHN06-08-177957,dam
B99-4011956,B03-4031495,sire
B98-4564967,B03-4031495,dam
NL06-1651793,CHN08-06-083171,sire
NL07-1207705,B08-4098499,sire
NL06-1597436,B08-4098499,dam
NL98-5821470,NL07-1207705,sire
NL02-5251656,NL07-1207705,dam
NL00-4728193,NL06-1597436,sire
B96-662081,NL06-1597436,dam
BEL08-6372025,BEL13-6250397,sire
BEL06-66052105,BEL13-6250397,dam
B94-4332473,B00-4066074,sire
B95-4212574,B00-4066074,dam
B01-2030522,B10-2197960,sire
B05-2037745,B10-2197960,dam
D03661-94-100,B01-2030522,sire
B92-2488909,B01-2030522,dam
B03-2035944,B05-2037745,sire
B04-2018544,B05-2037745,dam
B05-2046441,B10-2197996,sire
B04-2018501,B10-2197996,dam
B96-6515027,B05-2046441,sire
B95-5084577,B05-2046441,dam
B06-2017419,B10-2197989,sire
B06-2017370,B10-2197989,dam
B97-2378787,B06-2017419,dam
B98-2436672,B06-2017370,sire
B03-2001819,B06-2017370,dam
B07-2015422,B10-2197980,sire
B06-2017512,B10-2197980,dam
B06-2017514,B07-2015422,sire
B05-2046758,B07-2015422,dam
B97-2378786,B06-2017512,dam
B06-2017419,B10-2197946,sire
B06-2017370,B10-2197946,dam
B01-4241981,BELG2006-4266819,sire
B95-5052496,B11-5010739,sire
B92-5000631,B11-5010739,dam
B97-5166439,B11-5010146,sire
B95-5208339,B11-5010146,dam
B86-6260314,B11-5010981,sire
B92-6241976,B11-5010981,dam
B02-5051207,B92-6241976,dam
B00-5041850,B11-5010991,sire
B00-5041682,B11-5010991,dam
B04-5026055,B00-5041850,dam
B84-2558479,B11-5010156,sire
B92-5000929,B11-5010156,dam
B08-4354259,B11-4191993,sire
B08-4346870,B11-4191993,dam
B02-4333378,B08-4354259,sire
B99-4365061,B08-4354259,dam
B03-4316042,B08-4346870,sire
B03-4411144,B08-4346870,dam
B06-4112354,BE08-4133938,dam
BE86-6056506,BE00-6249381,sire
BE99-6448352,BE00-6249381,dam
BE04-6058349,BE06-6270221,sire
BE05-6234004,BE06-6270221,dam
B95-6246005,B05-6337089,sire
B97-6466984,B05-6337089,dam
B99-3020065,B08-3079152,sire
B05-3141541,B08-3079152,dam
B92-6294826,B99-6494544,sire
B89-661159651,B99-6494544,dam
B00-6340067,B04-6294754,sire
B02-6243461,B04-6294754,dam
BE98-4185218,B04-4375936,sire
B02-4111098,B04-4375936,dam
BE96-4391970,B03-4316022,sire
BE97-4263060,B03-4316022,dam
B92-3138647,BELG2003-3131084,sire
B95-3336674,BELG2003-3131084,dam
B02-3025837,NL2006-5629201,sire
NL01-5150249,NL2006-5629201,dam
B01-6255428,B07-6076298,sire
B01-6387283,B07-6076298,dam
B90-6277377,B01-6255428,sire
B78-6145268,B01-6255428,dam
B97-6597228,B01-6387283,dam
B99-3020065,BELG2011-3021547,sire
B07-3161836,BELG2011-3021547,dam
BE08-3191776,B11-3021764,sire
BE04-3099057,B11-3021764,dam
BE03-3131084,BE08-3191776,sire
B07-3031041,BE08-3191776,dam
BE99-3020065,BE04-3099057,sire
BE00-3146013,BE04-3099057,dam
B13-3056024,B15-3150448,sire
B09-4331525,B15-3150448,dam
B06-3008003,B15-3147994,sire
B11-2018422,B15-3147994,dam
B09-6248437,CHN2016-02-0278114,sire
DV04-02065-49,DV10-02065-717,sire
DV03-02065-445,DV10-02065-717,dam
BE02-2214260,DV04-02065-49,sire
BE01-2137037,DV04-02065-49,dam
BE02-2214263,DV03-02065-445,sire
BE02-2214259,DV03-02065-445,dam
B04-3230936,B11-2122271,sire
B98-3158062,B04-3230936,sire
BE00-3200601,B04-3230936,dam
B08-6368070,B13-6075435,sire
B08-6368027,B13-6075435,dam
B10-61461562012,B13-6075335,sire
B09-6356739,B13-6075335,dam
B98-6210561,B06-6603685,sire
B04-6276377,B06-6603685,dam
B00-6178576,B02-6175946,sire
B01-6135253,B02-6175946,dam
B01-6135235,B02-6175700,sire
B98-6339604,B02-6175700,dam
B10-6340000,B13-6075170,sire
B06-6370191,B13-6075170,dam
B11-6094058,B13-6075736,sire
B12-6123751,B13-6075736,dam
B96-6615170,B09-6222996,sire
B08-6314769,B09-6222996,dam
B99-3020065,B2011-3021548,sire
B07-3161836,B2011-3021548,dam
B08-3079282,B11-3021604,sire
B07-3141611,B11-3021604,dam
NL02-5236641,NL2005-1405508,dam
NL01-5150323,NL2004-2061925,sire
NL02-1647139,NL2004-2061925,dam
B04-6430904,B06-6329215,sire
B04-6430851,B06-6329215,dam
BE05-6451167,B12-6142525,sire
BE08-6338700,B12-6142525,dam
BE95-6246005,BE05-6451167,sire
BE02-6256038,BE05-6451167,dam
BE00-6367169,BE08-6338700,sire
BE06-6210110,BE08-6338700,dam
B00-6552592,B2006-6188447,sire
B05-2143139,B10-2045282,sire
B92-2198165,B05-2143139,sire
B03-2191226,B05-2143139,dam
NL91-2511459,NL96-9618821,sire
NL89-8920481,NL96-9618821,dam
B07-3182009,B08-3172925,sire
B07-3182025,B08-3172925,dam
B2009-3172925,CHN13-06-196809,sire
B2010-6052136,CHN13-06-196809,dam
B07-3182009,B2009-3172925,sire
B07-3182025,B2009-3172925,dam
CHN2012-06-209777,CHN14-06-167439,sire
CHN2013-06-196998,CHN14-06-167439,dam
CHN2012-06-210000,CHN14-06-167435,sire
CHN2013-06-196997,CHN14-06-167435,dam
CHN2014-06-167508,CHN2016-06-0672389,sire
CHN2015-06-0367468,CHN2016-06-0672389,dam
B2009-3172925,CHN2015-06-0367468,sire
B2010-6052136,CHN2015-06-0367468,dam
CHN2014-06-167337,CHN2016-06-0671529,sire
CHN2014-06-167424,CHN2016-06-0671529,dam
NL08-1548954,CHN2014-06-167337,sire
NL08-1548996,CHN2014-06-167337,dam
B2010-6052136,CHN13-06-196808,dam
B2006-6270104,CHN13-06-187367,dam
B2006-6270104,CHN14-06-167819,dam
B2006-6270104,CHN15-06-0368187,dam
B2006-6270104,CHN15-06-0367988,dam
B2006-6270104,CHN14-06-167428,dam
B2006-6270104,CHN14-06-169953,dam
B2006-6270104,CHN14-06-167427,dam
B2006-6270104,CHN13-06-187397,dam
B2006-6270104,CHN15-06-0367656,dam
B11-6332704,CHN2014-06-167011,sire
CHN2010-06-041086,CHN2014-06-167008,sire
CHN2012-06-209277,CHN2014-06-167008,dam
CHN11-06-167799,CHN2014-06-167023,sire
CHN2013-33-112957,CHN2014-06-167023,dam
B2011-2083439,CHN2013-33-112957,sire
B2011-6265386,CHN2013-33-112957,dam
CHN2000-06-099656,CHN03-06-240099,sire
B2001-4161243,CHN03-06-240099,dam
B02-6175846,CHN07-06-227277,sire
B02-6175799,CHN07-06-227277,dam
CHN2000-06-099656,CHN2003-06-240100,sire
B2001-4161243,CHN2003-06-240100,dam
B02-6175846,CHN07-06-227278,sire
B02-6175799,CHN07-06-227278,dam
B02-6175846,CHN09-06-223820,sire
B02-6175799,CHN09-06-223820,dam
B1997-6549507,NL2008-6384419,sire
B2004-6265645,NL2008-6384419,dam
B02-6175846,CHN09-06-224099,sire
B02-6175799,CHN09-06-224099,dam
B07-6403721,B2008-6144548,sire
B2002-6058323,B2008-6144548,dam
NL2004-1626612,NL2006-1822219,dam
NL98-582141,NL2004-1626612,sire
NL2005-1503656,NL2008-1685516,dam
NL12-1926520,NL2013-1520288,sire
NL12-1926515,NL2013-1520288,dam
NL08-1903472,NL12-1926520,sire
NL10-2020139,NL12-1926520,dam
NL00-1028901,NL12-1926515,sire
NL08-2134521,NL2014-1260794,sire
NL11-1965598,NL2014-1260794,dam
NL99-176501,NL08-2134521,sire
NL04-1410888,NL08-2134521,dam
NL10-1920886,NL11-1965598,sire
NL10-1920900,NL11-1965598,dam
NL10-1748685,NL2011-1794820,dam
NL01-0108666,NL10-1748685,sire
NL07-1877787,NL10-1748685,dam
NL10-1748686,NL2011-1794792,dam
NL03-1547168,NL2013-1520141,sire
NL06-1436152,NL2013-1520141,dam
NL02-2066605,NL03-1547168,sire
NL99-1376191,NL03-1547168,dam
NL99-1361925,NL06-1436152,sire
NL03-1548957,NL06-1436152,dam
NL10-16201007,B2013-5108723,sire
B12-5034671,B2013-5108723,dam
NL03-1058350,NL10-16201007,sire
NL05-1322163,NL10-16201007,dam
NL11-5113411,B12-5034671,sire
NL09-1524184,B12-5034671,dam
B09-6163427,BE14-6307688,sire
B10-6130146,BE14-6307688,dam
B01-6179283,B09-6163427,sire
B06-6346075,B09-6163427,dam
B05-6054182,B10-6130146,sire
B05-6443900,B10-6130146,dam
B09-6163460,BE14-6300546,dam
B05-6054182,B09-6163460,sire
B05-6443900,B09-6163460,dam
NL11-3038912,NL2012-1679065,sire
NL10-1748686,NL2012-1679065,dam
NL08-1599753,NL11-3038912,sire
NL13-1298366,NL11-3038912,dam
NL01-0108666,NL10-1748686,sire
NL07-1877787,NL10-1748686,dam
NL07-1052445,NL11-1042631,sire
NL07-1052437,NL11-1042631,dam
NL98-1713367,NL07-1052445,sire
NL02-2068794,NL07-1052445,dam
NL99-5903473,NL07-1052437,sire
NL99-2308173,NL07-1052437,dam
NL09-1525068,NL13-1520794,sire
NL11-1043515,NL13-1520794,dam
NL99-1376203,NL09-1525068,sire
NL99-1376236,NL09-1525068,dam
NL05-1773077,NL11-1043515,sire
NL07-1053242,NL11-1043515,dam
B82-6380170,B97-6165917,sire
B94-6214446,B97-6165917,dam
B99-6143668,B04-6276331,sire
B02-6509064,B04-6276331,dam
B99-6343994,B06-6309601,sire
B99-6264545,B06-6309601,dam
B99-6143621,B06-6415502,sire
B98-62140407,B06-6415502,dam
B98-5090216,BELG2007-2228251,sire
B91-6371155,B98-5090216,sire
B90-5049955,B98-5090216,dam
BE94-6214223,B01-6255279,sire
BE96-6615184,B01-6255279,dam
BE82-6380170,BE94-6214223,sire
BE78-6145268,BE94-6214223,dam
BE94-6203344,BE96-6615184,sire
BE93-6228670,BE96-6615184,dam
BELG2007-4373753,B10-4253706,sire
BELG2007-4373751,B10-4253706,dam
B05-6451167,B13-6122085,sire
B95-6246005,B05-6451167,sire
B90-6652120,B05-6451167,dam
BE98-6350218,BE04-6058345,sire
BE96-6351943,BE04-6058345,dam
BE13-6026027,BE14-6312125,sire
BE13-6026564,BE14-6312125,dam
B00-6190647,CHN2008-32-999130,dam
B95-6637863,B00-6190647,sire
B99-6493886,B00-6190647,dam
BE98-6335690,B02-6183080,sire
BE97-6407575,B02-6183080,dam
BE97-6450252,BE97-6407575,sire
BE95-6370004,BE97-6407575,dam
BE05-6450535,B09-6233695,sire
B06-6056117,B09-6233695,dam
BE98-6278036,B06-6056117,sire
BE98-6589910,B06-6056117,dam
B98-6350218,B05-6196442,sire
B86-6056506,B98-6350218,sire
B00-0000006,B98-6350218,dam
B04-2107237,B06-2215243,sire
NL04-2055216,B06-2215243,dam
B99-2171918,B04-2107237,sire
B93-2133027,B04-2107237,dam
NL96-2286394,NL04-2055216,sire
NL96-2286554,NL04-2055216,dam
B08-6177641,CHN10-06-281861,dam
B98-633590,B08-6177641,sire
B04-6307210,B08-6177641,dam
B96-6515027,B10-4152441,sire
B02-2098674,B10-4152441,dam
B85-6580715,B96-6515027,sire
B81-6688022,B96-6515027,dam
B94-6366819,B02-2098674,sire
B01-6179214,B02-2098674,dam
B2006-6329295,B10-6236905,sire
B2007-6368571,B10-6236905,dam
B2005-6449907,B2006-6329295,sire
B2003-6192606,B2006-6329295,dam
B2005-6155345,B2007-6368571,sire
B2005-6225881,B2007-6368571,dam
B05-5096371,B11-5020174,sire
B07-5042369,B11-5020174,dam
B99-5157685,B05-5096371,sire
B91-5002240,B05-5096371,dam
B00-5062351,B07-5042369,sire
B02-5023996,B07-5042369,dam
B98-5090216,BELG2007-2228252,sire
B90-4499329,B05-3005462,sire
B98-3303957,B05-3005462,dam
B89-3307220,B90-4499329,sire
B84-3268638,B90-4499329,dam
B85-4016662,B98-3303957,sire
B90-4499042,B98-3303957,dam
B00-6178876,DV2011-0516-2565,sire
DV0516-10-2052,DV2011-0516-2565,dam
B93-6126917,B00-6178876,sire
B91-6085334,B00-6178876,dam
B02-6175803,DV0516-10-2052,sire
DV0516-09-2057,DV0516-10-2052,dam
B2001-6135328,B02-6175886,sire
B2001-6135187,B02-6175886,dam
B1999-6381164,B2001-6135328,sire
B1997-6162118,B2001-6135328,dam
B2000-6178661,B2001-6135187,sire
B1995-6076417,B2001-6135187,dam
B00-5150456,B03-5115383,dam
B00-4140444,B03-4025040,sire
B00-4143466,B03-4025040,dam
B99-4436008,B00-4140444,sire
B89-4274193,B00-4140444,dam
B95-4618837,B00-4143466,sire
B98-4368737,B00-4143466,dam
NL01-1892694,NL05-2209943,sire
NL02-1641427,NL05-2209943,dam
NL90-2519089,NL01-1892694,sire
NL87-2084325,NL01-1892694,dam
NL96-2286510,NL02-1641427,sire
NL96-2286406,NL02-1641427,dam
B99-6493868,B03-6147124,dam
B89-6611641,B99-6493868,sire
B97-6587240,B99-6493868,dam
NL99-3151680,NL05-1560307,sire
NL01-5150294,NL05-1560307,dam
B94-2061052,B08-2234350,sire
NL00-2178233,B08-2234350,dam
B83-2350008,B94-2061052,sire
B77-2367021,B94-2061052,dam
NL89-8920508,NL00-2178233,sire
B97-6600148,B06-6334290,sire
B04-6467380,B06-6334290,dam
B97-6274301,B01-6276661,sire
B91-6264475,B01-6276661,dam
B96-6171836,B97-6274301,sire
B93-6210739,B97-6274301,dam
B87-6155987,B91-6264475,sire
B86-6130802,B91-6264475,dam
B90-5061274,B98-5201227,sire
B96-5290252,B98-5201227,dam
B85-6580876,B90-5061274,sire
B84-6510285,B90-5061274,dam
B89-5340010,B96-5290252,sire
BE96-6223279,B03-6266452,sire
BE01-6255579,B03-6266452,dam
BE82-6380170,BE96-6223279,sire
BE78-6145268,BE96-6223279,dam
BE98-6210287,BE01-6255579,sire
BE98-6210293,BE01-6255579,dam
NL09-3955554,NL12-1732057,sire
NL10-3025822,NL12-1732057,dam
NL99-1038971,NL09-3955554,sire
NL04-0439690,NL09-3955554,dam
NL06-0730086,NL10-3025822,sire
NL07-3732472,NL10-3025822,dam
NL04-1389374,NL06-1597236,dam
D02098-03-1030,NL04-1389374,sire
NL00-1122150,NL04-1389374,dam
NL2003-1723256,NL2005-5532433,sire
NL98-5820804,NL2005-5532433,dam
NL95-1379941,NL2003-1723256,sire
NL90-2191223,NL2003-1723256,dam
NL97-7034327,NL98-5820804,sire
NL97-5700937,NL98-5820804,dam
B98-6210450,B06-6267367,sire
B01-6255231,B06-6267367,dam
B82-6380170,B98-6210450,sire
B64-6140875,B98-6210450,dam
B92-6074328,B01-6255231,sire
B95-6230638,B01-6255231,dam
B09-6080505,CHN14-02-320774,dam
NL12-1076878,NL17-1644110,sire
NL11-1185811,NL17-1644110,dam
NL02-2373002,NL12-1076878,sire
NL99-597341,NL12-1076878,dam
BE09-6040496,NL11-1185811,sire
BE05-6337097,NL11-1185811,dam
NL01-0179465,NL06-1195085,sire
NL93-1125375,NL01-0179465,sire
NL00-0077729,NL01-0179465,dam
BE00-0000006,BE00-6249381,dam
BE99-6448386,BE04-6058267,sire
BE99-6448149,BE04-6058267,dam
BE06-6034922,CHN16-06-0665457,sire
BE08-6177501,CHN16-06-0665457,dam
BE98-6335690,BE06-6034922,sire
BE96-6404318,BE06-6034922,dam
BE98-6335690,BE08-6177501,sire
BE07-6033110,BE08-6177501,dam
BE98-6278036,B11-6215303,sire
BE00-6448062,B11-6215303,dam
B99-6493868,CHN2008-32-999129,dam
B2008-6124053,B15-6284575,sire
B2007-6368588,B15-6284575,dam
B2006-6398583,B2008-6124053,sire
B2004-6430819,B2008-6124053,dam
B2005-6444400,B2007-6368588,sire
B2005-6444367,B2007-6368588,dam
BE98-6278036,B11-6215380,sire
BE00-6448062,B11-6215380,dam
B99-6143928,B07-6311516,sire
B82-6380170,B99-6143928,sire
B64-6140875,B99-6143928,dam
B98-2212898,B07-2212310,sire
B02-2320971,B07-2212310,dam
B92-5299285,B98-2212898,sire
NL84-2195177,B98-2212898,dam
NL96-9693778,B02-2320971,sire
NL96-1480794,B02-2320971,dam
B90-4499329,B04-3004517,sire
B98-3303957,B04-3004517,dam
BELG2001-6345099,B09-6347283,sire
BELG2006-6302911,B09-6347283,dam
BELG1998-6335690,BELG2001-6345099,sire
BELG1996-6404318,BELG2001-6345099,dam
BELG2001-6151481,BELG2006-6302911,sire
BELG2005-6145248,BELG2006-6302911,dam
B04-2018545100,B14-2149186,sire
B11-2178056,B14-2149186,dam
B07-2015371,B11-2178056,sire
B07-2000704,B11-2178056,dam
B98-5090238,B07-2228260,sire
B05-2267250,B07-2228260,dam
B91-6371155,B98-5090238,sire
B90-5049955,B98-5090238,dam
B97-1758781,B05-2267250,sire
B97-2450465,B05-2267250,dam
B2009-6086662,B11-6172855,sire
B2009-6086576,B11-6172855,dam
B2007-6356193,B2009-6086662,sire
B2004-6431082,B2009-6086662,dam
B2007-6389074,B2009-6086576,sire
B2007-6389040,B2009-6086576,dam
B2008-6361625,B15-6221299,sire
B2006-6401348,B15-6221299,dam
B2005-6155385,B2008-6361625,sire
B1999-6493868,B2008-6361625,dam
B2003-6033216,B2006-6401348,sire
B1998-6161525,B2006-6401348,dam
B2009-6086410,B15-6221260,sire
B2009-6086602,B15-6221260,dam
B2007-6389026,B2009-6086410,sire
B2005-6225881,B2009-6086410,dam
B2007-6389100,B2009-6086602,sire
B2007-6356002,B2009-6086602,dam
B04-4384601,B05-4395807,sire
B02-4474488,B05-4395807,dam
B97-4488095,B04-4384601,sire
B92-4564103,B04-4384601,dam
B93-2053961,B02-4474488,sire
B01-4496345,B02-4474488,dam
B05-2074952,BELG2006-2215291,sire
B05-2279830,BELG2006-2215291,dam
B03-2266295,B05-2074952,sire
B96-2096241,B05-2074952,dam
NL03-1141073,B05-2279830,sire
B04-2107250,B05-2279830,dam
B97-5160395,B09-5013382,sire
B05-5096491,B09-5013382,dam
B92-5052992,B97-5160395,sire
B91-5002240,B97-5160395,dam
B00-5066651,B05-5096491,sire
B03-5232479,B05-5096491,dam
B00-6178876,DV2011-0516-1291,sire
DV0516-10-2051,DV2011-0516-1291,dam
B84-6121565,B00-6178876,dam
B02-6175803,DV0516-10-2051,sire
DV0516-09-2057,DV0516-10-2051,dam
NL00-1676212,NL03-1141017,sire
NL95-2013000,NL03-1141017,dam
NL93-2353516,NL00-1676212,sire
BE92-6685680,NL00-1676212,dam
NL86-721087,NL95-2013000,sire
NL88-1918564,NL95-2013000,dam
B92-3138647,B03-3130401,sire
B95-3336674,B03-3130401,dam
B88-3307763,B92-3138647,sire
B87-3089349,B92-3138647,dam
B89-3160827,B95-3336674,sire
B92-3138672,B95-3336674,dam
B96-6515027,B08-2232723,sire
B98-2366924100,B08-2232723,dam
B92-6376923,B96-6515027,dam
DV03661-94-100,B98-2366924100,sire
B85-6580826,B98-2366924100,dam
B03-6460602,B06-6407376,sire
B96-6618305,B06-6407376,dam
B94-6366891,B03-6460602,sire
B92-6242005,B03-6460602,dam
B89-6358226,B96-6618305,sire
B93-6433705,B96-6618305,dam
B94-6495178,B05-6221126,sire
B02-6121800,B05-6221126,dam
B79-6631331,B94-6495178,dam
B90-6237584,B02-6121800,sire
B1988-2031497,B02-6121800,dam
B94-2061052,B2008-2234349,sire
NL00-2178233,B2008-2234349,dam
B96-6445358,B05-6445752,sire
B01-6262957,B05-6445752,dam
B90-6563338,B96-6445358,sire
B93-6491173,B96-6445358,dam
B96-6445285,B01-6262957,sire
B91-6680123,B01-6262957,dam
B98-6350218,B04-6058345,sire
B02-00825411,B04-6058345,dam
B99-6485734,B02-00825411,sire
B99-01439857,B02-00825411,dam
B97-6165825,B06-6267126,sire
B00-6156342,B06-6267126,dam
B92-6074390,B97-6165825,sire
B90-6277376,B97-6165825,dam
SA96-0095447,B00-6156342,sire
B96-6223357,B00-6156342,dam
NL11-3052066,NL12-1732001,sire
NL07-3738801,NL12-1732001,dam
NL10-3025875,NL11-3052066,sire
NL09-3955034,NL11-3052066,dam
NL89-8981950,NL07-3738801,sire
NL99-9911252,NL07-3738801,dam
B07-2228051,B08-2169060,sire
B05-2267747,B08-2169060,dam
B06-5025875,B07-2228051,sire
B01-2243097,B07-2228051,dam
B03-2101766,B05-2267747,sire
B04-2107368,B05-2267747,dam
B00-6190647,B04-6431023,dam
B96-6515027,B08-2145546,sire
B98-2366924100,B08-2145546,dam
BELG2003-6460062,B15-6063377,sire
BELG2013-6143816,B15-6063377,dam
BELG1994-6366891,BELG2003-6460062,sire
BELG2000-6301617,BELG2003-6460062,dam
BELG2002-6354241,BELG2013-6143816,sire
BELG2012-6042459,BELG2013-6143816,dam
NL11-1186012,NL17-1644242,sire
NL10-5011998,NL17-1644242,dam
NL04-1389690,NL11-1186012,sire
BE96-6286060,NL11-1186012,dam
NL02-2373002,NL10-5011998,sire
NL99-597341,NL10-5011998,dam
B06-6210298,B13-6122499,sire
B10-6358671,B13-6122499,dam
B95-6246005,B06-6210298,sire
B90-6652120,B06-6210298,dam
B09-6269131,B10-6358671,sire
B06-6410675,B10-6358671,dam
B01-6387350,B10-6346692,sire
B02-00825443,B10-6346692,dam
B99-6448053,B01-6387350,sire
B98-6350130,B01-6387350,dam
B98-6477108,B02-00825443,sire
B98-00825476,B02-00825443,dam
BE90-4499329,BE05-3005462,sire
BE89-4465322,BE05-3005462,dam
BE90-4499329,BE04-3004517,sire
BE98-3303957,BE04-3004517,dam
BE02-6058422,BE05-6234045,sire
BE00-6249470,BE05-6234045,dam
BE14-6239376,B17-6258894,sire
BE13-6215692,B17-6258894,dam
BE12-6140335,BE14-6239376,sire
BE05-6116272,BE14-6239376,dam
BE08-6338583,BE13-6215692,sire
BE10-6284702,BE13-6215692,dam
B94-6495178,B10-6155218,sire
B09-6130504,B10-6155218,dam
B86-6616231,B94-6495178,sire
B93-5188111,B94-6495178,dam
B2007-6389041,B11-6172857,sire
B2008-6361626,B11-6172857,dam
B2005-6157256,B2007-6389041,sire
B1999-6493868,B2007-6389041,dam
B2005-6155385,B2008-6361626,sire
B2007-6389077,B2008-6361626,dam
BE05-6198745,B08-6374015,sire
BE06-6056106,B08-6374015,dam
B96-6223279,B09-6222926,sire
B07-6076208,B09-6222926,dam
B82-6380170,B96-6223279,sire
B90-6669172,B96-6223279,dam
B98-6210561,B07-6076208,sire
B04-6276377,B07-6076208,dam
B05-2074952,B06-2215290,sire
B05-2279830,B06-2215290,dam
B04-2098866,B05-2279830,dam
B05-6444304,B06-6329998,dam
B00-6340067,B05-6444304,sire
B04-6430819,B05-6444304,dam
B05-2046775100,B14-2195432,sire
B05-2037745,B14-2195432,dam
DV03661-94-100,B05-2046775100,sire
B81-6688022,B05-2046775100,dam
B03-2035944100,B05-2037745,sire
B04-2018544100,B05-2037745,dam
BE12-5015196,B14-2041177,sire
BE12-5015222100,B14-2041177,dam
BE04-5065566,BE12-5015196,sire
BE99-5271731,BE12-5015196,dam
BE04-5226586,BE12-5015222100,sire
BE05-5220465,BE12-5015222100,dam
B02-2214210,B08-2234316,sire
B00-2117109,B02-2214210,sire
BE04-3223930,B11-3167732,sire
BE96-3156032,BE04-3223930,sire
BE96-3287010,BE04-3223930,dam
B05-5213520,B07-5042310,sire
B05-5202304,B07-5042310,dam
B01-5020494,B05-5213520,sire
B91-5002240,B05-5213520,dam
B95-5310582,B05-5202304,sire
B01-5252141,B05-5202304,dam
B00-6178876,DV2009-0516-1311,sire
B04-5065550,B12-5015221,sire
B06-5100704,B12-5015221,dam
B01-5025955,B04-5065550,sire
B97-5204420,B04-5065550,dam
B00-5150646,B06-5100704,sire
B05-5133419,B06-5100704,dam
B97-5204417,B00-5150646,sire
B95-5111449,B00-5150646,dam
B03-5115390,B05-5133419,sire
B02-5065236,B05-5133419,dam
B03-6257134,B08-6231894,sire
B02-6379072,B03-6257134,dam
B94-6366891,B05-6052286,sire
B02-6496789,B05-6052286,dam
B86-6676122,B94-6366891,sire
B82-6736965,B94-6366891,dam
B91-6372283,B02-6496789,sire
B96-6573271,B02-6496789,dam
B98-2425539,B08-2232726,sire
B07-2015377,B08-2232726,dam
DV03661-94-100,B98-2425539,sire
B81-6688022,B98-2425539,dam
B96-6515027,B07-2015377,sire
B98-2366924100,B07-2015377,dam
B02-6299000,B11-6133660,sire
B95-6647246,B02-6299000,sire
B98-6491935,B02-6299000,dam
B99-6143595,B06-6267037,sire
B00-65525964,B06-6267037,dam
B98-6210287,B99-6143595,sire
B96-3121904,B99-6143595,dam
B97-6165825,B00-65525964,sire
B97-6424264,B00-65525964,dam
B01-2243492,B05-2267330,sire
B96-2208802,B05-2267330,dam
B95-2479220,B01-2243492,sire
B90-6127767,B01-2243492,dam
B91-2086940,B96-2208802,sire
B91-5263752,B96-2208802,dam
B03-6384564,B04-6266643,sire
B00-6474655,B04-6266643,dam
B98-6492636,B03-6384564,sire
B97-6548525,B03-6384564,dam
B97-6548725,B00-6474655,sire
B96-6586824,B00-6474655,dam
NL12-1076981,NL17-1644293,sire
NL11-5012518,NL17-1644293,dam
NL02-2373002,NL12-1076981,sire
NL99-597341,NL12-1076981,dam
NL08-2049374,NL11-5012518,sire
NL07-1207577,NL11-5012518,dam
B09-6248171,B15-6026513,sire
B08-6174630,B09-6248171,sire
B00-6175805,B09-6248171,dam
B00-6548780,B11-6133742,sire
B04-6467302,B11-6133742,dam
BE05-3005462,CHN17-06-9989626,sire
BE04-3004517,CHN17-06-9989626,dam
BE00-6249381,CHN10-06-266079,sire
BE99-6448352,CHN10-06-266079,dam
BE00-6249381,CHN08-32-999389,sire
BE06-6270221,CHN08-32-999389,dam
BE03-6257098,B06-6034899,sire
BE04-6307210,B06-6034899,dam
BE96-6404318,BE03-6257098,dam
BE04-6358919,BE04-6307210,sire
BE99-6352928,BE04-6307210,dam
BE09-6323111,B15-6285754,sire
BE03-6290114,BE09-6323111,sire
B14-2216475,B16-2138333,sire
B10-2045388,B14-2216475,sire
B99-2036005,B14-2216475,dam
BE15-6091689,B17-6148351,sire
BE15-6092051,B17-6148351,dam
BE11-6240027,BE15-6091689,sire
B05-6453989,BE15-6091689,dam
BE14-6239014,BE15-6092051,sire
BE13-6314736,BE15-6092051,dam
BE06-6334205,B11-6133658,sire
BE02-6319362,B11-6133658,dam
BE95-6647246,BE06-6334205,sire
BE99-6185756,BE06-6334205,dam
BE96-6490451,BE02-6319362,sire
BE96-6445386,BE02-6319362,dam
B07-4373372,NL2008-2129692,sire
NL06-1520270,NL2008-2129692,dam
NL02-0271845,B07-4373372,sire
NL06-1195029,B07-4373372,dam
NL05-1238716,NL06-1520270,sire
B2007-6155353,B15-6284574,sire
B2012-6035504,B15-6284574,dam
B2005-6444400,B2007-6155353,sire
B1997-6355026,B2007-6155353,dam
B2009-6086626,B2012-6035504,sire
B2009-6086693,B2012-6035504,dam
BE01-6524809,B11-6219390,dam
B09-3095237,B13-3160808,dam
B01-4446149,B05-4395849,sire
B01-4446033,B05-4395849,dam
B95-4516090,B01-4446149,sire
B90-5343668,B01-4446149,dam
B97-4488095,B01-4446033,sire
B95-4618835,B01-4446033,dam
B01-6523833,BELG2011-6133632,sire
B04-6369209,BELG2011-6133632,dam
B92-6606146,B01-6523833,sire
B94-6434010,B01-6523833,dam
B09-2131835,B12-2191204,sire
B04-2018543,B12-2191204,dam
DV03661-00-907,B09-2131835,sire
B81-6688022,B09-2131835,dam
B98-2436672,B04-2018543,sire
B03-2001819,B04-2018543,dam
B2007-6389041,B11-6172858,sire
B2008-6361626,B11-6172858,dam
B1999-6393868,B2007-6389041,dam
B03-2101043,B07-2228247,sire
B05-2267452,B07-2228247,dam
B99-4221852,B03-2101043,sire
B94-4498699,B03-2101043,dam
B03-2101321,B05-2267452,sire
B00-2408294,B05-2267452,dam
DV02065-04-96,DV2012-02065-288,sire
DV02065-08-112,DV2012-02065-288,dam
B02-2214263,DV02065-04-96,sire
B86-2118042,DV02065-04-96,dam
DV02065-03-411,DV02065-08-112,sire
DV02065-03-445,DV02065-08-112,dam
B02-6175803,DV2009-0516-2038,sire
B00-6178921,DV2009-0516-2038,dam
DV01439-97-1321,B02-6175803,sire
B84-6059512,B02-6175803,dam
B99-6381164,B00-6178921,sire
B99-5268081,B00-6178921,dam
B05-2143181,B10-2045470,sire
B94-2061350,B05-2143181,sire
B03-3241927,B05-2143181,dam
B04-5065566,B12-5015177,sire
B05-5220465,B12-5015177,dam
B01-5025766,B04-5065566,sire
B97-6594874,B04-5065566,dam
B00-5150646,B05-5220465,sire
B95-5111423,B05-5220465,dam
DV04-0516-1485,DV09581-13-1279,dam
DV02-0516-1048,DV04-0516-1485,sire
DV03-0516-1389,DV04-0516-1485,dam
B98-2425539,B07-2000705,sire
B97-2378786,B07-2000705,dam
DV03661-93-400,B97-2378786,sire
B85-6580826,B97-2378786,dam
DV03661-00-907,B07-2000708,sire
B97-2378787,B07-2000708,dam
B84-6560571,DV03661-00-907,sire
B81-6688022,DV03661-00-907,dam
DV03661-93-400400,B97-2378787,sire
B85-6580826,B97-2378787,dam
NL01-5150212,NL07-1143822,sire
BE06-4008828,NL07-1143822,dam
BE83-4631071,NL01-5150212,dam
BE02-4333378,B09-4331075,sire
BE99-4365061,B09-4331075,dam
B93-6057630,B03-6042039,sire
B01-6041061,B03-6042039,dam
B86-6475047,B93-6057630,sire
B85-6567117,B93-6057630,dam
B96-6086151,B01-6041061,sire
B99-6047027,B01-6041061,dam
B01-5028418,B04-5065605,dam
B95-5000924,B01-5028418,sire
B95-5889144,B01-5028418,dam
BE09-6323112,B15-6285708,sire
BE10-6357236,B15-6285708,dam
BE08-6298348,BE09-6323112,sire
BE05-6445580,BE09-6323112,dam
NL05-5534849,BE10-6357236,sire
BE05-5150294,BE10-6357236,dam
B06-3008003,B12-3127501,sire
B07-510175,B12-3127501,dam
CHN10-06-266079,CHN17-06-9989558,sire
CHN08-32-999389,CHN17-06-9989558,dam
BE14-6239014,B17-6258805,sire
BE13-6314736,B17-6258805,dam
BE08-6339459,BE14-6239014,sire
BE05-6337291,BE14-6239014,dam
BE12-6183820,BE13-6314736,sire
BE12-6183960,BE13-6314736,dam
BE02-6175731,DV2012-07364-394,sire
DV07364-07-444,DV2012-07364-394,dam
BE97-6162118,BE02-6175731,dam
BE99-6381413,DV07364-07-444,sire
BE00-6178518,DV07364-07-444,dam
NL07-1936832,NL2012-1734414,sire
NL03-1272712,NL2012-1734414,dam
NL02-0271840,NL07-1936832,dam
B2006-6087000,B15-6284570,sire
B2011-6327645,B15-6284570,dam
B2005-6225666,B2006-6087000,sire
B1997-6355026,B2006-6087000,dam
B2009-6086598598,B2011-6327645,sire
B2007-6368588,B2011-6327645,dam
B2009-6349221,B15-6284564,sire
B2007-6368551,B15-6284564,dam
B2006-6173403,B2009-6349221,sire
B2003-6481302,B2009-6349221,dam
B2005-6444400,B2007-6368551,sire
B2005-6444367,B2007-6368551,dam
B00-2408703,B07-2231332,sire
B95-5208339,B07-2231332,dam
B86-6260314,B00-2408703,sire
B85-6043216,B00-2408703,dam
B93-5010010,B95-5208339,dam
B05-2046739,B12-2191350,sire
B04-2018501,B12-2191350,dam
B85-6580826,B05-2046739,dam
B2009-6086626,B14-6298449,sire
B2009-6086693,B14-6298449,dam
B2006-6173403,B2009-6086626,sire
B2005-6225881,B2009-6086626,dam
B2007-6356145,B2009-6086693,sire
B06-6329250,B2009-6086693,dam
BE98-6335690,B08-6177501,sire
B07-6033110,B08-6177501,dam
BE12-5015196,B14-2041178,sire
BE12-5015222100,B14-2041178,dam
B04-6397101,BELG2010-6179157,sire
B05-6284830,BELG2010-6179157,dam
B02-6457645,B04-6397101,sire
B95-6076417,B04-6397101,dam
B02-6175556,B05-6284830,sire
B02-6175947,B05-6284830,dam
B00-6178876,DV2010-0516-804,sire
B02-6175915,DV2010-0516-804,dam
B99-6381195,B02-6175915,sire
B99-5268081,B02-6175915,dam
B03-6257134,B09-6111628,sire
NL99-1331565,NL2004-1186352,sire
NL98-1277067,NL2004-1186352,dam
NL92-1761631,NL99-1331565,sire
NL86-1620152,NL99-1331565,dam
BE92-4571292,NL98-1277067,sire
NL92-1118493,NL98-1277067,dam
B2000-6156270,B05-6448009,sire
B2001-6255046,B05-6448009,dam
B1990-6277397,B2000-6156270,sire
B87-2297197,B2000-6156270,dam
B94-6214211,B2001-6255046,sire
B98-6210407,B2001-6255046,dam
B98-6276202,NL04-1942250,sire
NL00-2463359,NL04-1942250,dam
B92-6673987,B98-6276202,sire
B90-6306593,B98-6276202,dam
NL98-1081320,NL00-2463359,sire
NL97-1337606,NL00-2463359,dam
B99-6061109,B03-6192530,dam
B97-6201401,B99-6061109,sire
B95-6226954,B99-6061109,dam
DV02736-08-287,DV2012-02065-419,dam
DV02065-03-447,DV02736-08-287,sire
DV02065-06-309,DV02736-08-287,dam
B05-2142791,B10-2045415,sire
B04-2211623,B10-2045415,dam
B00-6272359231,B05-2142791,sire
B93-5188111,B05-2142791,dam
B06-2082239,BELG2009-2054330,sire
B06-208207399,BELG2009-2054330,dam
B81-2396125,B06-2082239,dam
B01-2280127,B06-208207399,sire
B00-2352402,B06-208207399,dam
B09-6301870,B11-6133655,sire
B04-6467302,B11-6133655,dam
B00-6548780,B09-6301870,sire
B02-6290709,B09-6301870,dam
B01-6523833,B05-6445716,sire
B01-6263147,B05-6445716,dam
B95-6647246,B01-6523833,sire
B93-6491935,B01-6523833,dam
B91-6685038,B01-6263147,sire
B99-6185566,B01-6263147,dam
B96-6086176,B00-6098324,sire
B98-6084041,B00-6098324,dam
B93-6057734,B96-6086176,sire
B87-6360589,B96-6086176,dam
B95-6054392,B98-6084041,sire
B93-6057663,B98-6084041,dam
B03-5115390,B05-5213990,sire
B97-5204420,B05-5213990,dam
B92-5040349,B03-5115390,sire
B85-5096007,B03-5115390,dam
B92-5040388,B97-5204420,sire
B91-5050158327,B97-5204420,dam
B03-6471605,B06-6334256,sire
B99-6560463,B06-6334256,dam
B95-6647246,B03-6471605,sire
B99-6185756,B03-6471605,dam
B91-6685038,B99-6560463,sire
B92-6682536,B99-6560463,dam
BE17-6025489,B18-6020536,sire
BE15-6026272,B18-6020536,dam
BE14-6175237,BE17-6025489,sire
BE12-6196107,BE17-6025489,dam
BE13-6026112,BE15-6026272,sire
BE06-6270117,BE15-6026272,dam
BE12-3127477,B16-3065040,sire
BE14-3115019,B16-3065040,dam
BE05-3006631,BE12-3127477,sire
BE96-3156104,BE12-3127477,dam
BE11-3173268,BE14-3115019,sire
BE05-3176578,BE14-3115019,dam
B09-6301870,B11-6133715,sire
B04-6467302,B11-6133715,dam
NL16-1517960,NL18-1092614,sire
NL14-1050927,NL18-1092614,dam
NL08-1660055,NL16-1517960,sire
NL02-0271883,NL16-1517960,dam
NL13-1229542,NL14-1050927,sire
NL13-1229589,NL14-1050927,dam
B03-5115390,B00-5150456,sire
B02-5065236,B00-5150456,dam
BE03-6257134,B08-6177668,sire
BE05-6176134,B08-6177668,dam
BE01-6345099,BE03-6257134,sire
BE01-769000275,BE03-6257134,dam
BE01-63451012001,BE05-6176134,sire
BE03-6357007,BE05-6176134,dam
B12-6196217,B15-6287005,sire
B06-6173123,B12-6196217,sire
B02-6258092,B12-6196217,dam
B94-6214211,B05-6166379,sire
B98-6210407,B05-6166379,dam
B90-6277397,B98-6210407,sire
B96-3121904,B98-6210407,dam
B2008-6124053,B15-6221271,sire
B2007-6368588,B15-6221271,dam
B2010-3099883,B11-3021691,sire
B2003-3131084,B2010-3099883,sire
B1987-3089349,B2010-3099883,dam
B99-5118824,B04-5175145,sire
B02-2142916,B04-5175145,dam
B93-5169865,B99-5118824,sire
B86-6360347,B99-5118824,dam
B96-2464617,B02-2142916,sire
NL95-1705816,B02-2142916,dam
B2007-2224667,BELG2008-2159742,sire
B2001-2270233,BELG2008-2159742,dam
B2005-2201722,B2007-2224667,sire
B1993-2132330,B2007-2224667,dam
B1997-2450276,B2001-2270233,sire
B2000-2333715,B2001-2270233,dam
B03-6460062,B07-6390318,sire
B02-6354005,B07-6390318,dam
B94-6366891,B03-6460062,sire
B92-6242005,B03-6460062,dam
B90-6671265,B02-6354005,sire
B96-6514977,B02-6354005,dam
B04-2107204,BELG2007-2231348,sire
B05-2267152,BELG2007-2231348,dam
B00-51663342003,B04-2107204,sire
B94-5199146,B04-2107204,dam
NL01-1702641,B05-2267152,sire
B02-2142074,B05-2267152,dam
BE01-3039825,B11-3167733,sire
BE00-3258094,B11-3167733,dam
BE94-2337563,BE01-3039825,sire
BE97-3278029,BE01-3039825,dam
BE94-3338284,BE00-3258094,sire
BE93-3315229,BE00-3258094,dam
B93-6501202,B09-6173508,sire
B84-6698864,B93-6501202,sire
B81-6600376,B93-6501202,dam
B04-6397101,BELG2009-6103321,sire
B05-6284830,BELG2009-6103321,dam
B96-5266196,B07-5187726,sire
B06-5125499,B07-5187726,dam
B84-5282642,B96-5266196,sire
B78-5320449,B96-5266196,dam
B99-5157685,B06-5125499,sire
B03-5152667,B06-5125499,dam
B02-6175803,DV2011-0516-1415,sire
DV0516-06-551,DV2011-0516-1415,dam
B96-6599152,DV0516-06-551,sire
DV0516-02-635,DV0516-06-551,dam
B12-5015203,B14-2041115,sire
B12-5015053,B14-2041115,dam
B02-5062163,B12-5015203,sire
B95-5111423,B12-5015203,dam
B00-5150646,B12-5015053,sire
B06-5100704,B12-5015053,dam
B06-2082218,B09-2054322,sire
B04-2211623,B09-2054322,dam
B93-2132123,B06-2082218,sire
B81-2396125,B06-2082218,dam
B00-6452296,B08-6350778,sire
B02-6505638,B08-6350778,dam
B91-6685038,B00-6452296,sire
B91-6298409,B00-6452296,dam
B95-6647246,B02-6505638,sire
B93-6491935,B02-6505638,dam
B98-6084024,B04-6035128,sire
B00-6098005,B04-6035128,dam
B94-6081753,B98-6084024,sire
B91-6183106,B98-6084024,dam
B93-6057627,B00-6098005,sire
B96-6086384,B00-6098005,dam
BE16-6032101,B18-6015818,sire
BE17-6025283,B18-6015818,dam
BE08-6174630,BE16-6032101,sire
BE05-6116293,BE16-6032101,dam
BE14-6175237,BE17-6025283,sire
BE12-6196107,BE17-6025283,dam
BE16-3084052,B17-3042166,sire
BE14-3157312,B17-3042166,dam
BE06-3008003,BE16-3084052,sire
BE00-3195099,BE16-3084052,dam
BE12-3088052,BE14-3157312,sire
BE09-4280727,BE14-3157312,dam
B11-6049912,B17-6024296,sire
B12-6323170,B17-6024296,dam
B09-6301870,B11-6133701,sire
B04-6467302,B11-6133701,dam
BE05-6445722,B11-6133726,sire
BE04-6369313,B11-6133726,dam
BE95-6647246,BE05-6445722,sire
BE97-6270414,BE05-6445722,dam
BE95-6316522,BE04-6369313,sire
BE02-6499857,BE04-6369313,dam
BE11-6244691,B12-6183906,sire
BE11-6245451,B12-6183906,dam
BE09-6323111,BE11-6244691,sire
BE05-6445543,BE11-6244691,dam
BE08-6338583,BE11-6245451,sire
BE00-6141499,BE11-6245451,dam
NL05-1413802,NL14-1071820,sire
NL08-3821975,NL14-1071820,dam
NL04-2062033,NL05-1413802,sire
NL04-2071525,NL05-1413802,dam
NL03-1272747,NL08-3821975,sire
NL02-0230955,NL08-3821975,dam
BE02-6175731,DV2012-07364-390,sire
BE01-6135152,DV2012-07364-390,dam
BE86-6263512,BE02-6175731,sire
BE84-6059512,BE02-6175731,dam
BE97-6162340,BE01-6135152,sire
BE97-6162118,BE01-6135152,dam
B02-6354005,CHN13-06-012005,dam
B03-6460062,B02-6354005,sire
B2001-2271036,BELG2008-2159773,sire
B2005-2201806,BELG2008-2159773,dam
B1999-6179478,B2001-2271036,sire
B1999-2260201,B2001-2271036,dam
B1998-2350997,B2005-2201806,sire
B2004-5153992,B2005-2201806,dam
B03-6257134,B09-6111627,sire
B06-5194506,B07-5042387,sire
B00-5062272,B07-5042387,dam
B99-5256360,B06-5194506,sire
B94-5038833,B06-5194506,dam
B98-5080559,B00-5062272,sire
B96-5100387,B00-5062272,dam
B02-6175803,DV2010-0516-1361,sire
DV0516-09-2057,DV2010-0516-1361,dam
B86-6263512,B02-6175803,sire
B00-6178876,DV0516-09-2057,sire
B01-6135408,DV0516-09-2057,dam
B95-5317112,B06-5110732,sire
B01-5028435,B06-5110732,dam
B87-5320645,B95-5317112,sire
B81-6688022,B95-5317112,dam
B95-5000924,B01-5028435,sire
B95-5889144,B01-5028435,dam
B09-6301870,B11-6133656,sire
B04-6467302,B11-6133656,dam
B98-6044236,B05-6126278,sire
B01-6080659,B05-6126278,dam
B96-4605777,B98-6044236,sire
B91-3000847,B98-6044236,dam
B96-6379868,B01-6080659,sire
B99-3085120,B01-6080659,dam
NL09-2074862,NL13-1664631,sire
NL06-1640561,NL13-1664631,dam
NL07-2148940,NL09-2074862,sire
BE05-6336792,NL09-2074862,dam
NL05-2033640,NL06-1640561,sire
BE97-6390133,NL06-1640561,dam
BE05-6445722,B11-6133730,sire
BE04-6369313,B11-6133730,dam
B04-3231000,B12-3127513,sire
B10-3068014,B12-3127513,dam
B01-3111106,B10-3068014,sire
B03-3193383,B10-3068014,dam
BE09-6347283,CHN17-06-0767215,sire
BE10-6031864,CHN17-06-0767215,dam
BE01-6345099,BE09-6347283,sire
BE01-769000275,BE09-6347283,dam
BE09-6111676,BE10-6031864,sire
BE08-2021004,BE10-6031864,dam
B10-4327648,NL11-1185759,sire
NL10-5011881,NL11-1185759,dam
B08-4351119,B10-4327648,sire
NL06-1597498,B10-4327648,dam
NL98-5821450,NL10-5011881,dam
NL14-1050916,NL17-1269976,sire
NL09-1181313,NL17-1269976,dam
NL08-1660055,NL14-1050916,sire
NL02-0271883,NL14-1050916,dam
NL06-1062201,NL09-1181313,sire
NL03-1272712,NL09-1181313,dam
B98-3158062,B04-3147638,sire
B99-3285063,B04-3147638,dam
B93-3050068,B99-3285063,sire
B93-3050110,B99-3285063,dam
B13-6026027,B14-6312125,sire
B08-6174622,B13-6026027,sire
B99-6407743,B13-6026027,dam
B02-6354005,CHN13-06-012006,dam
B06-2017514,B15-2318479,sire
B07-2015385,B15-2318479,dam
DV03661-94-100,B06-2017514,sire
B81-6688022,B06-2017514,dam
B06-2019876,B07-2015385,sire
B06-2017370100,B07-2015385,dam
B12-4281873,DV2014-08943-895,sire
B11-3170521,DV2014-08943-895,dam
B06-4377103,B12-4281873,sire
B05-2076701,B12-4281873,dam
B08-3035009,B11-3170521,sire
B02-507532,B11-3170521,dam
B04-6397101,BELG2012-6283139,sire
B05-6284830,BELG2012-6283139,dam
B03-5152593,B08-5038365,sire
B00-5062283,B08-5038365,dam
B94-5017850,B03-5152593,dam
B03-6483982,B11-6133727,sire
B02-6499279,B11-6133727,dam
B95-6647246,B03-6483982,sire
B99-6185756,B03-6483982,dam
B94-6582712,B02-6499279,sire
B94-6434010,B02-6499279,dam
B98-6523011,B2006-6210660,sire
B97-6390086,B2006-6210660,dam
B96-6286093,B98-6523011,sire
B93-6621060,B98-6523011,dam
B94-6323005,B97-6390086,sire
B93-6621110,B97-6390086,dam
BE10-6155218,CHN18-06-0400256,dam
BE94-6495178,BE10-6155218,sire
BE09-6130504,BE10-6155218,dam
B86-6056506,CHN08-32-999390,sire
B99-6448532,CHN08-32-999390,dam
B01-3031005,B09-3095126,dam
B88-3206112,B01-3031005,sire
B96-3156104,B01-3031005,dam
B2006-6329278,B15-6284553,sire
B2006-6398596,B15-6284553,dam
B2005-6157258,B2006-6329278,sire
B1997-6355026,B2006-6329278,dam
B2005-6444400,B2006-6398596,sire
B2005-6225881,B2006-6398596,dam
BELG2008-6259170,B09-6280077,sire
BELG2007-6033166,B09-6280077,dam
BELG2005-6054295,BELG2008-6259170,sire
BELG1998-6185637,BELG2008-6259170,dam
BELG1998-6335690,BELG2007-6033166,sire
BELG2004-6307210,BELG2007-6033166,dam
B2006-6087000,B15-6221291,sire
B2011-6327645,B15-6221291,dam
B11-3172362,DV0824-14-1497,dam
B05-3006794,B11-3172362,sire
B02-3185288,B11-3172362,dam
B09-6114976,BELG2013-6320584,sire
B10-6179108,BELG2013-6320584,dam
B03-6257240,B09-6114976,sire
B96-6404318,B09-6114976,dam
B09-6114976,B10-6179108,sire
B08-6249752,B10-6179108,dam
B96-5266196,B08-5038269,sire
B06-5125499,B08-5038269,dam
BE00-6340067,B05-6444307,sire
BE04-6430819,B05-6444307,dam
BE92-6596037,BE00-6340067,sire
BE89-6606996,BE00-6340067,dam
BE02-6505110,BE04-6430819,sire
BE02-6243472,BE04-6430819,dam
B05-6231037,B09-2203430,sire
B07-2255299,B09-2203430,dam
B04-6217290,B05-6231037,sire
B01-6174063,B05-6231037,dam
B03-2182096,B07-2255299,sire
B06-2090139,B07-2255299,dam
B99-6448386,B04-6058267,sire
B99-6448149,B04-6058267,dam
B94-6522251,B99-6448386,sire
B90-6244884,B99-6448386,dam
B97-6145011,B99-6448149,sire
B96-6351995,B99-6448149,dam
BE10-6155218,CHN18-06-0400891,dam
BE09-6086410,B15-6284561,sire
BE09-6086602,B15-6284561,dam
BE07-6389026,BE09-6086410,sire
BE06-6329251,BE09-6086410,dam
BE07-6389100,BE09-6086602,sire
BE07-6356002,BE09-6086602,dam
B07-6221050,B14-6175541,sire
B01-6387351,B07-6221050,sire
BE97-6145282,B07-6221050,dam
B94-2061052,CHN15-02-0001100,sire
NL00-2178233,CHN15-02-0001100,dam
B86-2118042,B94-2061052,dam
NL06-1597236,CHN2013-06-381865,sire
BE06-6210660,CHN2013-06-381865,dam
NL05-5533032,NL06-1597236,sire
NL98-1933686,NL06-1597236,dam
BE98-6523011,BE06-6210660,sire
BE97-6390086,BE06-6210660,dam
B00-6548780,B08-6350661,sire
B04-6467302,B08-6350661,dam
B02-6175556,B13-6149991,sire
B09-6103321,B13-6149991,dam
B97-6162045,B02-6175556,sire
B92-5017631,B02-6175556,dam
B04-6397101,B09-6103321,sire
B05-6284830,B09-6103321,dam
B07-5193449,B09-5013345,sire
B08-5038374,B09-5013345,dam
B99-5098360,B07-5193449,sire
B98-5242660,B07-5193449,dam
B00-5066651,B08-5038374,sire
B05-5096304,B08-5038374,dam
B11-2083010,B14-2216343,sire
B08-2040295,B14-2216343,dam
B02-2214259,B11-2083010,dam
B05-2143139,B14-2216414,sire
B07-4332335,B14-2216414,dam
B77-2367021,B05-2143139,dam
B05-4333766,B07-4332335,dam
B06-6034719,B09-6111744,sire
B02-6183099,B09-6111744,dam
B98-6335690,B02-6183099,sire
B00-6345097,B02-6183099,dam
B03-6147067,B06-6137329,dam
B99-2228133,B03-6147067,sire
B00-6551430,B03-6147067,dam
B04-6244762,B06-6307734,sire
B04-6244764,B06-6307734,dam
B99-6343940,B04-6244762,sire
B99-6340994,B04-6244762,dam
B00-6245149,B04-6244764,sire
B00-6245150,B04-6244764,dam
B96-5167520,B2001-5103110,sire
B96-6307031,B2001-5103110,dam
B89-5205727,B96-5167520,sire
B87-5168866,B96-5167520,dam
B90-6237714,B96-6307031,sire
B93-5188111,B96-6307031,dam
BE06-6034922,CHN16-06-0589810,sire
BE08-6177567,CHN16-06-0589810,dam
BE03-6257134,BE08-6177567,sire
BE05-6176134,BE08-6177567,dam
BE08-6350778,CHN19-06-0371883,sire
BE08-6350661,CHN19-06-0371883,dam
BE00-6452296,BE08-6350778,sire
BE91-6298409,BE08-6350778,dam
BE00-6548780,BE08-6350661,sire
BE04-6467302,BE08-6350661,dam
BE09-6086410,BELG2015-6284560,sire
BE09-6086602,BELG2015-6284560,dam
BE00-6249381,BE03-6287278,sire
BE99-6448352,BE03-6287278,dam
NL91-2302264,NL99-2436733,sire
NL93-2090474,NL99-2436733,dam
NL90-2603878,NL91-2302264,sire
NL87-8749908,NL91-2302264,dam
NL82-8275300,NL93-2090474,sire
NL87-1453230,NL93-2090474,dam
B98-3158062,B05-3006705,sire
B03-6226043,B13-6096664,sire
B11-2076132,B12-2038201,sire
B10-2214048,B11-2076132,sire
B05-3006657,B11-2076132,dam
B09-6111676,B10-6357852,sire
B04-6307259,B10-6357852,dam
B03-6257134,B09-6111676,sire
B01-769000275,B09-6111676,dam
B97-6407575,B04-6307259,dam
CHN04-02-450110,CHN15-02-0001019,sire
B93-2139193,CHN04-02-450110,sire
B03-6257134,B08-6177567,sire
DV9605-10-0884,BELG2014-6118154,sire
B12-6319340,BELG2014-6118154,dam
B09-6114965,DV9605-10-0884,sire
B07-6033110,DV9605-10-0884,dam
B04-6397101,B12-6319340,sire
B05-6284830,B12-6319340,dam
B99-5157685,B09-5013381,sire
B05-5096487,B09-5013381,dam
B97-5160395,B99-5157685,sire
B91-5002240,B99-5157685,dam
B97-5160390,B05-5096487,sire
B01-5020444,B05-5096487,dam
B04-6244762,B08-6242974,sire
B04-6244764,B08-6242974,dam
B02-6505110,B06-6398495,sire
B98-6466725,B06-6398495,dam
B92-6596037,B02-6505110,sire
B89-6606996,B02-6505110,dam
B89-6611641,B98-6466725,sire
B94-6667010,B98-6466725,dam
BE03-6257134,CHN15-06-0563292,sire
BE08-6177501,CHN15-06-0563292,dam
BE03-6257134,CHN15-06-0203073,sire
BE09-6369933,CHN15-06-0203073,dam
BE03-6257240,BE09-6369933,sire
BE06-6034736,BE09-6369933,dam
BE08-6374015,CHN16-06-0546461,sire
BE11-6219390,CHN16-06-0546461,dam
BE05-6198745,BE08-6374015,sire
BE98-6589910,BE08-6374015,dam
BE03-6483456,BE11-6219390,sire
BE01-6524809,BE11-6219390,dam
B09-6248224,B11-6282490,sire
B06-2105217,B09-6248224,sire
B00-2350660,B09-6248224,dam
NL95-9510911,NL02-0253086,sire
NL98-1289176,NL02-0253086,dam
NL87-2174352,NL95-9510911,sire
NL81-8106420,NL95-9510911,dam
NL87-8749925,NL98-1289176,sire
NL89-8933432,NL98-1289176,dam
B02-6183124,B08-6177574,sire
B03-6108015,B08-6177574,dam
B98-6335690,B02-6183124,sire
B96-6404318,B02-6183124,dam
B00-6190647,B06-6350126,dam
B98-6411580,B09-6301811,sire
B01-6523821,B09-6301811,dam
B91-6680124,B98-6411580,sire
B01-6523829,B98-6411580,dam
B01-6523829,B01-6523821,dam
BE07-6077460,B08-6370926,sire
BE05-6176142,B08-6370926,dam
BE06-6173144,BE07-6077460,sire
BE02-6063849,BE07-6077460,dam
BE03-6257134,BE05-6176142,sire
BE04-6307341,BE05-6176142,dam
BE07-2089399,B14-6050619,sire
BE12-6225603,B14-6050619,dam
BE99-2021538,BE07-2089399,sire
BE95-2080125,BE07-2089399,dam
BE07-6385731,BE12-6225603,sire
BE06-6035708,BE12-6225603,dam
B11-2076132,B12-2038127,sire
B2009-6086662,B11-6172856,sire
B2009-6086576,B11-6172856,dam
B02-6175556,BELG2012-6283012,sire
B09-6103321,BELG2012-6283012,dam
B94-6336064,B02-6175556,dam
B02-6183080,CHN12-06-522843,sire
BE96-6404318,B02-6183080,dam
B09-6111676,B10-6031864,sire
B08-2021004,B10-6031864,dam
B04-2182155,B08-2021004,dam
B10-3179399,B15-3147882,sire
B13-3164523,B15-3147882,dam
B99-3199708,B10-3179399,sire
B86-3158708,B10-3179399,dam
B07-3043418,B13-3164523,sire
B12-3127542,B13-3164523,dam
B14-3067132,B16-2040065,sire
B12-3162831,B14-3067132,sire
B95-3211364,B14-3067132,dam
BE11-2083359,CHN15-02-0001037,sire
BE10-2045201,CHN15-02-0001037,dam
BE01-2137150,BE11-2083359,sire
BE94-2061168,BE11-2083359,dam
BE01-2137326,BE10-2045201,sire
BE99-2036308,BE10-2045201,dam
B09-6222652,BELG12-6236302,sire
B09-6222652,BELG2012-6236303,sire
B08-6383662,BELG2012-6238485,sire
NL10-3026397,NL2013-1352222,sire
B09-6222693,B2011-6325688,sire
B00-6156164,B09-6222693,sire
B90-6277397,B00-6156164,sire
B87-2297197,B00-6156164,dam
NL10-3026400,NL2012-1736745,sire
NL10-3026400,NL2012-1736876,sire
NL04-0442807,NL2013-1352163,sire
B13-5096149,B14-2128137,sire
B12-5029018,B14-2128137,dam
B12-6123556,B13-5096149,sire
B12-6321646,B13-5096149,dam
B07-5050208,B12-5029018,sire
B09-5154104,B12-5029018,dam
NL10-3026400,NL13-1352174,sire
B10-6359182,B14-2127777,sire
B12-6321646,B14-2127777,dam
NL08-2048857,B10-6359182,sire
B07-6379888,B10-6359182,dam
B07-6043923,B12-6321646,sire
B07-6369518,B12-6321646,dam
NL03-1833193,NL2012-3233178,sire
NL08-3832798,NL2012-3233178,dam
NL93-1888936,NL03-1833193,sire
NL97-1759965,NL03-1833193,dam
NL00-0079954,NL08-3832798,sire
NL07-3731487,NL08-3832798,dam
NL08-3832737,NL20012-3233221,sire
NL05-1567816,NL20012-3233221,dam
NL03-0376752,NL08-3832737,sire
NL05-1233726,NL08-3832737,dam
NL96-9618799,NL05-1567816,sire
NL01-2433938,NL05-1567816,dam
NL08-1695140,NL2012-3233218,sire
NL08-3832730,NL2012-3233218,dam
NL03-1833193,NL08-1695140,sire
NL04-0450101,NL08-1695140,dam
NL04-0450098,NL08-3832730,sire
B03-4456769,NL08-3832730,dam
NL08-1695140,NL2012-3223151,sire
NL08-3832786,NL2012-3223151,dam
NL03-1833193,NL08-3832786,sire
NL04-0450101,NL08-3832786,dam
B08-6314622,B11-6265185,sire
B02-6080969,B13-6090789,sire
B99-2434268,B02-6080969,dam
B14-3028072,B16-3142078,sire
B15-3152016,B16-3142078,dam
B09-3128071,B16-3142155,sire
B13-3160526,B16-3142155,dam
BELG05-4247376,CHN2008-01-993288,sire
B06-6405249,B10-6339959,dam
B01-6455003,B06-6405249,sire
B00-6440232,B06-6405249,dam
B06-6148179,B12-6123385,sire
B06-6148039,B12-6123385,dam
CHN99-06-115348,CHN03-06-039883,sire
B05-6166372,CHN2012-06-209115,sire
CHN10-33-098153,CHN2012-06-209115,dam
B05-6155333,CHN10-33-098153,dam
B00-3076246,CHN2015-33-0095995,sire
B05-6166372,CHN2015-33-0095980,sire
CHN2013-06-036004,CHN2015-33-0095980,dam
B00-3076246,B12-3162845,sire
B07-2103385,B11-6265548,dam
B05-6166372,CHN13-06-196021,sire
CHN10-33-098153,CHN13-06-196021,dam
B06-3008003,B2011-3170510,sire
B05-3224698,B2011-3170510,dam
B07-2103401,B11-2186338,sire
B8-2239839,B11-2186338,dam
B07-2228132,B8-2239839,dam
B03-6095358,B07-6364322,sire
B05-6170855,B07-6364322,dam
B05-2143379,B10-2045384,dam
BELG2014-2230911,BE2017-4062766,sire
BELG15-4013028,BE2017-4062766,dam
BELG2013-4176517,BELG2014-2230911,sire
BELG2013-6143659,BELG2014-2230911,dam
BELG2012-51586019,BELG15-4013028,sire
BELG14-6303244,BELG15-4013028,dam
B08-6177661,BE2013-6304954,dam
B11-6117696,BE2012-6023411,sire
B10-6031858,BE2012-6023411,dam
B09-6111558,BE2012-6315131,sire
BELG2011-6326794,BE2012-6315131,dam
B02-6183083,B09-6111558,sire
BELG2000-6540682,B09-6111558,dam
BELG2007-6110291,BELG2011-6326794,dam
B09-4133452,BE2010-4020268,sire
B08-4349387,BE2010-4020268,dam
DV01063-14-710,CHN2016-11-0368710,sire
CHN2012-11-015539,CHN2016-11-0368710,dam
BELG2004-4433021,CHN2012-11-015539,sire
DV01764-11-306,CHN17-11-0099902,sire
CHN2014-11-044159,CHN17-11-0099902,dam
CHN2015-09-0344583,CHN2016-11-0368702,sire
CHN2011-11-050954,CHN2016-11-0368702,dam
CHN13-10-788873,CHN2015-09-0344583,dam
CHN14-11-085303,CHN16-11-0342665,sire
CHN13-10-788873,CHN16-11-0342665,dam
BELG2004-4433021,CHN14-11-085303,sire
CHN13-10-788873,CHN14-11-085303,dam
CHN2014-19-313330,CHN16-11-056671,sire
CHN2012-11-071285,CHN16-11-056671,dam
NL99-2255904,NL2005-5535827,sire
CHN09-11-215407,CHN17-11-009929,sire
CHN15-11-0343918,CHN17-11-009929,dam
CHN15-11-0070874,CHN17-11-0099923,sire
CHN16-11-0002063,CHN17-11-0099923,dam
NL12-1946083,NL14-1587566,sire
NL10-5020901,NL14-1587566,dam
B10-5181729,NL12-1946083,sire
NL10-5020900,NL12-1946083,dam
B05-5220492,NL10-5020901,dam
CHN2012-11-098550,CHN2013-11-032565,sire
CHN2012-11-015539,CHN2013-11-032565,dam
B01-4489665,BELG2004-4433021,dam
CHN2013-11-002105,CHN2014-09-450063,sire
CHN2012-11-098594,CHN2014-09-450063,dam
CHN2012-09-312975,CHN2014-09-536339,sire
CHN2010-09-439305,CHN2014-09-536339,dam
CHN2013-11-031633,CHN2015-11-0087713,dam
CHN2013-11-031633,CHN2015-11-0087714,dam
CHN2012-11-065194,ZHN2015-09-0344573,sire
NL2005-5535827,ZHN2015-09-0344573,dam
BELG2004-4433021,CHN2012-11-065194,sire
BELG2008-6338684,CHN2015-09-0344599,sire
BELG2006-6052332,CHN2015-09-0344599,dam
BELG2008-6338684,CHN2015-09-0330937,sire
BELG2006-6052332,CHN2015-09-0330937,dam
BEG2008-6338684,CHN2015-09-0344556,sire
CHN13-10-788873,CHN2015-09-0344556,dam
CHN2013-11-032565,CHN2015-09-0344594,sire
BELG2006-6052332,CHN2015-09-0344594,dam
BELG2006-6052332,CHN2013-11-032197,dam
NL09-1728515,CHN15-0077509,sire
NL2009-1409598,CHN15-0077509,dam
B10-4014064,B17-5053204,sire
B12-4052071,B17-5053204,dam
B06-4370914,B10-4014064,sire
B09-5061838,B10-4014064,dam
B07-5080297,B12-4052071,sire
B10-4014069,B12-4052071,dam
BE04-6356585,BE12-6225605,sire
BE05-6341163,BE12-6225605,dam
BE08-6369094,BE09-6358771,sire
BE02-6183084,BE09-6358771,dam
B10-4014064,B17-5053122,sire
B12-4052071,B17-5053122,dam
B11-3172659,NL18-1496524,sire
NL16-1114482,NL18-1496524,dam
B06-3008003,B11-3172659,sire
B09-210165,B11-3172659,dam
NL05-1989877,NL16-1114482,sire
NL08-2102342,NL16-1114482,dam
DV01013-09-297,DV08805-13-763,sire
DV06667-07-729,DV08805-13-763,dam
DV08805-01-652,DV06667-07-729,sire
DV08805-00-665,DV06667-07-729,dam
CHN02-238015,CHN03-015016,sire
CHN02-047607,CHN03-015016,dam
NL01-1045446,NL07-4286094,sire
NL02-2231678,NL07-4286094,dam
NL97-2160306,NL01-1045446,sire
NL97-2160330,NL01-1045446,dam
NL01-1106777,NL02-2231678,sire
NL97-2225812,NL02-2231678,dam
NL05-1219635,NL12-1470465,sire
NL06-2059281,NL12-1470465,dam
NL08-1371731,NL12-1470462,sire
NL08-1377251,NL12-1470462,dam
NL07-5709455,NL11-1506833,sire
NL09-1999277,NL11-1506833,dam
NL03-5326666,NL07-5709455,sire
NL00-1623124,NL07-5709455,dam
NL02-1319640,NL09-1999277,sire
NL03-2117573,NL09-1999277,dam
NL03-2117577,NL11-1506842,sire
NL03-2117620,NL11-1506842,dam
NL11-1506831,NL12-1392671,sire
NL11-1506833,NL12-1392671,dam
NL05-5528637,NL11-1506831,sire
NL06-1946772,NL11-1506831,dam
NL11-1506853,NL13-1022740,sire
NL12-1392676,NL13-1022740,dam
NL02-1319640,NL11-1506853,sire
NL03-2117568,NL11-1506853,dam
NL11-1506760,NL12-1392676,sire
NL07-1544636,NL12-1392676,dam
NL02-1319658,NL13-1022794,sire
NL11-1506807,NL13-1022794,dam
NL97-5717854,NL02-1319658,sire
NL96-1890748,NL02-1319658,dam
NL07-1544651,NL11-1506807,sire
NL04-4173376,NL11-1506807,dam
NL02-1319601,NL11-1506756,sire
NL08-1269789,NL11-1506756,dam
NL99-5139621,NL02-1319601,sire
NL98-2373090,NL02-1319601,dam
NL05-5528625,NL08-1269789,sire
NL03-2117581,NL08-1269789,dam
NL10-1441815,NL12-1392690,sire
NL11-1508814,NL12-1392690,dam
NL04-1753493,NL10-1441815,sire
NL05-5528635,NL10-1441815,dam
NL02-1319512,NL11-1508814,sire
NL08-1269815,NL11-1508814,dam
NL11-1506760,NL14-1753961,sire
NL07-1544636,NL14-1753961,dam
NL07-1544651,NL11-1506760,sire
NL04-4173376,NL11-1506760,dam
BE97-6101055,BE06-6185492,sire
BE02-6051523,BE06-6185492,dam
NL00-1211026,NL03-1116551,sire
NL00-1211044,NL03-1116551,dam
NL2007-1864855,CHN20013-11-127873,sire
CHN2008-11-142978,CHN20013-11-127873,dam
NL2007-1864855,CHN20013-11-127874,sire
CHN2008-11-142978,CHN20013-11-127874,dam
B02-4064520,B2009-4321661,sire
B95-4611494,B02-4064520,sire
B99-4262213,B02-4064520,dam
B2010-6342923,NL11-1782257,sire
NL98-5012191,B2010-6342923,sire
NL08-211559,B2010-6342923,dam
NL03-1168484,NL11-1764190,sire
NL97-1560008,NL03-1168484,sire
NL98-1249271,NL03-1168484,dam
B07-4085218,NL09-1232575,dam
BE01-4174049,B07-4085218,sire
BE05-4400566,B07-4085218,dam
B2010-6342923,NL11-1782258,sire
B06-6413729,NL08-1569201,sire
NL05-1426497,NL08-1569201,dam
NL03-1135047,NL05-1426497,sire
NL99-2396856,NL05-1426497,dam
NL04-0442747,NL02-1812373,dam
GFL827-2000,C2007-09-151781,sire
GFL1468-2004,C2007-09-151781,dam
B6362315-94,GFL827-2000,dam
NL0180144-2001,GFL1468-2004,dam
NL98-9848157,NL08-3828808,sire
NL02-1812373,NL08-3828808,dam
CHN2014-11-132266,C15-11-0262664,sire
NL12-1783885,NL16-1664015,sire
NL14-1209822,NL16-1664015,dam
NL07-2007621,NL12-1783885,sire
NL07-2007621,NL14-1209822,sire
B10-6345347,DV06218-12-284,sire
B10-6148366,DV06218-12-284,dam
B02-6113220,B10-6345347,sire
B09-6369413,B10-6345347,dam
B02-6113220,B10-6148366,sire
B01-6094275,B10-6148366,dam
DV03789-05-1493,CHN2013-11-039249,sire
B95-6284309,DV03789-05-1493,sire
DV03789-02-2115,DV03789-05-1493,dam
GFL827-2000,C07-151780,sire
GFL1468-2004,C07-151780,dam
B01-6135326,DV07237-06-1451,dam
B97-6162340,B01-6135326,sire
B03-6192564,NL2013-1802454,sire
NL10-1272410,NL2013-1802454,dam
B00-6549276,B03-6192564,sire
B03-6192564,NL10-1272410,sire
B07-6367873,NL10-1272410,dam
B06-5041144,B07-5125133,sire
B05-5005732,B07-5125133,dam
B05-5148826,B06-5041144,sire
B02-5051643,B06-5041144,dam
B94-2478548,B05-5005732,sire
B99-5272682,B05-5005732,dam
B02-1739770,B09-5140135,sire
B01-6135333,B09-5140135,dam
B97-1740980,B02-1739770,sire
B97-1642269,B02-1739770,dam
B97-6162074,B01-6135333,sire
B98-6339723,B01-6135333,dam
B01-2137148,CHN14-10-331713,sire
CHN09-10-247471,CHN14-10-331713,dam
B05-2142790,CHN15-19-0322576,sire
CHN14-10-331713,CHN15-19-0322576,dam
B05-2142790,CHN15-19-0322599,sire
CHN14-10-331713,CHN15-19-0322599,dam
DV09460-07-550,CHN13-19-265803,sire
DV04087-08-593,CHN13-19-265803,dam
DV09460-07-550,CHN13-19-265881,sire
DV04087-08-593,CHN13-19-265881,dam
B05-2142790,CHN16-19-0449398,sire
CHN14-10-331713,CHN16-19-0449398,dam
DV09460-07-550,CHN15-19-0322508,sire
DV04087-08-593,CHN15-19-0322508,dam
B05-2142790,CHN16-19-0449389,sire
CHN14-10-331713,CHN16-19-0449389,dam
DV09460-07-550,CHN16-19-0446802,sire
DV04087-08-593,CHN16-19-0446802,dam
CHN06-19-018804,CHN13-19-263892,sire
CHN04-19-126667,CHN13-19-263892,dam
B05-2142790,CHN16-19-0446821,sire
CHN14-10-331713,CHN16-19-0446821,dam
DV09460-07-550,CHN16-19-0446890,sire
DV04087-08-593,CHN16-19-0446890,dam
B06-4126945,CHN16-19-0000013,sire
B08-4003734,CHN16-19-0000013,dam
B06-4126945,CHN16-19-0000012,sire
B08-4003734,CHN16-19-0000012,dam
CHN04-19-126667,CHN15-19-0322510,dam
CHN04-19-126667,CHN15-19-0322594,dam
DV07237-09-252,CHN14-19-0322504,sire
DV03902-10-437,CHN14-19-0322504,dam
DV07364-10-172,CHN14-19-312956,dam
DV07237-09-252,CHN15-19-0322503,sire
DV03902-10-437,CHN15-19-0322503,dam
NL02-2274812,CHN14-19-312812,sire
CHN12-19-035255,CHN14-19-312812,dam
NL02-2274812,CHN14-19-312802,sire
CHN12-19-035255,CHN14-19-312802,dam
NL11-1506903,CHN15-19-0322585,sire
NL12-1392727,CHN15-19-0322585,dam
NL11-1506903,CHN15-19-0322224,sire
DV0989-08-346,CHN15-19-0322224,dam
NL11-1506903,CHN15-19-0322547,sire
DV0989-08-346,CHN15-19-0322547,dam
NL11-1506903,CHN15-19-0322548,sire
DV0989-08-346,CHN15-19-0322548,dam
CHN06-04-001890,CHN13-19-265862,sire
B12-6125414,CHN13-19-265862,dam
CHN06-04-001890,CHN13-19-265907,sire
B12-6125414,CHN13-19-265907,dam
CHN13-19-263898,CHN14-19-312892,sire
CHN13-19-274450,CHN14-19-312892,dam
CHN13-19-263898,CHN15-19-0322020,sire
CHN13-19-274450,CHN15-19-0322020,dam
CHN13-19-263898,CHN15-19-0322314,sire
CHN13-19-274450,CHN15-19-0322314,dam
CHN14-19-312633,CHN17-19-0439847,sire
CHN14-19-312838,CHN17-19-0439847,dam
C15-19-0322535,CHN16-19-0449910,sire
C13-19-265829,CHN16-19-0449910,dam
C08-19-245741,CHN16-19-0474429,sire
C13-19-258043,CHN16-19-0474429,dam
C15-19-0322529,CHN16-19-0474413,sire
C10-19-147062,CHN16-19-0474413,dam
C12-19-035213,CHN16-19-0474411,sire
HK10-183,CHN16-19-0474411,dam
B05-6166095,CHN09-19-015914,sire
C10-19-186391,CHN09-19-015914,dam
B01-6255577,CHN10-19-186391,sire
B05-6166077,CHN10-19-186391,dam
B05-6166095,CHN14-19-312839,sire
C10-19-186391,CHN14-19-312839,dam
C14-19-312624,CHN16-19-0074620,sire
B04-6266159,BELG06-6187615,sire
B05-6300549,BELG06-6187551,sire
B08-5039429,B09-6238511,sire
B08-6234472,B09-6238511,dam
B06-6187551,CHN15-19-0322571,sire
B06-6187615,CHN15-19-0322571,dam
NL11-1242301,CHN15-19-0414763,sire
C11-19-214607,CHN15-19-0414763,dam
B05-2142790,CHN14-19-312781,sire
CHN08-06-518527,CHN14-19-312781,dam
NL05-555358645,NL08-2021264,sire
CHN10-19-316950,CHN15-19-0460076,sire
CHN08-19-231373,CHN15-19-0460076,dam
CHN13-19-248639,CHN15-19-0460071,dam
C10-19-186552,CHN14-19-326536,sire
C06-19-020946,CHN14-19-326536,dam
CHN06-19-018804,CHN13-19-265625,sire
CHN11-19-216544,CHN13-19-265625,dam
NL1999-2241413,CHN02-19-006001,sire
CHN06-19-021661,CHN08-19-233931,dam
NL12-1007280,NL13-1588776,sire
NL12-1481723,NL13-1588776,dam
NL02-5255591,NL12-1007280,sire
B09-3146286,NL12-1007280,dam
NL02-1283795,NL12-1481723,sire
NL08-1390608,NL12-1481723,dam
DV04849-12-471,DV04849-14-971,sire
DV04849-08-2076,DV04849-14-971,dam
DV04849-09-1962,DV04849-12-471,sire
B14-2035218,B17-5131852,sire
B16-1190610,B17-5131852,dam
B10-5077902,B14-2035218,sire
B09-5153176,B14-2035218,dam
B10-1001020,B16-1190610,sire
B12-3161985,B16-1190610,dam
DV05658-08-1183,DV05658-14-633,sire
DV05658-10-108,DV05658-14-633,dam
B01-42159653,DV05658-08-1183,sire
DV05658-02-454,DV05658-10-108,sire
DV05658-05-868,DV05658-10-108,dam
DV01063-11-1546,DV01063-13-1990,sire
DV01063-09-951,DV01063-13-1990,dam
DV01063-00-831,DV01063-11-1546,sire
DV01063-07-2078,DV01063-11-1546,dam
DV01063-07-1191,DV01063-09-951,sire
DV01063-07-1553,DV01063-09-951,dam
NL07-4286010,NL17-1584005,sire
B11-6238598,NL17-1584005,dam
NL01-5163851,NL07-4286010,sire
NL01-5163844,NL07-4286010,dam
NL09-1425512,B11-6238598,sire
B08-6297304,B11-6238598,dam
B14-6100420,B17-6228358,sire
B10-6239846,B17-6228358,dam
B12-6276250,B14-6100420,sire
B12-6320180,B14-6100420,dam
B04-6120357,B10-6239846,sire
B05-6225575,B10-6239846,dam
DV05658-11-227,DV03911-12-1167,sire
DV03911-07-1120,DV03911-12-1167,dam
DV03911-03-1941,DV05658-11-227,sire
DV03911-07-1120,DV05658-11-227,dam
DV00712-03-100,DV03911-07-1120,sire
DV03911-99-421,DV03911-07-1120,dam
DV04487-07-514,DV01063-13-2095,sire
DV01063-08-676,DV01063-13-2095,dam
DV04487-01-546,DV04487-07-514,sire
DV08891-00-392,DV04487-07-514,dam
DV04487-03-1022,DV01063-08-676,sire
DV00830-14-205,DV01063-15-2162,sire
DV01063-10-1747,DV01063-15-2162,dam
NL12-1842109,DV00830-14-205,sire
DV00830-10-322,DV00830-14-205,dam
DV01063-03-1941,DV01063-10-1747,sire
DV01063-07-1108,DV01063-10-1747,dam
DV00830-14-205,DV01063-15-1942,sire
DV01063-10-1747,DV01063-15-1942,dam
DV00830-08-5,DV01063-14-183,sire
NL02-2080225,DV00830-08-5,sire
NL02-2080235,DV00830-08-5,dam
DV01063-07-1138,DV01063-16-1462,sire
DV01063-14-2170,DV01063-16-1462,dam
DV01063-95-1436,DV01063-07-1138,sire
DV01063-06-2193,DV01063-07-1138,dam
DV01063-11-1261,DV01063-14-2170,sire
DV01063-12-1306,DV01063-14-2170,dam
DV01063-11-1265,DV01063-16-1118,sire
DV01063-11-1111,DV01063-16-1118,dam
NL01-5155208,DV01063-11-1265,sire
DV01063-04-1736,DV01063-11-1265,dam
DV05532-10-704,DV01063-11-1111,sire
DV01063-04-1705,DV01063-11-1111,dam
DV04487-04-1171,DV01063-13-1344,sire
DV01063-12-1233,DV01063-13-1344,dam
DV04487-02-879,DV04487-04-1171,sire
B00-5043769,DV04487-04-1171,dam
DV01063-06-2212,DV01063-12-1233,sire
DV01063-11-1165,DV01063-12-1233,dam
DV01063-10-682,DV01063-16-1293,sire
DV01063-11-1197,DV01063-16-1293,dam
DV01063-02-182,DV01063-10-682,sire
DV01063-07-1615,DV01063-10-682,dam
DV01063-99-1820,DV01063-11-1197,sire
DV01063-10-698,DV01063-11-1197,dam
DV01063-14-1490,DV01063-16-1312,sire
DV01063-11-1231,DV01063-16-1312,dam
DV01063-10-520,DV01063-14-1490,sire
DV01063-12-926,DV01063-14-1490,dam
DV01063-08-1783,DV01063-11-1231,sire
DV01063-09-192,DV01063-11-1231,dam
DV09861-12-826,DV01063-13-1586,sire
DV01063-12-682,DV01063-13-1586,dam
DV07674-04-219,DV09861-12-826,sire
B09-6294148,DV09861-12-826,dam
DV01063-03-1289,DV01063-12-682,sire
NL04-2207306,DV01063-12-682,dam
DV02171-14-193,DV01063-17-315,sire
DV01063-11-1242,DV01063-17-315,dam
DV02171-12-186,DV02171-14-193,sire
DV07274-09-1723,DV02171-14-193,dam
DV01063-00-897,DV01063-11-1242,sire
DV01063-09-493,DV01063-11-1242,dam
DV01063-15-1993,DV01063-17-507,sire
DV01063-14-457,DV01063-17-507,dam
DV01063-12-1340,DV01063-15-1993,sire
DV01063-12-868,DV01063-15-1993,dam
DV01063-11-1261,DV01063-14-457,sire
DV01063-12-1306,DV01063-14-457,dam
B08-5087604,B16-2314002,sire
B14-2079928,B16-2314002,dam
B97-5189611,B08-5087604,sire
B01-5258506,B08-5087604,dam
B09-5139546,B14-2079928,sire
B04-5233261,B14-2079928,dam
B15-3113486,B16-3119523,sire
B11-3167180,B16-3119523,dam
B06-3038138,B15-3113486,sire
B14-3131805,B15-3113486,dam
B04-3043095,B11-3167180,sire
B05-3116111,B11-3167180,dam
BELG1999-6151734,BELG2006-6154774,sire
B96-6615170,B07-6076663,sire
NL01-1135547,NL08-5821627,dam
B98-6335690,B10-6031857,sire
B11-6091812,B14-6298052,sire
B08-6065443,B11-6091812,sire
B07-6043929,B09-6358148,sire
B06-6149981,B09-6358148,dam
B05-6045251,B07-6043929,sire
B99-6229502,B07-6043929,dam
B03-6192564,B06-6149981,sire
B96-6165098,B06-6149981,dam
B07-3008367,B12-3168863,dam
B04-4085232,B07-3008367,sire
B02-3236493,B07-3008367,dam
B16-4260917,CHN2019-17-0080709,sire
B16-4260968,CHN2019-17-0080709,dam
B09-2054247,CHN2015-12-0004019,sire
B10-3047217,B12-3168861,sire
B09-3040149,B12-3168861,dam
B02-3255937,B10-3047217,sire
B04-3230881,B10-3047217,dam
BE12-6225605,B18-6123297,sire
BE09-6358771,B18-6123297,dam
BE12-6225605,B17-6260774,sire
BE09-6358771,B17-6260774,dam
BE12-6225605,B18-6253941,sire
BE09-6358771,B18-6253941,dam
BE12-6225605,B18-6123215,sire
BE09-6358771,B18-6123215,dam
BE12-6225605,B18-6254876,sire
BE09-6358771,B18-6254876,dam
BE12-6225605,B18-6254875,sire
BE09-6358771,B18-6254875,dam
B98-6210287,BELG13-6080598,sire
B04-6468525,BELG13-6080598,dam
B94-6214211,B04-6468525,sire
B02-6091917,B04-6468525,dam
B98-6210287,BELG13-6080597,sire
B04-6468525,BELG13-6080597,dam
CHN2008-17-008205,CHN2011-17-002754,sire
B07-4360397,CHN2011-17-002754,dam
B06-5015157,CHN2008-17-008205,sire
NL2007-3728138,CHN2008-17-008205,dam
CHN2014-17-088438,CHN16-17-0161600,sire
CHN2014-17-088530,CHN16-17-0161600,dam
NL2003-0338903,CHN2014-17-088438,sire
CHN2012-17-080027,CHN2014-17-088438,dam
B06-5015157,CHN2014-17-088530,sire
NL2007-3728138,CHN2014-17-088530,dam
CHN2008-17-008906,CHN2016-17-0161575,sire
CHN2015-17-0080760,CHN2016-17-0161575,dam
NL2003-0338903,CHN2008-17-008906,sire
B07-4235891,CHN2008-17-008906,dam
CHN2009-17-004717,CHN2015-17-0080760,sire
CHN2014-17-088505,CHN2015-17-0080760,dam
CHN2015-17-0080618,CHN2016-0500212,sire
CHN2015-17-0080705,CHN2016-0500212,dam
BE09-4303164,CHN2015-17-0080618,sire
B04-3104012,CHN2015-17-0080705,sire
CHN2014-17-088503,CHN2015-17-0080705,dam
CHN2013-17-080813,CHN2017-17-0175109,sire
CHN2014-17-088490,CHN2017-17-0175109,dam
B06-5010157,CHN2013-17-080813,sire
NL07-3728138,CHN2013-17-080813,dam
NL2003-0338903,CHN2014-17-088490,sire
CHN2011-17-080027,CHN2014-17-088490,dam
CHN2017-17-0019987,CHN2018-17-0007952,sire
CHN2016-17-0161600,CHN2018-17-0007952,dam
CHN2008-17-008906,CHN2017-17-0019987,sire
B07-4235891,CHN2017-17-0019987,dam
CHN2014-17-088438,CHN2016-17-0161600,sire
CHN2014-17-088530,CHN2016-17-0161600,dam
B06-5015157,CHN2012-17-080080,sire
B07-4235891,CHN2012-17-080080,dam
CHN2011-17-080038,CHN2013-17-080033,sire
CHN2009-17-002000,CHN2013-17-080033,dam
NL07-1667771,CHN2011-17-080038,sire
CHN2010-17-080025,CHN2011-17-080038,dam
CHN2010-17-080007,CHN2015-17-0080234,sire
CHN2014-17-088531,CHN2015-17-0080234,dam
NL00-0077691,CHN2010-17-080007,sire
NL08-3857034,CHN2010-17-080007,dam
B06-5010157,CHN2014-17-088531,sire
NL07-3728138,CHN2014-17-088531,dam
CHN2010-17-080007,CHN2015-17-0080288,sire
CHN2014-17-088531,CHN2015-17-0080288,dam
CHN2013-17-080813,CHN2015-17-0080775,sire
CHN2014-17-088490,CHN2015-17-0080775,dam
CHN2013-17-080813,CHN2015-17-0080774,sire
CHN2014-17-088490,CHN2015-17-0080774,dam
NL05-6045579,NL11-1592019,sire
BE05-6045589,NL11-1592019,dam
CHN2017-17-0019987,CHN2018-17-0080229,sire
CHN2016-17-0161600,CHN2018-17-0080229,dam
DV6842-13-0176,DV01363-15-523,sire
DV0217-11-0431,DV01363-15-523,dam
DV6842-12-1140,DV6842-13-0176,sire
DV6842-12-1063,DV6842-13-0176,dam
B05-6045302,DV0217-11-0431,sire
DV2118-09-0449,DV0217-11-0431,dam
NL06-5623780,NL2008-2041129,sire
NL07-1203498,NL2008-2041129,dam
NL04-1959220,NL2007-1225735,sire
NL06-6719099,NL2007-1225735,dam
DV09468-04-251,DV08575-05-119,sire
DV07577-96-441,DV08575-05-119,dam
NL05-5510059,NL11-1588358,sire
NL07-5713947,NL11-1588358,dam
NL06-5616956,NL07-5713947,sire
NL05-5510010,NL07-5713947,dam
NL06-1876177,CHN2007-10-531177,sire
NL05-1031864,CHN2007-10-531177,dam
DV04-424-02-0165,CHN09-02-003616,sire
B05-4045210,CHN09-02-003616,dam
CHN09-02-003632,CHN11-17-042801,sire
NL08-2041129,CHN11-17-042801,dam
CHN09-02-003632,CHN11-17-042802,sire
NL08-2041129,CHN11-17-042802,dam
NL07-3713923,CHN08-01-335044,dam
B09-6356733,B10-6339895,sire
B09-6269354,B10-6339895,dam
NL05-6045440,B09-6356733,sire
B07-6376854,B09-6269354,sire
B01-6455003,B07-6399397,sire
NL2002-2373888,NL2009-1377901,sire
NL2002-0280390,NL2009-1377901,dam
CHN2006-03-075859,CHN18-2011-022127,sire
CHN2006-03-075859,CHN18-2013-076565,sire
CHN2004-304988,CHN2006-03-075859,sire
CHN18-2006-011666,CHN2006-03-075859,dam
B06-6154533,NL07-4736443,sire
NL97-2253106,NL07-4736443,dam
B02-6121605,B06-6154533,dam
NL88-2763998,NL97-2253106,sire
B96-6286060,NL97-2253106,dam
NL2005-1405214,CHN09-2012-270071,sire
NL00-1989376,CHN09-2012-270071,dam
NL98-1195681,NL2005-1405214,sire
NL00-1989376,NL2005-1405214,dam
NL96-2638117,NL00-1989376,sire
NL97-5739199,NL00-1989376,dam
HK2005-222419,CHN18-2010-107119,dam
B99-6366880,B2005-5217183,sire
B97-6355026,B2005-5217183,dam
B92-6074663,B97-6355026,sire
B93-2434274,B97-6355026,dam
NL97-2253039,NL00-1211189,sire
NL95-5501199,NL00-1211189,dam
NL92-5310320,NL97-2253039,sire
B96-6286060,NL97-2253039,dam
NL85-105259,NL95-5501199,sire
CHN18-2007-063469,CHN18-2011-001305,sire
HK2005-222419,CHN18-2011-001305,dam
CHN32-2000-056843,CHN18-2007-063469,sire
CHN32-2004-789851,CHN18-2007-063469,dam
CHN11-2006-041933,CHN18-2011-030241,sire
C03-082182,CHN11-2006-041933,sire
C02-112665,CHN11-2006-041933,dam
CHN2006-03-075859,CHN18-2011-022126,sire
B2005-5217183,CHN18-2011-024552,sire
B95-6274425,CHN05-996532,sire
B96-6621624,CHN05-996532,dam
B95-6274425,CHN08-996567,sire
B96-6621624,CHN08-996567,dam
B92-6162744,B95-6274425,sire
B93-6440326,B95-6274425,dam
B98-6210450,B07-6076109,sire
B95-6274425,CHN02-32-000857,sire
CHN2006-26-190874,CHN11-26-000370,sire
CHN2003-26-090030,CHN11-26-000370,dam
D1995-6230635,CHN2006-26-190874,sire
CHN2005-26-000054,CHN2006-26-190874,dam
B1995-6230635,CHN2003-26-090030,sire
ML1994-1143018,CHN2003-26-090030,dam
B95-6274425,CHN05-026442,sire
B93-6440326,CHN05-026442,dam
B95-6274425,B96-6621624,sire
B89-6332101,B96-6621624,dam
CHN03-159038,CHN12-16-273702,dam
NL97-125233813210,CHN03-159038,sire
NL96-1008762,CHN03-159038,dam
CHN09-874053,CHN11-16-289370,sire
DV09-03106-297,CHN11-16-289370,dam
CHN05-602459,CHN09-874053,sire
CHN03-159038,CHN09-874053,dam
DV05-09485-202,DV09-03106-297,sire
DV03-0948-774,DV09-03106-297,dam
B07-6168507,CHN12-000178,sire
B07-6168509,CHN12-000178,dam
B92-5040349,B07-6168507,sire
B85-5096007,B07-6168507,dam
B89-5340010,B07-6168509,sire
B83-53240010,B07-6168509,dam
B99-2036304,CHN07-10-613702,sire
B97-2007559,CHN07-10-613702,dam
B99-2036304,AU06-40028,sire
B01-2137266,AU06-40028,dam
B11-6269962,B13-6319023,sire
B10-6342499,B13-6319023,dam
B10-6358364,B13-6151188,sire
B10-6291386,B13-6151188,dam
B13-6139803,B14-6091991,sire
B13-6139859,B14-6091991,dam
B08-6139992,B14-6091828,sire
B08-6140000,B14-6091828,dam
B08-5169580,B11-5157267,sire
B11-6269962,B14-6091870,sire
B13-6139807,B14-6091870,dam
B07-6337270,B12-6055459,sire
B07-6336568,B12-6055459,dam
CHN05-16-048085,CHN06-16-039844,sire
NL99-1845643,NL02-2373199,sire
B96-6286060,NL02-2373199,dam
NL98-1436441,NL01-1886693,sire
NL99-1107417,NL01-1886693,dam
NL93-1203141,NL02-1834419,sire
NL94-1554574,NL02-1834419,dam
B88-3206112,B96-3156317,sire
B91-3339670,B96-3156317,dam
B01-4500335,CHN06-280860,sire
CHN05-008364,CHN06-280860,dam
B98-6593456,NL00-1211003,dam
CHN05-16-048085,CHN09-16-035586,sire
NL01-1886693,CHN05-022333,sire
NL02-1373199,CHN05-022333,dam
CHN05-16-048093,CHN09-16-035584,sire
CHN08-16-026994,CHN09-16-035584,dam
NL98-7052936,NL07-5710132,sire
B06-3210725,NL07-5710132,dam
NL91-1796568,NL98-7052936,sire
NL96-1935167,NL98-7052936,dam
B03-6086300,B06-3210725,sire
B03-6086031,B06-3210725,dam
B01-6106054,NL08-5806532,sire
B04-6468241,NL08-5806532,dam
B94-6323100,B04-6468241,sire
B02-6256134,B04-6468241,dam
B05-6336685,B11-6240655,sire
B10-6297464,B11-6240655,dam
B03-6086300,B05-6336685,sire
B97-6566561,B05-6336685,dam
B05-6045015,B10-6297464,sire
B08-6338084,B10-6297464,dam
B07-6371013,DV7983-11-2365,dam
B05-6045034,B07-6371013,sire
NL06-1156131,NL11-1892784,sire
NL06-1156124,NL11-1892784,dam
NL00-0007927,NL06-1156131,sire
NL00-0015742,NL06-1156131,dam
NL00-1614450,NL06-1156124,sire
NL00-1614450,NL07-1902024,sire
NL05-1485046,NL07-1902024,dam
NL97-1131420,NL00-1614450,sire
NL97-1131429,NL00-1614450,dam
NL95-9515094,NL05-1485046,sire
NL06-1156131,NL11-1890527,sire
NL06-1156124,NL11-1890527,dam
NL07-1902022,NL08-1706210,sire
NL05-0000772,NL08-1706210,dam
NL02-0276426,NL07-1902022,sire
NL03-2109555,NL07-1902022,dam
NL07-1902019,NL11-2015584,sire
NL07-1902026,NL11-2015584,dam
B05-6052005,NL07-1902019,sire
NL05-0514787,NL07-1902019,dam
B10-3179319,NL11-5000288,sire
B05-3006583,B10-3179319,sire
B04-3069721,B10-3179319,dam
B07-6080056,NL10-1457473,sire
B06-6210844,NL10-1457473,dam
B06-6057121,B07-6080056,sire
B06-6404336,B07-6080056,dam
B97-6390147,B06-6210844,sire
B97-6390153,B06-6210844,dam
B09-6174357,NL10-1457429,sire
B09-6040490,NL10-1457429,dam
B04-6049118,B09-6174357,sire
B06-5188432,B09-6174357,dam
B05-6045015,B09-6040490,sire
B02-6256226,B09-6040490,dam
NL03-1227361,NL06-1156172,sire
NL03-0325570,NL06-1156172,dam
NL00-0015784,NL03-1227361,sire
B01-6380134,NL03-1227361,dam
NL97-9709361,NL03-0325570,sire
B06-6414966,B10-6297756,sire
B05-6453975,B10-6297756,dam
B96-6452295,B06-6414966,sire
B97-6390022,B06-6414966,dam
B95-6246005,B05-6453975,sire
B98-6523289,B05-6453975,dam
B98-6523290,B03-6086029,sire
B97-6390133,B03-6086029,dam
B03-6086289,B04-6095466,sire
B99-6438033,B04-6095466,dam
B03-6086029,B10-6297780,sire
B04-6095466,B10-6297780,dam
BE03-9021198,B11-3173958,sire
NL00-2327117,NL04-2244604,sire
NL05-1793406,NL08-1907246,sire
NL06-1455559,NL08-1907246,dam
NL01-2329128,NL07-1040255,sire
NL03-1533133,NL07-1040255,dam
B95-6274403,NL02-1087442,dam
B91-6227403,B95-6274403,sire
B88-669393788,B95-6274403,dam
B93-6603856,B01-6398573,dam
NL97-2530600,NL2005-2174612,sire
NL01-1398439,NL2005-2174612,dam
NL84-0971578,NL97-2530600,sire
NL93-2778705,NL97-2530600,dam
NL98-2211589,NL01-1398439,sire
NL87-1377300,NL01-1398439,dam
NL00-2467681,CHN2003-16-191848,sire
NL00-2467681,CHN2005-16-128008,sire
CHN2001-16-000230,CHN2005-16-128008,dam
NL00-1616743,CHN2001-16-000230,sire
NL92-2897662,CHN2001-16-000230,dam
NL00-2467681,CHN2008-16-178916,sire
CHN2005-16-128099,CHN2008-16-178916,dam
NL93-2101473,NL00-2467681,sire
NL98-2588500,NL00-2467681,dam
B1997-2167165,CHN2005-16-128099,dam
NL00-2467681,CHN2008-16-178921,sire
CHN2005-16-128099,CHN2008-16-178921,dam
NL00-2467681,CHN2011-16-001667,sire
CHN2005-16-128099,CHN2011-16-001667,dam
NL00-2467681,CHN2011-16-001662,sire
CHN2005-16-128099,CHN2011-16-001662,dam
NL00-2467681,CHN2005-16-128178,sire
CHN2004-16-000342,CHN2005-16-128178,dam
B1997-2167165,CHN2004-16-000342,dam
NL00-2467681,CHN2005-16-128079,sire
CHN2001-16-000230,CHN2005-16-128079,dam
NL95-1965702,CHN2001-16-000001,sire
NL96-2293249,CHN2001-16-000001,dam
NL94-7009668,NL95-1965702,sire
NL91-2274787,NL95-1965702,dam
NL88-1868032,NL96-2293249,sire
NL92-2579869,NL96-2293249,dam
B96-6376199,NL00-1807504,dam
B95-4618918,CHN01-16-118888,dam
NL00-1807504,CHN03-16-191961,dam
NL04-2189483,NL09-5914089,sire
NL05-1533329,NL09-5914089,dam
NL07-2054521,NL08-2138418,dam
B01-3076145,NL08-2138338,sire
B02-4202006,NL08-2138338,dam
B00-6156269,B03-6266523,sire
B00-6156271,B03-6266523,dam
NL06-1763123,NL08-1098677,sire
NL99-2323016,NL08-1098677,dam
NL91-6686787,NL05-1432006,sire
NL01-1304666,NL05-1432006,dam
B92-6162751,NL04-1524230,sire
NL96-2098520,NL04-1524230,dam
NL00-5016682455,NL05-2208993,sire
NL97-2433007,NL05-2208993,dam
NL02-1088162,NL08-2138303,sire
B95-6274306,B03-6457033,sire
B00-6448062,B03-6457033,dam
B03-6257240,B09-6114975,sire
B06-6034734,B09-6114975,dam
B09-6249813,B10-6031989,sire
B08-6177699,B10-6031989,dam
B06-6210990,B2010-6031994,sire
B06-6210990,B10-6031994,sire
B06-6034736,B10-6031994,dam
B02-6183083,B09-6114979,sire
B07-6033018,B09-6114979,dam
B02-6183083,B10-6031988,sire
B07-6033018,B10-6031988,dam
BE08-6177698,B2010-6031966,sire
B09-6040908,B2010-6031966,dam
B12-6023210,B2014-6072370,sire
BE09-6111546,B2014-6072370,dam
B03-6257240,BE09-6111546,sire
B06-6034734,BE09-6111546,dam
B03-6257240,B10-6031957,sire
B06-6034734,B10-6031957,dam
B10-6031970,C16-TL31,dam
B03-6257240,B10-6031970,sire
B06-6034734,B10-6031970,dam
B08-6224270,B10-6031974,sire
B07-6385691,B10-6031974,dam
BE03-6257098,B2005-6173368,sire
B97-6407575,B2005-6173368,dam
B00-6243513,B10-6031968,sire
B96-6240778,B10-6031968,dam
B00-6243513,B2010-6031972,sire
B96-6240778,B2010-6031972,dam
B10-6031772,B12-6023345,sire
B03-6257240,B10-6031968,sire
B06-6034734,B10-6031968,dam
B03-66257231,B10-6031971,sire
B04-6307341,B10-6031971,dam
B03-6257098,B05-6173368,sire
B03-6150214,B05-6173368,dam
B03-6257240,B10-6031972,sire
B06-6034734,B10-6031972,dam
B02-6183152,B09-6114973,sire
B95-6372272,B02-6183152,sire
B98-6427986,B02-6183152,dam
B06-6034709,NL11-1470292,sire
B02-6183084,B06-6034709,dam
B08-6224270,B2010-6031973,sire
B05-6073276,B08-6224270,sire
B06-6034709,B2010-6031961,sire
B06-6034709,B2010-6031962,sire
B05-6176146,B2010-6031954,sire
B06-6404429,B2010-6031954,dam
B98-6335690,B06-6404429,sire
B08-6224270,B2010-6031974,sire
B09-6111599,B10-6031957,sire
B09-6181091,B10-6031957,dam
NL02-0236223,NL09-3021781,sire
NL06-1197207,NL09-3021781,dam
NL01-0132512,NL02-0236223,sire
NL01-0138241,NL02-0236223,dam
BE09-5186754,CHN13-26225908,sire
NL08-2020815,CHN13-26225908,dam
NL02-5255446,NL08-2020815,sire
NL06-5624028,NL07-5719772,sire
NL06-1569738,NL07-5719772,dam
NL08-2020815,CHN15-26-0055102,dam
BE09-5186754,CHN12-26-066206,sire
NL08-2020815,CHN12-26-066206,dam
NL07-2007621,NL12-1784422,sire
NL09-1647005,NL12-1784422,dam
NL04-5435151,NL09-1647005,sire
NL05-1909293,NL09-1647005,dam
NL02-5255446,NL09-1647113,sire
NL05-1909331,CHN15-26-034569,dam
NL02-5255446,NL05-1909331,sire
NL03-5340930,NL05-1909331,dam
BE09-5186754,CHIN26-12-066290,sire
NL08-2020815,CHIN26-12-066290,dam
NL07-2007621,NL12-1784312,sire
NL09-1647005,NL12-1784312,dam
NL02-5255446,NL06-5632178,sire
BEL13-6070739,CHN15-26-0055204,dam
BE09-6107016,BEL13-6070739,sire
BE08-6031083,BEL13-6070739,dam
NL08-1350151,CHN11-26-162737,dam
NL02-5255446,NL08-1350151,sire
NL02-5255446,NL11-5000568,sire
NL08-1350151,CHN12-26-066252,dam
NL02-5255446,NL10-1083072,sire
NL08-2020822,NL10-1083072,dam
NL08-1350151,CHN12-26-066227,dam
B98-5075434,B09-5061614,dam
B95-5283434,B98-5075434,sire
B92-5000052,B98-5075434,dam
NL02-5255446,NL10-1082796,sire
NL08-2020822,NL10-1082796,dam
B00-2408703,BEL02-5051207,sire
BEL95-5208339,BEL02-5051207,dam
CHN13-26-225911,CHN14-26-134214,sire
B06-5150432,CHN14-26-134214,dam
NL05-5535809,CHN13-26-225911,dam
B98-5001452,B06-5150432,sire
B04-5026055,B06-5150432,dam
CHN12-26-066227,CHN14-26-134210,sire
B06-5150162,B07-5080672,sire
B05-5148430,B07-5080672,dam
NL02-5255446,NL09-1647222,sire
NL02-5255446,NL09-1647221,sire
DV01769-08-974,CHN11-26-162708,sire
DV0-09341-98-770,DV01769-08-974,sire
DV01769-97-27,DV01769-08-974,dam
NL02-5255446,NL09-1647128,sire
NL03-5340885,NL08-2021365,sire
NL07-5719726,NL09-5919260,sire
NL05-2033640,NL13-1630055,sire
NL09-1647005,NL13-1630055,dam
BE01-6516456,NL05-2033640,sire
BE01-6380371,NL05-2033640,dam
NL05-2033640,NL13-5305300,sire
NL09-1647005,NL13-5305300,dam
NL05-2033640,NL13-1630015,sire
NL09-1647005,NL13-1630015,dam
NL10-1082796,CHN14-26-134265,sire
BEL13-6070739,CHN15-26-0055051,dam
NL05-1909331,CHN13-26-225869,dam
NL09-4210139,CHN13-26-148827,dam
NL02-5255446,NL09-4210139,sire
NL01-5163844,NL09-4210139,dam
CHN12-26-066227,CHN14-26-134230,sire
NL11-1159868,NL13-1867799,sire
NL09-1647005,NL13-1867799,dam
NL99-1585505,NL11-1159868,sire
NL00-1122178,NL11-1159868,dam
NL11-1159868,NL13-1585151,sire
NL09-1647005,NL13-1585151,dam
NL09-1647005,NL14-1604806,dam
NL09-1647005,BEL15-6288003,dam
B01-5010306,B06-5150016,sire
B00-4065900,B06-5150016,dam
B93-50100190,B00-5271057,dam
B97-5267259,B04-5026032,sire
B06-5188442,B14-2105846,dam
B08-5086874,B06-5188442,sire
B01-3268904,B06-5188442,dam
B13-3123658,B17-3104222,sire
B13-3123631,B17-3104222,dam
B04-3198658,B13-3123658,sire
B09-3150184,B13-3123658,dam
B12-3124518,B13-3123631,sire
B10-3157567,B13-3123631,dam
NL06-1597799,DV03145-12-1382,sire
NL09-5916479,DV03145-12-1382,dam
NL94-2227820,NL06-1597799,sire
NL99-5971370,NL09-5916479,sire
NL05-5533357,NL09-5916479,dam
B98-3158062,B05-3227376,sire
B03-6381698,B05-3227376,dam
NL97-5748385,NL05-1725136,sire
NL99-1316003,NL05-1725136,dam
B04-3238463,NL12-1665499,sire
B04-3230865,NL12-1665499,dam
B03-3003334,B04-3238463,sire
B00-3200623,B04-3238463,dam
B01-3031007,B04-3230865,sire
B03-3003390,B04-3230865,dam
DV02098-02-525,DV03145-11-50,sire
DV02098-95-12,DV02098-02-525,sire
B11-6265152,B13-6080856,sire
DV6218-07-1000,DV07983-10-400,sire
B03-6086335,DV07983-10-400,dam
B06-1597788,DV6218-07-1000,sire
B02-6503556,DV6218-07-1000,dam
B95-6246005,B03-6086335,sire
B97-6390083,B03-6086335,dam
NL07-1260621,NL11-1143216,sire
NL07-1261607,NL11-1143216,dam
NL02-2320642,NL07-1260621,sire
NL05-1989978,NL07-1260621,dam
B05-3224581,NL07-1261607,sire
B05-3224559,NL07-1261607,dam
NL06-1412588,NL09-2090303,sire
NL05-1749508,NL09-2090303,dam
B02-3003539,NL06-1412588,sire
B98-3158091,NL06-1412588,dam
B00-3200640,NL05-1749508,sire
NL10-1984130,NL14-1258354,sire
NL10-1961591,NL14-1258354,dam
NL06-1412588,NL10-1984130,sire
NL08-1869135,NL10-1984130,dam
NL97-1962137,NL10-1961591,sire
NL09-1502098,NL10-1961591,dam
DV02098-07-659,DV03236-12-679,sire
DV02098-10-1497,DV03236-12-679,dam
DV07237-09-402,DV03145-13-836,sire
DV03145-11-50,DV03145-13-836,dam
DV02098-99-802,DV07237-09-402,sire
DV02098-04-1463,DV07237-09-402,dam
DV02098-07-216,DV03145-11-50,dam
B07-3141523,B10-3059495,sire
B04-3099032,B10-3059495,dam
B03-3131084,B07-3141523,sire
NL2006-1295403,B07-3141520,sire
B10-3059491,B07-3141520,dam
B07-6440011,B15-6177162,sire
B12-6246486,B15-6177162,dam
B00-6032078,B07-6440011,sire
B03-6437146,B07-6440011,dam
B07-6140038,B15-6177152,sire
B06-6185566,B15-6177152,dam
B03-5064682,B12-5064293,sire
B11-5092132,B12-5064293,dam
B10-6346583,B12-5095913,sire
B10-5074047,B12-5095913,dam
B05-2046711,B10-2216027,sire
B05-2046714,B10-2216027,dam
DV03236-11-280,DV03236-12-587,sire
DV03236-09-1053,DV03236-12-587,dam
DV03236-10-1330,DV03236-11-280,sire
DV03236-07-621,DV03236-11-280,dam
DV03236-07-1,DV03236-09-1053,sire
DV03236-04-329,DV03236-09-1053,dam
NL05-1725108,NL08-1847749,sire
NL05-1725136,NL08-1847749,dam
NL07-1064488,NL09-1486265,sire
NL07-1002702,NL09-1486265,dam
DV07237-09-402,DV03145-13-1085,sire
B08-6238859,B10-6212408,sire
B09-6238374,B10-6212408,dam
NL09-1734571,NL11-1588774,sire
NL05-1220342,NL11-1588774,dam
DV03236-08-494,DV03236-09-1020,sire
DV02098-08-523,DV03236-09-1020,dam
DV03236-11-100,DV03236-12-581,sire
DV02098-08-507,DV03236-12-581,dam
DV07159-08-247,DV03236-11-100,dam
B08-5174277,B11-5000599,sire
BE10-4253376,CHN2013-03-138254,dam
BE07-4138802,BE10-4253376,sire
B08-6385529,B11-6091886,dam
B01-6455003,B08-6385529,sire
B07-6399401,B08-6385529,dam
NL04-4784444,CHN2012-03-507788,dam
B11-3028684,NL16-1872831,sire
NL14-1934217,NL16-1872831,dam
B09-6111718,B11-3028684,sire
B10-6359182,B14-6112646,sire
B12-6321646,B14-6112646,dam
B03-2313053,B11-2083377,sire
B08-2040295,B11-2083377,dam
B06-2017419,B13-2044649,sire
B04-2292962100,B13-2044649,dam
D03661-94-100,B02-2060716,sire
B96-6515027,B05-2046711,sire
B92-2488909,B05-2046711,dam
B03-2035944,B05-2046714,sire
B04-2018544,B05-2046714,dam
DV02098-05-580,DV02098-14-1370,sire
NL13-1646019,DV02098-14-1370,dam
NL08-0000001,NL13-1646019,sire
NL00-0000001,NL13-1646019,dam
CHN10-03-002421,CHN2012-03-506862,sire
CHN10-03-002370,CHN2012-03-506862,dam
CHN04-03-110510,CHN10-03-002370,sire
NL06-1843764,DV03145-13-659,sire
DV07237-09-220,DV03145-13-659,dam
NL00-1499166,NL06-1843764,sire
NL05-1936510,DV07237-09-220,sire
NL07-5572589,DV07237-09-220,dam
DV02098-03-1070,DV03145-11-441,sire
DV07237-09-416,DV03145-11-441,dam
DV02098-95-12,DV02098-03-1070,sire
DV02098-93-665,DV02098-03-1070,dam
DV02098-99-802,DV07237-09-416,sire
DV07237-02-428,DV07237-09-416,dam
B06-2017419,B14-2195441,sire
B11-21318965,B14-2195441,dam
B08-2226653,B13-2044603,sire
B09-2130560,B13-2044603,dam
B05-2046758,B08-2226653,dam
B13-6096405,B16-6066710,sire
B12-6225356,B16-6066710,dam
B03-6226043,B13-6096405,sire
B11-6261575,B13-6096405,dam
B11-6119038,B12-6225356,dam
B14-6305706,NL16-1783956,sire
NL15-1111062,NL16-1783956,dam
B11-6091894,B14-6305706,sire
B13-6075898,B14-6305706,dam
NL09-5919633,NL10-1152327,sire
NL09-1102428,NL10-1152327,dam
B07-6369511,B08-6368066,sire
B07-6369507,B08-6368066,dam
NL13-1544966,NL16-1799212,sire
NL13-1545019,NL16-1799212,dam
NL11-5526275,NL13-1544966,sire
NL05-0559809,NL08-1767149,sire
NL06-0762852,NL08-1767149,dam
NL97-1863278,NL08-1285938,sire
NL03-1408050,NL08-1285938,dam
DV01769-08-204,DV2012-01769-304,dam
DV04715-03-442,DV01769-08-204,dam
DV02934-07-701,DV2012-01769-220,dam
DV03055-06-933,DV02934-07-701,sire
DV03055-05-696,DV02934-07-701,dam
DV01769-08-963,DV2012-01769-304,sire
DV01769-05-123,DV2012-01769-304,dam
DV08530-99-114,DV01769-05-123,sire
DV02098-98-684,DV01769-05-123,dam
NL03-1135047,NL2009-1214861,sire
NL07-1847797,NL2009-1214861,dam
NL01-1886536,NL03-1135047,sire
NL99-2360220,NL03-1135047,dam
NL03-5301441,NL07-1847797,sire
NL06-1078569,NL07-1847797,dam
NL03-1135500,NL2006-2162233,sire
NL01-1886692,NL2006-2162233,dam
NL98-1215809,NL03-1135500,sire
NL95-1942000,NL03-1135500,dam
NL03-1103686,NL2006-2162351,sire
NL98-1215801,NL2006-2162351,dam
NL96-8006005,NL03-1103686,sire
NL96-8006009,NL03-1103686,dam
NL89-1315056,NL98-1215801,sire
NL92-1194703,NL98-1215801,dam
NL03-1135382,NL2005-1394818,sire
NL03-1135415,NL2005-1394818,dam
NL98-1215918,NL03-1135382,sire
NL92-1194703,NL03-1135382,dam
NL97-1523719,NL03-1135415,sire
NL02-1635264,NL03-1135415,dam
NL97-1523786,NL2005-1394823,sire
B04-6267227,NL2005-1394823,dam
NL87-2117886,NL97-1523786,sire
NL92-1194606,NL97-1523786,dam
NL01-1886621,NL2006-2162376,sire
NL98-1215892,NL2006-2162376,dam
NL98-1215809,NL01-1886621,sire
NL98-1215865,NL01-1886621,dam
NL94-1424854,NL98-1215892,sire
NL95-1942000,NL98-1215892,dam
NL11-3038967,NL12-3209401,sire
NL11-3013805,NL12-3209401,dam
NL08-2070848,NL11-3038967,sire
NL07-1230181,NL11-3038967,dam
B07-6099407,NL11-3013805,sire
NL05-6138077,NL11-3013805,dam
B1982-6380170,B1995-6230635,sire
DV1993-143975,B1995-6230635,dam
DV1993-1439975,B1995-6230635,dam
CHN2010-26-099996,CHN2012-26-099435,sire
CHN2009-26-188114,CHN2010-26-099996,sire
CHN2006-26-139912,CHN2010-26-099996,dam
CHN2007-26-001399,CHN2010-26-099996,dam
CHN2007-26-002281,CHN2009-26-188114,sire
B2001-2190395,CHN2009-26-188114,dam
B1995-6230635,CHN2007-26-001399,sire
NL2005-2103430,CHN2007-26-001399,dam
B1997-6165917,B2010-6038252,sire
B2002-6091855,B2010-6038252,dam
B1982-6380170,B1997-6165917,sire
B1994-6214446,B1997-6165917,dam
B1992-6074328,B2002-6091855,sire
B1995-6230638,B2002-6091855,dam
NL1998-1403340,B2005-3191042,sire
B2000-3106326,B2005-3191042,dam
B1999-4500907,CHN2010-26-000136,sire
CHN2006-26-009860,CHN2012-26-099439,sire
CHN2006-26-009916,CHN2012-26-099439,dam
B2001-3031243,CHN2006-26-009860,sire
B1998-3158264,CHN2006-26-009860,dam
NL2001-1124548,CHN2006-26-009916,sire
NL1998-5845612,CHN2006-26-009916,dam
NL1999-1910933,CHN2012-26-099996,sire
CHN2011-26-099829,CHN2012-26-099996,dam
NL2000-5042692,NL1999-1910933,sire
CHN2005-26-189226,NL1999-1910933,dam
CHN2007-32-875355,CHN2011-26-099829,sire
CHN2005-26-189218,CHN2011-26-099829,dam
B2005-3191042,CHN2007-32-875355,dam
NL1998-5805083,CHN2005-26-189218,dam
B1994-6214450,B2009-6358264,sire
B2007-6076174,B2009-6358264,dam
B1989-6305821,B1994-6214450,dam
B1998-6210287,B2007-6076174,sire
B2004-6276670,B2007-6076174,dam
IF1999-008870,CHN2006-26-190971,sire
B1998-5075454,CHN2006-26-190971,dam
NL1994-1380745,IF1999-008870,sire
CHN2008-26-002865,CHN2011-26-099901,sire
CHN2009-26-191093,CHN2011-26-099901,dam
NL1999-5906124,CHN2009-26-191093,sire
B1997-5267265,CHN2006-26-139904,sire
B1998-5075454,CHN2006-26-139904,dam
B05-4045080,CHN2009-26-000279,sire
B05-4333765,CHN2009-26-000279,dam
NL1999-1910933,CHN2009-26-188188,sire
CHN2008-26-190205,CHN2009-26-188188,dam
NL1998-5850621,NL1999-1910933,sire
NL1997-1037218,NL1999-1910933,dam
NL2002-1294169,CHN2008-26-190205,dam
CHN2011-26-100055,CHN2012-26-099787,sire
CHN2011-26-100001,CHN2012-26-099787,dam
CHN2009-26-181035,CHN2011-26-100055,sire
CHN2006-26-139904,CHN2011-26-100055,dam
CHN2010-26-099878,CHN2011-26-100001,sire
B1995-6230635,CHN2002-26-015147,sire
NL1994-1143018,CHN2002-26-015147,dam
CHN2004-26-111051,CHN206-26-186029,sire
B1998-5075454,CHN206-26-186029,dam
B1998-5075521,CHN2004-26-111051,sire
B1998-5075454,CHN2004-26-111051,dam
B2001-5010384,CHN2008-26-002878,dam
B1998-5075454,B2001-5010384,dam
B05-4045080,CHN2009-26-000280,sire
B05-4333765,CHN2009-26-000280,dam
B1999-4288739,CHN2007-27-002343,sire
CHN2006-26-139912,CHN2007-27-002343,dam
NL1999-1910933,CHN2009-188040,sire
CHN2007-32-875386,CHN2009-188040,dam
CHN2004-10-578269,CHN2007-32-875386,sire
IF2005-13780,CHN2007-32-875386,dam
CHN2006-26-001458,CHN2007-26-875355,sire
CHN2005-26-189226,CHN2007-26-875355,dam
T2002-302363,CHN2006-26-001458,sire
B2005-3191042,CHN2006-26-001458,dam
NL2002-2114430,CHN2005-26-189226,dam
T2003-302363,CHN2006-26-001458,sire
CHN2010-04-060132,CHN2012-26-099499,sire
B2010-6038252,CHN2012-26-099499,dam
B2006-6267096,CHN2010-04-060132,dam
B2009-6248450,B2010-6038252,sire
B1994-6214446,B2010-6038252,dam
B2003-6266119,B2010-6038255,sire
B2006-6267300,B2010-6038255,dam
B1996-6615170,B2003-6266119,sire
B1987-2297197,B2003-6266119,dam
B1998-6210450,B2006-6267300,sire
B2001-6255231,B2006-6267300,dam
B1993-5010004,CHN2006-26-111914,sire
B1991-5110266,B1993-5010004,dam
B1999-5118824,CHN2007-26-001310,sire
CHN2006-26-139912,CHN2010-26-099878,dam
NL1999-1910933,CHN2009-26-000047,sire
CHN2009-26-246108,CHN2009-26-000047,dam
B2000-4475857,NL1999-1910933,dam
CHN2006-26-187089,CHN2009-26-246108,sire
CHN2000-26-053011,CHN2009-26-246108,dam
B1995-6230635,CHN2002-26-010923,sire
B2007-4373762,B2010-4322625,sire
B2008-4346244,B2010-4322625,dam
CHN2007-26-002282,CHN2011-26-099888,sire
CHN2006-26-139912,CHN2011-26-099888,dam
CHN2009-26-246108,CHN2009-000048,dam
CHN2007-26-002282,CHN2011-26-099878,sire
CHN2006-26-139912,CHN2011-26-099878,dam
NL1999-1910933,CHN2010-26-099991,sire
CHN2009-26-246108,CHN2010-26-099991,dam
CHN2007-26-002310,CHN2011-26-099802,dam
NL2000-1489219,CHN2007-26-002310,sire
NL1997-1870078,CHN2007-26-002310,dam
NL2001-0108538,CHN2007-26-067031,sire
NL2005-2041303,CHN2007-26-067031,dam
CHN2006-26-186029,CHN2012-26-099808,sire
CHN2006-26-111914,CHN2012-26-099808,dam
CHN2004-26-111051,CHN2006-26-186029,sire
B1998-5075454,CHN2006-26-186029,dam
CHN2010-26-099996,CHN2012-26-099536,sire
CHN2006-26-139912,CHN2009-26-188114,dam
B1995-6230635,CHN2007-26-002281,sire
B2001-2190395,CHN2007-26-002281,dam
NL1999-1910933,CHN2011-26-100200,sire
CHN2009-26-188188,CHN2011-26-100200,dam
B1997-5166341,CHN2005-26-090194,sire
CHN2004-26-111052,CHN2005-26-090194,dam
B1998-5075521,CHN2004-26-111052,sire
B1998-5075454,CHN2004-26-111052,dam
CHN2007-26-002282,CHN2010-26-099888,sire
CHN2006-26-139912,CHN2010-26-099888,dam
CHN2007-26-002282,CHN2010-26-100000,sire
CHN2006-26-139912,CHN2010-26-100000,dam
B1995-6230635,CHN2007-26-002282,sire
B2001-2190395,CHN2007-26-002282,dam
CHN2007-26-001294,CHN2009-188106,sire
CHN2006-26-139904,CHN2009-188106,dam
CHN2007-26-002282,CHN2011-26-100119,sire
CHN2006-26-139912,CHN2011-26-100119,dam
CHN2005-26-090167,CHN2007-26-140814,sire
CHN2006-26-000010,CHN2007-26-140814,dam
B1993-5010004,CHN2005-26-090167,sire
B1991-5110266,CHN2005-26-090167,dam
B1989-6158654,CHN2006-26-000010,sire
B1997-6327448,CHN2006-26-000010,dam
NL2005-2041303,CHN2008-26-229989,dam
IT2000-000878,CHN2012-26-067192,sire
CHN2011-26-099888,CHN2012-26-100000,sire
CHN2002-26-015147,CHN2012-26-100000,dam
B2001-2190395,CHN2011-26-099888,dam
B2000-2125118,CHN2002-26-015147,sire
B2001-4088509,CHN2002-26-015147,dam
CHN2009-26-188114,CHN2010-26-089145,sire
CHN2009-26-188033,CHN2010-26-089145,dam
NL1999-5906124,CHN2009-26-188033,sire
CHN2007-26-067031,CHN2011-26-180523,sire
CHN2005-26-163679,CHN2011-26-180523,dam
NL2001-1184395,CHN2005-26-163679,sire
NL2002-2114430,CHN2005-26-163679,dam
CHN2006-26-009954,CHN2007-26-001339,sire
CHN2006-26-009938,CHN2007-26-001339,dam
NL1994-1380745,CHN2006-26-009954,sire
NL1993-2652867,CHN2006-26-009954,dam
B1998-5075834,CHN2006-26-009938,sire
B1997-5166322,CHN2006-26-009938,dam
CHN2003-26-089085,CHN2011-099605,sire
B2005-3191042,CHN2011-099605,dam
CHN2007-26-002281,CHN2009-26-188115,sire
CHN2006-26-139912,CHN2009-26-188115,dam
T2003-224604,CHN2008-26-002616,sire
B2005-3191042,CHN2008-26-002616,dam
CHN2007-26-002282,CHN2011-26-100109,sire
CHN2006-26-009833,CHN2011-26-100109,dam
NL2000-5063358,CHN2006-26-009833,sire
B1997-3305936,CHN2006-26-009833,dam
CHN2007-26-001280,CHN2011-26-100011,dam
CHN2007-26-002282,CHN2011-26-000091,sire
CHN2006-26-009833,CHN2011-26-000091,dam
CHN2007-26-002282,CHN2011-26-000092,sire
CHN2006-26-009833,CHN2011-26-000092,dam
CHN2007-26-002282,CHN2011-26-000099,sire
CHN2007-26-001399,CHN2011-26-000099,dam
CHN2007-26-002282,CHN2011-100102,sire
CHN2008-26-002282,CHN2011-100102,dam
CHN2007-26-002282,CHN2011-26-100072,sire
CHN2007-26-001310,CHN2011-26-100072,dam
CHN2006-26-139912,CHN2011-26-100098,dam
CHN2009-26-181035,CHN2011-26-100087,sire
CHN2008-26-002283,CHN2011-26-100087,dam
B1995-6230635,CHN2009-26-181035,sire
B2001-2190395,CHN2009-26-181035,dam
CHN2007-32-875386,CHN2008-26-002283,dam
CHN2009-26-188114,CHN2011-26-100007,sire
B2010-6038252,CHN2011-26-100007,dam
CHN2005-26-090194,CHN2012-26-099484,sire
CHN2009-26-188106,CHN2012-26-099484,dam
CHN2007-26-001294,CHN2009-26-188106,sire
B1997-6362058,CHN2009-26-188106,dam
CHN2009-26-181035,CHN2011-26-100090,sire
CHN2007-26-001310,CHN2011-26-100090,dam
CHN2007-26-002282,CHN2009-26-181035,sire
B1993-5169865,CHN2007-26-001310,sire
B2001-2190395,CHN2007-26-001310,dam
CHN2007-26-067069,CHN2012-26-099586,sire
CHN2011-26-099843,CHN2012-26-099586,dam
IF1999-008870,CHN2007-26-067069,sire
NL2002-1616137,CHN2007-26-067069,dam
CHN2006-26-190971,CHN2011-26-099843,sire
NL2002-1115106,CHN2011-26-099843,dam
CHN2009-26-265247,CHN2011-26-099802,sire
CHN2006-26-099922,CHN2009-26-265247,sire
NL1999-1189109,CHN2009-26-265247,dam
CHN2005-26-005804,CHN2007-26-002310,dam
B05-3176580,B12-3162844,sire
B10-4325612,B12-3162844,dam
B11-3170528,B12-3088095,sire
B11-2018422,B12-3088095,dam
B01-3031065,B11-3170528,sire
B09-3095237,B11-3170528,dam
B06-3204735,B11-2018422,dam
B05-3006569,B12-3162852,sire
B08-3192649,B12-3162852,dam
B00-3076246,B12-3162846,sire
B07-3153014,B12-3162846,dam
B05-6453038,NL10-1707358,sire
NL05-1400812,NL10-1707358,dam
NL09-1192958,NL10-1707397,sire
NL08-1545406,NL10-1707397,dam
BELG97-2450691,CHN08-26-177800,sire
CHN08-26-177790,CHN10-26-069818,sire
CHN00-26-002008,CHN10-26-069818,dam
B86-6616231,B01-6153894,sire
B99-6151715,B01-6153894,dam
B86-6616231,B01-6528328,sire
B99-6151873,B01-6528328,dam
NL13-1066791,DV01734-18-220,sire
B07-6363291,B2010-6297673,sire
B06-2103942,B2010-6297673,dam
B07-6033105,B11-6331037,sire
B07-6033149,B11-6331037,dam
CHN2006-26-113798,CHN13-26-266678,sire
CHN2012-15-330522,CHN13-26-266678,dam
NL08-1350154100,CHN12-26-039196,sire
NL98-2005532,NL08-1350154100,sire
NL98-2005540,NL08-1350154100,dam
CHN2002-26-186867,CHN2008-26-227576,sire
BELG00-4532502,B05-4113825,sire
BELG01-4456901,B05-4113825,dam
B02-4432376,B04-4295650,sire
BELG01-4340089,B04-4295650,dam
NL92-5205404,NL96-5664751,sire
NL93-2733029,NL96-5664751,dam
B91-6227403,B93-6685204,sire
B88-6603937,B93-6685204,dam
B2002-3025838,NL2005-1405599,sire
B2002-613888,NL2005-1405599,dam
B1992-3138647,B2002-3025838,sire
B1995-3336674,B2002-3025838,dam
B1996-6140714,B2002-613888,sire
B1999-6308257,B2002-613888,dam
CHN2002-26-186867,CHN2007-26-044608,sire
CHN2001-26-000619,CHN2007-26-044608,dam
NL96-5664751,CHN2002-26-186867,sire
NL93-2733029,CHN2002-26-186867,dam
NL05-1405599,CHN07-01-281877,sire
NL05-1405468,CHN07-01-281877,dam
CHN2006-26-113798,CHN2012-26-039178,sire
CHN2001-26-000619,CHN2012-26-039178,dam
CHN2002-26-186867,CHN2012-26-039145,sire
CHN2001-26-000619,CHN2012-26-039145,dam
B91-6227403,CHN2001-26-000619,sire
B88-6603937,CHN2001-26-000619,dam
B1995-3336674,NL2005-1405599,dam
CHN2006-26-113798,CHN2014-26-536282,sire
CHN2013-26-266777,CHN2014-26-386681,sire
CHN2012-26-039145,CHN2014-26-386681,dam
CHN2006-26-113798,CHN2013-26-266777,sire
CHN2008-26-227576,CHN2013-26-266777,dam
CHN2006-26-113798,CHN2012-26-039091,sire
CHN2001-26-000619,CHN2012-26-039091,dam
CHN1999-26-185872,CHN2008-26-227576,dam
BE96-3156189,NL08-1350154,sire
BE95-3211431,NL08-1350154,dam
NL96-5664751,CHN2006-26-113798,sire
B93-6685204,CHN2006-26-113798,dam
CHN2001-26-000619,CHN12-26-039090,dam
NL99-1386345,NL2006-144444,sire
NL02-1056207,NL2006-144444,dam
NL10-1272411,CHN2015-01-1416278,sire
NL10-1271093,CHN2015-01-1416278,dam
B03-6192564,NL10-1271093,sire
B07-6363800,NL10-1271093,dam
CHN13-26-185751,CHN16-26-0613634,sire
CHN2012-09-270625,CHN16-26-0613634,dam
CHN05-26-160120,CHN13-26-185751,sire
NL99-4300530,CHN13-26-185751,dam
CHN05-26-160120,CHN2012-09-270625,sire
CHN09-26-183046,CHN2012-09-270625,dam
B13-4011466,BE09-4114996,dam
B00-450911810,B13-4011466,sire
B04-4019957,B13-4011466,dam
B07-6033153,NL12-1696199,sire
B06-5115199,NL12-1696199,dam
B06-6148128,B11-6094048,sire
B09-6268916,B11-6094048,dam
NL05-167868608,NL07-2081307,sire
NL04-1120318,NL07-2081307,dam
NL03-1443583,NL05-167868608,sire
NL02-1959433,NL05-167868608,dam
NL02-1956313,NL04-1120318,sire
NL03-1440849,NL04-1120318,dam
B05-9054212,B11-8007344,sire
B07-8008134,B11-8007344,dam
B02-9155841,B05-9054212,sire
B02-9155815,B05-9054212,dam
B99-8037761,B07-8008134,sire
B04-1035199,B07-8008134,dam
B13-2118550,B14--6236957,sire
B13-2140865,B14--6236957,dam
B05-2079395,B13-2118550,sire
B04-2258045,B13-2118550,dam
B12-2098065,B13-2140865,sire
B11-2131237,B13-2140865,dam
NL1995-1134558,NL2001-1176304,sire
NL1995-2034483,NL2001-1176304,dam
NL1993-1816321,CHN2009-26-188511,sire
NL1995-1136187,CHN2009-26-188511,dam
B01-4237419,B07-4216994,sire
B02-4428040,B07-4216994,dam
B01-4237509,B07-4372474,sire
B02-3228815,B07-4372474,dam
B15-3150437,NL18-1540346,sire
B16-4151205,NL18-1540346,dam
B06-3008003,B15-3150437,sire
B10-4325612,B15-3150437,dam
NL13-4186003,B16-4151205,sire
B14-4009078,B16-4151205,dam
BE05-6176146,B11-6331041,sire
B07-2055171,B10-2045207,sire
B98-2061410,B07-2055171,sire
B99-2036005,B07-2055171,dam
B12-3088242,NL17-1730337,sire
B15-3150429,NL17-1730337,dam
B13-3056024,B15-3150429,sire
B14-3067141,B15-3150429,dam
BE05-6176146,B14-6072435,sire
B03-6460062,B10-6143153,sire
B07-6229162,B10-6143153,dam
B00-6301617,B03-6460062,dam
B05-6451851,B07-6229162,sire
B02-6354135,B07-6229162,dam
BE11-6119017,BE12-4163567,sire
BE11-6341424,BE12-4163567,dam
BE11-6119017,BE12-4163568,sire
BE11-6341424,BE12-4163568,dam
B04-5065642,B10-5182720,sire
B06-5100935,B10-5182720,dam
B94-4407032,B04-5065642,sire
B03-5241862,B04-5065642,dam
B05-5213962,B06-5100935,sire
B00-6545684,B06-5100935,dam
B04-5065642,B11-4234480,sire
B08-4147279,B11-4234480,dam
B02-4467741,B08-4147279,sire
B02-4152645,B08-4147279,dam
B06-2082239,B08-2040375,sire
B05-2142780,B08-2040375,dam
NL2010-2032729,NL13-1541917,sire
NL2011-1966657,NL13-1541917,dam
B08-3018287,B14-3017459,sire
B01-3012376,B08-3018287,sire
B96-4391907,BE05-4130434,dam
B90-4002926,B96-4391907,dam
B10-2045388,B14-2216470,sire
B06-2082050,B14-2216470,dam
NL04-5431146,NL13-1506217,sire
B10-6347254,NL13-1506217,dam
NL01-5166226,NL04-5431146,sire
NL02-5252114,NL04-5431146,dam
B08-6385220,B10-6347254,sire
B09-6356713,B10-6347254,dam
B12-3088242,NL18-1540355,sire
B15-3150429,NL18-1540355,dam
B15-3150437,NL18-1540436,sire
B12-3160797,NL18-1540436,dam
B11-4291405,B15-3025151,sire
B99-3199708,B04-3230961,sire
B98-6523076,B04-3230961,dam
B06-3008003,B12-3127566,sire
CHN2002-10-176557,CHN2006-10-292605,sire
B89-3160827,BE10-5031134,sire
NL05-1909293,BE10-5031134,dam
B03-5071667,NL11-5000568,dam
B06-6166694,B11-6238550,dam
B07-6030505,B08-6175084,sire
B07-6030454,B08-6175084,dam
B01-6179482,B06-6346193,sire
B94-6366929,B01-6179482,sire
B92-6243625,B01-6179482,dam
B05-6446902,B09-6040520,sire
B01-6380137,B09-6040520,dam
B09-6323130,B13-6215941,sire
B12-6140551,B13-6215941,dam
B08-6298348,B09-6323130,sire
B08-6297117,B09-6323130,dam
B07-6399108,B12-6140551,sire
B07-6364195,B12-6140551,dam
B05-6336610,B11-6240638,sire
B05-6336673,B11-6240638,dam
B00-6367002,B05-6336610,sire
B02-6256036,B05-6336610,dam
B97-6390146,B05-6336673,sire
B03-6385696,B05-6336673,dam
B09-6040128,B10-6297317,sire
B06-6210228,B10-6297317,dam
B06-6414966,B09-6040128,sire
B05-6453975,B09-6040128,dam
B03-6086029,B06-6210228,sire
B99-6438082,B06-6210228,dam
B08-9037405,B12-9052792,dam
B03-9064031,B08-9037405,sire
B08-4280370,B14-4032071,sire
B06-4281864,B14-4032071,dam
B00-4282578,B08-4280370,sire
B05-3202164,B08-4280370,dam
B03-4384258,B06-4281864,sire
B05-4126313,B06-4281864,dam
B11-4246099,B14-4032055,sire
B08-4280368,B14-4032055,dam
B12-4175048,B14-4032057,sire
B11-4246150,B14-4032057,dam
B13-4035076,B14-4032059,sire
B13-4035080,B14-4032059,dam
B08-4280370,B14-4230067,sire
B13-4035017,B14-4230067,dam
B13-4035115,B14-4032065,dam
B11-4246099,B14-4032079,sire
B08-4280368,B14-4032079,dam
B08-4347342,B14-4032063,sire
B08-4347396,B14-4032063,dam
B05-4325774,B14-4032061,sire
B10-4275511,B14-4032061,dam
B99-3285099,B07-3008321,sire
B02-3011303,B07-3008321,dam
B88-3206112,B99-3285099,sire
B91-3363821,B99-3285099,dam
B08-2022252,B15-2148333,sire
B08-2022103,B15-2148333,dam
B11-2041652,B15-2148329,dam
B06-2120227,B11-2041601,sire
B06-2120166,B11-2041601,dam
B05-2181525,B06-2120227,sire
B03-2151865,B06-2120227,dam
B99-2379279,B06-2120166,sire
B07-2043810,B13-2182121,sire
B11-2189147,B13-2182121,dam
B08-6338039,B12-6142830,sire
B04-6449206,B12-6142830,dam
B96-6492541,B04-6449206,sire
B02-6256155,B04-6449206,dam
B06-6156013,B12-6312380,sire
B07-6112258,B12-6312380,dam
B99-6542294,B07-6112258,sire
B98-6398007,B07-6112258,dam
B2003-2251642,B2005-2147817,sire
B2003-2251069,B2005-2147817,dam
B04-6211853,B08-6026536,sire
B06-6397739,B08-6026536,dam
B07-6272714,B09-6121296,sire
B02-6088194,B09-6121296,dam
NL13-1313850,B15-6100713,sire
B11-6082882,B15-6100713,dam
B12-6321683,B16-6140511,sire
B11-6333518,B16-6140511,dam
NL01-5149723,NL06-5631169,sire
B00-6549690,NL06-5631169,dam
B05-5123022,NL10-1771730,sire
B06-5115199,NL10-1771730,dam
NL93-2098521,NL99-2512691,sire
NL98-2221530,NL99-2512691,dam
NL84-97570384,NL93-2098521,sire
NL84-975732,NL93-2098521,dam
NL88-1133848,NL98-2221530,sire
NL95-1394821,NL98-2221530,dam
B08-6338005,B15-6091495,sire
B11-6240225,B15-6091495,dam
B05-6045015,B08-6338005,sire
B08-6338519,B11-6240225,sire
B08-6368009,B11-6240225,dam
DV04287-05-362,B13-6122564,sire
B11-6240375,B13-6122564,dam
DV0825-97-178,DV04287-05-362,sire
DV04287-03-40,DV04287-05-362,dam
B03-6086005,B11-6240375,sire
B01-6380378,B11-6240375,dam
B08-6224270,B10-6031760,sire
B15-6026285,B17-6025583,sire
B14-6175212,B17-6025583,dam
B14-6175237,B15-6026285,sire
B07-6221587,B15-6026285,dam
B09-6248231,B14-6175212,sire
B11-6282424,B14-6175212,dam
B13-2065028,B17-60025071,sire
B11-6282212,B17-60025071,dam
B10-2155301,B13-2065028,sire
B09-2214825,B13-2065028,dam
B08-6174626,B11-6282212,sire
B06-6411619,B11-6282212,dam
B15-6026285,B18-6015774,sire
B15-6026038,B18-6015774,dam
B13-6026112,B15-6026038,sire
B09-6248545,B15-6026038,dam
B09-6396624,NL13-1032933,sire
NL08-1299771,NL13-1032933,dam
B05-6045015,B09-6396624,sire
B05-6453975,B09-6396624,dam
B05-6451192,NL08-1299771,sire
B02-6269982,NL08-1299771,dam
NL13-1032933,NL15-1520729,sire
NL13-1072092,NL15-1520729,dam
NL11-1226500,NL13-1072092,sire
NL11-4227753,NL13-1072092,dam
B04-6470741,B11-6240349,sire
B08-6374766,B11-6240349,dam
B97-6390147,B04-6470741,sire
B98-6522029,B04-6470741,dam
B94-6495178,B11-6261691,sire
B09-6130504,B11-6261691,dam
B03-6226043,B09-6130504,sire
B06-6110237,B09-6130504,dam
B10-6166217,B12-6225026,sire
B09-6130460,B12-6225026,dam
B02-4479161,B10-6166217,sire
B05-6221065,B10-6166217,dam
B08-6245262734,B09-6130460,sire
B06-6154559,B09-6130460,dam
B14-6175321,B17-6025425,sire
B15-6287033,B17-6025425,dam
B09-6248087,B14-6175321,sire
B08-6144332,B15-6287033,sire
B12-6196217,B17-6025423,sire
B15-6026460,B17-6025423,dam
B11-6238561,B12-6196217,dam
B09-6248087,B15-6026460,sire
B07-6051530,B13-6122390,dam
B08-6259264,B11-6226283,sire
B08-6259251,B11-6226283,dam
B01-6179283,B08-6259251,sire
B07-5035391,B08-6259251,dam
DV03789-12-0440,DV06744-14-0288,dam
DV03789-07-1043,DV03789-12-0440,sire
DV08689-11-0409,DV03789-12-0440,dam
DV06744-09-0118,DV02412-16-0143,sire
DV02412-2009-0412,DV02412-16-0143,dam
NL08-1918165,DV06744-09-0118,sire
DV06744-07-0908,DV06744-09-0118,dam
DV02412-04-0382,DV02412-2009-0412,sire
NL05-1663702,DV02412-2009-0412,dam
DV02412-11-0286,DV02412-16-0113,dam
DV06744-08-0403,DV02412-11-0286,sire
DV06744-09-0123,DV02412-11-0286,dam
DV01553-12-0457,DV02412-16-0109,sire
DV06744-12-0814,DV02412-16-0109,dam
DV01553-01-0368,DV01553-12-0457,sire
DV01553-06-0051,DV01553-12-0457,dam
DV02412-11-0228,DV06744-12-0814,sire
DV02412-09-0405,DV06744-12-0814,dam
DV00210-14-0440,DV02412-16-0059,sire
DV03789-09-0749,DV02412-16-0059,dam
DV00210-06-0242,DV00210-14-0440,sire
BE09-6358190,DV00210-14-0440,dam
DV06744-14-0261,DV02412-16-0049,sire
DV02412-13-0500,DV02412-16-0049,dam
DV02412-04-0382,DV06744-14-0261,sire
DV03789-13-0636,DV06744-14-0261,dam
DV02412-2010-0355,DV02412-13-0500,sire
DV02412-10-0354,DV02412-13-0500,dam
DV06744-09-0118,DV02412-15-0336,sire
DV02412-09-0441,DV02412-15-0336,dam
DV02412-05-0308,DV02412-09-0441,sire
NL07-2070319,DV02412-09-0441,dam
DV06744-14-0273,DV02412-15-0235,sire
DV02412-11-0292,DV02412-15-0235,dam
DV06744-09-0118,DV06744-14-0273,sire
DV02412-2009-0412,DV06744-14-0273,dam
DV06744-04-0516,DV02412-11-0292,dam
DV06744-06-0384,DV02412-14-1403,sire
DV02412-09-0441,DV02412-14-1403,dam
DV01850-98-0508,DV06744-06-0384,sire
DV07237-03-1407,DV06744-06-0384,dam
DV06744-06-0384,DV02412-14-1369,sire
DV02412-09-0441,DV02412-14-1369,dam
B13-4078510,B16-4136953,sire
B14-4260241,B16-4136953,dam
B05-4362298,B13-4078510,sire
B04-4417780,B13-4078510,dam
B10-4095160,B14-4260241,sire
B12-3053826,B14-4260241,dam
B14-4007055,B16-4108354,sire
B14-4264500,B16-4108354,dam
B08-4163098,B14-4007055,sire
B09-4259054,B14-4007055,dam
B06-4149046,B14-4264500,sire
B09-4259012,B14-4264500,dam
B13-4078510,B16-4136954,sire
B14-4260241,B16-4136954,dam
B14-4007055,B16-4136960,sire
B14-4007043,B16-4136960,dam
B06-4149046,B14-4007043,sire
B09-4259012,B14-4007043,dam
B04-6472084,B14-6240859,sire
B11-6332488,B14-6240859,dam
B03-6277418,B11-6332488,sire
B10-6052292,B11-6332488,dam
B98-6216290,B03-6277418,sire
B02-6315014,B03-6277418,dam
B06-6270117,B10-6052292,dam
B93-5321071,CHN00-09-005553,sire
B96-5091932,CHN00-09-005553,dam
B96-6126960,B00-6178738,sire
B10-6251585,B15-6090978,sire
B13-6221425,B15-6090978,dam
B03-6277418,B10-6251585,sire
B02-6315014,B10-6251585,dam
B08-6091122,B13-6221425,sire
B10-6251601,B15-6090971,sire
B04-6472084,B10-6251601,sire
B02-6315014,B10-6251601,dam
B10-6251525,B11-6108686,sire
B03-6277405,B11-6108686,dam
B03-6277418,B10-6251525,sire
NL08-1628683,B10-6251525,dam
B06-6255081,B16-6076797,sire
B12-6157200,B16-6076797,dam
B03-6277418,B06-6255081,sire
B03-6277485,B06-6255081,dam
B10-6251541,B12-6157200,sire
B06-6302534,B12-6157200,dam
B10-6052443,B11-6282095,dam
B2006-6149916,B2012-6321322,sire
B07-6369510,B2012-6321322,dam
B2001-6455003,B2006-6149916,sire
B2000-6440232,B2006-6149916,dam
B09-6248546,B12-6196325,sire
B09-6248277,B12-6196325,dam
B01-6387350,B09-6248546,sire
B06-6270152,B09-6248277,sire
B08-6174628,B09-6248277,dam
DV01949-86-100,DV01055-98-840,sire
DV01055-83-251,DV01055-98-840,dam
DV01055-92-894,DV01055-97-111,sire
DV01055-94-1236,DV01055-97-111,dam
B2000-4131855,B2006-6149916,dam
B2004-6073665,B2007-6369510,sire
B2003-6192822,B2007-6369510,dam
B2001-6387350,B2005-6234094,sire
B06-6154937,NL08-1844573,sire
NL06-1386111,NL08-1844573,dam
B01-6153818,B06-6154937,sire
B01-6153628,B06-6154937,dam
B03-6086005,B11-6240221,sire
B04-6095860,B11-6240221,dam
B96-6286083,B04-6095860,sire
B99-6000159,B04-6095860,dam
B05-6045481,DV0824-10-845,sire
DV0135-09-910,DV0824-10-845,dam
B03-6192564,B05-6045481,sire
B00-6141430,B05-6045481,dam
B05-6045522,DV0135-09-910,sire
B05-6045374,DV0135-09-910,dam
CHN2006-09-002684,CHN2007-09-425138,dam
CHN03-09-021140,CHN2006-09-002684,sire
CHN2004-09-152721,CHN2006-09-002684,dam
B89-6150123,B00-6552874,sire
B93-6440308,B00-6552874,dam
B1999-6448053,BELG2006-6270345,sire
B1994-6522251,B1999-6448053,sire
B2004-3001834,NL2009-1728696,sire
B2007-3199929,NL2009-1728696,dam
POR13-3102115,POR2016-6525299,sire
POR10-373500,POR2016-6525299,dam
POR03-3699616,POR13-3102115,sire
NL07-1374803,POR13-3102115,dam
B04-6468678,POR10-373500,sire
POR07-7144573,POR10-373500,dam
BE2008-6117259,NL2011-1086406,sire
NL2009-1572603,NL2011-1086406,dam
NL2002-5238791,NL2007-1953617,sire
NL2004-2174956,NL2007-1953617,dam
NED2004-2157971,NL2006-1171476,dam
NL2007-1954063,NL2008-1676971,sire
NL2007-1954014,NL2008-1676971,dam
BE2010-6345101,NL2011-1245715,sire
BE2009-6267049,NL2010-1856191,sire
BE2009-6267167,NL2010-1856191,dam
B13-3138104,B15-3058346,sire
B12-3142054,B15-3058346,dam
NL11-1742484,B13-3138104,sire
NL11-1742819,B13-3138104,dam
B11-6244606,B12-3142054,sire
NL11-1742824,B12-3142054,dam
NL00-2102678,NL04-0428933,sire
B07-6060447,B08-6134070,sire
B04-6277729,B08-6134070,dam
NL08-1986884,NL10-1048384,sire
NL07-1146687,NL10-1048384,dam
NL09-1613306,NL10-1048316,sire
NL08-1986888,NL10-1048316,dam
B09-3095111,B14-3067005,sire
B10-9039333,B14-3067005,dam
B09-2056107,B14-2330445,sire
B09-5039832,B14-2330445,dam
B14-6305755,B15-6281227,sire
B12-6321608,B15-6281227,dam
B00-3195099,B07-3008347,dam
B09-2100552,B11-2076125,sire
B05-3006565,B11-2076125,dam
B04-5136212,B08-5169580,sire
B04-6265233,B08-5169580,dam
B09-6269108,B12-6123199,sire
B08-6050132,B12-6123199,dam
B05-6332256,B07-6219537,sire
B05-6332261,B07-6219537,dam
B02-6436443,B11-5064641,sire
B03-5175401,B11-5064641,dam
B10-2024097,B12-3088009,sire
B05-3224593,B11-2452180,sire
B06-2452361,B11-2452180,dam
B08-5011069,B14-2155420,dam
B07-6369518,B13-6310317,dam
B12-6123807,B14-6305755,sire
B13-6310312,B14-6305755,dam
B08-6139996,B15-4100123,sire
B12-6254038,B15-4100123,dam
DV02098-08-520,DV02098-16-234,sire
DV04153-15-777,DV02098-16-234,dam
DV02098-08-88,DV02098-16-212,sire
DV02098-06-500,DV02098-16-212,dam
B08-5169581,B12-5164536,dam
DV02098-09-2121,DV03236-15-533,sire
DV03236-13-632,DV03236-15-533,dam
DV02098-08-520,DV02098-15-383,sire
B05-6336528,B12-6142421,sire
B02-5252200,B05-6336528,sire
DV03236-08-100,DV03236-12-114,sire
DV03236-11-1115,DV03236-12-114,dam
DV02098-08-77,DV02098-14-1597,sire
B08-6372843,B13-6122816,sire
B11-2085371,B13-6122816,dam
B11-6240231,B12-6142198,sire
B11-6240234,B12-6142198,dam
B04-6470741,B11-6240234,sire
B08-6374766,B11-6240234,dam
B06-6362154,NL10-1332244,sire
B07-6050300,NL10-1332244,dam
B09-6269145,B10-6358984,sire
B07-6367908,B10-6358984,dam
DV02098-08-520,DV02098-15-13,sire
DV02098-11-200,DV02098-15-13,dam
DV02098-14-1370,DV03236-15-523,sire
DV02098-13-731,DV03236-15-523,dam
B07-2103401,B13-2172851,sire
B08-5119510,B13-2172851,dam
NL10-1332244,NL13-1955182,sire
DV02098-09-2121,DV03236-13-1000,sire
DV02098-13-399,DV03236-15-528,sire
DV02098-08-679,DV03236-15-528,dam
B10-5176568,B12-5028914,sire
B11-5093747,B12-5028914,dam
B05-6449966,NL13-1955184,sire
B06-6148105,NL13-1955184,dam
B10-6154954,B16-6126823,sire
B07-6387689,B16-6126823,dam
B08-6098373,B10-6154954,sire
B99-6030541,B10-6154954,dam
B04-6046033,B07-6387689,sire
B04-6046035,B07-6387689,dam
B10-6172283,B11-6329222,sire
B02-6416579,B11-6329222,dam
B12-6321686,B12-6321312,sire
B12-1168728,B12-6321312,dam
B06-6405232,B13-2172476,sire
B10-2192630,B13-2172476,dam
B06-6154559,B10-6166273,dam
B08-5042339,B12-5157467,sire
NL10-4226217,B12-5157467,dam
B12-6324879,B14-6305800,sire
B13-5101139,B14-6305800,dam
B02-4479161,B09-6130501,sire
B05-6221065,B09-6130501,dam
B99-6151734,B10-6166285,sire
B03-6226397,B10-6166285,dam
B12-6123556,B13-5153740,sire
B12-6321646,B13-5153740,dam
B07-5050181,B10-5176569,sire
B06-5010250,B10-5176569,dam
B05-6126121,B12-6125381,sire
B08-6098435,B12-6125381,dam
B05-6126121,B09-6086665,sire
B05-6126200,B09-6086665,dam
B04-6073608,B16-6166845,sire
B06-6405183,B16-6166845,dam
NL13-1394851,NL16-1770720,sire
DV0824-15-400,NL16-1770720,dam
B13-5091986,B15-2199088,sire
B14-2127901,B15-2199088,dam
B12-5157467,B15-2199032,sire
B14-6305800,B15-2199032,dam
B11-6265426,B13-6080857,sire
B11-6265426,B13-6080858,sire
NL98-1933528,NL09-1674403,dam
B04-6431081,B05-6444319,sire
B04-6430906,B05-6444319,dam
B98-6278036,B2006-6351011,sire
B98-6589910,B2006-6351011,dam
B92-6162746,B98-6278036,sire
B91-6227456,B98-6278036,dam
B95-6274320,B98-6589910,sire
B91-6680418,B98-6589910,dam
B00-6553131,B2005-6265618,sire
B03-6485765,B2005-6265618,dam
BE95-6274317,B00-6553131,sire
B95-6274330,B00-6553131,dam
B97-6592444,B03-6485765,sire
B91-6227405,B03-6485765,dam
NL12-1694617,C2013-20-009980,sire
C2011-20-000168,C2013-20-009980,dam
B10-6246149,NL12-1694617,sire
B03-6486765,NL12-1694617,dam
B2004-6470280,B2006-6056066,sire
B2004-6470278,B2006-6056066,dam
B95-6274320,B2004-6470280,sire
B02-6478464,B2004-6470280,dam
B1995-6274320,B2004-6470278,sire
B2002-647846495,B2004-6470278,dam
AU09-143,AU10-689,dam
AU04-2911,AU09-143,sire
NL03-0375941,NL08-3821981,sire
B99-4500907,B07-2135346,sire
B96-4391925,B07-2135346,dam
B96-4271517,B03-4290073,sire
B99-4500907,B03-2035936,sire
B96-4391925,B03-2035936,dam
BELG04-3177322,CHN11-20-001567,sire
B05-2005000,CHN10-20-001998,sire
B07-4116398,CHN10-20-001998,dam
B03-4290108,B05-2005000,sire
B03-4290083,B05-2005000,dam
B99-2017823,B07-4116398,dam
BE06-6052334,BE08-6134050,dam
BE04-6277729,BE06-6052334,dam
DV06720-07-856,DV06720-08-1205,sire
DV06720-06-481,DV06720-08-1205,dam
DV06720-98-559,DV06720-07-856,sire
DV06720-00-245,DV06720-07-856,dam
DV06720-02-537,DV06720-06-481,sire
DV06720-05-220,DV06720-06-481,dam
B94-2484274,B95-5262837,sire
B94-2061292,B95-5262837,dam
B87-2610261,B96-2184506,sire
B91-2258063,B96-2184506,dam
B94-2118004,B03-2140240,sire
B01-04696118,B03-2140240,dam
B92-6053856,B94-2118004,sire
B92-2310504,B94-2118004,dam
B99-2378877,B01-04696118,sire
B99-2378727,B01-04696118,dam
BE03-3241938,BE05-2143486,sire
BE01-2137017,BE05-2143486,dam
BE98-3158062,BE03-3241938,sire
BE00-3195099,BE03-3241938,dam
BE91-2306170,BE01-2137017,sire
BE00-2178285,BE01-2137017,dam
BE91-3300396,BE02-3001372,sire
BE94-3150044,BE02-3001372,dam
BE88-3340032,BE91-3300396,sire
BE88-3398899,BE91-3300396,dam
BE86-3216228,BE94-3150044,sire
BE89-3312618,BE94-3150044,dam
BE00-3001349,BE04-3000129,sire
BE03-3000706,BE04-3000129,dam
BE96-3001787,BE00-3001349,sire
BE99-3010263,BE00-3001349,dam
BE91-300396,BE03-3000706,sire
BE96-3210217,BE03-3000706,dam
CHN2011-20-008407,CHN2014-20-001342,sire
NL07-1463713,CHN2014-20-001342,dam
NL05-2041440,CHN2011-20-008407,sire
NL07-1463713,CHN2011-20-008407,dam
CHN2011-20-008407,CHN2016-08166,sire
NL07-1463713,CHN2016-08166,dam
CHN2011-20-008407,CHN2016-26-0500268,sire
NL07-1463713,CHN2016-26-0500268,dam
CHN2011-20-008407,CHN2017-00-8000025,sire
NL07-1463713,CHN2017-00-8000025,dam
CHN2017-00-8001842,CHN2018-00-H000100,sire
CHN2016-26-0500268,CHN2018-00-H000100,dam
CHN2011-20-008407,CHN2018-00-H000023,sire
NL07-1463713,CHN2018-00-H000023,dam
CHN2011-20-008407,CHN2018-00-H000024,sire
NL07-1463713,CHN2018-00-H000024,dam
CHN2011-20-008407,CHN2018-00-H000011,sire
NL07-1463713,CHN2018-00-H000011,dam
CHN2011-20-008407,CHN2018-00-H000025,sire
NL07-1463713,CHN2018-00-H000025,dam
CHN2011-20-008407,CHN2018-00-H000022,sire
NL07-1463713,CHN2018-00-H000022,dam
CHN2011-20-008407,CHN2017-00-8002547,sire
NL07-1463713,CHN2017-00-8002547,dam
B14-6091763,C17-00-2004911,sire
B14-6091763,C17-00-8000001,sire
B14-6091763,C17-00-2004908,sire
SGP14-141900,C17-00-2004908,dam
BE06-3061226,SGP14-141900,sire
BE05-3006772,SGP14-141900,dam
B14-6091763,C16-05118,sire
BE06-3061226,C16-20-0060169,sire
BE05-3006772,C16-20-0060169,dam
BE06-3061226,C15-20-0017000,sire
BE05-3006772,C15-20-0017000,dam
BE06-3061226,C15-20-0006897,sire
BE05-3006772,C15-20-0006897,dam
BE06-3061226,C15-20-0001399,sire
BE05-3006772,C15-20-0001399,dam
BE06-3061226,C12-20-041444,sire
BE05-3006772,C12-20-041444,dam
BE06-3061226,S14-141899,sire
BE05-3006772,S14-141899,dam
B06-4039189,B09-4104829,dam
B98-6278036,B06-6056116,sire
DV07883-97-296,DV07883-01-0483,sire
DV07883-00-9978,DV07883-01-0483,dam
BELG94-4578837,BELG06-2059369,sire
BELG94-4438209,BELG06-2059369,dam
BELG2008-4270288,B11-4097261,sire
BELG2010-4258192,B11-4097261,dam
BELG2004-4231740,BELG2008-4270288,sire
BELG2002-4025206,BELG2008-4270288,dam
BELG1992-4144252,BELG2010-4258192,sire
BELG1992-4144265,BELG2010-4258192,dam
B04-3230936,B10-2216095,sire
B06-2233543,B10-2216095,dam
B00-3200601,B04-3230936,dam
B03-2148310,B06-2233543,sire
B05-2218693,B06-2233543,dam
NL97-1716278,NL2008-1016501,sire
NL04-2147064,NL2008-1016501,dam
NL93-5383224,NL97-1716278,sire
NL92-5212284,NL97-1716278,dam
NL93-5383224,NL04-2147064,sire
NL98-1326845,NL04-2147064,dam
NL1997-9747422,CHN06-22-1010737,sire
NL87-8791870,NL1997-9747422,sire
NL87-8791846,NL1997-9747422,dam
NL03-0349333,NL2011-1867685,sire
NL09-1331885,NL2011-1867685,dam
NL00-0052445,NL03-0349333,sire
NL98-9848172,NL03-0349333,dam
NL05-05344554,NL09-1331885,sire
NL04-0442747,NL09-1331885,dam
NL02-1826753,NL2004-1484243,sire
NL96-2604660,NL2004-1484243,dam
NL96-9618799,NL02-1826753,sire
NL97-9782596,NL02-1826753,dam
NL91-1633955,NL96-2604660,sire
NL93-2153128,NL96-2604660,dam
B10-5182707,NL2011-1406877,sire
B10-2141283,NL2011-1406877,dam
B08-5165460,B10-5182707,sire
B10-5020450,B10-5182707,dam
B08-4347450,B10-2141283,dam
NL00-1537267,NL2005-2029907,sire
NL99-4436639,NL2005-2029907,dam
NL94-1322489,NL00-1537267,sire
NL95-2642442,NL00-1537267,dam
NL96-5663396,NL99-4436639,sire
NL96-2605492,NL99-4436639,dam
NL02-1826753,NL2004-1484242,sire
NL96-2604660,NL2004-1484242,dam
NL00-2178226,NL2004-1484193,dam
NL96-9618807,NL00-2178226,sire
NL99-9966242,NL00-2178226,dam
NL06-1160994,NL2007-1349860,sire
NL06-5611330,NL2007-1349860,dam
NL98-5812162,NL06-1160994,sire
NL01-2055992,NL06-1160994,dam
NL02-1266200,NL06-5611330,sire
NL04-1704945,NL06-5611330,dam
NL05-2029943,NL2006-1691548,sire
NL04-1484243,NL2006-1691548,dam
NL02-1027650,NL05-2029943,sire
NL04-1706348,NL05-2029943,dam
NL02-1826753,NL04-1484243,sire
NL96-2604660,NL04-1484243,dam
NL04-2211188,NL2008-3828809,sire
NL04-2211129,NL2008-3828809,dam
NL00-0052411,NL04-2211188,sire
NL03-0349315,NL04-2211188,dam
NL97-1729993,NL04-2211129,sire
NL97-9780881,NL04-2211129,dam
NL04-2211188,NL2008-3828810,sire
NL04-2211129,NL2008-3828810,dam
NL00-005241,NL04-2211188,sire
NO03-0349315,NL04-2211188,dam
B03-4135844,B2010-4316430,sire
B04-4437257,B2010-4316430,dam
B99-4393579,B03-4135844,sire
B99-4365080,B03-4135844,dam
B03-4430921,B04-4437257,dam
B01-4484396,B08-3088037,sire
B03-3049849,B08-3088037,dam
B99-4500907,B01-4484396,sire
B99-4365030,B01-4484396,dam
B94-3253127,B03-3049849,sire
B97-3303087,B03-3049849,dam
NL2000-1985693,NL06-1075702,sire
NL01-5150190,NL06-1075702,dam
NL05-1901936,NL08-2013788,sire
NL05-1979174,NL08-2013788,dam
NL04-1562610,NL05-1901936,sire
NL04-1354641,NL05-1901936,dam
NL02-1117565,NL05-1979174,sire
NL04-1296194,NL05-1979174,dam
NL95-1972464,NL99-2388518,dam
B05-3006661,B10-3182898,dam
B02-3003592,B05-3006661,sire
B00-3219661,B05-3006661,dam
NL97-2252909,NL05-1937011,sire
B98-6593456,NL05-1937011,dam
NL88-2763998,NL97-2252909,sire
B81-6116734,NL97-2252909,dam
B94-6081753,B98-6593456,sire
B91-6183106,B98-6593456,dam
B04-5065631,BE08-5068218,sire
B03-5241862,B04-5065631,dam
NL08-2088342,NL11-1186834,sire
NL09-1728628,NL11-1186834,dam
NL04-1432243,NL08-2088342,sire
B06-6410633,NL08-2088342,dam
B05-6040452,NL09-1728628,sire
B04-6073654,NL09-1728628,dam
B01-6182211,B08-5116104,sire
B07-5080068,B08-5116104,dam
B2001-5010600,B07-5080068,sire
B1999-5091084,B07-5080068,dam
B98-6593456,NL07-1207847,dam
NL02-5251731,NL11-1185684,sire
NL98-5821416,NL02-5251731,sire
B09-2213452,B11-2178083,sire
BE94-6495178,BE04-6231867,sire
BE97-6362266,BE04-6231867,dam
BE86-6616231,BE94-6495178,sire
BE93-5188111,BE94-6495178,dam
BE94-6495178,BE97-6362266,sire
BE93-6383612,BE97-6362266,dam
NL97-1863159,NL02-1920086,sire
NL93-1339833,NL02-1920086,dam
B03-6226250,B08-6245310,dam
B08-3079194,DV09127-09-37,sire
NL08-1549040,DV09127-09-37,dam
BE02-6121679,BE03-6226060,dam
BE05-6221265,BE08-6245306,sire
BE00-6532194,BE08-6245306,dam
BE99-6151735,BE05-6221265,sire
BE99-6151796,BE05-6221265,dam
BE86-6616231,BE00-6532194,sire
BE96-6307033,BE00-6532194,dam
B94-6261205,B97-6330135,sire
B94-6261231,B97-6330135,dam
NL03-1407973,NL05-1893759,sire
NL02-1920172,NL05-1893759,dam
NL94-9493589,NL03-1407973,sire
NL99-1209894,NL03-1407973,dam
B07-5098425,B10-5110107,sire
B06-5010133,B10-5110107,dam
B03-2140239,B07-5098425,sire
B01-6213118,B06-5010133,sire
B00-2168778,B06-5010133,dam
NL02-1949755,B04-3099192,sire
B99-3020005,B04-3099192,dam
B96-6598538,NL02-1949755,sire
B01-3076093,NL02-1949755,dam
B92-3138647,B99-3020005,sire
B93-3010103,B99-3020005,dam
B97-2378787,B07-2015400,dam
B07-6110211,B08-6245422,sire
B03-6226190,B08-6245422,dam
BE05-6450529,BE08-2030472,sire
BE04-6470289,BE08-2030472,dam
NL99-1107508,NL04-1011071,sire
NL98-1436313,NL04-1011071,dam
B07-6110723,BE08-6245245,sire
B05-6221288,BE08-6245245,dam
B94-6495178,B07-6110723,sire
B04-6472086,B07-6110723,dam
BE07-6110285,BE08-6245420,sire
B05-6221293,BE08-6245448,sire
B99-6151930,BE08-6245448,dam
B01-9015115,B07-9086436,sire
B01-6153818,B08-6245430,sire
B05-6221267,B08-6245430,dam
B99-6151618,B08-6245444,sire
B04-6231854,B08-6245444,dam
B86-6616231,B99-6151618,sire
B97-3305936,B99-6151618,dam
B97-66362086,B04-6231854,sire
B01-6153803,B04-6231854,dam
NL99-1107508,NL05-1574885,sire
NL98-1436313,NL05-1574885,dam
BE01-9015115,B04-9071990,sire
BE01-9015149,B04-9071990,dam
NL00-4047586,NL06-1240209,sire
NL01-4103587,NL06-1240209,dam
NL97-1754202,NL00-4047586,sire
NL99-1107503,NL00-4047586,dam
B06-6154798,B08-6245406,sire
B05-6221085,B08-6245406,dam
B90-6237714,B02-6121715,sire
B96-6307183,B02-6121715,dam
B88-6163547,B90-6237714,sire
B88-6163589,B90-6237714,dam
B90-6237584,B96-6307183,sire
B89-6324199,B96-6307183,dam
B98-3024819,B05-3006875,sire
B96-3156104,B05-3006875,dam
B88-3206112,B98-3024819,sire
B91-3204036,B98-3024819,dam
B90-3119120,B96-3156104,sire
B91-3204220,B96-3156104,dam
BE00-3200607,BE03-3241957,sire
B99-3285081,BE03-3241957,dam
B98-6210106,B08-6158289,sire
B02-6091494,B08-6158289,dam
B89-6479635,B98-6210106,sire
B84-0000002,B98-6210106,dam
B92-6074328,B02-6091494,sire
B99-2370428,B02-6091494,dam
B04-6276464,B08-6364791,sire
B07-6076363,B08-6364791,dam
B94-6214446,B04-6276464,dam
B03-6266119,B07-6076363,sire
B04-6276377,B07-6076363,dam
CHN2007-22-739820,CHN2012-22-771640,sire
CHN2004-32-538606,CHN2012-22-771640,dam
CHN2012-22-771640,CHN2015-22-481566,sire
CHN2008-22-842604,CHN2015-22-481566,dam
CHN2012-22-771640,CHN2015-32-1398264,sire
CHN2011-22-093308,CHN2015-32-1398264,dam
CHN2012-22-673663,CHN2016-22-0770838,sire
CHN2011-22-093308,CHN2016-22-0770838,dam
CHN2004-32-538606,CHN2012-22-673663,dam
CHN2012-22-673663,CHN2016-22-0770831,sire
CHN2011-22-093308,CHN2016-22-0770831,dam
CHN2004-32538606,CHN2012-22-673663,dam
CHN2012-22-673663,CHN2016-22-0770837,sire
CHN2011-22-093308,CHN2016-22-0770837,dam
C05-155899,C14-22-1057673,sire
C05-155899,C13-22-1087623,sire
NL06-1016518,NL07-1766707,sire
NL06-1016550,NL07-1766707,dam
B08-6144284,NL10-1537433,sire
NL07-1180555,NL10-1537433,dam
B04-6058303,B08-6144284,sire
B03-6287245,B08-6144284,dam
B05-3006862,NL07-1180555,sire
NL05-1909257,NL07-1180555,dam
T13-125436,CHN2015-22-0028331,dam
NL09-1231166,NL10-1727944,sire
NL99-2388635,NL10-1727944,dam
NL98-1716251,NL99-2388635,sire
B97-6035966,B2007-6206329,sire
B06-6052332,B2007-6206329,dam
B85-6567043,B97-6035966,sire
B88-6163015,B97-6035966,dam
NL08-1117967,NL10-1288628,sire
NL06-1763894,NL10-1288628,dam
NL91-5021209,NL08-1117967,sire
NL03-1934875,NL08-1117967,dam
NL99-1870071,NL06-1763894,sire
NL01-1411910,NL06-1763894,dam
NL05-1991155,NL10-1166943,sire
NL01-1195762,NL10-1166943,dam
NL98-2004377,NL05-1991155,sire
NL04-1562967,NL05-1991155,dam
NL99-2517642,NL01-1195762,sire
NL95-1155662,NL01-1195762,dam
NL07-1552489,NL10-1437883,sire
NL07-1552376,NL10-1437883,dam
NL02-1319512,NL07-1552489,sire
NL99-2004475,NL07-1552489,dam
NL00-1632891,NL07-1552376,sire
NL01-1551027,NL07-1552376,dam
BE09-6249988,B2012-6196313,sire
BE10-6346673,B2012-6196313,dam
B08-6174630,BE10-6346673,sire
B06-6270117,BE10-6346673,dam
NL07-2148862,NL09-5917873,sire
NL06-2166123,NL09-5917873,dam
NL04-2235355,NL07-2148862,sire
NL99-1658694,NL07-2148862,dam
NL00-1217821,NL06-2166123,sire
NL01-2367998,NL09-1485142,sire
NL00-1028977,NL09-1485142,dam
NL95-5579510,NL01-2367998,sire
NL98-1678468,NL01-2367998,dam
NL10-1437883,CHN2015-22-0019967,sire
DV06723-10-746,CHN2015-22-0019967,dam
B07-6381411,B09-6238001,sire
B88-6163015,B09-6238001,dam
B96-6086300,B07-6381411,sire
B91-6183124,B07-6381411,dam
B97-6548709,B88-6163015,sire
B97-4483920,B88-6163015,dam
BE05-5148195,BE11-5010979,sire
BE08-5061955,BE11-5010979,dam
BE00-4443884,BE05-5148195,sire
BE99-5091083,BE05-5148195,dam
BE07-5080547,BE08-5061955,sire
BE03-5071667,BE08-5061955,dam
NL06-1838524,NL10-1285419,sire
NL06-1838531,NL10-1285419,dam
B07-6147042,B10-6212263,sire
B08-6238860,B10-6212263,dam
B05-6300565,B07-6147042,sire
B03-6384606,B07-6147042,dam
B02-6270286,B08-6238860,sire
B97-4483920,B08-6238860,dam
B09-6240929,B17-6146534,sire
B14-6175810,B17-6146534,dam
B94-6093632,B09-6240929,sire
B07-6140250,B09-6240929,dam
B05-6306292,B14-6175810,sire
B06-6185492,B14-6175810,dam
B12-3162833,NL17-1848896,sire
B16-3138722,NL17-1848896,dam
B05-3006503,B12-3162833,sire
B06-3008003,B16-3138722,sire
B09-4331525,B16-3138722,dam
NL05-2012149,NL13-1724178,sire
NL07-4475005,NL13-1724178,dam
NL02-2310141,NL05-2012149,sire
NL03-1988735,NL05-2012149,dam
NL98-2028456,NL07-4475005,sire
NL03-1565072,NL07-4475005,dam
NL04-1389747,DV07367-11-419,sire
NL06-1569744,DV07367-11-419,dam
B99-4393519,NL04-1389747,sire
NL99-1498721,NL06-1569744,sire
NL00-2373103,NL06-1569744,dam
NL04-2140475,NL10-1285419,sire
B07-3199902,NL10-1285419,dam
B10-4039081,B12-3112813,sire
B09-3099297,B12-3112813,dam
B04-4427498,B10-4039081,sire
B06-4238678,B10-4039081,dam
B04-3000159,B09-3099297,sire
B07-3014789,B09-3099297,dam
B11-6108728,B16-6076774,sire
RO07-633979,RO12-0806045,sire
RO09-00600,RO12-0806045,dam
NL02-1616214,RO07-633979,sire
B04-2025095,RO09-00600,sire
B14-6195247,B15-6080549,sire
B14-6195208,B15-6080549,dam
B11-6110086,B14-6195247,dam
B09-6080627,B14-6195208,sire
B07-6125166,B14-6195208,dam
DV2583-07-659,CHN2011-22-559999,sire
B06-6334655,CHN2011-22-559999,dam
NL08-1336406,NL11-1554374,sire
NL08-1336438,NL11-1554374,dam
NL04-2140475,NL08-1336406,sire
B07-3199902,NL08-1336406,dam
NL07-1611627,NL08-1336438,sire
NL07-1611654,NL08-1336438,dam
NL10-1285419,CHN2015-22-0019918,sire
NL10-1493095,CHN2015-22-0019918,dam
NL03-1324923,NL09-1368606,sire
NL07-1980306,NL09-1368606,dam
NL93-1203141,NL03-1324923,sire
NL94-1554574,NL03-1324923,dam
NL00-4047616,NL07-1980306,sire
NL01-4103686,NL07-1980306,dam
B01-6234184,B12-6322153,sire
B96-6381687,B01-6234184,sire
B92-6048500,B01-6234184,dam
B99-3199708,BELG10-3047015,sire
B07-4361085,BELG10-3047015,dam
B91-3204047,B99-3199708,sire
B95-3211364,B99-3199708,dam
B07-3200000,BELG12-3088272,dam
B99-3199708,BELG11-3170546,sire
B06-3008013,BELG11-3170546,dam
B06-3201618,BELG12-3162813,dam
B01-3116171,B06-3201618,sire
B99-3103770,B06-3201618,dam
B05-3006503,BELG09-3095243,sire
B98-3158062,B05-3006503,sire
B05-3176580,BELG12-3088275,sire
B10-4325612,BELG12-3088275,dam
B00-3076246,B13-3056280,sire
B10-3179392,B13-3056280,dam
B00-3076246,B13-3056137,sire
B10-3179392,B13-3056137,dam
B09-4280757,B15-3025023,dam
B99-6559774,B04-6293144,sire
B99-6559776,B04-6293144,dam
B97-6592444,B03-6457591,sire
B01-6365158,B03-6457591,dam
BE03-6457591,BELG2009-6233666,dam
BE03-6457591,BELG2008-6374015,dam
NL00-2050547,NL08-3852375,dam
GB02-39956,CHN2004-24-280649,dam
DV04287-11-6,CZ0234-14-1185,dam
NL04-2143501,NL12-3214965,sire
NL06-0715629,NL12-3214965,dam
NL03-0388853,NL04-2143501,sire
NL02-0217453,NL04-2143501,dam
NL02-1735989,NL06-0715629,sire
NL97-1595272,NL06-0715629,dam
B09-4015231,BEL12-4020281,sire
B07-4368315,BEL12-4020281,dam
B08-6321104,BEL2011-6025223,sire
B05-6381785,BEL2011-6025223,dam
B06-4169423,B10-4251155,sire
B05-4233031,B10-4251155,dam
B00-4405033,B06-4169423,sire
B02-4377799,B06-4169423,dam
B02-2114714,B05-4233031,sire
B01-4173515,B05-4233031,dam
NL02-0217212,NL11-3019363,sire
NL06-5634205,NL11-3019363,dam
NL96-2390005,NL02-0217212,sire
NL98-2584563,NL02-0217212,dam
NL05-1546552,NL06-5634205,sire
NL97-1595272,NL06-5634205,dam
CZ0234-08-405,CZ0234-16-1331,dam
NL07-1904407,NL13-1965640,sire
NL12-3214976,NL13-1965640,dam
B03-2101321,CZ0234-13-1403,sire
B06-2259395,CZ0234-13-1403,dam
SK01401-04-366,CZ0234-14-406,dam
DV04287-11-64,CZ0234-14-1149,sire
SK01303-09-557,CZ0234-14-1149,dam
B06-6411898,BE08-6164389,sire
B06-6411879,BE08-6164389,dam
B03-6116916,B06-6411898,sire
B02-6502713,B06-6411898,dam
B00-6506376,B06-6411879,sire
B98-6414051,B06-6411879,dam
B02-6362230,B03-6116916,sire
B02-6362274,B03-6116916,dam
B94-6118462,B02-6502713,sire
B00-6553775,B02-6502713,dam
B94-6055615,B00-6506376,sire
B96-6096003,B00-6506376,dam
B97-6345101,B98-6414051,sire
B94-6185034,B98-6414051,dam
B06-4080155,B14-6307981,sire
B14-6175120,B14-6307981,dam
B98-2254433,B06-4080155,sire
B02-4377799,B06-4080155,dam
B09-5052987,B14-6175120,sire
B10-6143162,B14-6175120,dam
B02-5053775,NL14-2022082,sire
B10-5031209,NL14-2022082,dam
B01-5010600,B02-5053775,sire
B99-5091084,B02-5053775,dam
B08-5061930,B10-5031209,sire
B08-5061453,B10-5031209,dam
B96-6492627,B05-6047655,sire
B00-6141428,B05-6047655,dam
B02-6034121,B13-6250130,sire
B08-6065139,B13-6250130,dam
B86-6475153,B02-6034121,sire
B99-6047184,B02-6034121,dam
B06-6052234,B08-6065139,sire
B04-6035120,B08-6065139,dam
B12-6315153,B13-6251490,sire
B08-6064585,B13-6251490,dam
NL07-1780891,B09-6154368,sire
B08-6164399,B09-6154368,dam
NL00-5054876,NL07-1780891,sire
NL05-5534883,NL07-1780891,dam
B99-6260005,B08-6164399,sire
B00-6240105,B08-6164399,dam
B06-6411898,B08-6164389,sire
B06-6411879,B08-6164389,dam
B00-5033681,B06-5160311,dam
B95-5057345,B00-5033681,sire
B98-5104851,B00-5033681,dam
NL08-2067809,NL10-1528962,sire
NL05-1246083,NL10-1528962,dam
NL05-4708743,NL08-2067809,sire
NL03-1727300,NL08-2067809,dam
NL99-1671914,NL07-1044326,sire
NL02-2033915,NL07-1044326,dam
NL02-5229545,NL11-1588359,sire
NL09-2095747,NL11-1588359,dam
NL90-2256086,NL02-5229545,sire
NL95-5559347,NL02-5229545,dam
NL04-1560084,NL09-2095747,sire
NL05-1246083,NL09-2095747,dam
NL07-5713919,NL10-1529007,sire
NL09-5911551,NL10-1529007,dam
NL02-5229564,NL07-5713919,sire
NL04-1896031,NL07-5713919,dam
B99-6268840,NL10-1528969,sire
NL02-5229564,B99-6268840,sire
NL04-1896031,B99-6268840,dam
NL02-5229545,NL05-1220342,sire
NL03-2324692,NL05-1220342,dam
B11-5092682,B13-5067057,sire
B05-5005188,B11-5092682,sire
NL07-1044326,DV00986-12-0350,sire
DV1237-08-493,DV06150-13-538,sire
DV01100-11-445,DV06150-13-538,dam
DV02098-03-1070,DV1237-08-493,sire
DV02098-05-819,DV1237-08-493,dam
DV01100-05-591,DV01100-11-445,sire
DV01100-06-84,DV01100-11-445,dam
B07-2038199,B09-5163423,sire
B12-3041931,B14-3004848,sire
B09-3135332,B14-3004848,dam
B09-3127174,B12-3041931,sire
B10-3082428,B12-3041931,dam
B04-3176837,B09-3135332,sire
B02-3016467,B09-3135332,dam
B12-3041931,B14-3004847,sire
B09-3135332,B14-3004847,dam
B10-2155132,B14-2340605,sire
B13-2065029,B14-2340605,dam
B07-2135143,B10-2155132,sire
B05-6433118,B10-2155132,dam
B08-2092420,B13-2065029,sire
B08-2092418,B13-2065029,dam
B10-2155132,B14-2340606,sire
B13-2065029,B14-2340606,dam
B08-4070146,B14-4250438,sire
B01-4367114,B08-4070146,sire
B03-4411155,B08-4070146,dam
B07-6060454,B11-4288669,sire
B08-4335636,B11-4288669,dam
B05-6166521,B07-6060454,sire
B02-6060526,B07-6060454,dam
B04-4010681,B08-4335636,sire
B04-4180122,B08-4335636,dam
B08-6360878,B09-6116201,sire
B05-6037420,B09-6116201,dam
B04-3230965,B08-6065196,sire
B00-6098146,B08-6065196,dam
B04-3230965,B14-6097326,sire
B11-6103405,B14-6097326,dam
B98-3158062,B04-3230965,sire
B02-3185273,B04-3230965,dam
B07-6206273,B11-6103405,sire
B09-6116044,B11-6103405,dam
B03-6485989,B14-6237790,sire
B06-6052150,B14-6237790,dam
B94-6081753,B03-6485989,sire
B99-6047027,B03-6485989,dam
B94-608,B06-6052150,sire
B98-6084085,B06-6052150,dam
B01-6151481,B11-6340548,sire
B06-6302558,B11-6340548,dam
B04-3230965,B08-6065107,sire
B00-6098146,B08-6065107,dam
B04-3230965,B15-6097752,sire
B08-6065033,B15-6097752,dam
B98-6084069,B08-6065033,sire
B03-6485990,B08-6065033,dam
B04-3230965,B15-6097751,sire
B08-6065033,B15-6097751,dam
B06-6052114,B15-6097733,sire
B07-6206394,B15-6097733,dam
B01-6234184,B06-6052114,sire
B99-6047047,B06-6052114,dam
B03-6042128,B07-6206394,sire
B06-6052291,B07-6206394,dam
B13-6231709,B14-6211119,sire
B13-6077150,B14-6211119,dam
B11-6269967,B13-6231709,sire
B08-6124710,B13-6231709,dam
B10-6271299,B13-6077150,sire
B08-6124735,B13-6077150,dam
B13-6251581,B14-6086399,sire
B13-6251490,B14-6086399,dam
B10-6291398,B13-6251581,sire
B09-6109996,B13-6251581,dam
B13-6251581,B14-6303618,sire
B13-6251490,B14-6303618,dam
B12-6315153,B15-6099643,sire
B08-6064585,B15-6099643,dam
B12-6315153,B15-6099642,sire
B08-6064585,B15-6099642,dam
B12-6315140,B13-6251407,sire
B11-6102933,B13-6251407,dam
B09-6111718,B12-6315140,sire
B10-6297668,B12-6315140,dam
B05-2143092,B11-2083296,sire
B00-2352402,B11-2083296,dam
B04-2194209,B05-2143092,sire
B02-5247647,B05-2143092,dam
B92-6337535,B00-2352402,sire
B97-2168012,B00-2352402,dam
NL99-1371698,NL06-1335388,sire
NL99-1261316,NL06-1335388,dam
NL92-1816687,NL99-1371698,sire
NL98-1708756,NL99-1371698,dam
NL94-9426029,NL99-1261316,sire
NL92-0049586,NL99-1261316,dam
B96-6183096,B07-5035380,sire
B02-6268030,B07-5035380,dam
B97-6499247,B02-6268030,sire
B97-6499255,B02-6268030,dam
B01-2137150,B10-2010-2215881,sire
B05-2142800,B10-2010-2215881,dam
B01-2137150,BELG2010-2215880,sire
B05-2142800,BELG2010-2215880,dam
NL96-1939701---96,NL07-1578620,sire
NL05-1137545,NL07-1578620,dam
BELG2014-6175237,BELG2015-6287007,sire
BELG2012-6196107,BELG2015-6287007,dam
BELG2006-6270152,BELG2010-6052440,sire
BELG2008-6174628,BELG2010-6052440,dam
BELG2001-6387174,BELG2009-6248547,sire
BELG2004-6058148,BELG2009-6248547,dam
B2002-6058048,BELG2013-6320102,sire
BELG2007-6221074,BELG2013-6320102,dam
B94-6261212,B00-6317317,dam
B89-6699714,B94-6261212,sire
B91-6227405,B94-6261212,dam
B01-6524809,B08-6383259,dam
B93-6440331,B01-6524809,sire
B95-6274349,B01-6524809,dam
B94-6649645,NL07-2038086,sire
B06-6056102,NL07-2038086,dam
B89-6727919,B94-6649645,sire
B85-6377515,B94-6649645,dam
NL2006-0744789,NL2012-3237931,sire
NL2010-3038179,NL2012-3237931,dam
NL2006-0744789,NL2012-3237940,sire
NL2010-3038179,NL2012-3237940,dam
B99-6143668,BELG2013-6080443,sire
B02-6509064,BELG2013-6080443,dam
B97-6165917,BELG2013-6080403,sire
B03-6266353,B97-6165917,dam
BELG1994-6495178,BELG2009-6130600,sire
BELG2006-6154774,BELG2009-6130600,dam
B05-6166279,BELG2009-6222172,dam
B98-6210287,B05-6166279,sire
B99-6143668,B11-6265142,sire
B02-6509064,B11-6265142,dam
B92-6074328,BELG2013-6080427,sire
B00-6156141,BELG2013-6080427,dam
B00-6156141,B92-6074328,dam
B98-6429866,B00-6156141,dam
B99-6143595,BELG2010-6037957,sire
NL04-0442748,NL10-1818563,sire
NL08-3828933,NL10-1818563,dam
NL98-9848157,NL04-0442748,sire
NL02-1812373,NL04-0442748,dam
NL04-2211127,NL08-3828933,sire
NL02-0240933,NL08-3828933,dam
NL03-0349320,NL11-1867552,sire
NL09-1375308,NL11-1867552,dam
NL98-9848157,NL03-0349320,sire
NL97-9780926,NL03-0349320,dam
NL03-1354063,NL09-1375308,sire
NL08-1730707,NL09-1375308,dam
BELG1994-6495178,BELG2008-6245480,sire
BELG2006-6154772,BELG2008-6245480,dam
BELG2003-6226043,BELG2006-6154772,sire
B99-6143595,DV2934-12-0441,sire
DV2934-09-0087,DV2934-12-0441,dam
B98-6210169,DV2934-09-0087,sire
B07-6277189,DV2934-09-0087,dam
B08-6314622,B12-6236213,sire
B07-6076600,BELG2013-6080442,dam
B97-6165917,B07-6076600,sire
NL03-1105635,NL08-1513692,sire
NL03-1345768,NL08-1513692,dam
NL02-1606081,NL03-1105635,sire
NL01-1855750,NL03-1105635,dam
NL00-2187148,NL03-1345768,sire
NL00-2086826,NL03-1345768,dam
B98-6210169,B08-6314618,sire
B06-6052299,BE08-6383662,sire
B06-6173261,BE08-6383662,dam
B01-6041059,B06-6052299,sire
B04-6277729,B06-6052299,dam
B03-6266072,B06-6173261,sire
B01-6255185,B06-6173261,dam
B03-6266090,BELG2008-6371188,dam
B97-6165917,B03-6266090,sire
B94-6214446,B03-6266090,dam
B03-6266090,BELG2008-6371125,dam
B03-6266090,B08-6371041,dam
NL09-3928930,NL2010-1817430,sire
NL01-0143185,NL09-3928930,sire
NL04-0414033,NL09-3928930,dam
B06-6052299,BELG2013-6080436,sire
B06-6173261,BELG2013-6080436,dam
B99-6143668,BELG2008-6314965,sire
B02-6509064,BELG2008-6314965,dam
DV02098-02-416,DV09127-07-1063,dam
DV02098-97-330,DV02098-02-416,sire
B97-6449984,DV02098-02-416,dam
BELG1992-6074328,BELG2002-6091642,sire
BELG2000-6156147,BELG2002-6091642,dam
B06-6052299,BELG2013-6080683,sire
B06-6173261,BELG2013-6080683,dam
B03-6266193,BELG2005-2147094,sire
B98-6590496,BELG2005-2147094,dam
B06-6052299,BELG2013-6080759,sire
B06-6173261,BELG2013-6080759,dam
B99-6143668,BELG2012-6236151,sire
B98-6210169,B08-6314623,sire
B06-6052299,BELG2013-6080760,sire
B06-6173261,BELG2013-6080760,dam
B06-6267362,BELG2009-6222950,dam
B03-6266193,BELG2012-6306393,sire
B04-6468526,BELG2012-6306393,dam
B03-6266193,B12-6236459,sire
B04-6468526,B12-6236459,dam
B07-6076600,BELG2013-6080805,dam
B03-6266193,B12-6236460,sire
B04-6468526,B12-6236460,dam
B11-6265298,BELG2013-6080410,sire
B11-6265476,BELG2013-6080410,dam
B07-6076227,B11-6265298,sire
B09-6269366,B11-6265298,dam
B08-6314600,B11-6265476,sire
B09-6370128,B11-6265476,dam
B11-6265287,BELG2013-6080431,dam
B08-6314622,B11-6265287,sire
B99-6143668,BE12-6236030,sire
B02-6509064,BE12-6236030,dam
B06-6267066,B11-6265600,sire
B05-6166205,B06-6267066,dam
B99-6143621,DV2934-11-1188,sire
DV5370-10-0917,DV2934-11-1188,dam
B09-6222760,DV5370-10-0917,sire
B02-6509077,DV5370-10-0917,dam
B97-6165917,BELG2009-6222923,sire
B10-6038399,BELG2012-6236266,sire
B06-5010886,BELG2012-6236266,dam
B00-5143517,B06-5010886,sire
B00-5244073,B06-5010886,dam
B08-6314622,BELG2012-6236102,sire
B08-6314622,BELG2012-6236214,sire
B06-6267022,BELG2012-6236414,sire
B04-6276330,B06-6267022,sire
B97-6165830,B06-6267022,dam
B06-6267022,BELG2012-6236415,sire
B06-6267022,BELG2012-6325625,sire
B11-6265585,BELG2012-6325625,dam
B05-6166013,B11-6265585,sire
B05-6166202,B11-6265585,dam
B06-6267022,BELG2012-6325626,sire
B11-6265585,BELG2012-6325626,dam
B06-6267022,BELG2012-6236306,sire
B06-6267022,BELG2012-6236239,sire
B06-6267022,B12-6306339,sire
B06-6267022,B12-6306338,sire
B06-6267022,BELG2012-6236129,sire
B06-6267022,BELG2012-6236240,sire
B06-6267022,BELG2012-6306400,sire
B11-6265585,BELG2012-6306400,dam
B06-6267022,BELG2012-6236477,sire
B11-6265585,BELG2012-6236477,dam
B09-6222914,B11-6332744,sire
B07-6076301,B11-6332744,dam
B02-6092673,B09-6222914,sire
B05-6168668,B09-6222914,dam
B00-6156179,B07-6076301,sire
B00-6156147,B07-6076301,dam
B08-3172902,BELG2011-3008415,sire
B00-3124016,B08-3172902,dam
B08-3172902,B10-3163912,sire
NL99-1585506,NL05-5535842,sire
NL00-1122178,NL05-5535842,dam
B07-2135106,B09-2119350,sire
B07-2135301,B09-2119350,dam
NL05-0566506,NL06-0725143,sire
NL01-0179434,NL06-0725143,dam
NL01-0135527,NL07-3762452,sire
NL05-5531820,NL07-3762452,dam
DV02098-95-12,DV02098-06-500,sire
DV02098-08-99,DV02098-16-203,sire
DV02098-08-99,DV02098-16-204,sire
DV02098-05-729,DV02098-14-1333,sire
DV02098-08-515,DV02098-14-1333,dam
DV02098-01-36,DV02098-07-351,sire
NL05-1937948,DV02098-07-351,dam
DV02098-00-1027,DV02098-10-1666,sire
NL07-1207701,DV02098-10-1666,dam
DV02098-95-12,DV02098-06-200,sire
DV02098-98-745,DV02098-06-200,dam
DV04153-12-223,DV04153-15-777,sire
DV04153-06-177,DV04153-15-777,dam
DV02098-95-12,DV02098-07-333,sire
DV02098-96-568,DV02098-07-333,dam
DV02098-08-520,DV0298-16-308,sire
DV02098-06-200,DV0298-16-308,dam
BE05-6153301,BELG2010-6246195,sire
B04-6307341,B09-6111595,dam
B03-6257098,B04-6307341,sire
B03-6150214,B04-6307341,dam
BE04-6293144,BELG2005-6264560,sire
BE03-6457591,BELG2005-6264560,dam
NL82-1325105,CC2002-1097,sire
B82-5000628,CC2002-1097,dam
NL88-2692608,CC03-260202,sire
B86-9122830,CC03-260202,dam
B93-3051184,BELG2003-3241939,sire
B95-3185530,BELG2003-3241939,dam
B93-3051184,BELG2002-3241955,sire
B95-3185530,BELG2002-3241955,dam
B97-6523459,B01-6182211,sire
B98-5296409,B01-6182211,dam
NL98-1512769,NL05-1628438,sire
B01-3076095,NL05-1628438,dam
B92-3136647,B99-3020065,sire
B97-3221723,B05-3185008,sire
B00-3070879,B05-3185008,dam
TW93-103723,CHN07-15-115981,sire
TW93-238804,CHN07-15-115981,dam
B93-6440306,C04-299775,sire
B87-6337115,C04-299775,dam
B97-3306418,B01-3222014,sire
B98-3194054,B01-3222014,dam
B96-6615170,BELG2006-6267402,sire
B05-6448111,BELG2006-6267402,dam
BE08-4355789,BELG2007-2135215,sire
BE09-2231747,BELG2007-2135215,dam
BE03-4343129,BE08-4355789,sire
BE03-4343099,BE08-4355789,dam
BE05-4130443,BE09-2231747,sire
BE04-2063218,BE09-2231747,dam
B01-6182211,BELG2007-5175991,sire
NL05-1628438,BELG2007-5175991,dam
B02-3025042,B03-3131012,sire
B01-3076048,B03-3131012,dam
B04-309903396,BELG2006-3148482,sire
B04-3099954,BELG2006-3148482,dam
B95-3263118,B04-309903396,sire
B01-3076022,B04-309903396,dam
B03-3130402,B04-3099954,sire
B03-3131012,B04-3099954,dam
B98-2436672,BELG2006-2017371,sire
B03-2001819,BELG2006-2017371,dam
B91-5268690,B98-2436672,sire
B93-5288924,B98-2436672,dam
B06-6034709,BELG2010-6031962,sire
B02-6183084,BELG2010-6031962,dam
BE08-6177698,BELG2010-6031966,sire
B07-6033110,BELG2010-6031966,dam
B01-2338048,BELG2009-2230726,dam
B04-2018545,BELG2009-2130447,sire
B01-2030715,BELG2009-2130447,dam
B91-5060199,B04-2018545,sire
B92-5040382,B04-2018545,dam
BELG1991-2306167,B00-2117169,sire
BELG1998-6084301,B00-2117169,dam
B01-6182211,BELG2005-5059380,sire
B99-4393727,BELG2005-5059380,dam
B01-6182211,BELG2005-5059246,sire
B03-5233743,BELG2005-5059246,dam
B09-6249813,BELG2010-6031989,sire
BE06-6270618,BELG2010-6031989,dam
BE08-6177698,BELG2010-6031965,sire
B09-6040908,BELG2010-6031965,dam
CHN2007-26-002282,CHN2012-26-099940,sire
CHN2011-26-000095,CHN2012-26-099940,dam
CHN2006-26-000035,CHN2011-26-100043,sire
CHN2006-26-139912,CHN2011-26-100043,dam
B01-6182211,BELG2005-5059344,sire
DV01769-02-638,DV01769-06-258,sire
DV01769-01-640,DV01769-06-258,dam
DV09341-98-770,DV01769-02-638,sire
DV01769-97-27,DV01769-02-638,dam
DV07900-95-202,DV01769-01-640,sire
CHN20111-26-000098,CHN2012-26-099898,sire
CHN2006-26-139912,CHN2012-26-099898,dam
B04-2018501,BELG2010-2198149,dam
B95-4057881,B05-4281512,sire
B01-4383223,B05-4281512,dam
B96-4572200,B03-4146226,sire
B01-4383337,B03-4146226,dam
B94-6495178,BELG2012-6225290,sire
B09-6130504,BELG2012-6225290,dam
B03-6226397,BELG2010-6166158,dam
B00-6272359,B03-6226397,sire
B01-6153558,B03-6226397,dam
B98-6210377,B06-6267283,sire
B02-6091917,B06-6267283,dam
B92-6074700,B98-6210377,sire
B96-6307261,B98-6210377,dam
BELG2005-6378066,CHN2009-04-651839,sire
CHN2005-04-179190,CHN2009-04-651839,dam
BELG2007-4369817,BELG2010-4323440,sire
BELG2007-4115066,BELG2010-4323440,dam
BELG2001-4483214,BELG2007-4369817,sire
BELG2004-4277483,BELG2007-4115066,sire
BELG2005-43215172,BELG2007-4115066,dam
BELG2004-4277483,B10-2010-4327858,sire
BELG2008-4254890,B10-2010-4327858,dam
BELG1991-4261261,BELG2004-4277483,sire
BELG1997-4237625,BELG2004-4277483,dam
BELG2006-4271058,BELG2008-4254890,sire
BELG2002-4333309,BELG2008-4254890,dam
BELG2005-6378066,CHN2010-04-045802,sire
CHN2007-04-176460,CHN2010-04-045802,dam
CHN2012-15-008248,CHN2015-15-0028372,dam
CHN2013-06-196419,CHN2014-32-1124888,sire
CHN2011-06-319375,CHN2015-15-0028375,sire
B05-1048372,B2009-5187976,sire
B08-5116077,B2009-5187976,dam
B05-1048372,B2009-5187968,sire
B04-5081160,B2009-5187968,dam
B05-1048372,B2009-5187983,sire
B00-4065880,B2009-5187983,dam
B05-4247376,B2007-5067146,sire
NL05-1628435,B2007-5067146,dam
B2007-2038199,B2009-2203822,sire
B2007-2103094,B2009-2203822,dam
B05-4045201,B2009-4035092,sire
B01-4283220,B05-4045201,sire
B04-6231885,B05-4045201,dam
B99-6151638,B2009-6130759,sire
B04-6231798,B2009-6130759,dam
B97-3305836,B99-6151638,dam
NL00-5051996,CHN2005-15-147658,sire
NL99-5957837,CHN2005-15-147658,dam
B00-6317320,CHN2006-15-062016,sire
B97-6330142,CHN2006-15-062016,dam
B98-3146872,CHN2002-15-179544,sire
B97-3201739,CHN2002-15-179544,dam
B97-9154107,CHN2003-15-084003,sire
B95-6639258,CHN2003-15-084003,dam
B01-6455003,B2011-2116025,sire
B06-9130877,B2011-9079517,sire
B09-6358785,B2011-9079517,dam
B04-4277402,B2010-4101364,sire
B99-6143980,B2011-6265451,sire
B06-6267400,B2011-6265451,dam
B99-6143980,B2011-6265443,sire
B06-6267400,B2011-6265443,dam
B05-1048372,B06-2075050,sire
B07-5067295,B06-2075050,dam
B08-4095255,B2010-4320732,dam
NL98-2211800,NL09-1895106,sire
NL99-1853480,NL09-1895106,dam
BELG2005-2142154,B2006-2082482,sire
BELG1999-2036005,B2006-2082482,dam
NL2005-1546549,NL07-1952116,sire
NL04-0440661,NL07-1952116,dam
NL98-2211800,NL08-1163888,sire
NL99-1853480,NL08-1163888,dam
NL2004-0440659,NL08-1674523,sire
NL03-1231278,NL08-1674523,dam
NL04-1633561,NL09-1895173,sire
NL02-1187672,NL09-1895173,dam
NL2003-1931715,NL08-1113128,sire
NL02-1129952,NL08-1113128,dam
NL04-1633561,NL09-1895248,sire
NL02-1187672,NL09-1895248,dam
NL00-1475160,NL09-1895211,sire
NL05-2174769,NL09-1895211,dam
NL2005-0530318,NL07-1952715,sire
NL05-5536613,NL07-1952715,dam
B02-6114797,B2008-6387849,dam
B01-6521675,B02-6114797,sire
B98-6110708,B02-6114797,dam
B01-6455003,B2009-6227928,sire
B02-6114797,B2009-6227928,dam
B01-2137150,B2007-2055375,sire
B2005-2142692,B2007-2055375,dam
B1993-2132123,B2005-2142692,sire
NL2000-2178233,B2005-2142692,dam
B01-2137150,B2011-2083495,sire
NL99-1853915,NL09-1895220,sire
NL06-1833919,NL09-1895220,dam
B05-5148753,B08-5185782,dam
B99-6143668,BEL2008-6314737,sire
B02-6509064,BEL2008-6314737,dam
NL06-1569797,NL14-1261449,sire
NL08-5809799,NL14-1261449,dam
B04-6356339,BE2008-6377887,sire
B04-6399484,BE2008-6377887,dam
B03-6359170,B04-6356339,sire
B03-6359119,B04-6356339,dam
NL08-5011833,NL10-1274938,sire
NL09-1186000,NL10-1274938,dam
NL07-5724624,NL13-1593777,sire
NL08-2048661,NL13-1593777,dam
NL05-5533031,NL07-5724624,sire
NL04-5430782,NL07-5724624,dam
NL05-1936724,NL08-2048661,sire
NL07-5724610,NL08-2048661,dam
BE05-4333360,BE10-4325933,sire
BE03-4431181,BE10-4325933,dam
B04-3099082,B2010-3181565,sire
B04-3099036,B2010-3181565,dam
B09-6111449,B11-6240668,sire
B11-6119124,B11-6240668,dam
B07-6380759,B09-6111449,sire
B07-6386753,B09-6111449,dam
B09-6111534,B11-6119124,sire
B07-6033131,B11-6119124,dam
B13-6195132,B14-6087393,sire
B11-6027867,B14-6087393,dam
B11-6167150,B13-6195132,sire
B10-6186124,B11-6027867,sire
B04-6393307,B11-6027867,dam
DV02098-08-666,DV02098-16-1129,sire
DV02098-06-1561,DV02098-16-1129,dam
DV02098-95-12,DV02098-08-666,sire
DV02098-98-745,DV02098-08-666,dam
B99-6552499,DV02098-06-1561,sire
NL01-4743041,DV02098-06-1561,dam
DV02098-09-1900,DV02098-16-1123,sire
DV02098-14-1459,DV02098-16-1123,dam
DV02098-07-261,DV02098-14-1459,sire
DV02098-10-1666,DV02098-14-1459,dam
B14-6175237,B17-6268668,sire
B15-6026019,B17-6268668,dam
B09-6248087,B14-6175237,sire
B12-6196107,B14-6175237,dam
B13-6320159,B15-6026019,sire
B12-6196004,B15-6026019,dam
B08-6174630,B17-6257759,sire
B15-6300316,B17-6257759,dam
B03-6277483,B08-6174630,sire
B05-6116293,B08-6174630,dam
B12-6196564,B15-6300316,sire
B11-6340842,B15-6300316,dam
B12-6327526,B17-6028448,sire
B11-6282424,B17-6028448,dam
B01-6387350,B12-6327526,sire
DV00825-02-433,B12-6327526,dam
B08-6174630,B11-6282424,sire
B06-6270117,B11-6282424,dam
B03-6257240,B07-6366766,sire
BELG2002-6183084,B07-6366766,dam
B07-2090939,B12-2061356,sire
B10-6297768,B13-6123613,sire
B11-6240042,B13-6123613,dam
B05-6045015,B10-6297768,sire
B05-6336636,B11-6240042,sire
B06-6210219,B11-6240042,dam
B10-6297768,B13-6123145,sire
B11-6240042,B13-6123145,dam
B07-6363262,B13-6125502,sire
B06-6267274,B09-6358385,dam
B98-6210169,B06-6267274,sire
B00-6156426,B06-6267274,dam
B03-6266193,B12-6233659,sire
B04-6468526,B12-6233659,dam
B03-6266193,B12-6066393,sire
B04-6468526,B12-6066393,dam
B10-3047071,B12-3086802,dam
B99-3199708,B10-3047277,sire
B07-4361085,B10-3047277,dam
B06-6405133,B10-6355611,dam
B01-6455003,B06-6405133,sire
B00-6440232,B06-6405133,dam
B02-6256251,B09-6210009,sire
B02-6501440,B09-6210009,dam
B98-6523195,B06-6210251,sire
B97-6515249,B06-6210251,dam
B04-6356339,B11-6318873,sire
B05-6176180,B11-6318873,dam
B01-6345101,B05-6176180,sire
B03-6357007,B05-6176180,dam
B98-5166336,B05-5181394,sire
B03-5115492,B05-5181394,dam
NL10-1818485,NL13-1352202,sire
B02-3067041,C2011-15-220166,dam
B06-6034709,B11-6119005,sire
B07-6033166,B11-6119005,dam
B94-6081753,B06-6052100,sire
B98-6084085,B06-6052100,dam
B05-5148195,B08-5061036,sire
B04-5026023,B08-5061036,dam
CHN2015-15-0084444,CHN2017-15-0106223,sire
CHN2013-15-008150,CHN2017-15-0106223,dam
CHN2006-15-089230,CHN2014-15-407410,sire
CHN2007-15-051311,CHN2014-15-407410,dam
CHN2014-15-407410,CHN2017-15-0106212,sire
CHN2015-15-0084438,CHN2017-15-0106212,dam
CHN2015-15-0084430,CHN2017-15-0106203,sire
CHN2015-15-0084406,CHN2017-15-0106203,dam
CHN2014-15-407444,CHN2015-15-0084430,sire
B10-6065502,CHN2015-15-0084430,dam
CHN2009-15-083177,CHN2015-15-0084406,sire
CHN2007-15-051311,CHN2015-15-0084406,dam
DV07107-08-352,DV02098-12-681,sire
DV02098-07-333,DV02098-12-681,dam
B03-6032858,DV07107-08-352,sire
DV02098-98-568,DV02098-07-333,dam
DV02098-09-2000,DV02098-17-1697,sire
DV02098-16-180,DV02098-17-1697,dam
DV02098-95-12,DV02098-09-2000,sire
DV02098-99-1000,DV02098-09-2000,dam
DV02098-07-261,DV02098-16-180,sire
DV02098-12-666,DV02098-16-180,dam
DV02098-09-2000,DV02098-16-1028,sire
DV02098-15-480,DV02098-16-1028,dam
DV02098-08-520,DV02098-15-480,sire
DV02098-14-1333,DV02098-15-480,dam
DV02098-08-77,DV02098-16-1210,sire
DV05991-15-5899,DV02098-16-1210,dam
DV02098-95-12,DV02098-08-77,sire
DV05991-00-51,DV05991-15-5899,sire
DV05991-13-3008,DV05991-15-5899,dam
CHN2009-15-083177,CHN2014-14-407463,sire
CHN2013-01-180850,CHN2014-14-407463,dam
CHN2009-15-083177,CHN2014-15-407407,sire
CHN2013-01-180850,CHN2014-15-407407,dam
CHN2009-15-083177,CHN2015-15-0084435,sire
CHN2013-15-008150,CHN2015-15-0084435,dam
CHN2015-15-0084435,CHN2016-15-0058749,sire
CHN2015-15-0084429,CHN2016-15-0058749,dam
CHN2009-15-083177,CHN2014-15-407404,sire
CHN2013-01-180850,CHN2014-15-407404,dam
B96-6351943,B98-6350218,dam
B95-6300031,B97-6145059,sire
B93-6307001,B97-6145059,dam
DV09410-00-1742,CHN2002-15-082300,sire
NL98-1365578,CHN2002-15-082300,dam
NL93-1156542,NL98-1365578,sire
CHN2004-15-148533,CHN2011-001025,sire
NL99-9959188,CHN2011-001025,dam
CHN2002-166138,CHN2004-15-196474,dam
NL96-2437159,CHN2002-166138,sire
NL96-2437152,CHN2002-166138,dam
CHN2005-15-199735,CHN2013-15-175857,dam
NL96-2437159,CHN2002-15-166116,sire
NL96-2437152,CHN2002-15-166116,dam
CHN2002-166138,CHN2004-15-196480,dam
CHN2002-15-166116,CHN2007-15-064777,dam
NL96-2437159,CHN2004-15-148531,sire
NL96-2437152,CHN2004-15-148531,dam
CHN2005-15-199735,CHN2013-15-175817,dam
NL90-9074636,NL2000-0064676,sire
NL99-9959182,NL2000-0064676,dam
CHN2003-15-049526,CHN2008-15-285412,sire
CHN2002-15-166138,CHN2008-15-285412,dam
NL96-2437152,CHN2003-15-049526,dam
NL96-2437159,CHN2002-15-166138,sire
NL96-2437152,CHN2002-15-166138,dam
NL00-0064676,CHN2012-15-338969,sire
NL99-9959182,CHN2012-15-338969,dam
CHN2006-32-399179,CHN2013-15-175900,dam
NL96-2437159,CHN2002-15-126012,sire
NL96-2437152,CHN2002-15-126012,dam
NL94-2535287,CHN2001-15-006221,sire
NL98-1365578,CHN2001-15-006221,dam
NL94-2535287,CHN1999-059463,sire
DV0941-00-1742,CHN2004-15-148558,sire
CHN2003-15-088668,CHN2012-15-263132,sire
NL91-2274772,NL96-2293228,sire
NL91-2274764,NL96-2293228,dam
NL00-0066139,CHN2012-15-338944,sire
NL99-2427029,CHN2008-15-086186,dam
NL98-1279139,NL99-2427029,sire
NL96-1112864,NL99-2427029,dam
CHN2001-15-335868,CHN2003-15-070342,sire
NL96-2437152,CHN2001-15-335868,dam
NL2000-0066089,CHN2012-15-338956,sire
NL99-9959188,CHN2012-15-338956,dam
CHN2003-15-049526,CHN2008-32-285412,sire
CHN2002-15-166138,CHN2008-32-285412,dam
NL96-2437159,CHN2004-15-187229,sire
NL96-2437152,CHN2004-15-187229,dam
CHN2004-15-187229,CHN2015-15-0474384,sire
NL96-2437152,CHN2015-15-0474384,dam
NL96-2437159,NL96-2437152,sire
CHN2003-15-088668,MCTB10-000710,sire
CHN2002-15-035011,MCTB10-000710,dam
CHN2008-15-285427,CHN2012-15-082582,sire
CHN2004-15-148558,CHN2012-15-082582,dam
CHN03-15-088688,CHN2011-15-170355,sire
CHN05-15-180337,CHN2011-15-170355,dam
NL90-9074706,CHN2009-15-081286,sire
NL91-169498,CHN2009-15-081286,dam
CHN2005-15-199735,CHN2013-15-175818,dam
CHN2010-15-069711,CHN2013-15-103913,sire
NL99-2427029,CHN2013-15-175913,dam
CHN2005-15-199735,CHN2014-15-109737,dam
CHN2010-15-069711,CHN2017-15-0514429,sire
CHN2013-15-175813,CHN2017-15-0317888,sire
CHN2005-15-199735,CHN2017-15-0317888,dam
CHN2008-15-086186,CHN2015-15-0039168,sire
NL99-2427029,CHN2015-15-0039168,dam
CHN2002-15-166116,CHN07-15-064777,dam
NL94-2535287,CHN1999-15-059463,sire
CHN2010-15-069711,CHN2017-15-0514430,sire
CHN2012-15-338944,CHN2017-15-0317938,sire
CHN2012-15-338944,CHN2017-15-0317908,sire
B1994-6214450,B2001-6255336,sire
B1998-6590496,B2001-6255336,dam
B1982-6380170,B1994-6214450,sire
B1992-6074328,B1998-6590496,sire
B1996-3121913,B1998-6590496,dam
NL99-1209658,NL2000-2283463,sire
NL98-9860080,NL2000-2283463,dam
B93-6677427,NL99-1209658,sire
NL94-1812723,NL99-1209658,dam
B98-6210561,B2006-6267455,sire
B2005-6166313,B2006-6267455,dam
B96-6223094,B98-6210561,dam
B98-6210287,B2005-6166313,sire
B98-6210293,B2005-6166313,dam
BELG2003-6266374,BELG2009-6358277,sire
BELG2005-6448111,BELG2009-6358277,dam
BELG1998-6210287,BELG2003-6266374,sire
BELG1998-6210293,BELG2003-6266374,dam
BELG1997-6165725,BELG2005-6448111,sire
BELG2004-6277729,BELG2005-6448111,dam
B99-2036304,B90-2553359,sire
B83-2350199,AU06-40068,sire
B87-4021090,AU06-40068,dam
B00-4065903,B02-4247610,sire
B99-4393735,B02-4247610,dam
B99-2036304,AU06-40068,sire
CHN05-09-301832,AU06-40068,dam
B04-4201088,CHN09-09-301379,sire
CHN07-10-613987,CHN09-09-301379,dam
NL2008-2046762,NL2014-1215962,sire
NL2012-1981633,NL2014-1215962,dam
NL2001-1135394,NL2008-2046762,sire
NL2003-2324323,NL2008-2046762,dam
NL2009-416368,NL2012-1981633,sire
NL2011-5014236,NL2012-1981633,dam
BELG2006-6271076,B2012-6079821,sire
BELG2008-6174892,B2012-6079821,dam
BELG2004-6058005,BELG2006-6271076,sire
BELG2003-6287022,BELG2006-6271076,dam
BELG2003-6277418,BELG2008-6174892,sire
BELG2006-6255274,BELG2008-6174892,dam
BE2014-6103589,BELG2017-6182065,sire
BE2015-6221125,BELG2017-6182065,dam
BE2007-6389026,BE2014-6103589,sire
BE2013-6035361,BE2014-6103589,dam
BE2008-6192194,BE2015-6221125,sire
BE2009-6086574,BE2015-6221125,dam
BELG2012-6196851,B2014-6175856,sire
BELG2012-6196524,B2014-6175856,dam
BELG2009-6248215,BELG2012-6196851,sire
BELG2009-6249762,BELG2012-6196524,sire
BELG2008-6174856,BELG2012-6196524,dam
BE98-31585062,B2003-3224503,sire
DV15-4030-0472,DV16-2736-1083,sire
B03-3053580,DV16-2736-1083,dam
B11-3070193,DV15-4030-0472,sire
B11-3170533,DV15-4030-0472,dam
B11-3170534,B03-3053580,sire
BELG2008-4036215,BE2014-3157782,sire
BELG2012-3084076,BE2014-3157782,dam
BELG1998-4383998,BELG2008-4036215,sire
BELG2004-3238926,BELG2008-4036215,dam
BELG2006-3008003,BELG2012-3084076,sire
B12-6321411,B16-1254098,dam
B06-6148179,B12-6321411,sire
B06-6148039,B12-6321411,dam
NL98-5812191,NL05-2016728,sire
B03-6287023,NL05-2016728,dam
BELG00-5166334,B2007-5067342,sire
B14-6022601,B18-6249214,sire
B14-6022850,B18-6249214,dam
B07-6110370,B14-6022601,sire
B07-6110291,B14-6022601,dam
B10-6166240,B14-6022850,sire
B09-6130670,B14-6022850,dam
B06-6148003,B12-6321617,sire
B03-6032896,B06-6148003,sire
B14-6026095,B18-6249181,sire
B15-6052169,B18-6249181,dam
B03-6257098,B14-6026095,sire
B13-6062120,B14-6026095,dam
B09-6130670,B15-6052169,dam
B10-6110932,B16-6116738,sire
B14-6215485,B16-6116738,dam
B07-6272714,B10-6110932,sire
B02-6088194,B10-6110932,dam
B08-6026528,B14-6215485,sire
B08-6027869,B14-6215485,dam
DV01769-98-919,DV0964-04-96,dam
B00-61748544,AU07-088,dam
B01-6182211,B11-5113427,sire
B07-5080068,B11-5113427,dam
B01-6135235,B02-6175587,sire
B98-6339604,B02-6175587,dam
B07-5080068,B01-6135405,dam
B01-6182211,B10-5143256,sire
B02-4333308,B04-4439170,sire
B08-4117604,BE10-4322652,sire
B01-6182211,B09-5070635,sire
B07-5175958,B09-5070635,dam
B05-1003509,B07-5175958,sire
B05-5059341,B07-5175958,dam
BE05-6153301,B2011-6219320,sire
GF99-195,CHN05-12-009782,sire
CHN04-12-209217,CHN05-12-009782,dam
LN93-9323197,GF99-195,sire
LN94-9418179,GF99-195,dam
CHN03-12-009637,CHN04-12-209217,sire
NL96-9613089,CHN04-12-209217,dam
B03-6266193,B05-6166110,sire
B00-6156337,B05-6166473,sire
B02-6091900,B05-6166473,dam
B90-6277397,B00-6156337,sire
B98-6590496,B00-6156337,dam
B94-6214211,B02-6091900,sire
B98-6210407,B02-6091900,dam
NL86-1462839,NL93-2831900,sire
NL86-1411256,NL93-2831900,dam
NL04-1323827,NL06-1676733,sire
NL03-1801966,NL06-1676733,dam
NL88-2179972,NL2001-1411356,sire
B97-2544392,NL2001-1411356,dam
B14-6022601,B18-6249215,sire
B14-6022850,B18-6249215,dam
B10-6359182,B14-6212090,sire
B12-6321646,B14-6212090,dam
B90-4002911,B2000-4065598,sire
B90-4002926,B2000-4065598,dam
B00-4270039,BELG2007-2185203,sire
B00-4524228,BELG2007-2185203,dam
B10-2045162,BELG2014-2216406,dam
NL14-1390091,NL2017-1580866,sire
NL14-1389982,NL2017-1580866,dam
NL12-1409972,NL2017-1581019,sire
NL12-1409980,NL2017-1581019,dam
NL15-1144415,NL2017-1580965,sire
NL16-1005534,NL2017-1580965,dam
NL14-1389987,NL2017-1580497,sire
NL15-1144402,NL2017-1580497,dam
BE04-4277400,FCIG2012-1880181,sire
BE08-5165565,FCIG2012-1880181,dam
B98-6122084,BELG2010-3010369,sire
DV01769-04-1039,DV01769-08-1172,sire
DV01769-03-44,DV01769-08-1172,dam
DV07900-95-202,DV01769-04-1103,sire
DV09615-96-561,DV01769-04-1103,dam
B03-5233115,DV01769-09-1221,sire
DV04715-04-504,DV01769-09-1221,dam
DV01769-04-1039,DV01769-08-1171,sire
DV01769-03-44,DV01769-08-1171,dam
B03-5233115,DV01769-09-1222,sire
DV04715-04-504,DV01769-09-1222,dam
DV01769-04-1020,DV01769-07-1113,sire
DV01769-99-429,DV01769-07-1113,dam
DV01769-09-1222,CHN2012-15-005941,sire
DV01769-08-1172,CHN2012-15-005941,dam
B03-5233115,DV01769-08-1172,sire
DV04715-04-504,DV01769-08-1172,dam
CHN02-15-090390,CHN2012-15-005981,dam
DV01769-04-1103,CHN2012-15-217553,sire
DV01769-04-1104,CHN2012-15-217553,dam
DV07900-95-202,DV01769-04-1104,sire
DV09615-96-561,DV01769-04-1104,dam
DV01769-04-1103,CHN2012-15-217586,sire
DV01769-04-1104,CHN2012-15-217586,dam
DV01769-04-1103,CHN2013-15-036298,sire
DV01769-04-1104,CHN2013-15-036298,dam
DV01769-02-517,DV01769-09-465,sire
DV01769-99-429,DV01769-09-465,dam
CHN02-15-090390,CHN2013-15-036208,dam
CHN02-15-090410,CHN12-15-005906,sire
B98-4210123,CHN02-15-090410,sire
B97-4321799,CHN02-15-090410,dam
B98-421012398,CHN02-15-090410,sire
B97-432179998,CHN02-15-090410,dam
CHN02-15-090410,CHN12-15-005945,sire
CHN02-15-090390,CHN2012-15-005918,dam
CHN06-15-001902,CHN09-15-297910,dam
CHN02-15-090390,CHN2010-15-319693,dam
CHN02-15-090390,CHN2010-15-319695,dam
B01-6182211,B10-7006215,sire
B06-5197577,B10-7006215,dam
B05-5148480,B01-6182211,sire
B03-5071209,B01-6182211,dam
B01-6182211,B10-8005853,sire
B06-5197577,B10-8005853,dam
CHN02-15-090410,CHN2008-15-003984,sire
CHN02-15-090410,CHN2011-15-282900,sire
CHN09-15-297917,CHN2011-15-282900,dam
GB05-15650,CHN02-15-090410,sire
CHN03-15-068668,CHN02-15-090410,dam
CHN02-15-090410,CHN2011-15-259288,sire
B09-5061926,CHN2011-15-259288,dam
B01-6182211,CHN02-15-090410,sire
B07-5080690,CHN02-15-090410,dam
CHN02-15-090410,CHN2011-15-259286,sire
CHN02-15-090410,CHN2011-15-282893,sire
CHN02-15-090410,CHN2011-15-259281,sire
CHN02-15-090410,CHN2011-15-232763,sire
CHN02-15-090410,CHN2011-15-232764,sire
CHN02-15-090410,CHN2011-15-232766,sire
B00-6534281,CHN07-15-245076,dam
CHN2006-03-000261,CHN2010-03-111171,dam
CHN05-02-066605,CHN2006-03-008293,dam
NL90-9037793,CHN2005-01-350519,sire
NL93-1024565,CHN2005-01-350519,dam
B02-6222377,GB05-38120,sire
B02-6223566,GB05-38120,dam
B97-4237817,GB05-29156,dam
B02-4134569,GB05-13608,sire
B02-4174127,GB05-13608,dam
BELG1994-4421785,B02-4134569,sire
BELG1999-4066126,B02-4134569,dam
B00-6534281,CHN04-15-118795,dam
B02-4134569,CHN11-15-314208,sire
B02-4174127,CHN11-15-314208,dam
NL02-1668823,NL08-1569888,sire
NL01-1922214,NL02-1668823,sire
B99-6268840,NL09-5903681,sire
NL08-1101409,NL09-5903681,dam
B07-6367841,NL08-1101409,sire
B07-6367833,NL08-1101409,dam
B02-6503571,B05-2076701,sire
B01-6382308,B05-2076701,dam
B95-6274320,B2009-6358600,sire
B02-6478464,B2009-6358600,dam
B04-6293191,B2007-6399032,sire
B06-6056065,B2007-6399032,dam
B01-6387350,B2005-6452633,sire
B02-00825433,B2005-6452633,dam
B08-6298348,B2011-6244756,sire
B08-6297117,B2011-6244756,dam
B1990-2553359,B2001-2137150,sire
B1994-2061168,B2001-2137150,dam
B04-4019961,B08-4346813,sire
B03-2120192,B08-4346813,dam
B03-4316086,B07-2201147,sire
B02-2174845,B07-2201147,dam
B01-4174049,B07-4138847,sire
B05-4400566,B07-4138847,dam
B93-4429362,B06-4044539,sire
B04-4019957,B06-4044539,dam
B2002-6113793,B2003-6192634,sire
B2001-6521676,B2003-6192634,dam
B1998-6164941,B2003-6032900,sire
B2001-6503742,B2003-6032900,dam
B2008-2048857,B2009-6269363,sire
B2006-6410611,B2009-6269363,dam
B2006-6410698,B2008-6372812,sire
B1995-3103391,B2000-6364742,sire
B1997-3094099,B2000-6364742,dam
B2001-6414961,B2003-6236417,sire
B1998-2431544,B2003-6236417,dam
B2000-6141444,B2002-6113220,sire
B2000-6440232,B2002-6113220,dam
B2001-6521675,B2002-6114797,sire
B1998-6110708,B2002-6114797,dam
B1999-6078724,B2006-6148138,sire
B97-3200154,B04-3097090,sire
B95-3263157,B04-3097090,dam
B94-6323005,B03-6086228,sire
B01-6515614,B03-6086228,dam
B98-3194076,B04-3099022,dam
B00-3124048,B06-3148305,sire
B02-3026022,B06-3148305,dam
BE05-6045015,BE07-6363900,sire
BE03-6086031,BE07-6363900,dam
BE95-6246005,BE04-6095572,sire
BE96-6286052,BE04-6095572,dam
B02-6192736,B07-6192737,sire
B02-6192733,B07-6192737,dam
B98-6529770,B06-6286431,sire
B97-6510054,B06-6286431,dam
BE10-4030339,B12-4191454,sire
BE05-4281706,BE10-4030339,sire
B09-4336031,BE10-4030339,dam
B09-6076642,B13-6179961,dam
B09-6076689,BE13-6179989,dam
B00-6485499,B09-6110506,sire
B06-6033772,B09-6110506,dam
B97-6423539,B00-6485499,sire
B98-6429618,B00-6485499,dam
B00-6485603,B06-6033772,sire
B04-6303768,B06-6033772,dam
B06-4296522,B10-4210129,sire
B93-3268617,B06-4296522,sire
B01-4094502,B06-4296522,dam
B01-6146101,B12-6123929,sire
BE10-5114010,B12-5150405,sire
BE07-5042754,B12-5150405,dam
B01-6146101,B12-6123928,sire
B03-6192564,B06-6148413,sire
B10-6357722,BE2011-6330024,dam
B07-6229162,B10-6357722,dam
NL13-1654696,NL14-1462511,sire
NL13-4727623,NL14-1462511,dam
NL11-1185884,NL13-1654696,sire
NL11-1185672,NL13-1654696,dam
NL02-2373002,NL13-4727623,sire
B12-2080229,NL13-4727623,dam
B94-6649645,NL07-2038015,sire
B06-6056102,NL07-2038015,dam
B97-6592444,B04-6293184,sire
B01-6365158,B04-6293184,dam
NL08-1174850,CHN14-15-184369,sire
NL07-5705110,CHN14-15-184369,dam
NL08-1174850,NL11-1407780,sire
NL07-5705110,NL11-1407780,dam
CHN14-15-184369,CHN2016-15-0320510,sire
CHN14-15-184297,CHN2016-15-0320510,dam
NL04-2050258,NL11-1736843,sire
NL05-1394730,NL11-1736843,dam
NL09-1186028,NL11-1394369,sire
NL07-1430568,NL11-1394369,dam
NL10-5000123,NL11-5000642,sire
NL10-5000133,NL11-5000642,dam
NL05-1234916,NL11-5000643,sire
NL08-2021350,NL11-5000643,dam
NL96-1844305,NL99-5971312,sire
NL97-5701389,NL99-5971312,dam
NL92-2497698,NL96-1844305,sire
NL93-1341142,NL96-1844305,dam
NL92-5310320,NL97-5701389,sire
NL94-2227825,NL97-5701389,dam
DV06348-13-109,CHN2015-15-0120784,sire
CHN2011-203924,CHN2015-15-0120784,dam
CHN13-15-210070,CHN2016-15-0337998,sire
CHN15-15-0120621,CHN2016-15-0337998,dam
NL08-1174850,CHN13-15-210070,sire
NL07-5705110,CHN13-15-210070,dam
NL11-1736843,CHN2016-15-0212235,sire
CHN15-15-0124415,CHN2016-15-0212235,dam
CHN2015-15-0120784,CHN2019-26-0780135,dam
CHN2016-15-0217366,CHN2018-15-0298089,sire
CHN15-15-0124415,CHN2018-15-0298089,dam
NL2011-5000642,CHN2016-15-0217366,sire
NL2011-1612277,CHN2016-15-0217366,dam
NL11-1096624,CHN15-15-0124415,sire
NL12-1799610,CHN15-15-0124415,dam
CHN2016-15-0230514,CHN2017-15-0328759,sire
CHN2016-15-0212080,CHN2017-15-0328759,dam
CHN14-15-184369,CHN2016-15-0230514,sire
BE13-2022005,CHN2016-15-0230514,dam
CHN14-15-184369,CHN2016-15-0212080,sire
BE13-2022005,CHN2016-15-0212080,dam
CHN2014-15-195463,CHN2015-15-0661346,sire
NL13-1239683,CHN2015-15-0661346,dam
CHN2014-195463,CHN2018-15-0422224,sire
CHN2011-260080,CHN2019-26-0780130,sire
CHN2017-0328865,CHN2019-26-0780130,dam
CHN13-210070,CHN16-15-0337907,sire
CHN15-0120621,CHN16-15-0337907,dam
CHN2010-203303,CHN2013-32-483840,sire
NL96-1844305,CHN2013-15-230987,sire
NL97-5701389,CHN2013-15-230987,dam
NL11-1407780,CHN2018-15-0422299,sire
CHN09-15-235209,CHN2018-15-0422299,dam
CHN2014-15-184338,CHN2015-15-0138463,sire
CHN2014-15-184278,CHN2015-15-0138463,dam
B08-3035009,B13-3159433,sire
B09-3095238,B13-3159433,dam
B12-2061184,B15-2062269,sire
B01-2137150,B12-2061184,sire
DV05585-09-1258,CHN2019-15-0173731,sire
POR11-1152376,CFI2016-6460920,sire
B15-4100576,CFI2016-6460920,dam
POR02-2526415,POR11-1152376,sire
POR05-5507389,POR11-1152376,dam
B13-6139803,B15-4100576,sire
NL11-1159897,CHN2018-155-0295217,sire
CHN15-0124415,CHN2018-155-0295217,dam
NL07-1180473,NL11-1159897,sire
NL07-5719763,NL11-1159897,dam
NL11-1906624,CHN15-0124415,sire
NL12-1799610,CHN15-0124415,dam
NL2011-5000642,CHN2018-15-0298345,sire
CHN2016-0337975,CHN2018-15-0298345,dam
NL11-5000642,CHN2015-15-0121000,sire
CHN2013-15-211178,CHN2015-15-0121000,dam
CHN2011-15-260080,CHN16-15-0232691,sire
CHN2011-15-260082,CHN16-15-0232691,dam
CHN2016-0337802,CHN17-15-0328870,sire
NL13-1239683,CHN17-15-0328870,dam
NL11-1407780,CHN2018-0295222,sire
NL11-1782104,CHN2018-0295222,dam
CHN2016-0337891,CHN17-15-0328841,sire
CHN2014-460328,CHN17-15-0328841,dam
NL11-1736843,CHN12-15-239266,sire
NL09-1180929,CHN12-15-239266,dam
CHN2016-15-0235615,CHN2017-15-0448861,sire
CHN2016-15-0235942,CHN2017-15-0448861,dam
NL13-1239654,CHN2015-15-0120777,sire
NL11-1736843,CHN2018-15-0298191,sire
CHN13-210070,CHN14-15-184019,sire
CHN2013-211067,CHN14-15-184019,dam
CHN2013-15-211178,CHN2017-15-0448888,dam
CHN2013-211070,CHN2015-15-0120976,sire
CHN2013-211067,CHN2015-15-0120976,dam
CHN15-0120621,CHN2018-15-0295227,dam
NL13-1239268,CHN2014-15-195438,sire
NL13-1239654,CHN2014-15-195475,sire
NL10-1682133,CHN2014-15-195475,dam
CHN2015-0130737,CHN2018-15-0298310,sire
CHN2013-211178,CHN2018-15-0298310,dam
NL09-1054581,NL11-1612276,sire
NL09-1186592,NL11-1612276,dam
NL98-1215842,NL09-1054581,sire
NL04-1849869,NL09-1054581,dam
NL06-2162375,NL09-1186592,sire
NL02-1635264,NL09-1186592,dam
CHN2015-0130737,CHN2018-15-0298305,sire
CHN2013-211178,CHN2018-15-0298305,dam
NL04-2050258,CHN15-15-0130737,sire
NL05-1394730,CHN15-15-0130737,dam
NL11-1407780,CHN2017-15-0328982,sire
CHN2013-211178,CHN2017-15-0328982,dam
NL11-1736843,SH2018-0136,sire
NL11-1612276,SH2018-0136,dam
NL13-1239654,CHN2016-15-0212270,sire
CHN14-15-184109,CHN2016-15-0212270,dam
CHN14-15-184369,CHN2016-15-0235611,sire
NL11-1782104,CHN2016-15-0235611,dam
NL08-1174850,CHN2014-15-184109,sire
NL07-5705110,CHN2014-15-184109,dam
NL11-1407780,CHN17-15-0349111,sire
NL11-1612276,CHN17-15-0349111,dam
CHN2014-184369,CHN2016-15-0212007,sire
CHN2014-15-184369,CHN2019-15-0288757,sire
CHN14-15-184369,CHN2016-15-0212231,sire
CHN14-15-184297,CHN2016-15-0212231,dam
CHN2014-184369,CHN2017-15-0349000,sire
B11-4311217,CHN2017-15-0349000,dam
CHN2014-15-184369,CHN2017-15-0349222,sire
B11-4311217,CHN2017-15-0349222,dam
CHN2016-0337907,CHN2017-15-0328778,sire
B11-4311217,CHN2017-15-0328778,dam
CHN14-15-184369,CHN16-15-0212078,sire
BE13-2022005,CHN16-15-0212078,dam
CHN2013-210070,CHN2018-15-0278883,sire
BE13-2022005,CHN2018-15-0278883,dam
CHN2014-15-184369,CHN2018-15-0298006,sire
CHN2015-15-0120890,CHN2018-15-0298006,dam
NL12-1618379,CHN2015-15-0120721,sire
NL11-1612276,CHN2015-15-0120721,dam
CHN14-15-184277,CHN2018-15-0298362,sire
CHN2017-15-0328865,CHN2018-15-0298362,dam
CHN2013-232569,CHN2015-15-0120662,dam
CHN2014-15-195438,CHN2015-15-0124375,sire
CHN2014-15-034398,CHN2015-15-0124375,dam
CHN13-15-232569,CHN2015-15-0120662,dam
NL13-1239559,CHN2016-15-0337891,sire
CHN2015-0120792,CHN2017-15-0328981,sire
CHN2016-0227664,CHN2017-15-0328981,dam
NL11-5000642,CHN2018-15-042240,sire
B11-4311217,CHN2018-15-042240,dam
CHN2018-0298108,CHN2019-15-0001928,sire
CHN2016-0337998,CHN2019-15-0001928,dam
CHN2015-0130737,CHN2018-15-0298408,sire
CHN2017-0349111,CHN2018-15-0298408,dam
NL2016-1019331,CHN2018-15-0298083,sire
NL2011-1612276,CHN2018-15-0298083,dam
NL13-1239559,CHN16-15-0337896,sire
NL2013-1299268,CHN2018-15-0298034,sire
NL2014-1071865,CHN2018-15-0298034,dam
NL2011-1741053,NL2013-1299268,sire
NLDV06720-08-1216,NL2013-1299268,dam
NL2005-552555,NL2014-1071865,sire
NL2005-5514315,NL2014-1071865,dam
NL11-1736843,CHN12-15-223855,sire
NL11-1394369,CHN12-15-223855,dam
CHN2016-0337907,CHN2018-15-0298288,sire
B11-4311217,CHN2018-15-0298288,dam
CHN2016-0337907,CHN2017-15-0328999,sire
B11-4311217,CHN2017-15-0328999,dam
CHN2016-0212270,CHN2017-15-03239000,sire
CHN2016-0337998,CHN2017-15-03239000,dam
NL11-5000642,CHN2014-15-184017,sire
CHN2009-15-235250,CHN2014-15-184017,dam
CHN13-210070,CHN16-15-0337906,sire
CHN15-0120621,CHN16-15-0337906,dam
CHN2014-15-184369,CHN2016-15-0237111,sire
NL11-1782104,CHN2016-15-0237111,dam
CHN14-15-184369,CHN16-15-0212083,sire
BE13-2022005,CHN16-15-0212083,dam
NL04-2050258,CHN2014-15-184329,sire
NL05-1394730,CHN2014-15-184329,dam
NL99-5901735,NL12-1799610,sire
NL05-2102009,NL12-1799610,dam
CHN2015-15-0120775,CHN2016-15-0212141,dam
C08-680147,CHN2015-15-0120923,sire
NL12-1295917,CHN2015-15-0120923,dam
CHN2016-0212235,CHN2019-26-0780148,sire
CHN2016-0227664,CHN2019-26-0780148,dam
NL11-1736843,CHN2016-0212235,sire
NL05-1394730,CHN2016-0212235,dam
BELG1997-3221723,BELG2005-3185125,sire
BELG2000-3070879,BELG2005-3185125,dam
BELG1988-3206112,BELG2001-3031005,sire
BELG1996-3156104,BELG2001-3031005,dam
BELG1998-6160968,BELG2001-6455003,sire
BELG1995-6302321,BELG2001-6455003,dam
BELG2000-6141426,BELG2004-6073709,sire
BELG2002-6113358,BELG2004-6073709,dam
BELG2001-6455003,BELG2010-6339953,sire
BELG2006-6405134,BELG2010-6339953,dam
BELG2001-6455003,BELG2009-6348461,sire
NL2007-1817551,BELG2009-6348461,dam
BELG2000-4352680,BELG2001-4443227,dam
BELG1995-4192444,BELG2005-4045391,dam
BELG1993-2132123,BELG2006-2082218,sire
BELG1998-5242527,BELG2006-2082218,dam
BELG2000-2102302,BELG2004-2211623,sire
BELG2002-2324581,BELG2004-2211623,dam
BELG1998-3042872,BELG2003-3053580,sire
BELG1998-3042809,BELG2003-3053580,dam
B98-3158062,B06-3204735,sire
B01-3172930,B06-3204735,dam
B92-3233008,B98-3158062,sire
B93-3354340,B98-3158062,dam
B06-3008003,B13-3159470,sire
B09-3188087,B13-3159470,dam
B09-4280723,B09-3188087,sire
NL13-1544934,NL14-1355442,sire
B10-3047091,B16-3138842,sire
B11-2076039,B16-3138842,dam
B05-3006583,B10-3047091,sire
B04-3069721,B10-3047091,dam
B03-2183842,B11-2076039,sire
B05-3006565,B11-2076039,dam
B08-6338800,B15-6091722,sire
B13-6321505,B15-6091722,dam
B00-6367169,B08-6338800,sire
B06-6210001,B08-6338800,dam
B08-6338005,B13-6321505,sire
B06-6210001,B13-6321505,dam
B07-6363262,B15-6091511,sire
B06-6210472,B15-6091511,dam
B03-6086300,B07-6363262,sire
B05-6453372,B07-6363262,dam
B96-6286083,B06-6210472,sire
B99-6000159,B06-6210472,dam
NL03--5301441,NL2007--1829161,sire
NL01---5150236,NL2007--1829161,dam
NL05-1572337,NL08-1700771,sire
NL03-1321203,NL08-1700771,dam
NL2003-115475,NL2009-1871193,sire
NL2007-1817923,NL2009-1871193,dam
BEL2106-3138799,BEL2018-3128686,sire
BEL2015-4236222,BEL2018-3128686,dam
B10-5031650,B14-2023632,sire
B13-5020961,B14-2023632,dam
DV06720-06-477,B12-5030852,sire
B08-2242323,B12-5030852,dam
NL04-1790575,NL2010-1692557,sire
NL05-1405235,NL2010-1692557,dam
B08-6232613,B14-6265845,sire
B08-6232634,B14-6265845,dam
B07-6140124,B08-6232634,sire
B07-6140130,B08-6232634,dam
NL12-1755851,NL13-1312549,sire
NL12-3215459,NL13-1312549,dam
NL10-1836644,NL12-1755851,sire
NL08-1700513,NL12-1755851,dam
NL09-1346726,NL12-3215459,sire
NL07-1978074,NL12-3215459,dam
NL10-1164711,NL13-1174055,sire
B11-4008805,CHN14-10-928393,sire
B10-4253222,CHN14-10-928393,dam
B11-5056981,CHN12-15-296909,dam
B11-4008805,CHN14-10-928394,sire
B10-4253222,CHN14-10-928394,dam
B06-3003086,B12-3041389,sire
B08-3003071,B12-3041389,dam
B97-3087828,B06-3003086,sire
B02-3231901,B06-3003086,dam
DV10-08857-172,CHN17-15-0368638,sire
DV11-08857-11,CHN17-15-0368638,dam
B06-3003086,B15-3002985,sire
B08-3003071,B15-3002985,dam
DV10-08857-172,CHN16-15-0353158,sire
DV11-08857-11,CHN16-15-0353158,dam
B03-3239132,B11-3046609,sire
B08-3003071,B11-3046609,dam
NL13-1174055,CHN17-15-0012650,sire
CHN13-32-120040,CHN17-15-0012650,dam
DV9188-06-1478,CH07-00649,dam
NL03-0329590,NL09-1283864,sire
NL04-0425434,NL09-1283864,dam
DV06765-00-224,DV01063-11-778,sire
DV01063-06-49,DV01063-11-778,dam
B08-6050147,B13-6306722,sire
B07-6399395,B08-6050147,sire
B01-6521674,B08-6050147,dam
B09-6358199,B11-6341685,sire
B07-6404515,B09-6358199,sire
B08-6368045,B09-6358199,dam
B10-5011898,B11-6334541,sire
B05-5222993,B10-5011898,sire
B08-5169567,B10-5011898,dam
B06-6410690,B09-6358667,sire
B01-6455003,B06-6410690,sire
B06-6148382,B09-6356757,sire
B99-6063949,B06-6148382,sire
B98-6110712,B07-6371033,sire
B98-6580502,B07-6371033,dam
B95-6651537,B98-6110712,sire
B96-6452296,B98-6580502,sire
B96-6165098,B98-6580502,dam
B07-6229023,B12-6321150,sire
B07-6229074,B12-6321150,dam
B02-6354241,B07-6229023,sire
B06-6407360,B07-6229074,sire
B03-6460032,B07-6229074,dam
NL11-1747281,NL15-1710595,sire
B13-3160010,NL15-1710595,dam
NL08-1549073,NL11-1747281,sire
NL08-1549094,NL11-1747281,dam
B04-3238525,B13-3160010,sire
B11-3073341,B13-3160010,dam
NL08-1549031,NL15-1710585,sire
B12-3161554,NL15-1710585,dam
NL03-5301441,NL08-1549031,sire
NL02-5236676,NL08-1549031,dam
B08-3029481,B12-3161554,sire
B07-3189603,B12-3161554,dam
B11-3172540,NL15-1710547,sire
NL09-1195381,NL15-1710547,dam
B09-3049709,B11-3172540,sire
B09-3097056,B11-3172540,dam
NL08-1549099,NL09-1195381,sire
NL08-1549056,NL09-1195381,dam
B12-3161555,NL14-1063731,sire
NL12-1623693,NL14-1063731,dam
B08-3028187,B12-3161555,sire
B07-3089612,B12-3161555,dam
NL08-1549099,NL12-1623693,sire
NL07-1786810,NL12-1623693,dam
NL13-1243845,NL14-1063667,sire
NL13-1243767,NL14-1063667,dam
NL12-1623785,NL13-1243845,sire
NL11-1747324,NL13-1243845,dam
NL09-1195373,NL13-1243767,sire
B10-3020225,NL13-1243767,dam
NL09-1186040,NL13-1243753,sire
NL10-5007933,NL13-1243753,dam
NL00-1975952,NL09-1186040,sire
NL06-4720774,NL09-1186040,dam
NL08-1549017,NL10-5007933,sire
NL09-1195379,NL10-5007933,dam
NL09-1195365,NL12-1623778,sire
NL08-1549035,NL12-1623778,dam
NL04-2062002,NL09-1195365,sire
B03-6192766,NL09-1195365,dam
NL03-5301441,NL08-1549035,sire
B07-3204311,NL08-1549035,dam
B06-3008003,B11-3070188,sire
B07-3199953,B11-3070188,dam
B08-6245262,B14-6304995,sire
B11-6261357,B14-6304995,dam
B99-6151734,B08-6245262,sire
B04-6277729,B08-6245262,dam
B94-6495178,B11-6261357,sire
B09-6130504,B11-6261357,dam
B06-6154779,B12-6317786,sire
B06-6154680,B12-6317786,dam
B99-6151734,B06-6154779,sire
B01-6153558,B06-6154779,dam
B03-2191342,B06-6154680,dam
B99-6151618,B10-6165025,sire
B09-6130504,B10-6165025,dam
B07-6110237,B09-6130504,dam
NL07-2007621,NL14-1210040,sire
NL06-1266956,NL14-1210040,dam
B10-4039081,B12-3122813,sire
B09-3099297,B12-3122813,dam
B10-4284674,B11-3113315,sire
B09-3099294,B11-3113315,dam
B05-4344528,B10-4284674,sire
B04-4391334,B10-4284674,dam
B03-3114300,B09-3099294,sire
B05-4344619,B09-3099294,dam
B00-3120985,B09-3039289,sire
B08-3088877,B09-3039289,dam
B03-3114300,B00-3120985,sire
B04-3230751,B00-3120985,dam
B03-3114102,B08-3088877,sire
B02-3020638,B08-3088877,dam
B08-6384340,B09-6080686,sire
B08-6232759,B09-6080686,dam
B12-6125535,B13-6090969,sire
B08-6098435,B13-6090969,dam
B13-6090768,B14-6165223,sire
B10-6154912,B14-6165223,dam
B09-6080627,B13-6090768,sire
B10-6154908,B13-6090768,dam
B04-6294688,B10-6154912,sire
B08-6098404,B10-6154912,dam
B11-6110093,B14-6165232,sire
B12-6125537,B14-6165232,dam
B08-6098445,B11-6110093,sire
B09-6080678,B11-6110093,dam
B13-6090704,B14-6165231,sire
B13-6090708,B14-6165231,dam
B08-6098445,B13-6090704,sire
B09-6080678,B13-6090704,dam
B09-6080690,B13-6090708,sire
B06-6414596,B13-6090708,dam
B13-6090704,B14-6165230,sire
B13-6090708,B14-6165230,dam
B13-6090706,B14-6165228,sire
B13-6090760,B14-6165228,dam
B10-6154901,B13-6090706,dam
B08-6098445,B13-6090760,sire
B09-6080678,B13-6090760,dam
B12-6125535,B14-6165135,sire
B06-6295728,B14-6165135,dam
B10-6154931,B12-6125535,sire
B08-6098287,B12-6125535,dam
B99-6030606,B06-6295728,sire
B99-3085120,B06-6295728,dam
B09-6080665,B13-6083783,dam
B10-6038377,B13-6082525,sire
B09-6222652,B12-6233302,sire
B09-6222624,B10-6037277,sire
B11-6282019,B15-6267048,dam
B07-6221452,B11-6282019,sire
B05-6234001,B11-6282019,dam
B10-6052293,B14-6176308,dam
B10-6251600,B13-6046523,sire
B10-6052381,B13-6046523,dam
B07-6221588,B10-6052381,sire
B07-6221550,B13-6046512,sire
B10-6052442,B13-6046512,dam
B01-6387174,B10-6052442,sire
B06-6411619,B10-6052442,dam
B08-6174622,B13-6046478,sire
B10-6052591,B13-6046478,dam
B01-6401491,B08-6174622,sire
B04-6374259,B08-6174622,dam
B07-6221050,B10-6052591,sire
B12-6026513,B13-6046451,sire
B11-6332492,B13-6046451,dam
B06-6270462,B12-6026513,sire
B10-6346674,B12-6026513,dam
B03-6277418,B11-6332492,sire
B05-6234189,B08-6164565,dam
B03-6287064,B05-6234189,sire
B00-6249019,B05-6234189,dam
B11-4245840,B14-3135850,dam
B09-3095085,B14-3135844,dam
B10-3047217,B14-3135838,sire
B99-5118824,B03-2310912,sire
B94-2061168,B01-2137150,dam
B97-3157416,B04-2294930,sire
B97-3157401,B04-2294930,dam
B01-2137150,CHN2014-15-386161,sire
B04-2294930,CHN2014-15-386161,dam
B02-3003886,B03-2251065,sire
B99-6143863,B03-2251065,dam
B06-2082300,CHN2014-15-104981,sire
B03-2251065,CHN2014-15-104981,dam
B04-5174902,B08-2040398,sire
B00-2352683,B08-2040398,dam
B92-2198165,B06-2082073,sire
B01-3076096,B06-2082073,dam
AU05-5509,AU13-13995,sire
AU06-6680,AU13-13995,dam
AU96-7210,AU05-5509,sire
AU95-5448,AU05-5509,dam
AU00-45252,AU06-6680,sire
AU97-8427,AU06-6680,dam
B93-6501201,B05-6085365,sire
DV05-09948-298,DV01769-09-775,dam
DV02-04715-1594,DV05-09948-298,sire
DV01-04715-1338,DV05-09948-298,dam
NL13-1248194,BE15-4254107,sire
D06218-14-302,BE15-4254107,dam
B93-6501202,B2006-6307544,sire
B02-3025836,B2010-5143270,sire
B07-5067346,B2010-5143270,dam
B09-6323111,B2013-6215566,sire
B11-6244765,B2013-6215566,dam
NL11-1908158,NL2012-1988813,sire
NL11-6049922,NL2012-1988813,dam
B07-6033105,B12-6307257,sire
B10-6031731,B12-6307257,dam
B08-207817,BELG2010-5177087,sire
B06-2094655,BELG2010-5177087,dam
B05-2136760,B08-207817,sire
B06-2073135,B08-207817,dam
B04-2294976,B06-2094655,sire
B04-2294930,B06-2094655,dam
B05-3006569,B06-2077703,sire
B01-4174034,B06-2077703,dam
B00-4065848,B05-2105255,sire
B01-6254387,B06-6173150,sire
B02-3227861,B06-6173150,dam
B99-5236262,B06-5115107,sire
NL01-1842659,NL08-1630507,sire
NL02-0271563,NL08-1630507,dam
B00-6440232,B06-6410690,dam
B08-6050156,B10-6146233,sire
B00-6440232,B10-6146233,dam
B03-2140085,B05-2196204,sire
B96-2184574,B05-2196204,dam
B98-6110722,B06-6405133,sire
B01-6096237,B06-6405133,dam
CHN09-15-213266,CHN11-15-057484,sire
CHN07-15-115977,CHN11-15-057484,dam
CC2002-1043,CHN09-15-213266,sire
CC02-02-048896,CHN09-15-213266,dam
CC03-030444,CHN07-15-115977,sire
CC04-299775,CHN07-15-115977,dam
B96-6376126,CC03-030444,sire
B94-6261321,CC03-030444,dam
B94-6668861,CC04-299775,dam
B88-6717673,CHN2008-15-239957,dam
B98-3200237,B88-6717673,sire
GL93-3993,B88-6717673,dam
TW93-103725,C2002-1097,sire
TW93-238804,C2002-1097,dam
NL82-1325105,TW93-103725,sire
B82-5000628,TW93-103725,dam
NL88-2692608,TW93-238804,sire
B86-9122830,TW93-238804,dam
C09-027471,CHN10-15-185849,sire
CHN07-15-218633,CHN10-15-185849,dam
C04-044633,C09-027471,sire
C08-000076,C09-027471,dam
CC2002-1043,CHN07-15-218633,sire
CHN05-02-023608,CHN07-15-218633,dam
B88-6717673,CHN07-15-218633,dam
B88-6725723,CC2002-1043,sire
B88-6717673,CC2002-1043,dam
BELG2007-3201208,BELG2011-3175270,sire
BELG2010-3026078,BELG2011-3175270,dam
BELG2002-3037204,BELG2007-3201208,sire
BELG2005-3064207,BELG2007-3201208,dam
BELG2003-3236839,BELG2010-3026078,sire
BELG2009-3065848,BELG2010-3026078,dam
NL02-1644564,NL06-1078025,sire
NL04-0447254,NL06-1078025,dam
CHN07-15-115969,CHN2012-15-215698,sire
CHN07-15-115921,CHN2012-15-215698,dam
NL98-1279335,CHN07-15-115969,sire
NL96-2293298,CHN07-15-115969,dam
NL98-1279298,CHN07-15-115921,sire
NL98-1279297,CHN07-15-115921,dam
CC07-071282,CC2012-085756,sire
NL00-2040299,CC07-071282,sire
NL00-2040285,CC07-071282,dam
NL2002-1739739,CC2010-250969,dam
NL96-5660145,NL2002-1739739,sire
BELG2001-5025988,NL2002-1739739,dam
B88-6717673,C2002-1043,dam
CC2011-082842,CHN2015-15-0191634,sire
CC2011-081269,CHN2015-15-0191634,dam
B90-72431,CC2011-082842,sire
B88-28221,CC2011-082842,dam
B88-65822,CC2011-081269,sire
B94-9080164,CC2011-081269,dam
CC2011-081013,CHN2015-15-0191872,sire
CHN2011-15-060594,CHN2015-15-0191872,dam
CC99-009699,CC2011-081013,sire
CC99-047691,CC2011-081013,dam
B92-2486761,CHN2011-15-060594,sire
CC00-201045,CHN2011-15-060594,dam
NL06-1078025,CHN2014-15-278369,sire
NL04-0447254,CHN2014-15-278369,dam
B97-6592452,CC04-299775,sire
B89-6150123,B97-6592452,sire
B93-6440308,B97-6592452,dam
B93-6440306,B94-6668861,sire
B87-6337115,B94-6668861,dam
NL00-2040299,WN2010-10234,sire
NL00-2040285,WN2010-10234,dam
NL98-1279739,NL00-2040299,sire
NL94-7009666,NL00-2040299,dam
NL96-2331552,NL00-2040285,sire
NL95-1936669,NL00-2040285,dam
CHN10-15-185847,CHN2011-15-057709,sire
CC10-314503,CHN2011-15-057709,dam
C04-044633,CHN10-15-185847,sire
C08-000076,CHN10-15-185847,dam
CC2002-1043,CC10-314503,sire
CHN05-02-023608,CC10-314503,dam
B93-13187,CC05-385138,sire
TW95-193065,CC05-385138,dam
B87-27088,B93-13187,sire
B91-11089,B93-13187,dam
B86-16743,TW95-193065,sire
B90-72456,TW95-193065,dam
NL2002-1739739,CC2010-250504,dam
CHN11-15-057529,CHN12-15-190334,sire
CHN10-15-259310,CHN12-15-190334,dam
CC023-1097,CHN11-15-057529,sire
CC2002-1097,CHN2015-15-0192997,sire
TW93-238804,CHN2015-15-0192997,dam
CHN11-15-057484,CHN13-15-091862,sire
CHN2007-15-115964,CHN13-15-091862,dam
CC08-177004,CHN10-15-259340,sire
CC08-080133,CHN10-15-259340,dam
CC03-260007,CC08-177004,sire
CC03-260922,CC08-177004,dam
CC03-260036,CC08-080133,sire
CC00-179370,CC08-080133,dam
CC2002-1097,CHN10-15-259306,sire
C04-299775,CHN10-15-259306,dam
TW93-103723,CC2002-1097,sire
TW93-238804,CC2002-1097,dam
B96-6598548,CC04-299768,sire
B94-6261321,CC04-299768,dam
B89-6150123,B96-6598548,sire
B92-6162729,B94-6261321,sire
B93-6440307,B94-6261321,dam
CC2002-1043,CHN10-15-259333,sire
B88-6717673,CHN10-15-259333,dam
NL2002-1739739,CC2009-055230,dam
B88-6717673,CHN10-15-187624,dam
CHN2011-15-057586,CHN2012-15-189279,sire
B88-6717673,CHN2012-15-189279,dam
B88-6725723,CHN2011-15-057586,sire
B88-6717673,CHN2011-15-057586,dam
CC2002-1043,CHN2011-15-057586,sire
BELG2007-3201208,BELG2012-3032547,sire
BELG2010-3026078,BELG2012-3032547,dam
CC2002-1043,CHN2009-15-213266,sire
B88-6717673,CHN2009-15-213266,dam
CC2002-1043,CHN2009-15-226030,sire
B88-6717673,CHN2009-15-226030,dam
CC2002-1043,CHN08-15-226444,sire
B88-6717673,CHN08-15-226444,dam
CC2002-1043,CHN2010-15-187610,sire
B88-6717673,CHN2010-15-187610,dam
B88-6717673,CHN10-15-259013,dam
CC07-071656,CHN08-15-239915,sire
CHN07-15-115977,CHN08-15-239915,dam
NL05-0530235,CC07-071656,sire
B01-6455067,CC07-071656,dam
NL98-5812165,CHN07-15-115977,sire
NL00-2148083,CHN07-15-115977,dam
NL2002-1739739,CC2011-082004,dam
CC2002-1043,CHN11-15-057555,sire
B88-6717673,CHN11-15-057555,dam
CC2002-1097,CHN11-15-366049,sire
C04-299775,CHN11-15-366049,dam
TW02-014623,CC2011-082258,sire
CC02-286123,CC2011-082258,dam
GL91-1488973,CC02-286123,sire
NL2002-1739739,CC2008-288135,dam
NL2002-1739739,CC2010-250968,dam
CHN2007-15-115921,CHN2011-15-057527,dam
BELG89-3075014,CHN2007-15-115921,sire
BELG93-3273003,CHN2007-15-115921,dam
C04-044633,C2009-027471,sire
C08-000076,C2009-027471,dam
BELG96-3101043,C04-044633,sire
C2004-133063,C08-000076,sire
BELG03-3020346,C08-000076,dam
TW93-103725,CC2010-428739,sire
TW93-238804,CC2010-428739,dam
TW98-098518,TW93-103725,sire
TW94-111208,TW93-103725,dam
B86-2118002,TW93-238804,sire
B92-2198041,TW93-238804,dam
CC2002-306492,CC2010-250679,sire
B04-3001844,CC2010-250679,dam
C2002-1097,CHN2012-15-189098,sire
TW93-238804,CHN2012-15-189098,dam
NL82-1325105,C2002-1097,sire
B82-5000628,C2002-1097,dam
C09-027471,CHN2010-15-185847,sire
CHN07-15-218633,CHN2010-15-185847,dam
C2002-1097,CHN2010-15-259066,sire
TW93-238804,CHN2010-15-259066,dam
CC2002-1043,CHN08-15-211666,sire
B88-6717673,CHN08-15-211666,dam
GL96-0236,C02-02-048896,sire
CC98-110129,C02-02-048896,dam
B89-6727915,GL96-0236,sire
TW94-111245,GL96-0236,dam
TW96-313511,CC98-110129,sire
B92-2526241,CC98-110129,dam
CHN05-15-089772,C08-33-022135,sire
C06-01-120587,C08-33-022135,dam
C02-15-320972,CHN05-15-089772,sire
C02-15-320963,CHN05-15-089772,dam
C00-10-020260,C06-01-120587,sire
C00-10-020248,C06-01-120587,dam
CC2005-385735,CC2011-082061,sire
CC2005-338561,CC2011-082061,dam
BELG2002-3120203,CC2005-385735,sire
NL2002-1739739,CC2005-385735,dam
B03-3003688,CC2005-338561,sire
CC2002-223145,CC2005-338561,dam
GL96-0236,CC05-385910,sire
CC98-110121,CC05-385910,dam
TW95-82313,CC98-110121,sire
GL93-8503,CC98-110121,dam
CC05-385910,CHN2013-15-091680,sire
CC98-110121,CHN2013-15-091680,dam
B89-6727915,CC05-385910,sire
TW94-111245,CC05-385910,dam
CNH11-15-060525,CHN2013-15-091869,sire
CC04-299869,CHN2013-15-091869,dam
B87-27088,CNH11-15-060525,sire
B91-11089,CNH11-15-060525,dam
B93-13187,CC04-299869,sire
TW95-193065,CC04-299869,dam
CC02-286009,CC11-082623,sire
CC05-385901,CC11-082623,dam
TW94-111300,CC02-286009,sire
TW98-19825,CC02-286009,dam
TW01-259801,CC05-385901,sire
TW00-108844,CC05-385901,dam
CHN11-15-057527,CHN2012-15-189251,sire
CHN07-15-115968,CHN2012-15-189251,dam
CHN07-15-115921,CHN11-15-057527,dam
CHN02-15-286160,CHN07-15-115968,sire
CHN04-15-162988,CHN07-15-115968,dam
B97-2378787,BELG07-2015400,dam
B04-6095738,BELG2008-6338325,sire
B06-2075920,BELG2008-6338325,dam
B94-6323005,B04-6095738,sire
B90-6652120,B04-6095738,dam
B02-6503571,B06-2075920,sire
B00-6545658,B06-2075920,dam
BELG08-2145608,CHN2011-15-057739,dam
CC05-385077,CC11-081113,sire
CC03-260775,CC11-081113,dam
TW94-111278,CC05-385077,sire
B94-9080122,CC05-385077,dam
CC02-286039,CC03-260775,sire
TW01-259809,CC03-260775,dam
BELG03-6486770,CHN2011-15-060550,sire
BELG08-6338325,CHN2011-15-060550,dam
BELG93-6621023,BELG03-6486770,sire
BELG90-6652120,BELG03-6486770,dam
B02-6503571,BELG08-6338325,sire
B00-6545658,BELG08-6338325,dam
CC02-286352,CHN10-15-259348,sire
CC08-080133,CHN10-15-259348,dam
B88-8901,CC02-286352,sire
B88-28221,CC02-286352,dam
B88-65822,CC08-080133,sire
B94-9080164,CC08-080133,dam
BELG03-6486770,CHN11-15-060540,sire
BELG08-6338325,CHN11-15-060540,dam
T03-343463,CHN2009-15-226226,sire
CHN03-15-120385,CHN2009-15-226226,dam
BELG03-6486770,CHN2012-15-189056,sire
BELG08-6338325,CHN2012-15-189056,dam
CHN2009-15-226226,CHN2013-15-019165,sire
CHN03-15-120385,CHN2013-15-019165,dam
CHN2009-15-226226,CHN2013-15-091114,sire
CHN03-15-120385,CHN2013-15-091114,dam
CC08-177004,CHN2010-15-259339,sire
CC08-080133,CHN2010-15-259339,dam
WN03-030504,CHN2013-15-091144,sire
TW04-65814,CHN2013-15-091144,dam
B90-50072,WN03-030504,sire
TW94-111234,WN03-030504,dam
B88-65822,TW04-65814,sire
B93-13188,TW04-65814,dam
CC02-286352,CHN2012-15-215788,sire
CC2008-080133,CHN2012-15-215788,dam
B88-65822,CC2008-080133,sire
B94-9080164,CC2008-080133,dam
CC2002-1097,CHN2014-15-278005,sire
TW93-238804,CHN2014-15-278005,dam
CHN11-15-060550,CHN2013-15-091374,sire
BELG08-6338325,CHN2013-15-091374,dam
BELG93-6621023,CHN11-15-060550,sire
BELG90-6652120,CHN11-15-060550,dam
CHN10-15-259333,CHN2012-15-212752,sire
B88-6717673,CHN2012-15-212752,dam
B88-6725723,CHN10-15-259333,sire
CHN10-193542,CHN2015-15-0191059,sire
CHN98-10-538799,CHN10-193542,sire
CHN98-10-539145,CHN10-193542,dam
CC2005-385735,CC2010-314558,sire
CC2005-338561,CC2010-314558,dam
CC2008-177006,CC2011-081148,sire
CC2006-059004,CC2011-081148,dam
B99-6078724,BELG08-6338325,sire
B99-6061109,BELG08-6338325,dam
CHN08-15-226444,CHN2012-15-197355,sire
B88-6717673,CHN2012-15-197355,dam
B88-6725723,CHN08-15-226444,sire
CC03-260014,CC2011-082590,sire
CC06-059734,CC2011-082590,dam
B87-27088,CC03-260014,sire
B91-11089,CC03-260014,dam
B86-16743,CC06-059734,sire
B90-72456,CC06-059734,dam
BELG08-2226642,CHN2011-15-057534,sire
BELG08-2145608,CHN2011-15-057534,dam
B98-2425539,BELG08-2226642,sire
B94-5328517,BELG08-2226642,dam
B03-2035944,BELG08-2145608,sire
B04-2018544,BELG08-2145608,dam
BELG03-6486770,CHN2011-15-060539,sire
BELG08-6338325,CHN2011-15-060539,dam
CC10-250793,CHN2011-15-064425,sire
CC10-250692,CHN2011-15-064425,dam
B03-6192545,CC10-250793,sire
B00-6141430,CC10-250793,dam
B99-6078724,CC10-250692,sire
B99-6061109,CC10-250692,dam
B03-2035944,BELG08-2145624,sire
B04-2018544,BELG08-2145624,dam
NL88-1868032,NL98-1279335,sire
NL79-342670,NL98-1279335,dam
NL90-1251415,CC04-299775,sire
NL89-1853897,CC04-299775,dam
B05-5148378,B2015-5153881,sire
B14-2022434,B2015-5153881,dam
B01-6182211,B05-5148378,sire
B03-5071209,B05-5148378,dam
B08-5061019,B14-2022434,sire
B12-5030350,B14-2022434,dam
B05-5148477,B2015-5153784,sire
B13-2022474,B2015-5153784,dam
B01-6182211,B05-5148477,sire
B03-5071209,B05-5148477,dam
B08-5061019,B13-2022474,sire
B12-5030350,B13-2022474,dam
BELG2009-6356672,NL2014-1654665,dam
BELG2007-6399401,BELG2009-6356672,dam
B98-6112410,AU03-9294,sire
AU01-9000,AU03-9294,dam
B96-5078397,B2002-5051917,sire
B95-5119588,B2002-5051917,dam
B98-2106530,B2002-5051803,dam
B98-6112410,AU2003-9294,sire
AU01-9000,AU2003-9294,dam
B2008-6128013,B2010-2801800,sire
B2008-6128650,B2010-2801800,dam
B2001-6025830,B2008-6128013,sire
B2003-6054690,B2008-6128013,dam
B99-2160328,B2008-6128650,sire
B2000-6003259,B2008-6128650,dam
DV02098-08-520,DV02098-13-768,sire
DV07259-10-665,DV02098-13-768,dam
DV02098-07-261,DV02098-12-607,sire
DV02098-10-1477,DV02098-12-607,dam
DV02098-97-330,DV02098-06-330,sire
DV02098-02-330,DV02098-06-330,dam
B10-6297742,B12-6023352,sire
B09-2035886,B12-6023352,dam
B10-6163736,B11-6119152,sire
B10-6213112,B14-6072319,sire
B09-5052387,B14-6303290,sire
B08-6259169,B14-6303290,dam
B94-4407032,B08-5166543,sire
B03-5241862,B08-5166543,dam
B91-4261261,B07-4093399,sire
B04-4277243,B07-4093399,dam
B03-6287040,BELG2006-6270413,dam
B94-07348443,B03-6287040,sire
B95-6300210,B03-6287040,dam
DV02098-05-868,DV03432-19-902,sire
DV02098-10-1525,DV03432-19-902,dam
B05-6045015,B07-6043932,sire
B03-6192757,B07-6043932,dam
B05-6045093,B07-6369501,sire
B03-6192536,B07-6369501,dam
B03-6192634,B06-6148141,sire
B03-6032900,B06-6148141,dam
B99-2005141,B03-2182096,sire
B00-2107147,B03-2182096,dam
B99-2005027,B06-2090139,sire
B04-2180106,B06-2090139,dam
B01-6455003,B10-6339903,sire
B07-6043922,B10-6339903,dam
B03-6032896,B05-6045400,sire
B03-6192606,B05-6045400,dam
BE05-6166350,B07-6076422,sire
BE02-6091900,B07-6076422,dam
B09-3187450,B12-3070040,sire
B05-5201292,B12-3070040,dam
B04-5174972,B05-5201292,sire
B02-2325795,B05-5201292,dam
NL98-5821416,NL02-2373106,sire
NL99-5971353,NL02-2373106,dam
BE98-6335690,BE09-6111599,sire
BE08-6259169,BE09-6111599,dam
BE09-2100552,BE11-2076149,sire
BE05-3006565,BE11-2076149,dam
B01-3031065,B09-3096056,sire
B10-6297768,B13-6123550,sire
B11-6240042,B13-6123550,dam
B10-6297768,B13-6123549,sire
B11-6240042,B13-6123549,dam
B07-6363262,B13-6122500,sire
B04-6470741,B13-6122386,sire
DV04167-02-537,DV04167-08-353,sire
B98-6586786,DV05726-06-580,dam
NL95-9545408,NL01-0179433,sire
NL94-9453553,NL01-0179433,dam
NL94-9410369,NL02-0271851,sire
NL97-9779802,NL02-0271851,dam
NL94-9410369,NL02-0271873,sire
NL97-9779802,NL02-0271873,dam
B00-5244099,C2013-14-028521,sire
B02-6455413,C2013-14-028521,dam
B99-5268087,B2003-5063091,sire
B99-5268097,B2003-5063091,dam
B00-5143517,B06-5010638,sire
B00-5244073,B06-5010638,dam
B96-6038445,B00-5143517,sire
B94-6108650,B00-5143517,dam
B96-6038485,B00-5244073,sire
B96-6938419,B00-5244073,dam
B99-5197303,B06-5010845,sire
B99-5197345,B06-5010845,dam
B99-5268087,C14-14-017142,sire
B99-5268097,C14-14-017142,dam
B2003-5063091,B99-5268087,sire
B06-5010638,B99-5268087,dam
B96-6038485,B99-5268097,sire
B96-6938419,B99-5268097,dam
B00-5244099,B05-5124315,sire
B02-6455413,B05-5124315,dam
B00-5143517,C14-14-017111,sire
B00-5244073,C14-14-017111,dam
C09-061508,B00-5143517,sire
B06-5010638,B00-5143517,dam
B00-5143517,C14-14-113760,sire
B00-5244073,C14-14-113760,dam
B00-6178544,B99-5268097,dam
B03-5071666,B2011-5010873,sire
B00-5271057,B2011-5010873,dam
NL92-1222512,NL76-1837108,sire
NL97-1582849,NL76-1837108,dam
NL88-1868032,NL79-342670,sire
NL91-2057875,NL79-342670,dam
NL06-2034262,NL2010-5019044,sire
NL2005-1195561,NL2010-5019044,dam
NL06-1016518,NL07-1766702,sire
NL06-1016550,NL07-1766702,dam
CGN2008-26-190045,CHN2015-26-2298295,sire
CHN2013-26-198303,CHN2015-26-2298295,dam
CHN2005-26-009014,CGN2008-26-190045,sire
NL1999-2240856,CGN2008-26-190045,dam
B2002-4159754,CHN2013-26-198303,sire
DV2001-0709-724,CHN2013-26-198303,dam
BE14-6228816,BE2017-6262303,sire
BE14-6228637,BE2017-6262303,dam
BE13-6320512,BE14-6228816,sire
BE12-6023329,BE14-6228816,dam
BE10-6031728,BE14-6228637,sire
BE10-6031750,BE14-6228637,dam
B2012-3002153,B2015-2107517,sire
B2012-3040651,B2015-2107517,dam
B2006-3206856,B2012-3002153,sire
B2006-3134115,B2012-3002153,dam
B2003-3028094,B2012-3040651,sire
B2005-5059381,B2012-3040651,dam
NL04-1495398,NL08-1337586,sire
NL05-1071158,NL08-1337586,dam
NL06-1682840,NL08-1337872,sire
NL05-1060700,NL08-1337872,dam
NL2007-1817921,NL2010-1681866,dam
NL1998-1249340,NL2007-1817921,sire
NL2005-1394721,NL2007-1817921,dam
NL2000-2148049,NL2010-1681814,sire
NL2007-1817969,NL2010-1681814,dam
NL09-1332498,NL12-1737051,sire
NL2005-1441789,NL2009-1185914,sire
NL2007-1818007,NL2009-1185914,dam
NL2004-2050373,NL2007-1818007,sire
NL2002-1635222,NL2007-1818007,dam
NL2006-2162254,NL2010-1682376,sire
NL2007-1817907,NL2010-1682376,dam
NL2007-1817850,NL2010-1682353,dam
NL1999-2360329,NL2007-1817850,sire
NL2006-4720774,NL2007-1817850,dam
NL1998-1215809,NL2001-1886622,sire
NL1998-1215865,NL2001-1886622,dam
NL2000-1975960,NL2002-1635116,sire
NL1999-2360302,NL2002-1635116,dam
B07-6385069,BE12-6321523,sire
B10-6146336,BE12-6321523,dam
B1991-4261261,B2004-4277483,sire
B1997-4237625,B2004-4277483,dam
B2002-4247620,B2006-2178881,sire
B2000-4065887,B2006-2178881,dam
BE14-2230911,BE2016-4129202,sire
BE11-3011390,BE2016-4129202,dam
BE13-4176517,BE14-2230911,sire
BE13-6143659,BE14-2230911,dam
BE07-3077308,BE11-3011390,dam
BE14-2230911,BE2016-4129201,sire
BE11-3011390,BE2016-4129201,dam
BE14-2230911,BE2016-4129213,sire
BE11-3011390,BE2016-4129213,dam
BE14-2230911,BE2016-4129214,sire
BE11-3011390,BE2016-4129214,dam
BE10-3163953,BE11-3008153,dam
BE12-4128680,BE2015-4108024,dam
BE2015-3025159,BE2017-3008279,sire
BE2012-3089680,BE2017-3008279,dam
BE16-6032012,BE17-6259726,sire
B15-6293477,NL18-1343000,sire
B10-6252631,NL18-1343000,dam
B13-6096329,B15-6293477,sire
B11-6261690,B15-6293477,dam
B03-6277418,B10-6252631,sire
B08-6259267,B10-6252631,dam
B04-3001596,B12-3162837,sire
B10-3179384,B12-3162837,dam
B03-3116214,B04-3001596,sire
B03-3028203,B04-3001596,dam
B03-3003524,B10-3179384,sire
B09-3095001,B10-3179384,dam
B06-6374315,B10-6056302,sire
B02-6509971,B10-6056302,dam
B99-6260005,B06-6374315,sire
B00-6240105,B06-6374315,dam
B01-6123187,B02-6509971,sire
B00-6212020,B02-6509971,dam
B09-6154349,B13-6202660,sire
B10-6056565,B13-6202660,dam
B00-6506376,B09-6154349,sire
B05-5223008,B09-6154349,dam
B06-6411898,B10-6056565,sire
B98-6156404,B10-6056565,dam
NL07-1431246,NL10-1125571,sire
NL06-1827396,NL07-1431246,sire
NL98-1933628,NL10-4786871,sire
NL04-1330896,NL10-4786871,dam
NL97-2253104,NL98-1933628,sire
NL97-2253023,NL98-1933628,dam
NL02-5253353,NL04-1330896,sire
NL01-5167637,NL04-1330896,dam
NL06-1938034,NL11-1063864,sire
NL06-1938059,NL11-1063864,dam
NL97-1132365,NL06-1938034,sire
NL01-5159406,NL06-1938034,dam
NL99-1995098,NL06-1938059,sire
NL01-5159409,NL06-1938059,dam
NL11-1704553,NL13-1196567,sire
NL10-1647811,NL13-1196567,dam
NL04-2001118,NL10-1647811,dam
NL09-3920729,NL12-3222526,sire
NL08-3821038,NL12-3222526,dam
NL08-3819951,NL09-3920729,sire
NL05-1521415,NL09-3920729,dam
NL04-0430783,NL08-3821038,sire
NL03-1262093,NL08-3821038,dam
NL08-1669437,NL11-185876,sire
NL06-1208970,NL11-185876,dam
NL03-1284693,NL08-1669437,sire
NL07-1945997,NL08-1669437,dam
NL05-1541630,NL06-1208970,sire
NL03-1287981,NL06-1208970,dam
NL07-1183604,NL14-14044053,sire
NL09-1649333,NL14-14044053,dam
NL00-1136495,NL07-1183604,sire
NL04-1328708,NL07-1183604,dam
NL07-1183619,NL09-1649333,sire
NL05-1912566,NL09-1649333,dam
NL09-3907257,NL13-3306519,sire
NL11-3013401,NL13-3306519,dam
B99-3285031,NL09-3907257,sire
B99-3285031,NL11-3013401,sire
NL12-1470381,NL14-1823815,sire
NL12-1557329,NL14-1823815,dam
NL07-1652831,NL12-1470381,sire
NL06-2110862,NL12-1557329,sire
B11-6330256,NL13-4729274,sire
NL09-1683808,NL13-4729274,dam
B10-6224158,B11-6330256,sire
B10-6271300,B11-6330256,dam
NL03-1743138,NL09-1683808,sire
NL07-1217871,NL09-1683808,dam
DV07237-11-1601,NL13-1659727,sire
NL04-1395514,NL13-1659727,dam
B08-6293405,DV07237-11-1601,sire
B00-6178820,DV07237-11-1601,dam
NL95-5501868,NL04-1395514,sire
NL94-5602014,NL04-1395514,dam
NL09-2010686,NL15-1507025,sire
NL13-1022966,NL15-1507025,dam
NL05-0534677,NL09-2010686,dam
NL09-2010693,NL13-1022966,sire
NL10-1192901,NL13-1728856,sire
NL11-1470580,NL13-1728856,dam
NL01-1229587,NL10-1192901,sire
NL09-1970768,NL11-1470580,sire
NL09-3951616,NL13-1352197,sire
B02-6080969,B13-6090788,sire
B93-6444034,B02-6080969,sire
DV08098-07-3833,DV08098-11-117,sire
DV08098-07-3281,DV08098-11-117,dam
DV08098-99-3513,DV08098-07-3833,sire
DV08098-02-2623,DV08098-07-3833,dam
DV08098-05-6248,DV08098-07-3281,sire
DV08098-05-6039,DV08098-07-3281,dam
NL08-2020900,NL11-1014017,sire
NL06-1097230,NL08-2020900,dam
NL06-1597166,DV09581-13-1002,sire
NL05-5533086,NL06-1597166,sire
B08-2100903,NL10-1457486,sire
B05-6445624,NL10-1457486,dam
B00-6532153,B08-2100903,sire
B05-6221280,B08-2100903,dam
B98-6589622,B05-6445624,sire
B98-6574986,B05-6445624,dam
B11-1106878,NL14-1404562,sire
NL01-5163045,B11-1106878,sire
NL14-1373376,NL16-4280441,sire
NL15-1850040,NL16-4280441,dam
NL08-2021383,NL14-1373376,sire
DV00825-07-928,NL14-1373376,dam
NL07-2007621,NL15-1850040,sire
NL12-1005204,NL15-1850040,dam
NL09-1556691,NL11-1040755,sire
NL09-2090306,NL11-1040755,dam
B05-6447445,NL09-1556691,sire
NL05-1816780,NL09-1556691,dam
NL08-1869143,NL09-2090306,sire
FR08-376391,NL09-2090306,dam
NL11-1743219,NL15-1729197,sire
NL12-1617527,NL15-1729197,dam
NL08-1542572,NL11-1743219,sire
B09-6348446,NL12-1617527,sire
B10-6339973,NL12-1617527,dam
B07-6368703,B11-6177329,dam
NL14-1060080,NL15-1729287,sire
NL13-1940940,NL15-1729287,dam
NL10-1688197,NL14-1060080,sire
NL05-0530224,NL13-1940940,sire
B11-6167136,NL13-1940940,dam
B13-6043006,B15-6045320,sire
B12-6323641,B15-6159710,sire
B08-6316401,B12-6323641,sire
B08-6316427,B12-6323641,dam
B11-4306431,B16-4108305,sire
B11-4273391,B16-4108305,dam
B09-4327173,B11-4306431,sire
B05-4362295,B11-4273391,sire
NL03-091,B11-4273391,dam
B14-6298070,NL15-1896699,sire
B14-6298066,NL15-1896699,dam
B12-6321401,B14-6298070,sire
B13-6310308,B14-6298070,dam
B11-6333783,B14-6298066,sire
B13-6308479,B14-6298066,dam
DV03095-12-260,DV03095-15-1099,sire
DV3095-13-135,DV03095-15-1099,dam
DV4079-10-1934,DV03095-12-260,sire
DV9984-09-9176,DV03095-12-260,dam
DV51-11-998,DV3095-13-135,sire
NL03-4129151,DV3095-13-135,dam
NL12-1923328,NL14-1930957,sire
NL11-1050302,NL14-1930957,dam
B05-5024279,NL12-1923328,sire
B07-6363026,NL12-1923328,dam
B05-6451194,NL11-1050302,sire
B03-6086336,NL11-1050302,dam
DV01274-10-800,DV06437-14-1436,sire
B06-6405193,DV06437-14-1436,dam
DV01274-04-1241,DV01274-10-800,dam
B04-6470911,B06-6405193,sire
B03-6032888,B06-6405193,dam
B05-6381242,B11-6025176,sire
B06-6201022,B11-6025176,dam
NL10-2024399,NL13-1534244,sire
NL07-1040272,NL13-1534244,dam
NL03-1533148,NL10-2024399,sire
NL05-1759008,NL10-2024399,dam
NL10-2024399,NL13-1534243,sire
NL07-1040272,NL13-1534243,dam
B11-6108682,B14-6049829,sire
B11-6332494,B14-6049829,dam
B03-6277418,B11-6108682,sire
B06-6148105,B11-6108682,dam
B03-6277483,B11-6332494,sire
B10-6052306,B11-6332494,dam
B10-6251601,B15-6022193,sire
B11-3011022,B14-3114121,sire
B12-3112738,B14-3114121,dam
B10-3100938,B11-3011022,sire
B10-3100970,B11-3011022,dam
B11-3011101,B12-3112738,sire
B11-3115769,B12-3112738,dam
DV01553-12-0457,DV02412-15-0323,sire
DV02412-2009-0412,DV02412-15-0323,dam
B14-6059855,B16-6129286,sire
B11-6238250,B16-6129286,dam
B12-6184508,B14-6059855,sire
B09-6041023,B11-6238250,sire
B09-6041064,B11-6238250,dam
NL12-1076878,NL13-1549880,sire
NL09-1556431,NL13-1549880,dam
NL08-2049038,NL12-1076878,dam
NL05-1816706,NL09-1556431,sire
DV08857-07-403,NL09-1556431,dam
B03-6129799,NL2007-2036935,sire
B05-3185140,NL2007-2036935,dam
NL98-1512769,NL07-5729684,sire
BL90-5226682,NL98-1512769,sire
BL97-5166166,NL98-1512769,dam
B03-6129799,NL07-2036936,sire
B05-3185140,NL07-2036936,dam
NL98-1512769,NL2003-1386948,sire
NL98-1512769,NL2005-1628032,sire
CHN2008-333996,NL2008-1760940,sire
BELG2001-6255263,CHN2008-333996,sire
B01-3076095,CHN2008-333996,dam
NL98-2591135,NL2006-1295446,sire
NL98-1512865,NL2006-1295446,dam
NL2008-1760980,NL2013-1419214,sire
NL2006-2179585,NL2013-1419214,dam
NL2007-2036789,NL2008-1760980,sire
NL98-1512769,NL2006-2179585,sire
B02-6504135,NL2006-2179585,dam
NL2006-1295219,NL2008-1760994,sire
NL2005-1628902,NL2008-1760994,dam
B2005-3252513,NL2005-1628032,dam
NL2002-1897972,NL2007-2036923,sire
B2001-3076095,NL2007-2036923,dam
B92-3138647,NL2007-2036785,sire
B95-3336674,NL2007-2036785,dam
NL2004-2248536,CHN2013-29-004443,sire
CHN2012-29-077714,CHN2013-29-004443,dam
NL08-1760960,NL2004-2248536,dam
NL04-1069173,CHN2012-29-077714,sire
NL08-1760960,CHN2012-29-077714,dam
NL08-1760976,NL2012-1808024,sire
NL08-1760990,NL2012-1808024,dam
NL06-2179581,NL08-1760976,sire
DV02376-03-34,NL08-1760976,dam
NL04-1069173,NL08-1760960,sire
NL03-1387087,NL08-1760960,dam
CHN2010-29-050554,CHN2013-29-004445,sire
CHN2010-29-050554,CHN2013-29-008783,sire
CHN2011-29-009777,CHN2013-29-008783,dam
CHN2010-29-228977,CHN2010-29-050554,sire
CHN2010-29-050552,CHN2010-29-050554,dam
NL2004-2248536,CHN2013-29-008800,sire
CHN2012-29-077714,CHN2013-29-008800,dam
NL2004-2248536,CHN2014-29-008989,sire
CHN2012-29-077714,CHN2014-29-008989,dam
NL2008-1760980,NL2013-1419213,sire
NL2006-2179585,NL2013-1419213,dam
CHN2010-29-228977,CHN2014-29-000367,sire
NL2003-1386948,CHN2014-29-000367,dam
NL2004-2248536,CHN2013-29-004442,sire
CHN2012-29-077714,CHN2013-29-004442,dam
NL93-2811780,NL2005-1628510,sire
NL98-1512729,NL2005-1628510,dam
NL2008-1760976,NL2013-1419219,sire
NL2006-2179587,NL2013-1419219,dam
NL2006-2179581,NL2008-1760976,sire
NL91-2580661,NL2008-1760976,dam
B92-3138647,NL2006-2179587,sire
B95-3336674,NL2006-2179587,dam
NL07-2036789,NL08-1760980,sire
B02-3252513,NL08-1760980,dam
NL06-1295296,NL08-1760984,sire
B05-3185139,NL08-1760984,dam
CHN2011-29-053028,CHN2016-29-0000982,sire
NL2004-2248536,CHN2011-29-053028,sire
CHN2010-29-050554,CHN2013-29-130110,sire
NL2008-1760940,CHN2013-29-130110,dam
NL04-1069369,CHN2010-29-050554,sire
B01-3076095,CHN2010-29-050554,dam
B92-3138647,NL2008-1760940,sire
B95-3336674,NL2008-1760940,dam
B03-6129799,NL2007-2036936,sire
B05-3185140,NL2007-2036936,dam
NL08-1760982,NL2013-1419217,sire
NL08-1760978,NL2013-1419217,dam
NL07-2036923,NL08-1760982,sire
B04-3099144,NL08-1760982,dam
NL02-1897972,NL08-1760978,sire
B01-3076095,NL08-1760978,dam
CHN2013-29-004445,CHN2014-2--008996,sire
NL2009-1403349,CHN2014-2--008996,dam
NL2002-1897972,CHN2013-29-004445,sire
B2001-3076095,CHN2013-29-004445,dam
B92-3138647,NL2009-1403349,sire
B95-3336674,NL2009-1403349,dam
NL08-1760980,CHN2013-29-130117,sire
NL2012-1808013,CHN2013-29-130117,dam
NL06-1295296,NL2012-1808013,sire
B05-3185139,NL2012-1808013,dam
B05-3185099,NL12-1623825,dam
B92-3138647,B05-3185099,sire
B95-3336674,B05-3185099,dam
BL90-5226682,NL2007-5729680,sire
BL97-5166166,NL2007-5729680,dam
NL94-4113816,NL2007-5729685,sire
B01-3076089,NL2007-5729685,dam
NL98-1512769,NL2007-5729680,sire
NL2006-2179581,NL2013-1419210,sire
NL91-2580661,NL2013-1419210,dam
NL2007-2037040,CHN2014-32-188980,sire
NL2007-2179589,CHN2014-32-188980,dam
NL98-1512769,NL2007-2037040,sire
BL97-5166166,NL2007-2037040,dam
NL93-2811780,NL2007-2179589,sire
NL93-1386948,NL2007-2179589,dam
NL98-1512769,NL2007-5729682,sire
NL2007-2037040,CHN2014-32-188979,sire
NL2007-2179589,CHN2014-32-188979,dam
NL07-2037040,NL09-1403465,sire
NL05-1628989,NL09-1403465,dam
NL98-1512769,NL07-2037040,sire
NL05-1628994,NL07-2037040,dam
NL93-2811780,NL05-1628989,sire
NL93-1386948,NL05-1628989,dam
NL2004-2248536,CHN2016-29-0000994,sire
NL98-1512769,CHN2015-29-0011588,sire
BL97-5166166,CHN2015-29-0011588,dam
B02-3026089,NL12-1651449,sire
B01-3076129,NL12-1651449,dam
B92-3138647,B02-3026089,sire
B95-3336674,B02-3026089,dam
B88-3307763,B01-3076129,sire
B93-3010103,B01-3076129,dam
NL07-2036975,CHN2013-29-188130,dam
B94-6495178,B04-6231763178,sire
B01-6153558,B04-6231763178,dam
B10-6166377,B00-6272299,sire
B97-2076191,B00-6272299,sire
B00-6272299,B10-6166322,sire
B05-6221281,B10-6166322,dam
B97-6362086,B00-6272299,sire
B96-6307033,B00-6272299,dam
B03-6226043,B05-6221281,sire
B01-6153558,B05-6221281,dam
B04-6231730,B10-6166392,sire
B06-6154673,B10-6166392,dam
B00-6272030,B06-6154673,sire
B03-6226167,B06-6154673,dam
B04-6231763178,B10-6166377,sire
B07-6110331,B10-6166377,dam
B07-6110234,B10-6166343,sire
B05-6221288,B10-6166343,dam
B99-6151734,B07-6110234,sire
B05-6221063,B07-6110234,dam
B02-6121576,B05-6221288,sire
B91-2306167,B97-2076191,sire
B2002-3025836,NL2003-5301514,sire
NL2001-5150429,NL2003-5301514,dam
BE99-3020065,BE02-3025836,sire
BE87-3089349,BE02-3025836,dam
BE00-6141004,BE04-5081172,sire
BE02-5247865,BE04-5081172,dam
NL06-1554412,NL07-1644231,sire
BE01-3025111,NL07-1644231,dam
BE03-5161395,BE04-5234608,sire
BE02-5247878,BE04-5234608,dam
NL03-5301441,NL05-2201701,sire
B02-3025837,NL03-5301441,sire
B87-3089349,NL03-5301441,dam
NL2004-2062002,NL05-5534839,sire
NL2003-5301440,NL05-5534839,dam
B99-3151680,NL2004-2062002,sire
B97-3106500,NL2004-2062002,dam
B02-3025837,NL2003-5301440,sire
NL98-5870048,NL2003-5301440,dam
BE01-6182211,BE08-5116142,sire
BE07-5080068,BE08-5116142,dam
BE97-6523459,BE01-6182211,sire
BE95-6311264,BE01-6182211,dam
B99-5091084,BE07-5080068,dam
NL01-5150256,NL04-2061907,sire
NL99-5957871,NL04-2061907,dam
NL96-5666043,NL01-5150256,sire
NL90-5098896,NL01-5150256,dam
B96-2013439,NL99-5957871,sire
NL95-5569883,NL99-5957871,dam
BE04-3237404,NL11-1937499,sire
NL10-1891510,NL11-1937499,dam
B97-3221723,BE04-3237404,sire
B87-3089349,BE04-3237404,dam
NL08-1760981,NL10-1891510,sire
NL08-1760926,NL10-1891510,dam
NL01-2290656,NL08-1884105,sire
NL95-5592203,NL01-2290656,sire
NL85-8535638,NL01-2290656,dam
NL08-1549024,NL10-1693025,sire
B05-6233900,NL08-1549024,sire
B00-6141430,NL08-1549024,dam
NL08-1549183,NL10-1693015,sire
B07-3204324,NL08-1549183,sire
B95-3227773,NL08-1549183,dam
NL09-1195373,NL12-1623840,sire
NL02-1647196,NL09-1195373,sire
NL89-5930255,NL09-1195373,dam
NL08-1549024,NL12-1623801,sire
NL02-5236638,NL08-1549154,sire
NL92-5205136,NL02-5236638,sire
NL87-5709861,NL02-5236638,dam
NL02-1504246,NL05-1405598,sire
NL02-5236704,NL05-1405598,dam
NL94-7007312,NL02-1504246,sire
NL84-1446347,NL02-1504246,dam
NL99-2371470,NL02-5236704,sire
NL96-5666044,NL02-5236704,dam
NL06-1979423,NL08-1303017,sire
NL96-1939701,NL06-1979423,sire
NL88-2988147,NL06-1979423,dam
B97-3157176,BELG2004-3001666,sire
B02-3236477,BELG2004-3001666,dam
B91-3204047,B97-3157176,sire
B77-3064419,B97-3157176,dam
B96-3305249,B02-3236477,dam
B999-3020065,B04-3037447,sire
BE87-3089349,B04-3037447,dam
B96-2013439,NL01-5150294,sire
NL95-5569883,NL01-5150294,dam
NL95-1600079,NL04-1790907,sire
NL89-2536485,NL04-1790907,dam
NL04-1791211,NL05-1137376,dam
B94-5328252,B96-5078073,sire
B89-5338464,B96-5078073,dam
B93-5010004,B03-5071203,sire
B95-5119252,B03-5071203,dam
NL04-1073271,NL07-1829167,sire
NL06-1078593,NL07-1829167,dam
NL99-4019864,NL04-1073271,sire
NL91-2917874,NL04-1073271,dam
NL03-5301441,NL06-1078593,sire
NL03-5301440,NL06-1078593,dam
B2014-6298902,B2017-6237521,sire
B2013-6245643,B2017-6237521,dam
B2013-6221506,B2018-6098119,sire
B2017-6237521,B2018-6098119,dam
B2811-6342458,B2015-6078301,sire
B2013-6221529,B2015-6078301,dam
BE07-5035388,CHN13-17-144133,sire
BE10-4127357,CHN13-17-144133,dam
BE07-5035388,SGP13-130009,sire
CHN13-17-14133,SGP19-0190104,sire
SGP18-1860370,SGP19-0190104,dam
BELG10-3029525,SGP18-1860370,sire
BELG16-6263072,SGP18-1860370,dam
BE12-5158636,C15-01-0005053,sire
BE11-4246007,C15-01-0005053,dam
BE11-5047137,BE12-5158636,sire
BE10-5110400,BE12-5158636,dam
BE07-5035393,BE11-5047137,sire
BE07-5195006,BE11-5047137,dam
BE04-5006082,BE10-5110400,sire
BE08-5192920,BE10-5110400,dam
BE04-4181432,BE13-6273309,sire
BE09-4015222,BE13-6273309,dam
BE07-5035389,SGP13-130310,sire
NL07-1207567,SGP13-130310,dam
BE07-5035389,SGP13-130199,sire
NL07-1877787,SGP13-130199,dam
BELG10-3029525,SGP18-1860369,sire
BELG10-3029525,SGP14-140372,sire
BELG10-4127357,SGP14-140372,dam
BELG11-6341535,CHN16-01-05818,sire
NL11-1343958,CHN16-01-05818,dam
BELG07-5035389,SGP16-151195,sire
BELG07-5195092,SGP16-151195,dam
BELG08-6374779,SGP16-151670,dam
BELG07-5035389,SGP16-151603,sire
BELG08-6374779,SGP16-151603,dam
BELG07-5035389,SGP16-151671,sire
BELG08-6374779,SGP16-151671,dam
BE07-5035389,CHN13-13-035038,sire
NL09-3944172,CHN13-13-035038,dam
BE07-5035389,SGP14-140003,sire
NL09-3944172,SGP14-140003,dam
BE07-5035389,SGP14-140263,sire
SGP13-130266,SGP14-140263,dam
NL13-1219580,SGP19-0290015,sire
BELG12-6140414,SGP19-0290015,dam
BE11-4161717,NL13-1219580,sire
NL10-1667315,NL13-1219580,dam
BE07-5035389,SGP14-140402,sire
SGP13-130266,SGP14-140402,dam
BELG07-075035388,SGP14-140127,sire
BELG07-5035388,SGP14-140396,sire
BELG11-6341531,SGP14-140396,dam
CHN13-11-158878,SGP15-150270,sire
SGP13-130256,SGP15-150270,dam
BELG07-075035388,SGP16-151289,sire
SGP14-140403,SGP16-151289,dam
BELG07-5035388,SGP17-170128,sire
BELG08-5027772,SGP17-170128,dam
BELG07-5035388,SGP17-170540,sire
SGP14-140004,SGP17-170540,dam
BELG07-5035388,SGP17-170735,sire
SGP14-140004,SGP17-170735,dam
BE07-5035388,SGP16-151290,sire
SGP14-140403,SGP16-151290,dam
BE11-4161717,SGP15-150502,sire
NL09-3944172,SGP15-150502,dam
BE11-4161717,SGP150-150197,sire
NL09-3944172,SGP150-150197,dam
BELG11-4161717,SGP15-150199,sire
NL09-3944172,SGP15-150199,dam
BE10-3029525,CHN13-13-055736,sire
BE12-2035857,CHN13-13-055736,dam
BE10-2035010,BE12-2035857,sire
BE10-3179303,BE12-2035857,dam
BELG07-5035388,SGP17-170074,sire
BELG08-5027772,SGP17-170074,dam
NL12-1598460,C13-13-016413,sire
NL02-2049323,NL12-1598460,sire
NL07-1765741,NL12-1598460,dam
BE11-6341535,C13-11-158878,sire
BE02-6354241,BE11-6341535,sire
BE10-3029525,C13-13-055736,sire
BE12-2035857,C13-13-055736,dam
BE11-6265080,C13-11-158824,sire
BE09-6326192,BE12-6042596,sire
BE08-6374778,BE12-6042596,dam
NL07-2007622,NL10-1864788,sire
NL09-1375305,NL10-1864788,dam
SGP17-170544,CHN18-00-H000677,sire
BELG14-6298396,CHN18-00-H000677,dam
BE11-4161717,SGP17-170544,sire
NL10-1864788,SGP17-170544,dam
CHN13-17-144133,SGP19-0190105,sire
SGP18-1860370,SGP19-0190105,dam
SGP13-130299,CHN14-01-05586,sire
SGP12-000085,CHN14-01-05586,dam
NL13-121958,SGP19-0190066,sire
BELG12-6140414,SGP19-0190066,dam
SGP13-130009,CHN16-11-0173643,sire
NL13-1394332,SGP15-150413,sire
NL12-1784625,NL13-1394332,sire
NL12-1784574,NL13-1394332,dam
SGP13-130009,CHN16-11-0170274,sire
BELG12-6042596,CHN16-11-0170274,dam
SGP13-13-130199,CHN16-13-0037517,sire
BE11-4161717,SGP17-170095,sire
NL10-1864788,SGP17-170095,dam
B12-4278285,C2018-17-0009742,sire
C13-11-158828,C2018-17-0009742,dam
BE11-5056980,C13-11-158828,sire
BE12-6023495,C13-11-158828,dam
BE09-5052386,BE11-5056980,sire
BE10-6031772,BE12-6023495,sire
BE09-6358795,BE12-6023495,dam
BE06-4361304,BE08-4276703,sire
BE07-4027809,BE08-4276703,dam
BE05-6451851,BE12-6314335,sire
BE05-6052027,BE12-6314335,dam
SGP14-140305,CHN18-00-H000610,sire
BELG12-6042564,CHN18-00-H000610,dam
BE12-6314399,CHN16-01-00016,sire
BE11-2070451,CHN16-01-00016,dam
BE04-6202115,BE12-6314399,sire
BE07-6229162,BE12-6314399,dam
BE11-5056980,CHN13-11-158828,sire
BE12-6023495,CHN13-11-158828,dam
BELG2003-6257240,BE10-6031772,sire
BE12-6314338,CHN14-01-010004,sire
NL10-1864788,CHN14-01-010004,dam
BE07-6229033,BE12-6314338,sire
BE06-6346099,BE12-6314338,dam
BE11-4161717,SGP15-150501,sire
BE11-4161717,SGP15-150199,sire
BE11-4161717,SGP15-150197,sire
BE11-4161717,SGP15-150500,sire
BELG12-6314334,CHN16-13-0016680,sire
CHN14-13-060413,CHN16-13-0016680,dam
BELG12-6314334,CHN16-13-0016681,sire
CHN14-13-060413,CHN16-13-0016681,dam
CHN16-01-00017,CHN18-00-A000218,sire
SGP15-150270,CHN18-00-A000218,dam
BE10-3029525,BE12-3098328,sire
BE07-3068060,BE12-3098328,dam
BE07-4014480,BE13-4001081,sire
BE05-4408025,BE13-4001081,dam
BE12-6323113,C13-11-158890,sire
BE12-6042564,C13-11-158890,dam
BE03-6460062,BE12-6323113,sire
BE06-6413727,BE12-6323113,dam
BE04-6202033,BE12-6042564,sire
BE09-6326077,BE12-6042564,dam
BE08-5000573,SGP14-140011,sire
BE11-4292543,SGP14-140011,dam
SGP17-170710,SGP18-1860290,sire
BELG12-2035818,SGP18-1860290,dam
BELG12-6042460,CHN15-01-0005009,sire
CHN13-13-055736,CHN15-01-0005009,dam
BE04-5006088,SGP14-140382,dam
SGP14-140127,CHN16-01-05825,sire
BE14-6298397,CHN16-01-05825,dam
BE14-6168603,BE14-6298397,sire
BE11-6177155,BE14-6298397,dam
SGP12-000088,CHN13-13-016413,dam
NL13-1219580,CHN15-01-00539,sire
BELG12-6140414,CHN15-01-00539,dam
NL07-2007621,NL11-1912596,sire
NL10-1083069,NL11-1912596,dam
BE09-6326192,BE14-6303298,sire
BE08-6374778,BE14-6303298,dam
BE07-6229105,BE12-6314371,sire
BE08-6259134,BE12-6314371,dam
BE13-4176405,BE15-4013080,dam
BE14-6168603,BE14-6298396,sire
BE11-6177155,BE14-6298396,dam
BE08-2222675,NL14-1040669,sire
NL11-1722484,NL14-1040669,dam
BE13-6273309,BE14-2347438,sire
BE09-4015222,BE14-2347438,dam
BE13-6053068,BE14-6085156,sire
BE09-6222557,BE14-6085156,dam
NL11-3014703,NL14-1116510,sire
BE10-2007026,NL14-1116510,dam
NL11-3014703,NL14-3413349,sire
NL08-3812041,NL14-3413349,dam
NL11-3014703,NL14-3413348,sire
NL08-3812041,NL14-3413348,dam
NL11-3014703,NL14-3413332,sire
NL08-3812041,NL14-3413332,dam
NL04-5430805,NL14-1462363,sire
NL12-4703552,NL14-1462363,dam
BE09-6111726,BE14-1053400,dam
BE11-9065429,BE14-1053399,sire
BE09-6111726,BE14-1053399,dam
DV02884-07-194,NL13-1395618,sire
NL10-1864745,NL13-1395618,dam
NL11-1912507,NL12-1783767,sire
NL10-1864325,NL12-1783767,dam
BE09-6326192,BE13-6143549,sire
BE08-6259140,BE13-6143549,dam
BE96-6618311,BE09-6326192,sire
BE02-6506323,BE09-6326192,dam
BE05-6054295,BE08-6259140,sire
BE05-6054214,BE08-6259140,dam
BE11-4161717,NL14-1040426,sire
NL13-1219423,NL14-1040426,dam
BE11-4161717,NL14-1040412,sire
NL09-1138066,NL14-1040412,dam
BE11-4161717,NL14-1040410,sire
NL12-1598480,NL14-1040410,dam
BE11-4161717,NL14-1040334,sire
NL08-1268891,NL14-1040334,dam
BE11-4161717,NL14-1040324,sire
NL08-1268891,NL14-1040324,dam
BE10-4240933,BE14-6228603,sire
BE10-4231598,BE14-6228603,dam
BE11-4220607,BE13-4176402,sire
BE12-4163423,BE13-4176402,dam
BE11-4220607,BE13-4176401,sire
BE12-4163423,BE13-4176401,dam
BE11-4161717,NL13-1219630,sire
NL10-1667350,NL13-1219630,dam
BE11-4161717,NL13-1219628,sire
NL10-1667389,NL13-1219628,dam
BE11-4161717,NL13-1219549,sire
NL07-1765713,NL13-1219549,dam
BE11-4161717,NL13-1219548,sire
NL07-1765713,NL13-1219548,dam
BE05-6052111,BE13-6143765,sire
BE05-4323802,BE13-6143765,dam
BE10-6143270,BE13-6143482,dam
BE02-6354241,BE10-6143270,sire
BE08-6259143,BE10-6143270,dam
NL12-4703552,NL13-1655065,dam
NL04-1919872,NL12-4703552,sire
NL00-1211111,NL12-4703552,dam
BE11-5170096,BE12-5158660,sire
BE11-5170084,BE12-5158660,dam
BE08-5000573,BE11-5170096,sire
BE09-5026772,BE11-5170096,dam
BE05-5123179,BE11-5170084,sire
BE07-5195006,BE11-5170084,dam
BE06-4288140,BE11-4278475,sire
BE05-4344619,BE11-4278475,dam
BE03-4364134,BE06-4288140,dam
BE00-3127222,BE05-4344619,sire
BE00-3256861,BE05-4344619,dam
BE09-5026965,BE12-5158650,sire
BE09-5026800,BE12-5158650,dam
NL06-4072063,NL09-3944154,sire
NL07-2031380,NL09-3944154,dam
NL11-1911966,NL12-1783769,sire
NL11-1911962,NL12-1783769,dam
NL07-2007622,NL11-1911966,sire
NL09-1374857,NL11-1911966,dam
NL10-3054660,NL12-1783757,sire
NL09-3944172,NL12-1783757,dam
NL04-5435151,NL12-1784619,sire
NL11-1912492,NL12-1784619,dam
NL04-5435151,NL12-1784585,sire
NL09-1375422,NL12-1784585,dam
NL10-1864791,NL12-1784577,sire
NL10-1029922,NL12-1784577,dam
NL04-5435151,NL12-1784556,sire
NL11-1912492,NL12-1784556,dam
NL04-5435151,NL12-1784537,sire
NL06-1267011,NL12-1784537,dam
NL04-5435151,NL12-1784566,sire
NL07-2007848,NL12-1784566,dam
NL04-5435151,NL12-1784565,sire
NL07-2007848,NL12-1784565,dam
BE11-5047142,BE12-5158630,sire
BE11-5035527,BE12-5158630,dam
BE07-5035388,BE11-5047142,sire
BE05-5217167,BE11-5035527,sire
BE11-5047143,BE12-5158627,sire
BE11-5047141,BE12-5158627,dam
BE07-5035388,BE11-5047143,sire
BE11-3070200,BE12-2041349,sire
BE07-2051441,BE12-2041349,dam
BE10-3179304,BE12-2041348,sire
BE04-2279208,BE12-2041348,dam
BE07-6033105,BE12-6023471,sire
BE10-6031731,BE12-6023471,dam
BE08-6338642,BE12-2035883,sire
BE10-2035177,BE12-2035883,dam
BE10-2035010,BE12-2035878,sire
BE06-2147464,BE12-2035878,dam
BE10-2035010,BE12-2035854,sire
BE10-3179303,BE12-2035854,dam
BE10-3179304,BE12-2035818,sire
BE10-2035087,BE12-2035818,dam
BE08-6338642,BE10-2035087,sire
BE05-2085084,BE11-6049916,sire
BE05-6052176,BE11-6049916,dam
BE05-6054295,BE11-6226214,sire
BE05-6054214,BE11-6226214,dam
BE03-6460062,BE12-6314330,sire
BE07-6229106,BE12-6314330,dam
BE05-6052212,BE12-6042475,sire
BE08-6091121,BE12-6042475,dam
BE02-6354241,BE12-6042497,sire
BE08-6259143,BE12-6042497,dam
BE08-6259264,BE12-6042513,sire
BE06-64111972,BE12-6042513,dam
BE07-6229144,BE12-6323112,sire
BE08-6259130,BE12-6323112,dam
BE05-6052018,BE12-6314348,sire
BE08-6374778,BE12-6314348,dam
BE05-6054295,BE12-6314340,sire
BE08-6259151,BE12-6314340,dam
BE02-6354241,BE12-6042323,sire
BE08-6374778,BE12-6042323,dam
BE07-6229144,BE12-6314327,sire
BE08-6559130,BE12-6314327,dam
BE02-6354241,BE08-6559130,sire
BE05-6052111,BE12-6314393,sire
BE05-6118235,BE12-6314393,dam
BE05-6451851,BE12-6314334,sire
BE05-6052027,BE12-6314334,dam
BE07-6229033,BE12-6042565,sire
BE08-6259140,BE12-6042565,dam
NL04-2050343,NL15-1706334,sire
NL12-1619176,NL15-1706334,dam
NL2000-1975952,NL04-2050343,sire
NL00-1976014,NL04-2050343,dam
NL04-2050373,NL12-1619176,sire
NL10-1682188,NL12-1619176,dam
NL2010-1682105,NL2013-1239665,sire
NL2005-1394772,NL2012-1618383,sire
NL2006-2162253,NL2012-1618383,dam
NL01-1886777,NL2005-1394772,sire
NL00-1975921,NL2005-1394772,dam
NL2003-1135475,NL2011-1137087,sire
NL07-1817993,NL2011-1137087,dam
NL2000-1975952,NL07-1817993,sire
NL2006-4720774,NL07-1817993,dam
B2001-6182211,B2008-5116090,sire
B2004-5081154,B2008-5116090,dam
NL2002-1635193,NL10-1681728,sire
NL07-1817993,NL10-1681728,dam
NL1993-2696113,NL2002-1635193,sire
NL2001-1886692,NL2002-1635193,dam
BE04-6293144,B2006-6154436,sire
BE03-6457591,B2006-6154436,dam
NL11-2018422,B2016-3142458,dam
NL05-2169066,NL11-1395076,sire
NL08-1159021,NL11-1395076,dam
NL04-2057671,NL05-2169066,sire
NL99-2367642,NL05-2169066,dam
NL04-1627077,NL08-1159021,sire
NL07-1432009,NL08-1159021,dam
DV01759-08-93,CHN2016-13-0029878,dam
DV07237-06-352,DV03145-13-1408,sire
DV03145-09-2609,DV03145-13-1408,dam
DV02098-99-802,DV07237-06-352,sire
DV07237-06-352,DV03145-09-2609,sire
DV07237-05-541,DV03145-09-2609,dam
DV04715-08-1699,DV04715-13-285,sire
NL08-1458959,DV04715-13-285,dam
NL96-1434249,DV04715-08-1699,sire
DV00452-99-347,DV04715-08-1699,dam
NL05-2188870,NL08-1458959,sire
NL07-1736730,NL08-1458959,dam
DV051-12-498,DV3095-14-5,sire
DV3095-13-201,DV3095-14-5,dam
NL07-2054958,DV051-12-498,sire
NL02-4164459,DV051-12-498,dam
NL11-1068570,DV3095-13-201,sire
NL08-5815333,DV3095-13-201,dam
DV051-10-494,DV03095-13-143,sire
DV51-12-479,DV03095-13-143,dam
B03-6427447,DV051-10-494,sire
B98-6239868,DV051-10-494,dam
DV51-11-689,DV51-12-479,sire
NL04-4147478,DV51-12-479,dam
BE00-5221420,RO11-0400994,sire
RO09-423441,RO11-0400994,dam
BE91-5332645,BE00-5221420,sire
BE96-5078311,BE00-5221420,dam
RO03-12376,RO09-423441,sire
RO02-228762,RO09-423441,dam
NL01-1378389,NL09-4215465,sire
NL05-2194448,NL09-4215465,dam
NL07-1131911,NL09-1724597,sire
NL05-4272890,NL09-1724597,dam
DV04411-08-134,DV04411-14-1059,sire
DV13-001,DV04411-14-1059,dam
DV6449-99-704,DV04411-08-134,sire
DV01298-06-291,DV03236-13-661,sire
DV01769-07-1068,DV03236-13-661,dam
NL05-1748745,NL10-1947908,sire
NL06-1356798,NL10-1947908,dam
NL99-1679978,NL05-1748745,sire
NL03-1522075,NL05-1748745,dam
NL05-1693022,NL06-1356798,sire
NL05-1693132,NL06-1356798,dam
DV01298-06-291,DV01759-08-93,sire
DV01759-06-57,DV01759-08-93,dam
DV03236-02-809,DV03236-10-942,sire
DV08978-06-1935,DV03236-10-942,dam
DV03236-06-916,DV03236-08-955,dam
DV03236-97-351,DV03236-09-1805,sire
DV05591-87-838,DV03236-97-351,sire
B08-5096219,BELG2009-8004270,dam
B01-5254685,B08-5096219,sire
B05-5033666,B08-5096219,dam
NL09-1861340,DV03236-12-793,sire
NL10-1297443,DV03236-12-793,dam
NL05-5522944,NL09-1861340,sire
NL04-5409053,NL09-1861340,dam
NL05-2135981,NL10-1297443,sire
NL03-1965794,NL10-1297443,dam
NL09-1861340,DV03236-12-646,sire
NL10-1297443,DV03236-12-646,dam
NL09-1861340,DV03236-12-645,sire
NL10-1297443,DV03236-12-645,dam
DV03236-09-1868,DV03236-12-755,sire
DV03236-07-5,DV03236-09-1868,sire
DV03236-09-1868,DV03236-12-586,sire
NL04-2050373,NL09-1186025,sire
NL05-1394729,NL09-1186025,dam
NL03-2036127,NL07-5707509,sire
NL02-1235332,NL07-5707509,dam
B10-5011874,B12-6321259,sire
B06-5188476,B10-5011874,sire
DV03236-99-522,DV03236-06-425,sire
DV03236-03-514,DV03236-06-425,dam
DV03236-95-1706,DV03236-99-522,sire
B89-6366789,DV03236-99-522,dam
DV03236-02-234,DV03236-03-514,sire
B96-6465512,DV03236-03-514,dam
NL99-2209555,DV03236-06-599,dam
NL95-5590327,NL99-2209555,sire
NL93-2559631,NL99-2209555,dam
DV03236-98-639,DV03236-08-444,sire
DV05591-85-573,DV03236-98-639,sire
DV03236-94-1029,DV03236-98-639,dam
NL05-5522944,NL06-1795365,sire
NL04-5409053,NL06-1795365,dam
NL02-1145893,NL03-1947814,sire
NL02-1145436,NL03-1947814,dam
NL96-1667289,NL97-5766630,sire
NL95-5528451,NL97-5766630,dam
NL97-1059104,NL04-1693024,sire
NL99-5935200,NL04-1693024,dam
NL02-1145872,NL05-5522939,sire
NL01-1354175,NL05-5522939,dam
NL03-1947808,NL05-5522969,sire
NL00-1451847,NL05-5522969,dam
B09-6293981,B12-6254046,sire
B09-6173202,B12-6254046,dam
B08-6139996,B09-6293981,sire
B08-6139999,B09-6293981,dam
B09-6323136,B11-6244700,sire
B09-6323172,B11-6244700,dam
B01-6519919,B03-6366571,dam
B99-6169909,B01-6519919,sire
B00-6652466,B01-6519919,dam
BELG2013-3164529,CHN2017-08-0104716,sire
BELG98-3158062,BELG2013-3164529,sire
NL08-4752942,NL14-4746261,sire
NL05-1858480,NL14-4746261,dam
NL07-1113743,NL08-4752942,sire
NL07-1113799,NL08-4752942,dam
NL04-2238018,NL05-1858480,sire
NL04-2238022,NL05-1858480,dam
NL2016-1662875,NL2019-1118799,sire
NL2016-1662826,NL2019-1118799,dam
NL2007-2007621,NL2016-1662875,sire
NL2005-1936558,NL2016-1662875,dam
NL2010-1864624,NL2016-1662826,sire
NL2005-1936558,NL2016-1662826,dam
NL2015-1850145,NL2019-1118860,sire
NL2015-1849739,NL2019-1118860,dam
NL2007-2007621,NL2015-1850145,sire
NL2005-1936558,NL2015-1850145,dam
NL2007-2007621,NL2015-1849739,sire
NL2005-1936558,NL2015-1849739,dam
B05-5220434,DV08-08728-597,sire
DV06-01769-1061,DV08-08728-597,dam
B00-5042000,B08-5064738,sire
B07-5080757,B08-5064738,dam
B04-6468295,CHN13-01-563429,sire
NL07-1370822,CHN13-01-563429,dam
B95-6246005,B04-6468295,sire
B98-6523289,B04-6468295,dam
NL00-1925122,NL07-1370822,sire
NL05-2453383,NL07-1370822,dam
NL03-0375941,B2009-4139351,sire
NL05-0547397,B2009-4139351,dam
NL02-0271883,B10-4101162,dam
NL99-9909042,CHN12-01-179101,sire
NL04-0428849,CHN12-01-179101,dam
B1990-6088614,CHN2012-08-060009,sire
B1994-6142751,CHN2012-08-060009,dam
B1990-6088614,CHN2012-08-079999,sire
B1994-6142751,CHN2012-08-079999,dam
BE98-6335690,BE14-6306536,sire
BE04-6307341,BE14-6306536,dam
B2006-6173403,BELG2008-6192155,sire
B2006-6329251,BELG2008-6192155,dam
NL08-1630037,NL09-1277153,sire
B06-6212508,CHN10-01-966664,sire
B05-6170855,CHN10-01-966664,dam
NL94-1812938,CHN13-01-9134102013,sire
NL00-0092192,CHN13-01-9134102013,dam
BE07-6033159,BE09-6111534,sire
BE08-6177699,BE09-6111534,dam
NL03-1077837,NL08-1518337,dam
B08-3172902,B11-3008433,sire
B11-3008416,B13-3031556,sire
B11-3008238,B13-3031556,dam
CHN09-08-076180,CHN05-08-080942,sire
CHN01-11-025728,CHN05-08-080942,dam
B10-6221232,BE10-6221232,sire
B10-6221271,BE10-6221232,dam
NL04-0460868,B10-6221232,sire
NL06-0753414,B10-6221232,dam
B09-2207213,B10-6221271,sire
B09-2207228,B10-6221271,dam
BE08-6130659,BE09-6216191,sire
BE04-6244764,BE09-6216191,dam
NL07-1644107,DV02585-11-728,sire
NL07-1644108,DV02585-11-728,dam
NL08-2048857,NL07-1644107,sire
B06-6410611,NL07-1644107,dam
CHN09-01-891009,NL07-1644108,sire
NL08-1368163,NL07-1644108,dam
CHN2012-03-993721,CHN2016-23-0573086,sire
CHN2012-23-368088,CHN2016-23-0573086,dam
NL09-3959800,NL12-1623708,dam
B99-2036304,CHN2007-03-015974,sire
B01-2137266,CHN2007-03-015974,dam
B90-2553359,B99-2036304,sire
B99-2036373,B99-2036304,dam
B06-5150005,B09-5061264,dam
B95-6246005,BELG2001-6525650,sire
B96-6286052,BELG2001-6525650,dam
B96-6286180,BELG05-6337047,sire
B02-6257989,BELG05-6337047,dam
B88-6240603,B96-6286180,sire
B89-6202092,B96-6286180,dam
B97-6393104,B02-6257989,sire
B99-6438824,B02-6257989,dam
NL04-2246579,T08-149147,sire
T05-105909,T08-149147,dam
NL98-9835817,NL04-2246579,sire
NL94-7070532,NL04-2246579,dam
NL98-9835817,T05-105909,sire
NL94-7070532,T05-105909,dam
BELG11-3070275,NL2015-1545545,sire
BELG12-1438746,NL2015-1545545,dam
BELG06-3008003,BELG11-3070275,sire
BELG07-3199954,BELG11-3070275,dam
BELG11-3070287,BELG12-1438746,sire
NL11-1237134,BELG12-1438746,dam
B00-5234619,B06-5150745,sire
BELG2001-6366291,BL2010-6246164,sire
BELG1993-6440376,BL2010-6246164,dam
BELG1995-6274320,BELG2001-6366291,sire
BELG1995-6224339,BELG2001-6366291,dam
BELG1989-6161024,BELG1993-6440376,sire
BELG1989-6150109,BELG1993-6440376,dam
B89-5176169,B1998-5075834,sire
B82-53154340,B1998-5075834,dam
DV09341-98-770,DV01769-07-1126,sire
DV01769-97-27,DV01769-07-1126,dam
DV2002-06720-537,DV06720-10-28,sire
B03-3203144,BELG2013-3013030,sire
B08-3008274,BELG2013-3013030,dam
DV09341-98-770,DV01769-06-1100,sire
DV01769-97-27,DV01769-06-1100,dam
NL03-1731819,CHN2012-03-507300,sire
NL2004-4784444,CHN2012-03-507300,dam
NL08-1798491,BELG2014-3014556,sire
B08-3008202,BELG2014-3014556,dam
B07-5080547,CHN2014-01-971191,sire
B10-5181728,CHN2014-01-971191,dam
BELG10-2155132,CHN2015-03-0810702,sire
BELG2010-2155227,CHN2015-03-0810702,dam
BELG2007-2162400,BELG2010-2155227,dam
DV02-01769-638,CHN2012-10-888101,sire
DV08-01769-1,CHN2012-10-888101,dam
DV2002-06720-537,DV06720-09-1646,sire
DV02-01769-638,CHN2012-10-990806,sire
CHN11-10-003300,CHN2012-10-990806,dam
B99-4393736,BELG2010-2079372,sire
B05-4045238,BELG2010-2079372,dam
B90-4002911,B99-4393736,sire
B90-4002926,B99-4393736,dam
B91-4261261,B05-4045238,sire
B97-4237808,B05-4045238,dam
BELG2005-4045267,CHN2012-04-169348,sire
BELG2006-4112210,CHN2012-04-169348,dam
BELG1991-4261261,BELG2005-4045267,sire
BELG2001-4383206,BELG2005-4045267,dam
BELG1995-4192444,BELG2006-4112210,dam
NL2009-1375288,CHN14-03-981689,dam
BE01-3266512,NL2009-1375288,sire
NL05-1936558,NL2009-1375288,dam
NL96-1732037,C01-01-455374,sire
NL95-5537385,C01-01-455374,dam
B97-5261930,C04-03-089064,dam
NL07-1372726,C11-05-292064,dam
NL2002-1119009,C09-05-430052,sire
NL2002-1119009,C10-05-013184,sire
NL2002-1119009,C09-05-191062,sire
NL2000-1487958,C09-05-191020,sire
NL2000-1491539,C09-05-191020,dam
NL2000-1487958,C09-05-191126,sire
NL2000-1491539,C09-05-191126,dam
B02-6502107,B10-6246108,sire
B94-6261231,B10-6246108,dam
B06-2178778,B10-9039333,sire
B09-6111726,B10-9039333,dam
B04-6356585,B10-6163820,sire
B05-6341163,B10-6163820,dam
B04-6356585,B10-6163878,sire
B05-6341163,B10-6163878,dam
B04-6356585,B09-6181175,sire
B05-6341163,B09-6181175,dam
B04-6356585,B10-6163821,sire
B05-6341163,B10-6163821,dam
BE02-6354241,BE03-6460062,sire
BE08-6259143,BE03-6460062,dam
B06-6034880,DV0263-15-198,sire
NL06-1405960,DV0263-15-198,dam
B02-6183124,B06-6034880,sire
B03-6108015,B06-6034880,dam
NL96-1173711,NL06-1405960,sire
NL99-1314294,NL06-1405960,dam
B14-6070628,B15-6046456,sire
B10-6031073,B15-6046456,dam
B12-6023227,B14-6070628,sire
B09-6357220,B10-6031073,sire
B06-6033902,B10-6031073,dam
B09-6358524,NL17-1528370,sire
NL13-1528122,NL17-1528370,dam
B02-6114738,B09-6358524,dam
B09-6111640,NL13-1528122,sire
NL04-1052037,NL13-1528122,dam
BE08-6139996,BE14-6091982,sire
BE07-6387871,BE14-6091982,dam
BE10-6339953,BE12-6321673,sire
BE06-6405134,BE12-6321673,dam
B06-3008003,B11-3170510,sire
B05-3224698,B11-3170510,dam
NL01-1823831,NEHU12-Z6279,dam
BE08-6364026,NL01-1823831,sire
BE06-6034716,NL01-1823831,dam
NL04-0450098,NL11-3001379,sire
NL04-0450101,NL11-3001379,dam
NL06-1252818,NL07-3720602,sire
NL06-1168777,NL07-3720602,dam
NL99-9966994,NL06-1252818,sire
NL03-0356957,NL06-1252818,dam
NL04-2155231,NL06-1168777,sire
NL04-2155081,NL06-1168777,dam
NL08-1545435,NL11-1744238,sire
NL06-1073270,NL11-1744238,dam
NL04-2057095,NL08-1545435,sire
NL03-1142129,NL06-1073270,sire
NL01-5149774,NL06-1073270,dam
BE11-6119106,BE12-6023421,sire
BE11-6119124,BE12-6023421,dam
BE03-6257098,BE11-6119106,sire
BE04-6307210,BE11-6119106,dam
BE09-6111534,BE11-6119124,sire
BE07-6033131,BE11-6119124,dam
NL05-5522944,DV03236-12-819,sire
NL10-1297436,DV03236-12-819,dam
NL02-1145880,NL05-5522944,sire
NL07-1399604,NL10-1297436,sire
NL07-1024271,NL10-1986282,sire
NL07-1024278,NL10-1986282,dam
NL03-1514962,NL07-1024271,sire
NL02-2032056,NL07-1024271,dam
NL03-1514977,NL07-1024278,sire
NL02-2032095,NL07-1024278,dam
NL01-2307542,NL04-1186264,sire
NL01-2307540,NL04-1186264,dam
NL99-1337331,NL01-2307542,sire
NL98-1747559,NL01-2307542,dam
NL98-1757263,NL01-2307540,sire
NL98-2587558,NL01-2307540,dam
BE03-4329022,B07-4372477,sire
BE03-4328989,B07-4372477,dam
BE00-3277207,BE06-3054630,sire
BE03-3131024,BE06-3054630,dam
B95-6246005,B06-6210487,sire
B97-6466984,B06-6210487,dam
B01-6455003,B05-6040476,sire
B02-6114966,B05-6040476,dam
B01-2137150,CHN2007-01-127310,sire
B05-2142800,CHN2007-01-127310,dam
B01-2137150,BELG05-2142696,sire
NL07-1207620,NL08-2049372,sire
NL05-1936918,NL08-2049372,dam
NL97-2252909,NL07-1207620,sire
BE08-3172902,B12-3050004,sire
B09-3171470,B12-3050004,dam
B10-5033876,B20011-5010442,sire
B10-5031229,B20011-5010442,dam
B07-5080692,B10-5033876,sire
B07-5080672,B10-5033876,dam
B97-6549507,B07-6398717,sire
B02-6273103,B07-6398717,dam
B99-6479398,B02-6273103,sire
B00-6470319,B02-6273103,dam
BELG05-6037168,BELG13-6250344,sire
BELG06-6052150,BELG13-6250344,dam
BELG96-6086298,BELG05-6037168,sire
BELG01-6041056,BELG05-6037168,dam
BELG94-6081753,BELG06-6052150,sire
BELG98-6084085,BELG06-6052150,dam
B1998-6411558,B2003-6366781,sire
B1997-6270268,B2003-6366781,dam
B1994-6582712,B1998-6411558,sire
B1993-6681353,B1998-6411558,dam
B1990-6563347,B1997-6270268,sire
B1991-6685037,B1997-6270268,dam
B90-6237530,B98-6411770,sire
B93-6491935,B98-6411770,dam
NL99-1038346,NL03-1263926,sire
NL00-2118708,NL03-1263926,dam
NL93-9343766,NL99-1038346,sire
NL97-1682128,NL99-1038346,dam
NL97-1682127,NL00-2118708,sire
NL97-1682102,NL00-2118708,dam
B05-6450540,B11-6219388,dam
B1996-2150013,CHN07-05-225890,sire
B1996-2095453,CHN07-05-225890,dam
B1999-2045251,B1996-2150013,dam
B1994-2210208,B1996-2095453,sire
B1993-2053827,B1996-2095453,dam
B04-9134039,B11-9079494,sire
B99-9147135,B04-9134039,dam
B96-6376200,DV04487-01-589,sire
DV0672-93-1046,DV04487-01-589,dam
B04-2117148,DV01436-06-922,sire
B04-5080969,DV01436-06-922,dam
B05-6042155,RO09-1025923,sire
B03-6195314,RO09-1025923,dam
RO08-848195,RO10-2386078,sire
RO08-848274,RO10-2386078,dam
B01-4489665,B2007-4315398,dam
B1986-6616231,B2002-6121590,sire
B1999-6141647,B2002-6121590,dam
B1997-6362086,B2003-6226251,sire
B2002-6121675,B2003-6226251,dam
NL01-2271644,NL11-2002164,sire
NL05-0568771,NL11-2002164,dam
NL00-4083704,NL01-2271644,sire
NL03-0364963,NL05-0568771,sire
NL04-0453305,NL05-0568771,dam
B06-6405232,B13-2188072,sire
B12-6260032,B13-2188072,dam
B12-5022827,B13-5032312,sire
B12-5021899,B13-5032312,dam
NL99-2308215,DV06-08857-1,sire
SK06-0203-1387,SK11-03009-625,sire
CZ06-0214-1731,SK11-03009-625,dam
DV04-7237-0766,SK06-0203-1387,sire
B00-6098253,SK06-0203-1387,dam
B03-2101898,CZ06-0214-1731,sire
B00-3661909,CZ06-0214-1731,dam
NL07-1836010,NL2010-1701309,sire
NL07-1836073,NL2010-1701309,dam
B02-6299000,B11-6133695,sire
NL99-5918273,NL2005-5525642,sire
NL95-5526101,NL99-5918273,sire
NL95-5516098,NL99-5918273,dam
NL1997-2253103,NL2002-2373017,sire
NL1997-2252940,NL2002-2373017,dam
B1998-6035900,B2004-6177627,sire
NL1999-1585440,B2004-6177627,dam
B2004-6177627,NL2007-1129402,dam
NL87-2886086,CHN2004-08-001340,dam
NL87-2886086,NL96-1735751,dam
NL88-8900056,CHN2013-01-912139,sire
NL87-5793822,CHN2013-01-912139,dam
NL87-2886086,CHN2005-08-053933,dam
B93-6491235,NL87-2886086,dam
B95-6523333,B03-6086168,dam
B88-6240603,B95-6523333,sire
B89-6202093,B95-6523333,dam
B95-6246005,B02-6256377,sire
B97-6390083,B02-6256377,dam
BELG1998-3158062,B05-3224545,sire
NL03-0376794,NL06-0736603,sire
NL98-9880970,NL06-0736603,dam
NL99-9962177,NL03-0376794,sire
NL02-0254043,NL03-0376794,dam
NL95-2199819,NL98-9880970,sire
NL97-9782667,NL98-9880970,dam
NL08-2048857,B12-6123209,sire
NL02-2173518,B12-6123209,dam
B02-6113220,B11-6094115,sire
B03-6192536,B11-6094115,dam
B05-6105159,B05-6453224,sire
B05-6040327,B05-6453224,dam
B12-6321471,B15-6073269,sire
B13-6308479,B15-6073269,dam
B94-6323005,B02-6257078,sire
B92-6680611,B03-6033216,sire
B86-6694386,B03-6033216,dam
B98-6161532,B03-6033221,dam
B03-6033216,B12-6323812,sire
B03-6033221,B12-6323812,dam
B03-6033216,B12-6323811,sire
B03-6033221,B12-6323811,dam
B03-6052669,B10-6044370,sire
B07-6207770,B10-6044370,dam
B11-6115021,B12-6315154,sire
B10-6031800,B12-6315154,dam
NL06-1161050,NL07-1905628,sire
NL04-2147026,NL07-1905628,dam
NL01-5162316,NL03-2000774,sire
B04-6105159,B08-6071773,sire
B01-6453477,B08-6071773,dam
B99-3199708,B11-3170552,sire
B07-4361085,B11-3170552,dam
B09-3188087,B13-3160879,dam
BE08-4281576,BE09-4280727,sire
BE08-4281517,BE09-4280727,dam
NL06-2160877,NL11-1821750,dam
NL95-2067230,NL06-2160877,sire
B01-6455067,NL06-2160877,dam
B08-6259264,B09-6326208,sire
B05-6052175,B09-6326208,dam
B03-6460062,B05-6052175,sire
B04-6095573,B05-6052175,dam
NL08-1599753,NL11-1794791,sire
NL10-1748686,NL11-1794791,dam
NL06-0750771,NL10-1762500,sire
NL10-1748686,NL10-1762500,dam
DL02098-02-318,DL09928-08-155,sire
B97-6449984,DL09928-08-155,dam
B07-5008061,B11-5126478,sire
B06-5047014,B11-5126478,dam
NL02-2013035,NL07-1004785,sire
NL98-1738626,NL07-1004785,dam
NL05-4265389,NL09-1592899,sire
NL08-1967446,NL09-1592827,sire
NL04-1308309,NL09-1592827,dam
B99-6296038,B01-6247007,sire
B99-4400224,B01-6247007,dam
B07-2036913,B13-6296832,sire
B08-2016312,B13-6296832,dam
B11-2131260,B13-2140897,sire
B11-2131234,B13-2140897,dam
DV05388-95-649,DV05388-03-492,sire
P95-5268601,P01-1145225,sire
B94-6122663,P01-1145225,dam
B97-6390146,B05-6451159,sire
B02-6280955,B03-6109130,sire
B00-6348744,B03-6109130,dam
B00-3007981,B04-3141977,sire
B03-3195941,B04-3141977,dam
B01-3266542,B03-3003420,sire
B98-2435217,B03-3003420,dam
B99-2005144,B04-2180006,sire
B97-3305966,B04-2180006,dam
B97-2284449,B03-2225390,sire
B95-6515278,B03-2225390,dam
B95-1041951,B07-1167082,sire
B93-1717211,B07-1167082,dam
B03-4316031,B08-3153106,sire
B97-4263028,B08-3153106,dam
NL03-1141300,NL04-2056180,sire
NL99-2366520,NL04-2056180,dam
NL06-2049359,NL09-1025099,sire
NL08-1368163,NL09-1025099,dam
NL02-1434319,NL09-1060410,sire
NL05-1210540,NL09-1060410,dam
NL04-1866937,NL09-1025086,sire
NL03-2235604,NL09-1025086,dam
NL10-2024358,NL12-1929851,sire
NL07-1040223,NL12-1929851,dam
NL07-1040217,NL10-2024329,sire
NL07-1040252,NL10-2024329,dam
NL00-0000000,NL05-1357291,sire
NL00-0000001,NL05-1357291,dam
NL97-1482261,NL05-1363681,sire
B96-6165098,NL05-1363681,dam
NL00-000006,NL04-2022804,sire
NL00-0000008,NL04-2022804,dam
NL04-2022804,NL07-1794136,sire
NL05-1363681,NL07-1794136,dam
NL99-1565497,NL03-1712322,sire
NL99-1576553,NL03-1712322,dam
NL96-135670,NL05-1919536,sire
NL95-2136004,NL05-1919536,dam
NL00-2305907,DV02412-04-0382,sire
NL06-1325884,NL10-1921801,sire
NL06-1329982,NL10-1921801,dam
NL10-1921801,DV02412-13-0472,dam
DV02412-04-0382,DV02412-13-0332,sire
DV06744-09-0130,DV02412-13-0332,dam
B08-5122156,B13-5007821,sire
B09-5161520,B13-5007855,sire
B10-5057262,B13-5007855,dam
B95-5057345,B06-5160293,sire
B98-5104851,B06-5160293,dam
NL96-1032492,NL03-0379327,sire
NL97-9785818,NL03-0379327,dam
NL04-0453910,NL06-4061957,sire
NL03-4118951,NL06-4061957,dam
NL06-0765816,NL07-3749410,sire
NL06-0761966,NL07-3749410,dam
NL06-0761861,NL07-2049597,sire
NL05-0569643,NL07-2049597,dam
NL07-0749426,NL08-4114437,sire
NL04-1045839,NL08-4114437,dam
NL05-1400980,NL06-1073498,sire
NL04-2057638,NL06-1073498,dam
NL03-1496652,NL05-1724925,sire
NL00-2387860,NL05-1724925,dam
NL02-2015433,NL09-1485174,sire
NL02-2015421,NL09-1485174,dam
NL11-3014703,NL13-1298081,sire
NL12-3210086,NL13-1298081,dam
B96-6615170,B2007--6777223,sire
B05-6166398,B2007--6777223,dam
B05-3006764,BE2011-2018427,sire
NL09-1728138,BE2011-2018427,dam
BE2008-4278088,BE2006-3008003,dam
NL1999-9964498,BE2006-3008003,sire
DVO2884-2005-3,BE2006-3008003,dam
B96-6615170,B03-6266155,sire
B2010-2059860,B2015-2142627,sire
B2011-2041694,B2015-2142627,dam
B2010-2059860,B2015-2142628,sire
B2011-2041694,B2015-2142628,dam
NL2012-3222611,NL2015-3516639,dam
DV02412-04-382,DV06744-10-690,sire
DV06744-09-122,DV06744-10-690,dam
B2006-3010242,B2011-5093777,sire
B2009-5154104,B2011-5093777,dam
NL2008-2023546,NL2015-1208230,sire
NL2010-1084756,NL2015-1208230,dam
B2011-5092685,B2011-5097199,sire
B2010-5176573,B2011-5097199,dam
B2008-5084296,B2011-5092696,sire
B2005-5005154,B2011-5092696,dam
NL2013-1468526,NL2015-1042020,sire
NL2012-1858826,NL2015-1042020,dam
NL2006-6413767,NL2015-1208628,sire
NL2008-2023312,NL2015-1208628,dam
NL2010-6224278,NL2015-1208587,sire
NL2012-1053367,NL2015-1208587,dam
B2007-5125996,B2011-5092633,sire
B2004-5141649,B2011-5092633,dam
NL2007-2073635,NL2011-1970236,sire
NL2007-2073779,NL2011-1970236,dam
NL2010-1926535,NL2016-1716541,sire
NL2012-1570493,NL2016-1716541,dam
NL2003-1430090,NL2012-1840869,sire
NL2007-2073779,NL2012-1840869,dam
NL2003-1430090,NL2010-1926532,sire
NL2005-1349770,NL2010-1926532,dam
NL2010-2039941,NL2007-2073628,sire
NL2003-1429906,NL2007-2073628,dam
NL2007-2073793,NL2010-1926595,sire
NL2007-2073718,NL2010-1926595,dam
NL2007-2073793,NL2009-1440104,sire
NL2007-2073616,NL2009-1440104,dam
NL2004-1109667,NL2009-1440181,sire
NL2008-3802950,NL2009-1440181,dam
NL2007-2073339,NL2012-1840862,sire
NL2006-1332769,NL2012-1840862,dam
NL2012-1106912,NL2014-1264207,sire
NL2010-1926540,NL2014-1264207,dam
NL2007-2073338,NL2010-1926506,sire
NL2008-1890866,NL2010-1926506,dam
NL2010-1926568,NL2013-1450704,sire
NL2010-1926557,NL2013-1450704,dam
NL2006-1332900,NL2010-1926557,sire
NL2007-2073326,NL2010-1922961,sire
NL2007-2073601,NL2010-1922961,dam
NL1997-1891548,NL2007-2073601,sire
NL2004-1109675,NL2007-2073601,dam
NL2007-2073709,NL2016-1718076,sire
NL2011-1970256,NL2016-1718076,dam
NL1999-1236969,NL2006-1332900,sire
NL2000-2039859,NL2006-1332900,dam
DV06744-09-118,DV02412-13-339,sire
DV02412-09-441,DV02412-13-339,dam
NL2006-1383999,NL2011-1002812,sire
NL2007-1003101,NL2011-1002812,dam
DV02412-04-382,DV02412-14-1361,sire
DV06744-09-130,DV02412-14-1361,dam
DV02412-04-382,DV02412-09-412,sire
NL2005-1663702,DV02412-09-412,dam
DV06744-06-397,DV06744-07-920,sire
DV06744-06-394,DV06744-07-920,dam
NL2003-1536632,NL2010-1965927,sire
NL2007-1087365,NL2010-1965927,dam
NL2003-1536632,NL2008-1843096,sire
NL2003-1262562,NL2008-1843096,dam
NL2008-1843096,NL2012-1877025,sire
DV06744-08-0403,DV02412-16-8,sire
DV06744-09-123,DV02412-16-8,dam
DV06744-08-0403,DV02412-16-7,sire
DV06744-09-123,DV02412-16-7,dam
B1999-6256039,B2006-6201574,sire
B2001-6475107,B2006-6201574,dam
NL2007-1802258,GB2013-42148,sire
GB2004-76550,GB2013-42148,dam
NL2003-1116459,NL2007-1802258,sire
NL2005-1936663,NL2007-1802258,dam
B2000-6367112,GB2004-76550,sire
NL2001-4743640,GB2004-76550,dam
NL2007-1802258,GB2013-42147,sire
GB2004-76550,GB2013-42147,dam
B2012-6140949,B2017-6148725,sire
B2014-6240098,B2017-6148725,dam
B2012-6141026,B2014-6240103,sire
B2010-6298589,B2014-6240103,dam
B2010-6341112,B2012-6141026,sire
B2008-6339126,B2012-6141026,dam
B2013-6122949,B2015-6285516,sire
B2013-6309936,B2015-6285516,dam
B2010-6341112,B2013-6122949,sire
B2010-6298629,B2013-6122949,dam
B2014-2328168,B2016-6076944,sire
NL2013-6121106,B2016-6076944,dam
B2010-6341112,NL2013-6121106,sire
B2010-6298629,NL2013-6121106,dam
B2012-6320663,B2016-6076863,sire
B2009-6041322,B2016-6076863,dam
B2010-6341113,B2012-6320663,sire
B2010-6298629,B2012-6320663,dam
B2012-6320663,B2015-6093256,sire
B2009-6041322,B2015-6093256,dam
B2012-6320663,B2015-6093222,sire
B2009-6041322,B2015-6093222,dam
NL2010-1968413,B2015-6093385,sire
NL2015-6122919,B2015-6093385,dam
B2010-6341112,NL2015-6122919,sire
B2010-6298629,NL2015-6122919,dam
B2010-6341112,B2011-6238836,sire
B10-6339670,B15-6097746,sire
B08-6065106,B15-6097746,dam
B02-6034121,B15-6097837,sire
B07-6206362,B15-6097837,dam
B11-6103636,B15-6097832,sire
B11-6103563,B15-6097832,dam
B12-6051091,B15-6097769,sire
B11-6103512,B15-6097769,dam
B06-6052165,B15-6097739,sire
B11-6103678,B15-6097739,dam
B07-6206216,B11-6103678,sire
B08-6245020,B11-6103678,dam
B11-6261357,B15-6052191,dam
B10-6166210,B15-6052193,sire
B06-6154634,B105-6052199,sire
B13-6096596,B105-6052199,dam
B10-6166151,B14-6026052,sire
B13-6096664,B14-6026052,dam
B08-6245256,B10-6343188,sire
B07-6110020,B10-6343188,dam
B05-6221271,B15-6052209,sire
B08-6245136,B15-6052209,dam
B08-9044074,B13-9029632,sire
B10-9039051,B13-9029632,dam
B10-4302543,B14-4148085,sire
B08-4356967,B14-4148085,dam
B08-4347712,B12-4232075,sire
B08-4347741,B12-4232075,dam
B05-4126351,B08-4347741,sire
B05-4126057,B08-4347741,dam
B11-4240497,B13-4255537,sire
B12-4185851,B13-4255537,dam
B08-4098105,B13-4255528,sire
B07-4096227,B13-4255528,dam
B08-4092321,B13-4255533,sire
B06-4113363,B13-4255533,dam
B10-4103041,B13-4255534,sire
B07-4096002,B13-4255534,dam
B08-4133213,B10-4049496,sire
B05-4400567,B10-4049496,dam
B03-4316042,B13-4259274,sire
B10-4049419,B13-4259274,dam
B11-4310030,B13-4259279,sire
B05-4400566,B13-4259279,dam
B08-4133232,B11-4310030,sire
B08-4233233,B11-4310030,dam
B11-4310030,B13-4259278,sire
B05-4400566,B13-4259278,dam
B08-4133279,B13-4259269,sire
B12-4062760,B13-4259269,dam
B08-4133279,B13-4259270,sire
B12-4062760,B13-4259270,dam
B04-3104177,B05-4323879,sire
B03-4423894,B05-4323879,dam
B06-6453973,B11-6133653,sire
B96-6490451,B06-6453973,sire
B10-5043087,B13-9029613,sire
B12-9032373,B13-9029613,dam
B08-9044015,B13-9029636,sire
B07-9023172,B13-9029636,dam
B07-9023098,B13-9029599,sire
B07-9023364,B13-9029599,dam
B99-9128113,B07-9023098,sire
F04-264053,B07-9023098,dam
B99-3172131,B07-9023364,sire
B07-9071615,B07-9023364,dam
NL09-1192857,NL12-1635805,sire
NL08-1545445,NL12-1635805,dam
NL05-1400857,NL08-1545445,dam
B08-4070090,B2011-4288277,sire
B10-4007833,B2011-4288277,dam
B08-4200981,B11-4232051,sire
B08-4216026,B11-4232051,dam
B08-4347712,B2012-4215154,sire
B08-4347741,B2012-4215154,dam
B08-4200981,B2011-4232049,sire
B08-4216026,B2011-4232049,dam
B06-4370915,B2011-4232003,sire
B05-4126349,B2011-4232003,dam
B05-4126065,B06-4370915,sire
B05-4126057,B06-4370915,dam
B03-4031418,B05-4126349,sire
B03-4196510,B05-4126349,dam
B07-3201208,B12-3161996,sire
B10-3026078,B12-3161996,dam
B03-3236839,B10-3026078,sire
B2009-3065848,B10-3026078,dam
B2009-3130822,B12-3170053,dam
B2002-3248855,B2009-3130822,sire
B05-3064176,B12-3161997,sire
B2009-3065814,B12-3161997,dam
B03-4239536,B2011-4196362,sire
B07-4084029,B2011-4196362,dam
B96-4533430,B03-4239536,sire
B01-4470488,B03-4239536,dam
B97-4528428,B07-4084029,sire
B00-4523840,B07-4084029,dam
B05-4411111,B2011-4196360,sire
B09-4211505,B2011-4196360,dam
B92-4490676,B05-4411111,sire
B00-4523840,B05-4411111,dam
B06-4143237,B09-4211505,sire
B07-4084168,B09-4211505,dam
B05-4265173,B2011-4196350,sire
B07-4084232,B2011-4196350,dam
B97-4528428,B05-4265173,sire
B04-4368701,B05-4265173,dam
B92-4490676,B07-4084232,sire
NL00-1398682,B08-2108196,sire
NL96-1722231,NL00-1398682,sire
NL99-5963281,NL00-1398682,dam
B04-2291950,B06-2244740,sire
B04-2292005,B06-2244740,dam
B00-2269906,B08-2092960,dam
B06-2068575,B09-2141916,sire
B08-3193875,B09-2141916,dam
B08-6350739,B2011-6133707,sire
B03-6471645,B2011-6133705,sire
B96-6490451,B03-6471645,sire
B03-6471645,B2011-6133704,sire
B01-6263976,B2011-6133700,sire
B93-6681396,B01-6263976,sire
B06-6334205,B2011-6133699,sire
B95-6647246,B06-6334205,sire
B02-6366788,B2011-6133697,sire
B09-6301870,B2011-6133696,sire
B06-4370915,B2008-4070090,sire
B07-3008489,B2008-4070090,dam
B01-4297604,B07-3008489,sire
B06-3002185,B2011-4288282,sire
B08-4216026,B2011-4288282,dam
B07-4216814,B08-4216026,sire
B07-4216855,B08-4216026,dam
B10-4007946,B2011-4288281,sire
B03-4423894,B2011-4288281,dam
B05-4323879,B2011-4232159,sire
B05-4323990,B2011-4232159,dam
B01-4237509,B05-4323990,sire
B02-3228815,B05-4323990,dam
B06-4370915,B2011-4232076,sire
B05-4126349,B2011-4232076,dam
B09-4077202,B2011-4232180,dam
B09-4077202,B2011-4232165,dam
NL03-5308144,NL09-1745182,sire
B03-2152848,NL09-1745182,dam
NL01-1216728,NL03-5308144,sire
B07-3107062,B10-3180848,sire
B04-3035918,B10-3180848,dam
B02-3074206,B07-3107062,sire
B08-3109103,B10-3180842,sire
B05-3105146,B10-3180842,dam
B02-3074206,B05-3105146,sire
B03-3103042,B09-3110149,sire
B03-2168980,B09-3110149,dam
B99-3221110,B03-3103042,sire
B99-3221004,B03-3103042,dam
B99-4534680,B09-2141688,sire
B03-2044303,B09-2141688,dam
B99-3199649,B03-2044303,sire
B99-2017698,B03-2044303,dam
B99-4534680,B09-2132493,sire
B00-4524225,B09-2132493,dam
B94-4578836,B00-4524225,sire
B95-4148211,B00-4524225,dam
B04-6467378,B09-6301917,sire
B02-6298815,B09-6301917,dam
B95-6361522,B04-6467378,sire
B94-6582712,B02-6298815,sire
B00-6452233,B09-6301871,dam
B92-6095425,B00-6452233,sire
B01-1216728,NL09-1745222,sire
B00-4524220,B08-2093514,sire
B00-4524218,B08-2093514,dam
B05-3105085,B09-3110131,sire
B07-309,B09-3110131,dam
B04-3104033,B05-3105085,sire
B02-3056111,B05-3105085,dam
B06-3107134,B09-3110096,sire
B05-3105071,B09-3110096,dam
B98-3145155,B06-3107134,sire
B00-3124098,B06-3107134,dam
B03-3103164,B05-3105071,sire
B03-3103164,B09-3110083,sire
B08-3107024,B09-3110083,dam
B02-3056146,B03-3103164,dam
B03-2170476,B07-2172898,sire
B02-2121795,B07-2172898,dam
B96-2017423,B03-2170476,sire
B96-2017416,B03-2170476,dam
B02-6330678,B06-6208058,sire
B02-6330629,B06-6208058,dam
B97-6474316,B02-6330678,sire
B98-6446047,B02-6330678,dam
B03-3103172,B08-2108383,sire
B05-6085148,B08-2108383,dam
B99-3221110,B03-3103172,sire
B99-3221044,B03-3103172,dam
B01-6493752,B05-6085148,sire
B01-4497683,B07-2185227,sire
B00-4524225,B07-2185227,dam
B94-4438219,B01-4497683,sire
B97-4263008,B01-4497683,dam
B01-4497683,B07-2185202,sire
B03-4290040,B07-2185202,dam
B00-4065903,B03-4290040,sire
B99-4393735,B03-4290040,dam
B03-3023368,B08-3109192,dam
B97-6270450,B08-6350620,sire
B03-6319362,B08-6350620,dam
B91-6680124,B97-6270450,sire
B96-6490451,B03-6319362,sire
B00-6548780,B08-6350682,sire
B04-6467302,B08-6350682,dam
B98-3145096,B03-3233172,sire
B01-3264206,B03-3233172,dam
B95-3166126,B98-3145096,sire
B99-6552454,B08-6350754,sire
B06-6412570,B08-6350754,dam
B02-6299000,B08-6350699,sire
B05-6449650,B08-6350699,dam
B95-6316476,B05-6449650,sire
B99-6185753,B08-6350780,sire
B00-6549676,B08-6350780,dam
B02-6505699,B07-6258757,dam
B94-6582712,B02-6505699,sire
B99-6185697,B07-6258710,sire
B99-6557972,B06-6413544,sire
B01-6523830,B06-6413544,dam
B92-6606146,B99-6557972,sire
B99-6169909,B01-6523830,sire
B04-3104146,B05-2063969,sire
B04-3236856,B05-2063969,dam
NL95-5567947,NL01-1894141,sire
NL02-1644388,NL01-1894141,dam
NL99-4300712,NL02-1644224,sire
B93-4654205,B98-4465452,sire
B97-4583493,B98-4465452,dam
B93-4319999,B02-4147327,sire
B92-4575749,B02-4147327,dam
B87-4569677,B99-4011956,sire
B98-4564967,B99-4011956,dam
B90-4305466,B00-4105508,sire
B92-4575749,B00-4105508,dam
B12-6053174,NL14-1934293,sire
B09-6253817,NL14-1934293,dam
B96-6598538,NL04-1114641,sire
NL99-1254938,NL04-1114641,dam
B93-6440337,B96-6598538,sire
B93-6440401,B96-6598538,dam
NL92-1670798,NL99-1254938,sire
NL94-1863647,NL99-1254938,dam
B00-5160743,NL07-1459147,sire
NL06-1520270,NL07-1459147,dam
NL11-1599911,NL13-5305291,dam
NL02-5255446,NL11-1599911,sire
NL08-2020821,NL11-1599911,dam
NL10-3052860,NL11-1890681,sire
NL10-3052843,NL11-1890681,dam
B09-4139557,NL10-3052843,sire
NL03-1272740,NL10-3052843,dam
NL11-4228486,NL15-1271949,sire
NL13-1704212,NL15-1271949,dam
NL09-4215454,NL11-4228486,sire
NL09-4215430,NL11-4228486,dam
NL12-1128167,NL13-1704212,sire
NL12-1128193,NL13-1704212,dam
NL05-1947755,NL15-4768651,sire
NL10-1122194,NL15-4768651,dam
NL02-2271695,NL05-1947755,sire
NL01-1149489,NL05-1947755,dam
NL09-2084518,NL10-1122194,sire
NL06-4722799,NL10-1122194,dam
NL06-1671793,NL02-1949950,sire
NL94-1863647,NL02-1949950,dam
B96-6598538,NL00-2327400,sire
NL90-1255428,NL00-2327400,dam
B03-4012908,B04-4052618,dam
NL13-1377396,NL17-3750689,sire
B13-6304231,NL17-3750689,dam
NL11-3056127,NL13-1377396,sire
B09-4139485,NL13-1377396,dam
B10-6146323,B13-6304231,sire
B10-6291346,B13-6304231,dam
NL07-1936825,NL14-1035468,sire
NL01-0179465,NL07-1936825,sire
NL10-1552061,NL14-1083018,sire
NL12-1617616,NL14-1083018,dam
NL06-2082972,NL10-1552061,sire
NL04-1899735,NL10-1552061,dam
NL11-1709196,NL12-1617616,sire
NL11-1709190,NL12-1617616,dam
B99-6265178,DV02884-09-462,sire
B89-6727919,B99-6265178,sire
NL13-1377396,NL18-3829902,sire
B13-6304231,NL18-3829902,dam
NL14-1934339,NL15-1110960,sire
NL14-1934318,NL15-1110960,dam
PL0328-06-1969,NL14-1934339,sire
BELG1995-3058504,B03-3240760,dam
B17-6084546,NL18-3829979,sire
B13-6304231,NL18-3829979,dam
B10-6339866,B17-6084546,sire
B17-6084546,NL18-3829978,sire
B13-6304231,NL18-3829978,dam
NL02-1949963,NL04-2244680,sire
NL97-1908675,NL04-2244680,dam
NL92-1670798,NL02-1949963,sire
NL94-1861249,NL02-1949963,dam
NL89-1836402,NL97-1908675,sire
NL93-0053334,NL97-1908675,dam
NL99-1255097,NL06-1671800,sire
NL93-1392560,NL99-1255097,sire
NL95-2726442,NL99-1255097,dam
NL02-1949950,NL05-1671793,sire
NL00-2327400,NL05-1671793,dam
NL93-1392560,NL02-1949950,sire
NL99-1255648,NL02-1950094,sire
NL99-1255049,NL02-1950094,dam
B96-6598538,NL99-1255648,sire
NL91-2718756,NL99-1255648,dam
NL92-1670775,NL99-1255049,sire
NL93-1391186,NL99-1255049,dam
NL04-1308310,NL08-4200191,sire
NL06-1572877,NL08-4200191,dam
NL01-5163045,NL04-1308310,sire
NL99-1497535,NL04-1308310,dam
B04-6177653,NL06-1572877,sire
DV0987-02-590,NL06-1572877,dam
B01-4178925,B07-4378473,sire
B02-4247518,B07-4378473,dam
B99-4393519,B01-4178925,sire
B96-4391958,B01-4178925,dam
B94-4407032,B02-4247518,sire
B98-4184712,B02-4247518,dam
B99-6352940,BE98-6335690,sire
B98-6314427,BE98-6335690,dam
B00-6480508,B06-6034736,sire
B04-6307341,B06-6034736,dam
NL01-5163065,NL08-4200191,dam
NL02-2168409,NL10-1029425,sire
NL01-1045455,NL10-1029425,dam
BE08-6372552,NL12-1284695,sire
BE06-6210279,NL12-1284695,dam
BE01-6455003,BE08-6372552,sire
BE95-6302321,BE08-6372552,dam
BE95-6246005,BE06-6210279,sire
BE97-6466984,BE06-6210279,dam
NL16-1555495,NL17-1306999,sire
NL15-1736942,NL17-1306999,dam
NL12-1653472,NL16-1555495,sire
NL13-1239232,NL16-1555495,dam
NL14-1090697,NL15-1736942,sire
NL14-1090706,NL15-1736942,dam
B17-6259042,B18-6024933,sire
B13-6303238,B18-6024933,dam
B10-6251601,B17-6259042,sire
B12-6228722,B17-6259042,dam
B04-6472084,B13-6303238,sire
B11-6173363,B13-6303238,dam
B15-6090776,B18-6024953,sire
B03-6277483,B15-6090776,sire
B13-6313926,B15-6090776,dam
B15-6090776,B18-6024954,sire
NL15-1210547,PL056-17-581,dam
NL14-1749978,NL15-1210547,sire
NL11-1124630,NL15-1210547,dam
NL07-1704380,NL15-1211111,sire
NL14-1450435,NL15-1211111,dam
NL04-1927328,NL07-1704380,sire
NL06-1631066,NL14-1450435,sire
B13-5024994,B14-2005481,sire
B10-6031733,B13-5024994,sire
B12-6023275,B13-5024994,dam
B15-2300729,B18-4220670,sire
B16-6065083,B18-4220670,dam
B09-5163265,B15-2300729,sire
B13-2006114,B15-2300729,dam
B05-4045392,B16-6065083,sire
B12-4186291,B16-6065083,dam
B13-4050095,B18-4220628,sire
B15-4130314,B18-4220628,dam
B10-4101089,B13-4050095,sire
B11-4081019,B13-4050095,dam
B08-4095126,B15-4130314,sire
B07-4093016,B15-4130314,dam
B12-4186397,B18-4097118,sire
B11-4244281,B18-4097118,dam
B05-4045392,B12-4186397,sire
B05-4045308,B12-4186397,dam
B09-5110454,B11-4244281,sire
B03-4146260,B11-4244281,dam
B14-4279729,B18-4220663,sire
B15-4130265,B18-4220663,dam
B07-4093189,B14-4279729,sire
B10-4101420,B14-4279729,dam
B07-4093179,B15-4130265,sire
B10-4101225,B15-4130265,dam
NL07-1704380,NL15-1211110,sire
NL14-1450435,NL15-1211110,dam
NL16-1330276,NL18-1700702,sire
NL16-1331180,NL18-1700702,dam
NL10-1856406,NL16-1330276,sire
NL15-1502891,NL16-1330276,dam
NL08-1291700,NL16-1331180,sire
NL11-1521612,NL16-1331180,dam
NL05-1234823,NL08-1291700,sire
NL06-1967847,NL08-1291700,dam
NL08-1291712,NL11-1521612,sire
NL05-1243818,NL11-1521612,dam
NL14-1441995,NL16-1523674,sire
NL13-1237320,NL16-1523674,dam
NL11-1470512,NL14-1441995,sire
B12-6326126,NL14-1441995,dam
NL12-1395446,NL13-1237320,sire
NL02-1665312,NL13-1237320,dam
NL07-1844857,NL17-1276009,sire
NL12-1615476,NL17-1276009,dam
NL06-1096451,NL07-1844857,sire
NL03-1166012,NL07-1844857,dam
B11-6238543,NL12-1615476,sire
B11-6238597,NL12-1615476,dam
NL09-2027040,NL18-1100199,sire
NL08-1291700,NL09-2027040,sire
NL08-1291717,NL09-2027040,dam
B01-1525265,B09-1504854,sire
B04-2240272,B09-1504854,dam
B02-4017140,B12-1505601,sire
B05-1508659,B12-1505601,dam
NL16-1523685,NL17-1073524,sire
NL16-1523674,NL17-1073524,dam
NL13-1237283,NL16-1523685,sire
NL11-1740162,NL16-1523685,dam
NL11-1778675,NL18-5132476,sire
NL11-1778522,NL18-5132476,dam
NL99-2411761,NL11-1778675,sire
NL05-1441887,NL11-1778675,dam
NL10-1724739,NL11-1778522,sire
NL10-1724707,NL11-1778522,dam
NL15-1704640,NL16-1331169,sire
NL15-1704655,NL16-1331169,dam
NL11-1740150,NL15-1704640,sire
NL12-1615439,NL15-1704640,dam
NL07-1844896,NL15-1704655,sire
NL11-1740147,NL15-1704655,dam
NL16-1523602,NL18-1100197,sire
NL08-1291724,NL18-1100197,dam
NL14-1057016,NL16-1523602,sire
NL14-1057074,NL16-1523602,dam
NL05-1243806,NL08-1291724,sire
NL05-1243803,NL08-1291724,dam
NL16-1330276,NL17-1073517,sire
NL16-1331180,NL17-1073517,dam
NL08-1291700,NL16-1331188,sire
NL11-1521612,NL16-1331188,dam
NL14-1754821,NL18-1700709,sire
NL16-1331188,NL18-1700709,dam
NL10-1456183,NL14-1754821,sire
NL13-1023581,NL14-1754821,dam
NL14-1089816,NL17-1307099,sire
NL12-1653413,NL17-1307099,dam
NL12-1618929,NL14-1089816,sire
NL11-1740856,NL14-1089816,dam
NL03-1184211,NL12-1653413,sire
NL05-1441887,NL12-1653413,dam
NL17-1276009,NL18-1700711,sire
NL16-1331169,NL18-1700711,dam
NL07-1847627,NL14-1192054,sire
NL11-1764052,NL14-1192054,dam
NL03-1168483,NL07-1847627,sire
BE06-6413730,NL07-1847627,dam
NL07-1847706,NL11-1764052,sire
NL07-1847705,NL11-1764052,dam
NL16-1331159,NL17-1073534,sire
NL16-1331186,NL17-1073534,dam
NL14-1754809,NL16-1331159,sire
NL13-1023621,NL16-1331159,dam
NL09-2027040,NL16-1331186,sire
NL09-2027019,NL16-1331186,dam
NL17-1074019,NL18-1700707,sire
NL17-1096199,NL18-1700707,dam
NL14-1496285,NL17-1074019,sire
NL13-1010529,NL17-1074019,dam
NL15-1518200,NL17-1096199,sire
NL14-1766500,NL17-1096199,dam
B12-6327526,B17-6256158,sire
B10-6052293,B17-6256158,dam
B13-6026001,B17-6025449,sire
B13-6026018,B17-6025449,dam
B06-6270152,B13-6026001,sire
B08-6174628,B13-6026001,dam
B08-6174630,B13-6026018,sire
B06-6270117,B13-6026018,dam
B09-6248231,B16-6032497,sire
B11-6282424,B16-6032497,dam
B01-6387350,B09-6248231,sire
B03-6192523,NL10-1271256,sire
B03-6192747,NL10-1271256,dam
B03-6192564,NL10-1271259,sire
B04-6073803,NL10-1271259,dam
B14-6091825,DV0445-16-282,dam
B09-6293992,B14-6091825,sire
B11-6269997,B14-6091825,dam
B01-1524520,B09-1504854,sire
B04-1520636,B09-1504854,dam
NL13-1629742,NL16-1263981,sire
NL13-1394341,NL16-1263981,dam
NL11-1912599,NL13-1629742,sire
NL09-1375418,NL13-1629742,dam
NL02-5255446,NL13-1394341,sire
NL08-2020821,NL13-1394341,dam
B08-1504875,B11-1501348,sire
B10-1502848,B11-1501348,dam
B02-4017140,B09-1504999,dam
B07-1505409,B09-1504868,sire
B04-1520636,B09-1504868,dam
B09-1504863,B10-1502849,sire
B01-6455003,B08-6368076,sire
B05-6045400,B08-6368076,dam
NL98-1249340,NL07-1817864,sire
NL95-1400550,NL07-1445537,sire
NL95-1941948,NL03-1135475,sire
NL96-2279561,NL00-1975959,sire
B98-2056141,NL06-1099818,sire
NL99-6967929,NL06-1099818,dam
NL97-156008,NL01-1922847,sire
NL98-1249271,NL01-1922847,dam
BE10-6342482,BE13-6150270,sire
BE12-6069574,BE13-6150270,dam
BE08-6139996,BE10-6342482,sire
BE07-6387871,BE10-6342482,dam
BE06-6148378,BE12-6069574,sire
BE02-6219637,BE12-6069574,dam
BE09-6269140,BE12-6123482,sire
BE09-6358200,BE12-6123482,dam
BE06-6148128,BE09-6269140,sire
BE08-6368089,BE09-6269140,dam
BE08-7384258,BE09-6358200,sire
NL08-1577565,NL2010-1718842,sire
NL08-1577562,NL2010-1718842,dam
NL06-1091713,NL08-1577565,sire
NL00-5056164,NL08-1577565,dam
NL06-1091773,NL08-1577562,sire
NL05-1419056,NL08-1577562,dam
NL03-1168484,NL08-1569388,sire
NL07-1818077,NL08-1569388,dam
NL06-1077405,NL08-1548140,sire
NL05-1405017,NL08-1548140,dam
BE12-3162847,NL13-1490882,sire
NL12-1783964,NL13-1490882,dam
BE06-3008003,BE12-3162847,sire
BE00-3195099,BE12-3162847,dam
NL06-1597409,NL12-1783964,sire
NL08-7107591,NL12-1783964,dam
B10-6146101,NL13-1804646,sire
NL09-1833013,NL13-1804646,dam
B06-6148309,NL12-1232933,sire
B05-6045166,NL12-1232933,dam
B2007-6155353,B2009-6086493,sire
B1998-6466725,B2009-6086493,dam
B2005-6386808,B2007-6356059,sire
B2005-6249818,B2007-6356059,dam
NL02-2373002,NL11-1185647,sire
NL99-5971341,NL11-1185647,dam
NL99-2308215,BE11-6282232,sire
NL02-1616137,BE11-6282232,dam
NL06-1071741,NL10-1688197,sire
B05-6045542,NL10-1688197,dam
B05-6045582,NL08-1543328,sire
NL01-1892467,NL08-1543328,dam
NL99-2360369,NL99-2354873,sire
NL95-2261673,NL99-2354873,dam
B03-6192540,B06-6149923,sire
B03-6192557,B06-6149923,dam
B02-6113798,NL08-1100433,sire
B00-6141430,NL08-1100433,dam
BE11-6342117,BE13-4063150,sire
NL10-1864836,BE13-4063150,dam
BE02-6508543,BE11-6342117,sire
BE96-6286052,BE11-6342117,dam
BE95-6246005,NL10-1864836,sire
BE97-6390083,NL10-1864836,dam
BL98-6278036,BEL07-6399031,sire
B98-6589970,BEL07-6399031,dam
BEL92-6162746,BL98-6278036,sire
B86-6320969,BL98-6278036,dam
BEL95-6274320,B98-6589970,sire
B91-6680418,B98-6589970,dam
NL07-1854469,NL2009-1221804,sire
NL08-1098225,NL2009-1221804,dam
NL04-2088643,NL07-1854469,sire
NL00-2187115,NL07-1854469,dam
NL06-1763820,NL08-1098225,sire
NL01-1135600,NL08-1098225,dam
B09-6111574,B10-6031701,sire
B05-6176107,B10-6031701,dam
B00-6551991,B10-6359222,sire
B02-2325795,B10-6359222,dam
B98-6523114,B03-6086143,sire
B98-6523122,B03-6086143,dam
B06-6210298,B08-6338798,sire
B97-6566561,B08-6338798,dam
B04-6073655,NL07-1371407,sire
B03-6192822,NL07-1371407,dam
B07-6367837,NL10-1271264,sire
NL08-1102868,NL10-1271264,dam
B07-6399399,CHN14-08-278600,sire
B98-6160968,B07-6399399,sire
B95-6302321,B07-6399399,dam
B07-6399399,CHN14-08-278599,sire
NL14-1931334,NL18-3829967,sire
NL17-3750686,NL18-3829967,dam
NL06-0761861,NL14-1931334,sire
NL05-0526031,NL14-1931334,dam
NL10-3052860,NL17-3750686,sire
NL12-1762878,NL17-3750686,dam
NL17-3750688,NL18-3829991,sire
B13-6313919,NL18-3829991,dam
NL13-1377396,NL17-3750688,sire
B13-6304231,NL17-3750688,dam
B10-6358364,B13-6313919,sire
B10-6291386,B13-6313919,dam
B04-6293191,BELG2011-6219339,sire
B06-6056065,BELG2011-6219339,dam
B94-6261210,B04-6293191,sire
B90-6306701,B04-6293191,dam
B95-6274330,B06-6056065,dam
B95-6274376,NL2005-5539824,sire
NL2003-2317635,NL2005-5539824,dam
B89-6699714,B95-6274376,sire
B81-6116665,B95-6274376,dam
NL94-2775777,NL2003-2317635,sire
NL89-1051437,NL2003-2317635,dam
NL05-1511645,NL2010-1660231,sire
NL08-1548706,NL2010-1660231,dam
NL06-2082999,NL05-1511645,sire
NL04-2019866,NL05-1511645,dam
NL05-2207884,NL08-1548706,sire
NL05-5534870,NL08-1548706,dam
B08-6369093,BELG2017-2155561,sire
B13-6313796,BELG2017-2155561,dam
B07-6033129,B13-6313796,sire
DV08071-02-52,NL05-1511645,sire
DV1073-99-75,NL08-1548706,sire
BELG96-119,NL08-1548706,dam
B96-6404318,B08-6369093,dam
B08-6259169,B13-6313796,dam
B01-2137150,BELG2008-2234342,sire
B03-6277483,B10-6252635,sire
B07-6022411,B10-6252635,dam
B98-6216290,B07-6022411,sire
B02-6315014,B07-6022411,dam
BELG06-2082300,BELE2008-2234306,sire
B94-2061350,BELG06-2082300,sire
B01-3076096,BELG06-2082300,dam
B05-2143027,BELG2008-2234356,sire
B98-2061410,B05-2143027,sire
B99-2036005,B05-2143027,dam
BELG2008-2234304,B06-2082123,sire
B06-2082123,BELG2008-2234326,sire
B06-2082098,BELG2008-2234334,sire
B92-2198165,B06-2082098,sire
B98-6084339,B06-2082098,dam
B01-2137150,BELG2008-2234304,sire
B94-6214211,B04-6468550,sire
B98-6210407,B04-6468550,dam
B87-2297197,B98-6210407,dam
DV05591-87-828,DV03236-98-603,sire
DV05591-88-19,DV03236-98-603,dam
B97-6165725,B08-6371229,sire
B04-6277729,B08-6371229,dam
B2003-6266155,B2005-6448042,dam
B94-6214211,B2003-6266155,sire
B00-6156138,B11-6265322,sire
B03-6266462,B11-6265322,dam
B00-6156141,B03-6266462,dam
B02-6091418,B05-6166487,dam
B01-6255055,B02-6091418,sire
B86-6271103,B2001-6253882,sire
B98-6312911,B2001-6253882,dam
B82-6380170,B86-6271103,sire
B97-6217464,B98-6312911,sire
B92-6308540,B98-6312911,dam
B00-6156146,B06-6188406,dam
B06-6267074,B10-6038131,sire
B05-6448107,B10-6038131,dam
B94-1621421,B06-6267074,sire
B98-6594049,B06-6267074,dam
B06-6267074,B08-6314857,sire
B09-6222652,B10-6038124,sire
B99-6143668,B09-6222652,sire
B04-6277729,B09-6222652,dam
B04-6276418,B10-6038295,dam
B01-6255233,BELG2005-6060382,sire
B03-6485942,BELG2005-6060382,dam
B06-6267294,B11-6332727,sire
B05-6166279,B11-6332727,dam
B99-6143595,B06-6267294,sire
B98-6210293,B06-6267294,dam
B96-3121904,B05-6166279,dam
B10-6024437,B11-6141639,sire
B09-6216471,B11-6141698,dam
B09-6216474,B11-6329492,sire
B04-6246952,B11-6329492,dam
B09-6216422,B11-6141608,sire
B06-636310962,B11-6141608,dam
B03-4196224,B11-3002098,dam
B09-4080804,B10-4324832,sire
B10-6251654,B13-6309490,sire
B10-6251583,B13-6309490,dam
B99-6544240,B10-6251654,dam
B09-6248476,B15-6300345,sire
B2007-6403737,B09-6248476,dam
B11-6282252,B12-6196082,dam
B01-6387174,B11-6282252,sire
B09-6248530,B11-6282252,dam
B13-6026112,B15-6300338,sire
B12-6196562,B15-6300338,dam
B08-6174630,B13-6026112,sire
B06-6270117,B13-6026112,dam
B08-6174630,B12-6196562,sire
B11-6282549,B12-6196562,dam
B09-6248530,B11-6282673,dam
B12-6196308,B15-6287090,sire
B12-6196336,B15-6287090,dam
B10-6052551,B12-6196308,sire
B08-6174630,B12-6196336,sire
B06-6270117,B12-6196336,dam
B00-2352696,BELG2007-2055267,sire
B91-2100163,B00-2352696,sire
B94-6214450,B10-6038123,sire
B08-6314507,B10-6038123,dam
B82-6380170,B94-6214450,sire
B96-6307261,B94-6214450,dam
B01-6255015,B08-6314507,sire
B02-6091489,B08-6314507,dam
B09-6222624,B14-6085298,sire
B12-6325638,B14-6085298,dam
B04-6276330,B09-6222624,sire
B02-6509064,B09-6222624,dam
B06-6267022,B12-6325638,sire
B11-6265585,B12-6325638,dam
B08-6316297,B11-6325608,sire
B08-6316092,B11-6325608,dam
B86-6271103,B08-6316297,sire
B06-6268025,B08-6316297,dam
B00-6155746,B08-6316092,sire
B02-6092535,B08-6316092,dam
B05-9011074,B11-3172131,sire
B08-30088612004,B11-3172131,dam
B96-3221608,B05-9011074,sire
B99-3199530,B05-9011074,dam
B01-3214932,B08-30088612004,sire
B00-3100967,B08-30088612004,dam
B10-5011807,B2014-2327132,sire
B08-5169578,B2014-2327132,dam
B06-5113765,B10-5011807,sire
B04-5174902,B08-5169578,sire
B09-1000289,B11-1007874,sire
B02-5128617,B11-1007874,dam
B08-1000495,B09-1000289,sire
B07-1003465,B09-1000289,dam
B92-5106212,B02-5128617,sire
B97-5019245,B02-5128617,dam
NL05-1755342,B11-1045652,sire
B07-1003406,B11-1045652,dam
NL01-2323630,NL05-1755342,sire
NL03-1556381,NL05-1755342,dam
NL05-1755350,B07-1003406,sire
NL05-1755344,B07-1003406,dam
NL04-2169889,NL06-1078336,sire
NL2005-1405217,NL06-1078336,dam
B07-6076174,B12-6325613,dam
B03-6266374,B12-6306392,sire
B07-6076502,B12-6306392,dam
B98-6210287,B03-6266374,sire
B98-6210293,B03-6266374,dam
B98-6210169,B07-6076502,sire
B05-6448135,B07-6076502,dam
B08-6174626,B12-6196465,sire
B10-6052442,B12-6196465,dam
B10-6357900,B12-6048839,sire
B07-6220366,B12-6048839,dam
B99-6558377,B12-6048839,sire
B98-6351321,B12-6048839,dam
CHN10-01-852861,CHN11-03-888859,sire
B04-6293191,B11-6219366,sire
BE02-6477821,B11-6219366,dam
NL94-2775777,NL03-2317655,sire
NL89-1051437,NL03-2317655,dam
B96-6307216,B03-6266193,dam
B00-6156432,B10-6038389,sire
B06-6276274,B10-6038389,dam
B05-3006558,B11-3170517,dam
B00-3076246,B2010-3182890,sire
B02-3003886,B10-2216070,sire
BE07-3008428,B10-2216070,dam
B98-3158062,B02-3003886,sire
B1998-6396501,B02-3003886,dam
BELG1994-6495178,BE07-3008428,sire
BELG1993-6383612,BE07-3008428,dam
B92-3138647,B01-3076087,sire
B95-3336674,B01-3076087,dam
B01-6513850,B05-5201296,sire
B04-5174971,B05-5201296,dam
B10-6342773,NL14-1934411,sire
B12-6053173,NL14-1934411,dam
B03-6460062,B10-6342773,sire
B03-6483327,B10-6342773,dam
B10-6342773,NL14-1934412,sire
B12-6053173,NL14-1934412,dam
BE00-3195099,B2006-3008220,dam
BELG1988-3206112,B2009-3188080,sire
BELG2001-3031005,B2009-3188080,dam
B07-3141627,B09-3185126,sire
B06-3208687,B09-3185126,dam
B04-3099082,B09-3185135,sire
B04-3099034,B09-3185135,dam
B95-3263118,B04-3099034,sire
B01-3076022,B04-3099034,dam
B97-3221726,B02-3026083,sire
B01-5241982,B02-3026083,dam
B99-3020097,B01-3076129,sire
B96-3199724,B01-3076129,dam
B99-3151680,NL04-2062161,sire
NL01-5150294,NL04-2062161,dam
B02-3025837,NL07-1847799,sire
B03-6192766,NL07-1847799,dam
B1990-6237584,B2004-6231823,sire
B2002-6121948,B2004-6231823,dam
B1990-6237584,B2002-6121784,sire
B1999-6151735,B2002-6121784,dam
B1990-2553359,B1999-6214966,sire
B1994-2061091,B1999-6214966,dam
B1983-2350020,B2003-6484360,sire
B1986-6656627,B2003-6484360,dam
T11-8880962,T2013-111028,dam
B93-6440331,B97-6330121B04-6293197,sire
B95-6274349,B97-6330121B04-6293197,dam
B89-6150123,B93-6440331,sire
B91-6680418,B93-6440331,dam
B94-6261205,B95-6274349,sire
B94-6261231,B95-6274349,dam
B90-6306731,T01-024678T06-632335,sire
B89-2020786,T01-024678T06-632335,dam
B84-6685755,B90-6306731,sire
B84-6160994,B90-6306731,dam
B85-2566525,B89-2020786,sire
B85-2555883,B89-2020786,dam
T96-19441,T04-17980T06-226693,sire
T09-260289,T04-17980T06-226693,dam
T94-003227,T09-260289,sire
T94-290097,T09-260289,dam
T96-19441,T04-32298T10-07732,sire
T09-260289,T04-32298T10-07732,dam
C02-334858,T11-153090T12-130197,sire
C02-298283,T11-153090T12-130197,dam
T99-294338,C02-334858,sire
T99-532613,C02-334858,dam
T01-17639,C02-298283,sire
T99-001940,C02-298283,dam
C02-334858,T10-09110T11-8880962,sire
C02-298283,T10-09110T11-8880962,dam
T10-09110,T13-111028T07-85794,sire
T11-8880962,T13-111028T07-85794,dam
C02-334858,T10-09110,sire
C02-298283,T10-09110,dam
T04-17980,T11-8880962,sire
T04-00942,T11-8880962,dam
C03-1352039,T09-204970T07-537651,sire
B96-6621641,T09-204970T07-537651,dam
B96-6598546,C03-1352039,dam
B92-6162746,B96-6621641,sire
B91-6227456,B96-6621641,dam
C03-1352039,T08-659111T06-740517,sire
B96-6621641,T08-659111T06-740517,dam
C03-1352039,B96-6621641,sire
T06-48712,T07-850846T06-087294,sire
T99-532613,T07-850846T06-087294,dam
C04-653493,T06-48712,sire
T04-726650,T06-48712,dam
T96-260289,T99-532613,dam
T99-000915,T06-740596T09-888126,sire
T99-02186,T06-740596T09-888126,dam
T88-35895,T99-000915,sire
T90-0247719,T99-000915,dam
T93-175191,T99-02186,sire
T92-195227,T99-02186,dam
B97-6436271,T06-48957T06-48969,sire
T01-65692,T06-48957T06-48969,dam
T88-35895,B97-6436271,sire
T90-0247719,B97-6436271,dam
T99-033140,T01-65692,sire
T97-366463,T01-65692,dam
T04-28892,T09-333111T08-921701,sire
T06-48740,T09-333111T08-921701,dam
T98-090031,T04-28892,sire
T01-30645,T04-28892,dam
T92-115405,T06-48740,sire
C03-1352039,T07-035445T06-48710,sire
B96-6621641,T07-035445T06-48710,dam
T96-19441,C03-1352039,sire
T07-035445,T11-555098T11-6660344,sire
T06-48710,T11-555098T11-6660344,dam
B97-6604291,T07-035445,sire
B96-6598546,T07-035445,dam
C03-1352039,T06-48710,sire
B96-6621641,T06-48710,dam
T09-888430,T13-111543T09-123548,sire
T09-666257,T13-111543T09-123548,dam
T06-71210,T09-888430,sire
T04-06720,T09-888430,dam
T04-17980,T09-666257,sire
T04-00942,T09-666257,dam
T07-035445,T11-558088T12-130704,sire
T06-48710,T11-558088T12-130704,dam
T04-00943,K05-128344T07-85712,sire
ML02-2347806,K05-128344T07-85712,dam
B97-6604291,T04-00943,sire
B96-6598546,T04-00943,dam
B92-6162746,ML02-2347806,sire
ML98-2446230,ML02-2347806,dam
T03-1352102,T06-71210T08-721502,sire
T99-532613,T06-71210T08-721502,dam
ML01-1618973,T03-1352102,sire
T06-71210,T09-888430T09-666257,sire
T04-00942,T09-888430T09-666257,dam
T99-294338,T04-00942,sire
T99-532613,T04-00942,dam
B97-6330121,T04-726695T10-02965,sire
B04-6293197,T04-726695T10-02965,dam
B92-6162746,B97-6330121,sire
B91-6227456,B97-6330121,dam
B93-6440331,B04-6293197,sire
B95-6274349,B04-6293197,dam
B97-6330121,T04-06770T06-48769,sire
T99-443374,T04-06770T06-48769,dam
T96-723366,T99-443374,sire
T95-564789,T99-443374,dam
T04-06770,T06-740512T07-85787,sire
T06-48708,T06-740512T07-85787,dam
B97-6330121,T04-06770,sire
T99-443374,T04-06770,dam
B97-6436271,T06-48708,sire
T01-65692,T06-48708,dam
B97-6330121,T06-71536T07-447535,sire
B04-6293197,T06-71536T07-447535,dam
T06-740521,T07-59777C06-298848,sire
T05-128587,T07-59777C06-298848,dam
T04-726695,T06-740521,sire
T05-207740,T06-740521,dam
B97-6604291,T05-128587,sire
B96-6598546,T05-128587,dam
C03-1352039,T06-087135T06-70482,sire
B96-6621641,T06-087135T06-70482,dam
T06-087135,T07-035443T08-919697,sire
B04-6293197,T07-035443T08-919697,dam
C03-1352039,T06-087135,sire
B96-6621641,T06-087135,dam
T06-71619,T10-05727T10-06986,sire
T07-787428,T10-05727T10-06986,dam
T03-661978,T06-71619,sire
B04-6293197,T06-71619,dam
T06-71669,T07-787428,sire
T06-209076,T07-787428,dam
B97-6213430,B06-6360083T06-289166,sire
T00-439453,B06-6360083T06-289166,dam
B97-6436271,B97-6213430,sire
T01-65692,B97-6213430,dam
B97-6330121,T00-439453,sire
B01-6503742,T00-439453,dam
B00-6460908,B05-6446704T10-232666,sire
B04-6105645,B05-6446704T10-232666,dam
B96-6541228,B00-6460908,sire
B95-6302327,B00-6460908,dam
B03-6032807,B04-6105645,sire
B05-6446704,T11-777910T13-678175,sire
T10-232666,T11-777910T13-678175,dam
T07-035445,B05-6446704,sire
B04-6105645,B05-6446704,dam
B97-6604291,T10-232666,sire
B04-6293197,T10-232666,dam
NL98-9835817,T06-632336T08-659130,sire
T06-632335,T06-632336T08-659130,dam
NL92-9207628,NL98-9835817,sire
NL94-7070532,NL98-9835817,dam
NL98-9835817,T06-632335,sire
T06-632336,T10-238786T08-721731,sire
T08-659130,T10-238786T08-721731,dam
NL98-9835817,T06-632336,sire
B89-2020786,T06-632336,dam
T01-024678,T08-659130,sire
T06-632335,T08-659130,dam
T06-632336,T09-123954T13-135556,sire
T08-659130,T09-123954T13-135556,dam
T01-024678,T11-8880333T13-157534,sire
T06-632335,T11-8880333T13-157534,dam
NL98-9835817,T01-024678,sire
B89-2020786,T01-024678,dam
T01-024678,T08-721732T13-111993,sire
T06-632335,T08-721732T13-111993,dam
T06-632336,T01-024678,sire
B97-6213430,B06-6360083,sire
B03-6033216,BELG2010-6200552,sire
B01-2137150,BELG2010-2045319,sire
BE08-6259037,BELG2012-6042367,sire
BE07-6229097,BELG2012-6042367,dam
BE02-6354241,BE07-6229097,sire
BE08-6259037,BELG2012-6042366,sire
BE07-6229097,BELG2012-6042366,dam
BEL02-5051207,BELG2010-5031684,dam
B13-3148691,NL15-1545751,sire
B14-3150599,NL15-1545751,dam
NL95-278,NL00-2283553,sire
B08-2040296,B09-2054184,sire
B04-5174902,B08-2040296,sire
GFL600-2010,CHN2011-928699,sire
GFL108-2010,CHN2011-928699,dam
NL01-1434362,NL02-5234901,sire
NL02-1908348,NL02-5234901,dam
NL97-1095399,NL01-1434362,sire
NL98-2245704110,NL01-1434362,dam
NL97-144935111,NL02-1908348,sire
NL99-4300532,NL02-1908348,dam
B98-6339887,B04-4424698,sire
B00-4423432,B04-4424698,dam
B98-6339887,B04-4424702,sire
B00-6323426,B04-4424702,dam
B03-6323444,B04-4349122,sire
B03-4426403,B04-4349122,dam
B04-4424698,CHN01-01-125445,sire
CHN05-217048,CHN01-01-125445,dam
B98-6339817,B04-4424698,sire
B04-4424698,CHN07-01-028459,sire
CHN05-217048,CHN07-01-028459,dam
B04-5231210,B05-5024275,sire
B04-5006060,B05-5024275,dam
B01-6213118,B04-5231210,sire
B00-2168778,B04-5231210,dam
B97-6499247,B04-5006060,sire
B97-6499255,B04-5006060,dam
B03-6454915,B06-5062534,sire
B03-5063300,B06-5062534,dam
B96-6183096,B03-6454915,sire
B01-6217661,B03-6454915,dam
B01-6213118,B03-5063300,sire
B95-6222434,B03-5063300,dam
B98-6511773,B02-6268078,sire
B00-6426014,B02-6268078,dam
B2004-4424698,CHN2010-666669,sire
B2004-4349122,CHN2010-666669,dam
NL03-1982146,NL07-1513679,sire
NL03-2083534,NL07-1513679,dam
B03-6266193,B11-6265149,sire
B04-6468526,B11-6265149,dam
B11-6265152,B12-6236438,sire
BELG02-3003873,CHN2009-001040,sire
CHN07-000538,CHN2009-001040,dam
BELG1992-3233008,BELG02-3003873,sire
BELG1993-3354340,BELG02-3003873,dam
BELG1981-3238253,CHN07-000538,sire
BELG1987-3008002,CHN07-000538,dam
CHN02-035405,CHN2010-002132,sire
C03-055592,CHN2010-002132,dam
BELG1998-5821415,C03-055592,sire
NL1997-2253038,C03-055592,dam
NL98-1933559,CHN2012-03-507612,sire
NL06-1597645,CHN2012-03-507612,dam
B90-3119128,NL06-1597645,sire
NL10-1109892,CHN2012-03-507397,sire
B02-3003710,B05-3006782,dam
B97-4585311,B02-3003710,sire
B99-3098801,B02-3003710,dam
B06-3008217,CHN2012-03-507389,dam
B04-5006079,B05-5024227,sire
B04-5006031,B05-5024227,dam
B01-6213118,B04-5006031,sire
B00-2168778,B04-5006031,dam
B04-5231210,B2005-5024230,sire
B04-5006060,B2005-5024230,dam
B03-5063336,B06-5010034,sire
B04-5006050,B06-5010034,dam
B99-6366883,B03-5063336,sire
B96-6183096,B04-5006050,sire
B01-6517661,B04-5006050,dam
B02-6268029,B05-5024279,sire
B02-6268081,B05-5024279,dam
B97-6499247,B02-6268029,sire
B01-6213118,B02-6268081,sire
B00-2168778,B02-6268081,dam
NL02-1644370,HUN2003-02-81498,dam
B00-6178839,B06-4372407,sire
B97-6162340,B00-6178839,sire
B97-6162118,B00-6178839,dam
B02-2060750,B10-2198009,sire
B04-2292962,B10-2198009,dam
D03661-94-100,B02-2060750,sire
B94-5328517,B02-2060750,dam
B98-2425539,B04-2292962,sire
B94-5328517,B04-2292962,dam
CHN2008-186158,CHN2010-438633,dam
B04-2018524,B10-2197942,dam
B96-6515027,B04-2018524,sire
B92-2488909,B04-2018524,dam
B02-2326424,B10-2197941,sire
B04-2018524,B10-2197941,dam
B05-2046441,B10-2197919,sire
B08-2232739,B10-2197902,sire
B05-2046702,B10-2197902,dam
B96-6515027,B08-2232739,sire
B05-2046758,B08-2232739,dam
B96-6515027,B05-2046702,sire
NL00-0077737,NL05-5531810,sire
NL04-0233834,NL05-5531810,dam
NL00-0040381,NL04-0233834,sire
NL00-0077729,NL04-0233834,dam
NL03-2324466,DV07-07364-478,sire
NL00-1211006,DV07-07364-478,dam
NL03-1912716,NL05-2103442,sire
NL04-1559105,NL05-2103442,dam
B96-2443450,DV05-07237-1084,sire
DV99-07237-2202,DV05-07237-1084,dam
B04-5179222,B05-5015677,sire
NL01-0179448,NL05-5531821,sire
NL04-0452316,NL05-5531821,dam
NL95-9545408,NL04-0452316,sire
NL94-9453553,NL04-0452316,dam
B98-6339888,T05-007006,sire
B01-4323439,B04-4349102,sire
B03-4423411,B04-4349102,dam
B03-4423420,B04-4349178,sire
B03-4423451,B04-4349178,dam
B01-6135021,B03-4423420,sire
B99-6187545,B03-4423420,dam
B99-4365079,AU04-2896,sire
NL98-1554716,AU04-2896,dam
B99-4365079,AU04-3036,sire
NL98-1554716,AU04-3036,dam
NL96-9638356,AU00-GFT-56,sire
NL96-9638356,NL96-9638,sire
NL93-9323197,AU99-GFL-459,sire
GFL95-136,AU99-GFL-459,dam
NL93-9323197,GFL99-459,sire
GFL95-136,GFL99-459,dam
AU02-2586,CHN05-01-217791,sire
BELG03-2310947,DV2011-07454-54,dam
BELG91-6371155,BELG03-2310947,sire
BELG96-2443353,BELG03-2310947,dam
CHN2014-01-000040,CHN2015-01-0058687,sire
DV06-1159,DV08288-11-792,sire
DV02-761,DV06-1159,sire
DV02-705,DV06-1159,dam
DV09-402,DV08022-11-1484,sire
DV07-305,DV08022-11-1484,dam
DV01-68,DV09-402,sire
DV08-78,DV09-402,dam
BELG06-4340482,DV07-305,sire
DV05-193,DV07-305,dam
DV07-1413,DV6628-11-0979,sire
DV09-128,DV6628-11-0979,dam
DV04-302,DV07-1413,sire
NL06-1587660,DV07-1413,dam
DV07-832,DV09-128,sire
DV07-708,DV09-128,dam
