{
  "epoch": 31,
  "probe_recall_at_1": 0.18685121107266436,
  "compare": {
    "accuracy": 0.5743001686340641,
    "balanced_accuracy": 0.5743001686340641,
    "auc": 0.604618443959744,
    "eer": 0.4330860033726813,
    "threshold": 1.3433845879984836
  },
  "search": {
    "recall_at_1": 0.26519607843137255,
    "recall_at_5": 0.4343137254901961,
    "recall_at_10": 0.5186274509803922,
    "mAP": 0.1424026756781053
  }
}