{
  "epoch": 29,
  "compare": {
    "accuracy": 0.6593428345209817,
    "balanced_accuracy": 0.6593428345209817,
    "auc": 0.6964643714866575,
    "eer": 0.3721298495645289,
    "threshold": 1.2534855505999396
  },
  "search": {
    "recall_at_1": 0.3321456848772763,
    "recall_at_5": 0.5182106096595408,
    "recall_at_10": 0.599366587490103,
    "mAP": 0.15312413434678937
  }
}