{
  "epoch": 45,
  "probe_recall_at_1": 0.2528301886792453,
  "compare": {
    "accuracy": 0.5711207519884309,
    "balanced_accuracy": 0.5711207519884309,
    "auc": 0.5922313852382692,
    "eer": 0.44297903109182935,
    "threshold": 1.2951293636770809
  },
  "search": {
    "recall_at_1": 0.2548856548856549,
    "recall_at_5": 0.4307692307692308,
    "recall_at_10": 0.5101871101871102,
    "mAP": 0.14213024136752322
  }
}